step,time_s,cycle_period_s,cycle_work_s,state_read_s,state_age_s,controller_step_s,publish_s,sleep_s,command_step_norm_rad,command_step_max_abs_rad,command_velocity_norm_rad_s,command_accel_norm_rad_s2,feedback_velocity_norm_rad_s,tcp_pose_used,tcp_pose_age_s,tcp_fk_error_norm_m,deadline_miss,period_overrun
0,0.0,nan,0.0018715050000537303,6.641999789280817e-06,0.0006188289999045082,0.0013876579996576766,5.397099994297605e-05,0.00323022900010983,0.0,0.0,0.0,0.0,0.0,False,nan,nan,False,False
1,0.005,0.005174470000383735,0.0013947719999123365,5.5300006351899356e-06,0.00022824699954071548,0.0010119239996129181,4.788899968843907e-05,0.0035294599992994335,4.919644543444826e-05,3.382532463591659e-05,0.009839289086889651,1.9678578173779302,0.0,False,nan,nan,False,False
2,0.01,0.0049886919996424695,0.0015301260000342154,5.259999852569308e-06,0.000796341999375727,0.0011322399996060994,5.2368000069691334e-05,0.003409635000025446,4.006930325193238e-05,2.7681884185115635e-05,0.008013860650386475,0.36545737526454536,0.0,False,nan,nan,False,False
3,0.015,0.0050079180000466295,0.0013209939997977926,5.6500002756365575e-06,0.0002239699997517164,0.0009533149996059365,4.686800002673408e-05,0.003607315000408562,3.371475424795159e-05,2.3302297004645922e-05,0.006742950849590318,0.2568632608734133,0.0,False,nan,nan,False,False
4,0.02,0.004995334999875922,0.0015538200004812097,5.8610003179637715e-06,0.0007028459995126468,0.0011536700003489386,5.824900017614709e-05,0.00339576899932581,2.417492210106624e-05,1.5827618272457045e-05,0.0048349844202132475,0.4274238655949409,0.0,False,nan,nan,False,False
5,0.025,0.005018888000449806,0.0014717559997734497,5.5499995141872205e-06,0.0019061689999944065,0.0011006909999196068,5.550400055653881e-05,0.0034407839993946254,1.605844383951425e-05,1.3421978358404063e-05,0.00321168876790285,1.1358244217445241,0.0,False,nan,nan,False,False
6,0.03,0.004976619999979448,0.0014110619995335583,5.008999323763419e-06,0.0007655939998585382,0.0010199700000157463,4.3602000005193986e-05,0.003527195000060601,1.4503630976661897e-05,1.1022107886591652e-05,0.00290072619533238,0.1341568236207974,0.0,False,nan,nan,False,False
7,0.035,0.0050033589996019145,0.0012863989995821612,5.050000254414044e-06,0.0002173670000047423,0.0009345899998152163,4.37319995398866e-05,0.003647832000751805,2.1297700250682526e-05,1.4494410754961606e-05,0.004259540050136504,0.675781636990905,0.0,False,nan,nan,False,False
8,0.04,0.004997799999728159,0.0014514880003844155,4.80900052934885e-06,0.000785371000347368,0.0010872560005736887,4.417299987835577e-05,0.0034969580001416034,7.598649759707873e-06,5.575406355784029e-06,0.0015197299519415744,0.7467997120258029,0.0,False,nan,nan,False,False
9,0.045,0.005012094999983674,0.0012860790002378053,5.019000127504114e-06,0.0002265840003019548,0.0009360229996673297,4.3541000195546076e-05,0.003634675999819592,2.1754944516163407e-05,1.4006230405927411e-05,0.0043509889032326814,0.8186744159932375,0.0,False,nan,nan,False,False
10,0.05,0.004987180000171065,0.001446588999897358,5.339999916031957e-06,0.0006810349996158038,0.001087956999981543,4.519499998423271e-05,0.00350922100005846,1.588802949984722e-05,1.0501246684002652e-05,0.003177605899969444,0.2582941137000865,0.0,False,nan,nan,False,False
11,0.055,0.0050226049997945665,0.0012827230002585566,5.060000148660038e-06,0.00023828599933040095,0.0009317349995399127,4.417299987835577e-05,0.0036563060002663406,2.9661721069098066e-05,2.1026983170857605e-05,0.005932344213819613,0.63111234551907,0.0,False,nan,nan,False,False
12,0.06,0.005052011000771017,0.0015660330000173417,7.3640003392938524e-06,0.0008476570001221262,0.0011591100001169252,4.942299983667908e-05,0.0032987569993565558,2.7234454345862444e-05,1.8612007558038712e-05,0.005446890869172489,0.2541556192110333,0.0,False,nan,nan,False,False
13,0.065,0.004930582999804756,0.0013003859994569211,5.259999852569308e-06,0.00022297699979390018,0.0009364240004288149,4.554600036499323e-05,0.0036350370000945986,1.6160610380854402e-05,1.10060903517617e-05,0.0032321220761708804,0.46723706799870035,0.0,False,nan,nan,False,False
14,0.07,0.0049997930000245105,0.0029295959993760334,5.561000762099866e-06,0.0007816130000719568,0.0018774760001178947,6.821700026193867e-05,0.0020153840005150414,2.6057279961627728e-05,1.7937370317966383e-05,0.005211455992325546,0.40097279289052173,0.0,False,nan,nan,False,False
15,0.075,0.0050302399995416636,0.0015025040002001333,7.012999958533328e-06,0.00025143100083369063,0.001084401000298385,6.938000024092617e-05,0.003416698000364704,1.7261244383968336e-05,1.1774062450342626e-05,0.003452248876793667,0.3523636058383586,0.0,False,nan,nan,False,False
16,0.08,0.004985616000340087,0.0014897800001563155,4.948999958287459e-06,0.0007986959999470855,0.0011069029997088364,6.297799973253859e-05,0.0034298929995202343,3.401306070560262e-05,2.361036064213451e-05,0.006802612141120524,0.7435733711305628,0.0,False,nan,nan,False,False
17,0.085,0.004986508000001777,0.0013345199995455914,5.34999981027795e-06,0.00022747599996364443,0.0009529750004730886,4.5916000090073794e-05,0.003598938999857637,2.236111953345824e-05,1.566756406234937e-05,0.004472223906691649,0.4711443631613321,1.5725343871508812e-07,False,nan,nan,False,False
18,0.09,0.005000754999855417,0.0015165300001172,5.070000042906031e-06,0.0007809219996488537,0.0011216299999432522,8.205399990401929e-05,0.003419032000238076,2.468467016586637e-05,1.753256324876773e-05,0.004936934033173274,0.38192530537525055,1.460483074538707e-13,False,nan,nan,False,False
19,0.095,0.0050043210003423155,0.0013031210000917781,5.501000487129204e-06,0.00023358799990091939,0.0009395899996889057,5.7667999499244615e-05,0.0036202489991410403,2.388394983909957e-05,1.7219855935390882e-05,0.004776789967819914,0.12815426881650294,1.3902538706103268e-17,False,nan,nan,False,False
20,0.1,0.0049912169997696765,0.0015044270003272686,5.249999958323315e-06,0.0007902900006229174,0.001110480000534153,6.494199988082983e-05,0.0034295229997951537,2.6714545526572787e-05,1.7578660260308965e-05,0.005342909105314557,1.7807161478001625,1.2911911213589235e-23,False,nan,nan,False,False
21,0.105,0.005000744999961171,0.0012889939998785849,5.77100036025513e-06,0.0002320949997738353,0.0009391690000484232,4.479400013224222e-05,0.003645106000476517,1.6003837532182045e-05,9.396403892969474e-06,0.0032007675064364086,1.2195773888158212,1.2291024904536847e-27,False,nan,nan,False,False
22,0.11,0.004999371999474533,0.0014820850001342478,5.249999958323315e-06,0.0007874049997553811,0.0011156589998790878,6.053299966879422e-05,0.00345524100066541,2.9919910649114912e-05,1.6904086055369305e-05,0.005983982129822984,0.6351048123669618,1.141522288577035e-33,False,nan,nan,False,False
23,0.115,0.0050042910006595775,0.0012914190001538373,5.8910000007017516e-06,0.0002239499999632244,0.0009451799996895716,4.4312999307294376e-05,0.0036383629994816147,1.9989800069140528e-05,1.2244976185904477e-05,0.003997960013828105,0.40684649311532306,1.0866308405513135e-37,False,nan,nan,False,False
24,0.12,0.0049929699998756405,0.0014256699996622046,5.1890001486754045e-06,0.0007746900000711321,0.0010728090001066448,4.321100004744949e-05,0.0035432550002951757,5.420784193417114e-05,3.809287613578617e-05,0.010841568386834229,1.6023110810290453,1.0089348943138683e-43,False,nan,nan,False,False
25,0.125,0.005034689000240178,0.0012802369992641616,4.708000233222265e-06,0.0001673339993431,0.0009269860001950292,4.423300015332643e-05,0.0036218220002410817,3.7833705099400296e-05,2.717559530472004e-05,0.0075667410198800595,0.6643280711638692,0.0,False,nan,nan,False,False
26,0.13,0.004968462999386247,0.0014915940000719274,5.34999981027795e-06,0.0007919829995444161,0.0011181440004293108,6.330899941531243e-05,0.0034436690002621617,3.712661553697197e-05,2.6686774347302735e-05,0.007425323107394395,0.028874155457206507,0.0,False,nan,nan,False,False
27,0.135,0.005002438000701659,0.0012914489998365752,5.49000014871126e-06,0.00020782899991900194,0.0009353619998364593,4.489399998419685e-05,0.0036393749996932456,3.568098977875065e-05,2.5671441672232308e-05,0.007136197955750131,0.06009268384699945,0.0,False,nan,nan,False,False
28,0.14,0.004993611999452696,0.0014553450000676094,4.859000000578817e-06,0.0007356480000453303,0.0010978659993270412,4.616600017470773e-05,0.0034966680004799855,3.505682169975868e-05,2.1176044286530527e-05,0.007011364339951737,0.7567683361545194,0.0,False,nan,nan,False,False
29,0.145,0.005018367000047874,0.0012609220002559596,4.8089996198541485e-06,0.00023986900032468839,0.0009181289997286513,4.55150002380833e-05,0.003653941999800736,3.372934467697235e-05,1.9691967750645745e-05,0.0067458689353944706,0.06920148787449935,0.0,False,nan,nan,False,False
30,0.15,0.0049817890003396315,0.0014982359998612083,4.8389993025921285e-06,0.0007692710005358094,0.0011248069995417609,6.516200028272578e-05,0.0034392509996905574,3.2354946213034875e-05,1.8477759121899468e-05,0.006470989242606974,0.12572688896812143,0.0,False,nan,nan,False,False
31,0.155,0.005004441999517439,0.001270409000426298,4.6789991756668314e-06,0.0002202220002800459,0.0009256230005121324,4.492399966693483e-05,0.003660323999611137,4.077742785459691e-05,2.9205775584628668e-05,0.008155485570919382,0.6249818871164622,0.0,False,nan,nan,False,False
32,0.16,0.004993882000235317,0.0013737620001847972,4.6980003389762715e-06,0.0007892479998190538,0.000988621000033163,4.42729997303104e-05,0.003566239000065252,2.615712328849624e-05,1.8451475615901206e-05,0.005231424657699248,0.8731410080056071,0.0,False,nan,nan,False,False
33,0.165,0.005004732000088552,0.0012670329997490626,5.110000529384706e-06,0.0002044930006377399,0.0009218260001944145,4.445300055522239e-05,0.0036657340006058803,3.52278495375426e-05,2.0526969900958036e-05,0.0070455699075085195,0.5015522155832859,0.0,False,nan,nan,False,False
34,0.17,0.0049944929996854626,0.0014427610003622249,4.799000635102857e-06,0.0007147980004447163,0.0010952009997708956,4.384200019558193e-05,0.0035127789997204673,3.299652917143043e-05,1.9888448113638142e-05,0.006599305834286087,0.18725611452293991,0.0,False,nan,nan,False,False
35,0.17500000000000002,0.005023046000133036,0.0012868000003436464,5.469999450724572e-06,0.0002429449996270705,0.0009275269994759583,5.707699983759085e-05,0.0036287650000303984,4.963948415657913e-05,3.0123506194445094e-05,0.009927896831315827,0.6681514911479058,0.0,False,nan,nan,False,False
36,0.18,0.004983802999959153,0.001444053999875905,5.330000021785963e-06,0.0007797600001140381,0.0010005630001614918,4.3481000830070116e-05,0.0035200020001866505,4.496083170895149e-05,2.820448125722067e-05,0.008992166341790299,0.1960420396985384,1.6119601298214548e-07,False,nan,nan,False,False
37,0.185,0.005030930999964767,0.0012677940003413823,5.139000677445438e-06,0.00022868799987918464,0.0009222670005328837,4.5365000005404e-05,0.003635418000158097,2.5202039950549098e-05,2.006841136262329e-05,0.00504040799010982,0.8986861247341849,4.486949700677201e-11,False,nan,nan,False,False
38,0.19,0.0049666109998725005,0.0014444650005316362,4.9390000640414655e-06,0.0007871839998188079,0.0010918250000031549,4.504400021687616e-05,0.0035040419998040306,2.959493994172335e-05,2.1368391108265704e-05,0.0059189879883446705,0.24230046255496102,1.2489588898691173e-14,False,nan,nan,False,False
39,0.195,0.0050132080004914314,0.001257234000149765,5.4299998737405986e-06,0.0002662389997567516,0.0009105750004891888,4.435299979377305e-05,0.003661828000076639,0.00010348346659772599,8.875974122999537e-05,0.020696693319545198,3.06929428848912,5.3245073399556557e-17,False,nan,nan,False,False
40,0.2,0.004983281999557221,0.0014323320001494722,4.988999535271432e-06,0.0007126339996830211,0.001063632000295911,4.401200021675322e-05,0.0035293090004415717,9.431855038693286e-05,8.046646359231189e-05,0.01886371007738657,0.37659628959787383,1.482096177339199e-20,False,nan,nan,False,False
41,0.20500000000000002,0.005027986000641249,0.0012648679994526901,5.199000042921398e-06,0.0002482449999661185,0.000920462999602023,4.345199977251468e-05,0.00364508599977853,8.42929235134769e-05,7.184412359183749e-05,0.01685858470269538,0.40261692685340367,6.318409188271558e-23,False,nan,nan,False,False
42,0.21,0.004975355999704334,0.0014450870003201999,5.099000190966763e-06,0.0007984750000105123,0.0010797320001074695,4.5325000428420026e-05,0.0035037609995924868,7.756338662676503e-05,6.608140240556291e-05,0.015512677325353007,0.27009174778709844,1.7587524459410195e-26,False,nan,nan,False,False
43,0.215,0.005013830000279995,0.0012652589994104346,5.550999958359171e-06,0.00023840699941501953,0.0009217560000251979,4.313100089348154e-05,0.003654183000435296,7.049078827958566e-05,6.0027930680330125e-05,0.014098157655917131,0.2838559899611383,1.207250335255594e-07,False,nan,nan,False,False
44,0.22,0.004983912999705353,0.0013938199999756762,5.0889993872260675e-06,0.00079755299975659,0.0010426919998280937,4.5775000216963235e-05,0.0035425539999778266,6.410054028776395e-05,5.442412987687562e-05,0.012820108057552789,0.25782256525942204,6.661690088449745e-10,False,nan,nan,False,False
45,0.225,0.005001184999855468,0.0012617330003195093,5.099000190966763e-06,0.0002086810000037076,0.0009222570006386377,4.375200023787329e-05,0.003671765999570198,4.789477594630242e-05,4.007141455030736e-05,0.009578955189260484,0.6625564509049088,0.0007777088903822008,False,nan,nan,False,False
46,0.23,0.004994292999981553,0.0014206710002326872,4.368000190879684e-06,0.0006932280002729385,0.0010760649993244442,4.403200000524521e-05,0.003520913000102155,2.787376400527803e-05,1.9291713465746764e-05,0.005574752801055606,0.9573095503338996,0.0006557924789376557,False,nan,nan,False,False
47,0.23500000000000001,0.00500571399970795,0.0015020130003904342,4.69899987365352e-06,0.0018882559998019133,0.0010179760001847171,5.799900009151315e-05,0.00346418699973583,4.483798631230012e-05,3.704954223252412e-05,0.008967597262460023,0.7943835827027301,0.0005449224263429642,False,nan,nan,False,False
48,0.24,0.005033426000409236,0.0013954630003354396,5.298999894876033e-06,0.000804385999799706,0.0010461799993208842,4.565600011119386e-05,0.00357265999991796,6.755938712238246e-05,5.929057171822956e-05,0.013511877424476492,1.3187310219286204,0.0004326326306909323,False,nan,nan,False,False
49,0.245,0.005036300999563537,0.0012850360008087591,5.3700005082646385e-06,0.00029083399931550957,0.0009271060007449705,4.596599956130376e-05,0.003578941999876406,6.780146066575261e-05,5.818909693983129e-05,0.013560292133150522,0.782400993145543,0.00038038135971874,False,nan,nan,False,False
50,0.25,0.004931605000820127,0.001475502999710443,5.289999535307288e-06,0.0007991560005393694,0.001104649000808422,5.962200066278456e-05,0.0034599700002218015,8.119109836557982e-05,7.165060213682988e-05,0.01623821967311596,0.6032160798130373,0.0003220425278414041,False,nan,nan,False,False
51,0.255,0.005000533999918844,0.0012644879998333636,5.34999981027795e-06,0.00021135599945409922,0.0009173580001515802,4.524500036495738e-05,0.0036695019998660428,7.869290499402167e-05,6.953591527576489e-05,0.015738580998804336,0.19019714660603884,0.00033377372892573476,False,nan,nan,False,False
52,0.26,0.005004562000067381,0.0014042499997231062,5.7010001910384744e-06,0.0007060319994707243,0.0009916570006680558,6.166499952087179e-05,0.0035266439999759314,7.702629562314743e-05,6.793928488247478e-05,0.015405259124629485,0.07085912777374383,0.0003055657143704593,False,nan,nan,False,False
53,0.265,0.004994923999220191,0.0012692670006799744,4.999000339012127e-06,0.0002300000005561742,0.0009236590003638412,4.509399968810612e-05,0.003664331999971182,8.243435071670965e-05,7.27451708472681e-05,0.01648687014334193,0.22307662230933462,0.00021077804558444768,False,nan,nan,False,False
54,0.27,0.004997999000806885,0.0014158719995975844,5.169999894860666e-06,0.000776503999986744,0.0010181259995079017,4.409200028021587e-05,0.003526724000039394,0.00010828870548287786,9.139176060197907e-05,0.02165774109657557,1.9956432360595255,0.0003017030830960721,False,nan,nan,False,False
55,0.275,0.005009961999348889,0.0014018250003573485,4.929000169795472e-06,0.0018922030003523105,0.0010572300006970181,4.322099994169548e-05,0.0035246309998910874,0.0001025373654917106,9.015645656215361e-05,0.02050747309834212,0.7941134252286186,0.0014670111704617739,False,nan,nan,False,False
56,0.28,0.004991828000129317,0.0014296780000222498,4.930000613967422e-06,0.0007931059999464196,0.001080593000551744,4.514400006883079e-05,0.0035118160003548837,0.00010053010678223033,8.907422518158385e-05,0.020106021356446065,0.4162677179098298,0.0009320728131569922,False,nan,nan,False,False
57,0.28500000000000003,0.005002969000088342,0.0014228950003598584,4.929000169795472e-06,0.0018090079993271502,0.0010747529995569494,4.3171000470465515e-05,0.0035249209995527053,0.00010063221832616893,8.925190814728908e-05,0.020126443665233786,0.2814009871362517,0.001034880056977272,False,nan,nan,False,False
58,0.29,0.005012616999920283,0.0014589120000891853,5.129999408381991e-06,0.0007132560003810795,0.001094328999897698,6.0573000155272894e-05,0.0034619429998201667,0.00018343981040573525,0.0001613753923312563,0.036687962081147045,3.3844664058387,0.0024811767507344484,False,nan,nan,False,False
59,0.295,0.004984995000086201,0.001261571999748412,5.46000046597328e-06,0.00022790599996369565,0.0009058159994310699,4.475399964576354e-05,0.0036710650001623435,0.00017691826099061646,0.0001557724832339512,0.03538365219812329,0.27100764504828445,0.0019199736416339874,False,nan,nan,False,False
60,0.3,0.004998520000299322,0.00148485099998652,5.17999978910666e-06,0.0007897989999037236,0.0010016360001827707,6.229699920368148e-05,0.0034458330001143622,0.00016493202327231378,0.000145607409361479,0.03298640465446275,0.5655003363957575,0.001689502134309802,False,nan,nan,False,False
61,0.305,0.004992188999494829,0.0012745670001095277,5.009999767935369e-06,0.00021768799979327014,0.000929089999772259,4.2609999582055025e-05,0.0036691109999082983,0.0001581842855406796,0.00013973444588092637,0.03163685710813593,0.2887949697505394,0.0034100196789982216,False,nan,nan,False,False
62,0.31,0.005009100999814109,0.0014130360004855902,4.607999471772928e-06,0.000793274999523419,0.0010627900001054513,4.400200032250723e-05,0.0035166850002497085,0.0001480704096471701,0.00013084456565315121,0.029614081929434023,0.40988095278241854,0.0029009899590164423,False,nan,nan,False,False
63,0.315,0.004990795000594517,0.0012364659996819682,4.8089996198541485e-06,0.00019883300046785735,0.0009015080004246556,4.1416999920329545e-05,0.003705138000441366,0.00013946845941082548,0.00012328491140884367,0.027893691882165093,0.35017413928886293,0.003134491742800006,False,nan,nan,False,False
64,0.32,0.005005273999813653,0.0014053710001462605,4.729000465886202e-06,0.0007767750003040419,0.0010536230001889635,4.510500002652407e-05,0.0035352810000404133,0.0001288562180406449,0.00011394514762205646,0.02577124360812898,0.4408139642191802,0.0044123107812754315,False,nan,nan,False,False
65,0.325,0.005006305000279099,0.0012468139993870864,5.118999979458749e-06,0.00022524100040755002,0.0009072890006791567,4.362199979368597e-05,0.0036857830000371905,0.00013313136296625125,0.00011455523446929209,0.026626272593250247,1.215692272140592,0.002862059922536376,False,nan,nan,False,False
66,0.33,0.004997157999241608,0.0014185760001055314,4.579000233206898e-06,0.0007782369993947214,0.001061828000274545,4.3402000301284716e-05,0.0035161740006515174,0.00013661111154003401,0.0001202978130326539,0.027322222308006797,0.7671198390861614,0.0032016670576684564,False,nan,nan,False,False
67,0.335,0.005000644000574539,0.0012349930002528708,4.729000465886202e-06,0.0002302410002812394,0.0008939740000641905,4.4754000555258244e-05,0.0037007199998697615,0.00013430010513477636,0.00011860561961266118,0.026860021026955273,0.406051906045758,0.004173362456237281,False,nan,nan,False,False
68,0.34,0.004999982999834174,0.001409849999618018,4.930000613967422e-06,0.000794056999438908,0.0010612469995976426,4.41230004071258e-05,0.003551291000803758,0.0001415589214793156,0.00012401585770567991,0.028311784295863122,0.839985589118403,0.0028588424696990374,False,nan,nan,False,False
69,0.34500000000000003,0.005028325999774097,0.0012632260004465934,5.470000360219274e-06,0.0002454289997331216,0.0009070389996850281,4.44329998572357e-05,0.0036381429999892134,0.00013645950311884112,0.00011806347065191475,0.027291900623768222,1.0366847279931013,0.001849384244353671,False,nan,nan,False,False
70,0.35000000000000003,0.004969857000105549,0.0014757139997527702,5.330000021785963e-06,0.0007699620000494178,0.0011064309992434573,5.8139000429946464e-05,0.0034641770007510786,0.00014093994677871662,0.00012257292754418284,0.028187989355743324,0.3626937247034516,0.00405596552688752,False,nan,nan,False,False
71,0.355,0.005007327000384976,0.0012784439995812136,5.521000275621191e-06,0.00023152300036599627,0.0009279779997086735,4.602699937095167e-05,0.0036507370004983386,0.00017466583665828165,0.00015130918065820993,0.03493316733165633,1.6685795429221617,0.003918067803853417,False,nan,nan,False,False
72,0.36,0.004993421000108356,0.0014145689992801636,5.078999492980074e-06,0.0007949390001158463,0.0010610359995553154,4.513499970926205e-05,0.0035190000007787603,0.00017018254107255767,0.00014843583128874393,0.034036508214511534,0.3769472119282849,0.0030214525291338027,False,nan,nan,False,False
73,0.365,0.004997989999537822,0.0012684450002780068,5.179000254429411e-06,0.0002234679996035993,0.0009249519998775213,4.444299975148169e-05,0.0036691409995910362,0.0001644044024452157,0.00014375913733784761,0.03288088048904314,0.3457551216918392,0.0029455464347185848,False,nan,nan,False,False
74,0.37,0.005003690000194183,0.0014241070002753986,5.190000592847355e-06,0.0007898690000729403,0.0010640229993441608,5.5374000112351496e-05,0.003537904999575403,0.00015966129520262066,0.00013905255007120616,0.03193225904052414,1.3264873753958126,0.0034429106346478833,False,nan,nan,False,False
75,0.375,0.005029818999901181,0.001264317000277515,5.350000719772652e-06,0.0002390670006207074,0.0009219370003847871,4.5044999751553405e-05,0.0036391449993971037,0.000160865968656091,0.000141069072632346,0.0321731937312182,0.4703515836269232,0.004049850257245547,False,nan,nan,False,False
76,0.38,0.004968754999936209,0.0014160210002955864,5.118999979458749e-06,0.0007517280000683968,0.0010486439996384433,4.423300015332643e-05,0.003515693999361247,0.0001549332424961976,0.00013579203159363431,0.03098664849923952,0.4124885308922919,0.004026005379049486,False,nan,nan,False,False
77,0.385,0.0049939110003833775,0.001245912999365828,4.769000042870175e-06,0.00021229699996183626,0.0009103339998546289,4.1618000068410765e-05,0.0036991480001233867,0.00017941310907782364,0.00014387969107927017,0.03588262181556472,2.55058850735414,0.0023891449427043414,False,nan,nan,False,False
78,0.39,0.005008889999771782,0.0014429319999180734,5.228999725659378e-06,0.0007823349997124751,0.0010932269997283584,4.5265000153449364e-05,0.003507168000396632,0.00016960308017642073,0.00014300189319946905,0.03392061603528415,1.0687503190678485,0.0033198274519023,False,nan,nan,False,False
79,0.395,0.005015222000110953,0.0012599189994944027,5.040000360168051e-06,0.00024532899988116696,0.0009156040005109389,4.5666000005439855e-05,0.003654925000773801,0.00016348416579640797,0.00014188308986013093,0.032696833159281596,1.093639209004537,0.005752305675026023,False,nan,nan,False,False
80,0.4,0.004982270000255085,0.0014062239997656434,5.279999641061295e-06,0.0007909010000730632,0.0010538739998082747,4.533499941317132e-05,0.0035268940000605653,0.00013490107107843292,0.000116179503095457,0.026980214215686586,1.365753670927114,0.003412061106038439,False,nan,nan,False,False
81,0.405,0.004997588999685831,0.0012592279999807943,5.210000381339341e-06,0.0002148829998986912,0.0009048140000231797,4.559499939205125e-05,0.0036771859995496925,0.00014166891298177418,0.00012263792267719104,0.028333782596354832,0.42767199657677224,0.002349714790087387,False,nan,nan,False,False
82,0.41000000000000003,0.005001716000151646,0.0014340159996208968,5.529999725695234e-06,0.0007306480001716409,0.0010055929997179192,4.322099994169548e-05,0.003506947000460059,0.00015592560742085332,0.000135042566249452,0.031185121484170665,0.6824457390559049,0.00527230353268934,False,nan,nan,False,False
83,0.41500000000000004,0.005005493999306054,0.0012495800001488533,5.049000719736796e-06,0.00023018100000626873,0.0009000460004244815,4.332099979365012e-05,0.003680051000628737,0.00020060581357143664,0.00015946143928397428,0.040121162714287326,3.6765035174937766,0.005323211660560386,False,nan,nan,False,False
84,0.42,0.004991517000235035,0.0013931690000390518,4.860000444750767e-06,0.0007830270005797502,0.0010370919999331818,4.857099975197343e-05,0.0035480140004438,0.00018997997992829582,0.00015644858677459842,0.03799599598565916,0.8848085143512129,0.002951996636978899,False,nan,nan,False,False
85,0.425,0.0050068660002580145,0.0012632959997063153,5.1500001063686796e-06,0.0002293089992235764,0.0009180600000036065,4.4673999582300894e-05,0.003669141000500531,0.00018315434899360966,0.00015372881641120275,0.03663086979872193,0.603634096434777,0.003760211528911367,False,nan,nan,False,False
86,0.43,0.004997688999537786,0.0014166630007821368,5.2999994295532815e-06,0.0007954289994813735,0.0010500959997443715,4.3881999772565905e-05,0.0035562599996410427,0.00017785550482098898,0.00015282339501313533,0.0355711009641978,1.0211802004074235,0.006037010947984796,False,nan,nan,False,False
87,0.435,0.005040439000367769,0.0012556120000226656,5.80100004299311e-06,0.00025536799967085244,0.0009113169999181991,4.41229994976311e-05,0.0036358380002639024,0.00015823057665373006,0.00013792115139775094,0.03164611533074601,1.0735327459995256,0.005581580528206178,False,nan,nan,False,False
88,0.44,0.004953607000061311,0.0013929579999967245,4.818999514100142e-06,0.0007260100001076353,0.001026181999804976,4.6176000068953726e-05,0.003546310999809066,0.00018648510705109015,0.0001600440669470304,0.037297021410218026,1.5375465340975363,0.004871631004021135,False,nan,nan,False,False
89,0.445,0.005006794999644626,0.0012648790007006028,5.268999302643351e-06,0.00022672500017506536,0.0009174689994324581,4.491499930736609e-05,0.003713784999490599,0.00017424562332422222,0.00014940845888256255,0.03484912466484444,0.658671266861505,0.004976336233064102,False,nan,nan,False,False
90,0.45,0.005092176000289328,0.0016961569999693893,8.426000022154767e-06,0.0008861500000421074,0.0012349530006758869,5.425199924502522e-05,0.003210181000213197,0.00019106403918609787,0.0001652716831710249,0.03821280783721957,0.8325113862822474,0.004946911066432735,False,nan,nan,False,False
91,0.455,0.005019410000386415,0.0014628799999627518,8.326000170200132e-06,0.0004373089996079216,0.0010507879997021519,5.456199960462982e-05,0.003422087999751966,0.00018111931783955699,0.00014803708119889413,0.0362238635679114,1.8043127203724156,0.004413936656096218,False,nan,nan,False,False
92,0.46,0.004998560999410984,0.0016791240004749852,8.044999958656263e-06,0.0009917979996316717,0.0011940160002268385,5.454199981613783e-05,0.0032085479997476796,0.00018654477709003205,0.00015689995855699436,0.03730895541800641,0.8282445716177251,0.004196432146073897,False,nan,nan,False,False
93,0.465,0.005001496000659245,0.0015658519996577525,8.355999852938112e-06,0.00043650799943861784,0.0011336629995639669,5.488199985848041e-05,0.003319606000331987,0.00016582106305203134,0.00013491336353836756,0.033164212610406266,2.27508912559484,0.004696009461660029,False,nan,nan,False,False
94,0.47000000000000003,0.004999561999284197,0.0016219970002566697,8.095000339380931e-06,0.0009792339997147792,0.001168587999927695,5.422199956228724e-05,0.003352589000314765,0.00017503651403799627,0.00014715171749965592,0.035007302807599255,1.0072164929284002,0.003782614079097928,False,nan,nan,False,False
95,0.47500000000000003,0.005088369000077364,0.0015141150006456883,8.044999958656263e-06,0.0005257550001260825,0.0010990289993060287,5.499300004885299e-05,0.0033748799996828893,0.00020967570537847488,0.0001749596599596808,0.04193514107569497,2.7755903886265374,0.00456567901947423,False,nan,nan,False,False
96,0.48,0.00500410099994042,0.001635803000681335,8.136000360536855e-06,0.0010804530002133106,0.0012166279993834905,5.383099960454274e-05,0.0031595269992976682,0.00020144550084180135,0.00016995403279859657,0.04028910016836027,0.8979393208318142,0.004304638163594726,False,nan,nan,False,False
97,0.485,0.004908111000077042,0.001458972000364156,8.195000191335566e-06,0.000425597999310412,0.0010486029996172874,5.507300011231564e-05,0.0034263259994986583,0.00019928907008197222,0.00016789176915458148,0.03985781401639445,1.7275890412884973,0.0041415354791371145,False,nan,nan,False,False
98,0.49,0.004998911000257067,0.0017491150001660571,8.245000572060235e-06,0.0009728210006869631,0.0013275259998408728,5.422100002760999e-05,0.0031451599998035817,0.00021354375497978752,0.00018159798873839392,0.0427087509959575,1.8005043351807188,0.005479804002424125,False,nan,nan,False,False
99,0.495,0.005008770000131335,0.0015700399999332149,8.116000572044868e-06,0.00043940299929090543,0.0011521970000103465,5.4411999371950515e-05,0.003306491999865102,0.00019312005320394328,0.00015628774447613,0.03862401064078865,2.5579867345196785,0.004843845016970471,False,nan,nan,False,False
100,0.5,0.0049894229996425565,0.0017201210002895095,8.154999704856891e-06,0.0009796240001378465,0.0012892140002804808,5.332999990059761e-05,0.003171889999975974,0.00020113371717728293,0.00016802228378065358,0.0402267434354566,1.1984236929896461,0.004660990378568449,False,nan,nan,False,False
101,0.505,0.005004943000130879,0.0015067009999256697,8.184999387594871e-06,0.0004345440001998213,0.0010945900003207498,5.375000000640284e-05,0.003383256000233814,0.0002673962238907412,0.00022369800156769577,0.05347924477814824,2.808624386721284,0.005387995866367864,False,nan,nan,False,False
102,0.51,0.0050025680002363515,0.0017628509995120112,8.23600021249149e-06,0.0009313540003859089,0.001136889000008523,6.275800024013733e-05,0.0031299510001190356,0.00023786701003007717,0.00019824290970835113,0.04757340200601543,1.3015320581861933,0.0054035889314882615,False,nan,nan,False,False
103,0.515,0.005002928999601863,0.0014763440003662254,8.306000381708145e-06,0.000438140000369458,0.0010564989997874363,5.423099992185598e-05,0.0033968010002354276,0.00019225957819558127,0.00015464301556432467,0.038451915639116256,2.6408683860950135,0.0055858155980685,False,nan,nan,False,False
104,0.52,0.004983752000043751,0.0016791950001788791,8.23499976831954e-06,0.0009813470005610725,0.0012044360000800225,5.323999994288897e-05,0.0032144799997695372,0.00022369758431830085,0.00018654192731006112,0.04473951686366018,1.724356154212837,0.00620464677814996,False,nan,nan,False,False
105,0.525,0.005003860999750032,0.0019210870004826575,8.324999726028182e-06,0.0020924589998685406,0.001240823999978602,6.242600011319155e-05,0.0029845389999536565,0.00021675588470796247,0.00017931560538290308,0.04335117694159249,0.391671506152472,0.007380974688436656,False,nan,nan,False,False
106,0.53,0.00501616300061869,0.0018448949995217845,8.365999747184105e-06,0.0009474839998802054,0.001411151999491267,5.51329994777916e-05,0.0030475470002784277,0.00032627007279286026,0.00027895509106329753,0.06525401455857205,4.546156289434181,0.005241447991721621,False,nan,nan,False,False
107,0.535,0.005002507999961381,0.0015260479995049536,8.456000614387449e-06,0.00042613799996615853,0.0011119920000055572,5.504299952008296e-05,0.003364830999998958,0.0003064498576930546,0.00025960981402809434,0.06128997153861092,0.8288682037900668,0.005934680283202399,False,nan,nan,False,False
108,0.54,0.005002779000278679,0.0016806569992695586,8.326000170200132e-06,0.0009959449998859782,0.0012443409996194532,6.408999979612418e-05,0.003191998000147578,0.0002839493348662447,0.0002383922856657914,0.056789866973248934,0.9717883541563546,0.00618278187791235,False,nan,nan,False,False
109,0.545,0.0049841329991977545,0.001476956000260543,8.23499976831954e-06,0.00036898100006510504,0.0010578710007393965,5.5283000619965605e-05,0.0034077609998348635,0.00023736039241594936,0.0001958544516541059,0.04747207848318987,1.9546289776685666,0.006774598218987268,False,nan,nan,False,False
110,0.55,0.004995605000658543,0.0017949309994946816,8.224999874073546e-06,0.00144123900008708,0.0013227370000095107,5.4492000344907865e-05,0.0030959880004957085,0.0003366513700712474,0.0002828792706089714,0.06733027401424949,4.219781589457589,0.007302162080105142,False,nan,nan,False,False
111,0.555,0.0050016269997286145,0.0015814910002518445,8.336000064446125e-06,0.00028976199973840266,0.0011499140000523767,6.499100072687725e-05,0.0033073829999921145,0.00031552261676607993,0.0002631768774160369,0.06310452335321598,0.9213368008803934,0.006963542244819559,False,nan,nan,False,False
112,0.56,0.004998309000256995,0.0018231240001114202,8.125000022118911e-06,0.001354336000076728,0.0013904940005886601,5.465300000651041e-05,0.0030734759993720218,0.0002857761894210543,0.00023655740782247293,0.05715523788421087,1.3558334750209173,0.006888758892263951,False,nan,nan,False,False
113,0.5650000000000001,0.0050066759995388566,0.0015124230003493722,8.286000593216158e-06,0.00019771000006585382,0.0010998199995810864,5.3701000069850124e-05,0.0033668739997665398,0.00023043592029903685,0.00018599619156833619,0.04608718405980737,2.4380412517147714,0.009402398648379086,False,nan,nan,False,False
114,0.5700000000000001,0.004989113000192447,0.001758794000124908,8.304999937536195e-06,0.0012991419998797937,0.0013092210001559579,5.3871000091021415e-05,0.0031394190000355593,0.0002902674583130222,0.0002386880486374475,0.05805349166260445,2.713007089345336,0.0071802085880651265,False,nan,nan,False,False
115,0.5750000000000001,0.005024770000090939,0.0016052259998105,1.066999993781792e-05,0.0023750179998387466,0.0011397850003049825,5.462199987960048e-05,0.0032738910003899946,0.00026868420946500474,0.00021757912118096552,0.053736841893000944,0.9749179179973445,0.00737417426404644,False,nan,nan,False,False
116,0.58,0.004988892000255873,0.0017090909996113623,8.425000487477519e-06,0.0011920019996978226,0.0012797859999409411,5.285899987939047e-05,0.003178963000209478,0.0002927435102466723,0.00023345076186220034,0.05854870204933446,3.763181060785227,0.006120602012529218,False,nan,nan,False,False
117,0.585,0.005018367999582551,0.0018122239998774603,1.0349000149290077e-05,0.002319102000001294,0.0013472229993567453,5.371099996409612e-05,0.0030490890003420645,0.0002825196719080097,0.00022983734518661528,0.05650393438160194,1.766253692690933,0.007822423934708798,False,nan,nan,False,False
118,0.59,0.004970908000359486,0.00162273899968568,8.224999874073546e-06,0.0011780960003306973,0.0011677569991661585,5.367999983718619e-05,0.003308276000097976,0.0002874022533958139,0.00023490488691431366,0.057480450679162784,2.151693968004334,0.006705612876266042,False,nan,nan,False,False
119,0.595,0.005056981000052474,0.0018915319997176994,1.0750000001280569e-05,0.0023171490001914208,0.0014094690004640142,5.453199992189184e-05,0.0029471289999492,0.00030222741618706037,0.00023854908008234983,0.060445483237412084,2.9012603472187743,0.006477861910736857,False,nan,nan,False,False
120,0.6,0.004950198999722488,0.001546917000268877,8.065000656642951e-06,0.0011453540000729845,0.0010871659997064853,5.260799935058458e-05,0.0033447139994677855,0.000302276508575731,0.0002433036082989859,0.060455301715146195,1.8379411643289736,0.007014130616391765,False,nan,nan,False,False
121,0.605,0.005009661999793025,0.0015994650002539856,1.049899947247468e-05,0.002270672000122431,0.0011334620003253804,5.433200021798257e-05,0.0032747220002420363,0.00030274631155971857,0.0002439105501468499,0.06054926231194372,1.7256485530770092,0.006498425813011655,False,nan,nan,False,False
122,0.61,0.004985255000065081,0.0017493369996373076,8.164999599102885e-06,0.00112758099930943,0.001305224999669008,5.3590999414154794e-05,0.00313913800073351,0.00032412780852721714,0.0002533733225398619,0.06482556170544342,3.4406148233883886,0.006738777732317301,False,nan,nan,False,False
123,0.615,0.005008529999940947,0.0017487550003352226,1.0700000530050602e-05,0.0022353960002874373,0.001322686999628786,5.431199951999588e-05,0.0031406709995280835,0.0003209946674442693,0.00025444963956042883,0.06419893348885386,1.4738573627360343,0.006690618924379775,False,nan,nan,False,False
124,0.62,0.004998630000045523,0.0016316960000040126,8.304999937536195e-06,0.0011129439999422175,0.0011856709998028236,5.34310001967242e-05,0.0033016329998645233,0.00035382947415664705,0.00028089769779936734,0.07076589483132942,3.4246906017910193,0.006576202472806225,False,nan,nan,False,False
125,0.625,0.005054625999946438,0.0017141799999080831,1.0239000403089449e-05,0.002287203000378213,0.0012741460004690452,6.94699992891401e-05,0.00316713099982735,0.00033538103715278974,0.000269441490685494,0.06707620743055795,2.0098495010227637,0.008043798545612902,False,nan,nan,False,False
126,0.63,0.004992658999981359,0.0015807310001036967,8.23499976831954e-06,0.0011399149998396751,0.0011269199994785595,5.380099992180476e-05,0.0032534219999433844,0.0003296561494398468,0.00025970943892688865,0.06593122988796936,0.8822801645472274,0.007938346594410383,False,nan,nan,False,False
127,0.635,0.004951232000166783,0.0016833729996506008,1.0961000043607783e-05,0.002213145000496297,0.0012526659993454814,5.53639993086108e-05,0.0032018860001699068,0.00048231407105706986,0.0003986227629903193,0.09646281421141398,6.645491386171493,0.007828119233639335,False,nan,nan,False,False
128,0.64,0.004996085999664501,0.0017588540003998787,8.57600025483407e-06,0.0010928160008916166,0.0013299210004333872,5.308900017553242e-05,0.0031309730002249125,0.000452020692152462,0.00037021829778496364,0.0904041384304924,1.2990188555048048,0.008300215432966822,False,nan,nan,False,False
129,0.645,0.0050021380002363,0.001872615999673144,8.545999662601389e-06,0.0038910270004635095,0.001454403000025195,5.423099992185598e-05,0.002981874000397511,0.0004095282918846997,0.0003323087491738795,0.08190565837693994,1.9214433997104294,0.008920572715172052,False,nan,nan,False,False
130,0.65,0.004950880999786023,0.0015887650006334297,8.126000466290861e-06,0.0009238300008291844,0.0011359569998603547,5.299900021782378e-05,0.00334476399984851,0.00035083469887908146,0.00027591991539193056,0.0701669397758163,2.659568005132905,0.011586031379861637,False,nan,nan,False,False
131,0.655,0.005049025000516849,0.002050819999567466,1.0599000233924016e-05,0.002180812999540649,0.0014210710005500005,6.276699969021138e-05,0.0028444370000215713,0.0004591238913700569,0.00037825519871596044,0.09182477827401136,4.609382059494982,0.010646385643637173,False,nan,nan,False,False
132,0.66,0.0050051729995175265,0.0017960830000447459,8.025999704841524e-06,0.00115492299937614,0.0013623710001411382,5.4983000154607e-05,0.0030861700006425963,0.0004204443168640993,0.00033829322330518113,0.08408886337281987,1.6991599019952421,0.009161146843063534,False,nan,nan,False,False
133,0.665,0.0049969970004895,0.0018317200001547462,1.1240999810979702e-05,0.002259851999951934,0.0013704569992114557,5.422200047178194e-05,0.003055371999835188,0.00036770209316920827,0.00028924076978948743,0.07354041863384166,2.48487753040896,0.01115734602301142,False,nan,nan,False,False
134,0.67,0.004997779999939667,0.0028118949994677678,8.12599955679616e-06,0.0010875669995584758,0.002176205000068876,6.119400040915934e-05,0.0020802260005439166,0.0004247720278791199,0.0003422051044216501,0.08495440557582397,2.5971091532587702,0.013015765712203795,False,nan,nan,False,False
135,0.675,0.005002527000215196,0.00208225999995193,8.40600023366278e-06,0.0020420440005182172,0.0014578899999833084,6.291800036706263e-05,0.0028149409999969066,0.00037566973443704316,0.0002871591546282082,0.07513394688740863,2.3786462399985724,0.010030971253850676,False,nan,nan,False,False
136,0.68,0.005007407999983116,0.0018603739999889513,8.46599959913874e-06,0.0010195400000156951,0.0014234549998946022,5.4863000514160376e-05,0.0030223589992601774,0.00044039676851522803,0.0003602053576028676,0.08807935370304562,3.001664905244582,0.008490919990075632,False,nan,nan,False,False
137,0.685,0.004993359999389213,0.0016420850006397814,8.044999958656263e-06,0.0021211019993643276,0.0011852890002046479,5.366100049286615e-05,0.0033180439995703637,0.0004045514878145848,0.0003182756419457429,0.08091029756291696,1.710073825372494,0.010441162672456317,False,nan,nan,False,False
138,0.6900000000000001,0.005071247000159929,0.0018045799997707945,7.964999895193614e-06,0.001078409999536234,0.001373562000480888,5.575500017585e-05,0.0030090440004642005,0.0004116480645206267,0.00031339731111948606,0.08232961290412534,1.5395901190926726,0.013334187871366941,False,nan,nan,False,False
139,0.6950000000000001,0.004924621999634837,0.0014766450003662612,8.395999429922085e-06,0.000434384000072896,0.0010603349992379663,5.5313999837380834e-05,0.0034199849997094134,0.00042967082245516213,0.00033794285685931824,0.08593416449103244,2.562236478597219,0.012668509069604126,False,nan,nan,False,False
140,0.7000000000000001,0.005009051000342879,0.0016670009999870672,8.084999535640236e-06,0.0009887220003292896,0.001185860999612487,5.4801999795017764e-05,0.0032098110004881164,0.000388357029597532,0.00028586231299357725,0.0776714059195064,3.387731605975655,0.010876327897941166,False,nan,nan,False,False
141,0.705,0.004988040000171168,0.0015591700002914877,7.974999789439607e-06,0.00042135900002904236,0.0011313179993521771,5.56739996682154e-05,0.0033295349994659773,0.0004169700133959774,0.00031962831449787064,0.08339400267919547,2.419534901550253,0.010832696210193274,False,nan,nan,False,False
142,0.71,0.0050008649996016175,0.0017084190003515687,8.535999768355396e-06,0.0009783519999473356,0.0012868200001321384,6.37399998595356e-05,0.0031804959999135463,0.00037941631689313677,0.00026562042558366796,0.07588326337862736,2.23295357596328,0.012687869420176754,False,nan,nan,False,False
143,0.715,0.005000674000257277,0.0015201570004137466,8.06499974714825e-06,0.00042301200028305175,0.0011023940005543409,5.4661999456584454e-05,0.003458035999756248,0.0004466486432481119,0.0003499289354760289,0.08932972864962238,3.4290738839445916,0.011029996680905412,False,nan,nan,False,False
144,0.72,0.0050887500001408625,0.0017452479996791226,8.335000529768877e-06,0.0010729689993240754,0.0011203279991605086,6.267700064199744e-05,0.0030597800005125464,0.00041940272627207165,0.00031609933148595785,0.08388054525441431,1.3635828305520374,0.011200180128639938,False,nan,nan,False,False
145,0.725,0.004915614999845275,0.0014653440002803109,8.244999662565533e-06,0.00043024499973398633,0.0010465599998497055,5.458200030261651e-05,0.0034165890001531807,0.00037556534817456656,0.0002483039956060868,0.07511306963491331,3.7529463374783165,0.011415034961628743,False,nan,nan,False,False
146,0.73,0.004991386999790848,0.0018999479998456081,7.995000487426296e-06,0.0009763480002220604,0.0014530309999827296,6.162600038805977e-05,0.0029946780005047913,0.00043263186850056704,0.000322540250013513,0.0865263737001134,3.5551047447565147,0.012820198436138422,False,nan,nan,False,False
147,0.735,0.005004001000088465,0.0015497720005441806,8.334999620274175e-06,0.0004237339999235701,0.0011321699994368828,5.501299983734498e-05,0.0033381319999534753,0.00040148857925376743,0.0002807276740690134,0.08029771585075349,1.697483756836686,0.011891633496545418,False,nan,nan,False,False
148,0.74,0.004998150000574242,0.001858139999967534,8.324999726028182e-06,0.000977992000116501,0.0014109020003161277,5.5433999477827456e-05,0.0031320349999077735,0.0004963135272904416,0.00039160096215714755,0.09926270545808832,4.546208919648914,0.010792091613009078,False,nan,nan,False,False
149,0.745,0.005125587999827985,0.0015098169997145305,8.115000127872918e-06,0.0005450200005725492,0.0010912629995800671,5.563500053540338e-05,0.0032536340004298836,0.0004647026913741731,0.00035508005036881526,0.0929405382748346,1.5011070567124747,0.011978195116996012,False,nan,nan,False,False
150,0.75,0.004873887000030663,0.0016670220002197311,8.224999874073546e-06,0.0009818390008149436,0.0012427880001268932,5.38909998795134e-05,0.003224447999855329,0.0004091760741035592,0.00028259466012018437,0.08183521482071184,3.2330429660968125,0.012092874646073991,False,nan,nan,False,False
151,0.755,0.005001485999855504,0.001476294999520178,8.345999958692119e-06,0.0004294840000511613,0.0010496160002730903,5.946100009168731e-05,0.0034110380001948215,0.00048514248567088484,0.000372146335748278,0.09702849713417697,3.9658952520259323,0.011576808094016415,False,nan,nan,False,False
152,0.76,0.004998741000235896,0.0017326150000371854,8.105000233626924e-06,0.000984303000223008,0.0013110750005580485,5.345999943529023e-05,0.0031590859998686938,0.0004508707007065539,0.00032819724940797747,0.09017414014131078,1.8735593640708266,0.011353817110538353,False,nan,nan,False,False
153,0.765,0.0050023979993056855,0.0015515650002271286,8.004999472177587e-06,0.00042064799981744727,0.0011286940007266821,5.4612999520031735e-05,0.0033355269997628056,0.0005547392426180137,0.0004483994892271609,0.11094784852360276,4.995083550958527,0.011351215663692536,False,nan,nan,False,False
154,0.77,0.004997347999960766,0.0018359680007051793,8.164999599102885e-06,0.0009840429993346334,0.0013946620001661358,5.5765000070095994e-05,0.0030701799996677437,0.0005153201856583145,0.00040207341364847547,0.1030640371316629,1.9314670230058855,0.013231187212704791,False,nan,nan,False,False
155,0.775,0.005016824999984237,0.0018800710004143184,8.214999979827553e-06,0.00207857200075523,0.0014048809998712386,6.155500068416586e-05,0.002997503000187862,0.00046596500919373344,0.00033288133253668887,0.0931930018387467,3.383854658624514,0.01260006116471244,False,nan,nan,False,False
156,0.78,0.004989824000404042,0.0017996400001720758,8.06499974714825e-06,0.0009741540006871219,0.0013513710000552237,5.502299973159097e-05,0.0031036720001793583,0.0005471359406387449,0.00042498251471170465,0.10942718812774899,4.830944810623336,0.014198812745143808,False,nan,nan,False,False
157,0.785,0.005014289999962784,0.0016704780000509345,8.285000149044208e-06,0.0021040900001025875,0.0012538680002762703,5.343999964679824e-05,0.003200082999683218,0.0005130018462352079,0.0003830474968044258,0.10260036924704156,2.2362304704529112,0.014085440224332805,False,nan,nan,False,False
158,0.79,0.004982411000128195,0.0017570600002727588,8.00500038167229e-06,0.001001865999569418,0.0013349200007723994,5.4100999477668665e-05,0.0031322949998866534,0.0005308351133592247,0.0004060905162030339,0.10616702267184495,1.1173026215959334,0.014533092890570271,False,nan,nan,False,False
159,0.795,0.004999621999559167,0.0015599309999743127,8.295000043290202e-06,0.00042775099973368924,0.0011402250001992797,5.523300023924094e-05,0.0033213200003956445,0.0005108718935990367,0.0003639852717514007,0.10217437871980731,2.804419428804068,0.015504430474039887,False,nan,nan,False,False
160,0.8,0.004984114000762929,0.0017105529996115365,7.855000148992985e-06,0.0009557499997754348,0.001269718000003195,5.5374000112351496e-05,0.003202357000191114,0.0005723897664777492,0.00042622850847794363,0.11447795329554984,5.271144331140575,0.013562755286299752,False,nan,nan,False,False
161,0.805,0.005024888999287214,0.0015271810007106978,7.964999895193614e-06,0.00044168699969304726,0.0010925760007012286,5.419199987954926e-05,0.0033492509992356645,0.0005402004402222529,0.0003955223359584682,0.10804008804445057,2.481020812035098,0.013239984512539802,False,nan,nan,False,False
162,0.81,0.004988362000403868,0.0016587959999014856,8.185000297089573e-06,0.0009928989993568393,0.0012324179997449392,5.3019000006315764e-05,0.003230950000215671,0.0005882088221160507,0.00045728910742387366,0.11764176442321013,2.764497376595686,0.016420502016198473,False,nan,nan,False,False
163,0.8150000000000001,0.005000473999643873,0.0014844000006632996,8.344999514520168e-06,0.00042271200072718784,0.0010626600005707587,5.409099958342267e-05,0.0033971409993682755,0.0005299607131181397,0.00037566329248108713,0.10599214262362794,3.8045675620935273,0.014769478008149619,False,nan,nan,False,False
164,0.8200000000000001,0.004991698000594624,0.0019326389992784243,7.865000043238979e-06,0.000860381000165944,0.0014924639999662759,6.500199924630579e-05,0.0029677970005650423,0.000637909476657227,0.0004941843684551717,0.1275818953314454,5.149688899526787,0.01338889203371076,False,nan,nan,False,False
165,0.8250000000000001,0.005009771000004548,0.0014233459996830788,7.92399987403769e-06,0.00029960099982417887,0.0010071860006064526,5.3780000598635525e-05,0.0034599090004121535,0.0006022615557391742,0.00045231959270466233,0.12045231114783483,1.729359819156876,0.0158125840277909,False,nan,nan,False,False
166,0.8300000000000001,0.004992659999516036,0.0018734679997578496,8.09599987405818e-06,0.0008481690001644893,0.0014496750000034808,5.4441999964183196e-05,0.0030236020002121222,0.0005472905377533044,0.0003843256658410685,0.10945810755066086,3.129913685142497,0.016923644707464637,False,nan,nan,False,False
167,0.835,0.005008008000004338,0.0011243460003242944,8.446000720141456e-06,0.0002982279993375414,0.000752959999772429,5.400100053520873e-05,0.0037625859995387145,0.0006323395295871852,0.0004847273513480634,0.12646790591743703,4.868193889810053,0.01614561488721837,False,nan,nan,False,False
168,0.84,0.004996306000066397,0.0018661650001376984,8.164999599102885e-06,0.0008713920005902764,0.0014261400001487345,5.491299998539034e-05,0.0030374779998965096,0.00058918550478538,0.00042943076633303323,0.11783710095707602,2.5302245519190585,0.01564685182572108,False,nan,nan,False,False
169,0.845,0.005014571000174328,0.0014801520001128665,1.3003999811189715e-05,0.0004287629999453202,0.0010578609999356559,5.397099994297605e-05,0.003394255999410234,0.0006150959621319618,0.0004678500152072518,0.12301919242639237,1.6517544474843981,0.015531399451633107,False,nan,nan,False,False
170,0.85,0.0049894029998540645,0.001884469000287936,7.95500000094762e-06,0.0009748150005179923,0.001438463999875239,5.518299985851627e-05,0.003005718999702367,0.0005796769785116555,0.0003910073626417223,0.1159353957023311,3.403688541281154,0.01807391127711128,False,nan,nan,False,False
171,0.855,0.005001386000003549,0.0015647400005036616,8.09499942988623e-06,0.0004321589995015529,0.0011331920004522544,5.448199954116717e-05,0.0033170319993587327,0.0006519018400946457,0.0004925106419412153,0.13038036801892916,4.082329150247593,0.0155689235350481,False,nan,nan,False,False
172,0.86,0.004992639999727544,0.0016524340007890714,8.23600021249149e-06,0.0007662250000066706,0.0011802799999713898,5.490299918164965e-05,0.0032473009996465407,0.0006095039501446299,0.00043689511273181224,0.12190079002892598,2.2529842129123074,0.014475198718141945,False,nan,nan,False,False
173,0.865,0.005024308000429301,0.00151120999998966,8.356000762432814e-06,0.00043121799990331056,0.0010992279994752607,5.434200011222856e-05,0.0033557839997229166,0.0006811498203154188,0.0005255289101703028,0.13622996406308377,3.5627810468406076,0.016131538528252103,False,nan,nan,False,False
174,0.87,0.004977220999535348,0.0018137160004698671,8.215999514504801e-06,0.0009651070004110807,0.0013764479999736068,5.4572000408370513e-05,0.003080409000176587,0.000638532947649257,0.00047213166375036347,0.1277065895298514,2.1539563702553206,0.01768539888014042,False,nan,nan,False,False
175,0.875,0.005006285000490607,0.0014706639994983561,8.314999831782188e-06,0.0004350339995653485,0.0010586420003164676,5.4011000429454725e-05,0.0034115990001737373,0.0006735412650256204,0.0004974393121601021,0.13470825300512407,2.6386512850937893,0.015628344174144732,False,nan,nan,False,False
176,0.88,0.004994132000319951,0.0018407769994155387,8.135000825859606e-06,0.0009806560001379694,0.0012091850003344007,6.274699990171939e-05,0.003026759000022139,0.0006636600300536298,0.00047965551064291234,0.13273200601072593,4.748289089786636,0.016340660850237384,False,nan,nan,False,False
177,0.885,0.0049676329999783775,0.0017855639998742845,7.654000000911765e-06,0.002050671000688453,0.0012413739996190998,4.779999926540768e-05,0.0030826019992673537,0.0006748860433008004,0.0004989071427605905,0.13497720866016008,3.8730522312452176,0.017837275252094362,False,nan,nan,False,False
178,0.89,0.00495506899915199,0.001624432000426168,6.633000339206774e-06,0.0009245909996025148,0.0012033740003971616,5.372099985834211e-05,0.003292104999673029,0.0006848494491000553,0.0005049390033360175,0.13696988982001104,2.69679649825327,0.017174644489897903,False,nan,nan,False,False
179,0.895,0.005005975000131002,0.0015576660007354803,6.5019994508475065e-06,0.002026254999691446,0.0011303269993732101,6.159600070532179e-05,0.003346336999129562,0.0007058534320869359,0.0005170560000565547,0.14117068641738717,5.347523995877591,0.016744485551273447,False,nan,nan,False,False
180,0.9,0.004985425000086252,0.001601149000634905,6.8220006141928025e-06,0.0009103840002353536,0.0011849190004795673,5.2147999667795375e-05,0.0033213799997611204,0.0007046266765939098,0.0005213821482749261,0.14092533531878196,2.301354683654812,0.016891310557896208,False,nan,nan,False,False
181,0.905,0.0050021380002363,0.0016177890001927153,6.312000550678931e-06,0.0020026900001539616,0.0011819430001196451,5.046500064054271e-05,0.0033397739998690668,0.0007270207330569295,0.0005382186307568704,0.1454041466113859,3.163919751450892,0.01638298414540321,False,nan,nan,False,False
182,0.91,0.005038704999606125,0.0015709020008216612,6.362000021908898e-06,0.0008620339995104587,0.0011720450002030702,4.992300000594696e-05,0.003309877999527089,0.0007273719740860488,0.0005395204975122145,0.14547439481720972,4.2795603336673285,0.017457732419297774,False,nan,nan,False,False
183,0.915,0.004963115000464313,0.0013260429996080347,6.262000169954263e-06,0.0002846529996531899,0.0009500190008111531,5.07949998791446e-05,0.003590794000047026,0.000741779729332194,0.0005529503461481951,0.1483559458664388,3.4864451477322294,0.01716789463996664,False,nan,nan,False,False
184,0.92,0.004997477999495459,0.001595106999957352,6.1920000007376075e-06,0.0013886400001865695,0.001189327000247431,5.066499943495728e-05,0.003323714000543987,0.0007673309377303095,0.0005703525392007159,0.1534661875460619,5.464304863332034,0.017907248261856978,False,nan,nan,False,False
185,0.925,0.005000114000722533,0.0013321440001163865,6.561999725818168e-06,0.00024193299941543955,0.000964075999945635,4.880099913862068e-05,0.0035864159999619005,0.0007628491615261934,0.0005706145866704385,0.15256983230523868,3.069984439069829,0.02002514836591474,False,nan,nan,False,False
186,0.93,0.004997678000108863,0.0016254539996225503,6.201000360306352e-06,0.0012113479997424292,0.001235994999660761,4.941199949826114e-05,0.003349282000272069,0.000767802542496698,0.0005738039838840284,0.15356050849933958,1.9473426005834547,0.017973072107606715,False,nan,nan,False,False
187,0.935,0.005070214999250311,0.0013065270004517515,5.950999366177712e-06,0.0001663510001890245,0.0009467729996686103,4.874099977314472e-05,0.0035546859999158187,0.0007903516685828086,0.0005843898509789022,0.15807033371656173,4.501618401455558,0.02005810573502188,False,nan,nan,False,False
188,0.9400000000000001,0.004943658000229334,0.0016859970000950852,6.331999429676216e-06,0.0012452110004232964,0.001285878000089724,4.9793000471254345e-05,0.003274572000009357,0.0007979126770129507,0.0005935653656673444,0.15958253540259013,4.434756753319932,0.01990836939625049,False,nan,nan,False,False
189,0.9450000000000001,0.005072447999737051,0.0013158240008124267,6.232000487216283e-06,0.00017630000002100132,0.0009504099998594029,4.9262999709753785e-05,0.0035387879997870186,0.000783962522947205,0.0005830328414854523,0.156792504589441,3.5269757593150333,0.02141115924002601,False,nan,nan,False,False
190,0.9500000000000001,0.00493774700044014,0.001691929000116943,6.160999873827677e-06,0.0012339109998720232,0.0012715409993688809,4.959299985785037e-05,0.0032478109997100546,0.0008231299997568023,0.0006070550218785402,0.16462599995136046,6.383160026991231,0.019987760691357197,False,nan,nan,False,False
191,0.9550000000000001,0.005024017999858188,0.0013050640000074054,6.45199997961754e-06,0.00015757500023028115,0.0009449500003029243,4.888100011157803e-05,0.003573111999685352,0.0008169162073523201,0.0006097570923577211,0.16338324147046404,3.608062056816247,0.01961770934062145,False,nan,nan,False,False
192,0.96,0.004959097000210022,0.0017270640000788262,6.1920000007376075e-06,0.0011765539993575658,0.0013283369999044226,4.9653000132821035e-05,0.0032485629999428056,0.0008198650028030084,0.0006110416924913408,0.16397300056060168,3.012654964813406,0.02316983463144761,False,nan,nan,False,False
193,0.965,0.005056438999417878,0.0013169860003472422,6.482000571850222e-06,0.00017085000035876874,0.0009486159997322829,5.940100072621135e-05,0.003529800000251271,0.000825211781789908,0.0006153157257693647,0.16504235635798162,3.884044110910894,0.02231308122380348,False,nan,nan,False,False
194,0.97,0.0049171280006703455,0.0014022059995113523,5.820999831485096e-06,0.0011124229995402857,0.0010132379993592622,4.745899968838785e-05,0.003530251000483986,0.0008360178590782633,0.0006216944175990689,0.16720357181565265,4.117893024560803,0.021703716238707205,False,nan,nan,False,False
195,0.975,0.005157277999387588,0.0013838210006724694,6.1920000007376075e-06,3.72199992852984e-05,0.0009464329996262677,0.00010182000005443115,0.003416468000068562,0.0008387123108054722,0.0006232246283223468,0.16774246216109442,4.7968205086444335,0.021916646271431195,False,nan,nan,False,False
196,0.98,0.004869538000093598,0.0015688379999119206,5.769999916083179e-06,0.0012156259999756003,0.0010378529996160069,6.161500004964182e-05,0.003345986000567791,0.0008413103024674379,0.0006245285309441056,0.16826206049348758,3.588752000503578,0.022845243476614166,False,nan,nan,False,False
197,0.985,0.004989263999959803,0.001316735000727931,6.090999704611022e-06,0.00011505600014061201,0.0009518220003883471,4.616699970938498e-05,0.003595913999561162,0.0008468633290850991,0.0006257571219901586,0.16937266581701982,4.142816781986592,0.0210337786405269,False,nan,nan,False,False
198,0.99,0.004977671000233386,0.0014488930000879918,5.470000360219274e-06,0.0012132110005040886,0.001076075000128185,4.564500068227062e-05,0.003627844000220648,0.000863511287194278,0.0006359451237024282,0.17270225743885562,4.855796788632983,0.02135517697715801,False,nan,nan,False,False
199,0.995,0.005176845000278263,0.0011707819994626334,5.410000085248612e-06,0.00015285599965864094,0.0008874320001268643,3.330199979245663e-05,0.0035803440005111042,0.0008569634243682466,0.0006334566688062284,0.1713926848736493,4.833085850981253,0.02256620394257853,False,nan,nan,False,False
200,1.0,0.004819314000087616,0.0014575499999409658,5.590000000665896e-06,0.0010885280007641995,0.0010295479996784707,4.8300999878847506e-05,0.0034944029994221637,0.0008738079997595935,0.0006414592893296657,0.1747615999519187,4.763441743166079,0.02273495631293785,False,nan,nan,False,False
201,1.0050000000000001,0.005019129000174871,0.0012795459997505532,5.851000423717778e-06,0.00011125899982289411,0.0009295410000049742,4.7139000344031956e-05,0.0036452869999266113,0.0008686893292966653,0.0006444643176216607,0.17373786585933304,4.182230860580794,0.02331782941452702,False,nan,nan,False,False
202,1.01,0.004990515999452327,0.001595067000380368,5.300000339047983e-06,0.0003954500007239403,0.0010039799999503884,4.743899989989586e-05,0.0033542510000188486,0.0008951393526221972,0.0006512346875028122,0.1790278705244394,5.72868954629212,0.023872156269565084,False,nan,nan,False,False
203,1.0150000000000001,0.005012165999687568,0.0012670320002143853,5.449999662232585e-06,0.00010693000058381585,0.000918920000003709,4.364200049167266e-05,0.0036492740000539925,0.0008779972969082471,0.0006446270614616934,0.17559945938164942,3.3265406028535245,0.022625173750621373,False,nan,nan,False,False
204,1.02,0.004980537000847107,0.0013722689991482184,5.629999577649869e-06,0.0011659629999485333,0.000970146999861754,4.6547999772883486e-05,0.0035665690002133488,0.0009126490420660776,0.0006814086217856972,0.18252980841321553,2.471124074772,0.02296227900048595,False,nan,nan,False,False
205,1.025,0.0050112339995393995,0.0013557780002884101,7.743999958620407e-06,0.00011310099944239482,0.0009954139995898004,4.556499970931327e-05,0.0035705169993889285,0.0008616637779624083,0.0006112190479129085,0.17233275559248165,5.753570349581216,0.02325563852454824,False,nan,nan,False,False
206,1.03,0.004991136000171537,0.0013904939996791654,5.009000233258121e-06,0.0006645539997407468,0.001003327999569592,4.621699918061495e-05,0.0035492269998940174,0.0008989351334705066,0.0006542677797468973,0.17978702669410132,3.847354684424455,0.02330009427341432,False,nan,nan,False,False
207,1.035,0.005011624999497144,0.0012513840001702192,5.369999598769937e-06,0.00012353199963399675,0.0008930419999160222,4.5325000428420026e-05,0.0036732779999510967,0.0009074080153043749,0.0006449521922266511,0.18148160306087496,1.3504974668159735,0.024745390220873874,False,nan,nan,False,False
208,1.04,0.0049888620005731354,0.001548550999359577,5.279000106384046e-06,0.0012224390002302243,0.0009753269996508607,4.523499956121668e-05,0.003388826000445988,0.0009944973780478734,0.0007597802551131041,0.19889947560957463,5.166658608989755,0.023304872352028445,False,nan,nan,False,False
209,1.045,0.005016584999793849,0.0015661329998692963,9.387999853061046e-06,0.0017732010001054732,0.0011318490005578496,0.0001050770006258972,0.0033516960002089036,0.0009405376766182329,0.0006918516547801228,0.1881075353236466,3.0214502081934884,0.023607938523401754,False,nan,nan,False,False
210,1.05,0.004982610000297427,0.0015674759997637011,5.550000423681922e-06,0.0011974919998465339,0.0011872730001414311,5.4011000429454725e-05,0.003495294999993348,0.000944774892712304,0.0006767453859873171,0.18895497854246082,3.5218432651892964,0.02478540701827695,False,nan,nan,False,False
211,1.055,0.00516040399998019,0.0012776829998983885,7.1829999797046185e-06,0.00015395799982798053,0.0009134900001299684,4.517399975156877e-05,0.0035075879995929427,0.0009616442862319476,0.0006965560408660962,0.19232885724638954,4.628471928564033,0.02438520803693251,False,nan,nan,False,False
212,1.06,0.004849541000112367,0.00149559099918406,5.639999471895862e-06,0.0010763249993033241,0.000961300999733794,5.9392000366642606e-05,0.003569024000171339,0.0009540494564993153,0.0006901801086458253,0.19080989129986303,5.070387866381006,0.0226193546137266,False,nan,nan,False,False
213,1.065,0.00515398199968331,0.0012792460001946893,5.20999947184464e-06,0.0001402019997840398,0.0009260340002583689,4.915200042887591e-05,0.0035172560001228703,0.0009693219243855467,0.0007029833143387381,0.1938643848771093,4.11874390528398,0.024457144101499424,False,nan,nan,False,False
214,1.07,0.0048621750001984765,0.0015562139997200575,5.380000402510632e-06,0.001135316000727471,0.0010046620000139228,4.6908000513212755e-05,0.003384136999557086,0.001015181783649173,0.0007458878602848327,0.2030363567298346,6.120943060463111,0.02553139745080164,False,nan,nan,False,False
215,1.075,0.005005082999559818,0.0012649279997276608,5.720999979530461e-06,0.00011382299999240786,0.0009166060008283239,4.6877999920980074e-05,0.00365215000056196,0.0010006493533958613,0.0007311739671536513,0.20012987067917226,3.410069407213255,0.02408132483974166,False,nan,nan,False,False
216,1.08,0.0049843639999380684,0.0014319210004032357,5.470999894896522e-06,0.0012194439996164874,0.0009780310001588077,4.42729997303104e-05,0.003543185000125959,0.0009910266257110868,0.0007252990627651451,0.19820532514221734,2.6979598292514435,0.02356444408321729,False,nan,nan,False,False
217,1.085,0.005041940999944927,0.0012834540002586436,5.590000000665896e-06,0.00011806100064859493,0.0009292699996876763,4.5435000174620654e-05,0.0035920469999837223,0.0010620341450986747,0.0007712523727210494,0.21240682901973493,7.227445097490985,0.02480038115916259,False,nan,nan,False,False
218,1.09,0.004945332000716007,0.0015328899999076384,5.470000360219274e-06,0.0011948479996135575,0.0009899630003928905,4.5464999857358634e-05,0.003444339999987278,0.001042150775042156,0.0007576022462716502,0.20843015500843118,3.304939574914164,0.026827054634035986,False,nan,nan,False,False
219,1.095,0.00504262199956429,0.0012732149998555542,5.539999619941227e-06,0.0001302840000789729,0.0009025599993037758,4.513499970926205e-05,0.003617243000007875,0.0010123797705250822,0.0007319063789608688,0.20247595410501643,4.28925163437886,0.02692768696692925,False,nan,nan,False,False
220,1.1,0.004964968000422232,0.0013648659996761126,5.711000085284468e-06,0.0011931150002055801,0.000956260999373626,4.561600053420989e-05,0.0035540050002964563,0.0010787644569954576,0.0007933479507568932,0.21575289139909154,5.995391775968251,0.027935510974628087,False,nan,nan,False,False
221,1.105,0.0049858669999593985,0.0014125249999779044,8.676000106788706e-06,0.0022665750002488494,0.0010213619998467038,4.516399985732278e-05,0.0035251509998488473,0.0010585728694394768,0.0007719554454228665,0.21171457388789536,3.298966299326563,0.027604282809277222,False,nan,nan,False,False
222,1.11,0.005001134999474743,0.0014502160001939046,5.360000614018645e-06,0.001082136000150058,0.0009919470003296738,4.440300017449772e-05,0.0035060760001215385,0.001053769686470152,0.0007705087121251779,0.21075393729403036,1.6350381612711669,0.029264706895042743,False,nan,nan,False,False
223,1.115,0.005035709999901883,0.0014207809999788878,1.6030000551836565e-05,0.0017007449996526702,0.0010083579991260194,4.4642999455390964e-05,0.0035167149999324465,0.001161245407041207,0.000829351361822328,0.2322490814082414,4.532590030484993,0.028935821308567963,False,nan,nan,False,False
224,1.12,0.005001655999876675,0.001390043000355945,5.369999598769937e-06,0.0011398850001569372,0.0009696859997347929,4.5895999392087106e-05,0.0035277070001029642,0.0011040625292189413,0.0007931301329080764,0.22081250584378825,2.8545754690972074,0.026267565342096847,False,nan,nan,False,False
225,1.125,0.005008149000786943,0.0014777369997318601,7.92500031820964e-06,0.0016720410003472352,0.001076766000551288,7.518999973399332e-05,0.0034358639995843987,0.0011472147190042135,0.0008502720175463073,0.2294429438008427,2.7826781360518154,0.027450839944942622,False,nan,nan,False,False
226,1.1300000000000001,0.004979904999345308,0.0014869950000502286,5.46000046597328e-06,0.0010944089999611606,0.0010077980005007703,5.968099958408857e-05,0.003427819000535237,0.0011056008390194713,0.0007717462380467666,0.22112016780389426,5.176887728528261,0.02999971087069933,False,nan,nan,False,False
227,1.135,0.004984434000107285,0.0014221840001482633,8.60599993757205e-06,0.002232972000456357,0.0010530720001042937,4.339099996286677e-05,0.003552551999746356,0.0011505301793022415,0.0008393362038516625,0.23010603586044828,4.790270645592836,0.027665128370925333,False,nan,nan,False,False
228,1.1400000000000001,0.005036452000240388,0.0014829470001131995,5.2999994295532815e-06,0.001118594000217854,0.001005111999802466,4.6797999857517425e-05,0.0034107769997717696,0.0011082570601611264,0.0007781765424514486,0.2216514120322253,3.0829377379878133,0.028498131544422576,False,nan,nan,False,False
229,1.145,0.005033716000070854,0.0012631859999601147,5.720999979530461e-06,3.109800036327215e-05,0.0008991839995360351,4.4983999941905495e-05,0.003590874000110489,0.0011920374132608554,0.0008881185612612356,0.2384074826521711,5.749414511226648,0.028434773950741017,False,nan,nan,False,False
230,1.1500000000000001,0.004924693000248226,0.001639509999222355,7.343999641307164e-06,0.0011082149994763313,0.001103476999560371,4.6567000026698224e-05,0.003297664999990957,0.001149469322087082,0.0008315555133513279,0.22989386441741644,2.6146085302950155,0.02853750083152267,False,nan,nan,False,False
231,1.155,0.005021502999625227,0.0014961119995859917,8.846000127959996e-06,0.0016225190001932788,0.0010990680002578301,7.934899986139499e-05,0.003439099999923201,0.0011865547033758843,0.0008728397295488799,0.23731094067517683,1.7187078772324003,0.029099296373214956,False,nan,nan,False,False
232,1.16,0.005001065000215021,0.0015403449997393182,5.590000000665896e-06,0.0011135149998153793,0.0009940219997588429,0.00014702499993290985,0.0033687080003801384,0.0011454211171338083,0.0008175414552416618,0.22908422342676163,5.918611889150939,0.03156734164455466,False,nan,nan,False,False
233,1.165,0.004981338000106916,0.0015154180000536144,1.0599999768601265e-05,0.0016755470005591633,0.001091494000320381,7.614300011482555e-05,0.0034245929991811863,0.001186240975864115,0.0008602695325003878,0.237248195172823,4.507067607501106,0.02908059418614418,False,nan,nan,False,False
234,1.17,0.005001796999749786,0.0014396460001080413,5.170000804355368e-06,0.001109086999349529,0.0009814479999477044,4.545600040728459e-05,0.003501747999507643,0.0011557309152880663,0.0008315312835142242,0.23114618305761322,4.034012904859523,0.030411677280102165,False,nan,nan,False,False
235,1.175,0.005016725000132283,0.001454733999707969,1.989700012927642e-05,0.0016906760001802468,0.0010270430002492503,5.343000066204695e-05,0.0034784740000759484,0.0012182143982356593,0.0008888714410160425,0.24364287964713185,5.136235139149591,0.030199976901791256,False,nan,nan,False,False
236,1.18,0.004994301999431627,0.0014895590002197423,5.230000169831328e-06,0.0011236649997954373,0.0009933100000125705,6.142500023997854e-05,0.0034260060001543025,0.0011802887269789504,0.0008502810368947612,0.23605774539579005,2.912300749447153,0.03117598910089773,False,nan,nan,False,False
237,1.185,0.004985747000318952,0.0014467689998127753,8.074999641394243e-06,0.0016121889993883087,0.0010686010000426904,4.437299958226504e-05,0.0034935620005853707,0.001301963813101406,0.0009779570585759772,0.26039276262028116,5.366445082611455,0.02967051370947854,False,nan,nan,False,False
238,1.19,0.005000404000384151,0.0015010499992058612,5.008999323763419e-06,0.0011019030007446418,0.0010193589996561059,5.865999992238358e-05,0.003443880000304489,0.0012547782519244971,0.0009240486638189445,0.2509556503848994,2.2574660742997543,0.029566075991935926,False,nan,nan,False,False
239,1.195,0.005033404999267077,0.0014332840000861324,7.855000148992985e-06,0.0017063349996533361,0.0010583820003375877,5.6787000175972935e-05,0.00349655799982429,0.0011765143111731869,0.0008361666580228681,0.23530286223463737,3.7426058914613827,0.030201253483646065,False,nan,nan,False,False
240,1.2,0.004996297000616323,0.001408586999787076,5.480000254465267e-06,0.0011226719998376211,0.0009691449995443691,4.237000030116178e-05,0.0035047729998041177,0.0012897458452774489,0.0009546328939400352,0.2579491690554898,5.351982307837596,0.03133634855323189,False,nan,nan,False,False
241,1.205,0.004980646000149136,0.0014298479991339264,5.188999239180703e-06,0.0016763690000516362,0.001075704000868427,4.530499973043334e-05,0.0034999440003957716,0.0012367721176315435,0.0008892834657801621,0.2473544235263087,2.827380352214974,0.030452340809528425,False,nan,nan,False,False
242,1.21,0.004991377999431279,0.0014027770002940088,5.210000381339341e-06,0.001105019999158685,0.0009810169995034812,4.267999975127168e-05,0.0035240890001659864,0.0013087334826206165,0.0009816260933214836,0.26174669652412325,3.8914873396978718,0.02960979112933748,False,nan,nan,False,False
243,1.215,0.004991958000573504,0.0014579599992430303,7.614000423927791e-06,0.002203576000283647,0.0010759449996839976,4.4252999941818416e-05,0.003492300000289106,0.0012432648267497299,0.0008867413522352027,0.24865296534994594,3.9900117679841225,0.032408087200332586,False,nan,nan,False,False
244,1.22,0.005011764999835577,0.001444043999981659,4.83900021208683e-06,0.0011108799999419716,0.0009722009999677539,5.3669999942940194e-05,0.003501747999507643,0.0013568336144704296,0.0010172645097898444,0.2713667228940859,5.591135591517896,0.031041020410207534,False,nan,nan,False,False
245,1.225,0.00508768700001383,0.0012767809994329582,5.9809999584103934e-06,3.136899977107532e-05,0.0009246210001947475,5.0314999498368707e-05,0.0035590150000643916,0.0013135570409356218,0.000966064361271772,0.2627114081871244,2.149989232034798,0.032900778261477,False,nan,nan,False,False
246,1.23,0.004901659000097425,0.0014657049996458227,5.550000423681922e-06,0.0005097140001453226,0.0010356189995945897,4.921199979435187e-05,0.003472061999673315,0.0012473986015121834,0.000889303288010233,0.24947972030243673,3.556791884781207,0.030354131847360175,False,nan,nan,False,False
247,1.235,0.005006825999771536,0.0014427219994104235,1.2163000064902008e-05,0.001674375000220607,0.0010684310000215191,4.5214999772724696e-05,0.0034960770008183317,0.0013821338874435735,0.0010280990902768912,0.2764267774887147,6.326086600680214,0.033884256701124625,False,nan,nan,False,False
248,1.24,0.00500034400010918,0.0015742079995106906,5.550999958359171e-06,0.0009872890004771762,0.0010076570006276597,4.78490001114551e-05,0.003355394000209344,0.0013323950890562343,0.0009696151996008134,0.2664790178112469,2.4319947997925198,0.03325736089010788,False,nan,nan,False,False
249,1.245,0.004993081000066013,0.001454713999919477,5.390000296756625e-06,0.0021146799999769428,0.0011063020001529367,4.491399977268884e-05,0.003538124999977299,0.0013453250116901066,0.0009949684356612282,0.26906500233802133,1.300824181960137,0.031058184257207896,False,nan,nan,False,False
250,1.25,0.005061027000010654,0.0014746709994142293,6.00200019107433e-06,0.0010566190003373777,0.0010090999994645244,4.513500061875675e-05,0.0033999180004684604,0.0014256302715045788,0.0010100211754970577,0.2851260543009158,6.278980676524567,0.034529620081863714,False,nan,nan,False,False
251,1.2550000000000001,0.004948175999743398,0.0014262109998526284,5.689999852620531e-06,0.002106544999151083,0.0010633819993017823,4.465299934963696e-05,0.003515893999974651,0.001402638789201606,0.0010131409429378433,0.2805277578403212,3.295083482170398,0.03317478541206601,False,nan,nan,False,False
252,1.26,0.00500771800034272,0.0013523719999284367,7.343999641307164e-06,0.0009835419996306882,0.0009504099998594029,4.4053000237909146e-05,0.0035798639992208336,0.001374869766514497,0.0010198793634585215,0.2749739533028994,2.295312377086217,0.03356985698346495,False,nan,nan,False,False
253,1.2650000000000001,0.005021562999900198,0.0016307539999615983,7.1829999797046185e-06,0.002137732999472064,0.001148100999671442,7.137399916246068e-05,0.0032739609996497165,0.001572233912742766,0.00111783082096557,0.3144467825485532,9.144463071623,0.035233110775392346,False,nan,nan,False,False
254,1.27,0.004970387999492232,0.002234515000054671,5.74100067751715e-06,0.0010100319996126927,0.0010367719996793312,0.000137095999889425,0.0027693250003721914,0.0015152958169237381,0.0010822200550396899,0.3030591633847476,2.721710843969828,0.03532434323139585,False,nan,nan,False,False
255,1.2750000000000001,0.005072048000329232,0.0014998890001152176,5.9419999161036685e-06,0.0021018959996581543,0.0010919549995378475,7.419900066452101e-05,0.003360021999469609,0.0014483534605727098,0.001045562692034905,0.28967069211454194,3.195828293183046,0.03511023408123715,False,nan,nan,False,False
256,1.28,0.004922407999401912,0.0013724400005230564,5.399999281507917e-06,0.0008622240002296166,0.0009834809998210403,6.840799960627919e-05,0.003561048999472405,0.0014217091935913486,0.0010510708253389824,0.28434183871826973,2.268541054774331,0.037075028377668344,False,nan,nan,False,False
257,1.285,0.005005524000807782,0.0014180849993863376,5.870999302715063e-06,0.0019509530002324027,0.0010608369993860833,4.700800036516739e-05,0.003511777000312577,0.0015689751239615008,0.0011078018911278575,0.31379502479230015,7.9473952305941555,0.03762427537457595,False,nan,nan,False,False
258,1.29,0.004991817999325576,0.0013377450004554703,4.9390000640414655e-06,0.0010864449996006442,0.0009446189997106558,4.49740000476595e-05,0.0036008930001116823,0.0015237320920009508,0.0010872033535172,0.3047464184001901,2.849433763743727,0.03601409645510607,False,nan,nan,False,False
259,1.295,0.005003389000194147,0.001432883000234142,5.720999979530461e-06,0.0021263420003378997,0.0010848219999388675,4.31910002589575e-05,0.0035052840003118035,0.0014737926443948034,0.0010683461302556652,0.2947585288789607,2.936847289140398,0.03735210422241882,False,nan,nan,False,False
260,1.3,0.004995864999727928,0.0013640250008393195,4.978999641025439e-06,0.001062129000274581,0.0009708179995868704,4.424300004757242e-05,0.003575705999537604,0.0014676856185576823,0.0010781653213477373,0.29353712371153645,1.4537917543320154,0.039107690652350494,False,nan,nan,False,False
261,1.305,0.005002058000172838,0.001404739999998128,5.109000085212756e-06,0.00211304700042092,0.0010224649995507207,4.527500004769536e-05,0.003532044000166934,0.001524344818494035,0.0010718363315153998,0.304868963698807,6.288010405833444,0.03754134972006309,False,nan,nan,False,False
262,1.31,0.0050017560006381245,0.001422002999788674,5.2400000640773214e-06,0.0009563200001139194,0.0009541869994791341,4.485399949771818e-05,0.0035205630001655663,0.0015100405929464372,0.0010710682412311285,0.30200811858928744,2.402655836737451,0.03548978941761237,False,nan,nan,False,False
263,1.315,0.005004611999538611,0.0014603549998355447,5.110000529384706e-06,0.0020826299996770103,0.0010767869998744573,6.722600028297165e-05,0.003482099999928323,0.0015134755593961882,0.0011081690124010602,0.3026951118792376,5.446328205449614,0.03676986151655439,False,nan,nan,False,False
264,1.32,0.005002748000151769,0.0014425819999814848,5.079999937152024e-06,0.0009667599997555953,0.0009715900005176081,4.483399970922619e-05,0.0034979599995494937,0.001492247353401524,0.0010853473810587995,0.2984494706803048,3.3408495885499327,0.03932470857216482,False,nan,nan,False,False
265,1.325,0.005004482000003918,0.0014165729999149335,5.359999704523943e-06,0.002074295000056736,0.001073299999916344,4.379199981485726e-05,0.0035167149999324465,0.0015762150190661085,0.0011522097577469585,0.3152430038132216,4.318294255311043,0.03727592519082262,False,nan,nan,False,False
266,1.33,0.005005723999602196,0.0013485950003087055,5.720999979530461e-06,0.0009738839999045013,0.0009460319997742772,5.815900021843845e-05,0.003567560999726993,0.001528570890165954,0.0011101675829651297,0.3057141780331908,3.319271643699121,0.037584505294047284,False,nan,nan,False,False
267,1.335,0.004980356000487518,0.001406333999511844,5.119999514135998e-06,0.0020598670007530018,0.0010609159999148687,4.4843999603472184e-05,0.003530009999849426,0.0014978546450789413,0.0010778986769641383,0.29957092901578825,2.7505152727627946,0.04093740400536468,False,nan,nan,False,False
268,1.34,0.005002959000194096,0.0014238359999581007,5.711000085284468e-06,0.0009543480000502313,0.0009999230005632853,4.6546999328711536e-05,0.0035435760000837035,0.0015336920982584304,0.001114796708972795,0.3067384196516861,4.361518305896761,0.039901832515630536,False,nan,nan,False,False
269,1.345,0.00503533899973263,0.001514456000222708,5.44099930266384e-06,0.0021228649993645377,0.0011180040000908775,7.80059999669902e-05,0.0033894779999172897,0.0015093659795932985,0.0010663837992948531,0.3018731959186597,5.090959526475103,0.039672061873620997,False,nan,nan,False,False
270,1.35,0.004974134999429225,0.0014232760004233569,5.41099961992586e-06,0.0009512209999229526,0.0009447289994568564,4.5945999772811774e-05,0.0035137189997840323,0.0015298085251698834,0.0011026690448210884,0.3059617050339767,4.035477283025352,0.038722467573054684,False,nan,nan,False,False
271,1.355,0.00499989300078596,0.0014698729992232984,5.229999260336626e-06,0.0020655480002460536,0.0010883280001507956,6.910999945830554e-05,0.0034855170006267144,0.0015036091347660498,0.0010578669605777902,0.3007218269532099,3.7334112360462495,0.04065570847311635,False,nan,nan,False,False
272,1.36,0.005021502999625227,0.0013747450002483674,5.3700005082646385e-06,0.0010027079997598776,0.0009845439999480732,4.3682000068656635e-05,0.0035249309994469513,0.0015324804912216607,0.0011021693424411987,0.30649609824433216,3.8701825403831593,0.04092140698954771,False,nan,nan,False,False
273,1.365,0.004962965000231634,0.0014522589999614866,5.32000012753997e-06,0.0020704170001408784,0.0010951909998766496,4.5525000132329296e-05,0.003503150000142341,0.0015163096939966893,0.0010664130992799007,0.3032619387993378,2.6273366602733437,0.039806210840890165,False,nan,nan,False,False
274,1.37,0.005024819000027492,0.0014122649999990244,5.881000106455758e-06,0.000998989999970945,0.0009370950001539313,5.6386000323982444e-05,0.0035106539999105735,0.001546835039203936,0.001116547734465876,0.30936700784078724,4.02221066985102,0.03835421311837881,False,nan,nan,False,False
275,1.375,0.004984264000086114,0.0014315909993456444,5.099999725644011e-06,0.00209176699991076,0.0010838099997272366,4.361100036476273e-05,0.003507648000777408,0.0015182343657849588,0.0010647206033562538,0.3036468731569918,3.4358229319109626,0.040736539533312015,False,nan,nan,False,False
276,1.3800000000000001,0.005003769999348151,0.0014835179999863612,4.980000085197389e-06,0.0009615710005164146,0.0009894320000967127,5.913099994359072e-05,0.003442367000388913,0.0015562930786293882,0.00112446300664284,0.31125861572587765,3.5675593492609416,0.04096425945388146,False,nan,nan,False,False
277,1.385,0.004989855000530952,0.0014072149997446104,5.369999598769937e-06,0.0020736440001201117,0.0010574799998721574,4.5124000280338805e-05,0.003526763999616378,0.0015155197546138362,0.001055159301037143,0.3031039509227672,3.981202120897907,0.038723238769794714,False,nan,nan,False,False
278,1.3900000000000001,0.005001284999707423,0.001428614999895217,5.17999978910666e-06,0.0009714790003272356,0.0009534350001558778,4.615699981513899e-05,0.0035200419997636345,0.0015672967183858575,0.0011279936791762386,0.3134593436771715,3.8078031285302245,0.038550750530230445,False,nan,nan,False,False
279,1.395,0.005012516000533651,0.0014658759992016712,4.89899957756279e-06,0.002086686999973608,0.0010992489997079247,6.0092000239819754e-05,0.0034857670007113484,0.0015216908087509304,0.0010625089922611363,0.3043381617501861,2.840257247478072,0.040511989907897686,False,nan,nan,False,False
280,1.4000000000000001,0.005016864999561221,0.001099889999750303,5.259999852569308e-06,0.0009820489995036041,0.0008269990003100247,3.3263000659644604e-05,0.0037972509999235626,0.0015931988296719161,0.0011576036550955335,0.3186397659343832,4.035668025602174,0.04103914026420761,False,nan,nan,False,False
281,1.405,0.00496184199982963,0.0014091490002101636,5.671000508300494e-06,0.0021117349997439305,0.0010487540002941387,5.636600053549046e-05,0.003535810999892419,0.0015515181452174036,0.0010973877008973523,0.31030362904348074,2.479452931628563,0.03886374126256776,False,nan,nan,False,False
282,1.41,0.005012868000449089,0.0014059019995329436,5.449999662232585e-06,0.00096685999960755,0.0009520630001134123,4.607699975167634e-05,0.003526464000060514,0.0016352109137531719,0.001204777938846914,0.3270421827506344,4.3480034130295095,0.038074982870123814,False,nan,nan,False,False
283,1.415,0.004995954999685637,0.0014494240003841696,5.419999979494605e-06,0.0020904149996567867,0.0010911239996858058,4.5946000682306476e-05,0.0035131989998262725,0.001583000494034773,0.0011329146586621895,0.31660009880695456,2.911485132835074,0.03986130834968295,False,nan,nan,False,False
284,1.42,0.00502704399968934,0.0014590820001103566,5.640999916067813e-06,0.00098938300016016,0.0009647470005802461,6.657500034634722e-05,0.0034480470003472874,0.0016691622452123071,0.0012353949652634325,0.33383244904246145,4.212022451200466,0.04039213241845519,False,nan,nan,False,False
285,1.425,0.004970508000042173,0.001508684999862453,5.439999767986592e-06,0.002067221000288555,0.001016252999761491,7.742499929008773e-05,0.003447396000410663,0.0016116847421812448,0.0011630507520184775,0.322336948436249,2.9706709668340463,0.04187903231383642,False,nan,nan,False,False
286,1.43,0.005024469000090903,0.0013827990005665924,5.570000212173909e-06,0.0008960380000644363,0.0010368820003350265,4.4733999857271556e-05,0.0035305019991938025,0.0017100074109216937,0.0012666135423753354,0.34200148218433873,4.449742169565486,0.04058091845572362,False,nan,nan,False,False
287,1.435,0.004975668000042788,0.0012342810005065985,4.988999535271432e-06,0.00019182899995939806,0.0008955370003604912,4.388200068206061e-05,0.003701400999489124,0.0016411838122754763,0.0011888730870084005,0.32823676245509525,3.4044614966985325,0.04246938093094352,False,nan,nan,False,False
288,1.44,0.005004651000490412,0.001432452999324596,5.640999916067813e-06,0.0007811929999661515,0.0010801320004247827,4.4754000555258244e-05,0.0035131290005665505,0.001738996649539445,0.0012873460674582941,0.347799329907889,4.892391432698663,0.04529848583034942,False,nan,nan,False,False
289,1.445,0.005011164999814355,0.0012282299994694768,5.671000508300494e-06,0.00029460199948516674,0.0008875019993865862,4.44329998572357e-05,0.0036925140002495027,0.0016867460889851125,0.0012296444549587567,0.3373492177970225,3.211100662154372,0.04532444925416459,False,nan,nan,False,False
290,1.45,0.004991736999727436,0.0014435539997066371,5.981999493087642e-06,0.0008586679996369639,0.0010884780003834749,4.417299987835577e-05,0.0034994030002053478,0.0016617398834996634,0.001179360109648031,0.3323479766999327,5.154906522453043,0.043173413293857016,False,nan,nan,False,False
291,1.455,0.005017575999772816,0.0012424970000211033,4.878999789070804e-06,0.00032111200016515795,0.0009040830000230926,4.262999937054701e-05,0.0036690910001198063,0.0016833721602682729,0.0012113202551319799,0.3366744320536546,2.7338824412004845,0.0459586995129584,False,nan,nan,False,False
292,1.46,0.004978123000000778,0.00143794199993863,5.089000296720769e-06,0.0008566939995944267,0.0010880580002776696,4.469400028028758e-05,0.003528768000251148,0.0017109768780367144,0.0012315759338142815,0.3421953756073429,2.70427125566735,0.046615177367793637,False,nan,nan,False,False
293,1.465,0.005030941000768507,0.0012691959991570911,5.220000275585335e-06,0.0002264140002807835,0.0009117580002566683,4.55150002380833e-05,0.0036298380000516772,0.0017034351235829287,0.0012219572732019152,0.34068702471658574,4.806105625630272,0.0454663864425248,False,nan,nan,False,False
294,1.47,0.004967301999386109,0.001440777999960119,5.661000614054501e-06,0.0007619470006829943,0.000982329999715148,4.4252999941818416e-05,0.0035027290005018585,0.0017258882570907938,0.001251544595089929,0.34517765141815876,4.191688612400095,0.044100863556631245,False,nan,nan,False,False
295,1.475,0.005008267999983218,0.00126329600061581,5.619999683403876e-06,0.00019776099998125574,0.000907298999663908,5.6696000683587044e-05,0.0036620779992517782,0.0016984318460999978,0.0012064089841256481,0.33968636921999956,4.15854338607489,0.044499231190132736,False,nan,nan,False,False
296,1.48,0.00499199900059466,0.001482385999224789,5.670999598805793e-06,0.0007645920004506479,0.001111532000322768,6.285800009209197e-05,0.0034551300004750374,0.00175210918341179,0.0012768729994602386,0.35042183668235793,5.018163553334984,0.04607974892706564,False,nan,nan,False,False
297,1.485,0.0050043809997077915,0.0012517240002125618,5.359999704523943e-06,0.00017106999985117,0.0009124889993472607,4.423300015332643e-05,0.003684899999825575,0.0017237666627995332,0.0012392057519194262,0.34475333255990664,2.3036836609479145,0.047581161177543574,False,nan,nan,False,False
298,1.49,0.0050059039995176136,0.0014444860007643001,5.691000296792481e-06,0.0007699420002609259,0.0010720780001065577,4.7558999540342484e-05,0.0034804169999915757,0.0017453824611032513,0.0012509942678233417,0.34907649222065024,4.558352447296477,0.04306214769676104,False,nan,nan,False,False
299,1.495,0.004989053000826971,0.0012397619993862463,5.480000254465267e-06,0.00019171900021319743,0.0009009570003399858,4.5384999793895986e-05,0.003692453999974532,0.0017345341065923886,0.001247732607183999,0.3469068213184777,3.287921526082357,0.04614636688248025,False,nan,nan,False,False
300,1.5,0.004997377999643504,0.0014562970000042696,5.541000064113177e-06,0.0007535810000263155,0.0010971840001730016,4.618700040737167e-05,0.0034992629998669145,0.0017535666769304477,0.0012620294440987175,0.3507133353860895,2.1164885185898514,0.047883476850306195,False,nan,nan,False,False
301,1.5050000000000001,0.005020292000153859,0.0012459629997465527,5.509999937203247e-06,0.00025355499928991776,0.0009072089997061994,4.528499994194135e-05,0.0036669370001618518,0.001707809378079052,0.0012070206916754075,0.3415618756158104,5.112813310494918,0.04817900041064191,False,nan,nan,False,False
302,1.51,0.004978152000148839,0.0014350569999805884,5.158999556442723e-06,0.0008048780000535771,0.00109048200010875,4.480300049181096e-05,0.003508830999635393,0.001745280464883764,0.0012474528474434553,0.3490560929767528,3.115568278400834,0.046632453894985014,False,nan,nan,False,False
303,1.5150000000000001,0.0050043609999192995,0.0013946219996796572,5.158999556442723e-06,0.0018674670000109472,0.0010363910005253274,4.75390006613452e-05,0.0035369630004424835,0.0017695585356992385,0.0012592631740148928,0.35391170713984765,3.252071627944394,0.04764357688032566,False,nan,nan,False,False
304,1.52,0.004999922999559203,0.0015089959997567348,5.470999894896522e-06,0.0007618469999215449,0.001126569999541971,7.462899975507753e-05,0.003425104000598367,0.0017820548424708812,0.0012745288202840079,0.3564109684941762,4.415671894474507,0.04658349404584043,False,nan,nan,False,False
305,1.5250000000000001,0.004999482000130229,0.0012540589996206108,5.360999239201192e-06,0.00018936500055133365,0.0009031809995576623,4.5495000449591316e-05,0.0036814740005866042,0.0017692831631290831,0.001271328165406642,0.3538566326258166,3.4798072593733433,0.045805021261894514,False,nan,nan,False,False
306,1.53,0.0050041020003845915,0.0014155199996821466,5.2699997468153015e-06,0.0007593519994770759,0.001064433999999892,4.4333000005281065e-05,0.0035156840003764955,0.0018283195956583247,0.0013089845662532344,0.36566391913166496,6.146549848997204,0.04786209512320447,False,nan,nan,False,False
307,1.5350000000000001,0.004992107999896689,0.0012381779997667763,5.009000233258121e-06,0.0001834029999372433,0.0009024199998748372,4.406300013215514e-05,0.003699357999721542,0.0018097285871963254,0.0013004172791797504,0.36194571743926507,2.6399463717069804,0.04608766838293836,False,nan,nan,False,False
308,1.54,0.005004010999982711,0.0016471839999212534,5.068999598734081e-06,0.0007552649994977401,0.0010231360001853318,5.243800023890799e-05,0.0033480399997642962,0.0017759177201631224,0.001282459397988732,0.3551835440326245,4.407931274056587,0.047041140823903434,False,nan,nan,False,False
309,1.545,0.005086143999506021,0.0012718719999611494,5.601000339083839e-06,0.00013923099959356477,0.0009212850000039907,4.517499928624602e-05,0.003586706000533013,0.0017991550712855736,0.0012939253480723258,0.35983101425711467,2.835403069216204,0.04949387261514166,False,nan,nan,False,False
310,1.55,0.004933228000481904,0.0015789270000823308,5.760000021837186e-06,0.0006502280002678162,0.00101218500003597,4.650699975172756e-05,0.0033357570000589476,0.0018412667902105546,0.00134557773530726,0.3682533580421109,5.162117459989493,0.04618540003858258,False,nan,nan,False,False
311,1.555,0.004979434999768273,0.0014778969998587854,5.2400000640773214e-06,0.001783910999620275,0.001116892000027292,5.7156999901053496e-05,0.0034886430003098212,0.0018385473860309035,0.0013305603267049979,0.3677094772061807,3.986254844847704,0.04801880029825019,False,nan,nan,False,False
312,1.56,0.005034527999669081,0.0015040260004752781,5.4000001910026185e-06,0.0007846090002203709,0.00112877399988065,4.740899930766318e-05,0.0034181809996880475,0.0018281866062663022,0.0013315807839187482,0.36563732125326043,1.9621114564222195,0.04894584740743934,False,nan,nan,False,False
313,1.565,0.004986427999938314,0.0014998579999883077,5.529999725695234e-06,0.0018586609994599712,0.0011015529998985585,7.7556000178447e-05,0.0034232210000482155,0.001917948303289228,0.0013764934042095264,0.3835896606578456,7.139874213214715,0.0463815964343785,False,nan,nan,False,False
314,1.57,0.004990575000192621,0.0014857220003250404,5.491000592883211e-06,0.0007818449994374532,0.0011250859997744556,5.589499960478861e-05,0.0034331999995629303,0.0019010784949682244,0.001370859301308782,0.3802156989936449,2.1145772680559194,0.04554473867653783,False,nan,nan,False,False
315,1.575,0.004976109000381257,0.0014069339995330665,4.618999810190871e-06,0.0018081660000461852,0.0009612800004106248,4.3881999772565905e-05,0.003539148000527348,0.00187689488402398,0.0013689014809913705,0.37537897680479604,3.990343578760071,0.046836185636741676,False,nan,nan,False,False
316,1.58,0.005011534000004758,0.0014537729994117399,5.29000044480199e-06,0.0007665160001124605,0.0010612079995553358,4.599600015353644e-05,0.003519130000313453,0.0019033210362387383,0.0013870861506084763,0.3806642072477477,3.4059815579307555,0.046482976150093655,False,nan,nan,False,False
317,1.585,0.005038907000198378,0.0013853039999958128,5.670000064128544e-06,0.001880520999293367,0.0009920580005200463,4.572499983623857e-05,0.003511474999868369,0.001905672916940029,0.0013956482807714297,0.3811345833880058,3.880571959624412,0.049420656426249474,False,nan,nan,False,False
318,1.59,0.00496570899940707,0.0015531879998889053,5.310000233293977e-06,0.0007786880005369312,0.0010643529994922574,6.687499990221113e-05,0.0033788070004447945,0.001916122393440623,0.0014009030894093395,0.3832244786881247,3.123272487081766,0.046155197228225205,False,nan,nan,False,False
319,1.595,0.00501661399994191,0.0014634100007242523,5.098999281472061e-06,0.0018805210002028616,0.0010706140001275344,4.856099985772744e-05,0.0034703689998423215,0.001973652398486839,0.001450581774206948,0.39473047969736774,3.206940637080387,0.04818429560888142,False,nan,nan,False,False
320,1.6,0.004997939000531915,0.0014738899999429123,4.859000000578817e-06,0.0008107390003715409,0.001051548999384977,6.0012000176357105e-05,0.0034564529996714555,0.0019645890589282677,0.0014353742617241698,0.3929178117856535,3.6781075435687502,0.04721233342446798,False,nan,nan,False,False
321,1.605,0.00499407200004498,0.0014036689999556984,5.570999746851157e-06,0.0018586409996714792,0.001054043999829446,4.534499930741731e-05,0.0035185489996365504,0.002007708876480062,0.0014906283609692449,0.4015417752960124,4.736082151486324,0.04900744061258772,False,nan,nan,False,False
322,1.61,0.004991578000044683,0.0014441739995163516,5.560000317927916e-06,0.0007805919995007571,0.0010837190002348507,4.714899932878325e-05,0.0035057450004387647,0.001995783572611921,0.0014696513930179851,0.3991567145223842,2.9069313125235507,0.049724370849186836,False,nan,nan,False,False
323,1.615,0.005014118999497441,0.0015057700002216734,5.310000233293977e-06,0.0018532909998612013,0.0011076040000261855,9.543800024403026e-05,0.0034230000001116423,0.0020525756263991128,0.0015133562965973964,0.41051512527982253,4.487924068325999,0.04926378715973189,False,nan,nan,False,False
324,1.62,0.0049957450000874815,0.0016041349999795784,5.480000254465267e-06,0.0006575710003744462,0.0012234310006533633,4.469399937079288e-05,0.0033334420004393905,0.002032605696297736,0.0015000604284732266,0.4065211392595472,2.6664015533810477,0.05168732631965253,False,nan,nan,False,False
325,1.625,0.005028446999858716,0.001280849000067974,5.119999514135998e-06,0.00014002199986862252,0.0009305719995609252,4.502399951888947e-05,0.003612104000239924,0.002025909584134277,0.0014882874515404834,0.4051819168268554,2.316565481436278,0.04835387915198087,False,nan,nan,False,False
326,1.6300000000000001,0.004960920000485203,0.0016010379995350377,5.4000001910026185e-06,0.0006662470004812349,0.0010369209994678386,4.6516999645973556e-05,0.003330346999973699,0.0020949587685654084,0.0015605386391325735,0.4189917537130817,6.64463722765766,0.0477967728206635,False,nan,nan,False,False
327,1.635,0.004992458999367955,0.001409049000358209,4.939999598718714e-06,0.0017816870004025986,0.001067248999788717,4.387199987831991e-05,0.003530742000293685,0.002090499289022115,0.0015522620359024186,0.418099857804423,2.9635761115399033,0.0524700363035574,False,nan,nan,False,False
328,1.6400000000000001,0.0050078680005753995,0.001443352999558556,5.6110002333298326e-06,0.0007731979994787253,0.000992960000075982,4.516399985732278e-05,0.003522637000060058,0.002062940328850587,0.0015207661291660388,0.41258806577011736,2.266168111850378,0.04958138159276121,False,nan,nan,False,False
329,1.645,0.005027725000218197,0.0014740409997102688,5.160000000614673e-06,0.001866976000201248,0.0009871680003925576,7.518100028391927e-05,0.0034429269999236567,0.0022048366961192373,0.0016633996215093087,0.44096733922384745,7.236204329673504,0.049882068809701044,False,nan,nan,False,False
330,1.6500000000000001,0.004985255999599758,0.0015658419997635065,5.660000169882551e-06,0.0007896289998825523,0.0010483329997441615,5.8820000049308874e-05,0.0033502739997857134,0.0021708503655720607,0.0016257262837220295,0.4341700731144121,2.240844231660153,0.05428307427338207,False,nan,nan,False,False
331,1.655,0.004978332000064256,0.0013903640001444728,5.060000148660038e-06,0.001824175999900035,0.0010449270002936828,4.2409999878145754e-05,0.0035514510000211885,0.0021193028400091013,0.0015679865787046852,0.4238605680018202,3.331604596345911,0.05493958643098016,False,nan,nan,False,False
332,1.6600000000000001,0.005009802000131458,0.0015003600001364248,5.621000127575826e-06,0.0007947980002427357,0.0011293150000710739,6.385999949998222e-05,0.0034275379994141986,0.002121353635570272,0.0015801232000489558,0.4242707271140544,2.392200130115082,0.05544571909455015,False,nan,nan,False,False
333,1.665,0.004989072999705968,0.0014140680004857131,4.999000339012127e-06,0.001796843999727571,0.001061918999766931,4.572600028041052e-05,0.0035403599995333934,0.002189651045612673,0.0016109604556391564,0.43793020912253455,6.781556546387822,0.055220880713660866,False,nan,nan,False,False
334,1.67,0.005021212999963609,0.0014945689999876777,5.650999810313806e-06,0.0007883970001785201,0.0010181260004173964,6.33589997960371e-05,0.003428148999773839,0.00217183150113768,0.0016039738368000891,0.434366300227536,2.126106668852264,0.0530831214264078,False,nan,nan,False,False
335,1.675,0.00498519499979011,0.0012487690000853036,5.189999683352653e-06,0.00021323900000425056,0.0009079800001927651,4.525500025920337e-05,0.003686583000671817,0.0021398665475415263,0.0015876711267969641,0.4279733095083052,2.5927531318129846,0.055206061329707665,False,nan,nan,False,False
336,1.68,0.0050007650006591575,0.001415910999639891,5.259999852569308e-06,0.0007677880003029713,0.0009801260002859635,4.359200011094799e-05,0.003526493999743252,0.0021924381281945163,0.0016339121692110388,0.43848762563890314,2.386361003316205,0.05470631309168979,False,nan,nan,False,False
337,1.685,0.005007095999644662,0.0012703789998340653,5.369999598769937e-06,0.00021795800057589076,0.0009258939999199356,4.578599964588648e-05,0.003658481000456959,0.002135884885169673,0.0015762092467239697,0.42717697703393454,2.6750494063426493,0.05438902423652373,False,nan,nan,False,False
338,1.69,0.004997459000151139,0.0014389239995580283,5.670000064128544e-06,0.0007890169999882346,0.001085462999981246,4.6627999836346135e-05,0.003509783000481548,0.0022620244790083617,0.00170768337767601,0.4524048958016723,6.649168493766889,0.05825745373573826,False,nan,nan,False,False
339,1.695,0.005011884999476024,0.0012645180004255963,5.219999366090633e-06,0.00021932100025878754,0.000922217000152159,4.589600030158181e-05,0.003655235000223911,0.0022235195356459154,0.001663380981383255,0.44470390712918306,1.9892160200557198,0.05534255143276586,False,nan,nan,False,False
340,1.7,0.004987981000340369,0.0014157710002109525,5.711000085284468e-06,0.0007779970001138281,0.0009974080003303243,4.688700028054882e-05,0.003516865999699803,0.0021653767839266568,0.0015973254892803664,0.4330753567853313,3.4029716637482705,0.05522564243718865,False,nan,nan,False,False
341,1.705,0.004998870999770588,0.0015406950005854014,5.781000254501123e-06,0.0018649220000952482,0.0010219129999313736,9.217299975716742e-05,0.003408492999369628,0.0023032178821441097,0.0017544488231083545,0.460643576428822,6.964966597087461,0.0583367098775553,False,nan,nan,False,False
342,1.71,0.005015642000216758,0.0015243249999912223,5.8310006352257915e-06,0.0008088750000752043,0.0011447630004113307,5.012400015402818e-05,0.003392673000234936,0.0022635026998115712,0.0017080694170831107,0.45270053996231424,2.047739010470609,0.059602010481723824,False,nan,nan,False,False
343,1.715,0.004979385000297043,0.0013762069993390469,5.49000014871126e-06,0.001841137000155868,0.0010276040002281661,4.477400034375023e-05,0.003559917000529822,0.0022013590748225878,0.001635311484052146,0.44027181496451756,3.4823392101218773,0.05616113603222649,False,nan,nan,False,False
344,1.72,0.0050041209997289116,0.0015164400001594913,5.590999535343144e-06,0.0007826050004950957,0.0010449460005474975,4.9342000238539185e-05,0.00340993499958131,0.0022158280053579085,0.0016560288298576899,0.44316560107158165,2.4676900661209826,0.05683037963663687,False,nan,nan,False,False
345,1.725,0.004986017000192078,0.001373361999867484,4.648999492928851e-06,0.001783940999303013,0.0010222540004178882,4.265999996277969e-05,0.0035684719996424974,0.002226963353590825,0.00163094683916239,0.44539267071816496,7.305505457681745,0.05930448977516244,False,nan,nan,False,False
346,1.73,0.00500597399968683,0.0015096070001163753,5.138999767950736e-06,0.0007733180000286666,0.001137429999289452,6.305800070549594e-05,0.003431746999922325,0.0022176499807628385,0.0016327105032330792,0.44352999615256766,2.24853096355123,0.05516741563818904,False,nan,nan,False,False
347,1.735,0.0050051329999405425,0.0013706070003536297,5.310000233293977e-06,0.0018491319997337996,0.0010178560005442705,4.392200025904458e-05,0.0035641140002553584,0.002217538958537483,0.0016500886369371186,0.44350779170749655,2.9974704620276857,0.058130371059456946,False,nan,nan,False,False
348,1.74,0.005000744999961171,0.0013927680001870613,5.500999577634502e-06,0.0007842989998607663,0.001046168999891961,4.373100000520935e-05,0.0035422930004642694,0.00220343076409502,0.0015924003983597106,0.440686152819004,6.081375826093241,0.054819755629597344,False,nan,nan,False,False
349,1.745,0.004997418000129983,0.0013805549997414346,5.219999366090633e-06,0.0018524390006859903,0.0010345569999117288,4.55959998362232e-05,0.003555899000275531,0.0022254890330683226,0.0016330403569230663,0.4450978066136645,3.197067374917293,0.05657039518401273,False,nan,nan,False,False
350,1.75,0.00500354999985575,0.0014288660004240228,5.761000466009136e-06,0.0007884670003477368,0.0010692819996620528,4.508399979386013e-05,0.0035136500000589876,0.002200889779861777,0.0016134708701003517,0.44017795597235543,1.5788482927817236,0.05440370928934989,False,nan,nan,False,False
351,1.7550000000000001,0.005008148999877449,0.001428234000741213,5.711000085284468e-06,0.0017867260003185947,0.0010854229994947673,4.3230999835941475e-05,0.0035082199992757523,0.0023531121465378306,0.001756770889160434,0.4706224293075662,6.946442110859863,0.055130484869222396,False,nan,nan,False,False
352,1.76,0.005002357000194024,0.0015174210002442123,5.480000254465267e-06,0.0007852409999031806,0.001096091999897908,8.082199929049239e-05,0.003406128999813518,0.0023159785952212605,0.001716748620754334,0.46319571904425216,1.710121539983929,0.05547118218272161,False,nan,nan,False,False
353,1.7650000000000001,0.004991296999833139,0.0013681520003956393,5.560999852605164e-06,0.0018578799999886542,0.0010255910001433222,4.3963000280200504e-05,0.003562210999916715,0.0022595781116858363,0.0016574470116072805,0.45191562233716726,2.6429641531544403,0.05502870652631646,False,nan,nan,False,False
354,1.77,0.004997368000658753,0.0014396659998965333,5.77100036025513e-06,0.000783636999585724,0.0009833909998633317,5.264799983706325e-05,0.003506756999740901,0.002237216824059181,0.001644475432772078,0.44744336481183616,1.5499663603332803,0.05610834614947383,False,nan,nan,False,False
355,1.7750000000000001,0.005009701999370009,0.001410802000464173,5.560000317927916e-06,0.001861957000073744,0.0010624500000631087,4.406199968798319e-05,0.003552110999407887,0.0024686749592894163,0.001834120654833491,0.4937349918578832,9.537449724086136,0.057810593067486565,False,nan,nan,False,False
356,1.78,0.005030189000535756,0.0013356720000956557,5.500000042957254e-06,0.000831506999929843,0.0009889719995044288,4.398300006869249e-05,0.003564784999980475,0.0024286597363950444,0.0017959599861194324,0.48573194727900887,1.74964731517812,0.05705805720195996,False,nan,nan,False,False
357,1.7850000000000001,0.004964646999724209,0.0015464959997188998,5.390000296756625e-06,0.001866204000180005,0.0011683980001180316,4.594699930748902e-05,0.0034125610000046436,0.002375864449011181,0.0017505260056716355,0.4751728898022362,2.278143821485917,0.0586902496352535,False,nan,nan,False,False
358,1.79,0.005023317000450334,0.0015447829991899198,5.46000046597328e-06,0.0007796600002620835,0.0010709959997257101,4.599600015353644e-05,0.0033627870006966987,0.0023082726954056394,0.0016904320509184556,0.46165453908112786,3.0697843862328913,0.06296663359678038,False,nan,nan,False,False
359,1.795,0.004968704999555484,0.0013228369998614653,5.32000012753997e-06,0.001808437000363483,0.0009784229996512295,4.474400066101225e-05,0.0036125249998804065,0.0023713372180686173,0.0017649237368282562,0.4742674436137234,3.5086053063796685,0.059325894989600406,False,nan,nan,False,False
360,1.8,0.005005412999707914,0.0014973540000937646,5.40999917575391e-06,0.0007617869996465743,0.001094790000024659,6.287799988058396e-05,0.003434181000557146,0.002328089554676608,0.0017095726133613334,0.46561791093532157,2.620577948248995,0.061749383537737144,False,nan,nan,False,False
361,1.805,0.004996876999939559,0.0013919870007157442,5.208999937167391e-06,0.0018399860000499757,0.0010406989995317417,4.4964999688090757e-05,0.0035464309994495125,0.002445689590877975,0.001815631243524518,0.489137918175595,4.972754375916957,0.06077907088353314,False,nan,nan,False,False
362,1.81,0.005010283000046911,0.0014821160002611578,5.660999704559799e-06,0.0007952190007927129,0.0010224150000794907,6.0413000028347597e-05,0.0034454520000508637,0.0023819052949613007,0.0017519911986112954,0.4763810589922601,2.861133225510875,0.061301768679145226,False,nan,nan,False,False
363,1.815,0.004988381000657682,0.0014279439992606058,5.019000127504114e-06,0.0018312090005565551,0.0010733600001913146,4.5405000491882674e-05,0.003556611000021803,0.0023639382829099068,0.0017368610057781134,0.4727876565819814,0.7920169825205009,0.05979994430779059,False,nan,nan,False,False
364,1.82,0.0050505079998401925,0.0015031450002425117,5.17999978910666e-06,0.0007915320002211956,0.0011205279997739126,4.848099979426479e-05,0.003382093999789504,0.0024445261312541797,0.0017894644032757714,0.48890522625083593,4.046953283411876,0.060542843341599324,False,nan,nan,False,False
365,1.825,0.004948267000145279,0.0013970859999972163,5.330000021785963e-06,0.001828052999371721,0.001041019000695087,4.407199958222918e-05,0.003541921999385522,0.0023954672002619417,0.0017509573384628177,0.4790934400523883,2.8798561991536564,0.05816627619643483,False,nan,nan,False,False
366,1.83,0.0050089589994968264,0.0014289159998952528,5.449999662232585e-06,0.0007791890002408763,0.0010633209994921344,5.6335999943257775e-05,0.0035319349999554106,0.0024044880810933636,0.0017793018487122156,0.48089761621867266,1.4818522806754628,0.057902483176053364,False,nan,nan,False,False
367,1.835,0.005024430000048596,0.0013842520002071979,5.6500002756365575e-06,0.0018545729999459581,0.0010295879992554546,4.31910002589575e-05,0.0035228269998697215,0.0025045977535668143,0.0017754946742879543,0.5009195507133629,7.673568811999012,0.06336040888841181,False,nan,nan,False,False
368,1.84,0.004980456000339473,0.0014431729996431386,6.012000085320324e-06,0.0007960909997564158,0.001081886000065424,4.7849999646132346e-05,0.0035042420004174346,0.0024873973037049216,0.0017789417990610734,0.49747946074098437,1.8269753541655012,0.060227768484805946,False,nan,nan,False,False
369,1.845,0.005013177999899199,0.0014026070002728375,5.449999662232585e-06,0.001842218999627221,0.0010528319999139057,4.506400000536814e-05,0.0035187589992347057,0.002465726808536903,0.00179669084963794,0.49314536170738055,3.204055875499828,0.06285545117204078,False,nan,nan,False,False
370,1.85,0.004989222999938647,0.0014930859997548396,5.4000001910026185e-06,0.0007498940003642929,0.0011096879998149234,7.578100030514179e-05,0.0034290009998585447,0.0024278961131526918,0.0017889510930121436,0.48557922263053827,2.364952522380164,0.06269825645780257,False,nan,nan,False,False
371,1.855,0.004988300999684725,0.0013651360004587332,5.651000719808508e-06,0.0018283939998582355,0.0009800650004763156,4.437299958226504e-05,0.0035729920000449056,0.0025484787659117393,0.0018707098280112133,0.5096957531823478,6.47587255037726,0.062356959321452646,False,nan,nan,False,False
372,1.86,0.005009151000194834,0.0014684090001537697,5.8910000007017516e-06,0.0007906599994385033,0.001084641000488773,5.8739999985846225e-05,0.0034574649998830864,0.002514220899638922,0.0018470245037749064,0.5028441799277844,2.0570455807923254,0.06250491531560676,False,nan,nan,False,False
373,1.865,0.004987088999769185,0.0012272280000615865,5.208999937167391e-06,0.00011540599916770589,0.0008870609999576118,4.541500038612867e-05,0.0037110690000190516,0.0024522272371241822,0.0018017552731157405,0.4904454474248364,3.2226847987832987,0.06439617143291804,False,nan,nan,False,False
374,1.87,0.005010172000766033,0.0022475789992313366,5.86099940846907e-06,0.000641141000414791,0.0011906899999303278,0.00014669400025013601,0.0027826010000353563,0.002538375486793683,0.0018977237375502123,0.5076750973587365,4.931607960868952,0.06349365704574608,False,nan,nan,False,False
375,1.875,0.005120539000017743,0.001304692999838153,6.312000550678931e-06,0.00017708199993649032,0.0009351509997941321,5.041399981564609e-05,0.0035268840001663193,0.0024905891177836423,0.0018420409510952473,0.49811782355672846,2.7276397569020707,0.06512889932888366,False,nan,nan,False,False
376,1.8800000000000001,0.004911416999675566,0.0014515889997710474,6.130999281594995e-06,0.0011918419995708973,0.0010367509994466673,5.55240003450308e-05,0.0034634450003068196,0.0024550276878295444,0.0017890792568721822,0.4910055375659088,3.3780520001637693,0.06369477603684794,False,nan,nan,False,False
377,1.885,0.005013377999603108,0.0016246129998762626,8.596000043326057e-06,0.0022797599995101336,0.0011774550002883188,4.918200011161389e-05,0.0032617180004308466,0.002531887927963186,0.0018805103271365559,0.5063775855926372,5.054541842699058,0.06666945709699607,False,nan,nan,False,False
378,1.8900000000000001,0.004962754000189307,0.0014914929997758009,6.182000106491614e-06,0.001065405000190367,0.0009966260004148353,7.736499992461177e-05,0.0034457730007488863,0.002501819257479201,0.0018420282085738274,0.5003638514958401,1.8351004121059078,0.06507804450759107,False,nan,nan,False,False
379,1.895,0.00504355500015663,0.0016000959994926234,9.187000614474528e-06,0.0021770470002593356,0.001129303999732656,5.1716000598389655e-05,0.0032908930006669834,0.002545325275694834,0.0018833404569457077,0.5090650551389668,3.113407206795236,0.06381856248307054,False,nan,nan,False,False
380,1.9000000000000001,0.0049747559996831114,0.0016093630001705606,6.732999281666707e-06,0.0009937610002452857,0.0011927040004593437,5.9330999647499993e-05,0.003300391000266245,0.002512819427372448,0.0018554214712941525,0.5025638854744896,2.798865110301718,0.06488944798959256,False,nan,nan,False,False
381,1.905,0.004987068999980693,0.0015916700003799633,6.150999979581684e-06,0.0020604790006473195,0.0011266600004091742,5.8519999583950266e-05,0.0033320000002277084,0.00256405097043061,0.0018933395768667358,0.512810194086122,3.7583655023693847,0.06597502215875063,False,nan,nan,False,False
382,1.9100000000000001,0.0050000030005321605,0.0016067589995145681,6.4420000853715464e-06,0.0009592259993951302,0.001119155999731447,4.953299958287971e-05,0.0033198060000358964,0.0025358350607399866,0.0018726926040133207,0.5071670121479973,2.2774989764898708,0.06649293044010118,False,nan,nan,False,False
383,1.915,0.005006374999538821,0.001583674999892537,7.945000106701627e-06,0.002127724000274611,0.001120427999921958,5.5063000218069647e-05,0.0033357970005454263,0.002581518711278117,0.0018992496573485354,0.5163037422556233,4.392459482056439,0.06341262208343622,False,nan,nan,False,False
384,1.92,0.005000354000003426,0.0016153950000443729,6.643000233452767e-06,0.0009662590000516502,0.0011953489993175026,4.947300021740375e-05,0.0033035659998859046,0.00256008540345063,0.001887604381769721,0.512017080690126,2.6036900590166967,0.06484267217248649,False,nan,nan,False,False
385,1.925,0.005000373999791918,0.0015936440004225005,8.596000043326057e-06,0.0020645559998229146,0.001129014000071038,5.8339000133855734e-05,0.0033380209997631027,0.002574365185013418,0.001893767286334641,0.5148730370026836,1.9337517518795488,0.06446462687842262,False,nan,nan,False,False
386,1.93,0.005011033000300813,0.0015566560005026986,6.321999535430223e-06,0.0009740540008351672,0.0011307380000289413,4.8010000682552345e-05,0.003348118999383587,0.0025570704351099314,0.0018778338218026908,0.5114140870219863,3.6788294290345354,0.0654642910071877,False,nan,nan,False,False
387,1.935,0.004984004000107234,0.0016013579997888883,6.232000487216283e-06,0.0020601379992513102,0.001156695999270596,5.499300004885299e-05,0.0033216809997611563,0.002583428299711052,0.0018978090518098484,0.5166856599422104,2.793098811479039,0.0622618087753508,False,nan,nan,False,False
388,1.94,0.005002447000151733,0.0015622660002918565,6.461999873863533e-06,0.0009132900004260591,0.0011660830004984746,4.7499000174866524e-05,0.003353429999151558,0.002598291611466328,0.0018928961161089886,0.5196583222932656,2.284617136986746,0.06355924822660348,False,nan,nan,False,False
389,1.945,0.004992408999896725,0.0013289090002217563,5.700000656361226e-06,0.0003231860000596498,0.0009682429999884334,4.703800004790537e-05,0.003598468999371107,0.0025798644405658376,0.0018937591199411907,0.5159728881131675,2.6520522266024127,0.06626735625822522,False,nan,nan,False,False
390,1.95,0.0050101830001949565,0.0016077599993877811,6.693000614177436e-06,0.0008803190003163763,0.001195167999867408,5.007399977330351e-05,0.0033093780002673157,0.002615158587309994,0.0019017985637966445,0.5230317174619988,3.885396505009508,0.06799804090995533,False,nan,nan,False,False
391,1.955,0.004998819999855186,0.0013375349999478203,6.3520001276629046e-06,0.00032824400022946065,0.0009688149993962725,5.0224999540660065e-05,0.003578521999770601,0.002590626106432194,0.0018919047657005444,0.5181252212864388,2.1963594746033968,0.06910679710951732,False,nan,nan,False,False
392,1.96,0.004997668999749294,0.0015879140000834013,6.3520001276629046e-06,0.0008825029999570688,0.0010995389993695426,5.0414000725140795e-05,0.0033309179998468608,0.002686160766640853,0.0019663675024287758,0.5372321533281706,5.374211578978854,0.0673892678076911,False,nan,nan,False,False
393,1.965,0.004998641000383941,0.0013193009999667993,6.3910001699696295e-06,0.00033052900016627973,0.0009580739997545606,4.891199932899326e-05,0.0036001009993924526,0.0026497890145035013,0.001935968830632323,0.5299578029007003,2.031985511522269,0.06935356192109784,False,nan,nan,False,False
394,1.97,0.004999772999326524,0.0016172380001080455,6.242000381462276e-06,0.000881941999978153,0.0012272779995328165,4.930200066155521e-05,0.0033268500001213397,0.0025983990208723012,0.0018938913398421839,0.5196798041744602,3.230857324906056,0.07489598545506408,False,nan,nan,False,False
395,1.975,0.005027565000091272,0.0013153930003682035,6.201999894983601e-06,0.0003465489999143756,0.0009521640004095389,5.039400002715411e-05,0.003578912000193668,0.0026103942340678114,0.0019004659302477717,0.5220788468135623,1.5438524962878062,0.07247372297212448,False,nan,nan,False,False
396,1.98,0.004975397000634985,0.0015462450000995887,6.692999704682734e-06,0.0008860190000632429,0.0011430000004111207,5.0104000365536194e-05,0.0033698409997668932,0.0026599459415381213,0.0019410346779907342,0.5319891883076243,2.2508697390315437,0.0671217831134764,False,nan,nan,False,False
397,1.985,0.0049922379994313815,0.001319832000262977,6.0619995565502904e-06,0.00032265400022879476,0.0009480950002398458,4.786999943462433e-05,0.003633915000136767,0.0026086835021842582,0.0018865476007419724,0.5217367004368516,3.14755585903589,0.06980655210876455,False,nan,nan,False,False
398,1.99,0.00503491900053632,0.0015835149997656117,6.663000021944754e-06,0.0009141520004050108,0.0011864110001624795,4.927200006932253e-05,0.003306782999970892,0.0026756415182539114,0.0019635151278400917,0.5351283036507822,4.067946984413175,0.07413794836390636,False,nan,nan,False,False
399,1.995,0.0049711989995557815,0.0013133090005794656,6.2609997257823125e-06,0.00032488899978488917,0.0009421849999853293,4.828100009035552e-05,0.003606313999625854,0.0026422444183672586,0.001922037598477637,0.5284488836734518,1.849427365349303,0.0732676595505772,False,nan,nan,False,False
400,2.0,0.005001065000215021,0.0015779449995534378,6.152000423753634e-06,0.000886720000380592,0.0011550030003490974,4.991300011170097e-05,0.003340946000207623,0.00260781254547545,0.0018808245350448657,0.52156250909509,2.246279282485488,0.06723699890541135,False,nan,nan,False,False
401,2.005,0.005001515999538242,0.0013152230003470322,6.301000212260988e-06,0.0003344770002513542,0.0009573830002409522,4.822099981538486e-05,0.003600422000090475,0.002631380419509529,0.0019249097527280837,0.5262760839019058,3.06740902684381,0.07132206348899704,False,nan,nan,False,False
402,2.0100000000000002,0.004995084000256611,0.0015648200005671242,6.411999493138865e-06,0.0008884139997462626,0.0011631979996309383,4.9462999413663056e-05,0.0033565659996384056,0.0026122623745845047,0.0018706519174405967,0.5224524749169009,3.7893886223068356,0.07501590942574331,False,nan,nan,False,False
403,2.015,0.005000735000066925,0.0013063360001979163,6.182000106491614e-06,0.00033308399997622473,0.0009478149995629792,4.80799999422743e-05,0.003611062000345555,0.002619189519445048,0.0018908721133921724,0.5238379038890095,1.355518051942037,0.07456218782880211,False,nan,nan,False,False
404,2.02,0.004995905000214407,0.001509417000306712,6.211000254552346e-06,0.0008979120002550189,0.001110789999984263,5.13360000695684e-05,0.0034144239998568082,0.0026701155518097483,0.001955921441606577,0.5340231103619497,2.8712224984375205,0.07109662334837098,False,nan,nan,False,False
405,2.025,0.0050043310002365615,0.0013058559998171404,6.242000381462276e-06,0.0003434230002312688,0.0009422339999218821,5.306899947754573e-05,0.003614698999626853,0.0026181809330775223,0.00188291736447041,0.5236361866155045,3.8768180599077313,0.07134777078881513,False,nan,nan,False,False
406,2.0300000000000002,0.004999672999474569,0.001552757999888854,6.021999979566317e-06,0.0008847970002534566,0.0011680770003295038,4.834100036532618e-05,0.003368057000443514,0.002655977410832611,0.0019331312172682913,0.5311954821665221,2.588912728682924,0.07340153425820174,False,nan,nan,False,False
407,2.035,0.005000093000489869,0.0013231279999672552,6.031000339135062e-06,0.0003262710006310954,0.0009450799998376169,4.833999992115423e-05,0.0035988089994134498,0.0026220502796954273,0.0018907544045792604,0.5244100559390855,1.8112962815899307,0.0739543341202989,False,nan,nan,False,False
408,2.04,0.0050023579997287015,0.0015569050001431606,6.360999577736948e-06,0.0008846869995977613,0.0011566059993128874,5.0134000048274174e-05,0.0033772850001696497,0.0027159146407260927,0.001994381097616113,0.5431829281452186,4.419770690116211,0.06762156625090412,False,nan,nan,False,False
409,2.045,0.005017075000068871,0.0013062959997114376,6.42200029687956e-06,0.000348974000189628,0.0009459309994781506,4.9233000027015805e-05,0.003614418999859481,0.0026775991308650693,0.0019484989649064394,0.5355198261730139,1.8921094978789827,0.06989145220081254,False,nan,nan,False,False
410,2.05,0.005000735000066925,0.0015624959996785037,6.532000043080188e-06,0.0009044540001923451,0.0011707829999068053,4.899200030195061e-05,0.0033382410001649987,0.0026396176398930894,0.0018985925859558647,0.527923527978618,2.0559000174634234,0.07422240128667111,False,nan,nan,False,False
411,2.055,0.0049815479997050716,0.0013070579998384346,6.2909994085202925e-06,0.0003293670006314642,0.0009465220000492991,4.791000083059771e-05,0.0036117630006629042,0.002669970717490631,0.0019420483688924114,0.5339941434981262,1.8646150692728918,0.07281619844395658,False,nan,nan,False,False
412,2.06,0.004998790999707126,0.001560091000101238,6.342000233416911e-06,0.0008772020000833436,0.001151615999333444,4.932299998472445e-05,0.0033601029999772436,0.0026464886252727774,0.0018971340526727498,0.5292977250545555,2.33700366051773,0.07027154762278123,False,nan,nan,False,False
413,2.065,0.005000073000701377,0.0013060559995210497,6.201000360306352e-06,0.00032667200048308587,0.0009372449994771159,5.95519995840732e-05,0.0036127260000284878,0.0026728753293157096,0.0019407920148009558,0.534575065863142,2.1593901430163545,0.06998189138049658,False,nan,nan,False,False
414,2.07,0.004997869999897375,0.0015973009994922904,6.411999493138865e-06,0.0008802680004009744,0.001188385999739694,4.8070000048028305e-05,0.0033236640001632622,0.0027327395571310953,0.0019512011484764114,0.5465479114262191,5.330979620072409,0.07517445146449939,False,nan,nan,False,False
415,2.075,0.005000963999918895,0.0012934730002598371,6.522000148834195e-06,0.00032453799940412864,0.000936353000724921,4.836100015381817e-05,0.003627422999670671,0.0027242160901154886,0.0019526295189479098,0.5448432180230978,1.0362091293496216,0.07341249626862154,False,nan,nan,False,False
416,2.08,0.00500152699987666,0.001521578999927442,6.492000466096215e-06,0.0008817720008664764,0.0011266700003034202,5.130600038683042e-05,0.003393695000340813,0.002715878601338174,0.0019661250396616967,0.5431757202676348,2.0820181332312035,0.06966047903212703,False,nan,nan,False,False
417,2.085,0.004990876000192657,0.0013096719994791783,6.091000614105724e-06,0.000319318000038038,0.000940541999625566,4.667699977289885e-05,0.003619527999944694,0.002695885398253356,0.001957915980996393,0.5391770796506712,0.9736824908051122,0.07101476656212889,False,nan,nan,False,False
418,2.09,0.0050089389997083344,0.0015521169998464757,6.391999704646878e-06,0.0008865999998306506,0.0011627469993982231,4.8971000069286674e-05,0.0033644499999354593,0.002831554623891862,0.0020000000000000018,0.5663109247783724,8.78206922742623,0.07654988551842032,False,nan,nan,False,False
419,2.095,0.004993902000023809,0.0013266850000945851,5.9809999584103934e-06,0.00031806500010134187,0.0009529849994578399,4.723799975181464e-05,0.0036072650000278372,0.0028182487804097513,0.0019963119574083893,0.5636497560819503,0.973040279606707,0.07408064972746398,False,nan,nan,False,False
420,2.1,0.005014981999920565,0.0015610130003551603,6.662000487267505e-06,0.0008911189997888869,0.0010926960003416752,4.890199943474727e-05,0.0033492209995529265,0.002801171398813441,0.0019934425461138536,0.5602342797626882,1.321937842580878,0.07126361051288847,False,nan,nan,False,False
421,2.105,0.0049904449997484335,0.0012916990008307039,6.252000275708269e-06,0.0003236960001231637,0.0009383469996464555,4.8580999646219425e-05,0.0036288249993958743,0.0027834090241552942,0.001988526768425196,0.5566818048310588,1.1398658558561197,0.07282103450375599,False,nan,nan,False,False
422,2.11,0.004998971000532038,0.00150794399996812,6.3220004449249245e-06,0.0008840860000418616,0.0011293150000710739,4.9512000259710476e-05,0.003428871000323852,0.0027575187918531577,0.0019881410388845194,0.5515037583706315,1.8982045816210689,0.0780148686607036,False,nan,nan,False,False
423,2.115,0.005018578000090201,0.001314310999987356,6.703000508423429e-06,0.0003440550008235732,0.0009529740000289166,4.9061000026995316e-05,0.0035869969997293083,0.0027488060212524134,0.0019816153005404874,0.5497612042504826,0.630154580988731,0.07794523981069967,False,nan,nan,False,False
424,2.12,0.004981758999747399,0.0015161390001594555,6.211999789229594e-06,0.0008794870000201627,0.0010838389998752973,5.157599935046164e-05,0.003401320000193664,0.0027713433661648405,0.0020000000000000018,0.5542686732329681,1.0746112918579218,0.07374678106784881,False,nan,nan,False,False
425,2.125,0.004994443000214233,0.0012983910000912147,6.161999408504926e-06,0.00026083899956574896,0.0009428960001969244,4.626700047083432e-05,0.00362580999990314,0.00276538642975753,0.001989094473169639,0.553077285951506,1.2382074689369238,0.07358778070073099,False,nan,nan,False,False
426,2.13,0.005003408999982639,0.001588725000146951,6.512000254588202e-06,0.0013452290004352108,0.0011701510002239957,4.9602999752096366e-05,0.0033373500000379863,0.002793178315572544,0.0020000000000000018,0.5586356631145089,2.394423497373835,0.0765899144288088,False,nan,nan,False,False
427,2.1350000000000002,0.005007257000215759,0.0013125479999871459,6.452999514294788e-06,0.00020528499953798018,0.000938918000429112,6.174500049382914e-05,0.003602034999858006,0.002793615923036654,0.0020000000000000018,0.5587231846073307,0.6038261160839811,0.0758911947483547,False,nan,nan,False,False
428,2.14,0.004996977999326191,0.0015380100003312691,6.532000043080188e-06,0.0013218359999882523,0.0011371500004315749,4.835999970964622e-05,0.0033765629996196367,0.002800390451654469,0.0020000000000000018,0.5600780903308937,3.083070381968387,0.07239464597885883,False,nan,nan,False,False
429,2.145,0.004989734000446333,0.0012855969998781802,5.881000106455758e-06,0.00018945400006487034,0.0009307330001320224,4.527500004769536e-05,0.003641358999630029,0.0027966188369061245,0.0020000000000000018,0.5593237673812249,0.5896482312405222,0.0747530538365127,False,nan,nan,False,False
430,2.15,0.005005613000321318,0.001510478999989573,6.082000254536979e-06,0.0012672729999394505,0.0010970240000460763,4.947300021740375e-05,0.0034495489999244455,0.002796819180953223,0.0020000000000000018,0.5593638361906447,0.9457838475559366,0.07703513393151462,False,nan,nan,False,False
431,2.1550000000000002,0.005042401999162394,0.001342665000265697,5.821000740979798e-06,0.00014480099980573868,0.0009773300007509533,4.874099977314472e-05,0.0035365330004424322,0.002798235027227302,0.0020000000000000018,0.5596470054454604,0.43581904602845584,0.07813923712675322,False,nan,nan,False,False
432,2.16,0.004959929000506236,0.0014991369998824666,6.0720003602909856e-06,0.0011809609995907522,0.0010562569996181992,7.658300000912277e-05,0.003433980999943742,0.0028220954137268294,0.0020000000000000018,0.5644190827453659,3.8307364765929135,0.07678478830651057,False,nan,nan,False,False
433,2.165,0.005096302999845648,0.0012964779998583253,6.8130002546240576e-06,3.594699956011027e-05,0.0009316149998994661,4.9281999963568524e-05,0.003528477000145358,0.002820165659443481,0.0020000000000000018,0.5640331318886962,0.2678935979234856,0.07499638739618793,False,nan,nan,False,False
434,2.17,0.004906238000330632,0.0014962119994379464,6.4420000853715464e-06,0.0010875970001507085,0.0010281360000590212,5.0503999773354735e-05,0.0034316159999434603,0.0028126909734389103,0.0020000000000000018,0.562538194687782,1.543285776088983,0.07571789410129534,False,nan,nan,False,False
435,2.1750000000000003,0.005031802999837964,0.0015025229995444533,1.3476000276568811e-05,0.0022283019998212694,0.0010771970000860165,8.248500034824247e-05,0.003389357000742166,0.0028559111385400003,0.0020000000000000018,0.571182227708,4.750637224899575,0.0709302167135664,False,nan,nan,False,False
436,2.18,0.004968213000211108,0.0015061409994814312,6.061000021873042e-06,0.0010354080004617572,0.0009522430000288296,5.014399994252017e-05,0.0034201839998786454,0.0028518405242230226,0.0020000000000000018,0.5703681048446045,0.4764713032181769,0.07294559792672167,False,nan,nan,False,False
437,2.185,0.005003749999559659,0.00155326900039654,6.842999937362038e-06,0.0020906440004182514,0.0011003609997715103,9.615100043447455e-05,0.0033703019998938544,0.0028403342063478172,0.0020000000000000018,0.5680668412695634,1.8507985755605756,0.07434367045010268,False,nan,nan,False,False
438,2.19,0.005002208000405517,0.0015865409995967639,6.00099974690238e-06,0.0009539869997752248,0.0011796389999290113,4.751899996335851e-05,0.0033236340004805243,0.0028418035237818763,0.0020000000000000018,0.5683607047563753,0.36939744053542756,0.07500164973056875,False,nan,nan,False,False
439,2.195,0.004986266999367217,0.0015823930007172748,6.041999768058304e-06,0.002005155000006198,0.0011473690001366776,8.800399973551976e-05,0.003354711999236315,0.0028658916905710597,0.0020000000000000018,0.573178338114212,2.7887392458450684,0.07235095553120947,False,nan,nan,False,False
440,2.2,0.005018147000555473,0.001538341000014043,6.5529993662494235e-06,0.0008896060007828055,0.0011471890002212604,5.3559999287244864e-05,0.0033678069994493853,0.002863798992643671,0.0020000000000000018,0.5727597985287343,0.2799333228862691,0.07152689469974302,False,nan,nan,False,False
441,2.205,0.004982530999768642,0.0012830320001739892,6.241999471967574e-06,0.0002637739999045152,0.0009253230000467738,4.675800028053345e-05,0.003642881999439851,0.0028612815751445637,0.0020000000000000018,0.5722563150289127,0.1969978655290551,0.07386752070378727,False,nan,nan,False,False
442,2.21,0.005008158000237017,0.0015588289998049731,6.401999598892871e-06,0.001349006000054942,0.001172915999632096,4.972300030203769e-05,0.0033580890003577224,0.0028626273788161763,0.0020000000000000018,0.5725254757632353,0.36017402615995947,0.07736980375777963,False,nan,nan,False,False
443,2.215,0.0049965170001087245,0.0012760299996443791,6.4420000853715464e-06,0.00019713900019269204,0.0009175290006169234,4.836100015381817e-05,0.0036419799998839153,0.002862881541150178,0.0020000000000000018,0.5725763082300356,0.04671024878720078,0.07781551336505048,False,nan,nan,False,False
444,2.22,0.004996445999495336,0.0014847909997115494,6.402000508387573e-06,0.0013119570003254921,0.0010637619998306036,5.832900023960974e-05,0.0034411540000292007,0.0028843715276496394,0.0020000000000000018,0.5768743055299279,2.4939437553896746,0.07628053834888823,False,nan,nan,False,False
445,2.225,0.005004290999750083,0.0012500210004873225,6.3520001276629046e-06,0.00019645800057332963,0.0008974200000011479,4.775000070367241e-05,0.0036682899999505025,0.002881524710662428,0.0020000000000000018,0.5763049421324856,0.3018720692839496,0.07366683747246747,False,nan,nan,False,False
446,2.23,0.004996256000595167,0.0015526179995504208,6.041000233381055e-06,0.0013197320004110225,0.0011661640000966145,5.337999937182758e-05,0.003368809000676265,0.00287924821211473,0.0020000000000000018,0.575849642422946,0.7491374223261514,0.07833628890491856,False,nan,nan,False,False
447,2.235,0.0050006149995169835,0.0012526260006779921,6.172000212245621e-06,0.00019493499985401286,0.000898672999937844,4.7448999794141855e-05,0.003665683999315661,0.0028802584239449687,0.0020000000000000018,0.5760516847889937,0.344831790994498,0.07992783778548387,False,nan,nan,False,False
448,2.24,0.0049975179999819375,0.0015745290002087131,5.8610003179637715e-06,0.001275828999496298,0.0010281459999532672,5.575400064117275e-05,0.003349591999722179,0.0028918621202302535,0.0020000000000000018,0.5783724240460506,1.0342765767971234,0.07311631721751063,False,nan,nan,False,False
449,2.245,0.005004031000680698,0.0012724230000458192,6.201999894983601e-06,0.00017628099976718659,0.0009134299998549977,4.8210999921138864e-05,0.003647660999376967,0.0028903400829814315,0.0020000000000000018,0.5780680165962863,0.17937216183809185,0.07518244872723596,False,nan,nan,False,False
450,2.25,0.0049990620000244235,0.0015481889995498932,6.151999514258932e-06,0.001253708000149345,0.001143962000242027,5.3190000471659005e-05,0.0034072400003424264,0.002900566799868949,0.0020000000000000018,0.5801133599737898,0.7245427308436024,0.0796370763911496,False,nan,nan,False,False
451,2.255,0.005036280999775045,0.0012999139999010367,6.411999493138865e-06,0.00013534400022763293,0.000931835000301362,4.8691000301914755e-05,0.0035843320001731627,0.002900435496826718,0.0020000000000000018,0.5800870993653438,0.013976135687268807,0.08131627911635668,False,nan,nan,False,False
452,2.2600000000000002,0.004965948999597458,0.0015313180001612636,6.381999810400885e-06,0.0011960800002270844,0.001038384999446862,5.3330000810092315e-05,0.0034485779997339705,0.0029026817427593287,0.0020000000000000018,0.5805363485518658,0.888121331791035,0.07707884090242316,False,nan,nan,False,False
453,2.265,0.0050593450005180785,0.0012592180000865483,6.191000466060359e-06,0.00013435199980449397,0.0009046139994097757,4.874099977314472e-05,0.0035978669993710355,0.0029008389808532517,0.0020000000000000018,0.5801677961706503,0.28534573189105517,0.07594376957226012,False,nan,nan,False,False
454,2.27,0.004936302999340114,0.0015620250005667913,6.190999556565657e-06,0.0011893179998878622,0.0010692930000004708,4.7528999857604504e-05,0.0033653720001893817,0.002912828184710668,0.0020000000000000018,0.5825656369421336,0.8743151878540605,0.07905291990416366,False,nan,nan,False,False
455,2.275,0.005023837999942771,0.00141311700008373,7.95500000094762e-06,0.002285921000293456,0.0010468000000400934,4.8832000175025314e-05,0.0034885720006059273,0.002922539550754532,0.0020000000000000018,0.5845079101509064,1.0094534381162412,0.07976045227246309,False,nan,nan,False,False
456,2.2800000000000002,0.0049782130008679815,0.0014728579999427893,5.871000212209765e-06,0.001109267000174441,0.0009574929999871529,5.904099998588208e-05,0.003451292999670841,0.002925671305349597,0.0020000000000000018,0.5851342610699194,0.33071963928095166,0.07446723364252528,False,nan,nan,False,False
457,2.285,0.005029457999626175,0.0014817849996688892,7.743999958620407e-06,0.002223534000222571,0.0010770170001705992,8.142299975588685e-05,0.003435954000451602,0.0029375254832479944,0.0020000000000000018,0.5875050966495989,0.8774577370229467,0.07626020600428934,False,nan,nan,False,False
458,2.29,0.004998499999601336,0.0014920950006853673,6.592999852728099e-06,0.0010999589994753478,0.0010647839999364805,4.956300017511239e-05,0.003415956000026199,0.0029362147306801712,0.0020000000000000018,0.5872429461360342,0.07736295792785536,0.07950108923930674,False,nan,nan,False,False
459,2.295,0.005013439000322251,0.0015373989999716287,1.1582000297494233e-05,0.002242569000372896,0.0010031789997810847,9.152199982054299e-05,0.0033520269998916774,0.0029430525795682105,0.0020000000000000018,0.5886105159136421,0.6585937319888295,0.07784490984964049,False,nan,nan,False,False
460,2.3000000000000003,0.004970678000063344,0.0015060400000947993,6.752999979653396e-06,0.0010899709996010642,0.0009811780000745784,4.958299996360438e-05,0.003409664999708184,0.002943983989313201,0.0020000000000000018,0.5887967978626402,0.13350357418272077,0.07292574576214093,False,nan,nan,False,False
461,2.305,0.005015230999561027,0.001513745000011113,7.674000698898453e-06,0.0022131449995868024,0.0010789199995997478,8.675299977767281e-05,0.0033957990008275374,0.002958221550564554,0.0020000000000000018,0.5916443101129107,1.0235123991014958,0.07712465986754638,False,nan,nan,False,False
462,2.31,0.004988252000657667,0.001526197999737633,6.180999662319664e-06,0.001091514000108873,0.001029688000016904,5.195699941396015e-05,0.003380219000064244,0.002955381951913861,0.0020000000000000018,0.5910763903827723,0.20334261826592864,0.07682642454035138,False,nan,nan,False,False
463,2.315,0.005006073999538785,0.001445757000510639,7.78399953560438e-06,0.0021970939997117966,0.001066697999704047,5.697699998563621e-05,0.0034840949992940295,0.0029685095453773724,0.0020000000000000018,0.5937019090754744,0.977521483160311,0.07114800211853588,False,nan,nan,False,False
464,2.32,0.005009471000448684,0.00152843199975905,6.1620003179996274e-06,0.0011114010003439034,0.000986548000582843,5.572499958361732e-05,0.0033623369999986608,0.0029656748447077206,0.0020000000000000018,0.5931349689415442,0.1909384168591537,0.07134004374320535,False,nan,nan,False,False
465,2.325,0.004993851999643084,0.001528632000372454,1.06999996205559e-05,0.0022355560004143626,0.001052821999110165,0.00014606300010200357,0.0034024019996650168,0.0029858559799735194,0.0020000000000000018,0.5971711959947038,1.5108710235422547,0.07417300920079914,False,nan,nan,False,False
466,2.33,0.005010492000110389,0.0015453539999725763,5.930999577685725e-06,0.0011111200001323596,0.001047941999786417,4.9203000344277825e-05,0.003344273000038811,0.002981014825847674,0.0020000000000000018,0.5962029651695347,0.3992894110816494,0.07568564819141387,False,nan,nan,False,False
467,2.335,0.004993782000383362,0.0015158889991653268,7.964000360516366e-06,0.002219306000370125,0.00109077300021454,7.874699986132327e-05,0.003385520000847464,0.002997884020203043,0.0020000000000000018,0.5995768040406086,1.1448824784598453,0.07210942228252401,False,nan,nan,False,False
468,2.34,0.004982780999853276,0.001567765999425319,6.3520001276629046e-06,0.0010373220002293237,0.001171814000372251,4.8661000619176775e-05,0.003341477000503801,0.0029977791536260267,0.0020000000000000018,0.5995558307252054,0.09717076958582549,0.07518383784267897,False,nan,nan,False,False
469,2.345,0.004986498000107531,0.0015713819993834477,6.100999598857015e-06,0.0020851449999099714,0.0011131549999845447,7.561199981864775e-05,0.0033487609998701373,0.0030051696658149334,0.0020000000000000018,0.6010339331629867,0.5317524278745323,0.07662611309048423,False,nan,nan,False,False
470,2.35,0.004995794999558711,0.0015649510005459888,6.2219996834755875e-06,0.0009360029998788377,0.0011695610000970191,4.841999998461688e-05,0.0033644699997239513,0.0030049733525621277,0.0020000000000000018,0.6009946705124256,0.20863365117959876,0.07754200873093904,False,nan,nan,False,False
471,2.355,0.005006716000025335,0.0013231579996499931,5.921000592934433e-06,0.0003281250001236913,0.0009573329998602276,4.8801000048115384e-05,0.0035964640001111547,0.0030049148147332,0.0020000000000000018,0.60098296294664,0.12467789988174588,0.07491249772202871,False,nan,nan,False,False
472,2.36,0.005000965000363067,0.0015546509994237567,6.592999852728099e-06,0.000882172000274295,0.0011582289998841588,4.743899989989586e-05,0.0033679470006973133,0.0030245954750726303,0.0020000000000000018,0.604919095014526,1.4210761667831044,0.07688427967839362,False,nan,nan,False,False
473,2.365,0.005000623999876552,0.0012929309996252414,5.720999979530461e-06,0.0003254290004406357,0.0009380470000905916,4.853100017498946e-05,0.0036245179999241373,0.003020430720939237,0.0020000000000000018,0.6040861441878473,0.31372037431748573,0.07827501643096654,False,nan,nan,False,False
474,2.37,0.0049980100002358085,0.001580689999173046,6.402000508387573e-06,0.0008833049996610498,0.0011727660003089113,6.0463000409072265e-05,0.003339874000630516,0.0030263660653116376,0.0020000000000000018,0.6052732130623274,0.5085460326994684,0.078224033968695,False,nan,nan,False,False
475,2.375,0.004999140999643714,0.0012887929997305037,6.252000275708269e-06,0.00027786000009655254,0.0009337179999420187,4.6877999920980074e-05,0.0036322619998827577,0.0030282952196422157,0.0020000000000000018,0.6056590439284432,0.2578860551464012,0.08073598508264576,False,nan,nan,False,False
476,2.38,0.004998190000151226,0.0015360059996964992,5.840999619977083e-06,0.00134719200013933,0.001130046000071161,4.929300030198647e-05,0.0033886560004248167,0.0030293338332990777,0.0020000000000000018,0.6058667666598155,0.24374347595519133,0.07617880304280573,False,nan,nan,False,False
477,2.3850000000000002,0.005002427999897918,0.0012892539998574648,6.111999937274959e-06,0.00018950499998027226,0.000935190999371116,4.961300055583706e-05,0.0036341149998406763,0.003026335730870358,0.0020000000000000018,0.6052671461740716,0.2574361660440879,0.08009060499618362,False,nan,nan,False,False
478,2.39,0.005004521000046225,0.0015788370001246221,6.1410000853356905e-06,0.0012716419996650075,0.0011825750007119495,4.8951999815471936e-05,0.003370901999915077,0.0030442023002561517,0.0020000000000000018,0.6088404600512304,1.2827974975431875,0.0812965753029637,False,nan,nan,False,False
479,2.395,0.005025430999921809,0.001303410999753396,5.951000275672413e-06,0.00012510500073403819,0.0009281080001528608,6.411000049411086e-05,0.003589071000533295,0.0030394098446894485,0.0020000000000000018,0.6078819689378897,0.4151834226999318,0.08179257368070961,False,nan,nan,False,False
480,2.4,0.004973414000232879,0.0015142550000746269,5.951000275672413e-06,0.001197251999656146,0.0010844200005521998,5.243899977358524e-05,0.0034632649994819076,0.003047807494852028,0.0020000000000000018,0.6095614989704056,0.6732142391450162,0.07777728011406224,False,nan,nan,False,False
481,2.4050000000000002,0.005057259999375674,0.0012977400001545902,6.262000169954263e-06,0.0001382690006721532,0.0009240800000043237,4.842100042878883e-05,0.0035640840005726204,0.003045884811766107,0.0020000000000000018,0.6091769623532214,0.12031432368421519,0.07923317687257318,False,nan,nan,False,False
482,2.41,0.00494488000003912,0.0015916910006126272,6.571999620064162e-06,0.001206840000122611,0.0011079349997089594,5.034399964642944e-05,0.0033366279994879733,0.0030623038442547114,0.0020000000000000018,0.6124607688509422,1.3142948841535436,0.08382384506210407,False,nan,nan,False,False
483,2.415,0.005088489000627305,0.0013104239997119294,6.673000825685449e-06,4.010500015283469e-05,0.0009459919992877985,4.87709994558827e-05,0.0035486549995766836,0.003058785558385126,0.0020000000000000018,0.6117571116770252,0.25953842880862177,0.08304925262782119,False,nan,nan,False,False
484,2.42,0.0049361929995939136,0.0015325200001825579,6.100999598857015e-06,0.0011357969997334294,0.0010231659998680698,6.0662999203486834e-05,0.0033631779997449485,0.003068987853671822,0.0020000000000000018,0.6137975707343644,0.7411186071367964,0.07814509088284503,False,nan,nan,False,False
485,2.4250000000000003,0.005000244000257226,0.00148837699998694,1.129100019170437e-05,0.002220819000285701,0.0011066930001106812,5.927099937252933e-05,0.0034012289997917833,0.003095437026074467,0.0020000000000000018,0.6190874052148934,1.7177257113888724,0.08034620454013597,False,nan,nan,False,False
486,2.43,0.0049709189997884096,0.0015098769999895012,6.001000656397082e-06,0.001098156999432831,0.0010589530002107495,5.072499970992794e-05,0.003411407999919902,0.003092039720716883,0.0020000000000000018,0.6184079441433765,0.21564872325003337,0.08286102978299664,False,nan,nan,False,False
487,2.435,0.005023196000365715,0.001553067999338964,8.03500006441027e-06,0.0022384009998859256,0.0011135449994981172,6.458099960582331e-05,0.0033415380003134487,0.003103193712943387,0.0020000000000000018,0.6206387425886774,0.7977322567910876,0.07878892174229059,False,nan,nan,False,False
488,2.44,0.004972260999238642,0.0015422480000779615,5.840000085299835e-06,0.0010181469997405657,0.0009826100003920146,0.00014581400046154158,0.003387825000572775,0.0031019853040827137,0.0020000000000000018,0.6203970608165427,0.26341931691965453,0.07732208854851717,False,nan,nan,False,False
489,2.445,0.005012076000639354,0.0015929929995763814,6.972999472054653e-06,0.002099822000673157,0.0011169520003022626,5.716699979529949e-05,0.003316882000035548,0.0031169950399651644,0.0020000000000000018,0.6233990079930329,1.089169432264045,0.08143232940017674,False,nan,nan,False,False
490,2.45,0.004987098999663431,0.001578586000505311,6.120999387349002e-06,0.0009359820005556685,0.0011871429996972438,4.953299958287971e-05,0.003348159999404743,0.0031137590021798646,0.0020000000000000018,0.6227518004359729,0.6003796716224379,0.0829163433569483,False,nan,nan,False,False
491,2.455,0.005006444999708037,0.001557577000312449,5.871000212209765e-06,0.0020167259999652742,0.0011306569995213067,7.971900049597025e-05,0.0033710329998939415,0.003126303186121359,0.0020000000000000018,0.6252606372242718,0.8111779228212662,0.0782425476837833,False,nan,nan,False,False
492,2.46,0.0050104430001738365,0.0015649610004402348,6.231000043044332e-06,0.0008904779997465084,0.0011601320002228022,4.870100019616075e-05,0.003355212999849755,0.003124706400905667,0.0020000000000000018,0.6249412801811334,0.3371202938992359,0.07989496932437244,False,nan,nan,False,False
493,2.465,0.005012155999793322,0.0013702260002901312,7.10400036041392e-06,0.0002869380004995037,0.0009938809998857323,5.111500013299519e-05,0.003540960999998788,0.003122194358315392,0.0020000000000000018,0.6244388716630784,0.190172344636404,0.08119443545037,False,nan,nan,False,False
494,2.47,0.005012276000343263,0.0027458519998617703,8.515999979863409e-06,0.0013864669999748003,0.0021836890000486164,7.726400053797988e-05,0.0021466200005306746,0.0031362604216502673,0.0020000000000000018,0.6272520843300534,1.028509644075052,0.08095683704424277,False,nan,nan,False,False
495,2.475,0.004979594999895198,0.001356621000013547,6.692000170005485e-06,0.00013697699978365563,0.000985025000773021,5.029400017519947e-05,0.0035503380004229257,0.00313165284735642,0.0020000000000000018,0.626330569471284,0.5439181548514286,0.07773117536388788,False,nan,nan,False,False
496,2.48,0.004989944000044488,0.0015718740005468135,6.3520001276629046e-06,0.0012120999999751803,0.0011675760006255587,4.95530002808664e-05,0.0033993859997281106,0.003154142182151067,0.0020000000000000018,0.6308284364302134,1.4930314456768974,0.078178941998145,False,nan,nan,False,False
497,2.485,0.0050522210003691725,0.001314070999796968,6.362000021908898e-06,0.00013844899967807578,0.000952864000282716,4.8750999667390715e-05,0.0035473329999149428,0.0031540508933066156,0.0020000000000000018,0.630810178661323,0.2260344782010357,0.08190828796413512,False,nan,nan,False,False
498,2.49,0.004941735000102199,0.0014993969998613466,6.482000571850222e-06,0.0011719540007106843,0.001081905999853916,4.975299998477567e-05,0.003428461000112293,0.0031643589634894045,0.0020000000000000018,0.632871792697881,0.7389918797586637,0.08204921781576448,False,nan,nan,False,False
499,2.495,0.005024017999858188,0.001531466999949771,8.496000191371422e-06,0.0022932050005692872,0.0011015930003850372,8.723399969312595e-05,0.003393715999663982,0.0031879165370459917,0.0020000000000000018,0.6375833074091983,1.4627874229283049,0.08143798125803892,False,nan,nan,False,False
500,2.5,0.005005742999856011,0.0015293540000129724,6.291000318014994e-06,0.0011294149999230285,0.0010924560001512873,5.031399996369146e-05,0.003366123999512638,0.0031870589827721328,0.0020000000000000018,0.6374117965544265,0.24990589947290184,0.0845367425746459,False,nan,nan,False,False
501,2.505,0.005000744999961171,0.0015295749999495456,7.89500063547166e-06,0.0022274210004979977,0.0011069229994973284,8.062100005190587e-05,0.0033765730004233774,0.003208576712719543,0.0020000000000000018,0.6417153425439086,1.4496999056924185,0.08276451902768286,False,nan,nan,False,False
502,2.5100000000000002,0.004985376000149699,0.0015181329999904847,6.743000085407402e-06,0.0010955210000247462,0.0009963860002244473,4.966300002706703e-05,0.0033861310002976097,0.003210912193065398,0.0020000000000000018,0.6421824386130797,0.26029263693018173,0.08026537414768661,False,nan,nan,False,False
503,2.515,0.00500571399970795,0.0015635580002708593,7.915000423963647e-06,0.002205589999903168,0.001100120000046445,0.00010568800007604295,0.003343069999573345,0.0032308216507806594,0.0020000000000000018,0.6461643301561318,1.192986123740158,0.0839385985295917,False,nan,nan,False,False
504,2.52,0.004984082999726525,0.0015617550006936654,6.041000233381055e-06,0.0010806129994307412,0.0010444360004839837,4.940200051350985e-05,0.003354411000145774,0.0032289438536230977,0.0020000000000000018,0.6457887707246195,0.14074825642623667,0.08321111984213563,False,nan,nan,False,False
505,2.525,0.0050192490007248125,0.0015159289996518055,8.115000127872918e-06,0.002220648999355035,0.001109257000280195,6.775600013497751e-05,0.0033960600003410946,0.0032457155314644303,0.0020000000000000018,0.649143106292886,1.0506782261405903,0.07931537812098242,False,nan,nan,False,False
506,2.5300000000000002,0.004994844000066223,0.0014974039995649946,6.00099974690238e-06,0.0011226819997318671,0.0010321629997633863,5.484200028149644e-05,0.0034045459997287253,0.0032481593108850252,0.0020000000000000018,0.649631862177005,0.33902215294434696,0.07749715888337812,False,nan,nan,False,False
507,2.535,0.0050034199994115625,0.0015165390004767687,5.083599990030052e-05,0.0022685789999741246,0.0010500660000616335,9.020899960887618e-05,0.003410215999792854,0.0032699787984221355,0.0020000000000000018,0.6539957596844271,1.3473168926041474,0.08429665839865666,False,nan,nan,False,False
508,2.54,0.005006485000194516,0.0016076399997473345,6.231999577721581e-06,0.0011045580004065414,0.0011076939999838942,4.894199992122594e-05,0.00328213600005256,0.0032701476320977155,0.0020000000000000018,0.6540295264195432,0.25932138042803854,0.08476732745812979,False,nan,nan,False,False
509,2.545,0.0049937209996642196,0.00152893300037249,7.874000402807724e-06,0.002219545999651018,0.001104678000046988,7.957899924804224e-05,0.0033841779995782417,0.003287700074898292,0.0020000000000000018,0.6575400149796584,1.0678933604062484,0.08077782393595928,False,nan,nan,False,False
510,2.5500000000000003,0.0049939520004045335,0.0015403349998450722,6.412000402633566e-06,0.0010934880001514102,0.0010073570001623011,5.042500015406404e-05,0.003363759000421851,0.0032902657026859265,0.0020000000000000018,0.6580531405371853,0.2929314429646426,0.07845077078181115,False,nan,nan,False,False
511,2.555,0.005006626000067627,0.0015691680000600172,8.085999979812186e-06,0.002213484999629145,0.0010995180000463733,7.443899994541425e-05,0.003335645999868575,0.0033170453848543383,0.0020000000000000018,0.6634090769708676,1.698004617269419,0.08706788391145621,False,nan,nan,False,False
512,2.56,0.004985304999536311,0.0015072830001372495,5.961000169918407e-06,0.0010653649997038883,0.000978261999989627,0.0001248539992957376,0.003415967000364617,0.0033135981545384624,0.0020000000000000018,0.6627196309076924,0.4175192947241562,0.08708598504974756,False,nan,nan,False,False
513,2.565,0.005007007000131125,0.001520757000434969,7.78499997977633e-06,0.0021245690004434437,0.0010732599994298653,8.210399937524926e-05,0.003393985999537108,0.003333007637322054,0.0020000000000000018,0.6666015274644107,1.201009881070472,0.08099129509494457,False,nan,nan,False,False
514,2.57,0.0049939509999603615,0.00146256900006847,6.42200029687956e-06,0.0009778910007298691,0.0010965239998768084,6.176500028232113e-05,0.0034459730004527955,0.0033335674428485135,0.0020000000000000018,0.6667134885697027,0.20525631376260658,0.08259477934594775,False,nan,nan,False,False
515,2.575,0.004982110000128159,0.0015051680002216017,5.8910000007017516e-06,0.002056831999652786,0.0010937679999187822,8.43579991851584e-05,0.003455551999650197,0.0033518063645488635,0.0020000000000000018,0.6703612729097727,1.1431768683320382,0.08562638243916484,False,nan,nan,False,False
516,2.58,0.005039607000071555,0.0014854520004519145,6.151999514258932e-06,0.001001546000225062,0.0011203280000700033,4.7358000301755965e-05,0.003400787999453314,0.0033516601059890676,0.0020000000000000018,0.6703320211978134,0.2649360525423792,0.08828404333567039,False,nan,nan,False,False
517,2.585,0.0049640959996395395,0.0014581710001948522,6.291999852692243e-06,0.0020638240002881503,0.0010709460002544802,5.779799994343193e-05,0.0034903860005215392,0.0033708086864395435,0.0020000000000000018,0.6741617372879087,1.176920953700317,0.0821023619781152,False,nan,nan,False,False
518,2.59,0.00502849700023944,0.0014624479999838513,5.951000275672413e-06,0.0009848039999269531,0.0009472940000705421,5.786800011264859e-05,0.0034343719999014866,0.0033734662868569786,0.0020000000000000018,0.6746932573713957,0.3197280998149616,0.08146038535281769,False,nan,nan,False,False
519,2.595,0.004974956000296515,0.0014536119997501373,6.2609997257823125e-06,0.0020772400002897484,0.001061617999766895,6.068299990147352e-05,0.0034743060004984727,0.003392339928354583,0.0020000000000000018,0.6784679856709166,1.0815737485298311,0.08820655428064643,False,nan,nan,False,False
520,2.6,0.005007267000110005,0.0015684270001656841,6.3419993239222094e-06,0.0009704570002213586,0.0011499539996293606,4.82300001749536e-05,0.0033453539999754867,0.0033928540103090204,0.0020000000000000018,0.6785708020618041,0.3161299323467997,0.088688696541287,False,nan,nan,False,False
521,2.605,0.0049919479997697636,0.001432631999705336,6.090999704611022e-06,0.0020732129996758886,0.00104690100033622,4.726900078821927e-05,0.0035169570001016837,0.003410069909284995,0.0020000000000000018,0.682013981856999,1.0871858967640868,0.08630095102324309,False,nan,nan,False,False
522,2.61,0.005027395000070101,0.0015021829995021108,6.001000656397082e-06,0.0009933999999702792,0.0010430230004203622,4.798000009031966e-05,0.0033912100007000845,0.003413879491970078,0.0020000000000000018,0.6827758983940155,0.41555306611344917,0.08234055135674452,False,nan,nan,False,False
523,2.615,0.004968514000211144,0.0014243669993447838,6.031000339135062e-06,0.0020782219999091467,0.0010556369998084847,4.6766999730607495e-05,0.003512467000291508,0.003433060125191755,0.0020000000000000018,0.686612025038351,1.1384307082474823,0.08758551613476305,False,nan,nan,False,False
524,2.62,0.005015941999772622,0.0014975450003475999,6.281000423769001e-06,0.000974444999883417,0.001125488000070618,4.9852999836730305e-05,0.003412660999856598,0.003430767208524223,0.0020000000000000018,0.6861534417048445,0.2534056004118588,0.09027329902866275,False,nan,nan,False,False
525,2.625,0.004989013000340492,0.001459813999645121,6.6319998950348236e-06,0.0020657590002883808,0.0010607869999148534,6.76869995004381e-05,0.0034967179999512155,0.003441255927367311,0.0020000000000000018,0.6882511854734621,0.9319244959438473,0.08408003057299805,False,nan,nan,False,False
526,2.63,0.005039717999352433,0.0015467460007130285,6.633000339206774e-06,0.0010105219998877146,0.001139684000008856,5.999200038786512e-05,0.003331688999423932,0.0034430896429678507,0.0020000000000000018,0.6886179285935701,0.3111603160431013,0.08665999828967591,False,nan,nan,False,False
527,2.6350000000000002,0.0049538660005055135,0.0014620880001530168,6.070999916119035e-06,0.0020817790000364766,0.0010759240003608284,6.109499918238726e-05,0.0035071379998043994,0.0034538525617032493,0.0020000000000000018,0.6907705123406498,1.003544830287648,0.09120810723396311,False,nan,nan,False,False
528,2.64,0.0050573509997775545,0.0015411759995913599,1.8093999642587733e-05,0.0010251789999529137,0.001136918999691261,4.919200000585988e-05,0.00332956500005821,0.0034534452936192984,0.0020000000000000018,0.6906890587238597,0.2434312765860938,0.09006707475176337,False,nan,nan,False,False
529,2.645,0.004947946000356751,0.0014271119998738868,6.152000423753634e-06,0.002064695999251853,0.0010526710002523032,4.725899998447858e-05,0.00352707499951066,0.0034604414220561746,0.0020000000000000018,0.6920882844112349,0.7888471381673443,0.08730307817220956,False,nan,nan,False,False
530,2.65,0.005029377999562712,0.001496992999818758,5.820999831485096e-06,0.0009848640002019238,0.0011201880006410647,4.884100053459406e-05,0.0033958200001507066,0.0034647048280494197,0.0020000000000000018,0.6929409656098839,0.48070140151669233,0.08643149655072101,False,nan,nan,False,False
531,2.6550000000000002,0.004971489999661571,0.0012632350008061621,6.0109996411483735e-06,0.0003529109999362845,0.0009003160002976074,6.675500026176451e-05,0.003655485999843222,0.003460197170855857,0.0020000000000000018,0.6920394341711714,0.3923541808021163,0.08961572331646825,False,nan,nan,False,False
532,2.66,0.004998360000172397,0.001471896000111883,6.182000106491614e-06,0.0008806890000414569,0.001100100000257953,6.435000068449881e-05,0.003452425000432413,0.003476440060165291,0.0020000000000000018,0.6952880120330581,1.379629445162149,0.09020608013733125,False,nan,nan,False,False
533,2.665,0.005004381000617286,0.0012421960000210674,5.920999683439732e-06,0.0002797440001813811,0.0008853280005496345,4.770900068251649e-05,0.003675482999824453,0.0034711256176741642,0.0020000000000000018,0.6942251235348329,0.4747401232416663,0.09247469858293755,False,nan,nan,False,False
534,2.67,0.004996877999474236,0.0014559560004272498,5.931000487180427e-06,0.0013506700006473693,0.0010845610004253103,6.132499947852921e-05,0.0034670830000322894,0.0034842627954993588,0.0020000000000000018,0.6968525590998718,1.050260067450966,0.0871152203559042,False,nan,nan,False,False
535,2.6750000000000003,0.004996947000108776,0.0012485480001487304,5.761000466009136e-06,0.00020507400040514767,0.0009072489992831834,4.6116000703477766e-05,0.003672918000120262,0.0034807242064438006,0.0020000000000000018,0.69614484128876,0.39750962559963854,0.09072336691559194,False,nan,nan,False,False
536,2.68,0.004998921000151313,0.0014203399996404187,6.0409993238863535e-06,0.0013243999992482713,0.0010353289999329718,4.813999930775026e-05,0.003525482000441116,0.003498125509944116,0.0020000000000000018,0.6996251019888231,1.3435904338734435,0.0939067610569624,False,nan,nan,False,False
537,2.685,0.005026683000323828,0.0012420059993019095,6.541999937326182e-06,0.000223488000301586,0.000893612999789184,4.776900004799245e-05,0.0036550849999912316,0.0034907428365983967,0.0020000000000000018,0.6981485673196792,0.5506890829883777,0.09567702925452032,False,nan,nan,False,False
538,2.69,0.004976919999535312,0.0014887280003677006,6.642999323958065e-06,0.0013290180004332797,0.001096793000215257,6.696499985991977e-05,0.003430423999816412,0.0035066186384920825,0.0020000000000000018,0.7013237276984164,1.2703023865965462,0.09046392515985327,False,nan,nan,False,False
539,2.695,0.004994171999896935,0.0012444009998944239,6.061000021873042e-06,0.00020250900070095668,0.0009041929997692932,4.5495000449591316e-05,0.0036816540005020215,0.0035015550696882902,0.0020000000000000018,0.700311013937658,0.4507036236103229,0.09237941750872429,False,nan,nan,False,False
540,2.7,0.005004251999707776,0.0015177720006249729,6.020999535394367e-06,0.0013227569997980027,0.0011395940000511473,4.943200019624783e-05,0.0034069299999828218,0.003509754814010724,0.0020000000000000018,0.7019509628021449,0.7849247053209073,0.09688680502683966,False,nan,nan,False,False
541,2.705,0.0050035690001095645,0.0012457330003599054,5.8910000007017516e-06,0.0002043129998128279,0.0009020990000863094,4.816000000573695e-05,0.0036847399996986496,0.0035086240043986886,0.0020000000000000018,0.7017248008797377,0.27014086180657176,0.0976708925217934,False,nan,nan,False,False
542,2.71,0.005011335000745021,0.001447369999368675,6.62200000078883e-06,0.001354816999992181,0.0010773470003186958,5.8088000514544547e-05,0.0034576050002215197,0.003517076322671406,0.0020000000000000018,0.7034152645342813,0.824606099974989,0.09107139637330622,False,nan,nan,False,False
543,2.715,0.004978943999958574,0.0012260359999345383,5.7309998737764545e-06,0.0001986620000025141,0.0008848770003169193,4.7469000492128544e-05,0.003702854000039224,0.003515290487300532,0.0020000000000000018,0.7030580974601064,0.34357133861268957,0.09528649957105374,False,nan,nan,False,False
544,2.72,0.005008357999940927,0.0014664459995401558,6.321000000752974e-06,0.0013252720000309637,0.001095841999813274,6.3590000536351e-05,0.0034751479997794377,0.003520731773385147,0.0020000000000000018,0.7041463546770295,0.6887047266397797,0.09570166303933998,False,nan,nan,False,False
545,2.725,0.005039177000071504,0.001302688999203383,7.2740003815852106e-06,0.0001801469998099492,0.0009395790002599824,5.139700078871101e-05,0.0035765980001087883,0.003517691964897159,0.0020000000000000018,0.7035383929794318,0.4278585632056271,0.0953371874703844,False,nan,nan,False,False
546,2.73,0.00494787599927804,0.0014927649999663117,5.8610003179637715e-06,0.001249429999916174,0.0009559000000081141,6.482099979621125e-05,0.0035048330000790884,0.0035232066355688246,0.0020000000000000018,0.7046413271137649,0.7534826537844699,0.08965624431139733,False,nan,nan,False,False
547,2.735,0.005068371000561456,0.001247885999873688,5.8910000007017516e-06,0.00012362100005702814,0.0009078900002350565,4.7398999413417187e-05,0.003611623999859148,0.003524492363362734,0.0020000000000000018,0.7048984726725468,0.2969987536167143,0.09347375384480976,False,nan,nan,False,False
548,2.74,0.004924330999529047,0.0014300279999588383,5.390000296756625e-06,0.0011648210002022097,0.0009547480003675446,4.7618999815313146e-05,0.0035739929999181186,0.003539253929331548,0.0020000000000000018,0.7078507858663097,1.2257872301486987,0.0961532395492029,False,nan,nan,False,False
549,2.745,0.005097465999824635,0.0012219780001032632,6.301999746938236e-06,0.0001434779996998259,0.0008814109996819752,4.7189000724756625e-05,0.0036148389999652863,0.003538197454731152,0.0020000000000000018,0.7076394909462304,0.40568133619617924,0.0984173460801716,False,nan,nan,False,False
550,2.75,0.004900847000499198,0.0013675310001417529,5.490999683388509e-06,0.0011674160004986334,0.0009261040004275856,4.62970001535723e-05,0.003563973999916925,0.0035517065779109547,0.0020000000000000018,0.710341315582191,1.0766503946456798,0.09230321634698423,False,nan,nan,False,False
551,2.755,0.0050023379999402096,0.0014191769996614312,6.983000275795348e-06,0.002272726000228431,0.0010581909991742577,4.548499964585062e-05,0.003514611999889894,0.0035733660335345364,0.0020000000000000018,0.7146732067069073,1.6068245799105738,0.093631143300747,False,nan,nan,False,False
552,2.7600000000000002,0.004997138000362611,0.0014069839999137912,5.048999810242094e-06,0.0011314989997117664,0.0009405709997736267,4.579599954013247e-05,0.0035291789999973844,0.003572619927084358,0.0020000000000000018,0.7145239854168716,0.23255323182268275,0.0984749426902566,False,nan,nan,False,False
553,2.765,0.00507950199971674,0.001225805000103719,1.5499000255658757e-05,4.681799964600941e-05,0.000862896000398905,4.58350004919339e-05,0.0036321219995443244,0.0035643843057767744,0.0020000000000000018,0.7128768611553549,0.5764081097821059,0.09056164878930409,False,nan,nan,False,False
554,2.77,0.0049207040001419955,0.001228149999406014,5.590999535343144e-06,0.0010329249998903833,0.0008934329998737667,4.638700011128094e-05,0.003708896000716777,0.003588585559301277,0.0020000000000000018,0.7177171118602554,1.6909451857036801,0.08688153368430698,False,nan,nan,False,False
555,2.775,0.0050006849996862,0.0013154329999451875,5.810999937239103e-06,0.002111664999574714,0.0009687539995866246,4.486400030145887e-05,0.003619478000473464,0.0036011242710881114,0.0020000000000000018,0.7202248542176223,0.9908118491843324,0.0961954157116447,False,nan,nan,False,False
556,2.7800000000000002,0.00499638600012986,0.0013666289996763226,5.020000571676064e-06,0.0009481659999437397,0.0010251600006085937,4.548499964585062e-05,0.0035712680000870023,0.003602374803240984,0.0020000000000000018,0.7204749606481968,0.33637682727968815,0.0946736885997758,False,nan,nan,False,False
557,2.785,0.005001775999517122,0.0013834210003551561,8.496000191371422e-06,0.0017711969994707033,0.0010437439996167086,4.502499996306142e-05,0.0035539760001483955,0.0036254326713676204,0.0020000000000000018,0.7250865342735241,1.6011125129443926,0.09350127465460494,False,nan,nan,False,False
558,2.79,0.00499821100038389,0.0014185760001055314,5.089000296720769e-06,0.0010214320000159205,0.0009722800004965393,4.680700021708617e-05,0.0035213139999541454,0.003624630670096855,0.0020000000000000018,0.724926134019371,0.3253430256676365,0.09055974405056101,False,nan,nan,False,False
559,2.795,0.005005613000321318,0.0013651669996761484,5.46000046597328e-06,0.002106513999933668,0.0010283659994456684,4.4282999624556396e-05,0.003566487999705714,0.003645594226295336,0.0020000000000000018,0.7291188452590672,1.4245835132807725,0.0967116252462311,False,nan,nan,False,False
560,2.8000000000000003,0.004993881999325822,0.001392046000546543,5.2400000640773214e-06,0.000931904999561084,0.001043844000378158,4.610599989973707e-05,0.0035484259997247136,0.0036463613571501856,0.0020000000000000018,0.7292722714300371,0.3452473930862322,0.09955244531691228,False,nan,nan,False,False
561,2.805,0.005003790000046138,0.0013486160005413694,5.180000698601361e-06,0.0020220070000505075,0.001015761999951792,4.336100028012879e-05,0.003586785999686981,0.003676030123657353,0.0020000000000000018,0.7352060247314705,1.944770322881919,0.09611617866670023,False,nan,nan,False,False
562,2.81,0.005002458000490151,0.0013280769999255426,5.419999979494605e-06,0.0008660620005684905,0.0009942710003087996,4.5554999815067276e-05,0.003601784999773372,0.0036748139084735935,0.0020000000000000018,0.7349627816947186,0.3100394251121629,0.09254693329616058,False,nan,nan,False,False
563,2.815,0.00499172699983319,0.0011870529997395352,5.6009994295891374e-06,0.00028299000041442923,0.0008612220008217264,4.570599958242383e-05,0.0037535199999183533,0.0036708582188667268,0.0020000000000000018,0.7341716437733453,0.3598720933845216,0.09543109714782354,False,nan,nan,False,False
564,2.82,0.005003059999580728,0.0013617900003737304,5.420000888989307e-06,0.0008334109998031636,0.001022845000079542,5.227800011198269e-05,0.0035756750003201887,0.003695052765549653,0.0020000000000000018,0.7390105531099307,1.6378753424549581,0.10065004001433002,False,nan,nan,False,False
565,2.825,0.0050000530000033905,0.0012056370005666395,5.37999949301593e-06,0.0002533750002839952,0.0008625549999123905,4.612700013240101e-05,0.0037319690000003902,0.0036924549765070458,0.0020000000000000018,0.738490995301409,0.3766486617955423,0.10211704485776285,False,nan,nan,False,False
566,2.83,0.005000474000553368,0.0013610280002467334,5.118999979458749e-06,0.0007594720000270172,0.0009160850004263921,4.491500021686079e-05,0.0035773699992205366,0.00370608603568296,0.0020000000000000018,0.741217207136592,1.0414168359662848,0.09532808139727228,False,nan,nan,False,False
567,2.835,0.005007246999412018,0.0012506020002547302,5.4299998737405986e-06,0.00015936799991322914,0.000907278999875416,4.527500004769536e-05,0.003679249000015261,0.0037079719162866585,0.0020000000000000018,0.7415943832573317,0.4057272349896238,0.09806702471316302,False,nan,nan,False,False
568,2.84,0.004996135000510549,0.0013839020002706093,5.279999641061295e-06,0.0012847660000261385,0.0010335150000173599,4.5865999709349126e-05,0.0035507189995769295,0.0037211754781425583,0.0020000000000000018,0.7442350956285116,1.1489868860760284,0.10367786995370641,False,nan,nan,False,False
569,2.845,0.005007558000215795,0.0012034430001222063,5.560000317927916e-06,0.00013091499931761064,0.0008626759999970091,4.6066999857430346e-05,0.0037221309994492913,0.0037164457832164904,0.0020000000000000018,0.7432891566432981,0.4311013355266243,0.10374338174313387,False,nan,nan,False,False
570,2.85,0.004993941999600793,0.001307948999965447,5.881000106455758e-06,0.0011987850002697087,0.0009090319999813801,4.7818999519222416e-05,0.003696773000228859,0.0037346423533754117,0.0020000000000000018,0.7469284706750823,1.26864233610157,0.09600901747636181,False,nan,nan,False,False
571,2.855,0.005101261999698181,0.0012079620000804425,5.740000233345199e-06,0.0001503510002294206,0.0008635470003355294,4.55150002380833e-05,0.0036228850003681146,0.00372744026739321,0.0020000000000000018,0.745488053478642,0.6267034472447183,0.09915234457519628,False,nan,nan,False,False
572,2.86,0.004895478000435105,0.0014078860003792215,5.740000233345199e-06,0.0011667649996525142,0.000946823000049335,4.749799973069457e-05,0.003528798999468563,0.0037499043717274094,0.0020000000000000018,0.7499808743454818,1.5371067664241311,0.10263224628109921,False,nan,nan,False,False
573,2.865,0.005002728000363277,0.0013715289996980573,5.219999366090633e-06,0.0022206479998203577,0.001010402000247268,5.292900004860712e-05,0.0035628409996206756,0.0037650426748718126,0.0020000000000000018,0.7530085349743625,1.1427595856933166,0.10275811981508712,False,nan,nan,False,False
574,2.87,0.005001275999347854,0.0013447780002024956,5.650999810313806e-06,0.000797554000200762,0.001004370999908133,4.480400002648821e-05,0.003586746000109997,0.003761346155018747,0.0020000000000000018,0.7522692310037494,0.510226893613965,0.0940972462854714,False,nan,nan,False,False
575,2.875,0.0049964660001933225,0.001217238999743131,5.270000656310003e-06,0.00018566800008557038,0.0008641879994684132,5.767799939349061e-05,0.0037210290001894464,0.0037614297565299886,0.0020000000000000018,0.7522859513059976,0.3912047243930405,0.09672456889524537,False,nan,nan,False,False
576,2.88,0.005004822000046261,0.001369825999972818,5.419999979494605e-06,0.0012918799993713037,0.0010308700002497062,4.539500059763668e-05,0.0035585430005085072,0.0037916034912340462,0.0020000000000000018,0.7583206982468093,1.9210833378951169,0.10458419211473116,False,nan,nan,False,False
577,2.8850000000000002,0.004992469000171695,0.0011979139999311883,5.360000614018645e-06,0.00010187100087932777,0.0008553119996577152,4.4583000089915004e-05,0.0037382000000434346,0.0037757388531902748,0.0020000000000000018,0.7551477706380549,1.15458811609914,0.1015969682977158,False,nan,nan,False,False
578,2.89,0.0050023779995171935,0.0014900400001351954,5.599999894911889e-06,0.001185549999718205,0.001129104999563424,6.656500045210123e-05,0.0035058160001426586,0.0037993879145744773,0.0020000000000000018,0.7598775829148955,1.509623653378764,0.09605390756060574,False,nan,nan,False,False
579,2.895,0.005088800000521587,0.0012109170002077008,6.061000021873042e-06,0.0001437090004401398,0.0008616639997853781,4.489399998419685e-05,0.0036335839995444985,0.0037966850239240396,0.0020000000000000018,0.7593370047848079,0.5777676466016494,0.09980913606465525,False,nan,nan,False,False
580,2.9,0.004914903000099002,0.0013475340001605218,5.840999619977083e-06,0.001157697999587981,0.000953685999775189,4.601599994202843e-05,0.0035836499992001336,0.003818434041399214,0.0020000000000000018,0.7636868082798427,1.4566171033482098,0.10408769141842987,False,nan,nan,False,False
581,2.9050000000000002,0.005069342999377113,0.0012355340004432946,1.698200048849685e-05,4.985300074622501e-05,0.0008594599994466989,5.6304999816347845e-05,0.0036272229999667616,0.003808465625770375,0.0020000000000000018,0.761693125154075,0.736446194781849,0.10497926118050739,False,nan,nan,False,False
582,2.91,0.004928139000185183,0.0013867570005459129,5.680999493051786e-06,0.0008091149993560975,0.0009303320002800319,4.731799981527729e-05,0.0035493959994710167,0.0038389480272130235,0.0020000000000000018,0.7677896054426047,1.8843194585243181,0.09804662364620048,False,nan,nan,False,False
583,2.915,0.005009982000046875,0.001369735000480432,7.164000635384582e-06,0.0022891369999342714,0.001022555000417924,4.502400042838417e-05,0.0035534939997887705,0.003859684781512017,0.0020000000000000018,0.7719369563024033,1.3828580246819835,0.10177915165055942,False,nan,nan,False,False
584,2.92,0.004989111999748275,0.0013702160003958852,5.529999725695234e-06,0.0011182040007042815,0.0009448589999010437,4.936200002703117e-05,0.0035668700002133846,0.003862050028014266,0.0020000000000000018,0.7724100056028532,0.37967267101586466,0.10791201909240869,False,nan,nan,False,False
585,2.9250000000000003,0.005002919000617112,0.0014289060000010068,5.29000044480199e-06,0.0021919450000496,0.001065194999682717,5.031399996369146e-05,0.0035279160001664422,0.003888336550653259,0.0020000000000000018,0.7776673101306518,1.5676549036791743,0.10376298553455687,False,nan,nan,False,False
586,2.93,0.005022835999625386,0.0014496650001092348,5.310000233293977e-06,0.001072998999916308,0.000960729000325955,6.178599960549036e-05,0.0034736750003503403,0.0038775956620033893,0.0020000000000000018,0.7755191324006779,0.8355264403211325,0.09605749770836942,False,nan,nan,False,False
587,2.935,0.004991546999917773,0.001435418000255595,5.8910000007017516e-06,0.002167648999602534,0.0010777879997476703,4.634600009012502e-05,0.003541471999596979,0.0039229114904759145,0.0020000000000000018,0.7845822980951828,2.666306415409341,0.10198505073284618,False,nan,nan,False,False
588,2.94,0.005039276999923459,0.001416191999851435,5.009000233258121e-06,0.0010982670000885264,0.0009516219997749431,5.656600023939973e-05,0.0034763900002872106,0.003909592368290702,0.0020000000000000018,0.7819184736581402,0.9656397388979872,0.1039919695674578,False,nan,nan,False,False
589,2.945,0.004959857999892847,0.0014128259999779402,5.841000529471785e-06,0.0021828879998793127,0.0010625490003803861,4.4081999476475175e-05,0.0035146810005244333,0.003942384116098374,0.0020000000000000018,0.7884768232196747,1.925563048948527,0.09724117194937025,False,nan,nan,False,False
590,2.95,0.004999622000468662,0.0013894820003770292,5.630000487144571e-06,0.0013035509991823346,0.0009296610005549155,4.6848000238242093e-05,0.003529038999658951,0.003930920129406739,0.0020000000000000018,0.7861840258813477,1.0648867945966458,0.09729847393786127,False,nan,nan,False,False
591,2.955,0.004983773000276415,0.0013099529996907222,5.359999704523943e-06,0.0020834910001212847,0.0009586350006429711,4.504500066104811e-05,0.0036267719997340464,0.003968848147314642,0.0020000000000000018,0.7937696294629284,2.251146170625352,0.10232707526819294,False,nan,nan,False,False
592,2.96,0.005001475999961258,0.001525896999737597,5.2400000640773214e-06,0.0009190609998768196,0.0009930800006259233,4.7589000132575165e-05,0.0034166690002166433,0.00395556685170089,0.0020000000000000018,0.791113370340178,1.24673574856506,0.10306293978097715,False,nan,nan,False,False
593,2.965,0.005011405000004743,0.0013938199999756762,5.910999789193738e-06,0.002046202000201447,0.0010350280008424306,4.887200066150399e-05,0.0035443369997665286,0.003985304362899398,0.0020000000000000018,0.7970608725798798,2.435910452462375,0.10082685540578096,False,nan,nan,False,False
594,2.97,0.005005522999454115,0.001433364000149595,5.6110002333298326e-06,0.0009344700001747697,0.001071736000085366,4.885099951934535e-05,0.0035040920001847553,0.003961423828343867,0.0020000000000000018,0.7922847656687736,2.212823120391597,0.09851355006262638,False,nan,nan,False,False
595,2.975,0.005002126999897882,0.001236435000464553,5.680999493051786e-06,0.0003208409998478601,0.000891830000000482,4.426299983606441e-05,0.003676475000247592,0.003981176308093179,0.0020000000000000018,0.7962352616186358,1.6714540790835717,0.10125934626904484,False,nan,nan,False,False
596,2.98,0.004976820000592852,0.0014307189994724467,5.640000381390564e-06,0.0008413949999521719,0.0010819660001288867,5.018399951950414e-05,0.0035184890002710745,0.003976129191321663,0.0020000000000000018,0.7952258382643324,1.3704876487374726,0.10800896620948859,False,nan,nan,False,False
597,2.985,0.005014579999624402,0.00123166699995636,5.249999958323315e-06,0.00030032199993001996,0.0008902580002541072,4.601599994202843e-05,0.0036902700003338396,0.0039797488541984125,0.0020000000000000018,0.7959497708396824,0.5873652592557131,0.10853740131168674,False,nan,nan,False,False
598,2.99,0.004987149000044155,0.001496251999924425,5.300000339047983e-06,0.0008503219996782718,0.0010488640000403393,7.698399986111326e-05,0.0034424470004523755,0.003972484573584893,0.0020000000000000018,0.7944969147169786,1.3281831672794622,0.10027940841882979,False,nan,nan,False,False
599,2.995,0.005003850999855786,0.0013800540000374895,5.32000012753997e-06,0.0019164289997206652,0.0010378229999332689,4.485400040721288e-05,0.0035537849998945603,0.004014372361232731,0.0020000000000000018,0.8028744722465461,3.4456047212077294,0.10581475184207371,False,nan,nan,False,False
600,3.0,0.004999200999918685,0.0013707170000998303,5.571000656345859e-06,0.000850772999910987,0.0010239080002065748,4.514400006883079e-05,0.0035638939998534624,0.00397229094528539,0.0020000000000000018,0.7944581890570779,3.6440340226872987,0.11209742218430621,False,nan,nan,False,False
601,3.005,0.005005302999961714,0.0013726910001423676,5.650999810313806e-06,0.0019378890001462423,0.0010150009993594722,4.5495000449591316e-05,0.003557822000402666,0.004027737196960518,0.0020000000000000018,0.8055474393921036,4.730987198999565,0.103815733581339,False,nan,nan,False,False
602,3.0100000000000002,0.005004171000109636,0.0013710479997826042,5.461000000650529e-06,0.0008636669999759761,0.0010299589994247071,4.4613000682147685e-05,0.0035531730000002426,0.003946351416969738,0.0020000000000000018,0.7892702833939477,6.793103395811478,0.10741173155206948,False,nan,nan,False,False
603,3.015,0.004989824000404042,0.0012084429999958957,4.859000000578817e-06,0.00028514400037238374,0.0008633370007373742,4.641600025934167e-05,0.0037220599997453974,0.003992264660408791,0.0020000000000000018,0.798452932081758,5.371934751701298,0.10190905515430364,False,nan,nan,False,False
604,3.02,0.0049927599993679905,0.0013918760005253716,5.310000233293977e-06,0.0008417160006501945,0.0010394859991720296,4.5804999899701215e-05,0.003564775999620906,0.0038902206356133725,0.0020000000000000018,0.7780441271226745,10.042660471472221,0.10487098131076224,False,nan,nan,False,False
605,3.025,0.0050225750001118286,0.0013699860000997433,5.479999344970565e-06,0.0019375080000827438,0.0010127160003321478,4.506399909587344e-05,0.0035492960005285568,0.004003685911321563,0.0020000000000000018,0.8007371822643127,9.99744724593337,0.10885641606209254,False,nan,nan,False,False
606,3.0300000000000002,0.0049843040005725925,0.0013481750002029003,5.369999598769937e-06,0.0008480579999741167,0.0010118339996552095,4.712800000561401e-05,0.003586354999242758,0.0039005632075912824,0.0020000000000000018,0.7801126415182564,8.175350397691492,0.09802433188470747,False,nan,nan,False,False
607,3.035,0.0049972679998973035,0.0012176700001873542,4.878999789070804e-06,0.0002886499996748171,0.0008773229992584675,4.489399998419685e-05,0.003717280999808281,0.003992707546412433,0.0020000000000000018,0.7985415092824866,8.796862548195516,0.0993188955655457,False,nan,nan,False,False
608,3.04,0.005000623999876552,0.0014457369998126524,5.32000012753997e-06,0.0008370979994651861,0.0010957019994748407,4.455399994185427e-05,0.003511345999868354,0.003887519610357968,0.0020000000000000018,0.7775039220715935,10.037893420863417,0.10838317620688101,False,nan,nan,False,False
609,3.045,0.005023106000408006,0.0012575349992403062,5.601000339083839e-06,0.00030801699995208764,0.0009142519993474707,4.492500011110678e-05,0.00365627700011828,0.0039642967755783515,0.0020000000000000018,0.7928593551156703,7.760484523695914,0.11093069088194843,False,nan,nan,False,False
610,3.0500000000000003,0.004979745999662555,0.001406573999702232,5.591000444837846e-06,0.0008509640001648222,0.0010458079996169545,5.626500023936387e-05,0.0035258120005892124,0.0039215121707584155,0.0020000000000000018,0.7843024341516831,3.00641422468156,0.10079608854766899,False,nan,nan,False,False
611,3.055,0.0050018659994748305,0.001205287000630051,5.279000106384046e-06,0.0002841320001607528,0.000862124000377662,4.508399979386013e-05,0.0037238839995552553,0.004035649789037341,0.0020000000000000018,0.8071299578074682,10.109038903859886,0.10317040057385211,False,nan,nan,False,False
612,3.06,0.004998420000447368,0.00138375200003793,5.590000000665896e-06,0.0008479780008201487,0.0010183979993598768,4.5976000365044456e-05,0.0035641439999380964,0.003915847046871546,0.0020000000000000018,0.7831694093743092,10.094263127332612,0.10856335047328075,False,nan,nan,False,False
613,3.065,0.005048453999734193,0.0013263239998195786,7.3430001066299155e-06,0.00026183999943896197,0.000950870999986364,5.038400013290811e-05,0.003590885000448907,0.0040224424322352625,0.0020000000000000018,0.8044884864470524,10.228329610933912,0.11181774592042419,False,nan,nan,False,False
614,3.0700000000000003,0.005036813000515394,0.0026738369997474365,9.207000402966514e-06,0.0009478450001552119,0.0021973949997118325,7.245599954330828e-05,0.0021894600004088716,0.0039030721293649394,0.0020000000000000018,0.7806144258729878,10.096040291256008,0.09831845918238741,False,nan,nan,False,False
615,3.075,0.004947333999552939,0.001304653000261169,6.672999916190747e-06,0.0002307820004716632,0.0009403510002812254,4.9993000175163615e-05,0.00360473999990063,0.004004350149939155,0.0020000000000000018,0.8008700299878312,10.316170474720034,0.1028272825448843,False,nan,nan,False,False
616,3.08,0.00498956299998099,0.001619904000108363,6.662000487267505e-06,0.0013224470003478928,0.0012271180003153859,4.7448999794141855e-05,0.0033776749996832223,0.0038857322767244244,0.0020000000000000018,0.7771464553448849,10.127143814659158,0.10566684273900098,False,nan,nan,False,False
617,3.085,0.005109428000650951,0.0012403529999573948,6.402000508387573e-06,0.00017466700046497863,0.0008920110003600712,4.7929000174917746e-05,0.0035675009994520224,0.003983968987314163,0.0020000000000000018,0.7967937974628325,10.494124669555681,0.10956370810963835,False,nan,nan,False,False
618,3.09,0.004885739999735961,0.0016328179999618442,6.1620003179996274e-06,0.0011859010000989656,0.0012008280000372906,8.323600013682153e-05,0.0033612239994909032,0.0038684475780791116,0.0020000000000000018,0.7736895156158223,10.11212456505285,0.0985940934054718,False,nan,nan,False,False
619,3.095,0.005108846999974048,0.0012626739999177516,6.672999916190747e-06,0.00017568899966136087,0.0009106750003411435,4.902199998468859e-05,0.0035499879995768424,0.003933205852592701,0.0020000000000000018,0.7866411705185402,11.900652544262726,0.10413619654344744,False,nan,nan,False,False
620,3.1,0.004891540000244277,0.0016773509996710345,6.42200029687956e-06,0.001220605999151303,0.0012678639996011043,5.028400028095348e-05,0.003290552000180469,0.0038898358083471014,0.0020000000000000018,0.7779671616694203,4.281642276997305,0.10592389014607052,False,nan,nan,False,False
621,3.105,0.0050679500000114786,0.0012419159993442008,6.371999916154891e-06,0.00016053099989221664,0.0008970199996838346,4.719900061900262e-05,0.00361006000002817,0.0037697049249285778,0.0020000000000000018,0.7539409849857155,10.233548976881515,0.11043309878987549,False,nan,nan,False,False
622,3.11,0.004929591999825789,0.0015577570002278662,5.91100069868844e-06,0.0011844079999718815,0.0011648720001176116,4.781000006914837e-05,0.003449749999163032,0.0037725956619238566,0.0020000000000000018,0.7545191323847712,2.151935556254665,0.09760076366704745,False,nan,nan,False,False
623,3.115,0.005110328999762714,0.0012163580004198593,6.1920000007376075e-06,0.00017474800006311852,0.0008722130005480722,4.702800015365938e-05,0.003597205999540165,0.003846149639919866,0.0020000000000000018,0.7692299279839732,11.046012231945127,0.10153546690145789,False,nan,nan,False,False
624,3.12,0.004891300000053889,0.001617898999938916,6.1110004025977105e-06,0.0011870630005432758,0.0010587329998088535,4.95529993713717e-05,0.0033833859997685067,0.003806574135096331,0.0020000000000000018,0.7613148270192662,5.522154543875929,0.10645156963243321,False,nan,nan,False,False
625,3.125,0.005113365000397607,0.0012603299992406392,6.211999789229594e-06,0.00017103000027418602,0.0008999250003398629,4.8941000386548694e-05,0.0035481450004226645,0.0037524127361418433,0.0020000000000000018,0.7504825472283687,15.340471613345526,0.1104433379574249,False,nan,nan,False,False
626,3.13,0.004886900999736099,0.0015674259993829764,6.311999641184229e-06,0.0011719550002453616,0.0011874440006067744,4.681700011133216e-05,0.0034206650007035933,0.0037765840316699717,0.0020000000000000018,0.7553168063339943,8.384768535886666,0.09802043424760849,False,nan,nan,False,False
627,3.1350000000000002,0.005078940999737824,0.0012327390004429617,5.930999577685725e-06,0.0001637069999560481,0.0008787459992163349,4.839999928663019e-05,0.0036113419992034324,0.003686319490603819,0.0020000000000000018,0.7372638981207636,11.064274728529117,0.10029440142575309,False,nan,nan,False,False
628,3.14,0.004928039000333229,0.0016183500001716311,5.9809999584103934e-06,0.0012261960000614636,0.001235513999745308,4.786999943462433e-05,0.0033776649997889763,0.003659234981349043,0.0020000000000000018,0.7318469962698086,3.586048633201702,0.1044327935707475,False,nan,nan,False,False
629,3.145,0.00510702300016419,0.0012393409997457638,6.2519993662135676e-06,0.000173634999555361,0.000884155000676401,4.80799999422743e-05,0.0035686929995790706,0.0037224953297736955,0.0020000000000000018,0.744499065954739,10.914517771253056,0.10472044084077146,False,nan,nan,False,False
630,3.15,0.00488614999994752,0.001554560999466048,6.3520001276629046e-06,0.0011884260002261726,0.0011871329998029978,4.692799939221004e-05,0.003444841000600718,0.0036913257603427736,0.0020000000000000018,0.7382651520685547,8.055084755301205,0.09645256457130356,False,nan,nan,False,False
631,3.1550000000000002,0.005109447999529948,0.0012219290001667105,5.640000381390564e-06,0.00017295399993599858,0.0008800579998933244,4.748900028062053e-05,0.003590151999560476,0.0036783524560893024,0.0020000000000000018,0.7356704912178604,14.787367554159285,0.09979399567317998,False,nan,nan,False,False
632,3.16,0.004888915000265115,0.0016174590000446187,5.80100004299311e-06,0.0011688989998219768,0.0012349230000836542,4.788000023836503e-05,0.0033953479996853275,0.0037071668588001126,0.0020000000000000018,0.7414333717600226,7.3232656084324645,0.10110132372337616,False,nan,nan,False,False
633,3.165,0.005114638000122795,0.0012607210001078784,6.092000148782972e-06,0.00015881699982855935,0.0009185099997921498,4.702800015365938e-05,0.0035626709995995043,0.0036144099462533225,0.0020000000000000018,0.7228819892506646,11.91255154576716,0.10060227551880857,False,nan,nan,False,False
634,3.17,0.004902840999420732,0.0015721250001661247,5.851000423717778e-06,0.0011090970001532696,0.0011848789999930887,4.818999968847493e-05,0.003335866000270471,0.003654933924621775,0.0020000000000000018,0.730986784924355,10.224458436750183,0.08955185405982338,False,nan,nan,False,False
635,3.1750000000000003,0.004994924000129686,0.0015224509998006397,8.105999768304173e-06,0.001624773000003188,0.0011189950000698445,9.835400032898178e-05,0.0033847380000224803,0.0038397961564799105,0.0020000000000000018,0.7679592312959821,11.290446563223846,0.09798085171676779,False,nan,nan,False,False
636,3.18,0.004982600000403181,0.0015898980000201846,5.791000148747116e-06,0.0010579509998933645,0.0010466499998074141,4.624699977284763e-05,0.003341988000101992,0.003674384048052873,0.0020000000000000018,0.7348768096105747,10.530934643736352,0.09533981174268978,False,nan,nan,False,False
637,3.185,0.005183676999877207,0.001241334999576793,6.091000614105724e-06,0.00011421399995015236,0.000899375000699365,4.833000002690824e-05,0.0035162849999323953,0.0037724080754459903,0.0020000000000000018,0.754481615089198,10.44256848267894,0.09577889744452946,False,nan,nan,False,False
638,3.19,0.004836486999920453,0.0014203999999153893,6.2710005295230076e-06,0.0011025839994545095,0.0010282550001647905,4.783999975188635e-05,0.0035182589999749325,0.0036569660610200664,0.0020000000000000018,0.7313932122040133,10.16462917912316,0.09224570926602939,False,nan,nan,False,False
639,3.1950000000000003,0.005027254999731667,0.0015293440001187264,8.46599959913874e-06,0.001780142999450618,0.0011390529998607235,4.8150000111490954e-05,0.003363808999893081,0.0037839866114638613,0.0020000000000000018,0.7567973222927722,11.34995560591714,0.09729587014146125,False,nan,nan,False,False
640,3.2,0.004968053000084183,0.0016426660004071891,6.001000656397082e-06,0.001069683000423538,0.0010571599996183068,4.995299968868494e-05,0.0032813349998832564,0.003667905828210899,0.0020000000000000018,0.7335811656421798,10.616662650242825,0.09854263762954914,False,nan,nan,False,False
641,3.205,0.0050157519999629585,0.0014866540004732087,8.174999493348878e-06,0.001674916999945708,0.0011002909996022936,8.361700020032004e-05,0.0034209159994134097,0.003764362582480955,0.0020000000000000018,0.752872516496191,11.100175357850974,0.08977733910192531,False,nan,nan,False,False
642,3.21,0.004988190999938524,0.001564180000059423,6.221000148798339e-06,0.001067179000528995,0.000998058999357454,4.91620003231219e-05,0.0033573569999134634,0.003661288566361152,0.0020000000000000018,0.7322577132722303,10.859213012766538,0.09364624926482083,False,nan,nan,False,False
643,3.215,0.005004482000003918,0.0014433430005738046,8.00500038167229e-06,0.0017547860006743576,0.0010870860005525174,5.6145999224099796e-05,0.0034908469997390057,0.0037590474006316183,0.0020000000000000018,0.7518094801263236,11.121180539916345,0.09908181256808675,False,nan,nan,False,False
644,3.22,0.005012256000554771,0.0016207149992624181,6.381999810400885e-06,0.0010952109996651416,0.001009340000564407,7.270599962794222e-05,0.003299419000541093,0.003651237924613223,0.0020000000000000018,0.7302475849226446,10.962149748212331,0.09442764447611408,False,nan,nan,False,False
645,3.225,0.005150945999957912,0.0013384459998633247,7.273999472090509e-06,4.052599979331717e-05,0.0009533759994155844,5.6756000049063005e-05,0.0034559719997560023,0.003686478856150032,0.0020000000000000018,0.7372957712300064,6.963410201858597,0.08933588443719616,False,nan,nan,False,False
646,3.23,0.004878464999819698,0.0015486199999941164,6.612000106542837e-06,0.0012217080002301373,0.0010571290004008915,5.008300013287226e-05,0.0033588300002520555,0.0038238260251699354,0.0020000000000000018,0.7647652050339871,9.130581671961515,0.09093860834649484,False,nan,nan,False,False
647,3.235,0.004986187999747926,0.0012525150004876195,6.051000127627049e-06,0.0001306550002482254,0.0008967690000645234,4.8580999646219425e-05,0.0036252989993954543,0.003612444657721857,0.0020000000000000018,0.7224889315443713,11.249540759308367,0.09708846934039793,False,nan,nan,False,False
648,3.24,0.004957783999998355,0.0015885150005487958,6.492000466096215e-06,0.0012089729998479015,0.0012035339996145922,4.930300019623246e-05,0.0033733659993231413,0.003772039898062137,0.0020000000000000018,0.7544079796124273,8.557053894733905,0.09228431669770645,False,nan,nan,False,False
649,3.245,0.005041770999923756,0.001271461000214913,6.242000381462276e-06,0.00013254799978312803,0.0009198119996653986,5.467200026032515e-05,0.003601284000069427,0.003601373985059133,0.0020000000000000018,0.7202747970118265,10.721723697624347,0.09602481398560003,False,nan,nan,False,False
650,3.25,0.004948226000124123,0.0015975420001268503,5.86099940846907e-06,0.0010404989998278324,0.0010368019993620692,4.9653000132821035e-05,0.0033344940002280055,0.0037793014119337264,0.0020000000000000018,0.7558602823867454,10.541665001853211,0.09313200798866335,False,nan,nan,False,False
651,3.255,0.0050190689998999005,0.0014779180000914494,8.165000508597586e-06,0.001623961000404961,0.001116110000111803,5.701700047211489e-05,0.0034647980000954703,0.0036475962103119874,0.0020000000000000018,0.7295192420623975,10.353243330763648,0.09987990654351445,False,nan,nan,False,False
652,3.2600000000000002,0.005021454000598169,0.0014305380000223522,6.240999937290326e-06,0.0010918450007011415,0.0010124959999302519,5.964199954178184e-05,0.003512597999360878,0.0037916663368829004,0.0020000000000000018,0.75833326737658,10.126347674189915,0.09465359120925124,False,nan,nan,False,False
653,3.265,0.005023025999435049,0.0012441999997463427,6.121000296843704e-06,0.00013309999940247508,0.0008959779997894657,4.8150000111490954e-05,0.003623234000770026,0.00359254249756959,0.0020000000000000018,0.718508499513918,11.10153661333613,0.09534059766244718,False,nan,nan,False,False
654,3.27,0.004946673000631563,0.0016573429993513855,6.4420000853715464e-06,0.001198193000163883,0.0010653449999153963,7.9319000178657e-05,0.0032637530002830317,0.0037694602389901346,0.0020000000000000018,0.7538920477980269,10.69157483252779,0.09499087381018284,False,nan,nan,False,False
655,3.275,0.0050051729995175265,0.0014823860001342837,1.047000023390865e-05,0.0016316760002155206,0.0011009919999196427,5.9791999774461146e-05,0.0034508819999246043,0.0036574988526123777,0.0020000000000000018,0.7314997705224755,10.30577546297337,0.10235648423678684,False,nan,nan,False,False
656,3.2800000000000002,0.005008940000152506,0.001492905000304745,6.070999916119035e-06,0.001205818000016734,0.0011069329993915744,4.961200011166511e-05,0.0034602899995661573,0.0037908691675415684,0.0020000000000000018,0.7581738335083137,10.155540727385832,0.0923102446549694,False,nan,nan,False,False
657,3.285,0.005029637999541592,0.0012274590008019004,5.962000614090357e-06,0.0001267769994228729,0.0008843260002322495,4.73789996249252e-05,0.0036508659995888593,0.0036361921246220413,0.0020000000000000018,0.7272384249244083,8.27819283884022,0.09690504553042946,False,nan,nan,False,False
658,3.29,0.0049780120007199,0.0015703909994044807,5.500999577634502e-06,0.0012086840006304556,0.0010328939997634734,4.638700011128094e-05,0.0034001069998339517,0.0038181776112281435,0.0020000000000000018,0.7636355222456287,10.61067205147781,0.09264733506073107,False,nan,nan,False,False
659,3.295,0.0050487349999457365,0.0012518339999587624,6.250999831536319e-06,0.00013320000016392441,0.0008935839996411232,4.902199998468859e-05,0.0035970559993074858,0.003635909925619841,0.0020000000000000018,0.7271819851239681,10.725632520409174,0.10266832194956778,False,nan,nan,False,False
660,3.3000000000000003,0.004927987999508332,0.0016059870004028198,6.182000106491614e-06,0.0010916539995378116,0.0010417209996376187,4.8772000809549354e-05,0.003314185999442998,0.003797291074187451,0.0020000000000000018,0.7594582148374901,10.361819916064237,0.09294315597892554,False,nan,nan,False,False
661,3.305,0.005001846000595833,0.001359936999506317,7.804000233591069e-06,0.0016175079999811715,0.0009677020007075043,4.5774999307468534e-05,0.0035615090000646887,0.0037355423474734937,0.0020000000000000018,0.7471084694946988,5.224254199854605,0.09463496558488203,False,nan,nan,False,False
662,3.31,0.00500013399960153,0.0014983860000938876,6.362000021908898e-06,0.0011851690005642013,0.000986377999652177,6.431099973269738e-05,0.003467943999567069,0.0037641992863082477,0.0020000000000000018,0.7528398572616495,6.296342245990431,0.09553397669399896,False,nan,nan,False,False
663,3.315,0.005044536000241351,0.0012460640000426793,5.961000169918407e-06,0.00013252799999463605,0.0009033920005094842,4.745899968838785e-05,0.0036280439999245573,0.003674066349924624,0.0020000000000000018,0.7348132699849249,10.654233902343668,0.1004719279080073,False,nan,nan,False,False
664,3.3200000000000003,0.00495138299993414,0.001616155999727198,6.131000191089697e-06,0.0010589430003165035,0.0010482329998922069,4.798999998456566e-05,0.003308555999865348,0.0037493348757889756,0.0020000000000000018,0.749866975157795,11.231101390381587,0.10248206716815769,False,nan,nan,False,False
665,3.325,0.005007105999538908,0.0016266660004475852,8.426000022154767e-06,0.001728356000057829,0.0011930240007131943,5.7828000535664614e-05,0.003293627999482851,0.003751541257569661,0.0020000000000000018,0.7503082515139322,1.5358408029406885,0.10148544810129868,False,nan,nan,False,False
666,3.33,0.004997278000701044,0.0014033179995749379,6.110999493103009e-06,0.0010609270002532867,0.0010186170002270956,4.780000017490238e-05,0.003528197000377986,0.0036885245485846533,0.0020000000000000018,0.7377049097169306,8.766288582156337,0.09261940892386558,False,nan,nan,False,False
667,3.335,0.005015731999264972,0.0014610470007028198,8.57600025483407e-06,0.0017538239999339567,0.0010908829999607406,5.665600019710837e-05,0.003471329999229056,0.0037667545591033138,0.0020000000000000018,0.7533509118206627,13.543623686010156,0.09683401327001544,False,nan,nan,False,False
668,3.34,0.005012237000300956,0.0016273769997496856,6.332000339170918e-06,0.0010898910004470963,0.0010483539999768254,4.7698999878775794e-05,0.0032650339999236166,0.003686524569577172,0.0020000000000000018,0.7373049139154344,14.383344456760652,0.09242109874328772,False,nan,nan,False,False
669,3.345,0.00514878099966154,0.001248657999894931,6.371999916154891e-06,0.00011714900028891861,0.0008926320006139576,4.789000013261102e-05,0.0035359520006750245,0.0037441937920383965,0.0020000000000000018,0.7488387584076793,7.918629407467247,0.09514941547908377,False,nan,nan,False,False
670,3.35,0.004864169000029506,0.0016194620002352167,5.930999577685725e-06,0.0010999300002367818,0.0010791900003823685,4.610599989973707e-05,0.0032566990003033425,0.003643262480583443,0.0020000000000000018,0.7286524961166887,14.142147301736241,0.09488823368763757,False,nan,nan,False,False
671,3.355,0.004957904000548297,0.0015194349998637335,8.164999599102885e-06,0.0017027190006047022,0.0011417379992053611,6.333800047286786e-05,0.0034083029995599645,0.0036651061993875937,0.0020000000000000018,0.7330212398775188,6.4842791507998205,0.09146252890322439,False,nan,nan,False,False
672,3.36,0.005004822999580938,0.0014769549998163711,6.281999958446249e-06,0.0010963229997287272,0.0009927589999279007,6.579299952136353e-05,0.0035024890003114706,0.003707669410235976,0.0020000000000000018,0.7415338820471952,10.180896905142903,0.09622021049945782,False,nan,nan,False,False
673,3.365,0.005062049000116531,0.0012455420001060702,6.4719997681095265e-06,0.00013983200005895924,0.0008979019994512782,4.850100049225148e-05,0.003609589000006963,0.00363822811083329,0.0020000000000000018,0.727645622166658,11.370722855267905,0.08908401302415402,False,nan,nan,False,False
674,3.37,0.004934309999953257,0.001469111000005796,6.5119993450935e-06,0.001197162000607932,0.0010543139997025719,5.652599975292105e-05,0.0035012260004805285,0.003701565644358355,0.0020000000000000018,0.740313128871671,8.970692124687341,0.09271247993432431,False,nan,nan,False,False
675,3.375,0.005051318999903742,0.001250420999895141,6.242000381462276e-06,0.00013795799986837665,0.0009023200000228826,4.783999975188635e-05,0.0036167940006635035,0.0036182262252908238,0.0020000000000000018,0.7236452450581646,12.811758350637485,0.10184779024984256,False,nan,nan,False,False
676,3.38,0.004945190999933402,0.0013842420003129519,6.171999302750919e-06,0.001193705999867234,0.0009787019998839241,4.7077999624889344e-05,0.0035811159996228525,0.0036581458167816118,0.0020000000000000018,0.7316291633563223,6.716738839800726,0.09161171251244332,False,nan,nan,False,False
677,3.3850000000000002,0.005043494000346982,0.001239821999661217,6.301999746938236e-06,0.00013045499963482143,0.0008967200001279707,4.876099956163671e-05,0.0036741399999300484,0.003638633710058212,0.0020000000000000018,0.7277267420116423,7.761612629276611,0.09816653555400251,False,nan,nan,False,False
678,3.39,0.005003719999876921,0.0014436439996643458,6.252000275708269e-06,0.0012495299997681286,0.001048654000442184,5.7328000366396736e-05,0.003437426000346022,0.003625187649482276,0.0020000000000000018,0.7250375298964552,10.113668880846536,0.10366097763642808,False,nan,nan,False,False
679,3.395,0.004968774999724701,0.0015097270006663166,7.905000529717654e-06,0.002219064999735565,0.0011114009994344087,4.80799999422743e-05,0.0034296629992240923,0.0036350937463372414,0.0020000000000000018,0.7270187492674481,4.0731644636794355,0.10065436464269913,False,nan,nan,False,False
680,3.4,0.005015020999962871,0.0015185340007519699,6.161999408504926e-06,0.0012080020005669212,0.0010466199992151815,4.884100053459406e-05,0.003433498999584117,0.003599470535014949,0.0020000000000000018,0.7198941070029898,5.806155504530352,0.09418026692772029,False,nan,nan,False,False
681,3.4050000000000002,0.005029118000493327,0.0012444699996194686,5.920999683439732e-06,0.00012881200018455274,0.000889986000402132,4.801900013262639e-05,0.0036205900005370495,0.0036070342190468348,0.0020000000000000018,0.7214068438093669,10.619679375785049,0.09616698952030908,False,nan,nan,False,False
682,3.41,0.004947764999997162,0.001618391000192787,6.171999302750919e-06,0.0012134420003349078,0.001052521000019624,6.022300021868432e-05,0.003356395000082557,0.0035858113836017944,0.0020000000000000018,0.7171622767203588,7.217570187275976,0.10024683709322194,False,nan,nan,False,False
683,3.415,0.005054113999904075,0.0012340709999989485,6.172000212245621e-06,0.00013583399959316012,0.0008920200007196399,4.6907999603718054e-05,0.0036261710001781466,0.0035877788516647828,0.0020000000000000018,0.7175557703329565,0.3215062085670143,0.10153421193093526,False,nan,nan,False,False
684,3.42,0.0049615719999565044,0.0015327800001614378,6.142000529507641e-06,0.0011991359997409745,0.0009713890003695269,4.873099987889873e-05,0.0033684479994917638,0.0035440768113909325,0.0020000000000000018,0.7088153622781864,11.678310325708305,0.09246086230496034,False,nan,nan,False,False
685,3.4250000000000003,0.0049850650002554175,0.0014726179997524014,8.165000508597586e-06,0.0022858109996377607,0.0011010309999619494,6.453100013459334e-05,0.0034845250002035755,0.0035923116547875314,0.0020000000000000018,0.7184623309575063,8.991780071232101,0.09464986104380928,False,nan,nan,False,False
686,3.43,0.005035479000071064,0.00145166899983451,5.990999852656387e-06,0.0010987179994117469,0.001052932000675355,5.7948999710788485e-05,0.0034396410001136246,0.0035357121562730573,0.0020000000000000018,0.7071424312546114,10.052232480021967,0.09993744047828484,False,nan,nan,False,False
687,3.435,0.004987850999896182,0.0014368000001923065,8.43599991640076e-06,0.0017184280004585162,0.0010569900005066302,7.457999981852481e-05,0.0034876209992944496,0.003592357144630061,0.0020000000000000018,0.7184714289260122,14.142135873784614,0.0884200239572249,False,nan,nan,False,False
688,3.44,0.0050059139994118595,0.0013850840005034115,6.242000381462276e-06,0.0011491320001368877,0.0009537859996271436,4.9453000428911764e-05,0.0035149420000379905,0.003533219621152008,0.0020000000000000018,0.7066439242304016,11.602600276109973,0.08851015296693315,False,nan,nan,False,False
689,3.4450000000000003,0.005001246000574611,0.0014676880000479287,1.132099987444235e-05,0.0022272410005825805,0.0010568790003162576,8.388700007344596e-05,0.003424902999540791,0.0035848411128643555,0.0020000000000000018,0.7169682225728711,9.567339198706323,0.09630408990819081,False,nan,nan,False,False
690,3.45,0.004969034999703581,0.0014737390001755557,6.311999641184229e-06,0.0010488640000403393,0.0009522930004095542,6.22670004304382e-05,0.0034505519997765077,0.0035289983832511693,0.0020000000000000018,0.7057996766502338,14.142137006559748,0.08958249289981085,False,nan,nan,False,False
691,3.455,0.005001335000088147,0.0016373059997931705,6.03199987381231e-06,0.0021129970000401954,0.0009897429999909946,6.77070001984248e-05,0.0032771770002000267,0.003568581936580244,0.0020000000000000018,0.7137163873160487,11.283364116044638,0.08983896635547468,False,nan,nan,False,False
692,3.46,0.0049903850003829575,0.0014918039996700827,6.212000698724296e-06,0.0010138589996131486,0.0011188660000698292,6.78469996273634e-05,0.003445141000156582,0.00351608881683012,0.0020000000000000018,0.7032177633660239,10.633933182733301,0.08646667837605532,False,nan,nan,False,False
693,3.465,0.005015752999497636,0.0014872550000291085,7.544000254711136e-06,0.0020686839998234063,0.0010708350000641076,8.531999992555939e-05,0.003445872999691346,0.0035714158249352704,0.0020000000000000018,0.7142831649870539,12.064891188143577,0.09136734497241833,False,nan,nan,False,False
694,3.47,0.005013918999793532,0.001503335000052175,6.342000233416911e-06,0.0009984889993575052,0.0010835190005309414,5.173599947738694e-05,0.0033917920000021695,0.003516142340792122,0.0020000000000000018,0.7032284681584243,12.512478359955178,0.08997657839103984,False,nan,nan,False,False
695,3.475,0.004974786000275344,0.0015117610000743298,6.461999873863533e-06,0.0020790739999938523,0.0010970350003844942,7.981900034792488e-05,0.0034501110003475333,0.0035558294783198654,0.0020000000000000018,0.711165895663973,8.009992953549366,0.08403231592688101,False,nan,nan,False,False
696,3.48,0.005040519000431232,0.0015141659996515955,6.461999873863533e-06,0.0010041400000773137,0.0011362979994373745,4.786999943462433e-05,0.003361975000188977,0.003516112294907652,0.0020000000000000018,0.7032224589815305,14.142135983686462,0.08931428868176101,False,nan,nan,False,False
697,3.485,0.004952193999997689,0.0014185059999363148,6.6020002122968435e-06,0.002063333000478451,0.0010149110003112582,4.654700023820624e-05,0.0035240289998910157,0.0035347022292776323,0.0020000000000000018,0.7069404458555264,11.671806235061482,0.09278341544305883,False,nan,nan,False,False
698,3.49,0.00501747499947669,0.0014979460001995903,6.011000550643075e-06,0.0009770599999683327,0.001123674000155006,5.086500004836125e-05,0.0034123289997296524,0.0034949255689192002,0.0020000000000000018,0.69898511378384,10.86745059855674,0.09219932627422754,False,nan,nan,False,False
699,3.495,0.0049896340005943784,0.0014839189998383517,6.172000212245621e-06,0.0020688849999714876,0.0010685409997677198,6.40600001133862e-05,0.00343297800009168,0.0035283614533684463,0.0020000000000000018,0.7056722906736893,12.028764003065554,0.08209534558731003,False,nan,nan,False,False
700,3.5,0.004992718999346835,0.0014786789997742744,5.700000656361226e-06,0.0009583250002833665,0.0011138859999846318,6.268800007092068e-05,0.00344644500000868,0.0034902201484386746,0.0020000000000000018,0.6980440296877349,13.89139348333607,0.08881949643592112,False,nan,nan,False,False
701,3.505,0.005002799000067171,0.00150438699984079,6.172000212245621e-06,0.0020782010005859775,0.0010884189996431815,8.658299975650152e-05,0.0034518440006650053,0.003524867983078512,0.0020000000000000018,0.7049735966157022,10.538255518504677,0.0920242391044146,False,nan,nan,False,False
702,3.5100000000000002,0.005036892000134685,0.0015169810003499151,6.563000169990119e-06,0.0010031789997810847,0.0011387419999664417,4.763899960380513e-05,0.0033687380000628764,0.0034906258176798503,0.0020000000000000018,0.69812516353597,11.396915590421349,0.09507348608032128,False,nan,nan,False,False
703,3.515,0.004962082000020018,0.0014176049999150564,6.150999979581684e-06,0.0020531849995677476,0.0010470809993421426,4.711800011136802e-05,0.0035177669997210614,0.0035216028939447515,0.0020000000000000018,0.7043205787889504,9.327806500259054,0.08882920366486528,False,nan,nan,False,False
704,3.52,0.0050130179997722735,0.0014743709998583654,5.9910007621510886e-06,0.0009756469999047113,0.0011027949994968367,6.62239999655867e-05,0.0034385790004307637,0.003489469483770005,0.0020000000000000018,0.6978938967540009,10.659928804988018,0.09295157350760332,False,nan,nan,False,False
705,3.525,0.004988902000150119,0.0014127160002317396,5.920999683439732e-06,0.0020731919994432246,0.0010286269998687203,4.911199994239723e-05,0.003540390000125626,0.0035162622651397327,0.0020000000000000018,0.7032524530279465,8.911326592092875,0.09464554326034624,False,nan,nan,False,False
706,3.5300000000000002,0.005035119000240229,0.0015193649996945169,6.762999873899389e-06,0.0010010650003096089,0.001114016000428819,4.9602999752096366e-05,0.0033669450003799284,0.0034873192258738314,0.0020000000000000018,0.6974638451747662,10.627839714615574,0.09513199807015157,False,nan,nan,False,False
707,3.535,0.00496225200004119,0.0014893389998178463,6.240999937290326e-06,0.0020780009999725735,0.0010028679998868029,5.5575000260432716e-05,0.0034670029999688268,0.003512733403311219,0.0020000000000000018,0.7025466806622438,9.20094186577801,0.08955085462280116,False,nan,nan,False,False
708,3.54,0.00503530999958457,0.0014924839997547679,6.121000296843704e-06,0.0009911860006468487,0.001115088000005926,5.1066000196442474e-05,0.0033960600003410946,0.003486853267943184,0.0020000000000000018,0.6973706535886368,10.691814445621867,0.08978342806082852,False,nan,nan,False,False
709,3.545,0.004964767000274151,0.0014581909999833442,5.961000169918407e-06,0.002058444999420317,0.0010577510001894552,6.111499988037394e-05,0.0034908469997390057,0.0035101737412130975,0.0020000000000000018,0.7020347482426194,9.530795891364068,0.09381792502641016,False,nan,nan,False,False
710,3.5500000000000003,0.005024308999963978,0.001538280000204395,5.750999662268441e-06,0.000987147999694571,0.0011577780005609384,4.828999954042956e-05,0.0033633879993431037,0.003486961275763258,0.0020000000000000018,0.6973922551526516,10.772905495054188,0.09396734959289073,False,nan,nan,False,False
711,3.555,0.004978402000233473,0.0014564269995389623,6.301999746938236e-06,0.002058684999610705,0.0010665469999366906,6.0382999436114915e-05,0.0034689860003709327,0.0035086400514367485,0.0020000000000000018,0.7017280102873497,9.947227145995383,0.08463215203095735,False,nan,nan,False,False
712,3.56,0.00500605499928497,0.0014816440007052734,6.090999704611022e-06,0.000967651999417285,0.0011091870001109783,6.49009998596739e-05,0.003435012999943865,0.0034876880184721575,0.0020000000000000018,0.6975376036944315,10.893391653959764,0.08881124091921597,False,nan,nan,False,False
713,3.565,0.004994182000700675,0.0014152300000205287,6.012000085320324e-06,0.0020640160000766627,0.0010077480001200456,4.6688000111316796e-05,0.0035225869996793335,0.0035076170535527362,0.0020000000000000018,0.7015234107105472,9.919644035144518,0.08801090083443444,False,nan,nan,False,False
714,3.5700000000000003,0.005017114999645855,0.001531228000203555,6.211999789229594e-06,0.000988851000329305,0.0010686819996408303,4.75390006613452e-05,0.003372444999513391,0.003490894099708353,0.0020000000000000018,0.6981788199416705,11.307169985728196,0.09157921662874015,False,nan,nan,False,False
715,3.575,0.004980096000508638,0.0014249679998101783,6.362000021908898e-06,0.002066248999653908,0.0010560580003584619,4.5464999857358634e-05,0.0035174770000594435,0.0034952258272025285,0.0020000000000000018,0.6990451654405057,4.649317884579879,0.08468942290728877,False,nan,nan,False,False
716,3.58,0.005021652999857906,0.0014810839993515401,5.83099972573109e-06,0.0009778410003491445,0.0011013319999619853,6.225600009202026e-05,0.0034237320005559013,0.0034875924819303614,0.0020000000000000018,0.6975184963860723,6.47876746666045,0.09080200035389643,False,nan,nan,False,False
717,3.585,0.004982951999409124,0.0013763670003754669,6.211999789229594e-06,0.002082749999317457,0.0010064739999506855,4.7389000428665895e-05,0.0035434359997452702,0.003494045495621722,0.0020000000000000018,0.6988090991243443,4.220031626958204,0.09261103222968763,False,nan,nan,False,False
718,3.59,0.004998350000278151,0.0014745509997737827,5.920999683439732e-06,0.0009694350001154817,0.0010956819996863487,7.742400066490518e-05,0.003450971999882313,0.0034888745746870253,0.0020000000000000018,0.697774914937405,5.582335402402734,0.0943605022924744,False,nan,nan,False,False
719,3.595,0.005006295000384853,0.0014459670001087943,6.432000191125553e-06,0.002077590000226337,0.0010479820002728957,5.9140999837836716e-05,0.003468505999990157,0.0034939224165460954,0.0020000000000000018,0.6987844833092189,4.26250126542947,0.09244050943171474,False,nan,nan,False,False
720,3.6,0.0049911959995370125,0.0015110399999684887,6.041999768058304e-06,0.0009608990003471263,0.001130546999775106,7.107300007191952e-05,0.0034152650005125906,0.003491224081671284,0.0020000000000000018,0.6982448163342567,4.549750886342563,0.0838461179589298,False,nan,nan,False,False
721,3.605,0.005003639999813458,0.0014838890001556138,6.522000148834195e-06,0.002064907000203675,0.0010738510000010137,6.37500006632763e-05,0.003458787000454322,0.003494015870884764,0.0020000000000000018,0.6988031741769528,2.69091183468275,0.09143738899970924,False,nan,nan,False,False
722,3.61,0.005019690000153787,0.001506872000391013,6.270999620028306e-06,0.000989322000350512,0.0011351050006851438,4.770900068251649e-05,0.0033943359994736966,0.00349415643503139,0.0020000000000000018,0.698831287006278,2.528558808492418,0.09640374985040392,False,nan,nan,False,False
723,3.615,0.00497774199993728,0.001438213000255928,6.852999831608031e-06,0.002065747999949963,0.001066466999873228,4.6315999497892335e-05,0.0035134390000166604,0.0034948309459765033,0.0020000000000000018,0.6989661891953006,0.684802099306832,0.08635526254330976,False,nan,nan,False,False
724,3.62,0.005031983000662876,0.001432131000001391,6.231999577721581e-06,0.0009920780003085383,0.0009261040004275856,6.2046000493865e-05,0.0034759699992719106,0.0034957847233414727,0.0020000000000000018,0.6991569446682945,1.5328226604381427,0.08650781781323787,False,nan,nan,False,False
725,3.625,0.004991145999156288,0.001460505000068224,7.663999895157758e-06,0.00209265899957245,0.0010631309996824712,6.354900051519508e-05,0.0035019679999095388,0.0034963351534383967,0.0020000000000000018,0.6992670306876793,0.1765747151623789,0.09325103389137808,False,nan,nan,False,False
726,3.63,0.0050410500007274095,0.001524405000054685,6.181000571814366e-06,0.001026120999995328,0.001138671999797225,4.748899937112583e-05,0.0033353059998262324,0.0034971383613768866,0.0020000000000000018,0.6994276722753774,0.5146201729101925,0.09323157523412769,False,nan,nan,False,False
727,3.6350000000000002,0.0049369949992978945,0.0014864940003462834,6.231000043044332e-06,0.002081188000374823,0.0010985669996443903,6.114500047260663e-05,0.0034642669997992925,0.0034982413004776194,0.0020000000000000018,0.6996482600955238,0.7959239691965388,0.08465599245293119,False,nan,nan,False,False
728,3.64,0.0050260920006621745,0.0014617979995819042,6.160999873827677e-06,0.0009725909994813264,0.0010927060002359212,6.571300036739558e-05,0.003434191000451392,0.003498808910479199,0.0020000000000000018,0.6997617820958397,0.232073510632118,0.08832562901340728,False,nan,nan,False,False
729,3.645,0.004972020999957749,0.00147421099973144,5.740999768022448e-06,0.0020131089995629736,0.0010977559995808406,7.544100026279921e-05,0.0034924399997180444,0.003500159897306831,0.0020000000000000018,0.7000319794613662,1.1729971261287715,0.09153057772997761,False,nan,nan,False,False
730,3.65,0.005045678999522352,0.0015151570005400572,6.291999852692243e-06,0.0009294600004068343,0.0011503340001581819,4.712800000561401e-05,0.0033680569995340193,0.003500837398860831,0.0020000000000000018,0.7001674797721662,0.4275848757716452,0.09190597159580921,False,nan,nan,False,False
731,3.6550000000000002,0.004962642999998934,0.0012433780002538697,6.020999535394367e-06,0.0003483519994915696,0.0008978509995358763,4.871200053457869e-05,0.0036725780000779196,0.0035029760387213604,0.0020000000000000018,0.7005952077442721,1.7211302750648223,0.08741077725734316,False,nan,nan,False,False
732,3.66,0.004992668999875605,0.0014193280003382824,6.211000254552346e-06,0.0008796869997240719,0.0010374530002081883,4.884099962509936e-05,0.003511765999974159,0.003502938758206044,0.0020000000000000018,0.7005877516412088,0.9661432953481243,0.08751043134203244,False,nan,nan,False,False
733,3.665,0.005005223000807746,0.0012752379998346441,5.781000254501123e-06,0.00033140100003947737,0.0008870710007613525,5.840900030307239e-05,0.0036746719997609034,0.0035051338834145075,0.0020000000000000018,0.7010267766829014,1.7003439833494758,0.0924400633925684,False,nan,nan,False,False
734,3.67,0.0050477729992053355,0.002731255000071542,7.122999704733957e-06,0.0008449119995930232,0.002264650999677542,6.540300000779098e-05,0.0021836790001543704,0.0035053261731359145,0.0020000000000000018,0.701065234627183,0.6531757458067,0.09314440292224535,False,nan,nan,False,False
735,3.6750000000000003,0.0049946830004046205,0.0012768509996021749,6.643000233452767e-06,0.000142386000334227,0.0009211750002577901,4.822000028070761e-05,0.0035970360004284885,0.003508288269795144,0.0020000000000000018,0.7016576539590288,1.7435085290094592,0.09050253453310914,False,nan,nan,False,False
736,3.68,0.004940130999784742,0.001386486000228615,5.49000014871126e-06,0.001180440000098315,0.0009258939999199356,4.7278999772970565e-05,0.0035459199998513213,0.0035083059099857965,0.0020000000000000018,0.7016611819971592,0.372460428194618,0.0888361954159607,False,nan,nan,False,False
737,3.685,0.005001506000553491,0.0014645019991803565,7.845000254746992e-06,0.002242638999632618,0.0009731220006869989,5.895100002817344e-05,0.00348465600018244,0.003512615271179107,0.0020000000000000018,0.7025230542358213,2.3432517571164415,0.08807094630060336,False,nan,nan,False,False
738,3.69,0.0050155419994553085,0.0013903240005674888,5.590999535343144e-06,0.0010977860001730733,0.0009454900000491762,4.691799949796405e-05,0.0035232979998909286,0.0035118045971834115,0.0020000000000000018,0.7023609194366823,1.1608672707010328,0.09528886568041581,False,nan,nan,False,False
739,3.6950000000000003,0.004978943999958574,0.0013660080003319308,5.34999981027795e-06,0.002217291999841109,0.0010163330007344484,5.8339000133855734e-05,0.003565506999620993,0.0035169946300414104,0.0020000000000000018,0.703398926008282,2.643151026967856,0.08839947884518658,False,nan,nan,False,False
740,3.7,0.004994773000362329,0.0013899030000175117,5.5499995141872205e-06,0.0011094980000052601,0.0009096740004679305,4.78490001114551e-05,0.0035471820001475862,0.0035176441756089127,0.0020000000000000018,0.7035288351217825,0.3117253006006831,0.08629160624766005,False,nan,nan,False,False
741,3.705,0.004998419999537873,0.0014077260002522962,5.20999947184464e-06,0.002179932000217377,0.0009545080001771566,4.431300021678908e-05,0.0035335379998286953,0.003521375476453029,0.0020000000000000018,0.7042750952906058,1.4999264151270888,0.09286127487085961,False,nan,nan,False,False
742,3.71,0.005006566000702151,0.0013501280000127736,5.780999345006421e-06,0.0010553359998084488,0.0009335479999208474,4.530399928626139e-05,0.003581746999770985,0.003524570213519776,0.0020000000000000018,0.7049140427039552,1.0037392283910591,0.09221667949651603,False,nan,nan,False,False
743,3.715,0.004997989000003145,0.001373100999444432,5.449999662232585e-06,0.002077641000141739,0.0010324240001864382,5.3791000027558766e-05,0.0035625520004032296,0.0035349644722493983,0.0020000000000000018,0.7069928944498797,10.03164987616442,0.09455740626249663,False,nan,nan,False,False
744,3.72,0.004997898999135941,0.0013306920000104583,5.560999852605164e-06,0.0009659090001150616,0.0008991739996417891,0.000149268999848573,0.003609289000451099,0.0035481572085509154,0.0020000000000000018,0.709631441710183,10.739171344582784,0.0871785244735628,False,nan,nan,False,False
745,3.725,0.005005484000321303,0.0013460600002872525,5.8310006352257915e-06,0.0020972679994883947,0.0010091700005432358,4.609700044966303e-05,0.00358780900023703,0.0035159091052960148,0.0020000000000000018,0.7031818210592029,12.987843384208457,0.09295560590237965,False,nan,nan,False,False
746,3.73,0.004996626999854925,0.0012743360002787085,5.158999556442723e-06,0.0009271159997297218,0.0009319260007032426,4.570500004774658e-05,0.0036593730001186486,0.003557658582371983,0.0020000000000000018,0.7115317164743966,14.142174714280003,0.0951473555104255,False,nan,nan,False,False
747,3.735,0.005001395000363118,0.0013861859997632564,5.711000085284468e-06,0.001960221000445017,0.001042591999976139,4.5495000449591316e-05,0.00355278300048667,0.003515909241021687,0.0020000000000000018,0.7031818482043375,14.142244235063693,0.092654913706737,False,nan,nan,False,False
748,3.74,0.0050041309996231575,0.00139405100071599,5.7010001910384744e-06,0.0008530069999324041,0.0010526809992370545,4.711800011136802e-05,0.0035466309991534217,0.0035576585758901984,0.0020000000000000018,0.7115317151780396,14.142193863088789,0.08481076190849973,False,nan,nan,False,False
749,3.745,0.005008770000131335,0.0013582330002464005,5.910999789193738e-06,0.0019384400002309121,0.0010118349991898867,5.598499956249725e-05,0.0035630820002552355,0.0035159091081300065,0.0020000000000000018,0.7031818216260013,14.1421485018594,0.09102024621571252,False,nan,nan,False,False
750,3.75,0.004988441000023158,0.0014265219997469103,5.7309998737764545e-06,0.0008075720006672782,0.0009985699998651398,4.3881999772565905e-05,0.0035173960004613036,0.0035576585867820964,0.0020000000000000018,0.7115317173564193,14.142181949121172,0.09423189508703386,False,nan,nan,False,False
751,3.755,0.005010112000491063,0.0012129719998483779,6.041999768058304e-06,0.00019574699945223983,0.0008572649994675885,4.485399949771818e-05,0.003716368999448605,0.0035159091007551813,0.0020000000000000018,0.7031818201510361,14.142177470312172,0.09177976429785804,False,nan,nan,False,False
752,3.7600000000000002,0.004999211999347608,0.0013737420003963052,5.099999725644011e-06,0.0007841179995011771,0.0010237670003334642,4.511500083026476e-05,0.0035539350001272396,0.003557658593895207,0.0020000000000000018,0.7115317187790413,14.142137396502399,0.08349801971967402,False,nan,nan,False,False
753,3.765,0.004994102000637213,0.001255550999303523,6.051000127627049e-06,0.0001427469996997388,0.00089336299970455,5.423099992185598e-05,0.0036741399999300484,0.0035159090716991724,0.0020000000000000018,0.7031818143398344,14.142135797970804,0.09199902551336028,False,nan,nan,False,False
754,3.77,0.004996215999199194,0.0014066740004636813,5.791000148747116e-06,0.0007331229999181232,0.0010539639997659833,4.432299920154037e-05,0.0035250809996796306,0.003557658644613424,0.0020000000000000018,0.7115317289226847,14.142144095470547,0.09369384766769748,False,nan,nan,False,False
755,3.775,0.004996897000637546,0.0012515439993876498,5.219000740908086e-06,0.0001451819998692372,0.0009142619992417167,4.777899994223844e-05,0.003689158000270254,0.003515909063898595,0.0020000000000000018,0.7031818127797189,14.142184825681793,0.0944703452751191,False,nan,nan,False,False
756,3.7800000000000002,0.005006354999750329,0.001398438999785867,5.380000402510632e-06,0.0006708159999107011,0.0009410819993718178,4.735799939226126e-05,0.0035408809999353252,0.0035576587310967027,0.0020000000000000018,0.7115317462193406,14.142228397932872,0.08545569322636297,False,nan,nan,False,False
757,3.785,0.005019750000428758,0.0015399839994643116,6.612000106542837e-06,0.0021610759995382978,0.0011243050003031385,8.349600011570146e-05,0.0033880749997479143,0.003515909059157251,0.0020000000000000018,0.7031818118314501,14.14218464004854,0.09436957462423183,False,nan,nan,False,False
758,3.79,0.005008208999242925,0.0015637080005035386,6.311999641184229e-06,0.0013334670002222992,0.0011586609998630593,4.995400013285689e-05,0.003388105000340147,0.003557658586046928,0.0020000000000000018,0.7115317172093856,14.142137230524147,0.09901224664116749,False,nan,nan,False,False
759,3.795,0.005042393000621814,0.0012463029997888952,6.021000444889069e-06,0.0002563699999882374,0.0008977309998954297,4.944299962517107e-05,0.0036206499999025255,0.0035159090581588673,0.0020000000000000018,0.7031818116317734,14.142144294806837,0.08763815704989084,False,nan,nan,False,False
760,3.8000000000000003,0.004945790999954625,0.001549481999973068,6.111999937274959e-06,0.0007636500004082336,0.0010366410006099613,5.2828999287157785e-05,0.0033851289999802248,0.0035576586197114866,0.0020000000000000018,0.7115317239422972,14.142160835563944,0.08612449810238479,False,nan,nan,False,False
761,3.805,0.0050165539996669395,0.0012573750000228756,6.232000487216283e-06,0.0002272949996040552,0.0008980510001492803,4.897199960396392e-05,0.003649363000477024,0.0035159090712043946,0.0020000000000000018,0.7031818142408788,14.142180381275486,0.09479317707024709,False,nan,nan,False,False
762,3.81,0.004987328999959573,0.0015460660006283433,6.321000000752974e-06,0.001338125999609474,0.0011588500001380453,4.966300002706703e-05,0.0033895169999595964,0.0035576586314814695,0.0020000000000000018,0.7115317262962939,14.142187600411354,0.09459953222708696,False,nan,nan,False,False
763,3.815,0.005016064000301412,0.0012626540001292597,6.03199987381231e-06,0.0002257229998576804,0.0009040020004249527,4.8721999519329984e-05,0.0036376919997564983,0.0035159090815522734,0.0020000000000000018,0.7031818163104546,14.14213846650953,0.09280933003642497,False,nan,nan,False,False
764,3.8200000000000003,0.004978602999472059,0.0015113800000108313,6.152000423753634e-06,0.0013350199997148593,0.0010266019999107812,5.264799983706325e-05,0.003413863000787387,0.0035576586041364882,0.0020000000000000018,0.7115317208272977,14.14213575532981,0.08966746843002402,False,nan,nan,False,False
765,3.825,0.005004672000723076,0.0012642369993045577,6.672000381513499e-06,0.00021368000034271972,0.0009132200002568425,4.785900000570109e-05,0.0036538020003717975,0.0035159090634416875,0.0020000000000000018,0.7031818126883375,14.142139152312515,0.09354555331865265,False,nan,nan,False,False
766,3.83,0.004996154999389546,0.001514526999926602,5.900999894947745e-06,0.001334859999587934,0.001136698999289365,4.908200025965925e-05,0.0034099350004908047,0.003557658609237545,0.0020000000000000018,0.711531721847509,14.142140292030405,0.09874263629301806,False,nan,nan,False,False
767,3.835,0.0050005550001515076,0.0012231400005475734,5.670999598805793e-06,0.00020683700040535768,0.000884746999872732,4.6658000428578816e-05,0.0036987769999541342,0.0033799580820440987,0.0020000000000000018,0.6759916164088198,17.320543604007174,0.09875005327277898,False,nan,nan,False,False
768,3.84,0.005000654000468785,0.00149554099971283,5.810999937239103e-06,0.001327746999777446,0.0010161230002267985,6.586300060007488e-05,0.00342353100040782,0.003557658897671047,0.0020000000000000018,0.7115317795342093,17.320673537847426,0.09029008247644535,False,nan,nan,False,False
769,3.845,0.0049955149997913395,0.001248427999598789,6.331999429676216e-06,0.00021214699972915696,0.0009054259999174974,4.7308999455708545e-05,0.0036763739999514655,0.0030901645399524333,0.0017500000000000016,0.6180329079904867,22.360708454581122,0.09529256190118321,False,nan,nan,False,False
770,3.85,0.005003037999813387,0.0014955810001993086,5.740000233345199e-06,0.0013350599992918433,0.001126518999626569,5.904000045120483e-05,0.003438038999775017,0.003557658581906308,0.0020000000000000018,0.7115317163812616,22.360684994437687,0.10017633686039963,False,nan,nan,False,False
771,3.855,0.00501072400038538,0.00123192699993524,5.8910000007017516e-06,0.00021513299998332513,0.0008893349995560129,4.738899951917119e-05,0.0036776970000573783,0.003532324320576051,0.0020000000000000018,0.7064648641152101,11.76146515584166,0.09053513977900263,False,nan,nan,False,False
772,3.86,0.0049868679998326115,0.0014915940000719274,5.9809999584103934e-06,0.001383029999487917,0.0010286259994245484,6.648500038863858e-05,0.0034341099999437574,0.003580537027779647,0.0020000000000000018,0.7161074055559294,14.142489747266637,0.08293425771649318,False,nan,nan,False,False
773,3.865,0.005004933000236633,0.0012611809997906676,6.150999979581684e-06,0.00022049299968784908,0.0009017789998324588,4.92430008307565e-05,0.003658881999399455,0.0035323246186599014,0.0020000000000000018,0.7064649237319802,14.142812611933527,0.09771952056114488,False,nan,nan,False,False
774,3.87,0.004997928999728174,0.0015075929995873594,6.231999577721581e-06,0.0007754919997751131,0.0011293650004517986,5.3589999879477546e-05,0.0034272980001333053,0.0033083605518758976,0.0020000000000000018,0.6616721103751796,20.000756297670044,0.09193691467939702,False,nan,nan,False,False
775,3.875,0.005013248000068415,0.001233709999723942,6.0720003602909856e-06,0.00021887999992031837,0.0008913889996620128,4.829099998460151e-05,0.0036724970004797797,0.003531353606746025,0.0020000000000000018,0.706270721349205,19.683667536373243,0.09217877423876451,False,nan,nan,False,False
776,3.88,0.004982810999536014,0.001477477000662475,5.34999981027795e-06,0.0013295489998199628,0.0010848109996004496,6.46009993943153e-05,0.0034521139996286365,0.0035807136945004824,0.0020000000000000018,0.7161427389000965,14.142617871302567,0.08602928403578358,False,nan,nan,False,False
777,3.8850000000000002,0.005005643000004056,0.0012449619998733397,6.121000296843704e-06,0.00021614500019495608,0.000903181000467157,4.684799932874739e-05,0.0036753120002686046,0.003396021539837321,0.0020000000000000018,0.6792043079674641,17.321611329203396,0.08725871365068874,False,nan,nan,False,False
778,3.89,0.004998751000130142,0.0015211689997158828,6.172000212245621e-06,0.001331503000074008,0.0011203180001757573,9.201200009556487e-05,0.0034173490003013285,0.00358071354373552,0.0020000000000000018,0.716142708747104,17.321525692971804,0.0997026519801863,False,nan,nan,False,False
779,3.895,0.00501951000023837,0.0013345890001801308,6.012000085320324e-06,0.00021889999970881036,0.0009839619997364935,4.922199968859786e-05,0.0035694949992830516,0.003531354231733092,0.0020000000000000018,0.7062708463466183,14.143435686946908,0.09355640811537809,False,nan,nan,False,False
780,3.9,0.004986597999959486,0.0015432299996973597,6.1920000007376075e-06,0.0007770950005578925,0.0010496659997443203,5.165699985809624e-05,0.0033795180006563896,0.003308561214226536,0.0020000000000000018,0.6617122428453072,20.00463569864756,0.08469055989917752,False,nan,nan,False,False
781,3.9050000000000002,0.004998831000193604,0.0012631749996216968,6.0109996411483735e-06,0.00021490200015250593,0.0009060359998329659,6.154600032459712e-05,0.0036558060000970727,0.003566503423030098,0.0020000000000000018,0.7133006846060196,15.220833672154772,0.09824188823257221,False,nan,nan,False,False
782,3.91,0.00500065399955929,0.0014492840000457363,6.2710005295230076e-06,0.0010520300002099248,0.0009732020007504616,6.0121999922557734e-05,0.0034724630004348,0.0035302452814520886,0.0020000000000000018,0.7060490562904177,14.148015260728037,0.09602959899154616,False,nan,nan,False,False
783,3.915,0.005000314000426442,0.0015092359999471228,8.355999852938112e-06,0.002130239000507572,0.0010609170003590407,0.000103684999885445,0.0034212169994134456,0.003147609169387182,0.0017500000000000016,0.6295218338774363,22.36103812811274,0.10079135865240665,False,nan,nan,False,False
784,3.92,0.005021242999646347,0.0015183830000751186,6.301999746938236e-06,0.001001855999675172,0.0011373899997124681,4.9262999709753785e-05,0.003378776999852562,0.003603849470357937,0.0020000000000000018,0.7207698940715874,20.710993689672076,0.09232916702469263,False,nan,nan,False,False
785,3.9250000000000003,0.0049739639998733765,0.0012479770002755686,6.351999218168203e-06,0.00015645299936295487,0.0009002560000226367,4.873200032307068e-05,0.003672967999591492,0.003546819508256595,0.0020000000000000018,0.7093639016513189,17.32645528894259,0.09132541423025775,False,nan,nan,False,False
786,3.93,0.005006514999877254,0.0014229150001483504,6.1110004025977105e-06,0.0012202749994685291,0.0009746549994815723,6.221599960554158e-05,0.0035072480004600948,0.0036441175096505714,0.0020000000000000018,0.7288235019301141,20.019841200281256,0.08887181374807344,False,nan,nan,False,False
787,3.935,0.005009050000808202,0.0012373979998301365,6.001000656397082e-06,0.0003397370001039235,0.0008896360004655435,4.867100051342277e-05,0.0036681289993794053,0.0035627552534462543,0.0020000000000000018,0.7125510506892508,19.295922747028282,0.09981552351383026,False,nan,nan,False,False
788,3.94,0.004983201999493758,0.0014722570003868896,5.920999683439732e-06,0.0008398229992963024,0.0010882279993893462,6.69149994791951e-05,0.003452465000009397,0.003275089692361862,0.0017499999999999183,0.6550179384723724,22.379171819046814,0.08854615487026413,False,nan,nan,False,False
789,3.9450000000000003,0.005004141000426898,0.0012287209992791759,5.840999619977083e-06,0.00024909700005082414,0.0008883239997885539,4.8209999476966914e-05,0.0036885170002278755,0.003792792180096797,0.0020000000000000018,0.7585584360193594,22.366112979365017,0.09053576567611639,False,nan,nan,False,False
790,3.95,0.0049937919993681135,0.0015171710001595784,6.421999387384858e-06,0.0007762430004731868,0.0010977960000673193,4.893200002697995e-05,0.0034139930003220798,0.003938917501463818,0.0020000000000000018,0.7877835002927635,19.729240138412415,0.09774609886783196,False,nan,nan,False,False
791,3.955,0.00500849800027936,0.0012375779997455538,6.03099942964036e-06,0.0002147819996025646,0.0008932720002121641,4.8550000428804196e-05,0.003679270000247925,0.004104431856761241,0.0020000000000000018,0.8208863713522483,14.353846636404766,0.09857140856725247,False,nan,nan,False,False
792,3.96,0.004998450999664783,0.0015789960007168702,6.1410000853356905e-06,0.0013372639996305224,0.0011735369998859824,5.0385000577080064e-05,0.0033478099994681543,0.004053560469112936,0.0020000000000000018,0.8107120938225872,14.142412614128833,0.09152905103768515,False,nan,nan,False,False
793,3.9650000000000003,0.005005192000680836,0.0012575149994518142,5.9809999584103934e-06,0.0002178879994971794,0.0009064770001714351,4.8351000259572174e-05,0.003655395000350836,0.004132655241793331,0.0020000000000000018,0.8265310483586662,17.320565832015532,0.09831417174230407,False,nan,nan,False,False
794,3.97,0.0049902149994522915,0.001515257999926689,6.2219996834755875e-06,0.0013332259995877394,0.0011410870001782314,4.832099966733949e-05,0.0034072200005539344,0.004334608219513299,0.0020000000000000018,0.8669216439026598,14.142139749972289,0.10592037214085444,False,nan,nan,False,False
795,3.975,0.005001596000511199,0.0012496709996412392,6.0810007198597305e-06,0.0002081399998132838,0.000905746000171348,4.776900004799245e-05,0.0036718560004374012,0.0043299917205627154,0.0020000000000000018,0.8659983441125431,14.142833361738218,0.11032475319932893,False,nan,nan,False,False
796,3.98,0.005001145999813161,0.0013966750002509798,6.080999810365029e-06,0.0013396490003287909,0.001011944999845582,4.7167999582597986e-05,0.003543795999576105,0.004065441946686308,0.0020000000000000018,0.8130883893372616,20.388084647161147,0.10320071509573193,False,nan,nan,False,False
797,3.985,0.005018988000301761,0.0012267669999346253,6.291999852692243e-06,0.00023528100064140745,0.0008866600001056213,4.728899966721656e-05,0.0036731289992530947,0.004436926659329496,0.0020000000000000018,0.8873853318658992,17.766994203057802,0.11306867942717709,False,nan,nan,False,False
798,3.99,0.004978091999873868,0.0014930759998605936,6.0810007198597305e-06,0.001335310000285972,0.0011208290006834432,6.6384000092512e-05,0.003427898999689205,0.004472135955719968,0.0020000000000000018,0.8944271911439934,3.2009671403047224,0.11115219152517322,False,nan,nan,False,False
799,3.995,0.004999371999474533,0.0013174370005799574,6.1620003179996274e-06,0.00020941200000379467,0.0008919499996409286,4.7147999794106e-05,0.0036036179999427986,0.004257346603743232,0.0020000000000000018,0.8514693207486463,14.142138959839553,0.11561412616743223,False,nan,nan,False,False
800,4.0,0.004997869000362698,0.0015280010002243216,6.281999958446249e-06,0.0007606140006828355,0.0010423009998703492,4.997399992134888e-05,0.0034009989994956413,0.004472135963444016,0.0020000000000000018,0.8944271926888031,14.142135755654875,0.10931515034127082,False,nan,nan,False,False
801,4.005,0.0050025979999190895,0.0012487880003391183,5.640999916067813e-06,0.00020877099996141624,0.0009081309999601217,4.6628000745840836e-05,0.003675352999380266,0.004257347558532466,0.0020000000000000018,0.8514695117064931,14.142516462662158,0.1101384138346159,False,nan,nan,False,False
802,4.01,0.0050041209997289116,0.0015490109999518609,6.011000550643075e-06,0.0013363029993342934,0.0011801600003309431,4.7309000365203246e-05,0.0033679670004858053,0.004366062549137342,0.0020000000000000018,0.8732125098274682,17.320597576010428,0.11979867078217615,False,nan,nan,False,False
803,4.015,0.004993110000214074,0.0012488089996622875,6.012000085320324e-06,0.00020567499996104743,0.000894343999789271,4.5836000026611146e-05,0.0036757630005013198,0.0042720019584777825,0.0020000000000000018,0.8544003916955564,10.00003087089193,0.11684318857677219,False,nan,nan,False,False
804,4.0200000000000005,0.00500294900029985,0.0014926549993106164,6.302000656432938e-06,0.0013362120007514022,0.001039006000610243,6.41999995423248e-05,0.0034412140003041713,0.00436608371934184,0.0020000000000000018,0.8732167438683679,10.01688171673836,0.10954085704141499,False,nan,nan,False,False
805,4.025,0.0050122659995395225,0.0012609510004040203,6.362000021908898e-06,0.0002230379996035481,0.000901217999853543,6.0834000578324776e-05,0.003649172999757866,0.004472140742566872,0.0020000000000000018,0.8944281485133743,10.004069106091546,0.11650750133827611,False,nan,nan,False,False
806,4.03,0.004988591000255838,0.0014917440003046067,6.4420000853715464e-06,0.0007777760001772549,0.0010771269999167998,7.073300002957694e-05,0.003426866999689082,0.0044721912947102505,0.0020000000000000018,0.89443825894205,1.151674701927642,0.11933792668462162,False,nan,nan,False,False
807,4.035,0.00499462300012965,0.0015214999993986567,6.121000296843704e-06,0.00226639399988926,0.0010817250004038215,0.00013578400012193015,0.003418792000047688,0.003913142408225929,0.0017500000000000016,0.7826284816451858,22.363388568135782,0.1197783388098004,False,nan,nan,False,False
808,4.04,0.005020251000132703,0.0015226919995257049,6.432000191125553e-06,0.000901458000043931,0.0010503880002943333,5.038499966758536e-05,0.003382494000106817,0.0036655871117158728,0.0020000000000000018,0.7331174223431747,20.48682750989811,0.11188441095876905,False,nan,nan,False,False
809,4.045,0.004983762999472674,0.0012398720000419416,6.62200000078883e-06,0.00033558899940544507,0.0008980809998320183,4.643600004783366e-05,0.0036824260005232645,0.0038884356805104444,0.0020000000000000018,0.777687136102089,20.181580472825477,0.1117079462093506,False,nan,nan,False,False
810,4.05,0.005000354000003426,0.0015312570003516157,5.810999937239103e-06,0.0008808190004856442,0.001050496999596362,4.873099987889873e-05,0.0033949379994737683,0.0043230123579119884,0.0020000000000000018,0.8646024715823976,20.00398776041709,0.11132447378987559,False,nan,nan,False,False
811,4.055,0.005002969000088342,0.0012262460004421882,6.080999810365029e-06,0.00033412599987059366,0.0008860289999574888,4.856099985772744e-05,0.003693245999784267,0.0044237245107891406,0.0020000000000000018,0.8847449021578279,10.016867573202592,0.11576534854111223,False,nan,nan,False,False
812,4.0600000000000005,0.0049982390000877785,0.0014813640000284067,6.3520001276629046e-06,0.0008907689998522983,0.0011088569999628817,6.639500043092994e-05,0.0034412140003041713,0.004472135964889943,0.0020000000000000018,0.8944271929779885,4.6040548923667135,0.10487458842201892,False,nan,nan,False,False
813,4.065,0.005002918999707617,0.0013248410004962352,6.03199987381231e-06,0.0003498050000416697,0.0009499990001131664,4.86210001326981e-05,0.003593368999645463,0.00436606464857167,0.0020000000000000018,0.873212929714334,10.001863689738885,0.11087900002918882,False,nan,nan,False,False
814,4.07,0.004998039000383869,0.001533030999780749,6.200999450811651e-06,0.0009059369995156885,0.0011499829997774214,4.868099949817406e-05,0.0033837470000435133,0.004315852181111497,0.0020000000000000018,0.8631704362222992,5.173326146227655,0.11712724177829026,False,nan,nan,False,False
815,4.075,0.004992418999790971,0.0012741560003632912,6.00099974690238e-06,0.000331520999679924,0.0009003360000860994,4.5976000365044456e-05,0.00364537699988432,0.004415813690689881,0.0020000000000000018,0.8831627381379762,10.00001307509303,0.11177443562490197,False,nan,nan,False,False
816,4.08,0.004984424000213039,0.0010961930001940345,4.378000085125677e-06,0.0008767320005063084,0.0007814830005372642,4.079699920112034e-05,0.003835151999737718,0.004472137075439213,0.0020000000000000018,0.8944274150878425,5.173356921376148,0.1089728756289507,False,nan,nan,False,False
817,4.085,0.004993792000277608,0.0009697049999886076,4.258000444679055e-06,0.00033400600023014704,0.0007033669999145786,3.6297999940870795e-05,0.003961478999372048,0.0044721365582103,0.0020000000000000018,0.89442731164206,0.0337161477623642,0.11508240489809138,False,nan,nan,False,False
818,4.09,0.004993069999727595,0.0011641900000540772,4.21799995820038e-06,0.0008790460005911882,0.000881390000358806,3.785099943343084e-05,0.003774036999857344,0.004472136041461751,0.0020000000000000018,0.8944272082923502,0.05773505004357586,0.12466636788642173,False,nan,nan,False,False
819,4.095,0.0050007840000034776,0.0009680229995865375,4.658999387174845e-06,0.0003166430005876464,0.0006900119997226284,4.6827000005578157e-05,0.003971176000050036,0.004366066545079227,0.0020000000000000018,0.8732133090158452,10.003883944355652,0.12352450001286638,False,nan,nan,False,False
820,4.1,0.005005193000215513,0.001185809999697085,5.390000296756625e-06,0.0008736259997021989,0.0008763010000620852,4.106699998374097e-05,0.003749221000362013,0.004272005729537236,0.0020000000000000018,0.8544011459074471,10.000009717494748,0.10945749223872017,False,nan,nan,False,False
821,4.105,0.0049990609995802515,0.000991185999737354,4.948999958287459e-06,0.0003267319998485618,0.0007108110003173351,3.9214000025822315e-05,0.00394267400042736,0.004366065628204763,0.0020000000000000018,0.8732131256409525,10.000009735517114,0.11655970183438902,False,nan,nan,False,False
822,4.11,0.004996006000510533,0.0009764289998202003,4.5589995352202095e-06,0.000881420000041544,0.0007296459998542559,1.7932999980985187e-05,0.003943754999454541,0.0044721386744050315,0.0020000000000000018,0.8944277348810061,10.000016912863911,0.12042241632856637,False,nan,nan,False,False
823,4.115,0.004974174999915704,0.0008366259999093018,4.126999556319788e-06,0.00031412800035468535,0.0005944730000919662,3.309200019430136e-05,0.00412032599979284,0.004472138147181732,0.0020000000000000018,0.8944276294363462,0.020152528986874935,0.12661199109783672,False,nan,nan,False,False
824,4.12,0.005011524000110512,0.0008565939997424721,4.167999577475712e-06,0.0012807089997295407,0.0006258020002860576,3.1859999580774456e-05,0.004087373999936972,0.0044721376064326265,0.0020000000000000018,0.8944275212865253,0.023389775423058406,0.11974477122306205,False,nan,nan,False,False
825,4.125,0.00499672699970688,0.0008212379998440156,4.04799993702909e-06,0.00015571100084343925,0.000590726000154973,3.23410004057223e-05,0.004125174999899173,0.004472136965324487,0.0020000000000000018,0.8944273930648974,0.03348765590106388,0.12201039939518837,False,nan,nan,False,False
826,4.13,0.004995995999706793,0.0009042330002557719,3.967000338889193e-06,0.0012485489996834076,0.0006514189999506925,3.1880000278761145e-05,0.004045996999593626,0.004472136331086159,0.0020000000000000018,0.8944272662172317,0.046881009754991,0.12276340256275306,False,nan,nan,False,False
827,4.135,0.004995104000045103,0.0008217989998229314,3.977999767812435e-06,0.00010222100081591634,0.0005929499993726495,3.236999964428833e-05,0.004132357999878877,0.004472136018917941,0.0020000000000000018,0.8944272037835881,0.10360730907205747,0.12209463534063604,False,nan,nan,False,False
828,4.14,0.005000484000447614,0.000859388999742805,3.836999894701876e-06,0.0012037839996992261,0.0006218449998414144,3.209000078641111e-05,0.004131005999624904,0.0042573468728900445,0.0020000000000000018,0.8514693745780089,14.142171091500686,0.11280655162189429,False,nan,nan,False,False
829,4.1450000000000005,0.005037953999817546,0.0008329100000992185,3.8569996831938624e-06,8.278499990410637e-05,0.0006026389992257464,3.2389999432780314e-05,0.004080300999703468,0.004272002122711467,0.0020000000000000018,0.8544004245422934,14.142136044800475,0.12089174211685699,False,nan,nan,False,False
830,4.15,0.004958534999786934,0.0008727149997866945,3.957999979320448e-06,0.0011422690004110336,0.0006164750002426445,3.237000055378303e-05,0.004139050000048883,0.00436606250799776,0.0020000000000000018,0.8732125015995519,10.000000989225072,0.1209033856480185,False,nan,nan,False,False
831,4.155,0.005059283999798936,0.0008216590003939928,3.927999387087766e-06,8.278499990410637e-05,0.0005934709997745813,3.143900084978668e-05,0.004072396000083245,0.004472136130415071,0.0020000000000000018,0.8944272260830141,10.00000076640797,0.11737257260135538,False,nan,nan,False,False
832,4.16,0.0049379669999325415,0.0008416260006924858,3.7070003600092605e-06,0.001133613000092737,0.0006144099997982266,3.074799951718887e-05,0.004179957999440376,0.004472136095197868,0.0020000000000000018,0.8944272190395736,0.005310965508444531,0.11117053043196727,False,nan,nan,False,False
833,4.165,0.005090964000373788,0.0012914179997096653,5.720999979530461e-06,0.00011656900005618809,0.0009275970005546696,5.993200011289446e-05,0.00359997099985776,0.004472136078424894,0.0020000000000000018,0.8944272156849787,0.0027647478262945308,0.12207084104392749,False,nan,nan,False,False
834,4.17,0.004960377999850607,0.0014838890001556138,5.699999746866524e-06,0.0011861009998028749,0.0010989080001309048,7.443000049534021e-05,0.0034928810000565136,0.004472136059350537,0.0020000000000000018,0.8944272118701073,0.0033837235031365025,0.12377526062552768,False,nan,nan,False,False
835,4.175,0.005044698000347125,0.0013035410001975833,5.80100004299311e-06,0.00011782100045820698,0.0009207450002577389,4.669700047088554e-05,0.0035802139991574222,0.004472136042998285,0.0020000000000000018,0.8944272085996571,0.0031567687076231987,0.12066850896252868,False,nan,nan,False,False
836,4.18,0.004955699999300123,0.0014786090005145525,5.691000296792481e-06,0.0011878839995915769,0.0009823700002016267,6.858899996586842e-05,0.0035073669996563694,0.004472136004225025,0.0020000000000000018,0.8944272008450048,0.00894549714659733,0.11394537889812766,False,nan,nan,False,False
837,4.1850000000000005,0.005091023000204586,0.0014390750002348796,7.143000402720645e-06,0.00017038900023180759,0.0010157119995710673,8.594100017944584e-05,0.0034275680000064312,0.004366062469827408,0.0020000000000000018,0.8732124939654816,10.000024846074139,0.12051442759713481,False,nan,nan,False,False
838,4.19,0.004934831000355189,0.0015252260000124807,5.550999958359171e-06,0.0012087229997632676,0.0011070740001741797,5.240900009084726e-05,0.003420555999582575,0.004272002029131404,0.0020000000000000018,0.8544004058262809,10.000000333732997,0.12490935868616906,False,nan,nan,False,False
839,4.195,0.005014430000301218,0.0013069379992884933,5.881000106455758e-06,0.00011500599975988735,0.0009343100000478444,4.800999977305764e-05,0.0035823779999191174,0.00436606243334126,0.0020000000000000018,0.8732124866682519,10.000000434909607,0.11382929673123893,False,nan,nan,False,False
840,4.2,0.004956300999765517,0.0014025969994690968,5.49000014871126e-06,0.0011868820001836866,0.0009823790005611954,4.962299954058835e-05,0.0035714980003831442,0.004472136069139648,0.0020000000000000018,0.8944272138279293,10.000000416072185,0.11259176416296415,False,nan,nan,False,False
841,4.205,0.005042523000156507,0.0012885529995401157,5.821000740979798e-06,0.00012081700060662115,0.0009362330001749797,4.6146999920892995e-05,0.003603848999773618,0.004472136049517436,0.0020000000000000018,0.8944272099034871,0.0036377235626763632,0.11556701950305369,False,nan,nan,False,False
842,4.21,0.004960819999723753,0.0014634910003223922,5.490999683388509e-06,0.0011821839998447103,0.0010567589997663163,5.809899994346779e-05,0.003506034999190888,0.004472136034976462,0.0020000000000000018,0.8944272069952922,0.0029471200541361284,0.12450683856512694,False,nan,nan,False,False
843,4.215,0.0050383150000925525,0.0013004649999857065,5.661000614054501e-06,0.00011879299927386455,0.0009455499994146521,4.773999989993172e-05,0.0035997909999423428,0.00447213602770854,0.0020000000000000018,0.894427205541708,0.0015738068290415048,0.1219776791270642,False,nan,nan,False,False
844,4.22,0.004967140999724506,0.0013635639998028637,5.8910000007017516e-06,0.001197231999867654,0.0009618010008125566,4.584599992085714e-05,0.0036005420006404165,0.004472136014930889,0.0020000000000000018,0.8944272029861777,0.0029712308145362623,0.11264495792407768,False,nan,nan,False,False
845,4.225,0.0050347380001767306,0.0012897659998998279,5.951000275672413e-06,0.00012212799992994405,0.0009235699999408098,4.703800004790537e-05,0.003599650000069232,0.004472136014891164,0.0020000000000000018,0.8944272029782325,9.707801195671297e-06,0.1182400186424412,False,nan,nan,False,False
846,4.23,0.004957934999765712,0.001447069000278134,5.83099972573109e-06,0.0011889870002050884,0.0010775279997687903,4.547500066109933e-05,0.0035243699994680355,0.004472138824133919,0.0020000000000000018,0.8944277648267837,0.23190823012680192,0.12276685170588711,False,nan,nan,False,False
847,4.235,0.005038475000219478,0.0012907569998787949,5.940999471931718e-06,0.00011849099973915145,0.0009211949991367874,4.499399983615149e-05,0.0036110020000705845,0.004472135955378829,0.0020000000000000018,0.8944271910757657,0.2003023247343622,0.12327253582283339,False,nan,nan,False,False
848,4.24,0.004970607999894128,0.001424738000423531,5.259999852569308e-06,0.0011959900002693757,0.001058081999872229,4.4503000026452355e-05,0.0035144309995303047,0.004366069316881997,0.0020000000000000018,0.8732138633763993,10.004974367303603,0.11479603805057009,False,nan,nan,False,False
849,4.245,0.0049955149997913395,0.0012095749998479732,4.226999408274423e-06,0.00010734099942055764,0.0008760409991737106,4.646700017474359e-05,0.003718052000294847,0.004272008519908735,0.0020000000000000018,0.854401703981747,10.000006818864104,0.12224224006034629,False,nan,nan,False,False
850,4.25,0.0050007939998977236,0.0013903839999329648,5.631000021821819e-06,0.0011928439998882823,0.0009793439994609798,4.879100015386939e-05,0.0035881390003851266,0.004366068251381466,0.0020000000000000018,0.873213650276293,10.000008542381586,0.12441279644372047,False,nan,nan,False,False
851,4.255,0.005049987000347755,0.0012880120002591866,5.851000423717778e-06,0.00012519500069174683,0.0009388380003656493,4.72980000267853e-05,0.0035898119995181332,0.004472141162417858,0.0020000000000000018,0.8944282324835714,10.00001184040973,0.11804130097414389,False,nan,nan,False,False
852,4.26,0.004945671000314178,0.0014807329998802743,5.650999810313806e-06,0.0011884149998877547,0.0010963530003209598,7.042200013529509e-05,0.0034941530002470245,0.004472140523615038,0.0020000000000000018,0.8944281047230075,0.01729161235369441,0.12048641597988798,False,nan,nan,False,False
853,4.265,0.005043954999564448,0.0012699690005320008,5.629999577649869e-06,0.00012010499995085411,0.0009085319998121122,4.6256999667093623e-05,0.0036411479995877016,0.004472139822113128,0.0020000000000000018,0.8944279644226255,0.020448513061358885,0.1271430552580461,False,nan,nan,False,False
854,4.2700000000000005,0.005023898000217741,0.002928183999756584,8.155000614351593e-06,0.0012072409999746014,0.002433777999613085,5.3780000598635525e-05,0.001945873999829928,0.0044721390733663486,0.0020000000000000018,0.8944278146732697,0.023998327386391162,0.11073737126604694,False,nan,nan,False,False
855,4.275,0.004968946000190044,0.0015639579996786779,8.325000635522883e-06,0.001916158000312862,0.0011180029996467056,9.846499960985966e-05,0.0033360369998263195,0.004472138274029067,0.0020000000000000018,0.8944276548058133,0.029076028776616154,0.1141304918689192,False,nan,nan,False,False
856,4.28,0.004965537999851222,0.0013957339997432427,5.169999894860666e-06,0.0011369989997547236,0.0010020970003097318,4.743899989989586e-05,0.0035338870002306066,0.004472137327622082,0.0020000000000000018,0.8944274655244164,0.0420188672494859,0.11808957042532633,False,nan,nan,False,False
857,4.285,0.005002216999855591,0.0014282550000643823,7.063999873935245e-06,0.0022533900000780704,0.0010709950001910329,4.587599960359512e-05,0.0035059049996561953,0.004472136378486963,0.0020000000000000018,0.8944272756973924,0.06230588741804508,0.11181962891591493,False,nan,nan,False,False
858,4.29,0.00499707800008764,0.0013151319999451516,4.818999514100142e-06,0.0011154489993714378,0.0009320549997937633,4.321100004744949e-05,0.00361095199968986,0.004472147692324988,0.0020000000000000018,0.8944295384649975,0.487691779135528,0.11043843923980241,False,nan,nan,False,False
859,4.295,0.004991476999748556,0.001396825000483659,6.952999683562666e-06,0.0022085359996708576,0.0010449170003994368,4.556500061880797e-05,0.0035536949999368517,0.004145785031314917,0.0020000000000000018,0.8291570062629834,17.32142512386816,0.11627950935427671,False,nan,nan,False,False
860,4.3,0.005019790000005742,0.001428264000423951,5.289999535307288e-06,0.0011160399999425863,0.0009721309997985372,4.670799989980878e-05,0.003490486999908171,0.003840577044578189,0.0020000000000000018,0.7681154089156378,17.32050885837768,0.11546642502049753,False,nan,nan,False,False
861,4.305,0.004988100999980816,0.0014788790003876784,7.003000064287335e-06,0.002213986000242585,0.0009795239993763971,6.960100017749937e-05,0.0034666619994823122,0.003938122038298939,0.0020000000000000018,0.7876244076597879,16.212127211879455,0.11354991079313607,False,nan,nan,False,False
862,4.3100000000000005,0.005008107999856293,0.0013996110001244233,4.75899923912948e-06,0.0010937379993265495,0.0009288390001529478,4.3461999666760676e-05,0.0035197810002500773,0.004043362475565236,0.0020000000000000018,0.8086724951130471,17.415184385889276,0.10160153698066654,False,nan,nan,False,False
863,4.315,0.004988562000107777,0.001422973999979149,8.366000656678807e-06,0.0021942490002402337,0.0010563580008238205,4.62969992440776e-05,0.0035198220002712333,0.004038485015337648,0.0020000000000000018,0.8076970030675297,14.272768579211395,0.11039298045128963,False,nan,nan,False,False
864,4.32,0.00500893000025826,0.0014190669999152306,5.169999894860666e-06,0.0010828080003193463,0.0009567819997755578,4.6767000640102196e-05,0.0035136500000589876,0.004212779250191729,0.0020000000000000018,0.8425558500383458,14.240119702010128,0.1148725129617414,False,nan,nan,False,False
865,4.325,0.005001905999961309,0.0013989899998705368,7.344000550801866e-06,0.002188838000620308,0.0009960950001186575,5.648600017593708e-05,0.0035225960000389023,0.004292016945238649,0.0020000000000000018,0.8584033890477296,10.07079035405327,0.11021327941549003,False,nan,nan,False,False
866,4.33,0.004984404000424547,0.0013065569992249948,5.20999947184464e-06,0.0010730989997682627,0.0009300020001319353,4.499400074564619e-05,0.003631570000834472,0.004392131713362195,0.0020000000000000018,0.8784263426724389,10.010817783420851,0.09432146871684985,False,nan,nan,False,False
867,4.335,0.005000563999601582,0.001431120000233932,1.0649999239831232e-05,0.002182998000535008,0.0010544749993641744,4.6115999793983065e-05,0.003534018000209471,0.0044248877920863286,0.0020000000000000018,0.8849775584172657,2.2643381794837056,0.11323044078511116,False,nan,nan,False,False
868,4.34,0.005030590999922424,0.001449334000426461,5.470000360219274e-06,0.0011055200002374477,0.0009657880000304431,5.48230000276817e-05,0.0034520839999458985,0.004460699558190498,0.0020000000000000018,0.8921399116380997,3.3010793882691223,0.11434209195063495,False,nan,nan,False,False
869,4.345,0.00496470699999918,0.0014005020002514357,1.1400999937904999e-05,0.002160936000109359,0.001046178999786207,4.417299987835577e-05,0.00353947799976595,0.004472154571900517,0.0020000000000000018,0.8944309143801034,1.079187090848636,0.10222347687781894,False,nan,nan,False,False
870,4.3500000000000005,0.005003889999898092,0.0013669300005858531,5.060000148660038e-06,0.0010715570006141206,0.0009225769999829936,4.420300047058845e-05,0.0035724899998967885,0.004472142016432492,0.0020000000000000018,0.8944284032864983,0.8106864458243629,0.10466820167862798,False,nan,nan,False,False
871,4.355,0.005014931000005163,0.0014141680003376678,8.446000720141456e-06,0.0021821860000272864,0.00106262000008428,4.4753000111086294e-05,0.0035345289998076623,0.0041457828721508565,0.0020000000000000018,0.8291565744301712,17.326421203928252,0.11194914924919733,False,nan,nan,False,False
872,4.36,0.005010593000406516,0.0013348490001590108,5.1500001063686796e-06,0.0010961829993902938,0.0009558499996273895,4.336100028012879e-05,0.0035760369992203778,0.0038405747948128473,0.0020000000000000018,0.7681149589625694,17.320508649195407,0.11476296020232285,False,nan,nan,False,False
873,4.365,0.004973252999661781,0.0013855739998689387,7.384000127785839e-06,0.002179191000323044,0.0010348480000175186,4.3942999582213815e-05,0.0035484250001900364,0.004145781656700593,0.0020000000000000018,0.8291563313401185,17.32061011912807,0.10764552126193128,False,nan,nan,False,False
874,4.37,0.004996556000151031,0.0013868280002498068,4.718999662145507e-06,0.001057589999618358,0.0009252019999621552,6.092400053603342e-05,0.0035512899994500913,0.004472141027659519,0.0020000000000000018,0.8944282055319038,17.324324596134236,0.10285351963797448,False,nan,nan,False,False
875,4.375,0.005002818999855663,0.0013775699999314384,6.968100024096202e-05,0.0022456459992099553,0.0009471140001551248,4.6316999942064285e-05,0.0035609880005722516,0.004145782884019851,0.0020000000000000018,0.8291565768039703,17.32086267137384,0.11076716310044435,False,nan,nan,False,False
876,4.38,0.0050038700001096,0.001436200000171084,5.699999746866524e-06,0.0010673189999579336,0.0009794949992283364,4.7217999963322654e-05,0.0035099119995720685,0.003840574789339939,0.0020000000000000018,0.7681149578679878,17.320508848315587,0.1218795464225019,False,nan,nan,False,False
877,4.385,0.005017366000174661,0.001375885999550519,7.9849996836856e-06,0.002197685000282945,0.0010231559999738238,4.569600059767254e-05,0.003540220000104455,0.003960789024806536,0.0020000000000000018,0.7921578049613074,17.34394963907315,0.11371268271302581,False,nan,nan,False,False
878,4.39,0.004980466000233719,0.0013752659997408045,5.500000042957254e-06,0.0010705949998737196,0.000929089999772259,4.4534000153362285e-05,0.003558714000064356,0.004247883705684493,0.0020000000000000018,0.8495767411368985,15.865201465853513,0.09761237273161065,False,nan,nan,False,False
879,4.3950000000000005,0.0049970779991781455,0.001409299000442843,4.969000656274147e-06,0.0021584720007012947,0.0010543739999775426,4.564500068227062e-05,0.0035275860000183457,0.004338414827361905,0.0020000000000000018,0.8676829654723809,10.000202288379215,0.10162408670206903,False,nan,nan,False,False
880,4.4,0.0050017960002151085,0.0013701360003324226,5.259999852569308e-06,0.0010715960006564273,0.0009693850006442517,4.5886000407335814e-05,0.003563502999895718,0.004441189776084919,0.0020000000000000018,0.8882379552169837,10.00029070687891,0.11100935989938862,False,nan,nan,False,False
881,4.405,0.0050005849998342455,0.001416372000676347,8.134999916364904e-06,0.002182537000408047,0.0010604260005493416,4.5153999963076785e-05,0.0035185489996365504,0.00447215047624908,0.0020000000000000018,0.894430095249816,2.811369689657646,0.1051521469390989,False,nan,nan,False,False
882,4.41,0.005003018000024895,0.001405482000336633,5.369999598769937e-06,0.001069724000444694,0.0009434870007680729,4.7528999857604504e-05,0.0035285980002299766,0.004472142223270019,0.0020000000000000018,0.8944284446540037,0.1563568414059734,0.10379272645985453,False,nan,nan,False,False
883,4.415,0.00499783900067996,0.001428374999704829,7.00309992680559e-05,0.002232962000562111,0.001002556999992521,4.4643000364885665e-05,0.003508681000312208,0.004472136307077164,0.0020000000000000018,0.8944272614154326,0.37048923682766693,0.11167803609196918,False,nan,nan,False,False
884,4.42,0.004997347999960766,0.0013501889998224215,4.749000254378188e-06,0.0010610369999994873,0.0009588559996700496,4.3310999899404123e-05,0.00358806900021591,0.004257349230224705,0.0020000000000000018,0.851469846044941,14.144536201734933,0.11116811929171377,False,nan,nan,False,False
885,4.425,0.004998460999559029,0.0013762970002062502,1.1240999810979702e-05,0.002178198999899905,0.0010260819999530213,4.4133000301371794e-05,0.0035623710000436404,0.004062021736184934,0.0020000000000000018,0.8124043472369868,14.142137953855626,0.10245311703448988,False,nan,nan,False,False
886,4.43,0.005002677999982552,0.0013484850005625049,5.450000571727287e-06,0.00106085700008407,0.0009228890003214474,4.2520000533841085e-05,0.003584591999242548,0.0042573483293830575,0.0020000000000000018,0.8514696658766115,14.142162580794054,0.10864075598267181,False,nan,nan,False,False
887,4.4350000000000005,0.004996085000129824,0.0014193380002325284,7.632300003024284e-05,0.002239263000774372,0.000986125999588694,4.500399973039748e-05,0.003521945999636955,0.004472136768404763,0.0020000000000000018,0.8944273536809526,14.142210370180036,0.1104379883842113,False,nan,nan,False,False
888,4.44,0.0050048829998559086,0.0013557290003518574,5.119999514135998e-06,0.001068661000317661,0.0009748050006237463,4.4784000237996224e-05,0.003591404999497172,0.004472135955256247,0.0020000000000000018,0.8944271910512492,0.10980771071309645,0.11256248729195309,False,nan,nan,False,False
889,4.445,0.005015040999751363,0.0014157310006339685,1.3716000466956757e-05,0.002210489999924903,0.001054784999723779,4.31200005550636e-05,0.0035129589996358845,0.004145781233665026,0.0020000000000000018,0.829156246733005,17.320608602959968,0.11253991875016749,False,nan,nan,False,False
890,4.45,0.004991537000023527,0.0013659579999512061,5.119999514135998e-06,0.001083668999854126,0.0009116669998547877,5.5874000281619374e-05,0.0035658680008054944,0.003989410286547267,0.0020000000000000018,0.7978820573094535,14.67620160631064,0.11437712134591096,False,nan,nan,False,False
891,4.455,0.004997008000827918,0.0014467289993262966,8.556000466342084e-06,0.0021685009996872395,0.0009713189992908156,4.516500030149473e-05,0.0034974690006492892,0.004257346775694216,0.0020000000000000018,0.8514693551388433,15.392480849478083,0.11492353548265585,False,nan,nan,False,False
892,4.46,0.005006293999940681,0.00140981999993528,5.570000212173909e-06,0.0010787900000650552,0.00095822399998724,4.3682000068656635e-05,0.0035159539993401268,0.004472136030151708,0.0020000000000000018,0.8944272060303416,14.14214620704197,0.10296921384610454,False,nan,nan,False,False
893,4.465,0.004988531999515544,0.0014196479996826383,1.066999993781792e-05,0.002177397000195924,0.0010575800006336067,4.4614000216824934e-05,0.003518169000017224,0.004472135966475652,0.0020000000000000018,0.8944271932951302,0.04560996696013445,0.10087190442737752,False,nan,nan,False,False
894,4.47,0.00500115500017273,0.0014204809995135292,5.249000423646066e-06,0.001063390999661351,0.0009477849998802412,4.6066999857430346e-05,0.0035126570001011714,0.004145780989077666,0.0020000000000000018,0.8291561978155332,17.320516119909325,0.10975632550103576,False,nan,nan,False,False
895,4.4750000000000005,0.0049980499998127925,0.0013759160001427517,8.566000360588077e-06,0.002182236000408011,0.000991465999504726,4.239899953972781e-05,0.0035763579999184003,0.0038405728759788836,0.0020000000000000018,0.7681145751957766,17.32050811286227,0.11672491986410656,False,nan,nan,False,False
896,4.48,0.005017696000322758,0.0014242970000850619,5.200000487093348e-06,0.0010770669996418292,0.0009618609992685379,4.53649990959093e-05,0.0035121969995088875,0.004145781779133987,0.0020000000000000018,0.8291563558267974,17.32078215130327,0.1058370871819792,False,nan,nan,False,False
897,4.485,0.005074261999652663,0.0012452319997464656,6.121999831520952e-06,4.46640005975496e-05,0.0008894050006347243,4.5525000132329296e-05,0.0036000920008518733,0.004472138209992335,0.0020000000000000018,0.8944276419984668,17.322805088249826,0.0965745013495789,False,nan,nan,False,False
898,4.49,0.004908963000161748,0.0013574020003943588,5.168999450688716e-06,0.001068761999704293,0.000916175999918778,4.31910002589575e-05,0.0035763669993684744,0.004257347290855852,0.0020000000000000018,0.8514694581711705,14.144853080382534,0.09878386815319007,False,nan,nan,False,False
899,4.495,0.004997568000362662,0.0014277139998739585,1.0820000170497224e-05,0.002177237000068999,0.0010660859998097294,4.4613000682147685e-05,0.0035129379994032206,0.004062019877003831,0.0020000000000000018,0.8124039754007661,14.14213617913317,0.11794085328110983,False,nan,nan,False,False
900,4.5,0.005005412999707914,0.0014025769996806048,5.590000000665896e-06,0.0010536729996601935,0.0009635750002416898,4.387199987831991e-05,0.003543496000020241,0.0042573467367589286,0.0020000000000000018,0.8514693473517856,14.142221065391206,0.11211478583879754,False,nan,nan,False,False
901,4.505,0.0050173459994766745,0.0014548050003213575,5.670999598805793e-06,0.002202544999818201,0.0010841810008059838,5.682600021827966e-05,0.0034941730000355165,0.004272007119713917,0.0020000000000000018,0.8544014239427833,14.145583710215435,0.09942034286401803,False,nan,nan,False,False
902,4.51,0.005014130000745354,0.001407284999913827,5.280000550555997e-06,0.0011034260005544638,0.000924982000469754,4.6086000111245085e-05,0.003512528000101156,0.004366065921153491,0.0020000000000000018,0.873213184230698,10.000091886618678,0.09960625639025897,False,nan,nan,False,False
903,4.515,0.004990083999473427,0.001402486000188219,7.3640003392938524e-06,0.002203395999458735,0.001047681999807537,4.379199981485726e-05,0.0035058559997196426,0.004472136081251769,0.0020000000000000018,0.8944272162503537,10.003576123718405,0.12064455422876903,False,nan,nan,False,False
904,4.5200000000000005,0.004967892999957257,0.0013478540004143724,4.518999958236236e-06,0.0010602759994071675,0.0009601179999663145,5.1917000746470876e-05,0.003597506999540201,0.004366062322393663,0.0020000000000000018,0.8732124644787326,10.000183189470064,0.1155889003709786,False,nan,nan,False,False
905,4.525,0.005007788000511937,0.0013981679994685692,7.24300025467528e-06,0.0021697329993912717,0.0010525309999138699,4.332099979365012e-05,0.0035371230005694088,0.004472135964590113,0.0020000000000000018,0.8944271929180225,10.000001989574146,0.106185436719114,False,nan,nan,False,False
906,4.53,0.004998349999368656,0.0014313900001070579,4.929000169795472e-06,0.0010605160005070502,0.000956391000727308,6.410999958461616e-05,0.0035412510005699005,0.004472135956156042,0.0020000000000000018,0.8944271912312082,0.00764715580713277,0.10686207994977587,False,nan,nan,False,False
907,4.535,0.005039957000008144,0.0013857660005669459,7.4239997047698125e-06,0.0016569530007473077,0.001028636000228289,4.4673000047623646e-05,0.0035102029996778583,0.004472135956569812,0.0020000000000000018,0.8944271913139624,0.008808542431140763,0.11329557433637699,False,nan,nan,False,False
908,4.54,0.004960810000739002,0.0013229079995653592,5.078999492980074e-06,0.00105755999993562,0.000941693000640953,4.4963999243918806e-05,0.0035817770003632177,0.004472136203921437,0.0020000000000000018,0.8944272407842873,0.05494444789562507,0.11505006751497994,False,nan,nan,False,False
909,4.545,0.004966229999809002,0.001426591999916127,4.759000148624182e-06,0.0015951969999150606,0.0010805739993884345,4.441300006874371e-05,0.0035400690003370983,0.00414578098799506,0.0020000000000000018,0.8291561975990118,17.32061375999817,0.10916879298725181,False,nan,nan,False,False
910,4.55,0.005027434999647085,0.0013628120004796074,4.6889999794075266e-06,0.001060124999639811,0.0009383070000694715,4.159800027991878e-05,0.0035784309993687202,0.0038405728739366756,0.0020000000000000018,0.7681145747873351,17.320508104008702,0.10615128968220437,False,nan,nan,False,False
911,4.555,0.0050068760001522605,0.0014368399997692904,6.801999916206114e-06,0.0016099240001494763,0.0010779989997899975,5.2378999498614576e-05,0.0035055250000368687,0.004145781886004031,0.0020000000000000018,0.8291563772008061,17.320850938674894,0.11093431572255105,False,nan,nan,False,False
912,4.5600000000000005,0.004995233999579796,0.0009733920005601249,4.096999873581808e-06,0.00109048200010875,0.0006985080008234945,4.7448999794141855e-05,0.0039686319996690145,0.003840572979844155,0.0020000000000000018,0.768114595968831,17.32111692865596,0.1017660727902508,False,nan,nan,False,False
913,4.565,0.005003730000680662,0.001411151999491267,7.1829999797046185e-06,0.0016218869996009744,0.0010624500000631087,4.3682000068656635e-05,0.0035247310006525367,0.003664047488380325,0.0020000000000000018,0.732809497676065,14.157819845562965,0.10306936292683277,False,nan,nan,False,False
914,4.57,0.004999521999707213,0.001447831000405131,5.220000275585335e-06,0.0004935739998472854,0.0009801649994187756,4.522500057646539e-05,0.003507499000079406,0.003952350067567551,0.0020000000000000018,0.7904700135135101,17.32054300386861,0.11351031455615299,False,nan,nan,False,False
915,4.575,0.005022074999942561,0.0014026260005266522,7.673999789403751e-06,0.00164578200019605,0.0010547149995545624,4.290000015316764e-05,0.0035116859999106964,0.004077377180749336,0.0020000000000000018,0.8154754361498671,16.944806434736194,0.09637654839982374,False,nan,nan,False,False
916,4.58,0.004975255999852379,0.0014065940004002186,4.8389993025921285e-06,0.0010491950006326078,0.0009661389995017089,4.3290999201417435e-05,0.0035316040002726368,0.004062019288968761,0.0020000000000000018,0.8124038577937521,14.142234628853856,0.09299668130821892,False,nan,nan,False,False
917,4.585,0.004997278000701044,0.001401223999891954,4.959999387210701e-06,0.0015726250003353925,0.001044916999489942,4.3199999709031545e-05,0.0035441469999568653,0.004257346651405693,0.0020000000000000018,0.8514693302811384,14.142136503542162,0.10698006502382813,False,nan,nan,False,False
918,4.59,0.005008999999517982,0.001416863000486046,5.300000339047983e-06,0.001067128000613593,0.0009625719994801329,4.384200019558193e-05,0.003514050999910978,0.004272001872960237,0.0020000000000000018,0.8544003745920474,14.142168734167049,0.09987594658596749,False,nan,nan,False,False
919,4.595,0.004992688999664097,0.0014002220004840638,4.8089996198541485e-06,0.0016158850003193947,0.0010503769999559154,4.489399998419685e-05,0.0035426240001470433,0.004077376610783353,0.0020000000000000018,0.8154753221566706,14.14213817822384,0.09917290269638714,False,nan,nan,False,False
920,4.6000000000000005,0.00500676600040606,0.0014368709998962004,4.978999641025439e-06,0.0010576610002317466,0.00097368299975642,4.4503000026452355e-05,0.003502128000036464,0.004272001877952931,0.0020000000000000018,0.8544003755905862,14.142135770465885,0.1008506299007079,False,nan,nan,False,False
921,4.605,0.005001485999855504,0.0014229549997253343,7.313999958569184e-06,0.00162294900019333,0.0010657559996616328,4.556499970931327e-05,0.0035075180003332207,0.004257346597061886,0.0020000000000000018,0.8514693194123769,14.142135625320709,0.10407478430404896,False,nan,nan,False,False
922,4.61,0.004995916000552825,0.0014368799993462744,5.118999979458749e-06,0.0010713570000007167,0.000977259999672242,4.202899981464725e-05,0.0035342190003575524,0.004472135976021284,0.0020000000000000018,0.8944271952042568,14.142138254168646,0.09696123180717683,False,nan,nan,False,False
923,4.615,0.005041379999966011,0.0014103009998507332,7.645000550837722e-06,0.0016565619998800685,0.001053232000231219,4.471299962460762e-05,0.0035004549999939627,0.004366062610698361,0.0020000000000000018,0.8732125221396722,10.00034711263248,0.10721672627037733,False,nan,nan,False,False
924,4.62,0.004975777999788988,0.001361159000225598,5.37999949301593e-06,0.0010870460000660387,0.0009671710004113265,4.500399973039748e-05,0.0035609479991762782,0.004366062352591083,0.0020000000000000018,0.8732124705182165,14.14218843727621,0.10228994956269662,False,nan,nan,False,False
925,4.625,0.004984995000086201,0.001401964999786287,7.062999429763295e-06,0.0016169880000234116,0.0010530610006753705,4.3941999138041865e-05,0.003533105999849795,0.0044721359574056855,0.0020000000000000018,0.8944271914811371,10.000023023507929,0.11006545016456261,False,nan,nan,False,False
926,4.63,0.004997037000066484,0.0013963549999971292,4.918999366054777e-06,0.000498233000143955,0.000963274000241654,6.969999958528206e-05,0.003547282999534218,0.0043660625126332765,0.0020000000000000018,0.8732125025266552,10.000182905551602,0.10614300501975428,False,nan,nan,False,False
927,4.635,0.005014480999307125,0.0013216450006439118,5.26000076206401e-06,0.00017398599993612152,0.00093341799947666,4.6596999709436204e-05,0.0036046300001544296,0.004472136088324505,0.0020000000000000018,0.8944272176649009,10.000483085259498,0.10890535597246145,False,nan,nan,False,False
928,4.64,0.004996717000722128,0.0015045469999677152,5.9809999584103934e-06,0.0011599919998843689,0.0010243980004815967,5.7547999858797994e-05,0.003429421999499027,0.004366063495693836,0.0020000000000000018,0.8732126991387671,10.001495934783787,0.1093174095782619,False,nan,nan,False,False
929,4.6450000000000005,0.005010772999412438,0.0014934760001779068,7.934999302960932e-06,0.0017318229993179557,0.0010955010002362542,5.73070001337328e-05,0.0034670430004553054,0.0038078867866535517,0.0017500000000000016,0.7615773573307103,22.36142583858875,0.11001257084342196,False,nan,nan,False,False
930,4.65,0.005027825000070152,0.001440467000065837,5.37999949301593e-06,0.001196991999677266,0.0010683509999580565,5.2659000175481196e-05,0.003451464000136184,0.0042506094859329005,0.0020000000000000018,0.85012189718658,20.153477508938973,0.11057500887436843,False,nan,nan,False,False
931,4.655,0.004973263000465522,0.0014760539997951128,7.855000148992985e-06,0.001727434999338584,0.0010931669994533877,5.652599975292105e-05,0.0034670120003283955,0.004341561111674887,0.0020000000000000018,0.8683122223349773,10.000137116558863,0.10214810981651741,False,nan,nan,False,False
932,4.66,0.005011053999623982,0.0015054989999043755,5.500000042957254e-06,0.0006334060008157394,0.0010141789998669992,4.8410999625048134e-05,0.0034665310004129424,0.004024013011862406,0.0020000000000000018,0.8048026023724811,17.320525797455236,0.09687818388671222,False,nan,nan,False,False
933,4.665,0.005038715000409866,0.0012992429992664256,5.900999894947745e-06,0.00011426400033087702,0.0009444090001125005,4.702800015365938e-05,0.0035703860003195587,0.004341561055706049,0.0020000000000000018,0.8683122111412096,17.32050928254584,0.11144941911230392,False,nan,nan,False,False
934,4.67,0.004938447999847995,0.001502334000178962,5.640000381390564e-06,0.0011581079997995403,0.0009732030002851388,7.849700068618404e-05,0.0034242419997099205,0.004444729911887618,0.0020000000000000018,0.8889459823775234,10.00000010005033,0.10861771730637683,False,nan,nan,False,False
935,4.675,0.005008289000215882,0.001476273999287514,8.185000297089573e-06,0.0017422319997422164,0.0010914240001511644,5.705699913960416e-05,0.0034601500001372187,0.004232216040246002,0.0020000000000000018,0.8464432080492004,14.142140155367716,0.10411756090028651,False,nan,nan,False,False
936,4.68,0.005000873999961186,0.0013915259996792884,6.041000233381055e-06,0.0007910609992904938,0.0010267229999953997,4.222999996272847e-05,0.0035359319999770378,0.004444729917230022,0.0020000000000000018,0.8889459834460041,14.142138007731841,0.10944883414773737,False,nan,nan,False,False
937,4.6850000000000005,0.005016483999497723,0.001651343000048655,6.802000825700816e-06,0.002005665999604389,0.0011613040005613584,5.0814999667636584e-05,0.0032587320001766784,0.004472135969266057,0.0020000000000000018,0.8944271938532113,2.482271309154593,0.11193877212711151,False,nan,nan,False,False
938,4.69,0.004993370999727631,0.0015888350008026464,6.672999916190747e-06,0.0009527640004307614,0.001184828999612364,5.051500011177268e-05,0.00332901399997354,0.004366062325952364,0.0020000000000000018,0.8732124651904726,10.000001282688885,0.1147528138657465,False,nan,nan,False,False
939,4.695,0.004999522000616707,0.0013360220000322443,6.211000254552346e-06,0.00035189900063414825,0.0009711880002214457,5.034400055592414e-05,0.0035892209998564795,0.004472135987213358,0.0020000000000000018,0.8944271974426716,10.000000224186106,0.11213646712531511,False,nan,nan,False,False
940,4.7,0.005010623000089254,0.001527680999970471,6.362000021908898e-06,0.0009106759998758207,0.0011395740002626553,4.8741000682639424e-05,0.0033778460001485655,0.004472136024791739,0.0020000000000000018,0.8944272049583477,0.010132493798873309,0.1102513997433574,False,nan,nan,False,False
941,4.705,0.00498809100008657,0.0016946639998423052,1.715200050966814e-05,0.0019356849998075631,0.0012195240005894448,5.2489000154309906e-05,0.003247982000175398,0.004145781021830139,0.0020000000000000018,0.8291562043660278,17.320511198601586,0.11111900285877316,False,nan,nan,False,False
942,4.71,0.00502322699958313,0.001619401999960246,6.402000508387573e-06,0.0008703000003151828,0.001197722999677353,5.898000017623417e-05,0.003276305000326829,0.004272001911585288,0.0020000000000000018,0.8544003823170576,17.320508176163674,0.11646776876822276,False,nan,nan,False,False
943,4.715,0.004979203999937454,0.001349697000478045,6.723000296915416e-06,0.00024041100004978944,0.0009828310003285878,4.825999985769158e-05,0.0035669999997480772,0.004190763653671135,0.0020000000000000018,0.8381527307342269,10.000029497066452,0.10703075725337238,False,nan,nan,False,False
944,4.72,0.004998469999918598,0.0015615640004398301,6.662000487267505e-06,0.001328977999946801,0.0011540610003066831,4.865099981543608e-05,0.003354892000061227,0.004046604069866587,0.0020000000000000018,0.8093208139733173,17.32072186140296,0.10575048667961755,False,nan,nan,False,False
945,4.7250000000000005,0.004994322000129614,0.001311275999796635,6.330999894998968e-06,0.0002020679994529928,0.000949387999753526,4.5714999941992573e-05,0.0036093890003030538,0.004190763657402783,0.0020000000000000018,0.8381527314805566,17.32068216703105,0.11511246564635365,False,nan,nan,False,False
946,4.73,0.0050023379999402096,0.0015642990001651924,6.432000191125553e-06,0.0012752179991366575,0.001106230999539548,4.7669000196037814e-05,0.0033737679996193037,0.004007805020908303,0.0020000000000000018,0.8015610041816604,14.142177701859632,0.11389011595397433,False,nan,nan,False,False
947,4.735,0.005019229000026826,0.0013316739996298566,6.381999810400885e-06,0.00013470200065057725,0.000956981999479467,4.5695999688177835e-05,0.003571738000573532,0.003952849978837955,0.0020000000000000018,0.7905699957675909,17.3220795481496,0.1109859978476559,False,nan,nan,False,False
948,4.74,0.00498875199991744,0.0015391220003948547,6.832000508438796e-06,0.001199024999550602,0.001101352000659972,4.805000025953632e-05,0.0034334799993303022,0.004031128885754582,0.0020000000000000018,0.8062257771509164,14.143605189156768,0.10736085013389801,False,nan,nan,False,False
949,4.745,0.00505445500039059,0.0013362820000111242,6.102000043028966e-06,0.00013505299921234837,0.0009686539997346699,4.649699985748157e-05,0.0035145020001436933,0.004007806177486624,0.0020000000000000018,0.8015612354973248,10.000678466728825,0.10758382178588449,False,nan,nan,False,False
950,4.75,0.00492976199984696,0.0016542370003662654,6.272000064200256e-06,0.0011803010002040537,0.0012587069995788625,4.589499985740986e-05,0.0032755339998402633,0.0038810441649695824,0.0020000000000000018,0.7762088329939164,14.143647649416017,0.11394973218402214,False,nan,nan,False,False
951,4.755,0.005151485999704164,0.001317578000453068,6.923000000824686e-06,4.36610007454874e-05,0.0009468929993090569,5.6816999858710915e-05,0.003459026999735215,0.004007805909081804,0.0020000000000000018,0.8015611818163607,14.143447851032006,0.1047819318621557,False,nan,nan,False,False
952,4.76,0.004857777000324859,0.001529233999463031,6.693000614177436e-06,0.0011874740002895123,0.001136889000008523,4.602599983627442e-05,0.003390879000107816,0.0037914390212344115,0.0020000000000000018,0.7582878042468824,17.322172517861098,0.104468765451497,False,nan,nan,False,False
953,4.765,0.005006624999623455,0.0015953480005919118,8.385000000998843e-06,0.001729137999973318,0.001168587999927695,7.046199971227907e-05,0.003316690999781713,0.0040078055701002575,0.0020000000000000018,0.8015611140200515,17.321895742145607,0.10224836451760891,False,nan,nan,False,False
954,4.7700000000000005,0.004994263000298815,0.0016050860003815615,6.242000381462276e-06,0.0011895280003955122,0.001101983999433287,4.7217999963322654e-05,0.0033624559991949354,0.0037914377332759664,0.0020000000000000018,0.7582875466551934,17.320702276817805,0.1085234569696917,False,nan,nan,False,False
955,4.775,0.005050267000115127,0.001306987999669218,6.4420000853715464e-06,0.00013548399965657154,0.0009445079995202832,4.6456999371002894e-05,0.003559445000064443,0.004069705198074021,0.0020000000000000018,0.813941039614804,17.320513407797897,0.10077261471175712,False,nan,nan,False,False
956,4.78,0.004949277999912738,0.0015360669995061471,5.83099972573109e-06,0.0012009089996354305,0.0010995290003847913,4.6486999963235576e-05,0.0034419650000927504,0.004007805073321633,0.0020000000000000018,0.8015610146643266,14.14233110267247,0.10447462943046651,False,nan,nan,False,False
957,4.785,0.0050593939995451365,0.001305635000790062,6.461999873863533e-06,0.00013853000018571038,0.0009371649994136533,4.6087000555417035e-05,0.0035581329993874533,0.004190770498332748,0.0020000000000000018,0.8381540996665495,14.146516972794664,0.10476153280700888,False,nan,nan,False,False
958,4.79,0.00494693400014512,0.00168201999986195,6.5229996835114434e-06,0.0012114480005038786,0.0012749279994750395,4.581600023811916e-05,0.0032309800008079037,0.00412310696186373,0.0020000000000000018,0.8246213923727459,10.001448157784631,0.10150445713671573,False,nan,nan,False,False
959,4.795,0.00501034199987771,0.0015536900000370224,8.295000043290202e-06,0.0016664199993101647,0.0011692190000758274,4.533499941317132e-05,0.0033606639999561594,0.0040773766321103785,0.0020000000000000018,0.8154753264220755,14.142602273636355,0.10812609635117643,False,nan,nan,False,False
960,4.8,0.004995566000616236,0.0016037730001698947,6.311999641184229e-06,0.0012056680006935494,0.0012142639998273808,4.5886000407335814e-05,0.0033626369995545247,0.004272001968948133,0.0020000000000000018,0.8544003937896264,14.142147579225453,0.10650416126552585,False,nan,nan,False,False
961,4.805,0.00504929499948048,0.0013077090006845538,6.1620003179996274e-06,0.000140432999614859,0.0009496180000496679,4.6006000047782436e-05,0.0035501979991749977,0.004145780997493811,0.0020000000000000018,0.829156199498762,17.320526154521666,0.10529051605206635,False,nan,nan,False,False
962,4.8100000000000005,0.004941113000313635,0.0015544099996986915,6.151999514258932e-06,0.0012059380005666753,0.0011160699996253243,6.362899966916302e-05,0.0034097660000043106,0.004272002052483862,0.0020000000000000018,0.8544004104967724,17.320550477270412,0.10785910413277168,False,nan,nan,False,False
963,4.815,0.005047861999628367,0.0013212140001996886,6.401999598892871e-06,0.00014094400012254482,0.0009575730000506155,4.553500002657529e-05,0.003546310999809066,0.004145781173241745,0.0020000000000000018,0.829156234648349,17.320791929458277,0.11248140116282009,False,nan,nan,False,False
964,4.82,0.004949459000272327,0.001492964999670221,5.881000106455758e-06,0.0010802930000863853,0.0010603259997878922,4.616699970938498e-05,0.0034900660002676887,0.004472137122451389,0.0020000000000000018,0.8944274244902776,17.321431312605004,0.10907707701530273,False,nan,nan,False,False
965,4.825,0.005064062999736052,0.0012964370007466641,6.862999725854024e-06,0.0001405929997417843,0.0009357420003652805,4.46640005975496e-05,0.0035557689998313435,0.004257349232449239,0.0020000000000000018,0.8514698464898477,14.145731571288684,0.11233564244054862,False,nan,nan,False,False
966,4.83,0.004933158000312687,0.001540844999908586,6.692000170005485e-06,0.0011877639999511302,0.0011179630000697216,4.598600025929045e-05,0.003442387000177405,0.004366064223191059,0.0020000000000000018,0.8732128446382116,17.32411787062616,0.11469876230743144,False,nan,nan,False,False
967,4.835,0.00506519499958813,0.0013273560007291962,6.082000254536979e-06,0.0001391300002069329,0.0009521830006633536,5.78480003241566e-05,0.003525460999298957,0.00425734659249984,0.0020000000000000018,0.8514693184999679,17.32124920976504,0.11634305532223699,False,nan,nan,False,False
968,4.84,0.004932356000608706,0.001488928999606287,5.930999577685725e-06,0.0011628770007519051,0.001058381999428093,5.609500021819258e-05,0.003493992000585422,0.004472136086679166,0.0020000000000000018,0.8944272173358331,14.142191306470544,0.11338451928104651,False,nan,nan,False,False
969,4.845,0.005066457999419072,0.0013206430003265268,5.990999852656387e-06,0.00014086400005908217,0.000949307000155386,4.6056000428507105e-05,0.0035319340004207334,0.004257347804247282,0.0020000000000000018,0.8514695608494564,14.143180912637508,0.11210337344717523,False,nan,nan,False,False
970,4.8500000000000005,0.004931805000524037,0.0016451709998364095,5.990999852656387e-06,0.0010699940003178199,0.0012249239998709527,4.603600064001512e-05,0.0032805529999677674,0.004366065522971038,0.0020000000000000018,0.8732131045942075,17.32385992921609,0.11520368854111648,False,nan,nan,False,False
971,4.855,0.005015672999434173,0.0015998349999790662,8.556000466342084e-06,0.0016581549998591072,0.0011731369995686691,5.323999994288897e-05,0.0033091870000134804,0.00425734661839621,0.0020000000000000018,0.8514693236792419,17.32158423015582,0.11603598210539806,False,nan,nan,False,False
972,4.86,0.0049906350004675915,0.0016259049998552655,6.161000783322379e-06,0.0011849490001623053,0.0011466180003480986,4.833000002690824e-05,0.003355943999849842,0.004472135993017695,0.0020000000000000018,0.894427198603539,14.142136240486405,0.11219915775229417,False,nan,nan,False,False
973,4.865,0.005066617999545997,0.0013350900007935707,6.461999873863533e-06,0.00014247699982661288,0.0009727619999466697,4.62970001535723e-05,0.0035396389994275523,0.00421036417277675,0.0020000000000000018,0.8420728345553499,14.719621677116164,0.11635221374085714,False,nan,nan,False,False
974,4.87,0.004994292999981553,0.0027558600004340406,7.403999916277826e-06,0.0011340430000927881,0.002108267000039632,5.880999924556818e-05,0.0021231459995760815,0.0044721362181299115,0.0020000000000000018,0.8944272436259822,14.719724482862016,0.1121360092665354,False,nan,nan,False,False
975,4.875,0.004988050000065414,0.0015316779999920982,8.88599970494397e-06,0.0019674839995786897,0.0010619989998303936,9.494699952483643e-05,0.0033497530002932763,0.004366062338315036,0.0020000000000000018,0.8732124676630071,10.000072087608935,0.1172890946675605,False,nan,nan,False,False
976,4.88,0.004963975999999093,0.0016215060004469706,6.62200000078883e-06,0.0010960029994748766,0.0012036329999318696,4.7919999815349e-05,0.0032863839996934985,0.004472135978167869,0.0020000000000000018,0.8944271956335738,10.000001344424739,0.11012984967795002,False,nan,nan,False,False
977,4.885,0.005014430000301218,0.0016137720003825962,7.654000000911765e-06,0.00220531899958587,0.00118655200003559,4.6086000111245085e-05,0.0032995889996527694,0.004472136121485935,0.0020000000000000018,0.8944272242971869,0.030602740501680444,0.11209618036353163,False,nan,nan,False,False
978,4.89,0.004997398000341491,0.0014796309997109347,6.831999598944094e-06,0.001098307000575005,0.00102769399927638,5.64560004931991e-05,0.003416296999603219,0.0042573471910943555,0.0020000000000000018,0.851469438218871,14.142820606373354,0.11131405342733175,False,nan,nan,False,False
979,4.8950000000000005,0.0050000729997918825,0.0015060499999890453,6.375899920385564e-05,0.002261034000184736,0.0010515900003156275,6.559299981745426e-05,0.003423170999667491,0.004366062555971899,0.0020000000000000018,0.8732125111943797,17.321160041188037,0.11689188464492954,False,nan,nan,False,False
980,4.9,0.005012937999708811,0.0015954770005919272,6.9030002123326994e-06,0.0011116910000055213,0.0011581489998206962,4.848100070375949e-05,0.0032872059991859715,0.0044721361047423205,0.0020000000000000018,0.8944272209484639,10.000563842329239,0.11542979668142,False,nan,nan,False,False
981,4.905,0.004990213999917614,0.0015100280006663525,1.1832000382128172e-05,0.0022348550000970135,0.0011050599996451638,6.739599939464824e-05,0.003390879999642493,0.0044721366156548915,0.0020000000000000018,0.8944273231309783,0.14352634592928784,0.11023671877225932,False,nan,nan,False,False
982,4.91,0.004977541000698693,0.001525216999652912,5.670000064128544e-06,0.0010996990004059626,0.001011454000035883,4.38919996668119e-05,0.0033877429996209685,0.0042573484935919306,0.0020000000000000018,0.851469698718386,14.14449266875231,0.10904264823215112,False,nan,nan,False,False
983,4.915,0.00501805699968827,0.0014922649997970439,8.426000022154767e-06,0.002218765000179701,0.0010816560006787768,8.360699939657934e-05,0.003437727000346058,0.004366062659602644,0.0020000000000000018,0.8732125319205286,17.320741957217166,0.11178295249049677,False,nan,nan,False,False
984,4.92,0.005010132000279555,0.0015200369998638052,5.9809999584103934e-06,0.0011177030000908417,0.0010791610002343077,4.6908000513212755e-05,0.003363969000020006,0.0044721360647016935,0.0020000000000000018,0.8944272129403384,10.00061146629237,0.11045185499928672,False,nan,nan,False,False
985,4.925,0.0049859169994306285,0.001511960999778239,7.573999937449116e-06,0.002227852000032726,0.0011018339992006076,6.564300019817892e-05,0.0034090640001522843,0.004366062304185751,0.0020000000000000018,0.87321246083715,10.00011527544229,0.10735191562664893,False,nan,nan,False,False
986,4.93,0.0050015560000247206,0.0014688900000692229,6.45199997961754e-06,0.0011058000000048196,0.00101771500067116,6.674500036751851e-05,0.0034434190001775278,0.004366062302327134,0.0020000000000000018,0.8732124604654268,14.142143645798209,0.11014470443413803,False,nan,nan,False,False
987,4.9350000000000005,0.005019529000492184,0.0014832379993094946,1.052999959938461e-05,0.0022272910000538104,0.001046899999892048,6.543200015585171e-05,0.003424352000365616,0.00447213599329277,0.0020000000000000018,0.8944271986585539,10.000014011276962,0.11419868851222786,False,nan,nan,False,False
988,4.94,0.004986998999811476,0.0016125100000863313,6.412000402633566e-06,0.00111502800064045,0.0010948300005111378,4.845999956160085e-05,0.003280242999608163,0.004472136409915641,0.0020000000000000018,0.8944272819831283,0.10409554967134083,0.1107985548880159,False,nan,nan,False,False
989,4.945,0.004997758999707003,0.0015209379998850636,1.1070999789808411e-05,0.002226949999567296,0.0010943990000669146,7.802700019965414e-05,0.003379718999894976,0.004472135988697422,0.0020000000000000018,0.8944271977394843,0.05872593073916421,0.1109067342530453,False,nan,nan,False,False
990,4.95,0.004975568000190833,0.00146253799994156,6.020999535394367e-06,0.001060126000083983,0.0009779219999472843,5.938100002822466e-05,0.0034650589996090275,0.004472135995102232,0.0020000000000000018,0.8944271990204463,0.045916319244329984,0.11140470559277187,False,nan,nan,False,False
991,4.955,0.004995053000129701,0.0014659649996247026,5.500000042957254e-06,0.0021687210000891355,0.0010864039995794883,5.617500028165523e-05,0.0034472659999664756,0.00447213595714351,0.0020000000000000018,0.8944271914287019,0.02949533659113646,0.11581322024934662,False,nan,nan,False,False
992,4.96,0.004977610999958415,0.0013816179998684675,5.470000360219274e-06,0.0010325639996153768,0.0009941309999703662,4.3201000153203495e-05,0.00355609899997944,0.004472135957069776,0.0020000000000000018,0.8944271914139552,0.010982070760658439,0.11672997628545113,False,nan,nan,False,False
993,4.965,0.004999482000130229,0.0013810869995722896,5.219000740908086e-06,0.002152400999875681,0.0009966959996745572,4.347199956100667e-05,0.003558844000508543,0.004472136038369486,0.0020000000000000018,0.8944272076738973,0.029098183396376126,0.11877695107620714,False,nan,nan,False,False
994,4.97,0.005004541999369394,0.0014054319999559084,5.300000339047983e-06,0.0010438350000185892,0.0009558799993101275,4.3150999772478826e-05,0.003522185000292666,0.004472136856051114,0.0020000000000000018,0.8944273712102228,0.14809645529166376,0.11183340493340577,False,nan,nan,False,False
995,4.9750000000000005,0.004988501000298129,0.0014360100003614207,5.390000296756625e-06,0.0021504269998331438,0.0010822169997481978,4.327100032242015e-05,0.003505644000142638,0.004472136024669735,0.0020000000000000018,0.8944272049339468,0.0819793686862481,0.1151304443397731,False,nan,nan,False,False
996,4.98,0.005006094999771449,0.0014501850000669947,5.650999810313806e-06,0.0010311209998690174,0.0009923580000759102,4.3712000660889316e-05,0.003504663000057917,0.0044721362194755105,0.0020000000000000018,0.8944272438951021,0.09309721829901245,0.11846386180356461,False,nan,nan,False,False
997,4.985,0.005019119000280625,0.0014408079996428569,5.449999662232585e-06,0.0021805930000482476,0.0010903109996434068,4.254000032233307e-05,0.0034825010006898083,0.004472136178999224,0.0020000000000000018,0.8944272357998447,0.11813952162220329,0.11711211337005277,False,nan,nan,False,False
998,4.99,0.004984844000318844,0.001402776999384514,5.189999683352653e-06,0.0010402380003142753,0.0009558700003253762,4.213900047034258e-05,0.003530251000483986,0.0044721359585719565,0.0020000000000000018,0.8944271917143913,0.049468132699807855,0.113205251141574,False,nan,nan,False,False
999,4.995,0.004994572999748925,0.0013902640002925182,5.5109994718804955e-06,0.002160957000342023,0.0010496049999346724,4.108699977223296e-05,0.0035476829998515313,0.004472136425345444,0.0020000000000000018,0.8944272850690886,0.08919300986952332,0.11697937431034797,False,nan,nan,False,False
