step,time_s,cycle_period_s,cycle_work_s,state_read_s,state_age_s,controller_step_s,publish_s,sleep_s,command_step_norm_rad,command_step_max_abs_rad,command_velocity_norm_rad_s,command_accel_norm_rad_s2,feedback_velocity_norm_rad_s,tcp_pose_used,tcp_pose_age_s,tcp_fk_error_norm_m,deadline_miss,period_overrun
0,0.0,nan,0.0017376989999320358,7.433999599015806e-06,0.0013134860000718618,0.0013036279997322708,5.110599977342645e-05,0.0033692300003167475,0.0,0.0,0.0,0.0,7.643266872037202e-05,False,nan,nan,False,False
1,0.005,0.0051961259996460285,0.0014713210002810229,6.381999810400885e-06,0.0009027579999383306,0.0010423190005894867,4.814000021724496e-05,0.00343803800024034,1.6890549144499526e-05,1.463601023067842e-05,0.003378109828899905,0.6756219657799809,7.392344559775665e-05,False,nan,nan,False,False
2,0.01,0.004991964000510052,0.0015351299998656032,8.146000254782848e-06,0.001590223999301088,0.0011272779993305448,7.501099935325328e-05,0.0033831959999588435,1.0152445016743654e-05,8.67179170991515e-06,0.0020304890033487305,0.27184893224814466,7.04512422089465e-05,False,nan,nan,False,False
3,0.015,0.004993396999452671,0.0014715910001541488,6.241999471967574e-06,0.0010372590004408266,0.0009975849998227204,4.5945999772811774e-05,0.003459860000475601,1.1637608939615368e-05,6.687936100702174e-06,0.002327521787923074,0.7548414642760155,6.831188511569053e-05,False,nan,nan,False,False
4,0.02,0.00500479800030007,0.001465760999963095,9.106999641517177e-06,0.0016247080002358416,0.0010928430001513334,4.726799943455262e-05,0.003469186000074842,4.074374132951076e-06,2.317602109336292e-06,0.0008148748265902152,0.30323531539453336,5.461208274937235e-05,False,nan,nan,False,False
5,0.025,0.005026357999668107,0.001450773000215122,7.072999324009288e-06,0.0010743389993876917,0.0010286040005667019,4.782900032296311e-05,0.0034462740004528314,5.294753872035143e-05,3.573025025072063e-05,0.010589507744070288,1.9606031149643361,5.086609598947689e-05,False,nan,nan,False,False
6,0.03,0.0049761050004235585,0.0014840949997960706,8.43499947222881e-06,0.001625630000489764,0.001093464999939897,6.2647999584442e-05,0.0034439600003679516,4.367402143713294e-05,2.929018903330416e-05,0.00873480428742659,0.3727397760447143,4.8730624257586896e-05,False,nan,nan,False,False
7,0.035,0.005006530999708048,0.0014809189997322392,6.3520001276629046e-06,0.000517928000590473,0.0010696299996197922,4.82300001749536e-05,0.003429103000598843,4.100345014513669e-05,2.7445544699800095e-05,0.008200690029027336,0.10703230091229837,4.744681064039469e-05,False,nan,nan,False,False
8,0.04,0.004988478000086616,0.0014836139998806175,8.424999577982817e-06,0.001616493000256014,0.0011004779998984304,4.6657999519084115e-05,0.003437989000303787,3.6630136870187615e-05,2.4289139362476675e-05,0.007326027374037524,0.17845621564712916,4.564210757962428e-05,False,nan,nan,False,False
9,0.045,0.004995280000002822,0.001454119999834802,5.910999789193738e-06,0.0005009559999962221,0.0009862239994617994,4.7339000047941227e-05,0.003475719000562094,2.563974301270306e-05,1.7155103814836536e-05,0.005127948602540611,0.4455107154240497,4.4513213651953265e-05,False,nan,nan,False,False
10,0.05,0.005075009999927715,0.0012833700002374826,6.111999937274959e-06,4.5124000280338805e-05,0.0009240979998139665,4.4362999688019045e-05,0.0035688930001924746,2.077519387593666e-05,1.387827833543298e-05,0.0041550387751873325,0.22185441038622408,4.298186242970569e-05,False,nan,nan,False,False
11,0.055,0.0049244780002482,0.0014413349999813363,5.550999958359171e-06,0.0010307370002919924,0.0009754439997777808,4.463300047063967e-05,0.00348675999975967,1.9383525747291457e-05,1.3455357955827196e-05,0.0038767051494582915,0.27211828275851596,4.1438872423009756e-05,False,nan,nan,False,False
12,0.06,0.004999007000151323,0.0014281610001489753,8.26599989522947e-06,0.0016143380007633823,0.0010645799993653782,4.3961999836028554e-05,0.003497178999168682,1.1573645964170086e-05,7.833467427609264e-06,0.0023147291928340167,0.3932352410988152,4.050567440760086e-05,False,nan,nan,False,False
13,0.065,0.005001151999749709,0.0014037849996384466,6.092000148782972e-06,0.0010413469999548397,0.0009902720003083232,4.5554999815067276e-05,0.003521594000631012,3.4957876317451313e-05,1.9823827621001655e-05,0.0069915752634902625,0.9677326111108917,1.674504346738547e-05,False,nan,nan,False,False
14,0.07,0.00499586099977023,0.001419113999872934,5.900999894947745e-06,0.0016047600001911633,0.0010032459995272802,4.570599958242383e-05,0.0035072380005658488,2.3518551492118998e-05,1.4379270123694672e-05,0.004703710298423799,0.4895089308212755,5.228907298261694e-07,False,nan,nan,False,False
15,0.075,0.004999859000236029,0.0014040160003787605,5.9809999584103934e-06,0.0010341329998482252,0.0009934680001606466,4.59060001958278e-05,0.0035413409996181144,1.962286732722847e-05,1.1749112152539807e-05,0.003924573465445694,0.1653366498146362,2.885346628290417e-09,False,nan,nan,False,False
16,0.08,0.005021850000048289,0.0014809889999014558,7.904000085545704e-06,0.0016395060001741513,0.0009928270001182682,4.623700078809634e-05,0.003426477999710187,2.1017229100817116e-05,1.4663604814391107e-05,0.0042034458201634225,0.7457077894910585,9.009955281860269e-11,False,nan,nan,False,False
17,0.085,0.004979221000212419,0.0013852499996573897,5.910999789193738e-06,0.0010315989993614494,0.0009819769993555383,4.521400023804745e-05,0.003675572999782162,1.9432040601212347e-05,1.3313180113754038e-05,0.0038864081202424692,0.8325322700242536,6.023590346617995e-10,False,nan,nan,False,False
18,0.09,0.005210552999415086,0.001467714000682463,6.561999725818168e-06,0.0018033930000456166,0.0010826040006577387,6.315800055745058e-05,0.0032672089992047404,4.779651196577212e-05,3.2186295059633e-05,0.009559302393154424,1.6170313785968695,2.799906044916362e-15,False,nan,nan,False,False
19,0.095,0.0048103440003615106,0.0014474869994955952,6.110999493103009e-06,0.0009222349999618018,0.0009917239995047566,4.575499951897655e-05,0.0034566630001791054,2.370661460034105e-05,1.5552415495445615e-05,0.004741322920068211,1.030110771736861,8.566855164282238e-17,False,nan,nan,False,False
20,0.1,0.004973870999492647,0.0014318870007627993,5.539999619941227e-06,0.0013928939997640555,0.0010627770006976789,4.4473000343714375e-05,0.003503440999338636,3.691905911545859e-05,2.5686042451990143e-05,0.007383811823091719,0.9949092181269323,4.727247761838098e-19,False,nan,nan,False,False
21,0.105,0.005029173000366427,0.0013417090003713383,6.051000127627049e-06,0.0008786230000623618,0.0009799119998206152,4.661700040742289e-05,0.003551300999788509,2.4092562662020707e-05,1.5614521629492218e-05,0.004818512532404142,0.5225088091266585,1.4761585715051074e-20,False,nan,nan,False,False
22,0.11,0.004944555999827571,0.001167243000054441,4.307999915909022e-06,0.001941189999342896,0.000817228000414616,4.459400042833295e-05,0.003795356000409811,2.3179225424366388e-05,1.4695248145335735e-05,0.004635845084873277,0.041813002365639215,8.145542311220206e-23,False,nan,nan,False,False
23,0.115,0.005033612000261201,0.0013320099997145007,6.1920000007376075e-06,0.0008589550006945501,0.0009739609995449428,4.458399962459225e-05,0.0035991909999211202,6.603149292817682e-06,4.529332043201606e-06,0.0013206298585635365,0.8292647995611995,2.5435756898788474e-24,False,nan,nan,False,False
24,0.12,0.005001612000341993,0.001546081000014965,5.94100038142642e-06,0.0019751829995584558,0.001181129000542569,4.3631999687931966e-05,0.0033820039998317952,9.726850420948442e-06,7.19210993852269e-06,0.0019453700841896883,0.39299326271124585,1.4035622766873905e-26,False,nan,nan,False,False
25,0.125,0.005000520000066899,0.0013594119991466869,5.699999746866524e-06,0.000854758000059519,0.000982237000243913,4.5976000365044456e-05,0.0035722500006158953,2.2754014986057228e-05,1.658363276717096e-05,0.004550802997211446,0.5244778027540368,4.382846959645456e-28,False,nan,nan,False,False
26,0.13,0.005010979999497067,0.0015095329999894602,6.150999979581684e-06,0.0019625900004029972,0.0011448710001786822,4.468300085136434e-05,0.0034065489999193233,1.5552172004046388e-05,1.3948326914336384e-05,0.003110434400809277,0.551416637633467,2.41848464687395e-30,False,nan,nan,False,False
27,0.135,0.004988368000340415,0.0013404659994193935,6.00099974690238e-06,0.0008558809995520278,0.00097056499998871,4.503399941313546e-05,0.0035817980005958816,4.0407849674488043e-05,2.319850822322244e-05,0.008081569934897611,1.309988134775652,7.552105103929059e-32,False,nan,nan,False,False
28,0.14,0.004999026999939815,0.0014306450002550264,5.961000169918407e-06,0.0019754340000872617,0.0010639590000209864,4.531499962467933e-05,0.0034954959992319345,2.7526269385989505e-05,2.05251034940474e-05,0.005505253877197901,0.6612707003221964,1.284249810851179e-05,False,nan,nan,False,False
29,0.145,0.0049999590000879834,0.0013295159997142036,6.021999979566317e-06,0.0007483089993911562,0.0009599849990991061,5.107600009068847e-05,0.003593870000258903,3.0625752260270385e-05,2.2383518481726918e-05,0.006125150452054076,0.12862026770928497,1.9791736121987924e-05,False,nan,nan,False,False
30,0.15,0.004989399999431043,0.0014019010004631127,5.8310006352257915e-06,0.0019444959998509148,0.001003266000225267,4.628600072464906e-05,0.0035335369993845234,5.496779332651897e-05,3.5100989016513664e-05,0.010993558665303795,2.3216117203469424,1.4722646710652043e-06,False,nan,nan,False,False
31,0.155,0.005006150000554044,0.0013821049997204682,5.951000275672413e-06,0.0008473440002489951,0.0010186350000367383,4.7387999984493945e-05,0.0035970560002169805,5.020718760639213e-05,3.390248832725472e-05,0.010041437521278425,0.22973275632562767,8.124055206337744e-09,False,nan,nan,False,False
32,0.16,0.005090929999823857,0.0017105480001191609,8.646999958727974e-06,0.0020639490003304672,0.001273871000194049,5.782799962616991e-05,0.0032052729993665707,4.6412004284189576e-05,3.266946349030015e-05,0.009282400856837916,0.18051690186629957,4.48290814192287e-11,False,nan,nan,False,False
33,0.165,0.005027440000048955,0.0015330670003095292,8.436000825895462e-06,0.000970604999565694,0.0010776650005936972,5.213700023887213e-05,0.00333317199965677,4.1964520990507165e-05,3.148070030942347e-05,0.008392904198101432,0.2389312105437355,1.3998597203288e-12,False,nan,nan,False,False
34,0.17,0.004978879999725905,0.0017935930000021472,8.807000085653272e-06,0.002047578000201611,0.001364451999506855,5.258900000626454e-05,0.0031087229999684496,3.813932413925252e-05,3.066780497714546e-05,0.007627864827850505,0.25017694552199704,9.921187302097678e-05,False,nan,nan,False,False
35,0.17500000000000002,0.0050136150002799695,0.0016159409997271723,8.727000022190623e-06,0.0009634610005377908,0.0011459830002422677,6.219700026122155e-05,0.0032552669999859063,3.65375644591217e-05,2.9896435631020175e-05,0.00730751289182434,0.08726187356999521,9.521160245640203e-05,False,nan,nan,False,False
36,0.18,0.0049824759998955415,0.0017433900002288283,8.515999979863409e-06,0.0014995940000517294,0.0013237149996712105,5.156600036571035e-05,0.00314909799999441,3.1073296747211295e-05,2.7591904988611963e-05,0.006214659349442259,0.46741259897124343,8.952889766078442e-05,False,nan,nan,False,False
37,0.185,0.005005289000109769,0.001573212000039348,8.465000064461492e-06,0.0009432229999219999,0.0011239619998377748,5.0955000006069895e-05,0.003311861999463872,0.00013909773941371727,0.00011409189018290756,0.02781954788274345,4.521098647396369,8.610276563558728e-05,False,nan,nan,False,False
38,0.19,0.004996482999558793,0.001702131999991252,8.596000043326057e-06,0.002051825999842549,0.0012843820004491135,5.0895000640593935e-05,0.003220823000447126,0.00012501302591222822,0.00010417137759176049,0.025002605182445646,0.5993658648252834,9.771432814886793e-05,False,nan,nan,False,False
39,0.195,0.005034003000218945,0.001543506000416528,8.455999704892747e-06,0.0009826779996728874,0.0010918210000454565,5.1296000492584426e-05,0.0033101290000558947,0.00011405067271204673,9.622922103721619e-05,0.022810134542409342,0.4692728047614596,0.00010505704995011911,False,nan,nan,False,False
40,0.2,0.004965443999935815,0.0017460850003772066,8.625999726064038e-06,0.0020627269996111863,0.0012672990005739848,5.1656000323418994e-05,0.0031429370001205825,0.0001070579894477908,9.106338201618989e-05,0.021411597889558164,0.3002975957689222,0.00011669837113004178,False,nan,nan,False,False
41,0.20500000000000002,0.005000029999791877,0.0015975969999999506,8.637000064481981e-06,0.000948813999457343,0.0011409629996705917,5.0645000555959996e-05,0.003293318000032741,0.0001000772638937254,8.542304894563601e-05,0.020015452778745082,0.28364202434003066,0.0002921319683082402,False,nan,nan,False,False
42,0.21,0.0050016720006169635,0.0017791069994927966,8.637000064481981e-06,0.002047007000328449,0.0013428610000119079,5.2168000365782063e-05,0.0031223480000335258,8.686217911725458e-05,7.564501517337628e-05,0.017372435823450917,0.6048552405945861,0.0011392032029107213,False,nan,nan,False,False
43,0.215,0.005014055000174267,0.0015599869993820903,8.625999726064038e-06,0.0009806140005821362,0.0011143229994559078,5.039400002715411e-05,0.003312173999802326,7.83959443040909e-05,6.885185165071955e-05,0.01567918886081818,0.36940551031103225,0.0016057419739138904,False,nan,nan,False,False
44,0.22,0.004984179999155458,0.0016397660001530312,8.596000043326057e-06,0.002070171000013943,0.001191287999972701,5.2567999773600604e-05,0.0032944000004135887,6.639477948956346e-05,5.9064311078290516e-05,0.01327895589791269,0.6723251983762848,0.0012863368444361654,False,nan,nan,False,False
45,0.225,0.005045013000199106,0.0015173270003288053,8.456000614387449e-06,0.0009355489992231014,0.001070952999725705,5.1946999519714154e-05,0.003330558000016026,7.605731759502459e-05,5.608691336814663e-05,0.015211463519004915,1.7271018393298008,0.0009682253388363415,False,nan,nan,False,False
46,0.23,0.004958442000315699,0.0019007239998245495,8.695999895280693e-06,0.001915300999826286,0.0014335709993247292,5.2968999625591096e-05,0.002989700000398443,7.147831870069636e-05,5.787835829968054e-05,0.014295663740139271,0.5331221239593635,0.0010501141973164247,False,nan,nan,False,False
47,0.23500000000000001,0.005003074999876844,0.0017200359998241765,8.515999979863409e-06,0.0006838489998699515,0.0011561219998839078,5.374000011215685e-05,0.0031704990005891887,7.123770394165157e-05,6.0042299538961376e-05,0.014247540788330317,0.28275269493122324,0.0010286498884110758,False,nan,nan,False,False
48,0.24,0.005002173000320909,0.0018681739993553492,8.555999556847382e-06,0.001801057999728073,0.0014151859995763516,6.792700060032075e-05,0.003017611999894143,7.028935462138649e-05,6.023758995974874e-05,0.014057870924277295,0.15811126857421276,0.0007457898948773546,False,nan,nan,False,False
49,0.245,0.004997604999516625,0.001628965999771026,8.375999641430099e-06,0.0006964820004213834,0.0011729440002454794,5.2708000112033915e-05,0.0032542250000915374,7.5197050583876e-05,6.650004705063584e-05,0.0150394101167752,0.5295095919234631,0.0006334266655178238,False,nan,nan,False,False
50,0.25,0.005022151000048325,0.0017145259998869733,8.68700044520665e-06,0.0017977409997911309,0.0012776589992427034,6.763700002920814e-05,0.003149128000586643,0.00010458310280681876,7.951186854258901e-05,0.020916620561363754,1.9442189523442592,0.0005689896616058885,False,nan,nan,False,False
51,0.255,0.0049745810001695645,0.001550408999719366,8.60599993757205e-06,0.0006786189997001202,0.0011018510003850679,5.134599996381439e-05,0.0032369230002586846,9.874407218458118e-05,7.987459111384217e-05,0.019748814436916236,0.5333994629051227,0.0005093103406389977,False,nan,nan,False,False
52,0.26,0.004827767999813659,0.0004692570000770502,2.4050004867604002e-06,0.0014752489996681106,0.0003260990006310749,1.647099998081103e-05,0.004523728999629384,9.571246169023737e-05,7.970104431640679e-05,0.019142492338047472,0.3001287664450349,0.00044539986733806413,False,nan,nan,False,False
53,0.265,0.00506970900005399,0.0015170169999692007,6.6230004449607804e-06,0.0009763560001374572,0.0010610239996822202,4.8210000386461616e-05,0.0034745069997370592,9.331049110334344e-05,7.89695101501798e-05,0.018662098220668687,0.20350508860955135,0.00047296418635055617,False,nan,nan,False,False
54,0.27,0.005120273999636993,0.0017576970003574388,1.1410999832150992e-05,0.0016486119993714965,0.0013167009992685053,5.80790001549758e-05,0.003136213999823667,8.999734392081663e-05,7.738378431001113e-05,0.017999468784163326,0.23683103897528426,0.0007291184817664208,False,nan,nan,False,False
55,0.275,0.005040465000092809,0.0016217430002143374,8.735999472264666e-06,0.0011219580001124996,0.00120470199999545,5.192700064071687e-05,0.0032114840005306178,0.00011658005596284261,9.750158926549306e-05,0.023316011192568518,1.1348785379071307,0.0008971201468260332,False,nan,nan,False,False
56,0.28,0.004945477000546816,0.0018769600001178333,8.496000191371422e-06,0.0020549620003293967,0.0014220590001059463,5.331000011210563e-05,0.003076171999964572,0.00011310008175906012,9.5599376203136e-05,0.022620016351812024,0.21107740756909982,0.0023174704721839194,False,nan,nan,False,False
57,0.28500000000000003,0.005064189999757218,0.0017259169999306323,8.525999874109402e-06,0.0010693300000639283,0.0012774690003425349,5.116600004839711e-05,0.0031077809999260353,0.00010781951877567387,9.24042157329988e-05,0.021563903755134776,0.5153880797050467,0.0018379128517367121,False,nan,nan,False,False
58,0.29,0.00494435499967949,0.0017521859999760636,8.637000064481981e-06,0.0020918410000376753,0.0012574520005728118,5.271800000627991e-05,0.003123801000583626,0.00011161460252689885,9.446346042970701e-05,0.02232292050537977,0.3100919656105805,0.0017273926967437477,False,nan,nan,False,False
59,0.295,0.0049877360006576055,0.001676133999353624,8.947000424086582e-06,0.0010031760002675583,0.0011596280000958359,5.252800019661663e-05,0.003218288000425673,0.000159505592671928,0.00013168599802212703,0.0319011185343856,1.963416511882801,0.002293549296274186,False,nan,nan,False,False
60,0.3,0.005013353999856918,0.0018402309997327393,9.256999874196481e-06,0.0020636290000766166,0.001242252999873017,7.423799979733303e-05,0.0030453449999185978,0.00014487451659794188,0.00012160096486666554,0.02897490331958838,0.6482761186770469,0.00217164850710752,False,nan,nan,False,False
61,0.305,0.005005268999411783,0.0015838020008231979,9.197000508720521e-06,0.0009778679996088613,0.0011338210006215377,5.1746000281127635e-05,0.003289339999355434,0.00014093594669454472,0.00011882186656860888,0.028187189338908944,0.17842889337751797,0.0020179775554655887,False,nan,nan,False,False
62,0.31,0.004991484000129276,0.0016671970006427728,8.996999895316549e-06,0.0020046579993504565,0.0012605270003405167,5.098500059830258e-05,0.0032971249993352103,0.00013788545844137953,0.0001190211810115943,0.0275770916882759,0.4896171510522433,0.003874361365797831,False,nan,nan,False,False
63,0.315,0.005097211000247626,0.001875216000371438,9.227000191458501e-06,0.0010138159996131435,0.0012303610001254128,5.646600038744509e-05,0.0028493179997894913,0.00015980911637068966,0.00012831533081902858,0.03196182327413793,1.5305291029055637,0.0026634980495020178,False,nan,nan,False,False
64,0.32,0.0048007260002123076,0.0015069880000737612,6.381999810400885e-06,0.00186970599952474,0.0011249640001551597,4.990299930796027e-05,0.0034216779995404067,0.0001531115612428607,0.00012747182997200214,0.03062231224857214,0.630472658841294,0.001798647427612557,False,nan,nan,False,False
65,0.325,0.004993436999939149,0.0015708869996160502,5.7099996411125176e-06,0.000754921999941871,0.0011774110007536365,4.691799949796405e-05,0.003362277000633185,0.00014977474879510018,0.00012915838218658938,0.029954949759020036,0.8140019200136142,0.002293688293609553,False,nan,nan,False,False
66,0.33,0.0050179729996671085,0.0014008090001880191,6.340999789244961e-06,0.0017131529994003358,0.0010295759993823594,4.511499992077006e-05,0.003510303999973985,0.00015097389097739673,0.00012767066637889063,0.030194778195479346,0.45837057714811513,0.0030571485010840076,False,nan,nan,False,False
67,0.335,0.00497332900067704,0.001176108999970893,5.38099993718788e-06,0.0008449900005871314,0.0008362129992747214,4.5154999497754034e-05,0.0038277479998214403,0.00019389132159821257,0.00017128332141487057,0.03877826431964252,2.299725185767609,0.003337063861407607,False,nan,nan,False,False
68,0.34,0.005091810999147128,0.001255368000784074,5.640999916067813e-06,0.0019918939997296548,0.0008463429994662874,5.2057000175409485e-05,0.0037441099993884563,0.00018791954431041815,0.00016528563078461946,0.037583908862083626,0.4148646824022049,0.003804151424797304,False,nan,nan,False,False
69,0.34500000000000003,0.005111628000122437,0.001746476000334951,8.6860000010347e-06,0.0009694020000097225,0.001278710999940813,6.472099994425662e-05,0.0030450840004050406,0.00017718702129128407,0.00015503153518802478,0.03543740425825681,0.49439524898331594,0.002896777118583083,False,nan,nan,False,False
70,0.35000000000000003,0.004903319000732154,0.0015935999999783235,8.625999726064038e-06,0.0002454390005368623,0.0011515439991853782,5.201699968893081e-05,0.0032929369999692426,0.00015896083553999048,0.00013464860424034636,0.0317921671079981,1.0966924615527809,0.0040571829076983595,False,nan,nan,False,False
71,0.355,0.004997323999305081,0.001700368999991042,8.535000233678147e-06,0.0007808899999872665,0.0012823979996028356,5.144599981576903e-05,0.003232834999835177,0.00016933384140452402,0.00014659341540410303,0.03386676828090481,0.8339388377812649,0.004676185129582653,False,nan,nan,False,False
72,0.36,0.005043941000621999,0.0015488369999729912,8.826999874145258e-06,0.0001853260000643786,0.001139280000643339,5.2097999287070706e-05,0.003297123999800533,0.00016277641131173077,0.00013914802103699286,0.03255528226234616,0.48958524281916904,0.0034001997319587,False,nan,nan,False,False
73,0.365,0.004956578000019363,0.0016806129997348762,8.635999620310031e-06,0.0006219130000317818,0.0012406999994709622,6.058300004951889e-05,0.0032101320002766442,0.00020522784822149098,0.00017903768657466003,0.041045569644298195,3.1646822714506153,0.002857255307755637,False,nan,nan,False,False
74,0.37,0.005027861999224115,0.0017601409999770112,1.1271000403212383e-05,0.0017532880001454032,0.001313204999860318,6.412000038835686e-05,0.0032128370003192686,0.0001919685839651316,0.0001688540251602881,0.03839371679302632,1.0021932504428057,0.004053936807281643,False,nan,nan,False,False
75,0.375,0.005093213000691321,0.001914290000058827,9.30700025492115e-06,0.0007613629995830706,0.0012529530004030676,5.7608000133768655e-05,0.0028667999995377613,0.00018712422793719442,0.00016463185416151348,0.03742484558743888,0.41615018682052446,0.005081805992670815,False,nan,nan,False,False
76,0.38,0.004924017000121239,0.0017621949991735164,1.1741999514924828e-05,0.001729573999909917,0.0012919850005346234,5.206700006965548e-05,0.003086321000409953,0.00017633309017101495,0.0001532931576623158,0.03526661803420299,0.984120087943489,0.0035971674334998034,False,nan,nan,False,False
77,0.385,0.004968420999830414,0.001703985999483848,9.126999430009164e-06,0.0005231780005487963,0.001301794000028167,5.083500036562327e-05,0.0031774210001458414,0.00016456485165791267,0.0001422763371586469,0.03291297033158253,0.5055624555866517,0.005958345378199294,False,nan,nan,False,False
78,0.39,0.005019053999603784,0.0016860730002008495,1.2123000487918034e-05,0.0017265679998672567,0.0012439259999155183,5.096500080981059e-05,0.003174475999912829,0.0002096874717144707,0.00017769966503150168,0.04193749434289414,2.5758058345719075,0.005417774929337556,False,nan,nan,False,False
79,0.395,0.004978099000254588,0.0016476210003020242,9.127000339503866e-06,0.0010824239998328267,0.0012406799996824702,5.044399949838407e-05,0.003237913999328157,0.00019116342384528916,0.0001617221224878752,0.03823268476905783,1.0078615235279635,0.004585470918974264,False,nan,nan,False,False
80,0.4,0.005003686000236485,0.0016009329992812127,9.22799972613575e-06,0.0016011840007195133,0.0011541379999471246,5.0474000090616755e-05,0.003302756000266527,0.0001835386450865733,0.00015605862586900738,0.03670772901731465,0.5795393198247699,0.004921110873981101,False,nan,nan,False,False
81,0.405,0.005022180999731063,0.0015895520000412944,9.387999853061046e-06,0.0010710830001698923,0.0010490309996384894,5.360999966796953e-05,0.003269502999501128,0.0001704056371113382,0.00013737101359187845,0.03408112742226764,2.1006156005029615,0.00441244078885204,False,nan,nan,False,False
82,0.41000000000000003,0.0049771459998737555,0.0017887049998535076,9.356999726151116e-06,0.002100527999573387,0.0013723060001211707,5.1576999794633593e-05,0.003107520000412478,0.00017000003119477537,0.00014188120765557888,0.03400000623895508,0.7565249778816092,0.005753117455056372,False,nan,nan,False,False
83,0.41500000000000004,0.00501398500000505,0.0017226119998667855,9.187000614474528e-06,0.001025556999593391,0.0012977970000065397,5.077500009065261e-05,0.003144780000184255,0.0001698853883160244,0.0001325791973015132,0.03397707766320488,0.802061738133509,0.004487926460722197,False,nan,nan,False,False
84,0.42,0.004985882999790192,0.001774387999830651,9.487999705015682e-06,0.0020773739997821394,0.001359262000732997,6.24269996478688e-05,0.0031155660008153063,0.00017595793844965557,0.00014210616817956828,0.03519158768993111,0.638879448976467,0.0036097899012379033,False,nan,nan,False,False
85,0.425,0.005002103000151692,0.0017514950004624552,8.525999874109402e-06,0.000747277000300528,0.0012996499999644584,5.337899983715033e-05,0.003155501000037475,0.00016429537379983257,0.00012815237439374862,0.032859074759966515,1.14263958169361,0.004346177091791105,False,nan,nan,False,False
86,0.43,0.005035997000049974,0.0016192479997698683,1.1510999684105627e-05,0.0016560069998377003,0.001158405999376555,5.161699937161757e-05,0.0032499070002813824,0.00018626116732783045,0.0001513147696212613,0.03725223346556609,1.2603891112872376,0.004718073641947454,False,nan,nan,False,False
87,0.435,0.004980622999937623,0.0015145120005399804,8.845999218465295e-06,0.0010567560002527898,0.0010653019999153912,5.100599992147181e-05,0.0033432009995522094,0.0001771781843604145,0.00014286427072580596,0.0354356368720829,0.6941357122072999,0.0034880143210581126,False,nan,nan,False,False
88,0.44,0.004969372000232397,0.0017904579999594716,8.785999852989335e-06,0.002091891999953077,0.0013505859997167136,5.2036999477422796e-05,0.0031088019995877403,0.00020024212396795084,0.00014648049862615756,0.040048424793590165,2.432172818381611,0.0031458850610520455,False,nan,nan,False,False
89,0.445,0.005009657000300649,0.0015913259994704276,8.586000149080064e-06,0.0009722369995870395,0.0011385389998395112,5.237800087343203e-05,0.0032853530001375475,0.00019328026387004468,0.00014573957328020866,0.038656052774008944,0.6287633090363401,0.003189936091603328,False,nan,nan,False,False
90,0.45,0.004987946999790438,0.0016762039995228406,8.596000043326057e-06,0.002062026000203332,0.001228297000125167,5.198700000619283e-05,0.0032103630001074634,0.00018772896628833287,0.0001471917925867912,0.03754579325766657,0.9045132662768548,0.0038682349652201485,False,nan,nan,False,False
91,0.455,0.004996832999495382,0.001679581000644248,8.646000424050726e-06,0.0009499360003246693,0.0011113789996670675,6.484099958470324e-05,0.0031627029993614997,0.00018374266660515378,0.00015017032568322088,0.03674853332103075,1.2274504203692096,0.003520111461276206,False,nan,nan,False,False
92,0.46,0.004928555999867967,0.0015450990003955667,6.643000233452767e-06,0.0019896499998139916,0.0011035039997295826,4.94719997732318e-05,0.0033615749998716637,0.0002129456413299339,0.000160802458417042,0.042589128265986785,2.36556814504031,0.00453883038956212,False,nan,nan,False,False
93,0.465,0.0049768260005294,0.0013166310000087833,6.252000275708269e-06,0.0008426149997831089,0.0009422120001545409,4.678799996327143e-05,0.003625579999606998,0.00020169348011989663,0.00015794794148447282,0.040338696023979326,0.9422515227037073,0.0044250358788421,False,nan,nan,False,False
94,0.47000000000000003,0.00500297500002489,0.001396050000039395,5.810999937239103e-06,0.001955886999894574,0.001039765000314219,4.516399985732278e-05,0.003529259000060847,0.00018593033084100596,0.00015038743068138854,0.03718606616820119,1.318933509389888,0.004096467835862154,False,nan,nan,False,False
95,0.47500000000000003,0.004991402000086964,0.0012696249996224651,5.640000381390564e-06,0.0008465829996566754,0.0009192490006171283,4.5185000089986715e-05,0.0036698220001198933,0.0001928048726793948,0.00015335590246150525,0.03856097453587896,1.2054079929434878,0.005426573483965752,False,nan,nan,False,False
96,0.48,0.004996382999706839,0.0014546200000040699,4.878999789070804e-06,0.0019694829998115893,0.001056185000379628,4.4081999476475175e-05,0.0034888640002463944,0.00019137451720345277,0.0001539550002237508,0.03827490344069055,0.6847331915780235,0.0064888302519796135,False,nan,nan,False,False
97,0.485,0.005008465000173601,0.0012317829996391083,5.0690005082287826e-06,0.0008581849997426616,0.0008884709995982121,4.451299992069835e-05,0.003706139999849256,0.00019474550475984145,0.0001570771686375045,0.03894910095196829,0.822147256504893,0.005621943506962477,False,nan,nan,False,False
98,0.49,0.005001763000109349,0.001406438999765669,5.5199998314492404e-06,0.001957890999619849,0.001022250999994867,4.257000000507105e-05,0.003513550000207033,0.00021111678978632335,0.00016905282166231506,0.04222335795726467,1.4398002079747694,0.005813555998594796,False,nan,nan,False,False
99,0.495,0.004980842999430024,0.0012366520004434278,5.2699997468153015e-06,0.0008347700004378567,0.0008914770005503669,4.3090999497508164e-05,0.0037030339999546413,0.0002018942482555035,0.00016543534749994832,0.0403788496511007,1.1621696483359885,0.006307164330445174,False,nan,nan,False,False
100,0.5,0.005002914000215242,0.0013770750001640408,4.918999366054777e-06,0.0019535920000635087,0.0010142860000996734,4.292999983590562e-05,0.0035632830004033167,0.00019744960114656833,0.00013159827301487386,0.03948992022931366,3.2720488787652613,0.004993905977476745,False,nan,nan,False,False
101,0.505,0.005004138000003877,0.0012390270003379555,5.249999958323315e-06,0.0008546879998903023,0.0008980390002761851,4.276999970898032e-05,0.003693194999868865,0.00019547767332032048,0.0001380067381459353,0.0390955346640641,0.7534308467339396,0.004578349682023303,False,nan,nan,False,False
102,0.51,0.004991822999727447,0.001340066000011575,5.109000085212756e-06,0.001888140000119165,0.0009382040007039905,5.314999998518033e-05,0.0036157810000077006,0.00019503971155277166,0.00014564626875757808,0.03900794231055433,0.9240039927018271,0.004397746743932446,False,nan,nan,False,False
103,0.515,0.005025698000281409,0.0014309260004665703,5.230000169831328e-06,0.0007884639999247156,0.0010571669999990263,4.770899977302179e-05,0.0035063759996774024,0.0002166086982500645,0.00017559805541290181,0.043321739650012896,2.6787032861622553,0.005550649202049469,False,nan,nan,False,False
104,0.52,0.0050181530004920205,0.0014692469994770363,7.0139994932105765e-06,0.0018915270002253237,0.0010679269998945529,4.572600028041052e-05,0.0034442610003679874,0.00021128123314670608,0.0001685296987227493,0.04225624662934122,1.147938966063132,0.0055638915440655535,False,nan,nan,False,False
105,0.525,0.004991472999790858,0.0014616440003010212,6.281999958446249e-06,0.0006804619997637928,0.0010778860005302704,5.0494000788603444e-05,0.0034584259992698207,0.00019922395505672741,0.00016384857098803384,0.039844791011345485,0.7729201575686372,0.0065061776416156965,False,nan,nan,False,False
106,0.53,0.004991202999917732,0.001432539000234101,5.961000169918407e-06,0.0017484399995737476,0.001062466000803397,4.760899992106715e-05,0.0034987519993592286,0.0003228190997098106,0.00024257000270058054,0.06456381994196213,5.727644774416069,0.006357435282809653,False,nan,nan,False,False
107,0.535,0.005014516999835905,0.0013945769997008028,7.204000212368555e-06,0.0006861430001663393,0.0010012620004999917,5.0814999667636584e-05,0.0035224770008426276,0.00030093756825116816,0.0002305241796345418,0.06018751365023363,1.0997074850952695,0.006546878975756585,False,nan,nan,False,False
108,0.54,0.004986113000086334,0.0015287779997379403,6.131999725766946e-06,0.0018031720001090434,0.0011409130001993617,5.671600047207903e-05,0.0034037550003631623,0.00027775753031008415,0.00021722497551512118,0.05555150606201684,1.2017987089377025,0.007842951499721982,False,nan,nan,False,False
109,0.545,0.005007183000088844,0.0013683580000360962,6.281999958446249e-06,0.0006618080005864613,0.0009110330001931288,4.525399981503142e-05,0.0035535150000214344,0.000255772885465062,0.00020260829324764747,0.0511545770930124,1.0521840495349248,0.009707897794399923,False,nan,nan,False,False
110,0.55,0.005002062000130536,0.0014162890001898631,8.275000254798215e-06,0.001701642000625725,0.0010523869996177382,4.717800038633868e-05,0.0035047829996983637,0.0002302046031454018,0.00018717615968824857,0.04604092062908036,1.4510299880641289,0.0072980359084450185,False,nan,nan,False,False
111,0.555,0.004994058000193036,0.0013637399997605826,6.281999958446249e-06,0.000590433000070334,0.0009111640001719934,5.475300076795975e-05,0.003567611999642395,0.0002613668484521606,0.000208328910165615,0.052273369690432114,1.8854306557724223,0.008378917805807306,False,nan,nan,False,False
112,0.56,0.005004698999982793,0.0014078019994485658,8.43599991640076e-06,0.0016708839993953006,0.0010514159994272632,4.658699981519021e-05,0.003507999000248674,0.00023353647370941824,0.00018941182279738102,0.04670729474188365,2.079276416015883,0.007477806740756035,False,nan,nan,False,False
113,0.5650000000000001,0.004989789999854111,0.0013670560001628473,9.148000572167803e-06,0.001087644000108412,0.0009145100002569961,4.666699987865286e-05,0.003563282999493822,0.00031009336215379166,0.0002443662602550495,0.06201867243075832,3.8864258407234176,0.005294751436534449,False,nan,nan,False,False
114,0.5700000000000001,0.005100205999951868,0.0012218949996167794,6.491999556601513e-06,3.7740000152552966e-05,0.0008778920000622747,4.5865999709349126e-05,0.0036054720003448892,0.0002821461244161202,0.00022589677827592695,0.05642922488322404,1.5705380947544474,0.006264686628611242,False,nan,nan,False,False
115,0.5750000000000001,0.004900713999631989,0.0013617360000353074,6.161999408504926e-06,0.0010290139998687664,0.0009139089997916017,4.680800066125812e-05,0.0035676710003826884,0.0002508067746705484,0.00020170831402831842,0.05016135493410968,1.7900189795500876,0.007625582153603272,False,nan,nan,False,False
116,0.58,0.004997645000003104,0.0013213610000093468,5.851000423717778e-06,0.0015636340003766236,0.000945497999964573,4.5414999476633966e-05,0.003607775000091351,0.0003295931791178143,0.0002642683795628805,0.06591863582356285,3.663459583485981,0.0076014118043581476,False,nan,nan,False,False
117,0.585,0.005002834000151779,0.0012725200003842474,6.082000254536979e-06,0.0009031280005729059,0.0009090800003832555,4.6988000576675404e-05,0.0036512469996523578,0.0003018275080589219,0.0002425913643907319,0.06036550161178439,1.3720931294657985,0.007076967484789591,False,nan,nan,False,False
118,0.59,0.00499118300012924,0.0013842380003552535,6.111999937274959e-06,0.001994137999645318,0.0010367090008003288,4.5775999751640484e-05,0.003552893999767548,0.00025564563030052416,0.00020346945426675915,0.051129126060104835,2.673616713788609,0.00706003362666012,False,nan,nan,False,False
119,0.595,0.0050068219998138375,0.0012619400004041381,5.910999789193738e-06,0.0008046040002227528,0.0009121150005739764,4.5605000195791945e-05,0.0036636599998018937,0.0003081237062158033,0.00024577140600733115,0.06162474124316064,2.914419682259783,0.00753110199642321,False,nan,nan,False,False
120,0.6,0.004995821999727923,0.0013566560000981553,6.240999937290326e-06,0.0018710190006459015,0.0010003400002460694,4.507399989961414e-05,0.003574123000362306,0.00027974664317907607,0.00021988312959898512,0.05594932863581521,1.727472068506235,0.007810482787974709,False,nan,nan,False,False
121,0.605,0.0049998580007013516,0.0012493159993027803,6.102000043028966e-06,0.0007360460003837943,0.0009044710004673107,4.5494999540096615e-05,0.003680542000438436,0.0003356573432871474,0.00028190872070162857,0.06713146865742949,2.5246738048434905,0.006072962162303547,False,nan,nan,False,False
122,0.61,0.004998116000024311,0.0013463569994200952,5.840999619977083e-06,0.0018533649999881163,0.0009868059996733791,4.641699979401892e-05,0.0035907350002162275,0.00029724393274860225,0.00023813500942940625,0.05944878654972045,1.7868714008498583,0.0063769017161116395,False,nan,nan,False,False
123,0.615,0.005008544999327569,0.0012455690002752817,6.2609997257823125e-06,0.000716630000169971,0.0009005440006149001,4.578599964588648e-05,0.0036836780000157887,0.0003742441553268661,0.0003027362682821416,0.07484883106537321,3.3160293810573234,0.006434381090372159,False,nan,nan,False,False
124,0.62,0.004999779000172566,0.001356806999865512,6.061000021873042e-06,0.0018081709995385609,0.0010119520002263016,4.5464999857358634e-05,0.003574604000277759,0.0003304287831220353,0.00026449554857112256,0.06608575662440706,2.078548502358498,0.007125620392885898,False,nan,nan,False,False
125,0.625,0.005010890000448853,0.001318255000114732,6.461999873863533e-06,0.001088595000510395,0.0009400879998793243,6.972000028326875e-05,0.0036097989996051183,0.0003235189215311338,0.00026060843338371895,0.06470378430622677,1.881973573146978,0.005636306261162275,False,nan,nan,False,False
126,0.63,0.004999817999305378,0.0013176840002415702,6.251000741031021e-06,0.0018437469998389133,0.0009333749994766549,4.4674000491795596e-05,0.003607896999710647,0.0003682074913906504,0.0002834588781562867,0.07364149827813009,4.552297886294393,0.007088465428424165,False,nan,nan,False,False
127,0.635,0.005002084000807372,0.0009856619999482064,5.3700005082646385e-06,0.000679100000525068,0.000658901999486261,3.8962999497016426e-05,0.003910802999598673,0.00035506065428840273,0.00028049974406029994,0.07101213085768054,1.655054498615698,0.008115676006690817,False,nan,nan,False,False
128,0.64,0.004949784999553231,0.0010528490001888713,4.859000000578817e-06,0.0016957309999270365,0.0007267090004461352,4.737800009024795e-05,0.003916361999472429,0.00035007044069555325,0.00027780338337829837,0.07001408813911066,3.785758301632285,0.00848708500345235,False,nan,nan,False,False
129,0.645,0.005049370999586245,0.0014340820007419097,6.371999916154891e-06,0.0006338650000543566,0.0009620190003261087,4.8410000090370886e-05,0.003483693999442039,0.00035382950087555116,0.0002826721629781081,0.07076590017511024,2.103749073234873,0.010318672649287344,False,nan,nan,False,False
130,0.65,0.005073617000562081,0.0012707269997918047,6.65199968352681e-06,3.793099949689349e-05,0.0009099720000449452,4.692800030170474e-05,0.003573150999727659,0.0003764021362254495,0.0003042838419005374,0.0752804272450899,1.3519238770234294,0.008942110058370426,False,nan,nan,False,False
131,0.655,0.004919850000078441,0.001310659999944619,6.00099974690238e-06,0.0005847639995408827,0.000920923000194307,4.7669000196037814e-05,0.0036076659998798277,0.0003724409201671865,0.00027650951879152827,0.07448818403343731,4.776228574610608,0.009555430661157768,False,nan,nan,False,False
132,0.66,0.005068296999525046,0.001204692000101204,6.222000592970289e-06,3.7480000173673034e-05,0.0008637549999548355,4.5525000132329296e-05,0.0036515179999696556,0.0003776790486984627,0.00029153216164445645,0.07553580973969252,1.869924880915233,0.009734902868550282,False,nan,nan,False,False
133,0.665,0.004928594999910274,0.0013824150000800728,6.090999704611022e-06,0.0006140880004750215,0.0009261519999199663,4.6397000005526934e-05,0.0035423340004854253,0.00039802860206474585,0.0003171017831558988,0.07960572041294915,2.60982522975548,0.00934852820520728,False,nan,nan,False,False
134,0.67,0.005000891000236152,0.001421087000380794,8.185000297089573e-06,0.0017366669999319129,0.0010515860003579292,4.5886000407335814e-05,0.0035033610001846682,0.0003953420288265584,0.000302732348747543,0.0790684057653117,4.249995536225958,0.009499918438120961,False,nan,nan,False,False
135,0.675,0.004998205999982019,0.0014140840003165067,6.211999789229594e-06,0.0005955240003459039,0.0009217840006385813,4.716800049209269e-05,0.0035124079995512147,0.00039970045417071385,0.00031391619426873827,0.07994009083414277,1.9890774603696906,0.010129772533460129,False,nan,nan,False,False
136,0.68,0.0049973940003837924,0.001321330999417114,5.881000106455758e-06,0.0017164490000141086,0.0009761749997778679,4.589499985740986e-05,0.003610311000556976,0.0004297125626296612,0.00033817837634666104,0.08594251252593224,4.137028520246119,0.011554532475794252,False,nan,nan,False,False
137,0.685,0.0050012519996016636,0.001368197999909171,5.960999260423705e-06,0.000604910999754793,0.000904641000488482,4.7147999794106e-05,0.003564274999916961,0.0004102609190044898,0.0003236472914039043,0.08205218380089797,2.109871227915084,0.010413448557425294,False,nan,nan,False,False
138,0.6900000000000001,0.005011690999708662,0.0013838980003129109,9.227000191458501e-06,0.0014726540002811817,0.001029875999847718,4.6827000005578157e-05,0.0035304610000821413,0.0004374811230588284,0.0003507377567943436,0.08749622461176568,1.5367358769855017,0.010132359006621237,False,nan,nan,False,False
139,0.6950000000000001,0.004989730000488635,0.0013754120000157855,6.231999577721581e-06,0.001102391999665997,0.0009207009998135618,4.720800006907666e-05,0.0035570609998103464,0.0004226357779802043,0.00032047206847639516,0.08452715559604085,3.954729478674244,0.011764084046789264,False,nan,nan,False,False
140,0.7000000000000001,0.005007503000342695,0.0013185759999032598,5.870999302715063e-06,0.001541491999887512,0.0009779189995242632,4.655700013245223e-05,0.0035950020001109806,0.0004280252459707879,0.0003320106344645258,0.08560504919415757,2.5384851239551818,0.01273615663117663,False,nan,nan,False,False
141,0.705,0.004986403999282629,0.001273922000109451,6.45300042378949e-06,0.000978670000222337,0.000919178999538417,4.7337999603769276e-05,0.0036529610006255098,0.0004347447218884277,0.00033169094052831055,0.08694894437768554,1.3016660430407287,0.011545899295905349,False,nan,nan,False,False
142,0.71,0.0049954010000874405,0.0013124940005582175,5.91100069868844e-06,0.0020490309998422163,0.0009296079997511697,5.569399945670739e-05,0.003625057999670389,0.0004507724987855875,0.00034914710266362604,0.09015449975711749,3.228753541868038,0.01241784651604891,False,nan,nan,False,False
143,0.715,0.005010048000258394,0.001547804000438191,5.910999789193738e-06,0.00095159899956343,0.0011036340001737699,5.02540005982155e-05,0.003374980999979016,0.000434313180234032,0.0003289931992036593,0.0868626360468064,3.079425305169187,0.013548750431591554,False,nan,nan,False,False
144,0.72,0.004992514999685227,0.0013391440006671473,5.881000106455758e-06,0.0020127539992245147,0.0009561779997966369,4.630599960364634e-05,0.0035919259998991038,0.0004690198760646208,0.0003676398530846675,0.09380397521292416,2.574297426225933,0.01245199048547088,False,nan,nan,False,False
145,0.725,0.005002614000659378,0.0012520109994511586,6.1920000007376075e-06,0.0009758339992913534,0.0009057939996637288,4.746800004795659e-05,0.0036743509999723756,0.00043817013497743205,0.0003294347743416897,0.08763402699548642,2.6544321519444045,0.013828854042758406,False,nan,nan,False,False
146,0.73,0.00499565099926258,0.0013701520001632161,5.871000212209765e-06,0.0020462659995246213,0.0010238140002911678,4.57559999631485e-05,0.0035694440002771444,0.0004756808126600679,0.0003695283696584623,0.09513616253201358,3.0060752224289975,0.01506495984425601,False,nan,nan,False,False
147,0.735,0.005011391000152798,0.0012464000001273234,6.061000021873042e-06,0.0009613579995857435,0.0009027780006363173,4.7419000111403875e-05,0.0036742009997396963,0.0004435666588581854,0.00033163922556603146,0.08871333177163708,2.4112096722798744,0.01372323877596058,False,nan,nan,False,False
148,0.74,0.005004818000088562,0.0013528890003726701,6.020999535394367e-06,0.0014765910000278382,0.000968270000157645,4.626699956133962e-05,0.0035687539993887185,0.0005009387537435468,0.00039160602039968635,0.10018775074870935,2.6999747214346637,0.01231863074204118,False,nan,nan,False,False
149,0.745,0.0049946589997489355,0.0013708840006074752,5.8809991969610564e-06,0.0009700739992695162,0.0009363310000480851,4.7639000513299834e-05,0.003556158999344916,0.000453894048677966,0.000334873479673513,0.09077880973559319,2.3998957421503917,0.013605915527100242,False,nan,nan,False,False
150,0.75,0.004995962000066356,0.0013738590005232254,5.840999619977083e-06,0.0020406149997143075,0.001009839000289503,4.59060001958278e-05,0.003557390999958443,0.0005032823355021272,0.00038126232750355883,0.10065646710042546,2.636285114338247,0.013819101297242708,False,nan,nan,False,False
151,0.755,0.005002554000384407,0.0012618290002137655,5.86099940846907e-06,0.0009957930005839444,0.000902408000001742,4.8892000449995976e-05,0.0036690910001198063,0.00045947816930257476,0.0003300116635715114,0.09189563386051496,2.257426057306584,0.014692165708405043,False,nan,nan,False,False
152,0.76,0.005013263999899209,0.001506816999608418,7.012999958533328e-06,0.002033923999988474,0.0011524350002218853,4.3963000280200504e-05,0.003411870000491035,0.000484578898896979,0.0003648556376422661,0.09691577977939579,1.89472115081801,0.013789908355774073,False,nan,nan,False,False
153,0.765,0.004998626999622502,0.001251289000720135,6.03099942964036e-06,0.0009792709997782367,0.0009028180002133013,4.746899958263384e-05,0.003660845000013069,0.0004386236021557914,0.00029805016792850683,0.08772472043115827,2.824546975782534,0.013204645156039899,False,nan,nan,False,False
154,0.77,0.00497840800017002,0.0013485220006259624,5.671000508300494e-06,0.0020309579995227978,0.0009975449993362417,4.51340001745848e-05,0.0035895409992008354,0.0005298795637568517,0.0004034119562517655,0.10597591275137032,4.367134521242591,0.013281484876074149,False,nan,nan,False,False
155,0.775,0.005009135999898717,0.001264303999960248,6.00200019107433e-06,0.0009727079996082466,0.0009181169998555561,4.681799964600941e-05,0.00365696900007606,0.0004990277842221087,0.00036584749593790433,0.09980555684442173,1.5265274349838422,0.01453123218405916,False,nan,nan,False,False
156,0.78,0.004988889000742347,0.0013807319992338307,5.640999916067813e-06,0.0020250570005373447,0.0010250469995298772,4.5013999624643475e-05,0.0035580330004449934,0.00045342457026212486,0.0003097985416430798,0.09068491405242496,2.5793481248711037,0.014773085288004488,False,nan,nan,False,False
157,0.785,0.00501137999981438,0.0012603969998963294,5.8809991969610564e-06,0.0009632110004531569,0.0009134479996646405,4.777899994223844e-05,0.0036611759996958426,0.0005429748992496621,0.00041431491867580366,0.10859497984993242,4.297448004880163,0.013484675995867636,False,nan,nan,False,False
158,0.79,0.0049893300001713214,0.0013428909996946459,5.711000085284468e-06,0.002042789999904926,0.0010000599995692028,4.4673000047623646e-05,0.003594431000237819,0.0005064260118892505,0.00036896267451249406,0.10128520237785008,1.8953443039914242,0.012702982786016838,False,nan,nan,False,False
159,0.795,0.005008033999729378,0.0012535939995359513,6.021000444889069e-06,0.0009768669997356483,0.0009053829999174923,4.816999989998294e-05,0.0036749020000570454,0.00046110174737197177,0.0003103899896744586,0.09222034947439435,2.5866755702988025,0.012593984528775972,False,nan,nan,False,False
160,0.8,0.005000940999707382,0.001321060000009311,6.101999133534264e-06,0.002045805999841832,0.0009789509995243861,4.687699947680812e-05,0.0036094189999857917,0.0005552226125477257,0.0004178123981649208,0.11104452250954515,4.513788706256233,0.014086788919939105,False,nan,nan,False,False
161,0.805,0.005001843000172812,0.0012585730000864714,5.821000740979798e-06,0.0009585429997969186,0.0009006039999803761,4.7788999836484436e-05,0.0036669959999926505,0.0005212804390280795,0.00037648440919423607,0.10425608780561588,1.6996656498989815,0.012639800526806771,False,nan,nan,False,False
162,0.81,0.004992735000087123,0.0016432229995189118,5.680999493051786e-06,0.0020487499996306724,0.001255436999599624,4.731799981527729e-05,0.0032946999999694526,0.0005194451570478175,0.00033211135307598854,0.10388903140956349,5.114880055626965,0.012802846538063302,False,nan,nan,False,False
163,0.8150000000000001,0.00500745299996197,0.0012789219999831403,5.769999916083179e-06,0.0009727990000101272,0.0009232459997292608,4.619599985744571e-05,0.0036533410002448363,0.0005277263555719953,0.00036568594481684643,0.10554527111439906,3.2279879012475976,0.015029064808844354,False,nan,nan,False,False
164,0.8200000000000001,0.005015468000237888,0.001532135000161361,7.30299962015124e-06,0.002071062000140955,0.0011713310004779487,4.556499970931327e-05,0.0033766139995350386,0.0005425680818888949,0.0003895785874032916,0.10851361637777898,2.0292604339991507,0.014445414556496266,False,nan,nan,False,False
165,0.8250000000000001,0.004981655999472423,0.0012655660002565128,5.740000233345199e-06,0.0009199910000461387,0.0009220140000252286,4.592599998431979e-05,0.003658540999822435,0.0005940729439618917,0.0004190212924370107,0.11881458879237834,4.771544079713045,0.012125589657604503,False,nan,nan,False,False
166,0.8300000000000001,0.00499220400070044,0.0016477509998367168,5.580999641097151e-06,0.002041236999502871,0.0012549470002340968,5.624499954137718e-05,0.00329230599982111,0.0005842675516576853,0.0004278875772152188,0.11685351033153706,3.683304188565234,0.014717390811984697,False,nan,nan,False,False
167,0.835,0.005014756999116798,0.0016624180007056566,5.990999852656387e-06,0.0009575610001775203,0.0011453519991846406,4.6457000280497596e-05,0.0032633119999445626,0.0005621725119580996,0.00038229392488659236,0.11243450239161991,3.547646310987026,0.014688389540677431,False,nan,nan,False,False
168,0.84,0.004998827000235906,0.0013849900005880045,6.1920000007376075e-06,0.0014878419997330639,0.0010231329997623106,4.59060001958278e-05,0.0035382649994062376,0.000598709812847483,0.00043519482833733435,0.11974196256949661,4.504267813225895,0.014399778932785833,False,nan,nan,False,False
169,0.845,0.004996011000002909,0.001266519000637345,6.031000339135062e-06,0.0009149400002570474,0.0009187780005959212,4.8320000132662244e-05,0.00365985299958993,0.0005849292424068982,0.0004139499098354269,0.11698584848137965,1.5635217206847443,0.013141788301945779,False,nan,nan,False,False
170,0.85,0.004997445000299194,0.0013374709997151513,5.631000021821819e-06,0.0020421579993126215,0.0009614680002414389,4.533499941317132e-05,0.003597877000174776,0.0006736435934754683,0.0005068227949427111,0.13472871869509365,6.063315822249144,0.013904721370954871,False,nan,nan,False,False
171,0.855,0.005015026999899419,0.0013743600002271705,6.421999387384858e-06,0.0009903019999910612,0.0009763660000317032,4.8692000746086705e-05,0.0035477439996611793,0.0006399508530312879,0.0004712014525462948,0.1279901706062576,2.4590327814783612,0.014286743618280548,False,nan,nan,False,False
172,0.86,0.004994980000446958,0.0014307049996205023,6.62200000078883e-06,0.002077463999739848,0.001052588000675314,4.6827999540255405e-05,0.003491980000035255,0.000642603669633242,0.00046999738526068945,0.1285207339266484,3.965361099357544,0.01682276064588566,False,nan,nan,False,False
173,0.865,0.005001561999961268,0.001390499999615713,6.281000423769001e-06,0.0009590930003469111,0.0009991480001190212,4.702800015365938e-05,0.0035314240003572195,0.0006471957887355547,0.0004737511699781866,0.12943915774711093,4.013296727719238,0.017005904004922166,False,nan,nan,False,False
174,0.87,0.004994348999389331,0.0015815470005691168,6.092000148782972e-06,0.0020783760000995244,0.0011792040004365845,5.068500013294397e-05,0.003336488999593712,0.0006551504884311781,0.00048027849831801164,0.1310300976862356,3.925415629838874,0.015038700654782987,False,nan,nan,False,False
175,0.875,0.0049903210001502885,0.0012689830000454094,6.182000106491614e-06,0.0009893599999486469,0.0009103020001930417,4.782899941346841e-05,0.0036692809999294695,0.0006593255479274143,0.0004841811680115424,0.13186510958548286,3.6545040514350737,0.01637211121432155,False,nan,nan,False,False
176,0.88,0.005021308999857865,0.001514332000624563,7.022999852779321e-06,0.002069539000331133,0.0011409340004320256,6.0151999605295714e-05,0.0033914910000021337,0.0006751217354261278,0.0004987159857196407,0.13502434708522557,3.6230923364737877,0.01931790222616459,False,nan,nan,False,False
177,0.885,0.004978449000191176,0.0012721490002149949,6.0720003602909856e-06,0.0009331750006822404,0.0009099720000449452,5.806800072605256e-05,0.0036598030001187,0.0006804526596563464,0.0004999541708096732,0.1360905319312693,4.180588100044556,0.016614100006469762,False,nan,nan,False,False
178,0.89,0.005005719999644498,0.0013632890004373621,5.750000127591193e-06,0.0020457059999898775,0.001008326000373927,4.4843000068794936e-05,0.0035616799996205373,0.0006836805563034926,0.0005069643124427587,0.13673611126069854,2.911695948278965,0.01569849963352834,False,nan,nan,False,False
179,0.895,0.005001903000447783,0.001273601000320923,6.141999620012939e-06,0.0009559569998600637,0.0009251299998140894,4.802999956154963e-05,0.00364739999986341,0.0007180835703358874,0.000520856587665923,0.1436167140671775,5.3626876211364305,0.017660417872976446,False,nan,nan,False,False
180,0.9,0.004993657000341045,0.0015602979992763721,5.541000064113177e-06,0.002041988999735622,0.0011926200004381826,4.516399985732278e-05,0.00337346800006344,0.0007081441912200322,0.0005205856112461306,0.14162883824400643,3.379117828643088,0.01801064212761066,False,nan,nan,False,False
181,0.905,0.005010378999941167,0.0013442929994198494,6.0409993238863535e-06,0.0009881979995043366,0.0009650140000303509,4.6226999984355643e-05,0.003587539000363904,0.0007028634515555726,0.0005120108321009474,0.14057269031111452,2.6359933361440997,0.017577956519257778,False,nan,nan,False,False
182,0.91,0.0050093259997083806,0.0013625080000565504,5.830000191053841e-06,0.0020323310000094352,0.001017964000311622,4.45139994553756e-05,0.0035473429998091888,0.0007739202571863168,0.0005742267927945667,0.15478405143726337,5.6281598421402155,0.01858628998377669,False,nan,nan,False,False
183,0.915,0.004981164000128047,0.0012614789993676823,5.761000466009136e-06,0.0009703140003693989,0.0008995620000860072,4.731799981527729e-05,0.003667618000690709,0.00075215694942043,0.000555691362454102,0.150431389884086,2.214998050239479,0.018998478152539515,False,nan,nan,False,False
184,0.92,0.005009147000237135,0.0013602229992102366,5.750999662268441e-06,0.0020617149993995554,0.0010137549998034956,4.3831999391841237e-05,0.0035605680004664464,0.0007574686323983967,0.0005447629954311835,0.15149372647967935,6.272542051354985,0.018274110620228195,False,nan,nan,False,False
185,0.925,0.0049921239997274824,0.001276938000046357,8.996999895316549e-06,0.0009638420006012893,0.0009076069991351687,4.556499970931327e-05,0.0036526300000332412,0.0007570247703513769,0.0005535396152550557,0.15140495407027538,2.83720689975481,0.01946583203852367,False,nan,nan,False,False
186,0.93,0.005006872000194562,0.0016047709996200865,5.569999302679207e-06,0.0014702190001116833,0.0012471419995563338,4.3029999687860254e-05,0.0033150179997392115,0.0007828575499244107,0.0005891779698818196,0.15657150998488212,3.2641156588046276,0.018185022572836024,False,nan,nan,False,False
187,0.935,0.0049946689996431815,0.0012538649998532492,8.195000191335566e-06,0.0009696930001155124,0.0009046610002769739,4.6037000174692366e-05,0.00367139500031044,0.0007713890521067545,0.0005399189615861869,0.1542778104213509,6.30242396411946,0.017880147703620872,False,nan,nan,False,False
188,0.9400000000000001,0.00499152399970626,0.001370923000649782,5.629999577649869e-06,0.0014876220002406626,0.0010145570004169713,4.3661999370669946e-05,0.003571838999960164,0.0007878958787121552,0.0005742762776980107,0.15757917574243105,3.6890017808288005,0.0197265138687711,False,nan,nan,False,False
189,0.9450000000000001,0.005018564000238257,0.0013568269996540039,6.563000169990119e-06,0.0009892699999909382,0.0009281049997298396,4.5234000026539434e-05,0.0035554380001485697,0.0007859497862966981,0.0005654394535542888,0.15718995725933962,2.740708785947325,0.019921650473136186,False,nan,nan,False,False
190,0.9500000000000001,0.004982145000212768,0.0013219619995652465,9.438000233785715e-06,0.0020228120001775096,0.0009790910007723141,4.5805999434378464e-05,0.0036142690005362965,0.000844142656898753,0.0006254560734609161,0.1688285313797506,5.980043408634246,0.0195726883424077,False,nan,nan,False,False
191,0.9550000000000001,0.005015599000216753,0.0012616789999810862,5.660999704559799e-06,0.0009670279996498721,0.000912065999727929,4.7278999772970565e-05,0.003657989999737765,0.0008267813255521055,0.0006081216505661674,0.16535626511042112,2.2663387341632846,0.019043942666585753,False,nan,nan,False,False
192,0.96,0.004990310999346548,0.0013867430006939685,1.15509992610896e-05,0.0020419279999259743,0.0009356589998787967,4.4393000280251727e-05,0.00354398699982994,0.0008576358933669585,0.0006299582973752701,0.17152717867339168,4.137972677168337,0.021505382788379882,False,nan,nan,False,False
193,0.965,0.005002113000045938,0.0012620400002560928,5.749999218096491e-06,0.0009788509996724315,0.0009075870002561715,4.814000021724496e-05,0.0036611360001188586,0.0008348898499029928,0.000614098804869144,0.16697796998059855,4.581039489558894,0.022747070489097816,False,nan,nan,False,False
194,0.97,0.004998326000531961,0.001384468999276578,5.420000888989307e-06,0.002043020000201068,0.001041979000547144,4.438300038600573e-05,0.0035442970001895446,0.0008542971874348429,0.0006279714516142735,0.17085943748696855,3.7087587568522347,0.022473677366487806,False,nan,nan,False,False
195,0.975,0.004999177999707172,0.0012920660001327633,1.1300999176455662e-05,0.0009424119998584501,0.0009286459999202634,4.5945999772811774e-05,0.0036374209994392004,0.0008563289943425093,0.0006327291284530809,0.17126579886850185,4.279326451136251,0.021749056181106726,False,nan,nan,False,False
196,0.98,0.004999458000384038,0.001306883999859565,5.820999831485096e-06,0.002047357999799715,0.0009564590000081807,5.4983000154607e-05,0.0036269920001359424,0.0008533007049504487,0.0006267385126261515,0.17066014099008972,3.1569556226550315,0.023246487902810604,False,nan,nan,False,False
197,0.985,0.005007803999433236,0.0013670660000570933,5.940999471931718e-06,0.0009825979996094247,0.0009347369996248744,4.69879996671807e-05,0.0035597470005086507,0.0008698930132773068,0.0006356661021708811,0.17397860265546133,5.91008854779824,0.023330448673176764,False,nan,nan,False,False
198,0.99,0.004996002000552835,0.001675371999226627,6.1920000007376075e-06,0.0020500030004768632,0.001270144999580225,3.639800070232013e-05,0.0032517210001969943,0.0008732220893185301,0.0006417565377333321,0.174644417863706,3.6088855009353282,0.02313116672692799,False,nan,nan,False,False
199,0.995,0.005002072999559459,0.0012700349998340243,5.931000487180427e-06,0.0009180460001516622,0.0009187380001094425,4.83899993923842e-05,0.0036543129999699886,0.0008578680032489875,0.0006299543381313878,0.1715736006497975,2.795334178000094,0.022381420533429185,False,nan,nan,False,False
200,1.0,0.004991773999790894,0.001380290000270179,5.620999218081124e-06,0.002039754000179528,0.0010035870000137947,5.032399985793745e-05,0.003553133999957936,0.0009248258473628792,0.0006701048617224741,0.18496516947257582,6.67916060208687,0.023013585323287424,False,nan,nan,False,False
201,1.0050000000000001,0.005009997999877669,0.0012810550006179255,5.8910000007017516e-06,0.0009834689999479451,0.0009284459993068594,4.448300023796037e-05,0.0036381629997777054,0.0009029702251927853,0.0006578914223648409,0.18059404503855708,3.693499745461648,0.022311172926906375,False,nan,nan,False,False
202,1.01,0.004987115000403719,0.0013581789999079774,5.691000296792481e-06,0.0020444519996090094,0.0010163309998461045,4.491399977268884e-05,0.0035765279999395716,0.0008762601256257132,0.0006453535414436698,0.17525202512514265,2.7656433587582825,0.024930654687096314,False,nan,nan,False,False
203,1.0150000000000001,0.005004577999898174,0.0012702650001301663,6.00099974690238e-06,0.0009184079999613459,0.0009215729996867594,4.8530999265494756e-05,0.003656998000224121,0.0009499688802779283,0.0006788791194670685,0.18999377605558565,6.389208658314787,0.02331480888629545,False,nan,nan,False,False
204,1.02,0.004995780999706767,0.0014072710000618827,5.711000085284468e-06,0.002039393000814016,0.0010610540002744528,4.4393000280251727e-05,0.0035296200003358535,0.0009277014963038593,0.0006698248146896528,0.18554029926077184,3.8836373625810072,0.022137258869931196,False,nan,nan,False,False
205,1.025,0.005007383000702248,0.0012652559998969082,5.34999981027795e-06,0.0009489849999226863,0.0009076670003196341,4.861100023845211e-05,0.0036604540000553243,0.0008862912703427016,0.0006468238888217822,0.17725825406854032,2.6434247466293455,0.02379388270795111,False,nan,nan,False,False
206,1.03,0.00499776499964355,0.001357557999654091,6.2219996834755875e-06,0.0020299550005802303,0.0010124740001629107,4.503499985730741e-05,0.0035716990005312255,0.0010607262260697906,0.0007703484468248476,0.2121452452139581,8.47619226759367,0.02415044017202196,False,nan,nan,False,False
207,1.035,0.005000801000278443,0.0013688389999515493,5.7309998737764545e-06,0.0009321830002591014,0.0009066849997907411,0.00016289399991364917,0.0035692639994522324,0.0010139769591631911,0.0007290194416440287,0.20279539183263823,2.4780480044856676,0.022955403658910124,False,nan,nan,False,False
208,1.04,0.005008123999687086,0.0013650219998453395,5.94100038142642e-06,0.0020373090001157834,0.001022292000016023,4.379199981485726e-05,0.0035727009999391157,0.0009597082169989452,0.0006892192670517388,0.19194164339978903,3.624421883483544,0.023693062222151524,False,nan,nan,False,False
209,1.045,0.005007243000363815,0.0012522209999588085,5.7309998737764545e-06,0.0009956209996744292,0.0009068359995580977,4.720799915958196e-05,0.003660534999653464,0.0009170396855423795,0.0006661995352326873,0.18340793710847592,1.884891438061842,0.026096692380504397,False,nan,nan,False,False
210,1.05,0.004980742999578069,0.0015711980004198267,5.691000296792481e-06,0.00203721899924858,0.001218649000293226,5.58339997951407e-05,0.0033623869994698907,0.001142049422048186,0.0008224185946640768,0.2284098844096372,9.090025327834912,0.025109960435940767,False,nan,nan,False,False
211,1.055,0.005008625000300526,0.0012742629996864707,1.1672000255202875e-05,0.0009454279997953563,0.0009177660003842902,4.681700011133216e-05,0.0036599040004148264,0.0010959445227591395,0.0007801726534606033,0.2191889045518279,1.9329273139655547,0.023983775079456062,False,nan,nan,False,False
212,1.06,0.005025216999456461,0.001527476000774186,7.323999852815177e-06,0.0020720749998872634,0.0011387889999241452,4.7499000174866524e-05,0.003373707999344333,0.0010274732527918709,0.0007251820016550264,0.20549465055837415,2.811589603112179,0.024836270903445045,False,nan,nan,False,False
213,1.065,0.004977026000233309,0.001381111999762652,6.663000021944754e-06,0.0010071630003949394,0.000988868999229453,4.69879996671807e-05,0.003539950000231329,0.0009706391441969568,0.0006960979977948352,0.19412782883939136,2.4091579435858548,0.028153008280164378,False,nan,nan,False,False
214,1.07,0.0049910830002772855,0.0013959799998701783,5.91100069868844e-06,0.0020707020003101206,0.0010378500001024804,4.5435000174620654e-05,0.0035374939998291666,0.001075935266397327,0.0007977828176931271,0.2151870532794654,5.350003951741227,0.02656251850113641,False,nan,nan,False,False
215,1.075,0.005010938999475911,0.0012902130001748446,5.900999894947745e-06,0.0009658560002208105,0.000942683000175748,4.7558999540342484e-05,0.0036391140001796884,0.0010087651151434245,0.0007256533976993489,0.2017530230286849,3.6175940323685887,0.02499630011169107,False,nan,nan,False,False
216,1.08,0.005004788000405824,0.0013972229999126284,5.740999768022448e-06,0.00206855699980224,0.0009469510005146731,4.5323999984248076e-05,0.0035161850000804407,0.0010049994657087987,0.0007197609264031476,0.20099989314175973,1.201567615170688,0.025582712373259913,False,nan,nan,False,False
217,1.085,0.004984150000382215,0.001288378999561246,7.603999620187096e-06,0.000979462000032072,0.0009133180001299479,4.652700044971425e-05,0.0036393849995874916,0.0010829338309810799,0.000782402361720641,0.21658676619621597,4.109545705232342,0.028087016551204866,False,nan,nan,False,False
218,1.09,0.0050032849994749995,0.0013524189998861402,5.6009994295891374e-06,0.0020546820005620248,0.0010099379996972857,4.3992999962938484e-05,0.0035714980003831442,0.0010276374734040775,0.0007235239652479339,0.2055274946808155,3.8667947592417664,0.027227445933821114,False,nan,nan,False,False
219,1.095,0.004999638999834133,0.0012739620005959296,5.580000106419902e-06,0.0009646040007282863,0.0009152010006800992,4.7558000005665235e-05,0.003655714999695192,0.0010676897394842223,0.0007808225802734218,0.21353794789684438,2.4264970421667167,0.024103145346036407,False,nan,nan,False,False
220,1.1,0.005002984999919136,0.0013379310003074352,6.051000127627049e-06,0.0020142559997111675,0.0009577609998814296,4.6707000365131535e-05,0.003589050999835308,0.0010144345317480861,0.0006908213100957107,0.20288690634961723,4.336839919482879,0.026061668872490198,False,nan,nan,False,False
221,1.105,0.00500737200036383,0.0012547469996206928,6.240999937290326e-06,0.0008054259997152258,0.0009050220005519805,4.6707000365131535e-05,0.003664802000457712,0.0010911718009516819,0.0007906730927644632,0.21823436019033637,4.4004849432392525,0.02808102198374443,False,nan,nan,False,False
222,1.11,0.004986844999621098,0.001587819000633317,6.0919992392882705e-06,0.001879604999885487,0.0012274649998289533,4.647699915949488e-05,0.003346516999954474,0.001037562873691687,0.0007186685272665017,0.20751257473833742,3.067375045451618,0.027789141034065025,False,nan,nan,False,False
223,1.115,0.005005449000236695,0.001249296000423783,5.871000212209765e-06,0.0006651739995504613,0.000903428999663447,4.6456999371002894e-05,0.003685922999466129,0.0011404827299481308,0.0008445197517296943,0.2280965459896261,5.127116218832415,0.0264425486871965,False,nan,nan,False,False
224,1.12,0.0050172119999842835,0.0014576860003217007,6.953000593057368e-06,0.001761482999427244,0.0010618549995342619,4.499399983615149e-05,0.0034633049999683863,0.0010907476201075486,0.0007811364208884577,0.21814952402150975,2.5936294676732157,0.029037292431222647,False,nan,nan,False,False
225,1.125,0.005006541000511788,0.002465511000082188,6.823000148870051e-06,0.0006552650002049631,0.0020459249999476015,4.820000049221562e-05,0.0035337069994056947,0.0010339206694504465,0.000713530071116136,0.2067841338900893,2.9153774997014112,0.030584500232452443,False,nan,nan,False,False
226,1.1300000000000001,0.006084186999942176,0.0016584509994572727,8.224999874073546e-06,0.00014667400046164403,0.001183894000860164,5.031399996369146e-05,0.0021596180004053167,0.0011778339035186877,0.0008622145240179419,0.23556678070373757,6.6362024219408005,0.029433430229663816,False,nan,nan,False,False
227,1.135,0.003891996999300318,0.0014138640008241055,6.00200019107433e-06,0.0008910560000003898,0.0009134880001511192,4.6367000322788954e-05,0.0035108849997413927,0.0011379638354767204,0.0008157033317522395,0.2275927670953441,1.954048329264197,0.028200711178774665,False,nan,nan,False,False
228,1.1400000000000001,0.004994810000425787,0.0013923529995736317,5.80100004299311e-06,0.0015549069994449383,0.001043289999870467,4.55959998362232e-05,0.0035458310003377846,0.0010699110537966943,0.0007401416602605924,0.21398221075933885,3.477638276082363,0.027580842642438416,False,nan,nan,False,False
229,1.145,0.005039323000346485,0.0016416189992014552,8.20600052975351e-06,0.0009045419992617099,0.0011999230000583339,5.7236999964516144e-05,0.003265997000198695,0.0011718516493817914,0.0008613731450049528,0.23437032987635828,5.089779844981501,0.029300855916775632,False,nan,nan,False,False
230,1.1500000000000001,0.004969380999682471,0.0013559159997384995,5.459999556478579e-06,0.0014184219999151537,0.0010134450003533857,4.477299989957828e-05,0.0035653570002978086,0.001120122449379499,0.000795785506229765,0.22402448987589982,2.79631417736239,0.028927797615880383,False,nan,nan,False,False
231,1.155,0.004982466999535973,0.0011863580002682284,5.300000339047983e-06,0.0008369050001419964,0.0008442890002697823,4.308100051275687e-05,0.0037366770002336125,0.0011093970695102912,0.0007814373976934991,0.22187941390205826,1.5518969705016858,0.027996613157292558,False,nan,nan,False,False
232,1.16,0.004965835000803054,0.0011829019995275303,3.667000783025287e-06,0.0018563419998827158,0.0008159360004356131,4.390199956105789e-05,0.0037975410004946752,0.0012197974935701742,0.000880509406254738,0.24395949871403488,6.4723498532343395,0.02995943345660561,False,nan,nan,False,False
233,1.165,0.00504698799977632,0.0012279749998924672,5.439999767986592e-06,0.0008357719998457469,0.0008860170000843937,4.355200053396402e-05,0.0036933969995516236,0.0011752090481609073,0.0008370949236384019,0.23504180963218146,2.983236855550821,0.02897600075927098,False,nan,nan,False,False
234,1.17,0.004987735999748111,0.0015609179999955813,4.749000254378188e-06,0.0019022570004381123,0.001208018999932392,4.640699989977293e-05,0.0034287409998796647,0.001114873836944815,0.0007835404392801341,0.22297476738896302,4.821769090327713,0.029755714863431697,False,nan,nan,False,False
235,1.175,0.005098773000099754,0.0011239019995628041,8.565999451093376e-06,0.0008350719999725698,0.0007568349992652657,5.232799958321266e-05,0.0037777340003231075,0.0011724535920067626,0.0008303965217476214,0.23449071840135252,5.038259287360003,0.030646839802360503,False,nan,nan,False,False
236,1.18,0.005019866999646183,0.0018927890005215886,9.106999641517177e-06,0.0014232510002329946,0.0014432689995373948,5.291799971018918e-05,0.0030296850000013364,0.001140348742087639,0.0007929258207119306,0.22806974841752778,4.296523971789405,0.030473984864602337,False,nan,nan,False,False
237,1.185,0.005039262000536837,0.0016507169993928983,9.36800006456906e-06,0.0009292679997088271,0.001038010999764083,5.915000019740546e-05,0.003196457000740338,0.0012050732843283157,0.0008696354410441896,0.24101465686566315,4.430702404322472,0.02898278860554415,False,nan,nan,False,False
238,1.19,0.004965264999555075,0.002157773999897472,9.047000276041217e-06,0.0019613180002124864,0.0015292589996533934,6.192599994392367e-05,0.0027280720005364856,0.0011607012332293244,0.0008129526931599431,0.23214024664586486,3.281101980792114,0.029684097544388967,False,nan,nan,False,False
239,1.195,0.005004096999982721,0.0016560760004722397,8.9169998318539e-06,0.0008475350005028304,0.0011883719998877496,5.13360000695684e-05,0.0031964569998308434,0.0012449761709516555,0.0009099692982344251,0.24899523419033107,4.004796544580207,0.030359913541942438,False,nan,nan,False,False
240,1.2,0.004969602000528539,0.0020290040001782472,9.207000402966514e-06,0.001970644999346405,0.0014979910001784447,9.699099973659031e-05,0.0028781619994333596,0.001186284897329087,0.0008349695960271613,0.2372569794658174,3.077545278807504,0.030182417073600646,False,nan,nan,False,False
241,1.205,0.005023773999710102,0.0016551850003452273,9.268000212614425e-06,0.0008349319996341364,0.0012132989995734533,5.209699975239346e-05,0.0032030389993451536,0.0012496061518747052,0.0009006889447398681,0.24992123037494102,3.6088455842371614,0.02806071473389894,False,nan,nan,False,False
242,1.21,0.004976524999619869,0.0018311840003661928,9.356999726151116e-06,0.001889712999400217,0.00134077700022317,6.903899975441163e-05,0.003125064000414568,0.0012037754032822006,0.0008428289906189552,0.2407550806564401,4.112339102294347,0.030152897090639275,False,nan,nan,False,False
243,1.215,0.005074098000477534,0.0018071989998134086,9.076999958779197e-06,0.0008098150001387694,0.0013696409996555303,6.992999988142401e-05,0.003014036000422493,0.0012939283018588512,0.0009318167121746598,0.25878566037177025,7.549488491027332,0.027925937352165222,False,nan,nan,False,False
244,1.22,0.004945947999658529,0.0017898169999170932,9.166999916487839e-06,0.0018801559999701567,0.0012721089997285162,6.543300060002366e-05,0.00310401400020055,0.0012649218071162996,0.0009041588364804929,0.2529843614232599,3.1082845847642138,0.02887801519576527,False,nan,nan,False,False
245,1.225,0.00501141099994129,0.0017769420001059189,9.246999979950488e-06,0.0006916129996170639,0.0013714940005229437,5.2487999710137956e-05,0.0030790270002398756,0.001241191955362992,0.0008892198536977723,0.24823839107259837,3.2726890337878425,0.029848876533147984,False,nan,nan,False,False
246,1.23,0.00497538300078304,0.0017348539995509782,9.377999958815053e-06,0.0018713400004344294,0.0012808250003217836,6.34989992249757e-05,0.0031218370004353346,0.0013697324897808062,0.0009854869370786237,0.2739464979561613,8.48456269488336,0.03059868251640149,False,nan,nan,False,False
247,1.235,0.004951317999257299,0.0015185190004558535,8.284999239549506e-06,0.0006090180004321155,0.001138569000431744,5.045500074629672e-05,0.003374299999450159,0.0013379468396858465,0.0009620969626894915,0.2675893679371693,2.716344963759168,0.029923630390212484,False,nan,nan,False,False
248,1.24,0.004996903000574093,0.001471892999688862,6.301999746938236e-06,0.0017811300003813813,0.001115476000450144,4.770899977302179e-05,0.003415516000131902,0.0013041844349550096,0.0009438538785044234,0.2608368869910019,3.8325764355723915,0.031929473832020126,False,nan,nan,False,False
249,1.245,0.00496508400010498,0.0014009799997438677,6.42200029687956e-06,0.0005513510004675481,0.0009308110002166359,4.885100042884005e-05,0.003532073999849672,0.0013392527428018387,0.0009568887110847496,0.2678505485603677,5.208110928339294,0.03315203126633995,False,nan,nan,False,False
250,1.25,0.00500313499924232,0.0014052880005692714,5.94100038142642e-06,0.001648192000175186,0.001032611000482575,4.708799951913534e-05,0.003516564999699767,0.0013452770985499078,0.0009739585208062354,0.26905541970998154,4.595130592773174,0.03403201187731145,False,nan,nan,False,False
251,1.2550000000000001,0.004996323000341363,0.001385610000397719,5.9809999584103934e-06,0.0004549309996946249,0.000919148999855679,4.697799977293471e-05,0.003540229999998701,0.0013343356258052994,0.0009640304799319703,0.26686712516105987,3.193744539082204,0.03270362645077353,False,nan,nan,False,False
252,1.26,0.004993776999981492,0.0013908809996792115,5.91100069868844e-06,0.001632471999982954,0.001044073000230128,4.530400019575609e-05,0.0035415020001892117,0.0014171763716622117,0.001039125588656896,0.28343527433244237,6.777086489861393,0.03439354474380323,False,nan,nan,False,False
253,1.2650000000000001,0.00500719299998309,0.0014434189997700742,6.301999746938236e-06,0.0004315469996072352,0.0009856429996943916,9.665000015957048e-05,0.0034683350004343083,0.0013973835729963135,0.0010217601520610305,0.2794767145992627,2.483886655365496,0.035044956602508025,False,nan,nan,False,False
254,1.27,0.004982125000424276,0.0014059289997021551,6.00099974690238e-06,0.001561758999741869,0.0010485709999557002,4.517499928624602e-05,0.0035345500000403263,0.0013748937049899081,0.0009930289826817363,0.27497874099798164,5.45020964779947,0.03700545610613722,False,nan,nan,False,False
255,1.2750000000000001,0.005012122999687563,0.0013567169999078033,6.131000191089697e-06,0.0009435440006200224,0.0009613769998395583,4.578599964588648e-05,0.0035775189999185386,0.0013915302781308178,0.0010134682711158416,0.27830605562616356,3.5917909103796686,0.03620306383263147,False,nan,nan,False,False
256,1.28,0.005007933000342746,0.0014464249998127343,6.492000466096215e-06,0.0015372540001408197,0.0010761020002973964,4.403299953992246e-05,0.003757906999453553,0.0014073331859519294,0.0010259436516281868,0.28146663719038595,4.244272431558893,0.03668327603237799,False,nan,nan,False,False
257,1.285,0.005290883999805374,0.0013824950001435354,6.822999239375349e-06,0.00015121300020837225,0.0010486910005056416,3.5787000342679676e-05,0.003242942999349907,0.001398471616343216,0.001017104024616744,0.27969432326864324,3.324794132943623,0.03619976926515202,False,nan,nan,False,False
258,1.29,0.004698364999967453,0.0013828659994032932,5.9710000641644e-06,0.0018976490000568447,0.0010249859997202293,4.7648999498051126e-05,0.003545479000422347,0.0014223447497403625,0.001036701539984983,0.28446894994807254,4.553273804785831,0.03858505024664868,False,nan,nan,False,False
259,1.295,0.00499831599972822,0.0012482239999371814,6.1920000007376075e-06,0.0007554920002803556,0.0009041599996635341,4.681700011133216e-05,0.003692244000376377,0.0014176156907498348,0.001033793131701202,0.28352313814996694,3.600517032574004,0.033309274552339826,False,nan,nan,False,False
260,1.3,0.005021519000365515,0.0014910079999026493,6.913000106578693e-06,0.0018895630000770325,0.0011372560002200771,4.509399968810612e-05,0.0034173100002590218,0.0014274718976177384,0.0010380243129772052,0.28549437952354767,4.029860389597233,0.035912400833144016,False,nan,nan,False,False
261,1.305,0.0049789499998951214,0.0012760660001731594,6.021999979566317e-06,0.0005163550003999262,0.0009026179995998973,4.657800036511617e-05,0.003652259999398666,0.001426474666125965,0.0010388879984408114,0.285294933225193,4.3840949916649725,0.036557610599045165,False,nan,nan,False,False
262,1.31,0.004995731999770214,0.001368197999909171,5.91100069868844e-06,0.0015213139995466918,0.0010233430002699606,4.5294000301510096e-05,0.003571367999938957,0.001448444464429522,0.0010576126849463005,0.28968889288590444,3.9152442039050857,0.037928311267622514,False,nan,nan,False,False
263,1.315,0.005012001000068267,0.0013078160000077332,5.9719995988416485e-06,0.0010124230002475088,0.0009150810001301579,4.641699979401892e-05,0.003616412000155833,0.0014305238113251702,0.0010392058262156563,0.28610476226503406,4.438983086868351,0.034981514415457785,False,nan,nan,False,False
264,1.32,0.004993137000383285,0.0015819779991943506,5.580000106419902e-06,0.0015263239993146271,0.001228307000019413,4.636699941329425e-05,0.003347058000144898,0.0014758072170981522,0.0010774019540422796,0.2951614434196304,5.382663942619828,0.03603457214635503,False,nan,nan,False,False
265,1.325,0.004996902999664599,0.001264303999960248,5.810999937239103e-06,0.0009197800000038114,0.0008989210000436287,7.182399986049859e-05,0.00366457200016157,0.0014534094897417386,0.0010594027660645253,0.29068189794834776,3.9828132330737667,0.03798043321078104,False,nan,nan,False,False
266,1.33,0.00499681299970689,0.00138765500014415,5.671000508300494e-06,0.0015076989993758616,0.0010340029994040378,4.565499966702191e-05,0.003548816000147781,0.0014815231043608964,0.001086164161225556,0.29630462087217924,3.025538273139394,0.0365366046446413,False,nan,nan,False,False
267,1.335,0.005007173000194598,0.0013176539996493375,6.401999598892871e-06,0.000916804000553384,0.0009434940002392977,4.898099996353267e-05,0.003611062000345555,0.001465882396787804,0.0010676958286025273,0.29317647935756075,5.261781355684594,0.037526466887610764,False,nan,nan,False,False
268,1.34,0.005000809999728517,0.0013446850007312605,6.051000127627049e-06,0.001492029000473849,0.0009412099998371559,4.6146000386215746e-05,0.003585012999792525,0.0014815103335507876,0.0010813846279932229,0.2963020667101575,3.811128844204199,0.03764585159051038,False,nan,nan,False,False
269,1.345,0.005001723000532365,0.001286085000174353,6.45199997961754e-06,0.0009254709993911092,0.0009328049991381704,4.69879996671807e-05,0.0036434419998840895,0.0014893493853160018,0.0010849465563175249,0.29786987706320034,5.368680682508714,0.03855664587877901,False,nan,nan,False,False
270,1.35,0.004996693000066443,0.0015817180001249653,5.820999831485096e-06,0.0014339910003400291,0.0012362010002107127,4.48239998149802e-05,0.0033488009994471213,0.0015070553531453068,0.0011005172372678812,0.30141107062906136,4.073539270330901,0.04015682621688577,False,nan,nan,False,False
271,1.355,0.0050022539999190485,0.0012560579998535104,5.8610003179637715e-06,0.0008190609996745479,0.000903609000488359,5.4721999731555115e-05,0.003673688999697333,0.0014793598899267356,0.0010789123617616324,0.29587197798534715,2.617770973514014,0.03778277578151196,False,nan,nan,False,False
272,1.36,0.005001611999432498,0.0012964840007043676,5.900999894947745e-06,0.0018811370000548777,0.0009246489998986362,4.4363000597513746e-05,0.003628335000030347,0.0015899227668185988,0.0011604131563663928,0.3179845533637198,7.655790964878309,0.038335308427948585,False,nan,nan,False,False
273,1.365,0.004995741000129783,0.0012657269999181153,6.152000423753634e-06,0.0007452529998772661,0.000907196000298427,4.519499998423271e-05,0.003687805000481603,0.0015551279791026604,0.001132579310458591,0.3110255958205321,2.7856963616935078,0.040250891120900474,False,nan,nan,False,False
274,1.37,0.005038561000219488,0.0014584370001102798,7.754000762361102e-06,0.001944986999660614,0.0010941260006802622,4.5214999772724696e-05,0.0034338710001975414,0.0015154858810938864,0.001108581386287331,0.30309717621877724,3.759082559072593,0.04163559915429155,False,nan,nan,False,False
275,1.375,0.004967347999809135,0.0012787610003215377,6.3520001276629046e-06,0.0006884269996589865,0.0009285760006605415,4.595600057655247e-05,0.0036439739997149445,0.0015572575160832961,0.0011296415902104472,0.3114515032166592,3.876606800273144,0.0401581867038725,False,nan,nan,False,False
276,1.3800000000000001,0.004991763999896648,0.0016240670001934632,5.280000550555997e-06,0.0017847469998741872,0.00126904300032038,5.581500045082066e-05,0.0033096280003519496,0.0015465827961493178,0.0011306490447156627,0.30931655922986356,3.9694732655242833,0.040438323309369244,False,nan,nan,False,False
277,1.385,0.005008435000490863,0.0012793420000889455,5.8910000007017516e-06,0.0006506469999294495,0.0009152120001090225,5.657600013364572e-05,0.0036564779993568663,0.0015322778768880356,0.0011131102176848203,0.3064555753776071,3.0342727040135995,0.04287703891946212,False,nan,nan,False,False
278,1.3900000000000001,0.005019415999413468,0.0015334570007325965,6.573000064236112e-06,0.0017854890002126922,0.0011579250003705965,4.421300036483444e-05,0.0033785969999371446,0.001605076251858078,0.0011821122225471725,0.3210152503716156,7.111121252199984,0.03920715091198664,False,nan,nan,False,False
279,1.395,0.004982757000107085,0.001403915000082634,5.851000423717778e-06,0.0006430020002881065,0.0009480730004725046,4.5685000259254593e-05,0.0035190799999327282,0.001578335401374551,0.0011550390850105976,0.3156670802749102,2.449915040351096,0.039350287975360436,False,nan,nan,False,False
280,1.4000000000000001,0.004991243000404211,0.0013687789996765787,5.601000339083839e-06,0.0016973239999060752,0.0009187369996652706,4.664700009016087e-05,0.0035620100006781286,0.0015473108177296276,0.001121644131984595,0.3094621635459255,4.739502031604884,0.03910729776471543,False,nan,nan,False,False
281,1.405,0.005002763999982562,0.0013923340002293116,6.001000656397082e-06,0.0005746349997934885,0.0009134779993473785,4.5746000068902504e-05,0.0035372129996176227,0.0015779688433206153,0.0011544572284614835,0.3155937686641231,5.040212538271232,0.040594666523000804,False,nan,nan,False,False
282,1.41,0.005081420999886177,0.0012002550001852796,5.951999810349662e-06,6.848799966974184e-05,0.0008613199997853371,4.596599956130376e-05,0.00365011499980028,0.001561684460003082,0.0011354192957831744,0.3123368920006164,2.512748482429153,0.04167845163536301,False,nan,nan,False,False
283,1.415,0.004920862000290072,0.0013676170001417631,5.820999831485096e-06,0.0004714110000350047,0.0009030479995999485,4.604600053426111e-05,0.003559935999874142,0.0016579832818677748,0.0012282036755344727,0.331596656373555,4.574203435854072,0.03968176862679953,False,nan,nan,False,False
284,1.42,0.0049935870001718285,0.0014324479998322204,5.4299998737405986e-06,0.001443969999854744,0.0010920220001935377,4.316099966672482e-05,0.0034969589996762807,0.0016079678999169266,0.001173678658107788,0.32159357998338534,2.8346210929202353,0.0433598966950431,False,nan,nan,False,False
285,1.425,0.004998586999136023,0.0014410740004677791,5.720999979530461e-06,0.0003108709997832193,0.0009160929994322942,7.228499998745974e-05,0.00348823199965409,0.0016246789406217405,0.0011897239819417676,0.32493578812434804,1.4978952981992244,0.04378315327346859,False,nan,nan,False,False
286,1.43,0.00499491900063731,0.0014540289994329214,5.309999323799275e-06,0.0014144750002742512,0.0011143640003865585,4.424199960340047e-05,0.003494073000183562,0.0016811678203216107,0.0012170495638920212,0.3362335640643221,4.113243741938741,0.04388993295586739,False,nan,nan,False,False
287,1.435,0.005022630999519606,0.0013857620006092475,5.871000212209765e-06,0.0003325609995954437,0.00091484099993977,4.7158000597846694e-05,0.0035390969997024513,0.0016590004207677445,0.0012118494967552872,0.33180008415354895,2.8020104601922498,0.04206072392452388,False,nan,nan,False,False
288,1.44,0.004990733000340697,0.0016581199997744989,5.740999768022448e-06,0.001498923000326613,0.0013127840002198354,4.441300006874371e-05,0.003265465999902517,0.0017233350408371842,0.0012683666083646676,0.3446670081674368,2.7098018397953076,0.04388968915903199,False,nan,nan,False,False
289,1.445,0.004994187999727728,0.0012969250001333421,5.990999852656387e-06,0.0009052420000443817,0.0009174860006169183,7.098299920471618e-05,0.003645597000286216,0.0016608768469249407,0.0012022865092545,0.3321753693849881,3.533881442830839,0.04560898172198651,False,nan,nan,False,False
290,1.45,0.005025747000217962,0.00156077900010132,6.461999873863533e-06,0.0015489769994019298,0.001197830000819522,4.471300053410232e-05,0.0033416779997423873,0.001788841677006798,0.001332492843372949,0.3577683354013596,6.304784565549639,0.04285104145424249,False,nan,nan,False,False
291,1.455,0.004972779000127048,0.001410767999914242,5.509999937203247e-06,0.0009099310000237892,0.0009239379996870412,4.681799964600941e-05,0.0035216349997426732,0.0017414798213459199,0.0012770505445579838,0.34829596426918397,2.6194504752940153,0.041705956171311565,False,nan,nan,False,False
292,1.46,0.005000258999643847,0.0013457760005621822,5.609999789157882e-06,0.0014940229993953835,0.001005058999908215,4.4112999603385106e-05,0.003586105999602296,0.0016786786570603383,0.0012033923419672542,0.33573573141206764,5.415079844550973,0.04441920556225698,False,nan,nan,False,False
293,1.465,0.0050014420003208215,0.001295201999710116,5.660999704559799e-06,0.0009406890003447188,0.0009181570003420347,6.467100047302665e-05,0.003634456000327191,0.001711463331455994,0.0012445744165444465,0.3422926662911988,3.2739472442064272,0.04630833087822862,False,nan,nan,False,False
294,1.47,0.004999638999834133,0.0013938359998064698,5.599999894911889e-06,0.0015390180005852017,0.001038761999552662,4.445300055522239e-05,0.0035347390003153123,0.0017080203774456737,0.0012208187871371248,0.34160407548913474,3.1213376564198296,0.04415922426399401,False,nan,nan,False,False
295,1.475,0.004999597999812977,0.001279752999835182,5.580000106419902e-06,0.000921902999834856,0.0008985810000012862,8.084099954430712e-05,0.003654954000012367,0.001734636801832715,0.001267519335442495,0.346927360366543,4.636621634927377,0.04120157199839573,False,nan,nan,False,False
296,1.48,0.005006430999856093,0.0013632190002681455,5.781000254501123e-06,0.0015086809999047546,0.001019686000290676,4.31910002589575e-05,0.0035598869999375893,0.0017206760408232636,0.0012392162688573995,0.3441352081646527,3.4664969029243213,0.04410169291385139,False,nan,nan,False,False
297,1.485,0.004992536000827386,0.0012840309991588583,5.509999937203247e-06,0.00092342700008885,0.0008989809994091047,9.03390000530635e-05,0.0036515070005407324,0.0017576612937678525,0.0012905747341489596,0.3515322587535705,4.13359902035165,0.04564347999995961,False,nan,nan,False,False
298,1.49,0.00500518899934832,0.0013650320006490801,6.232000487216283e-06,0.0015113959998416249,0.0010145770002054633,4.4473000343714375e-05,0.0035614189991974854,0.0017401029747660726,0.0012456887939789711,0.3480205949532145,5.24260546952485,0.04502421534068224,False,nan,nan,False,False
299,1.495,0.005001923000236275,0.0012965340001755976,6.1709997680736706e-06,0.0009606969997548731,0.0009243079994121217,6.220600062079029e-05,0.003625758999987738,0.0017560807529417195,0.0012785378805328582,0.3512161505883439,3.518186326773648,0.041991289123534344,False,nan,nan,False,False
300,1.5,0.004989107999790576,0.0015980280004441738,5.840999619977083e-06,0.0014909080000506947,0.0012465610006984207,4.437299958226504e-05,0.003340475999721093,0.0017789084562261782,0.0012713983645463514,0.3557816912452356,5.300497980071276,0.045899618402276327,False,nan,nan,False,False
301,1.5050000000000001,0.005011371000364306,0.0012879480000265175,6.5019994508475065e-06,0.0009378630002174759,0.0009147399996436434,7.115300013538217e-05,0.0036357779999889317,0.0017787966456191628,0.0012857943562993232,0.3557593291238325,2.8582950758357084,0.04687823153331613,False,nan,nan,False,False
302,1.51,0.004991193000023486,0.0013446639995891019,5.7099996411125176e-06,0.0015305420001823222,0.0010018430002673995,4.3200000618526246e-05,0.003586284999983036,0.0017929257397518107,0.0013235108776148245,0.3585851479503621,3.4630395090187274,0.047441747458576336,False,nan,nan,False,False
303,1.5150000000000001,0.005001130999517045,0.00130630200055748,5.840999619977083e-06,0.0009157819995380123,0.0009268029998565908,6.369899983837968e-05,0.003624878999289649,0.0017936643135318176,0.0012919510905408486,0.3587328627063635,4.782559743615355,0.04492880266078663,False,nan,nan,False,False
304,1.52,0.004997955000362708,0.0013629389995912788,5.590000000665896e-06,0.0014741560007678345,0.0010210689997620648,4.338100006862078e-05,0.003569274000255973,0.0018176384800057766,0.0013341768902013704,0.36352769600115536,5.573287000896256,0.04741885278945916,False,nan,nan,False,False
305,1.5250000000000001,0.0050022340001305565,0.0013490920000549522,5.821000740979798e-06,0.0009621190001780633,0.0009048219999385765,4.6316999942064285e-05,0.003585063999707927,0.0018056906019164466,0.0013112864069601514,0.36113812038328935,3.4345461480613375,0.04756008837058415,False,nan,nan,False,False
306,1.53,0.005004456999813556,0.0013446940001813346,5.690000762115233e-06,0.00152761599929363,0.0010032159998445422,4.4763999540009536e-05,0.003580716000215034,0.0018494557869285831,0.0013653571706563825,0.36989115738571665,4.552360012501923,0.04921601206243797,False,nan,nan,False,False
307,1.5350000000000001,0.004995281000446994,0.0013740889999098727,6.131000191089697e-06,0.0009254410006178659,0.000935068000217143,4.624600023817038e-05,0.0035589839999374817,0.0018323576475021443,0.0013386609880061198,0.3664715295004289,3.0082979996498835,0.046383135570171874,False,nan,nan,False,False
308,1.54,0.005002663999221113,0.0014014700000188896,5.500000042957254e-06,0.00151034400005301,0.001030868000270857,4.57559999631485e-05,0.0035308120004629018,0.0018348352775109794,0.0013372587553359197,0.3669670555021959,0.7033981018922185,0.048783042017684006,False,nan,nan,False,False
309,1.545,0.00500594999994064,0.001303227000789775,5.781000254501123e-06,0.000928776999899128,0.0009204110001519439,6.772699998691678e-05,0.0036331429992060293,0.001847043244963177,0.0013391661529436258,0.3694086489926354,3.628783013205799,0.049376681817141825,False,nan,nan,False,False
310,1.55,0.005006311000215646,0.0013806920005663414,5.539999619941227e-06,0.0015081799992913147,0.0010203080000792397,4.5714999941992573e-05,0.0035393179996390245,0.00188574936489983,0.0013771036435612748,0.377149872979966,4.679788257385876,0.04936613623259625,False,nan,nan,False,False
311,1.555,0.0049981860001935274,0.0012924470001962618,6.071999450796284e-06,0.0009560579992466955,0.0009156320002148277,5.773799966846127e-05,0.0036231340000085765,0.0018537256648961436,0.001350060700158695,0.37074513297922873,3.2863444718677917,0.04647691677710333,False,nan,nan,False,False
312,1.56,0.004983187999641814,0.0016111220002130722,8.115000127872918e-06,0.0015074490002007224,0.0012655970003834227,4.4903999878442846e-05,0.003321742000480299,0.0019191268784149067,0.0013967079607203094,0.38382537568298136,6.232457963532698,0.047168563482226374,False,nan,nan,False,False
313,1.565,0.005011240000385442,0.0013099190000502858,6.391999704646878e-06,0.000927915000829671,0.0009148700000878307,4.6117000238155015e-05,0.0036145289996056817,0.0018968560541845563,0.001381861250790064,0.3793712108369113,2.442754018143689,0.047432682443806856,False,nan,nan,False,False
314,1.57,0.004995561000214366,0.0013041989996054326,7.89400019129971e-06,0.001538968000204477,0.0009308200005762046,4.3911999455303885e-05,0.0036218619998180657,0.0018864916497935338,0.0013867414579725006,0.37729832995870677,4.001265699653262,0.04867809100244363,False,nan,nan,False,False
315,1.575,0.004999086999305291,0.001344104000054358,5.8910000007017516e-06,0.0009345170001324732,0.0009493750003457535,4.565499966702191e-05,0.0035800140003630077,0.0019043084466394177,0.0013854926841704758,0.3808616893278835,4.024327268224626,0.04663652559165514,False,nan,nan,False,False
316,1.58,0.004991624000467709,0.0013787179996143095,1.0789999578264542e-05,0.001539007999781461,0.00103034700077842,4.4072000491723884e-05,0.0035559390007620095,0.0019342756801751196,0.001425102522489348,0.3868551360350239,4.0984526226463736,0.04817530691470918,False,nan,nan,False,False
317,1.585,0.005008183999962057,0.001251581000360602,5.849999979545828e-06,0.0009456180005145143,0.0009025469998960034,5.0564999583002646e-05,0.0036918529995091376,0.001924588599809679,0.0014082927682851978,0.3849177199619358,2.3816847697948,0.05124279426320238,False,nan,nan,False,False
318,1.59,0.005010478999793122,0.0016022360005081282,1.0861000191653147e-05,0.0015167159999691648,0.001242502999957651,4.4223000259080436e-05,0.00331695199929527,0.001977262111085342,0.0014282895312330082,0.3954524222170684,7.276760854071694,0.05104443263563623,False,nan,nan,False,False
319,1.595,0.004989390000446292,0.0012719679998554057,6.432000191125553e-06,0.0008988809995571501,0.0009199400001307367,4.4784000237996224e-05,0.0036599129998649005,0.0019622627023420484,0.0014230520674454947,0.39245254046840966,2.220468519335493,0.050298246482812774,False,nan,nan,False,False
320,1.6,0.005001991999961319,0.0013218619997132919,1.174200042441953e-05,0.0020062109997525113,0.0009675390001575579,4.4893000449519604e-05,0.003606524000133504,0.0019541689730836146,0.0014362798068185377,0.39083379461672285,4.736263932060759,0.04950529684419157,False,nan,nan,False,False
321,1.605,0.005000000000109139,0.0012834700000894372,6.201999894983601e-06,0.0008549280000806903,0.0009337960000266321,4.674699994211551e-05,0.0036393439995663357,0.001960404345405078,0.0014249902329722258,0.3920808690810156,3.8403535062121206,0.051291773068153454,False,nan,nan,False,False
322,1.61,0.004996591999770317,0.001344864999737183,5.629999577649869e-06,0.0019272239997008,0.0009989279997171252,4.4813999920734204e-05,0.003586787000131153,0.001995425188563485,0.001470742014911125,0.39908503771269704,4.969428192335612,0.05201553356374682,False,nan,nan,False,False
323,1.615,0.005001432999961253,0.0012600059999385849,6.110999493103009e-06,0.0008898639998733415,0.0009056340004462982,5.550400055653881e-05,0.0036680080002042814,0.0019815502249363936,0.0014492183501104289,0.39631004498727873,2.9292258673749085,0.048997425092144734,False,nan,nan,False,False
324,1.62,0.004995190000045113,0.001629987999876903,5.6500002756365575e-06,0.0019310810002934886,0.001159157999609306,4.740900021715788e-05,0.003305469999759225,0.001989973228621171,0.0014436301750329061,0.3979946457242342,3.2181106717806975,0.04918436529404904,False,nan,nan,False,False
325,1.625,0.005015177000132098,0.0012657269999181153,6.080999810365029e-06,0.000780439000664046,0.0009075869993466767,4.689699926530011e-05,0.0036517979997370276,0.001997822110860988,0.0014638522055140137,0.39956442217219756,4.224638786691945,0.052078542543022716,False,nan,nan,False,False
326,1.6300000000000001,0.004986774999451882,0.0013423899999907007,5.791000148747116e-06,0.0018713889994614874,0.0009940489999280544,4.534399977274006e-05,0.0035933190001742332,0.002018866931533638,0.0014670734290382764,0.4037733863067276,4.850220704817935,0.050056952363482586,False,nan,nan,False,False
327,1.635,0.005006119999961811,0.0012757260001308168,6.131000191089697e-06,0.0007443719996444997,0.0009287569992011413,4.688799981522607e-05,0.0036522390000754967,0.0020173581566341144,0.001477238448758373,0.40347163132682284,3.77584199976485,0.04826041582787187,False,nan,nan,False,False
328,1.6400000000000001,0.004996804000256816,0.001329384999735339,5.770999450760428e-06,0.0018630639997354592,0.000985832999504055,4.5465000766853336e-05,0.0036015150008097407,0.0020349447208859875,0.0014860909396125326,0.40698894417719744,3.5214866980443884,0.051565789876733985,False,nan,nan,False,False
329,1.645,0.005001071000151569,0.0012481140001909807,6.090999704611022e-06,0.0007006599998931051,0.0009023180000440334,4.550499943434261e-05,0.003679589999592281,0.002020240687020259,0.0014782726595710116,0.40404813740405177,4.012955773847548,0.05248854801745863,False,nan,nan,False,False
330,1.6500000000000001,0.0049961419999817736,0.0013396849999480764,5.5199998314492404e-06,0.0018555389997345628,0.0009907630001180223,4.3992000428261235e-05,0.003594140000132029,0.002053575671183695,0.0015033558072847612,0.410715134236739,3.884811235056255,0.05591612962809568,False,nan,nan,False,False
331,1.655,0.0050085350003428175,0.0012368129991955357,6.3520001276629046e-06,0.0007574259998364141,0.000897308000276098,4.4333000005281065e-05,0.00368611200065061,0.002024070232274401,0.0014820880383983083,0.4048140464548801,3.7405120020780704,0.05109586367945177,False,nan,nan,False,False
332,1.6600000000000001,0.0049990069992418285,0.0013384530002440442,5.871000212209765e-06,0.0018716599997787853,0.0009970239998438046,4.465300025913166e-05,0.0035820880002574995,0.002075757406404754,0.0015211859443893284,0.4151514812809508,4.561118532956702,0.05352606752033567,False,nan,nan,False,False
333,1.665,0.004990151000129117,0.0012466010002754047,6.0619995565502904e-06,0.0007199460005722358,0.0008997220002129325,4.376199922262458e-05,0.003705398999954923,0.0020468388406001633,0.0015017432348436235,0.40936776812003267,3.640918372995253,0.05344345253651422,False,nan,nan,False,False
334,1.67,0.00502020700059802,0.0013004919992454234,5.94100038142642e-06,0.0018744149992926395,0.0009267929999623448,4.434299989952706e-05,0.0036132160003035096,0.0021027610049885385,0.0015404537085744914,0.42055220099770774,5.205260520307356,0.055708883620641726,False,nan,nan,False,False
335,1.675,0.004993165999621851,0.001160140000138199,9.677999514678959e-06,0.0007359760002145777,0.0008695960004843073,3.3723000342433807e-05,0.0037521960002777632,0.002082761775189268,0.0015323218752668864,0.41655235503785365,3.499209799564543,0.05279481634520176,False,nan,nan,False,False
336,1.68,0.004984070000318752,0.0013915919998908066,5.781000254501123e-06,0.0018101040004694369,0.0010289640003975364,4.655700013245223e-05,0.0035493770001266967,0.002069391952931212,0.0015280397473672429,0.4138783905862424,1.901946623495261,0.05435303863563243,False,nan,nan,False,False
337,1.685,0.005017632000090089,0.0014091949997236952,5.961000169918407e-06,0.0005733819998567924,0.001004568999633193,4.6597000618930906e-05,0.0035172469997633016,0.0021460660403834287,0.0015646883118442395,0.42921320807668567,4.768778120434419,0.055228119520751295,False,nan,nan,False,False
338,1.69,0.005003174999728799,0.0014512640000248211,6.2609997257823125e-06,0.0018748960001175874,0.0010868119998121983,4.553500002657529e-05,0.0034781730000759126,0.0021146310904027452,0.001557308525357133,0.42292621808054914,3.5483459753441937,0.05520470508005479,False,nan,nan,False,False
339,1.695,0.005001743000320857,0.0013969719993838225,5.960999260423705e-06,0.000683418000335223,0.001003035999929125,4.5836000026611146e-05,0.00352694400044129,0.002099746222311051,0.0015515751784055919,0.41994924446221016,1.2273645801989834,0.05253489852277321,False,nan,nan,False,False
340,1.7,0.004993687000023783,0.0013482109998221858,5.751000571763143e-06,0.0017644589997871662,0.0009864240000752034,4.652699954021955e-05,0.003577159000087704,0.002340693162795917,0.0017515751784055907,0.4681386325591834,10.286490503021378,0.053946613600142364,False,nan,nan,False,False
341,1.705,0.004998405999685929,0.0013295159997142036,6.261000635277014e-06,0.0005572119998760172,0.0009221450000040932,4.7558999540342484e-05,0.0035927280005125795,0.0023062934356026217,0.0017265401182617914,0.46125868712052437,1.5915509862218518,0.05655980507498977,False,nan,nan,False,False
342,1.71,0.0049954109999816865,0.001388947000123153,5.840999619977083e-06,0.0017108090005422127,0.00102659899948776,5.4320999879564624e-05,0.003538987999490928,0.0022533563959589325,0.0016790434624026733,0.4506712791917864,2.294111579579028,0.059046985613365695,False,nan,nan,False,False
343,1.715,0.004989138999917486,0.0013049400004092604,5.019000127504114e-06,0.0005305419999785954,0.0008351609994861064,4.4784000237996224e-05,0.0036992769992139074,0.0021958147265671735,0.001627672548861113,0.4391629453134347,2.5153538825365365,0.05721588774776296,False,nan,nan,False,False
344,1.72,0.005123189000187267,0.0016371419997085468,9.327999578090385e-06,0.0017557030005264096,0.0012343479993432993,5.083499945612857e-05,0.003303196000160824,0.002157791805445903,0.0016046127082188152,0.4315583610891806,2.225503245922675,0.05884908932382751,False,nan,nan,False,False
345,1.725,0.005057816999396891,0.0017500930007372517,9.216999387717806e-06,0.0007546010001533432,0.0013071650000711088,6.657399990217527e-05,0.003073115999541187,0.002272590586656905,0.0016599642569834865,0.454518117331381,5.56932442915039,0.059723388769070504,False,nan,nan,False,False
346,1.73,0.004973981000148342,0.0019308210003146087,1.1822000487882178e-05,0.0017838349995145109,0.0012803350000467617,5.604499983746791e-05,0.002922122999734711,0.002218073517881401,0.0016212751403476486,0.4436147035762802,2.4201795995734776,0.05904476100512725,False,nan,nan,False,False
347,1.735,0.0049738300003809854,0.0018624029999045888,9.02700048754923e-06,0.0005402709994086763,0.0012619400004041381,7.867700060160132e-05,0.0030139760001475224,0.002194042466480308,0.0016171253899263556,0.43880849329606153,2.228459165850613,0.05479708407684785,False,nan,nan,False,False
348,1.74,0.005018553999434516,0.0018761979999908363,1.1592000191740226e-05,0.0017636470001889393,0.0014437489999181707,5.184699966775952e-05,0.002980574000503111,0.002289156962150218,0.0016899205008908576,0.45783139243004367,4.534970830224037,0.06004339177054213,False,nan,nan,False,False
349,1.745,0.00497491300029651,0.001824261000365368,8.836999768391252e-06,0.0006225540000741603,0.0013733480000155396,6.631400083279004e-05,0.0030616340000051423,0.002253052520229657,0.001650724788194828,0.45061050404593134,3.1690992378422704,0.058308557973211245,False,nan,nan,False,False
350,1.75,0.005031698000493634,0.001826364999942598,1.1471000107121654e-05,0.0017720939995342633,0.0013769549996140995,5.2256999879318755e-05,0.0030274109994934406,0.00220909755738338,0.0016055849017857018,0.44181951147667603,4.542264199645111,0.05709220414979328,False,nan,nan,False,False
351,1.7550000000000001,0.0049718769996616174,0.001683948999925633,9.177000720228534e-06,0.0005664700001943856,0.0012495559994931682,5.210700055613415e-05,0.003196075999767345,0.00223469111148545,0.0016350301179773978,0.44693822229708996,2.9365903590036706,0.055324116899423494,False,nan,nan,False,False
352,1.76,0.005007353000110015,0.0020140859996899962,2.41960005951114e-05,0.00158513399946969,0.0015200420002656756,5.36600000486942e-05,0.0028603380005733925,0.0022408315627955792,0.001615689127159918,0.4481663125591158,4.239707336939086,0.05669362147476403,False,nan,nan,False,False
353,1.7650000000000001,0.00499470900012966,0.0018740440000328817,9.30700025492115e-06,0.0010714629997892189,0.001427498999873933,5.20370003869175e-05,0.0029987269999764976,0.0022424453307829622,0.001632638069337597,0.4484890661565924,2.7748597607001906,0.05754304297227353,False,nan,nan,False,False
354,1.77,0.004997443999855022,0.0019162839998898562,2.1890999960305635e-05,0.0016518889997314545,0.001462184000047273,5.1435999921523035e-05,0.00295961299980263,0.0023210966505234124,0.0016904012915611166,0.46421933010468247,5.468115008648354,0.055236377500056305,False,nan,nan,False,False
355,1.7750000000000001,0.004993196999748761,0.0015979780000634491,9.187000614474528e-06,0.0010584789997665212,0.0011494399996081484,5.159699958312558e-05,0.0032833790000950103,0.002293854207120361,0.001672266769235483,0.45877084142407215,2.3645540285544486,0.05492201231898963,False,nan,nan,False,False
356,1.78,0.004997875000299246,0.00188361199980136,8.94699951459188e-06,0.002239166999970621,0.0014415060004466795,5.2658999265986495e-05,0.00302253199970437,0.002274259676261141,0.0016709173739217764,0.4548519352522282,3.2132604053048808,0.05955104473284386,False,nan,nan,False,False
357,1.7850000000000001,0.00502346299981582,0.0016709450001144432,8.936999620345887e-06,0.0009995190002882737,0.0010514259993215092,6.1004000599496067e-05,0.0031948240002748207,0.002324394661603851,0.001682763469823656,0.4648789323207702,5.01817191335026,0.0617398160590004,False,nan,nan,False,False
358,1.79,0.004983167999853322,0.0019895900004485156,9.176999810733832e-06,0.002028081999924325,0.0015544959996987018,5.159600004844833e-05,0.0028964459997951053,0.0023203823077458476,0.0017037049341187653,0.46407646154916943,4.139039872948602,0.057462966790914415,False,nan,nan,False,False
359,1.795,0.005008244999771705,0.0018462320003891364,9.047000276041217e-06,0.00089200799993705,0.0012002839994238457,6.77070001984248e-05,0.003027259999726084,0.0023205432486881994,0.0016922736152568951,0.46410864973763993,2.7816081507679757,0.0576063944698932,False,nan,nan,False,False
360,1.8,0.00498959900050977,0.0017063209998013917,9.166999916487839e-06,0.001990572000067914,0.0012703249994956423,5.054400025983341e-05,0.0031725819999337546,0.0023310804755358673,0.001719281420513339,0.46621609510717343,5.477867112080492,0.060754448564601736,False,nan,nan,False,False
361,1.805,0.00499589199989714,0.0017316780003966414,9.216999387717806e-06,0.0008532450001439429,0.0011292909994153888,5.7097000535577536e-05,0.0031551089996355586,0.002332270571663617,0.0017111224983184098,0.46645411433272344,2.526253883020822,0.06126211752354107,False,nan,nan,False,False
362,1.81,0.005003145000046061,0.0018276069995408761,9.016000149131287e-06,0.001967228000467003,0.0013855110000804416,6.597399988095276e-05,0.003151203000015812,0.002353055153664234,0.001726472581832908,0.4706110307328468,2.6084660068261107,0.05857136313411318,False,nan,nan,False,False
363,1.815,0.005097260999718856,0.001642050000555173,9.306999345426448e-06,0.0009448269993299618,0.0010331119992770255,6.084300002839882e-05,0.003145711999422929,0.0023389478706632816,0.0017239233828684059,0.46778957413265626,4.085046219313013,0.05764432886839429,False,nan,nan,False,False
364,1.82,0.0049048810005842824,0.0019729699997697026,9.076999958779197e-06,0.001907957999719656,0.0015205030003926367,6.685500011371914e-05,0.0029314409994185553,0.002371420598943989,0.0017400010859693338,0.47428411978879786,3.8512694079009573,0.05965600817939406,False,nan,nan,False,False
365,1.825,0.005021268999371387,0.0016956210001808358,9.05700017028721e-06,0.0007530689999839524,0.001258503999451932,4.9912999202206265e-05,0.003161311000440037,0.0023395350052562666,0.001723118869587613,0.4679070010512533,4.20923988309903,0.05947687146377565,False,nan,nan,False,False
366,1.83,0.004974903000402264,0.00215780399958021,8.955999874160625e-06,0.001853975999438262,0.001439390999621537,0.00028746800035150954,0.0027336920002198895,0.0024118496345657287,0.0017735824564681923,0.4823699269131458,5.445359197811712,0.057688761754395135,False,nan,nan,False,False
367,1.835,0.005009235999750672,0.0018253730004289537,9.187000614474528e-06,0.0008008670001800056,0.0011599489998843637,7.599299988214625e-05,0.003053899999940768,0.002393455600350819,0.001764692078164265,0.4786911200701638,1.9331294383529727,0.057274865739821296,False,nan,nan,False,False
368,1.84,0.004996943000151077,0.001484776999859605,9.266999768442474e-06,0.00019726899972738465,0.0010923330000878195,5.097499979456188e-05,0.0034044659996652626,0.002333757954843726,0.0017147107063193515,0.46675159096874524,2.935752345117171,0.06055386569948168,False,nan,nan,False,False
369,1.845,0.0050073439997504465,0.0015037610000945278,9.367999155074358e-06,0.0007393320001938264,0.001072195000233478,5.004400009056553e-05,0.0034365860001344117,0.002516320334309282,0.0018707543991111075,0.5032640668618563,8.234813238422404,0.06264737758801915,False,nan,nan,False,False
370,1.85,0.00505685500047548,0.0016303080001307535,8.865999916451983e-06,0.00021397000000433763,0.0011809280003944878,5.1095999879180454e-05,0.0031816999999136897,0.0024817841300256655,0.0018390164788776031,0.49635682600513314,1.6465129727643848,0.06384320145605643,False,nan,nan,False,False
371,1.855,0.004928414999994857,0.0019227349994253018,9.097000656765886e-06,0.0007013620006546262,0.0014736650000486406,5.1015999815717805e-05,0.0030336630006786436,0.0024220041963576664,0.0017856284657928392,0.48440083927153327,2.766216981469822,0.06440290409139195,False,nan,nan,False,False
372,1.86,0.005072694999398664,0.0015596170005665044,9.076999958779197e-06,0.00021725600072386442,0.0011500500004331116,5.150600009073969e-05,0.0032501369996680296,0.002376492977022805,0.001747211278212063,0.47529859540456104,1.9080295425414482,0.06474573383676147,False,nan,nan,False,False
373,1.865,0.004926382000121521,0.001837765999880503,9.178000254905783e-06,0.0007263380002768827,0.0013812719998895773,8.433699986198917e-05,0.003172693000124127,0.0025060184744078342,0.001864521561397256,0.5012036948815668,5.473673012976194,0.06547746071824925,False,nan,nan,False,False
374,1.87,0.005126766000103089,0.001469046999773127,8.977000106824562e-06,0.0002364429992667283,0.0010537910002312856,6.047300030331826e-05,0.003314337000119849,0.002456054263334765,0.0018118088136138827,0.4912108526669531,2.2678730188005938,0.062707784130304,False,nan,nan,False,False
375,1.875,0.004900693999843497,0.0015742530003990396,9.05700017028721e-06,0.0007625460002600448,0.00117331399997056,5.1326000175322406e-05,0.003265245999500621,0.0023835221907964445,0.0017440503207906896,0.4767044381592889,3.213825476347373,0.062086970135107306,False,nan,nan,False,False
376,1.8800000000000001,0.004911233000711945,0.0010353259995099506,5.459999556478579e-06,0.00012513399997260422,0.0007376990006378037,3.7288999919837806e-05,0.004048881000016991,0.002484542755955927,0.0018411313067749693,0.4969085511911853,4.473017597630077,0.06570281839085232,False,nan,nan,False,False
377,1.885,0.005369048999455117,0.002002485000048182,2.1971000023768283e-05,0.0006431419997170451,0.0014758700008314918,5.572400004894007e-05,0.002558152999881713,0.002436222390630854,0.0017851308573756247,0.4872444781261708,2.3360129135545105,0.06338836860438285,False,nan,nan,False,False
378,1.8900000000000001,0.004670964000069944,0.0019339660002515302,1.2714000149571802e-05,0.0016529300000911462,0.001415115999407135,5.4291000196826644e-05,0.002972268000121403,0.0025889809502838085,0.001940231314812399,0.5177961900567617,7.348028734200936,0.061710233052922295,False,nan,nan,False,False
379,1.895,0.005016611000428384,0.0018558299998403527,8.365999747184105e-06,0.0010631679997459287,0.0012114159999327967,7.198499952210113e-05,0.003012141999533924,0.002544718740278532,0.001895197212984541,0.5089437480557064,2.0932968622774895,0.06367443474016035,False,nan,nan,False,False
380,1.9000000000000001,0.0049771759995564935,0.0016998379996948643,8.394999895244837e-06,0.0015298710004572058,0.0012636330002351315,7.391800045297714e-05,0.0032511100007468485,0.0024755423597384936,0.0018202928778060581,0.49510847194769875,3.33417017501321,0.06198533256976802,False,nan,nan,False,False
381,1.905,0.005066943999736395,0.0015720400006102864,8.767000508669298e-06,0.0010016329997597495,0.001132316999246541,5.0755000302160624e-05,0.0032575010000073235,0.002556018881480069,0.0018773425067493618,0.5112037762960139,4.549880091359614,0.0626282304588143,False,nan,nan,False,False
382,1.9100000000000001,0.004950737000399386,0.0021032129998275195,9.667999620432965e-06,0.0020725750000565313,0.0015136009997149813,5.159600004844833e-05,0.002746455000306014,0.002513561819905952,0.0018502360744424642,0.5027123639811903,3.289158616705323,0.06412504485175012,False,nan,nan,False,False
383,1.915,0.004939716999615484,0.0016860420000739396,7.533999450970441e-06,0.000875777000146627,0.0012094710000383202,5.1036000513704494e-05,0.0032523820000278647,0.0025312927436393537,0.0018554443489674707,0.5062585487278707,2.969226682241781,0.06228931500696699,False,nan,nan,False,False
384,1.92,0.005056814999989001,0.0018409730000712443,9.418000445293728e-06,0.0020842180001636734,0.0013687290002053487,7.220499992399709e-05,0.00301476700042258,0.0025585825058383202,0.0019021151989853866,0.5117165011676641,5.36447135696185,0.06338280834696064,False,nan,nan,False,False
385,1.925,0.004944625999996788,0.0016090690005512442,7.573999937449116e-06,0.00083628399988811,0.0011454019995653653,5.564399998547742e-05,0.003303736999441753,0.0025537691401756437,0.0018912582903843136,0.5107538280351287,1.638128017780135,0.062222059731932504,False,nan,nan,False,False
386,1.93,0.005005439000342449,0.0015489560000787606,7.754999387543648e-06,0.0019147510001857881,0.00117331399997056,4.66069996036822e-05,0.003349923999849125,0.002574785063425486,0.0018774970663457402,0.5149570126850971,5.854003233706796,0.06147389608257679,False,nan,nan,False,False
387,1.935,0.004983709000043746,0.0014945249995435006,7.13299959897995e-06,0.0007703809997110511,0.0011206660001334967,4.6205999751691706e-05,0.003407361000427045,0.0025680698647642204,0.001886087626511837,0.5136139729528442,2.496571221270709,0.0617922465491914,False,nan,nan,False,False
388,1.94,0.004974771999513905,0.0014720630006195279,6.321999535430223e-06,0.001856681000390381,0.0011223590008739848,4.565499966702191e-05,0.0034551499993540347,0.0026510127882374917,0.0019910739105115025,0.5302025576474985,5.4877495840817305,0.0650595462937997,False,nan,nan,False,False
389,1.945,0.004995691000658553,0.0012621910000234493,6.012000085320324e-06,0.0006803619999118382,0.0009093299995583948,4.646700017474359e-05,0.003670972999316291,0.002627460284151209,0.00195664005926504,0.5254920568302418,2.0203187295835487,0.06486102749234206,False,nan,nan,False,False
390,1.95,0.0050012419997074176,0.001580776000082551,5.791000148747116e-06,0.0018526339999880292,0.0012337170001046616,4.528499994194135e-05,0.0033719550001478638,0.0026183364793505963,0.0019075722585092866,0.5236672958701193,4.7805977517162725,0.06820765395754667,False,nan,nan,False,False
391,1.955,0.0050382210001771455,0.0015375739994851756,7.012999958533328e-06,0.0007774429996061372,0.001178543000605714,4.3461999666760676e-05,0.0033748109999578446,0.0026275057403165407,0.001929476398025591,0.5255011480633082,1.740927876226909,0.06468939966642683,False,nan,nan,False,False
392,1.96,0.004996312000002945,0.0015300209997803904,6.972999472054653e-06,0.0018812979997164803,0.0011586069995246362,4.488400008995086e-05,0.0033759019997887663,0.0026926244255233056,0.0020000000000000018,0.538524885104661,4.287779064329031,0.06742907282573435,False,nan,nan,False,False
393,1.965,0.004973809999682999,0.0013330420006241184,5.91100069868844e-06,0.0007495509998989291,0.0009876269996311748,4.40419998994912e-05,0.003589952999391244,0.002668268903362358,0.0019661226859643832,0.5336537806724717,2.719446887773401,0.07048020935047722,False,nan,nan,False,False
394,1.97,0.004989529999875231,0.0013338040007511154,5.930999577685725e-06,0.001853175000178453,0.000986324999757926,4.5405000491882674e-05,0.003609107999182015,0.002707840034989022,0.0020000000000000018,0.5415680069978044,2.1410970362095676,0.07141024250447119,False,nan,nan,False,False
395,1.975,0.005013824999878125,0.0013741190005021053,6.371999916154891e-06,0.000735856000574131,0.0009114549993682886,4.7609000830561854e-05,0.003544979000253079,0.002695609935588981,0.001982735817047561,0.5391219871177962,2.3946549991829085,0.0682180525375132,False,nan,nan,False,False
396,1.98,0.004985582000699651,0.0016342459994120873,5.901000804442447e-06,0.0017971509996641544,0.0012628310005311505,4.716800049209269e-05,0.0033010320003086235,0.0027318943027232743,0.0020000000000000018,0.5463788605446548,2.659882700000477,0.06778333752489903,False,nan,nan,False,False
397,1.985,0.005007353000110015,0.0015001349993326585,6.00099974690238e-06,0.0006352179998430074,0.0009720879997985321,4.66069996036822e-05,0.0034340810007051914,0.0027267413039545087,0.001995861852722866,0.5453482607909018,2.1865713320268476,0.07290579442626692,False,nan,nan,False,False
398,1.99,0.0051081510000585695,0.0012628209997274098,6.182000106491614e-06,3.868300063913921e-05,0.0009095799996430287,4.5805999434378464e-05,0.003555409000000509,0.002684070812705223,0.001972255128643373,0.5368141625410447,1.9316902768709283,0.07314403587956621,False,nan,nan,False,False
399,1.995,0.004888410999228654,0.0014437390000239247,5.681000402546488e-06,0.0006120839998402516,0.0009796419999474892,4.6256999667093623e-05,0.003485177000584372,0.002725335820582487,0.0020000000000000018,0.5450671641164975,2.7584336096301154,0.06720075102332952,False,nan,nan,False,False
400,2.0,0.005015106999962882,0.001401791000716912,7.614000423927791e-06,0.0017458750007790513,0.0010018630000558915,4.570599958242383e-05,0.0035119669992127456,0.002708058076223972,0.0019898779397384755,0.5416116152447944,5.0171753180179355,0.06966438907678019,False,nan,nan,False,False
401,2.005,0.004983478000212926,0.0013543029999709688,5.990999852656387e-06,0.0006218819999048719,0.0009030589999383665,4.502400042838417e-05,0.003574323000066215,0.002728601556313651,0.0020000000000000018,0.5457203112627302,2.765824849309797,0.07270863765324978,False,nan,nan,False,False
402,2.0100000000000002,0.005016260000047623,0.0013853310001650243,1.177300055132946e-05,0.0017559629995957948,0.0010329009992346982,4.493400047067553e-05,0.003531522999765002,0.002730543707299226,0.0020000000000000018,0.5461087414598451,1.8202241342038983,0.0722824096222886,False,nan,nan,False,False
403,2.015,0.004994859999897017,0.001283239000258618,6.1410000853356905e-06,0.000625959999524639,0.0009015149998958805,4.643600004783366e-05,0.0036403869999048766,0.002714376692551564,0.0020000000000000018,0.5428753385103128,4.221394207742636,0.07147182493413885,False,nan,nan,False,False
404,2.02,0.005009026000152517,0.001437627999621327,8.166000043274835e-06,0.0017537889998493483,0.0010656320000634878,4.575500042847125e-05,0.003473996000138868,0.002736249603473345,0.0020000000000000018,0.547249920694669,3.259361800901982,0.07319474525391048,False,nan,nan,False,False
405,2.025,0.004979090000233555,0.001366425000014715,5.83099972573109e-06,0.0006121639999037143,0.0008907159999580472,4.640600036509568e-05,0.003564574999472825,0.002722107316610157,0.0020000000000000018,0.5444214633220313,1.5962382144970413,0.07394463309744713,False,nan,nan,False,False
406,2.0300000000000002,0.005016248999709205,0.0014057790003789705,7.804000233591069e-06,0.001749600999573886,0.0010575280002740328,4.507500034378609e-05,0.0035076789999948232,0.0027787434100410503,0.0020000000000000018,0.5557486820082099,5.853054172934325,0.07313638079595815,False,nan,nan,False,False
407,2.035,0.004982928000572429,0.0013622469996334985,5.750999662268441e-06,0.0005963050007267157,0.0008961660005297745,4.542500028037466e-05,0.003568832999917504,0.002760413952903685,0.001998655041458873,0.552082790580737,1.9259038118742329,0.06835204469655927,False,nan,nan,False,False
408,2.04,0.005089115999908245,0.0011952449995078496,6.091000614105724e-06,3.625800036388682e-05,0.0008582449991081376,4.415299918036908e-05,0.0036617069999920204,0.0027362547684827592,0.0019942017578573057,0.5472509536965517,2.0600302753564663,0.0701254881976585,False,nan,nan,False,False
409,2.045,0.004929918000016187,0.0013775159995930153,5.8610003179637715e-06,0.0006404979994840687,0.0009013150001919712,4.596599956130376e-05,0.0035311720002937363,0.002733832255901549,0.0020000000000000018,0.5467664511803098,0.8185241434760581,0.07370088043218513,False,nan,nan,False,False
410,2.05,0.005108411999572127,0.0012006850001853309,6.232000487216283e-06,3.8932999814278446e-05,0.000861630999679619,4.55149993285886e-05,0.00360534099945653,0.002732737050043079,0.001994471234029717,0.5465474100086157,1.5651527656717088,0.07311970982414197,False,nan,nan,False,False
411,2.055,0.004875495999840496,0.00129519199981587,5.840999619977083e-06,0.0006136369993328117,0.0009104629998546443,4.6006000047782436e-05,0.003632713000115473,0.002754408409987937,0.0020000000000000018,0.5508816819975875,3.178888916306632,0.07185018247151183,False,nan,nan,False,False
412,2.06,0.005013765000512649,0.0013857609992555808,8.256000000983477e-06,0.0017489000001660315,0.0010243449996778509,4.547500066109933e-05,0.0035315940003783908,0.002751906984746089,0.0020000000000000018,0.5503813969492178,3.7004922070688853,0.07090109736246451,False,nan,nan,False,False
413,2.065,0.0049847709997266065,0.0013589110003522364,5.6500002756365575e-06,0.0006247379997148528,0.0009125870001298608,4.451299992069835e-05,0.00357215899930452,0.00276010000007404,0.0020000000000000018,0.552020000014808,1.9753092139659325,0.07430658372993021,False,nan,nan,False,False
414,2.07,0.005028212000070198,0.0015000240000517806,7.935000212455634e-06,0.0017670039997028653,0.0011230299996896065,4.483399970922619e-05,0.003400368999791681,0.0027745538728428183,0.0020000000000000018,0.5549107745685636,3.258817419592025,0.07517673411623108,False,nan,nan,False,False
415,2.075,0.004969190999872808,0.001366856000458938,5.921000592934433e-06,0.0006150799999886658,0.0009090390003620996,4.52049998784787e-05,0.00356531699981133,0.0027696292111421736,0.0020000000000000018,0.5539258422284348,1.007729198138872,0.06927873435063328,False,nan,nan,False,False
416,2.08,0.005019324999921082,0.0013454460004140856,8.214999979827553e-06,0.001740945000165084,0.0010018630000558915,4.409299981489312e-05,0.0035756259994741413,0.002763336699536133,0.0020000000000000018,0.5526673399072266,2.963353531679186,0.07236215540846827,False,nan,nan,False,False
417,2.085,0.005000781000489951,0.001413033000062569,6.702000064251479e-06,0.0006375029997798265,0.0010001200007536681,4.8260000767186284e-05,0.0034525949995440897,0.0027673377197835985,0.0020000000000000018,0.5534675439567197,1.5651533661999455,0.07648174643994538,False,nan,nan,False,False
418,2.09,0.004958230999363877,0.0015142620004553464,7.824000022083055e-06,0.0017025639999701525,0.0011493089996292838,4.638600057660369e-05,0.0034448209999027313,0.002782471536750443,0.0020000000000000018,0.5564943073500885,3.713204364360344,0.07453721301706082,False,nan,nan,False,False
419,2.095,0.005031669000345573,0.0013816829996358138,5.841000529471785e-06,0.000614548999692488,0.000970783999946434,4.672799968830077e-05,0.0035437670003375388,0.0027797189753046517,0.0020000000000000018,0.5559437950609303,0.8029136873173702,0.06951546011849073,False,nan,nan,False,False
420,2.1,0.005092812999464513,0.0013930240002082428,6.952999683562666e-06,4.137700034334557e-05,0.001023795000037353,4.488399918045616e-05,0.003445362000093155,0.0027752968361525097,0.0020000000000000018,0.5550593672305018,1.1563892144843642,0.07190889249735996,False,nan,nan,False,False
421,2.105,0.004915451000670146,0.001541761999760638,6.272000064200256e-06,0.0006298980006249622,0.001175098000203434,4.499399983615149e-05,0.003379269000106433,0.002790885590032718,0.0020000000000000018,0.5581771180065435,1.605213419341915,0.07577109846583206,False,nan,nan,False,False
422,2.11,0.00501105999956053,0.001558222999847203,8.625999726064038e-06,0.0017565250000188826,0.001061775000380294,4.582600013236515e-05,0.003344544000356109,0.00280374409571273,0.0020000000000000018,0.5607488191425459,3.2386970900792833,0.07547774926882099,False,nan,nan,False,False
423,2.115,0.004975513000317733,0.0014427280002564657,5.661000614054501e-06,0.0005555490006372565,0.0009531220002827467,4.545499996311264e-05,0.003483472999505466,0.0027990935002472975,0.0020000000000000018,0.5598187000494595,1.019052078807183,0.07249848302655701,False,nan,nan,False,False
424,2.12,0.005102770999656059,0.0012781499999618973,6.461999873863533e-06,3.9583999750902876e-05,0.0009124759999394882,4.5495000449591316e-05,0.0035501590000421857,0.0027911612364127656,0.0020000000000000018,0.558232247282553,0.7738787683393549,0.07268487687884553,False,nan,nan,False,False
425,2.125,0.004896645999906468,0.0015750560005471925,5.601000339083839e-06,0.0006182959996294812,0.0011790949993155664,4.409299981489312e-05,0.00335445200016693,0.002821708118411861,0.0020000000000000018,0.5643416236823723,4.452983673740823,0.07583919444654173,False,nan,nan,False,False
426,2.13,0.005022160999942571,0.0013761330001216265,7.884000297053717e-06,0.0017572360002304777,0.001023783999698935,4.3822000407089945e-05,0.0035331670005689375,0.002814755685698212,0.0020000000000000018,0.5629511371396424,1.887306275745322,0.07590736832776757,False,nan,nan,False,False
427,2.1350000000000002,0.004989369000213628,0.0014637470003435737,1.4387000192073174e-05,0.0006187369999679504,0.0009278150000682217,4.715799968835199e-05,0.0034564329998829635,0.002812886009755244,0.0020000000000000018,0.5625772019510488,0.21132735749427553,0.07515193817060832,False,nan,nan,False,False
428,2.14,0.005083445000309439,0.001206035999530286,6.150999979581684e-06,3.696000021591317e-05,0.000868453999828489,4.595599966705777e-05,0.003627082000093651,0.0028084161455517336,0.0020000000000000018,0.5616832291103466,0.34390258925141076,0.0750853211420169,False,nan,nan,False,False
429,2.145,0.004901485999653232,0.001272849000088172,5.9710000641644e-06,0.0006116530003055232,0.0008736330000829184,4.618700040737167e-05,0.0036687709998659557,0.0028522586527622,0.0020000000000000018,0.57045173055244,3.644935264181865,0.07228408783434333,False,nan,nan,False,False
430,2.15,0.005039583000325365,0.001388996999594383,9.246999979950488e-06,0.0017753790007191128,0.001001322999400145,4.363100015325472e-05,0.0035121569999319036,0.0028350282961799684,0.0020000000000000018,0.5670056592359937,1.673133178639432,0.07494862627347837,False,nan,nan,False,False
431,2.1550000000000002,0.004984579999472771,0.001677777000622882,7.344000550801866e-06,0.0006460579998019966,0.0012901919999421807,4.468400038604159e-05,0.003227975999834598,0.0028365561262986777,0.0020000000000000018,0.5673112252597355,0.31587097940187947,0.07673781099365688,False,nan,nan,False,False
432,2.16,0.004994208999960392,0.0015737220001028618,1.2022000191791449e-05,0.0016904509993764805,0.0011673730004986282,5.5934000556590036e-05,0.003338402000736096,0.002879800224902955,0.0020000000000000018,0.575960044980591,3.9636075922935414,0.07718612176727563,False,nan,nan,False,False
433,2.165,0.004984379000234185,0.0013770750001640408,5.690000762115233e-06,0.0004944939992128639,0.0009080879999601166,4.6176000068953726e-05,0.0035524929999155574,0.0028748568305815127,0.0020000000000000018,0.5749713661163025,0.5059182395526707,0.0718420743714594,False,nan,nan,False,False
434,2.17,0.004996442999981809,0.00141100800010463,5.83099972573109e-06,0.001639594999687688,0.0010525779998715734,4.494399945542682e-05,0.0035220159998061717,0.0028553731836457948,0.0020000000000000018,0.5710746367291589,2.2632106462503825,0.07561255795981109,False,nan,nan,False,False
435,2.1750000000000003,0.005001262000405404,0.001290141999561456,5.619999683403876e-06,0.0005020480002713157,0.0009060040001713787,4.558500040729996e-05,0.00363284300055966,0.0028567160979435695,0.0020000000000000018,0.5713432195887139,0.25037723098972203,0.07521506047847189,False,nan,nan,False,False
436,2.18,0.004988947999663651,0.0014207670001269435,5.29000044480199e-06,0.0016032570001698332,0.0010826249999809079,4.3591000576270744e-05,0.003532525000082387,0.002884924184358472,0.0020000000000000018,0.5769848368716944,3.5500784056802113,0.07547031327657726,False,nan,nan,False,False
437,2.185,0.0050364280004941975,0.00175667399980739,6.913000106578693e-06,0.000448779000180366,0.0011521639999045874,4.856099985772744e-05,0.0031627440002921503,0.0028807449369756153,0.0020000000000000018,0.5761489873951231,0.531665056774929,0.072222373395854,False,nan,nan,False,False
438,2.19,0.0049999679995380575,0.0014225100003386615,6.7219998527434655e-06,0.0014861689996905625,0.0010680469995349995,4.712800000561401e-05,0.0034860989999287995,0.0028719264932679954,0.0020000000000000018,0.574385298653599,1.9808737588850667,0.07350494960240775,False,nan,nan,False,False
439,2.195,0.004977376999704575,0.0013948180003353627,6.152000423753634e-06,0.0009406079998370842,0.0009039000005941489,0.00017226199997821823,0.0035430349998932797,0.002883738726323516,0.0020000000000000018,0.5767477452647031,1.6923318311307753,0.0762621909099308,False,nan,nan,False,False
440,2.2,0.005011581000871956,0.0015196419999483624,6.321999535430223e-06,0.0015320049997171736,0.0010302070004399866,4.655700013245223e-05,0.0033982239992838004,0.0028923868350246257,0.0020000000000000018,0.5784773670049251,0.5337127734624821,0.07816196259524302,False,nan,nan,False,False
441,2.205,0.0049911229998542694,0.0013605739995909971,5.850999514223076e-06,0.0009010350004245993,0.0009642629993322771,8.011000045371475e-05,0.0035767480003414676,0.002892136394096122,0.0020000000000000018,0.5784272788192244,0.1694579617176213,0.07224200603591677,False,nan,nan,False,False
442,2.21,0.00501909499962494,0.0013935859997218358,6.6829998104367405e-06,0.00176855700010492,0.001043000000208849,4.4473000343714375e-05,0.003525400999933481,0.0029120151522696283,0.0020000000000000018,0.5824030304539256,2.3455157866824163,0.0750281974718958,False,nan,nan,False,False
443,2.215,0.005001391999940097,0.0016766150001785718,6.703000508423429e-06,0.0005498379996424774,0.0011527049991855165,4.6375999772863e-05,0.003239577000385907,0.002909085845987174,0.0020000000000000018,0.5818171691974348,0.35331877990083105,0.07912934399875836,False,nan,nan,False,False
444,2.22,0.005010648999814293,0.0016250680000666762,2.4065000616246834e-05,0.001704726999378181,0.001240448999851651,4.5775999751640484e-05,0.0032665980006640893,0.0029148714117504947,0.0020000000000000018,0.582974282350099,0.736273221106335,0.07703484314004039,False,nan,nan,False,False
445,2.225,0.004965264000020397,0.0013246369999251328,6.272000064200256e-06,0.000514913000188244,0.0009239979999620118,4.7478999476879835e-05,0.0036170630000924575,0.002914776326807925,0.0020000000000000018,0.582955265361585,0.0989508079978248,0.07166545263475417,False,nan,nan,False,False
446,2.23,0.005027601000620052,0.0015416420001201914,1.0269000085827429e-05,0.0016759529999035294,0.0011588970000957488,4.517499928624602e-05,0.003361094999490888,0.002928306802395722,0.0020000000000000018,0.5856613604791443,1.2773011172803965,0.07530608348867465,False,nan,nan,False,False
447,2.235,0.0049711049996403744,0.0013877649998903507,5.651000719808508e-06,0.0005144219994690502,0.0009193489995595883,4.5775000216963235e-05,0.0035451789999569883,0.0029245310997978785,0.0020000000000000018,0.5849062199595757,0.35838168708171636,0.07842604963701665,False,nan,nan,False,False
448,2.24,0.005003915999623132,0.0013796000002912479,5.94100038142642e-06,0.0016148689992405707,0.00103371299974242,4.533499941317132e-05,0.003549787000338256,0.0029360599522093443,0.0020000000000000018,0.5872119904418689,0.8398239153570811,0.07552002552187158,False,nan,nan,False,False
449,2.245,0.005001362000257359,0.0013682480002898956,5.650999810313806e-06,0.00048068799969769316,0.0009089599998333142,4.545499996311264e-05,0.0035743239996008924,0.0029314246242240476,0.0020000000000000018,0.5862849248448094,0.4102479086853411,0.07273331741553817,False,nan,nan,False,False
450,2.25,0.0050181430005977745,0.0014101369997661095,6.070999916119035e-06,0.0015987400001904462,0.001060753000274417,4.554600036499323e-05,0.0034969789994647726,0.0029431375123386513,0.0020000000000000018,0.5886275024677303,0.9133232877734964,0.07423956252526089,False,nan,nan,False,False
451,2.255,0.004980682999303099,0.0013211109999247128,5.779999810329173e-06,0.0009602659993106499,0.0009225949997926364,7.657299920538208e-05,0.003607756000747031,0.0029407841447678298,0.0020000000000000018,0.5881568289535659,0.22139655768516714,0.07782446595406328,False,nan,nan,False,False
452,2.2600000000000002,0.005000621000363026,0.0014201650001268717,5.840999619977083e-06,0.0015307220000977395,0.0009591329999238951,4.6717999794054776e-05,0.0035080999996353057,0.0029545552568647406,0.0020000000000000018,0.5909110513729482,0.9714376596582421,0.07952110920633021,False,nan,nan,False,False
453,2.265,0.004994908999833569,0.001243265000084648,5.700999281543773e-06,0.0009091199999602395,0.0009024269993460621,4.4674000491795596e-05,0.003692794999551552,0.0029525189690314648,0.0020000000000000018,0.5905037938062929,0.14159319738075488,0.07327617030588217,False,nan,nan,False,False
454,2.27,0.005003696000130731,0.0013596030003100168,6.121000296843704e-06,0.001457084000321629,0.0010076939997816226,4.496400015341351e-05,0.0035693939998964197,0.002954928329612846,0.0020000000000000018,0.5909856659225692,0.43388290445721994,0.07543034739256721,False,nan,nan,False,False
455,2.275,0.004998596999939764,0.0012667789997067302,5.610999323835131e-06,0.0008807559997876524,0.0009066960001291591,4.703800004790537e-05,0.0036606250005206675,0.0029561538696887594,0.0020000000000000018,0.5912307739377518,0.19033637798851638,0.07704283825205946,False,nan,nan,False,False
456,2.2800000000000002,0.004994228000214207,0.001575737000166555,5.9710000641644e-06,0.0019253600003139582,0.0011766699999498087,4.742799956147792e-05,0.003365513000062492,0.0029669157484080036,0.0020000000000000018,0.5933831496816007,0.7863641083098328,0.07793062696328448,False,nan,nan,False,False
457,2.285,0.005014506999941659,0.0012598849998539663,5.7609995565144345e-06,0.0008143719996951404,0.0009131970000453293,4.754899964609649e-05,0.0036695720000352594,0.0029643863076855115,0.0020000000000000018,0.5928772615371022,0.22691484647838925,0.07325917252954074,False,nan,nan,False,False
458,2.29,0.0050083649994121515,0.0015081999999893014,6.692999704682734e-06,0.0019194100004824577,0.0011381790000086767,4.608599920175038e-05,0.0034092740006599342,0.002980932745527273,0.0020000000000000018,0.5961865491054547,1.2298240959373585,0.07597156631433176,False,nan,nan,False,False
459,2.295,0.004987075000826735,0.001353259999632428,5.590000000665896e-06,0.0007502529997509555,0.000985562999630929,4.6457000280497596e-05,0.0035744939996220637,0.0029794072539850976,0.0020000000000000018,0.5958814507970195,0.09396603361443075,0.07935134109848384,False,nan,nan,False,False
460,2.3000000000000003,0.004997254000045359,0.0014032539993422688,6.071999450796284e-06,0.0018626529999892227,0.0010463260005053598,4.4303000322543085e-05,0.00353050100056862,0.002987610241325432,0.0020000000000000018,0.5975220482650865,0.6504417074264365,0.07986271073860153,False,nan,nan,False,False
461,2.305,0.005008303999602504,0.0014826830001766211,6.541999937326182e-06,0.0007238340003823396,0.0010743380007625092,5.0845000259869266e-05,0.0034500609999668086,0.0029871442629800142,0.0020000000000000018,0.5974288525960029,0.08294176183556606,0.07346675096399244,False,nan,nan,False,False
462,2.31,0.005019086000174866,0.0016526089993931237,7.032999747025315e-06,0.0018008879997069016,0.0012455490004867897,4.489399998419685e-05,0.0032559790006416733,0.0029921065860774114,0.0020000000000000018,0.5984213172154823,0.5297339697545862,0.0767407087128151,False,nan,nan,False,False
463,2.315,0.004975682999429409,0.0013655740003741812,6.0619995565502904e-06,0.0006266119999054354,0.0008955840003181947,4.610599989973707e-05,0.0035643239998535137,0.0029924695982966173,0.0020000000000000018,0.5984939196593235,0.08070766122074077,0.07796747737381841,False,nan,nan,False,False
464,2.32,0.005002063000574708,0.0013402559998212382,5.670999598805793e-06,0.001767824999660661,0.0009404379998159129,4.595599966705777e-05,0.003582268999707594,0.0029976764156486235,0.0020000000000000018,0.5995352831297246,0.5430064708849867,0.07819864035060378,False,nan,nan,False,False
465,2.325,0.004991312999663933,0.0013798600002701278,5.74100067751715e-06,0.0006213520000528661,0.0009655960002419306,4.5836000026611146e-05,0.0035499079995133798,0.0029963890203400395,0.0020000000000000018,0.5992778040680079,0.12219301308661984,0.07257702170714525,False,nan,nan,False,False
466,2.33,0.005000811000172689,0.0012518109997472493,5.720999979530461e-06,0.0016875860001164256,0.0008939110002756934,4.510399958235212e-05,0.00367676499990921,0.003015341787454677,0.0020000000000000018,0.6030683574909355,1.343327801762788,0.07542257835044404,False,nan,nan,False,False
467,2.335,0.005014966999624448,0.001468254999963392,6.62200000078883e-06,0.000519701000484929,0.0009806729995034402,4.743899989989586e-05,0.0034508830003687763,0.003012778836118541,0.0020000000000000018,0.6025557672237082,0.16575300876614954,0.07827068645588461,False,nan,nan,False,False
468,2.34,0.004995451000468165,0.0013969219999125926,6.3220004449249245e-06,0.0016122940005516284,0.0009904620001179865,4.507399989961414e-05,0.0035237989995948737,0.003025813568890348,0.0020000000000000018,0.6051627137780696,0.9891314323297016,0.07704525142262858,False,nan,nan,False,False
469,2.345,0.004994549000002735,0.0014205460001903703,6.0109996411483735e-06,0.0004600100000970997,0.0009616279994588695,4.631600040738704e-05,0.003507958999762195,0.003023720428392835,0.0020000000000000018,0.604744085678567,0.16214116849320706,0.07331310007822592,False,nan,nan,False,False
470,2.35,0.004997815000024275,0.0014498410000669537,5.521000275621191e-06,0.0015383669997390825,0.0010891259998970781,4.521400023804745e-05,0.003479846999653091,0.003038757177525443,0.0020000000000000018,0.6077514355050886,1.0266948273426484,0.07806805481129489,False,nan,nan,False,False
471,2.355,0.005005428999538708,0.00137927900050272,6.0919992392882705e-06,0.0009488949999649776,0.0009761049996086513,4.6688000111316796e-05,0.0035436259995549335,0.003036482187938907,0.0020000000000000018,0.6072964375877814,0.1487601127075183,0.07893849325547367,False,nan,nan,False,False
472,2.36,0.0049935870001718285,0.0014427980004256824,6.201999894983601e-06,0.0014846050007690792,0.001081492000594153,4.523499956121668e-05,0.0034898359999715467,0.003052451789208795,0.0020000000000000018,0.610490357841759,1.0990170544070665,0.07938081699310956,False,nan,nan,False,False
473,2.365,0.005003917000067304,0.0013591520000773016,6.1620003179996274e-06,0.0009498659992459579,0.0009625699995012837,4.599600015353644e-05,0.003566577999663423,0.00305127911912697,0.0020000000000000018,0.610255823825394,0.09094213099609662,0.07629745336394565,False,nan,nan,False,False
474,2.37,0.0050017020002997015,0.0014601100001527811,6.371999916154891e-06,0.001532685999336536,0.0010845380002137972,5.600500026048394e-05,0.0034660419996725977,0.0030679978276358065,0.0020000000000000018,0.6135995655271612,1.1928818030207158,0.08011231564407457,False,nan,nan,False,False
475,2.375,0.0050005409993900685,0.0013622870001199772,5.9809999584103934e-06,0.000985292999757803,0.0009744720000526286,4.7018000259413384e-05,0.0035663680000652676,0.0030656692538437707,0.0020000000000000018,0.613133850768754,0.15589602458718088,0.08352212090106098,False,nan,nan,False,False
476,2.38,0.0050032150002152775,0.001492821000283584,6.211999789229594e-06,0.0020481999999901745,0.001108893000491662,4.6256000132416375e-05,0.0034338509994995547,0.0030700875211448282,0.0020000000000000018,0.6140175042289656,0.4247600064563335,0.08226040421734428,False,nan,nan,False,False
477,2.3850000000000002,0.005002593999961391,0.0013064929999018204,6.150999979581684e-06,0.0008293110004160553,0.0009509379997325595,4.8179999794228934e-05,0.0036117630006629042,0.00306723465240498,0.0020000000000000018,0.613446930480996,0.2060629136572701,0.07470910188887236,False,nan,nan,False,False
478,2.39,0.004987616000107664,0.0014245040001696907,5.74100067751715e-06,0.0018819590004568454,0.0010534689999985858,5.5172999964270275e-05,0.0035114350002913852,0.0030784926278339285,0.0020000000000000018,0.6156985255667857,0.88095050999826,0.07735686206339314,False,nan,nan,False,False
479,2.395,0.00500990799991996,0.0013586900004156632,6.311999641184229e-06,0.0007425079993481631,0.000980933999926492,6.201599990163231e-05,0.003561990999514819,0.003075665246209158,0.0020000000000000018,0.6151330492418315,0.625965789407279,0.08014046980003003,False,nan,nan,False,False
480,2.4,0.00498994000008679,0.001512607999757165,5.900999894947745e-06,0.0018080210002153763,0.0011488179998195847,4.558599994197721e-05,0.0034183820007456234,0.0030885813192163855,0.0020000000000000018,0.6177162638432772,0.8830427491604591,0.08011642250378516,False,nan,nan,False,False
481,2.4050000000000002,0.005007273000046553,0.0014306049997685477,6.5229996835114434e-06,0.0006540730000779149,0.0010051300005216035,4.915200042887591e-05,0.0034915980004370795,0.0030856431342577775,0.0020000000000000018,0.6171286268515555,0.34855377986507236,0.07567222200785802,False,nan,nan,False,False
482,2.41,0.004993296000066039,0.0013971329999549198,6.1709997680736706e-06,0.0017681760000414215,0.0010343040003135684,4.6316999942064285e-05,0.00353532000008272,0.0031105784864505224,0.0020000000000000018,0.6221156972901045,1.7225128200824125,0.07824738499321215,False,nan,nan,False,False
483,2.415,0.005006231000152184,0.0015131599993765121,5.9809999584103934e-06,0.000632061999567668,0.0010226230006082915,4.870100019616075e-05,0.0034140630004912964,0.0031075258930247374,0.0020000000000000018,0.6215051786049475,0.20571854406998527,0.0823614888548123,False,nan,nan,False,False
484,2.42,0.004998135999812803,0.0014155870003378368,6.071999450796284e-06,0.001741697000397835,0.0010430810007164837,5.631500062008854e-05,0.003512347999276244,0.00311982638571222,0.0020000000000000018,0.623965277142444,0.8824276645297213,0.08211306172295926,False,nan,nan,False,False
485,2.4250000000000003,0.005002353999771003,0.0014544690002367133,5.9710000641644e-06,0.0006285150002440787,0.0009687609999673441,4.787900070368778e-05,0.003472022000096331,0.0031190597787163123,0.0020000000000000018,0.6238119557432623,0.08293722033618368,0.07597420347851049,False,nan,nan,False,False
486,2.43,0.004996872999981861,0.0014016009999977541,5.851000423717778e-06,0.0011942340006498853,0.0010333729997000773,4.5634999878529925e-05,0.0035288180006318726,0.0031374991799461363,0.0020000000000000018,0.6274998359892273,1.2713175072802498,0.08104945082241338,False,nan,nan,False,False
487,2.435,0.005006181000680954,0.0014649789991381112,6.031000339135062e-06,0.0006185370002640411,0.0009912740006257081,4.652700044971425e-05,0.0034569340004964033,0.003136625985946213,0.0020000000000000018,0.6273251971892426,0.10032107348837026,0.08353659095118125,False,nan,nan,False,False
488,2.44,0.004991652999706275,0.0013849799997842638,5.951000275672413e-06,0.0017227309999725549,0.0010299160003341967,4.558599994197721e-05,0.0035448879998511984,0.003149301154996858,0.0020000000000000018,0.6298602309993716,0.943345520402008,0.08372733689191521,False,nan,nan,False,False
489,2.445,0.005006380999475368,0.0013577890003944049,6.020999535394367e-06,0.0005446180002763867,0.0009457890000703628,4.539499968814198e-05,0.0035654169996632845,0.003145425023086016,0.0020000000000000018,0.6290850046172032,0.4215394036715503,0.0802697739733671,False,nan,nan,False,False
490,2.45,0.004996362999918347,0.0013786880008410662,6.1620003179996274e-06,0.001635016999898653,0.0010054100002889754,4.486400030145887e-05,0.003549866999492224,0.0031603164355663666,0.0020000000000000018,0.6320632871132732,0.9981253266453731,0.08249247927800243,False,nan,nan,False,False
491,2.455,0.00500479800030007,0.001456883999708225,5.910999789193738e-06,0.0004539989995464566,0.0009714459993119817,4.750900006911252e-05,0.0034688060004555155,0.003161058601810931,0.0020000000000000018,0.6322117203621862,0.29419393417651474,0.08229932127429884,False,nan,nan,False,False
492,2.46,0.004995831000087492,0.001442638000298757,5.930999577685725e-06,0.001630429000215372,0.0010683170003176201,4.463300047063967e-05,0.0034859279994634562,0.0031668923766889046,0.0020000000000000018,0.6333784753377809,0.46195934296494856,0.08410781996832783,False,nan,nan,False,False
493,2.465,0.005002634999982547,0.001451484000426717,6.241999471967574e-06,0.0005204130002312013,0.000983990000349877,4.735899983643321e-05,0.0034757289995468454,0.0031652370820531186,0.0020000000000000018,0.6330474164106238,0.2447519961062434,0.08066995011874621,False,nan,nan,False,False
494,2.47,0.004997214000468375,0.00143686599949433,5.930999577685725e-06,0.0016470390000904445,0.0010617050002110773,4.619700030161766e-05,0.003489544999865757,0.003177181493639132,0.0020000000000000018,0.6354362987278265,0.9039525045792913,0.08197544793180558,False,nan,nan,False,False
495,2.475,0.005001561999961268,0.0013746599997830344,5.9809999584103934e-06,0.0005121980002513737,0.0009642929999245098,4.7107999307627324e-05,0.0035478540003168746,0.0031780403901486842,0.0020000000000000018,0.6356080780297368,0.19395117207373794,0.08185231766432673,False,nan,nan,False,False
496,2.48,0.004990250999981072,0.0014109979993008892,5.8610003179637715e-06,0.0016228039994530263,0.001046697999299795,4.460299987840699e-05,0.0035232879999966826,0.0031939483202726962,0.0020000000000000018,0.6387896640545392,1.187408255653842,0.08288246891855629,False,nan,nan,False,False
497,2.485,0.005007221999221656,0.0015271360007318435,6.00099974690238e-06,0.00037901899941061856,0.0010974130000249716,4.6006000047782436e-05,0.0034059589997923467,0.0031930348167681934,0.0020000000000000018,0.6386069633536386,0.16809302777614507,0.0788582554551131,False,nan,nan,False,False
498,2.49,0.005015088000618562,0.0014582060002794606,6.682000275759492e-06,0.0011371869995855377,0.0010542410000198288,4.663799973059213e-05,0.0034557119997771224,0.0032097982803638635,0.0020000000000000018,0.6419596560727726,1.1129089927185114,0.07967609562173111,False,nan,nan,False,False
499,2.495,0.00499239500004478,0.0010523169994485215,6.3520001276629046e-06,0.0008923579998736386,0.0007469769998351694,3.486500008875737e-05,0.0038631140005236375,0.003211156313893977,0.0020000000000000018,0.6422312627787954,0.21848450316328122,0.08392595167098067,False,nan,nan,False,False
500,2.5,0.004988757999853988,0.001390749999700347,5.629999577649869e-06,0.0014436199999181554,0.0009910529997796402,4.5945999772811774e-05,0.0035425140004008426,0.003224256702647774,0.0020000000000000018,0.6448513405295548,0.8928863340896016,0.08748885524959177,False,nan,nan,False,False
501,2.505,0.005006380999475368,0.0013241760007076664,5.80100004299311e-06,0.000894852999408613,0.0009519499999441905,4.8380999942310154e-05,0.0036150699997961055,0.0032232877028967937,0.0020000000000000018,0.6446575405793588,0.15542349951674594,0.0814302475804217,False,nan,nan,False,False
502,2.5100000000000002,0.005010188000596827,0.0013785279998046462,5.921000592934433e-06,0.0019139079995511565,0.0010234340006718412,4.559500030154595e-05,0.003535581000505772,0.003235656524039744,0.0020000000000000018,0.6471313048079488,0.8871819595669376,0.08511086278963484,False,nan,nan,False,False
503,2.515,0.004986443999769108,0.001253624000128184,6.48199966235552e-06,0.0008940819998315419,0.0009046209997904953,4.6056000428507105e-05,0.0036712549999720068,0.003233944113104091,0.0020000000000000018,0.6467888226208183,0.17304305297378034,0.08647473233348048,False,nan,nan,False,False
504,2.52,0.004995090000193159,0.0013541919997805962,5.9809999584103934e-06,0.001916243000778195,0.0009737609998410335,4.561500009003794e-05,0.0035808459997497266,0.00324899972656765,0.0020000000000000018,0.6497999453135299,0.9988713913557302,0.08709056290116753,False,nan,nan,False,False
505,2.525,0.005011731999729818,0.0013028350003878586,6.662000487267505e-06,0.0008281190002890071,0.0009496449993093847,4.779999926540768e-05,0.0036208609999448527,0.003248504940246693,0.0020000000000000018,0.6497009880493386,0.239809034849522,0.08023298795342966,False,nan,nan,False,False
506,2.5300000000000002,0.004994738999812398,0.001384879000397632,6.242000381462276e-06,0.0019472110006972798,0.0010181139996348065,4.72290003017406e-05,0.003549586999724852,0.003258982447210856,0.0020000000000000018,0.6517964894421714,0.7303961073715536,0.08552686996948106,False,nan,nan,False,False
507,2.535,0.005009657000300649,0.0012928469996040803,6.021999979566317e-06,0.000897568000254978,0.0009370520001539262,5.578499985858798e-05,0.003629557000749628,0.003256718395086687,0.0020000000000000018,0.6513436790173374,0.29277580361789646,0.08498167193456535,False,nan,nan,False,False
508,2.54,0.004995711000447045,0.0013547229991672793,6.020999535394367e-06,0.0019739909994314075,0.000953122999817424,4.649699985748157e-05,0.003570066000065708,0.0032776568915857058,0.0020000000000000018,0.6555313783171411,1.4027417362534607,0.08794728045666611,False,nan,nan,False,False
509,2.545,0.004999427999791806,0.0013053510001554969,6.2219996834755875e-06,0.0008997029999591177,0.000945287999456923,4.488400008995086e-05,0.00363139000000956,0.0032747603886631596,0.0020000000000000018,0.6549520777326319,0.29002320571839163,0.08077368437793839,False,nan,nan,False,False
510,2.5500000000000003,0.005012212000110594,0.0013736589999098214,5.960999260423705e-06,0.001982967000003555,0.0010199669995927252,4.4954000259167515e-05,0.0035380049994273577,0.0032935552498153413,0.0020000000000000018,0.6587110499630683,1.1927095045018739,0.0850732455455681,False,nan,nan,False,False
511,2.555,0.004987736999282788,0.0013273020003907732,6.061000021873042e-06,0.0008774110001468216,0.0009438150000278256,4.849099968851078e-05,0.0036071140002604807,0.0032927457107544155,0.0020000000000000018,0.658549142150883,0.25676484340835976,0.08540244052910352,False,nan,nan,False,False
512,2.56,0.005007152000871429,0.0014189429994075908,5.9910007621510886e-06,0.0018995419995917473,0.0010550819997661165,4.695799998444272e-05,0.003499334000480303,0.0033111074953725136,0.0020000000000000018,0.6622214990745028,1.211645700501036,0.0884994527717421,False,nan,nan,False,False
513,2.565,0.004992274999494839,0.001243775999682839,5.8610003179637715e-06,0.0008700369999132818,0.0008915979997254908,4.6626999392174184e-05,0.0036762940007974976,0.0033098796684272254,0.0020000000000000018,0.661975933685445,0.3375378513535246,0.08300593190260484,False,nan,nan,False,False
514,2.57,0.004981373999726202,0.0013822549999531475,5.270000656310003e-06,0.0019009240004379535,0.0010394040000392124,4.922199968859786e-05,0.0035587540005508345,0.0033299253142926983,0.0020000000000000018,0.6659850628585396,1.232676912391906,0.08639875679704499,False,nan,nan,False,False
515,2.575,0.005001913000342029,0.001207276999593887,5.220000275585335e-06,0.0008401009999943199,0.0008721599997443263,4.392200025904458e-05,0.0037212890001683263,0.0033301266700930666,0.0020000000000000018,0.6660253340186132,0.2363408597330481,0.0878876306930541,False,nan,nan,False,False
516,2.58,0.004984860999684315,0.0013185960006012465,4.859000000578817e-06,0.0019044909995500348,0.000986293999631016,4.3962000745523255e-05,0.0036300669999036472,0.0033492719561518764,0.0020000000000000018,0.6698543912303753,1.2904107564173632,0.08790155039353,False,nan,nan,False,False
517,2.585,0.005009667000194895,0.0011919489998035715,4.9899999794433825e-06,0.0008501199999955134,0.0008432969998466433,4.290000015316764e-05,0.0037433000006785733,0.0033492520589384752,0.0020000000000000018,0.669850411787695,0.3317910754133026,0.08295141446344685,False,nan,nan,False,False
518,2.59,0.004992705999939062,0.0013570669998443918,4.7789999371161684e-06,0.001873983999757911,0.0010103690001415089,4.400199941301253e-05,0.003586436000659887,0.0033588924350198422,0.0020000000000000018,0.6717784870039684,0.6299973763218224,0.08606300501431001,False,nan,nan,False,False
519,2.595,0.005006381000384863,0.0012367529998300597,5.339999916031957e-06,0.0008465430000796914,0.0008751059995120158,4.3772000026365276e-05,0.0037042260000816896,0.0033583733752402334,0.0020000000000000018,0.6716746750480466,0.326178214884673,0.0874559416482069,False,nan,nan,False,False
520,2.6,0.0049979049999819836,0.0014494999995804392,4.9689997467794456e-06,0.0019199700000172015,0.0010555040007602656,4.524500036495738e-05,0.003497110000353132,0.003384471499626264,0.0020000000000000018,0.6768942999252527,1.639705256377013,0.08714626158089037,False,nan,nan,False,False
521,2.605,0.005011571000068216,0.0012806949998775963,5.269000212138053e-06,0.0008725620000404888,0.0009092610007428448,4.4422999962989707e-05,0.0036464380000325036,0.0033784178484463486,0.0020000000000000018,0.6756835696892698,0.5242786373886738,0.0841135698445803,False,nan,nan,False,False
522,2.61,0.004996693000066443,0.0014328389997899649,5.590000000665896e-06,0.001937594000082754,0.001071953999598918,4.3822000407089945e-05,0.003500906999761355,0.0033979623313132854,0.0020000000000000018,0.679592466262657,1.3418801210479165,0.08636074067301756,False,nan,nan,False,False
523,2.615,0.0049946889994316734,0.0012580930006151902,5.279999641061295e-06,0.0008576640002502245,0.0008948530003181077,4.361100036476273e-05,0.00367702499988809,0.0033999209334474576,0.0020000000000000018,0.6799841866894915,0.4359120501447487,0.09024538446829887,False,nan,nan,False,False
524,2.62,0.0049918140002773725,0.0014151960003800923,4.89899957756279e-06,0.0019127369996567722,0.0010474880000401754,4.3932000153290574e-05,0.003528788999574317,0.0034083669419449894,0.0020000000000000018,0.6816733883889978,0.7279305725623809,0.09164311765215695,False,nan,nan,False,False
525,2.625,0.005004558000109682,0.001239688000168826,5.109000085212756e-06,0.000839039000311459,0.0008809680002741516,5.179700019652955e-05,0.003704396999637538,0.0034072670919290727,0.0020000000000000018,0.6814534183858145,0.32923729833091325,0.08620577601692427,False,nan,nan,False,False
526,2.63,0.0050022529994748766,0.0014765810001335922,5.109000085212756e-06,0.001979642000151216,0.0009932470002240734,4.8801000048115384e-05,0.0034844660003727768,0.003424562159355611,0.0020000000000000018,0.6849124318711222,1.4026929423559444,0.08655276066669491,False,nan,nan,False,False
527,2.6350000000000002,0.005023192999942694,0.0012098619999960647,5.070000042906031e-06,0.0008559409998269984,0.0008747859992581652,4.438299947651103e-05,0.0037054990007163724,0.00342458159709497,0.0020000000000000018,0.684916319418994,0.31710455459502945,0.09089045335270489,False,nan,nan,False,False
528,2.64,0.004972107000867254,0.0013298259991643135,4.718999662145507e-06,0.001959332999831531,0.00098636499933491,4.4333000005281065e-05,0.003613086000768817,0.00343079863292438,0.0020000000000000018,0.6861597265848759,0.695102168154694,0.08933385817398835,False,nan,nan,False,False
529,2.645,0.005012461999285733,0.0012033510001856484,5.038999915996101e-06,0.0008417239996560966,0.0008666199992148904,5.230799979472067e-05,0.0037224699999569566,0.0034327135077644455,0.0020000000000000018,0.6865427015528891,0.3637674914125523,0.08374242092690573,False,nan,nan,False,False
530,2.65,0.0049840000001495355,0.0014168790003168397,4.948999958287459e-06,0.0019315320005262038,0.0009388460002810461,4.457300019566901e-05,0.003557691999958479,0.003446301061028011,0.0020000000000000018,0.6892602122056021,1.152411812275455,0.08680347123108988,False,nan,nan,False,False
531,2.6550000000000002,0.005071552000117663,0.0013597229999504634,7.704000381636433e-06,0.0009106519992201356,0.0009653850001996034,6.901899996591965e-05,0.0035316140001668828,0.003441561107416185,0.0020000000000000018,0.688312221483237,0.4564223372785129,0.08995868658575884,False,nan,nan,False,False
532,2.66,0.004959513999892806,0.0013786280005660956,5.8610003179637715e-06,0.001983698999538319,0.001024836999931722,4.8299999434675556e-05,0.0036004119992867345,0.0034581042919528864,0.0020000000000000018,0.6916208583905773,1.3368931814649183,0.09057879522498338,False,nan,nan,False,False
533,2.665,0.0050975419999303995,0.0017628960004003602,8.957000318332575e-06,0.000959203999627789,0.0012003639994873083,5.504299952008296e-05,0.0031321569995270693,0.0034588377891221237,0.0020000000000000018,0.6917675578244248,0.3183468472180691,0.08512039189284319,False,nan,nan,False,False
534,2.67,0.005012182000427856,0.0017403840001861681,9.266999768442474e-06,0.0020898479997413233,0.001336219000222627,5.0363999434921425e-05,0.0031318859992097714,0.0034752745052952254,0.0020000000000000018,0.695054901059045,1.3270019872707066,0.09058788731939692,False,nan,nan,False,False
535,2.6750000000000003,0.004988797999430972,0.0017343530007565278,9.007000699057244e-06,0.0009626099999877624,0.0011467939993963228,6.14849996054545e-05,0.003152714999487216,0.0034828393116288466,0.0020000000000000018,0.6965678623257693,0.625655531117005,0.08928765983191772,False,nan,nan,False,False
536,2.68,0.005003906000638381,0.0018510619993321598,9.216999387717806e-06,0.0015161950004767277,0.001393314999404538,8.264500047516776e-05,0.0030869020001773606,0.003497934457815019,0.0020000000000000018,0.6995868915630038,1.1744059702156109,0.08795429516074359,False,nan,nan,False,False
537,2.685,0.005055943999650481,0.001602866999746766,8.926999726099893e-06,0.0010183240001424565,0.0010660829993867083,5.32690000909497e-05,0.003240329000618658,0.0035019169624453204,0.0020000000000000018,0.7003833924890641,0.45203244836323275,0.08658858105378099,False,nan,nan,False,False
538,2.69,0.004960686000231362,0.0018768989993986906,9.107000551011879e-06,0.002098203000059584,0.001424253999175562,5.255900032352656e-05,0.0029854620006517507,0.003523482725294795,0.0020000000000000018,0.704696545058959,1.6049150343943053,0.08943111678480564,False,nan,nan,False,False
539,2.695,0.0049807329996838234,0.0018437979997543152,9.33699993765913e-06,0.0009718370001792209,0.0012139700002080644,6.86189996486064e-05,0.0030379300005733967,0.003517251584062961,0.0020000000000000018,0.7034503168125922,0.5020842192157255,0.09350361055251097,False,nan,nan,False,False
540,2.7,0.004991874000552343,0.0018716899994615233,8.355000318260863e-06,0.0020236840000507073,0.0014032239996595308,7.084200024110032e-05,0.003019335000317369,0.003540030568722361,0.0020000000000000018,0.7080061137444722,1.647213659438428,0.08692632109390443,False,nan,nan,False,False
541,2.705,0.005001000999982352,0.001527555999928154,8.425999112660065e-06,0.0009547350000502774,0.0011012490003849962,5.2008000238856766e-05,0.0033695309994072886,0.003545953078086423,0.0020000000000000018,0.7091906156172846,0.5582251953961357,0.0878329086999001,False,nan,nan,False,False
542,2.71,0.00501492699913797,0.0015915660005703103,9.016999683808535e-06,0.0020403850003276602,0.0011609499997575767,5.252800019661663e-05,0.003351657000166597,0.0035618241526306654,0.0020000000000000018,0.712364830526133,1.2327999272670658,0.09317605595440893,False,nan,nan,False,False
543,2.715,0.005061134000243328,0.0017203070001414744,9.147000127995852e-06,0.0009466500005146372,0.0012933179996252875,5.3499999921768904e-05,0.0031107659997360315,0.00356139622716172,0.0020000000000000018,0.7122792454323439,0.2810107423926948,0.09270007827481172,False,nan,nan,False,False
544,2.72,0.004949905000103172,0.0018319660002816818,9.407000106875785e-06,0.001977908999833744,0.001403664999998,6.238700007088482e-05,0.0030307469996841974,0.003580551609421326,0.0020000000000000018,0.7161103218842652,1.4237873495634268,0.08676726144381772,False,nan,nan,False,False
545,2.725,0.004980032000275969,0.0017567849999977625,9.047000276041217e-06,0.0008416330001637107,0.0013523879997592303,5.2428000344661996e-05,0.0031274679995476617,0.003582806017920428,0.0020000000000000018,0.7165612035840857,0.3994058690685594,0.09066074540358217,False,nan,nan,False,False
546,2.73,0.005002122999940184,0.0018984500002261484,9.076999958779197e-06,0.001957620999746723,0.0014544290006597294,5.458200030261651e-05,0.0029901509997216635,0.0036071505110177042,0.0020000000000000018,0.7214301022035408,1.7373961230661858,0.09273267163715088,False,nan,nan,False,False
547,2.735,0.005006651999792666,0.0016738800004532095,9.006999789562542e-06,0.000848437000058766,0.0012666080001508817,5.2058000619581435e-05,0.0032009749993449077,0.0036044534032897715,0.0020000000000000018,0.7208906806579543,0.3995739613220311,0.09473466907199544,False,nan,nan,False,False
548,2.74,0.004991503000383091,0.0018294909996257047,9.087000762519892e-06,0.0019634020000012242,0.001378616999318183,6.767700051568681e-05,0.0031325070003731526,0.003627606442485809,0.0020000000000000018,0.7255212884971618,1.622220040258314,0.0893880918939449,False,nan,nan,False,False
549,2.745,0.005080599999928381,0.001711089999844262,9.02700048754923e-06,0.000924457999644801,0.0012873870000476018,5.255799987935461e-05,0.0031062369998835493,0.0036263802595589167,0.0020000000000000018,0.7252760519117833,0.41341328505714287,0.08934204576005066,False,nan,nan,False,False
550,2.75,0.004933834999974351,0.0019665680001708097,9.187000614474528e-06,0.0019761650000873487,0.0012758760003634961,5.725699975300813e-05,0.0029067349996694247,0.0036462394295966485,0.0020000000000000018,0.7292478859193298,1.4242103047671357,0.09345561534852005,False,nan,nan,False,False
551,2.755,0.004991263000192703,0.0017304359998888685,8.957000318332575e-06,0.0008490479995089117,0.001327601999946637,5.1295999583089724e-05,0.0031498099997406825,0.0036485328822008873,0.0020000000000000018,0.7297065764401774,0.43953439770173086,0.0957609821966388,False,nan,nan,False,False
552,2.7600000000000002,0.004997524999453162,0.0017169700004160404,9.317000149167143e-06,0.0019648839997898904,0.0013142879997758428,5.096600034448784e-05,0.0031631349993404,0.003661325127440268,0.0020000000000000018,0.7322650254880536,1.0588929516743202,0.08855436552019684,False,nan,nan,False,False
553,2.765,0.004997023999749217,0.0017849170008048532,9.05700017028721e-06,0.0008472740000797785,0.0011827710004581604,6.177499926707242e-05,0.003113711999503721,0.0036666489175342966,0.0020000000000000018,0.7333297835068593,0.5684300810870974,0.09106197994097363,False,nan,nan,False,False
554,2.77,0.0050163690002591466,0.0016544740001336322,9.006999789562542e-06,0.0019876570004271343,0.0012525019992608577,5.096499990031589e-05,0.0032564690000072005,0.003675404722846022,0.0020000000000000018,0.7350809445692044,0.8019711021382098,0.09505614933468315,False,nan,nan,False,False
555,2.775,0.005028882999795314,0.0016002330003175302,8.816999979899265e-06,0.0008940819998315419,0.0011841340001410572,5.179700019652955e-05,0.0032367320000048494,0.003673641523824146,0.0020000000000000018,0.7347283047648292,0.44447587769661384,0.09548088790604337,False,nan,nan,False,False
556,2.7800000000000002,0.00495557700014615,0.0018207540006187628,9.278000106860418e-06,0.001973270000235061,0.001378217000819859,6.422000024031149e-05,0.0030604429994127713,0.003693072014070797,0.0020000000000000018,0.7386144028141595,1.4518641992050363,0.0895460624376999,False,nan,nan,False,False
557,2.785,0.004998356000214699,0.0017226110003321082,9.326999133918434e-06,0.0008499289997416781,0.001319236000199453,5.1496000196493696e-05,0.0031643059992347844,0.003692013386955812,0.0020000000000000018,0.7384026773911624,0.4592482290378401,0.0929905487874985,False,nan,nan,False,False
558,2.79,0.005003655999644252,0.0017397830006302684,9.006999789562542e-06,0.0019744920000448474,0.0013230539998403401,5.11860007463838e-05,0.0031414639997819904,0.003704644866365882,0.0020000000000000018,0.7409289732731763,1.0253570730565167,0.0950981657570614,False,nan,nan,False,False
559,2.795,0.004999508000764763,0.0016734289993109996,9.417000001121778e-06,0.0008309029999509221,0.0012694630004261853,5.153600068297237e-05,0.003207157000360894,0.0037011172804443993,0.0020000000000000018,0.7402234560888798,0.5657440722401387,0.09612941868439752,False,nan,nan,False,False
560,2.8000000000000003,0.004998155999601295,0.0015941410001687473,9.19800004339777e-06,0.0002267539994136314,0.0011692170000969782,5.286900068313116e-05,0.0032970239999485784,0.0036973056760093367,0.0020000000000000018,0.7394611352018673,0.4517625900032469,0.09421849230872532,False,nan,nan,False,False
561,2.805,0.005001962000278581,0.0017103989994211588,8.385999535676092e-06,0.000734172999727889,0.0011064489999625948,6.169500011310447e-05,0.003230220000659756,0.003725651050066339,0.0020000000000000018,0.7451302100132678,1.9576483409708176,0.08936321354423042,False,nan,nan,False,False
562,2.81,0.005049833000157378,0.0015675509994252934,8.194999281840865e-06,0.0001996040000449284,0.0011312750002616667,5.496199992194306e-05,0.003256648999922618,0.00371541382201526,0.0020000000000000018,0.743082764403052,0.7798929457061092,0.099785732024451,False,nan,nan,False,False
563,2.815,0.004933814999276365,0.0016875860001164256,8.365999747184105e-06,0.0012048630005665473,0.001267790000383684,5.223799962550402e-05,0.0032022579998738365,0.003730977883161454,0.0020000000000000018,0.7461955766322907,1.204885783774053,0.09973981087822818,False,nan,nan,False,False
564,2.82,0.005013265000343381,0.001854477000051702,1.0650000149325933e-05,0.001723142000628286,0.0013946580002084374,7.783500041114166e-05,0.0030327909998959512,0.0037540412000337435,0.0020000000000000018,0.7508082400067486,1.5906511386828683,0.09261751542264124,False,nan,nan,False,False
565,2.825,0.005005648999940604,0.0016884879996723612,9.046999366546515e-06,0.001148908000686788,0.0012705760000244481,5.2058000619581435e-05,0.0031942920004439657,0.0037578612673634616,0.0020000000000000018,0.7515722534726923,0.44571073022219404,0.09763596316735702,False,nan,nan,False,False
566,2.83,0.005013224000322225,0.001769357999364729,1.1852000170620158e-05,0.0017366279998896061,0.0011630449998847325,6.143499922472984e-05,0.0030973120001362986,0.0037745875475819033,0.0020000000000000018,0.7549175095163806,1.1939954335275396,0.09915006342085848,False,nan,nan,False,False
567,2.835,0.004964632999872265,0.0013921529998697224,7.964999895193614e-06,0.0011295120002614567,0.0009759040003700648,5.258799956209259e-05,0.0035311629999341676,0.003772246577473294,0.0020000000000000018,0.7544493154946587,0.4269347918716321,0.09948148028319816,False,nan,nan,False,False
568,2.84,0.005050013000072795,0.0018394489998172503,1.1782000001403503e-05,0.0022679509993395186,0.0013875940003345022,5.2828999287157785e-05,0.003008785999554675,0.0037867796257200336,0.0020000000000000018,0.7573559251440066,1.0902267052775307,0.09321207096740003,False,nan,nan,False,False
569,2.845,0.00496623599974555,0.0016696319999027764,9.117000445257872e-06,0.0010834759996214416,0.00121839799976442,5.1095999879180454e-05,0.0032131079997270717,0.0037806602072623335,0.0020000000000000018,0.7561320414524667,0.5932097011533956,0.0950991658446515,False,nan,nan,False,False
570,2.85,0.004999789000066812,0.0017649100000198814,1.4245999409467913e-05,0.0021681349999198574,0.0013492729995050468,5.178700030228356e-05,0.0031328679997386644,0.0038035796258020526,0.0020000000000000018,0.7607159251604104,1.5042959260983941,0.09725202192293751,False,nan,nan,False,False
571,2.855,0.005014104999645497,0.0016370710000046529,8.906999937607907e-06,0.0010961100006170454,0.0012314119994698558,5.0334000661678147e-05,0.003235249000681506,0.003798342805841869,0.0020000000000000018,0.7596685611683739,0.5924440122767543,0.0983588524322493,False,nan,nan,False,False
572,2.86,0.004990201000509842,0.0016942379997999524,9.256999874196481e-06,0.0021526649998122593,0.001284783000301104,5.051400057709543e-05,0.00321906899989699,0.003811571181143679,0.0020000000000000018,0.7623142362287358,1.092762476475636,0.09413336100359776,False,nan,nan,False,False
573,2.865,0.0050300960001550266,0.001494623999860778,8.727000022190623e-06,0.0010327709997000056,0.0010529189994485932,5.1355999858060386e-05,0.0033798599997680867,0.003805030268177876,0.0020000000000000018,0.7610060536355752,0.6936871825200134,0.09436175045210235,False,nan,nan,False,False
574,2.87,0.004992434999621764,0.0018447789998390363,9.157000022241846e-06,0.0021052569991297787,0.001409054999385262,5.431099998531863e-05,0.0030121830004645744,0.0038373757550381527,0.0020000000000000018,0.7674751510076305,2.0364291614592442,0.09885835482481628,False,nan,nan,False,False
575,2.875,0.004973209000127099,0.0016596630002823076,9.106999641517177e-06,0.0009724380006446154,0.001190064999718743,5.141600013303105e-05,0.003220932999283832,0.0038323557565330263,0.0020000000000000018,0.7664711513066051,0.5616041466567534,0.10151272459588083,False,nan,nan,False,False
576,2.88,0.0049972239994531265,0.0018842830004359712,9.045999831869267e-06,0.002029315000072529,0.0014337410002553952,5.2397999752429314e-05,0.003004979000252206,0.003856182697889125,0.0020000000000000018,0.771236539577825,1.5088554385025519,0.09328629751178823,False,nan,nan,False,False
577,2.8850000000000002,0.005007142000067688,0.0016787790000307723,8.936999620345887e-06,0.0008689749993209261,0.0012772580003002076,5.1064999752270523e-05,0.0032016870000006747,0.0038504080396239916,0.0020000000000000018,0.7700816079247982,0.6660817577612667,0.09633179503120046,False,nan,nan,False,False
578,2.89,0.004998387000341609,0.0018367740003668587,9.11799997993512e-06,0.0019701539995367057,0.0013828850005666027,7.915800051705446e-05,0.003053699999327364,0.0038767865874662602,0.0020000000000000018,0.775357317493252,1.633610617573859,0.10198317836691116,False,nan,nan,False,False
579,2.895,0.00500800400004664,0.0017441210002289154,9.258000318368431e-06,0.0008608699999967939,0.0013186650003262912,5.330000021785963e-05,0.003157985000143526,0.0038633117221977212,0.0020000000000000018,0.7726623444395442,0.9626721270774883,0.10131393601480843,False,nan,nan,False,False
580,2.9,0.0050207369995405315,0.001959915000043111,9.186999704979826e-06,0.0019756940000661416,0.0014802579999013687,5.189700004848419e-05,0.002893360000598477,0.00388890281648308,0.0020000000000000018,0.7777805632966159,1.5911610572514183,0.09628803481732609,False,nan,nan,False,False
581,2.9050000000000002,0.0049649640004645335,0.0017079839999496471,8.6860000010347e-06,0.0008364140003322973,0.0012922960004289052,5.1776999498542864e-05,0.0031718210002509295,0.003883228738915847,0.0020000000000000018,0.7766457477831694,0.5652783629716372,0.0984876041802413,False,nan,nan,False,False
582,2.91,0.004989168999600224,0.0017360560004817671,8.6860000010347e-06,0.0019442949997028336,0.0013113120003254153,5.21080000908114e-05,0.003154238000206533,0.0039014419445918963,0.0020000000000000018,0.7802883889183793,1.2500828604621408,0.1014904154867544,False,nan,nan,False,False
583,2.915,0.00499921800019365,0.0017587680003998685,8.426000022154767e-06,0.0008239499993578647,0.0011514129992065136,6.198600021889433e-05,0.0031408730001203367,0.0039030858667695105,0.0020000000000000018,0.7806171733539021,0.4737573782712843,0.10238241062457203,False,nan,nan,False,False
584,2.92,0.0050113500001316424,0.0014873919999445206,8.445999810646754e-06,0.00021921999996266095,0.001080620999346138,5.286899977363646e-05,0.003449478999755229,0.0038888871668468377,0.0020000000000000018,0.7777774333693676,0.9925717532333633,0.09508669733657117,False,nan,nan,False,False
585,2.9250000000000003,0.0050460660004318925,0.00156053799946676,8.375999641430099e-06,0.0007728250002401182,0.001104464999116317,5.2228000640752725e-05,0.0033032860001185327,0.003917003212827126,0.0020000000000000018,0.7834006425654252,1.7067082208519588,0.09631552412959496,False,nan,nan,False,False
586,2.93,0.004984739999599697,0.0017111400002249866,1.098099983209977e-05,0.00018759000067802845,0.0012334259999988717,5.473199962580111e-05,0.0031378969997604145,0.0039018873647184257,0.0020000000000000018,0.7803774729436852,1.1160952256765297,0.10165896375800591,False,nan,nan,False,False
587,2.935,0.004958692000400333,0.001698415999271674,8.536000677850097e-06,0.0007077139998727944,0.0012849830000050133,5.2027000492671505e-05,0.0032995190003930475,0.003931843273097777,0.0020000000000000018,0.7863686546195554,1.7833785221123097,0.1021385300939267,False,nan,nan,False,False
588,2.94,0.005106758999318117,0.001538877000712091,8.545999662601389e-06,0.00021760700019513024,0.001126185999964946,5.999300083203707e-05,0.0032473629999003606,0.003921964708957565,0.0020000000000000018,0.7843929417915129,0.9384627488204327,0.09538293427200055,False,nan,nan,False,False
589,2.945,0.004896155000096769,0.0015944110000418732,8.214999979827553e-06,0.0012135389997638413,0.0011527760007083998,5.196700021770084e-05,0.003293138000117324,0.0039467189565724516,0.0020000000000000018,0.7893437913144904,1.4720020345056763,0.09902706897052599,False,nan,nan,False,False
590,2.95,0.005010228000173811,0.0018249329996251618,1.0740000107034575e-05,0.0018010980002145516,0.0013856509995093802,6.94800000928808e-05,0.0031294110003727837,0.0039597227192252,0.0020000000000000018,0.7919445438450399,1.16494083664338,0.10441154613473685,False,nan,nan,False,False
591,2.955,0.0050721340003292426,0.001699368000117829,9.107000551011879e-06,0.0012058950005666702,0.0012803549998352537,5.372000032366486e-05,0.003129681999780587,0.003950268594265585,0.0020000000000000018,0.7900537188531171,0.8546700590931439,0.10303720687553583,False,nan,nan,False,False
592,2.96,0.004960896999364195,0.0020052890004080837,1.1752000318665523e-05,0.0017274399997404544,0.0012897909991806955,5.812900053570047e-05,0.0028543270000227494,0.003965677747826086,0.0020000000000000018,0.793135549565217,1.2829280650690387,0.10387806538631088,False,nan,nan,False,False
593,2.965,0.004980091000106768,0.0018722510003499337,9.047000276041217e-06,0.0011557010002434254,0.0014408150000235764,5.212700034462614e-05,0.0030178229999364703,0.003962000530209457,0.0020000000000000018,0.7924001060418914,0.4813256159623661,0.10025842275492926,False,nan,nan,False,False
594,2.97,0.005022821999773441,0.0019239980001657386,1.1580999853322282e-05,0.001748568999573763,0.0014696379994347808,6.383900017681299e-05,0.0029265319999467465,0.003980262151517447,0.0020000000000000018,0.7960524303034894,1.4955078793134202,0.10519880413532609,False,nan,nan,False,False
595,2.975,0.004967900000337977,0.0018334980004510726,9.217000297212508e-06,0.0011449809999248828,0.0013876249995519174,6.349900013447041e-05,0.003048799999305629,0.003969254703629455,0.0020000000000000018,0.7938509407258909,1.0059063897014482,0.10388691427354692,False,nan,nan,False,False
596,2.98,0.005013072999645374,0.0018403710000711726,1.1701999937940855e-05,0.0017311370002062176,0.0013864830007150886,6.745700011379085e-05,0.003107049999925948,0.003990915457973923,0.0020000000000000018,0.7981830915947845,1.7631087710931794,0.09790802415678443,False,nan,nan,False,False
597,2.985,0.0050642800006244215,0.0017182319998028106,9.137000233749859e-06,0.0012160729993411223,0.0012960530002601445,5.3078999371791724e-05,0.0031162770001174067,0.0039730598986766254,0.0020000000000000018,0.7946119797353249,1.5545795960917648,0.1015662221941226,False,nan,nan,False,False
598,2.99,0.004964852999364666,0.0019442050006546197,1.1541000276338309e-05,0.0017567550003150245,0.001490778000516002,5.2368000069691334e-05,0.0028966660001970013,0.0040034174985001825,0.0020000000000000018,0.8006834997000365,2.463368208849102,0.10386180766110191,False,nan,nan,False,False
599,2.995,0.004957570000442502,0.001872720999926969,9.107000551011879e-06,0.001147234999734792,0.0014384500000232947,5.392100047174608e-05,0.003011572000104934,0.003981604078097236,0.0020000000000000018,0.7963208156194471,1.8781581171145492,0.10380073436865316,False,nan,nan,False,False
600,3.0,0.005014186000153131,0.001914528999805043,1.1221000022487715e-05,0.0017234930000995519,0.0014670630007458385,5.2597999456338584e-05,0.0029594340003313846,0.004002528212067641,0.0020000000000000018,0.8005056424135282,1.709193493797399,0.09942159536898935,False,nan,nan,False,False
601,3.005,0.004992164000213961,0.0018552389992692042,9.117000445257872e-06,0.001122609000049124,0.0014046369997231523,6.791700070607476e-05,0.003021389000423369,0.003981061838183556,0.0020000000000000018,0.7962123676367112,1.8596621467528682,0.10281511974512494,False,nan,nan,False,False
602,3.0100000000000002,0.005001651999918977,0.0018539269995017094,1.2213000445626676e-05,0.0022192790002009133,0.0014095850001467625,6.69150003886898e-05,0.0031104760000744136,0.004006038984809658,0.0020000000000000018,0.8012077969619317,2.0382752868577994,0.10492048864780594,False,nan,nan,False,False
603,3.015,0.005082062999463233,0.0014822809998804587,9.246999979950488e-06,0.0011588370007302728,0.0010497729999769945,5.038499966758536e-05,0.0033077050002248143,0.00397838007313152,0.0020000000000000018,0.7956760146263039,2.4248358769982308,0.10630134204788151,False,nan,nan,False,False
604,3.02,0.004906324000330642,0.0017652309998084093,1.4666999959445093e-05,0.002154608999262564,0.0012861249997513369,5.1916999836976174e-05,0.003123059000245121,0.004024445591392176,0.0020000000000000018,0.8048891182784352,3.7846211301757386,0.10096142191450509,False,nan,nan,False,False
605,3.025,0.00500655099949654,0.0018666410005607759,8.977000106824562e-06,0.0010347739998906036,0.0012057949998052209,7.383800038951449e-05,0.003014826999788056,0.0039839741129023805,0.0020000000000000018,0.796794822580476,3.562037076026339,0.09868391848011104,False,nan,nan,False,False
606,3.0300000000000002,0.004998888000045554,0.0018810670007951558,1.4657999599876348e-05,0.0021439890006149653,0.0014398419998542522,5.372000032366486e-05,0.003008525000041118,0.004043157442699381,0.0020000000000000018,0.8086314885398761,4.965929415613628,0.10370919070019743,False,nan,nan,False,False
607,3.035,0.00500832400030049,0.0017819419999796082,9.067000064533204e-06,0.001084177999473468,0.001330158000200754,5.308900017553242e-05,0.0031059180000738706,0.003984129760960732,0.0020000000000000018,0.7968259521921464,5.233717405484235,0.1021976075157966,False,nan,nan,False,False
608,3.04,0.005005369999707909,0.0018299910007044673,1.5047999113448896e-05,0.0021596180004053167,0.0011852150000777328,7.423800070682773e-05,0.0030426089997490635,0.004078500248014058,0.0020000000000000018,0.8157000496028115,7.870916279805833,0.10076025206909411,False,nan,nan,False,False
609,3.045,0.004988968000361638,0.001675071999670763,9.047000276041217e-06,0.0010385720006524934,0.0010597319997032173,5.808899913972709e-05,0.0032110540005305666,0.003995964073683099,0.0020000000000000018,0.7991928147366197,7.171801428863004,0.09957585640683007,False,nan,nan,False,False
610,3.0500000000000003,0.005001862999961304,0.001954874999682943,1.4617000488215126e-05,0.0021563909995165886,0.0012877479994131136,5.801799943583319e-05,0.0029224850004538894,0.004090195928398908,0.0020000000000000018,0.8180391856797814,7.964870089649118,0.10157032073089826,False,nan,nan,False,False
611,3.055,0.00499504999970668,0.0016751720004322124,9.297000360675156e-06,0.0010709719999795198,0.001224460000230465,5.104500087327324e-05,0.0032033099996624514,0.004009201626159445,0.0020000000000000018,0.8018403252318889,7.157960666815325,0.10557032751915861,False,nan,nan,False,False
612,3.06,0.004996653000489459,0.0019161629998052376,1.4326999917102512e-05,0.0021497689995158,0.0014450019998548669,5.223800053499872e-05,0.002970192999782739,0.004109822619641498,0.0020000000000000018,0.8219645239282994,8.279166846071005,0.10023753964557972,False,nan,nan,False,False
613,3.065,0.005004746999475174,0.0015844530007598223,8.956999408837873e-06,0.0010372790002293186,0.0011505210004543187,5.083599990030052e-05,0.003293058000053861,0.004015572061138122,0.0020000000000000018,0.8031144122276244,7.4854435057645246,0.10200786972813441,False,nan,nan,False,False
614,3.0700000000000003,0.004995772000256693,0.0018442680002408451,9.227000191458501e-06,0.0021355830003813026,0.0014013199997862102,6.918899998709094e-05,0.003040736000002653,0.004114210672635633,0.0020000000000000018,0.8228421345271266,8.219617383504334,0.10451415542354166,False,nan,nan,False,False
615,3.075,0.0050024940001094365,0.0015215450002870057,8.867000360623933e-06,0.0009909430000334396,0.0010783770003399695,5.200700070417952e-05,0.003379808999852685,0.004009988109208932,0.0020000000000000018,0.8019976218417862,8.158147158970825,0.10691849128446734,False,nan,nan,False,False
616,3.08,0.005018894000386354,0.0019869149991791346,9.147000127995852e-06,0.002090377999593329,0.0015250219994413783,5.292900004860712e-05,0.0028758380003637285,0.004110359735008833,0.0020000000000000018,0.8220719470017666,8.335643496332533,0.09995232117677147,False,nan,nan,False,False
617,3.085,0.004979420999916329,0.001644635000047856,8.917000741348602e-06,0.0009377740007039392,0.0011896140003955225,5.11759999426431e-05,0.0032046419992184383,0.004006908267507639,0.0020000000000000018,0.8013816535015279,8.156636016688266,0.10045762673562235,False,nan,nan,False,False
618,3.09,0.0049397059992770664,0.0014408250008273171,7.153000296966638e-06,0.0018765490003715968,0.0010305059995516785,5.104600040795049e-05,0.0034464939999452326,0.00410808892414939,0.0020000000000000018,0.8216177848298779,8.36266382318796,0.10404207566258987,False,nan,nan,False,False
619,3.095,0.0049535930002093664,0.0013845690000380273,6.321999535430223e-06,0.0007128530005502398,0.0009097499996642,4.6768000174779445e-05,0.003542464000020118,0.004008879822461965,0.0020000000000000018,0.8017759644923929,7.627262336401061,0.10589800892645232,False,nan,nan,False,False
620,3.1,0.004994539000108489,0.00137927900050272,5.569999302679207e-06,0.0018327669995414908,0.0010120719998667482,4.578500011120923e-05,0.0035510399993654573,0.004111213027070249,0.0020000000000000018,0.8222426054140497,8.380619313171554,0.10601932097115481,False,nan,nan,False,False
621,3.105,0.004990581000129168,0.001345896999737306,5.169999894860666e-06,0.0007025029999567778,0.0008563819992559729,4.489399998419685e-05,0.003581707000194001,0.004015697671064536,0.0020000000000000018,0.8031395342129072,7.152940178807977,0.1009921700792732,False,nan,nan,False,False
622,3.11,0.004978840000148921,0.0011866590002682642,4.518999958236236e-06,0.0017663120006545796,0.0008198430004995316,4.556499970931327e-05,0.0037807689996043337,0.004120982150931714,0.0020000000000000018,0.8241964301863428,8.638455884430543,0.10759646956203647,False,nan,nan,False,False
623,3.115,0.005036548000134644,0.0014489489994957694,6.061000021873042e-06,0.0007422279995807912,0.001006601999506529,6.550199941557366e-05,0.0035308120004629018,0.004031187034382785,0.0020000000000000018,0.806237406876557,6.570186033293605,0.10715799980932877,False,nan,nan,False,False
624,3.12,0.005089526000119804,0.0017056589995263494,8.37500010675285e-06,0.0019800419995590346,0.0012484349999795086,5.2767999477509875e-05,0.003162052999869047,0.004117620359414838,0.0020000000000000018,0.8235240718829677,8.527657667681055,0.1106329862582363,False,nan,nan,False,False
625,3.125,0.004972337999788579,0.001508571000158554,7.204000212368555e-06,0.0008084920000328566,0.0011029020006390056,5.122599941387307e-05,0.0033575669995116186,0.004006492506746296,0.0020000000000000018,0.8012985013492592,8.21525883513082,0.10070469821407285,False,nan,nan,False,False
626,3.13,0.004928956000185281,0.0014199349998307298,6.201999894983601e-06,0.0018022799995378591,0.0010515059993849718,4.69169999632868e-05,0.0035174670001651975,0.004108489255942614,0.0020000000000000018,0.8216978511885229,8.484567787028821,0.10503491297587332,False,nan,nan,False,False
627,3.1350000000000002,0.005000659999495838,0.001373729000079038,5.471000804391224e-06,0.0007091059997037519,0.0008897839998098789,5.2057000175409485e-05,0.0035585639998316765,0.00399310792090378,0.0020000000000000018,0.7986215841807561,8.244293376720933,0.1073501052029129,False,nan,nan,False,False
628,3.14,0.004991634000361955,0.0013601330001620227,5.34999981027795e-06,0.0018034730001090793,0.0010180140006923466,4.5916000090073794e-05,0.003583249999792315,0.004091708328572064,0.0020000000000000018,0.8183416657144128,8.526003818585943,0.10781662020736708,False,nan,nan,False,False
629,3.145,0.005002723999496084,0.0013346260002435884,5.410000085248612e-06,0.0006586520003111218,0.0008682030002091778,4.455299949768232e-05,0.003600242000175058,0.003971225884234187,0.0020000000000000018,0.7942451768468373,8.345249374884437,0.1001571263205288,False,nan,nan,False,False
630,3.15,0.004992314999981318,0.0013564460005,4.859000000578817e-06,0.0016936969996095286,0.0009040300001288415,4.55959998362232e-05,0.0035909849993913667,0.004073901215294324,0.0020000000000000018,0.8147802430588647,8.554317252578095,0.10354728464554337,False,nan,nan,False,False
631,3.1550000000000002,0.005008415000702371,0.0013185859997975058,5.300000339047983e-06,0.0005907939994358458,0.0008798550006758887,4.444299975148169e-05,0.0036191769995639334,0.003952640294450849,0.0020000000000000018,0.7905280588901697,8.327989422056975,0.10778746885070292,False,nan,nan,False,False
632,3.16,0.0050026839999191,0.001371514999846113,7.2639995778445154e-06,0.001710227000330633,0.0010200569995504338,4.5235000470711384e-05,0.00356381399979,0.0040564093792739495,0.0020000000000000018,0.8112818758547898,8.634123159205163,0.10697576060908562,False,nan,nan,False,False
633,3.165,0.004994749999241321,0.0012357200002952595,5.180000698601361e-06,0.000589192000006733,0.0008556900002076873,4.622599954018369e-05,0.0036987260000387323,0.003923060005576814,0.0020000000000000018,0.7846120011153628,8.476129381801055,0.09992390105568072,False,nan,nan,False,False
634,3.17,0.004997344000003068,0.0013819940004395903,7.3430001066299155e-06,0.00169150300007459,0.0010373499999332125,4.421199992066249e-05,0.003558714000064356,0.004028482718431678,0.0020000000000000018,0.8056965436863356,8.599064214865498,0.10304595917249308,False,nan,nan,False,False
635,3.1750000000000003,0.005000309000024572,0.0013405070003500441,5.279999641061295e-06,0.0005387369992604363,0.0008543580006517004,5.852899994351901e-05,0.0036030970004503615,0.003885994943576003,0.0020000000000000018,0.7771989887152004,8.550498517561287,0.10452940694060368,False,nan,nan,False,False
636,3.18,0.005004117000680708,0.001370983999549935,5.1200004236306995e-06,0.001611693000086234,0.0010375600004408625,4.3480999920575414e-05,0.0035669090002556914,0.003991734530618118,0.0020000000000000018,0.7983469061236237,8.525251102378506,0.10518584805695443,False,nan,nan,False,False
637,3.185,0.005004226999517414,0.0013127050006005447,5.228999725659378e-06,0.0010085760004585609,0.0008440779993179603,4.4331999561109114e-05,0.003618715999436972,0.003844049185347394,0.0020000000000000018,0.7688098370694788,8.697368637333849,0.10018277466350631,False,nan,nan,False,False
638,3.19,0.004988348000551923,0.001462193999941519,4.77900084661087e-06,0.0015568010003335075,0.0009660860005169525,4.431300021678908e-05,0.003481729999293748,0.003955671695058324,0.0020000000000000018,0.7911343390116649,8.525014813408106,0.10028566591755989,False,nan,nan,False,False
639,3.1950000000000003,0.005004316999475122,0.0012656369999604067,4.608999915944878e-06,0.0010010620007960824,0.0008840540003802744,4.463300047063967e-05,0.0036710340000354336,0.0037764062148258094,0.0020000000000000018,0.755281242965162,9.618662789016893,0.10489461424555516,False,nan,nan,False,False
640,3.2,0.004993155999727605,0.0013791190003757947,4.86899989482481e-06,0.0015867569991314667,0.0010242859998470522,5.3791000027558766e-05,0.003567851999832783,0.0038935429177774207,0.0020000000000000018,0.7787085835554841,7.292765909690699,0.10435575503839417,False,nan,nan,False,False
641,3.205,0.0050101090000680415,0.0013216610004747054,5.8610003179637715e-06,0.0010147969996978645,0.0008869780003806227,4.976299987902166e-05,0.0036147190003248397,0.003749833842417249,0.0020000000000000018,0.7499667684834499,8.158979083408099,0.09602049991677243,False,nan,nan,False,False
642,3.21,0.004992965999917942,0.001431977000720508,5.019000127504114e-06,0.0015811969997230335,0.0010645199999999022,4.440300017449772e-05,0.0035108649999529007,0.0039902573274258855,0.0020000000000000018,0.7980514654851771,11.949345652240547,0.10241155717732364,False,nan,nan,False,False
643,3.215,0.0050042270004269085,0.0013105799998811563,5.109000085212756e-06,0.0010054100002889754,0.0008880200002749916,4.4162999984109774e-05,0.003629116000411159,0.0037447229937704264,0.0020000000000000018,0.7489445987540855,12.19454566626099,0.10353671246244904,False,nan,nan,False,False
644,3.22,0.004997824999918521,0.0013745799997195718,5.020000571676064e-06,0.0015299309998226818,0.0010419380005259882,4.397199973027455e-05,0.0035704960000657593,0.003954455838744525,0.0020000000000000018,0.790891167748905,10.540400147522917,0.10634607840899915,False,nan,nan,False,False
645,3.225,0.0050057700000252225,0.0012231470000187983,5.230000169831328e-06,0.0009448569999221945,0.0008894830007193377,4.290000015316764e-05,0.003719274000104633,0.003709505941389571,0.0020000000000000018,0.7419011882779142,12.33356968649316,0.0961684849082782,False,nan,nan,False,False
646,3.23,0.005000520000066899,0.0013764440000159084,5.300000339047983e-06,0.002014396000049601,0.0010421990000395454,4.2890000258921646e-05,0.00355815300008544,0.003868996276696988,0.0020000000000000018,0.7737992553393975,8.096249984396636,0.09874295354642916,False,nan,nan,False,False
647,3.235,0.004995010000129696,0.0012061950001225341,4.889000592811499e-06,0.0009195700004056562,0.000836986000649631,4.3801999709103256e-05,0.003730505999556044,0.003633327537880665,0.0020000000000000018,0.726665507576133,12.874338830427265,0.1026772341191809,False,nan,nan,False,False
648,3.24,0.004993085999558389,0.0013439730000754935,4.9689997467794456e-06,0.0019983659994977643,0.001012904000162962,4.237999928591307e-05,0.003605742000218015,0.003818509912609384,0.0020000000000000018,0.7637019825218769,9.478818217158297,0.10272771392408689,False,nan,nan,False,False
649,3.245,0.005014396000660781,0.0012300199996388983,5.308999789122026e-06,0.0009443760000067414,0.0008720300002096337,5.213700023887213e-05,0.003706159999637748,0.0036433286392870533,0.0020000000000000018,0.7286657278574107,10.394130688511577,0.0955670799172356,False,nan,nan,False,False
650,3.25,0.004998045999855094,0.0013533699993786286,5.279999641061295e-06,0.001462905000153114,0.0010112410000147065,4.459400042833295e-05,0.00358299000072293,0.0038902323596497145,0.0020000000000000018,0.7780464719299428,12.223821737670411,0.0967347431099223,False,nan,nan,False,False
651,3.255,0.005003946000215365,0.0011839839999083779,5.118999979458749e-06,0.0009241889993063523,0.0008296719997815671,4.301100034354022e-05,0.003741696999895794,0.003641518454336196,0.0020000000000000018,0.7283036908672392,12.790544656162114,0.10314287242855635,False,nan,nan,False,False
652,3.2600000000000002,0.0049858529991979594,0.0013084760003039264,4.439000804268289e-06,0.0019993289997728425,0.0009572389999448205,4.3290999201417435e-05,0.00363468700015801,0.003838672502441377,0.0020000000000000018,0.7677345004882753,10.017295656404706,0.10263207071770757,False,nan,nan,False,False
653,3.265,0.005003506000321067,0.0011822200003734906,5.310000233293977e-06,0.0008569219999117195,0.0008441089994448703,4.250999973010039e-05,0.0037574959997073165,0.003605196918922721,0.0020000000000000018,0.7210393837845442,12.534891499916435,0.09411778523203661,False,nan,nan,False,False
654,3.27,0.0049989569997705985,0.0013698310003746883,5.038999915996101e-06,0.0019362909997653333,0.0010276620005242876,4.808999983652029e-05,0.00357595700006641,0.003766452540338188,0.0020000000000000018,0.7532905080676374,8.082243176291543,0.09811081383815358,False,nan,nan,False,False
655,3.275,0.005008375000215892,0.001196838000396383,5.500000042957254e-06,0.0008160260003933217,0.0008673820002513821,4.295000053389231e-05,0.0037354639998739003,0.003780616393446264,0.0020000000000000018,0.7561232786892528,3.2506932110391804,0.10020444834171098,False,nan,nan,False,False
656,3.2800000000000002,0.004988677999790525,0.0013083060002827551,4.66900019091554e-06,0.0018839630001821206,0.00097920099960902,4.2860000576183666e-05,0.00363826299962966,0.0038206732911920194,0.0020000000000000018,0.7641346582384039,7.842567277763065,0.09978443302370944,False,nan,nan,False,False
657,3.285,0.005009597000025678,0.0013173830002415343,5.2999994295532815e-06,0.0007432089996655122,0.0008679330003360519,4.406300013215514e-05,0.0036181160003252444,0.003738695833101547,0.0020000000000000018,0.7477391666203095,12.287200304889414,0.09221700247278145,False,nan,nan,False,False
658,3.29,0.004994820000320033,0.0013490119999914896,5.059000613982789e-06,0.001799184000446985,0.001012112000353227,4.4362999688019045e-05,0.0035950419996879646,0.0037951179863077397,0.0020000000000000018,0.7590235972615479,9.184988588708258,0.10036244636916108,False,nan,nan,False,False
659,3.295,0.005006530999708048,0.001370713000142132,5.270000656310003e-06,0.0006918239996593911,0.0008799549996183487,4.5694999244005885e-05,0.003563964000022679,0.0037171777377616446,0.0020000000000000018,0.743435547552329,7.4337961093915395,0.09918177961084043,False,nan,nan,False,False
660,3.3000000000000003,0.004993677000129537,0.001325348000136728,4.919000275549479e-06,0.0017689480000626645,0.0009887179994620965,4.359200011094799e-05,0.003612595000049623,0.003783043895755915,0.0020000000000000018,0.7566087791511831,9.631118954567217,0.10073913819254078,False,nan,nan,False,False
661,3.305,0.0049968439998338,0.001206456000545586,5.109000085212756e-06,0.000605843000812456,0.0008310840003105113,4.2749999920488335e-05,0.003735122999387386,0.0037284900309766753,0.0020000000000000018,0.7456980061953351,9.956832096034102,0.09321852926668268,False,nan,nan,False,False
662,3.31,0.0050087850004274515,0.0013445039994621766,6.561999725818168e-06,0.0017114510001192684,0.0010033059998022509,4.2579999899317045e-05,0.0035952630005340325,0.0037391154734831944,0.0020000000000000018,0.747823094696639,6.002841284255722,0.10162320973706819,False,nan,nan,False,False
663,3.315,0.005003565999686543,0.0013548830002036993,5.4210004236665554e-06,0.0006632800004808814,0.0009038899997904082,4.409200028021587e-05,0.0035769989999607787,0.0037570067168016604,0.0020000000000000018,0.7514013433603322,8.32240567648537,0.10299885134478504,False,nan,nan,False,False
664,3.3200000000000003,0.004992766000214033,0.0013306279997777892,6.952999683562666e-06,0.0016672869996909867,0.0009466399997108965,4.440300017449772e-05,0.0036063930001546396,0.0037311978436107007,0.0020000000000000018,0.74623956872214,11.817544452995685,0.10177457308240018,False,nan,nan,False,False
665,3.325,0.004998595999495592,0.001305281000895775,4.999000339012127e-06,0.0005241499993644538,0.000847655000143277,4.42020000264165e-05,0.0036371909991430584,0.003725386153004635,0.0020000000000000018,0.745077230600927,13.529226199359762,0.09127932643457619,False,nan,nan,False,False
666,3.33,0.005006211000363692,0.0013870940001652343,4.7789999371161684e-06,0.001544058000035875,0.001050954999300302,4.338100006862078e-05,0.0035505189998730202,0.0037241544645627745,0.0020000000000000018,0.7448308929125549,13.856414967985899,0.10121418842771573,False,nan,nan,False,False
667,3.335,0.00500453800032119,0.0012492559999373043,6.482000571850222e-06,0.0010210999998889747,0.0008628929999758839,4.602599983627442e-05,0.0036799499994231155,0.0037411068501236257,0.0020000000000000018,0.7482213700247251,12.556117099779962,0.09769627173197966,False,nan,nan,False,False
668,3.34,0.004988196999875072,0.0014088339994486887,4.958999852533452e-06,0.0015627910006514867,0.001053670000146667,4.3820999962917995e-05,0.0035356410007807426,0.0036394169252391166,0.0020000000000000018,0.7278833850478234,9.686599973432411,0.09688224341921416,False,nan,nan,False,False
669,3.345,0.005007062000004225,0.0013595529999292921,5.580999641097151e-06,0.001011661999655189,0.0008594370001446805,4.705800074589206e-05,0.003577888999643619,0.0037429973320976784,0.0020000000000000018,0.7485994664195357,9.759021422909079,0.09107500631572076,False,nan,nan,False,False
670,3.35,0.004997875000299246,0.0014026129992998904,4.608999915944878e-06,0.0015827389997866703,0.0010515560006751912,4.401199930725852e-05,0.0035404400005063508,0.0035706693174375284,0.0020000000000000018,0.7141338634875056,13.160891624667364,0.0955467870068438,False,nan,nan,False,False
671,3.355,0.005013214999962656,0.0014609209993068362,5.809999493067153e-06,0.0009608670006855391,0.0009595829997124383,4.706799973064335e-05,0.003463416000158759,0.003651706666323583,0.0020000000000000018,0.7303413332647165,5.452320846264021,0.09871725148909484,False,nan,nan,False,False
672,3.36,0.004988897999282926,0.0014044960007595364,4.859000000578817e-06,0.0015666089993828791,0.0009828579995883047,4.432200057635782e-05,0.003529288999743585,0.003709705875003643,0.0020000000000000018,0.7419411750007286,8.422693947143129,0.0935288490616423,False,nan,nan,False,False
673,3.365,0.004997835000722262,0.0012316629999986617,5.249999958323315e-06,0.0009863440000117407,0.0008795849998932681,4.359099966677604e-05,0.0037038059999758843,0.0036324540885285497,0.0020000000000000018,0.72649081770571,10.091088672230917,0.08683383334876106,False,nan,nan,False,False
674,3.37,0.004992485000002489,0.001397632999214693,5.070000042906031e-06,0.0015243400002873386,0.001032148999911442,4.423199970915448e-05,0.003553886000190687,0.003715994265801271,0.0020000000000000018,0.7431988531602542,10.551775535080036,0.09802148987008466,False,nan,nan,False,False
675,3.375,0.005015507999814872,0.0012183580001874361,5.169000360183418e-06,0.0009634819998609601,0.0008725420002519968,4.364199958217796e-05,0.003713793999850168,0.003634671310104793,0.0020000000000000018,0.7269342620209585,11.313708556873816,0.096664560918946,False,nan,nan,False,False
676,3.38,0.004992635000235168,0.001344423999398714,4.950000402459409e-06,0.0020279119999031536,0.0009592639999027597,4.461399930733023e-05,0.0035902740000892663,0.003666729675161542,0.0020000000000000018,0.7333459350323083,6.341525981017572,0.09900841369392452,False,nan,nan,False,False
677,3.3850000000000002,0.0050030459997287835,0.0012309309995544027,5.469999450724572e-06,0.0009609170001567691,0.000886137000634335,5.153600068297237e-05,0.003709887000695744,0.0036712549186930805,0.0020000000000000018,0.734250983738616,8.442337109540452,0.0927027462079476,False,nan,nan,False,False
678,3.39,0.005001591999644006,0.0014047960003154003,4.719000571640208e-06,0.002021270000113873,0.0009615580001991475,4.395199994178256e-05,0.0035292189995743684,0.0036312420399900085,0.0020000000000000018,0.7262484079980015,8.262128723256504,0.09537975624737094,False,nan,nan,False,False
679,3.395,0.004994068000087282,0.0012329250002949266,5.330000021785963e-06,0.0008715390003999346,0.0008757169998716563,4.3259999984002206e-05,0.003704908000145224,0.00364852599091716,0.0020000000000000018,0.7297051981834319,2.2946180238575224,0.09730335148928679,False,nan,nan,False,False
680,3.4,0.004995400000552763,0.0013615559992103954,5.208999937167391e-06,0.0019536429999789107,0.0010157890001210035,4.242000068188645e-05,0.003580205000616843,0.003626508733386755,0.0020000000000000018,0.7253017466773509,8.103187041295438,0.09900062324266107,False,nan,nan,False,False
681,3.4050000000000002,0.005002223999326816,0.0012768370006597252,5.0589997044880874e-06,0.0007812300000296091,0.0008938609998949687,4.4584000534086954e-05,0.0036708039997392916,0.0036135729448327895,0.0020000000000000018,0.7227145889665578,8.166237015294907,0.089807536229049,False,nan,nan,False,False
682,3.41,0.0050070120005329954,0.0013772349993814714,4.589000127452891e-06,0.001875728000413801,0.0010200870001426665,5.4011000429454725e-05,0.0035608280004453263,0.0036175263111753206,0.0020000000000000018,0.7235052622350642,0.8155243559308273,0.09687866583767221,False,nan,nan,False,False
683,3.415,0.005001933000130521,0.001344904999314167,5.300000339047983e-06,0.0007214289998955792,0.0009326039998995839,4.632699983631028e-05,0.0035874370005331002,0.0035726200345608714,0.0020000000000000018,0.7145240069121743,7.730454240682077,0.09775304571694528,False,nan,nan,False,False
684,3.42,0.005001952999919013,0.0013863619997209753,5.86099940846907e-06,0.001854226999967068,0.0010260889994242461,4.4452999645727687e-05,0.0035441669997453573,0.0035949984161540026,0.0020000000000000018,0.7189996832308004,10.122836499868198,0.09698938583701183,False,nan,nan,False,False
685,3.4250000000000003,0.0049934169992411626,0.001363549000416242,5.410000085248612e-06,0.0007112499997674604,0.0008926190002966905,4.675799937103875e-05,0.003570887000023504,0.0035629763069576392,0.0020000000000000018,0.712595261391528,5.277599780815472,0.08972209144043962,False,nan,nan,False,False
686,3.43,0.004993106000256375,0.0013931049998063827,5.390000296756625e-06,0.0018396999994365615,0.0010206790002484922,4.398199962452054e-05,0.003551260000676848,0.0035733869156818494,0.0020000000000000018,0.7146773831363699,4.649226292145905,0.09395323201126214,False,nan,nan,False,False
687,3.435,0.005006311000215646,0.0013366789999054163,5.099000190966763e-06,0.0007152669995775796,0.0008543780004401924,4.9112000851891935e-05,0.0035983790003228933,0.003533674739780824,0.0020000000000000018,0.7067349479561646,9.642812047082204,0.09752023048849438,False,nan,nan,False,False
688,3.44,0.00499299599960068,0.0013795900003970019,4.599000021698885e-06,0.0018252230001962744,0.0010226020003756275,4.8720999984652735e-05,0.003564935000213154,0.00357052620406088,0.0020000000000000018,0.7141052408121759,6.78257662790282,0.09455434088084348,False,nan,nan,False,False
689,3.4450000000000003,0.005003646000659501,0.0011979599994447199,5.070000042906031e-06,0.0007409059999190504,0.000849437999931979,4.3902000470552593e-05,0.003739292000318528,0.0035269311463824262,0.0020000000000000018,0.7053862292764852,8.100704555595419,0.08865009045477122,False,nan,nan,False,False
690,3.45,0.004995880999558722,0.001333733999672404,5.140000212122686e-06,0.0018732620001173927,0.000996644000224478,4.355200053396402e-05,0.0036132260001977556,0.003568506699787924,0.0020000000000000018,0.7137013399575848,11.313709962210583,0.09168762740568447,False,nan,nan,False,False
691,3.455,0.005010159000448766,0.0013401559999692836,5.3400008255266584e-06,0.0007217900001705857,0.0008728319999136147,4.444299975148169e-05,0.0035912439998355694,0.003525051209959303,0.0020000000000000018,0.7050102419918606,8.736208758542798,0.09438887733204258,False,nan,nan,False,False
692,3.46,0.004990400999304256,0.001292607000323187,5.068999598734081e-06,0.0018280779995620833,0.0009129070003837114,5.322899960447103e-05,0.0036505560001387494,0.003565829175907901,0.0020000000000000018,0.7131658351815802,8.559785421632762,0.09526045099956734,False,nan,nan,False,False
693,3.465,0.00500711200038495,0.0013529199995900854,5.570000212173909e-06,0.0007205969995993655,0.0008910060005291598,4.572499983623857e-05,0.0035818880005535902,0.003523656691735792,0.0020000000000000018,0.7047313383471584,11.313710268048567,0.08544859882848244,False,nan,nan,False,False
694,3.47,0.0049910930001715315,0.0012988290000066627,5.32000012753997e-06,0.0017747789997883956,0.0009175160002996563,4.4022000110999215e-05,0.0036474899998211185,0.0035458800915703957,0.0020000000000000018,0.7091760183140791,6.778039758259211,0.0883116317175286,False,nan,nan,False,False
695,3.475,0.005013705000237678,0.0013177539995012921,5.469999450724572e-06,0.0006380129998433404,0.0008663600001455052,4.346100013208343e-05,0.003614387999732571,0.0035090397487547616,0.0020000000000000018,0.7018079497509523,8.786657616672024,0.09405817152456575,False,nan,nan,False,False
696,3.48,0.004998655999770563,0.0013867729994672118,1.1642000572464895e-05,0.0017263679992538528,0.0010340530006942572,4.2720000237750355e-05,0.0035479140005918453,0.0035278127018703444,0.0020000000000000018,0.7055625403740688,8.875971638453853,0.09353249750124643,False,nan,nan,False,False
697,3.485,0.004996523000045272,0.001278239999919606,5.389999387261923e-06,0.0005996909994792077,0.0008428259998254362,4.378199992061127e-05,0.00365577599950484,0.0034940704164991548,0.0020000000000000018,0.698814083299831,11.31370864850122,0.08805710496097462,False,nan,nan,False,False
698,3.49,0.00500921599996218,0.001379890999487543,1.3435000255412888e-05,0.0017281210002693115,0.0010173730006499682,4.4282999624556396e-05,0.0035481240001900005,0.0035250880718565416,0.0020000000000000018,0.7050176143713083,8.579911669132283,0.09254285207769765,False,nan,nan,False,False
699,3.495,0.004989500000192493,0.0012719979995381436,5.339999916031957e-06,0.0006042089999027667,0.0008689750002304208,4.4282999624556396e-05,0.0036647930000981432,0.0034960073203876008,0.0020000000000000018,0.69920146407752,9.958568122666819,0.09449016976549915,False,nan,nan,False,False
700,3.5,0.005005209000046307,0.0013916619991505286,7.122999704733957e-06,0.0017300950003118487,0.0010220710000794497,4.4223000259080436e-05,0.003541642000527645,0.003516351049648333,0.0020000000000000018,0.7032702099296666,9.936247669782592,0.09331542733647231,False,nan,nan,False,False
701,3.505,0.004994958999304799,0.0012910850000480423,5.1500001063686796e-06,0.0005922769996686839,0.0008964060007201624,4.803999945579562e-05,0.0036472800002229633,0.0034895784801920143,0.0020000000000000018,0.6979156960384029,11.313708520528467,0.08913622059267487,False,nan,nan,False,False
702,3.5100000000000002,0.005087102999823401,0.0012259020004421473,5.489999239216559e-06,3.577700044843368e-05,0.000878272000591096,4.7649999942223076e-05,0.0036292060003688675,0.0035058213227203124,0.0020000000000000018,0.7011642645440624,6.8682787718865645,0.09351355664232308,False,nan,nan,False,False
703,3.515,0.004918096000437799,0.001261188000171387,5.650999810313806e-06,0.0006101309991208836,0.0008768690004217206,4.5405000491882674e-05,0.0036716459999297513,0.0034881532167169806,0.0020000000000000018,0.6976306433433961,11.3137116645618,0.09671145563434061,False,nan,nan,False,False
704,3.52,0.005003856000257656,0.001405207999596314,1.6420000065409113e-05,0.0017953770002350211,0.0010515060002944665,4.802000057679834e-05,0.003541922999829694,0.0034980386394865585,0.0020000000000000018,0.6996077278973116,4.792013288354939,0.0998563429125607,False,nan,nan,False,False
705,3.525,0.005040694999479456,0.0013196879999668454,5.670000064128544e-06,0.0006498149996332359,0.0008798850003586267,4.38920005763066e-05,0.003572500000700529,0.0034862595769876038,0.0020000000000000018,0.6972519153975207,9.289478729345769,0.08751448617957532,False,nan,nan,False,False
706,3.5300000000000002,0.00495876200056955,0.0013926040001024376,7.804000233591069e-06,0.0017133330002252478,0.0010424689999126713,4.3230999835941475e-05,0.003541772999597015,0.003499945419137251,0.0020000000000000018,0.6999890838274502,8.691106376942798,0.09094646937792857,False,nan,nan,False,False
707,3.535,0.004995771999347198,0.0013533400006053853,5.480000254465267e-06,0.0006108429997766507,0.0008666799994898611,4.459400042833295e-05,0.003585103999284911,0.0034930811403169376,0.0020000000000000018,0.6986162280633874,10.129271225807528,0.09392223750302461,False,nan,nan,False,False
708,3.54,0.00500766300046962,0.0014707809996252763,1.6169999980775174e-05,0.0017328800004179357,0.0009438450006200583,4.4473000343714375e-05,0.003455671000665461,0.003489205916096156,0.0020000000000000018,0.6978411832192312,3.9871272084852243,0.0969538606760862,False,nan,nan,False,False
709,3.545,0.004987765999430849,0.0013586009999926318,5.330000021785963e-06,0.0006003620001138188,0.0008594270002504345,4.38920005763066e-05,0.0035737220005103154,0.003487638791450112,0.0020000000000000018,0.6975277582900222,8.995465561283575,0.08852394139121764,False,nan,nan,False,False
710,3.5500000000000003,0.005008446000829281,0.0013955989998066798,9.718999535834882e-06,0.001718663999781711,0.0009276640003008652,4.283999987819698e-05,0.003529769999659038,0.003490305398391607,0.0020000000000000018,0.6980610796783213,8.769840871789238,0.0892980342455422,False,nan,nan,False,False
711,3.555,0.00498377799976879,0.0013126449994160794,4.948999958287459e-06,0.0005382359995564912,0.0008401509994655498,4.4333000005281065e-05,0.0036347560007925495,0.003495985331228441,0.0020000000000000018,0.6991970662456881,10.20264826071808,0.09367574146153537,False,nan,nan,False,False
712,3.56,0.005006120999496488,0.0014030430002094363,4.759000148624182e-06,0.0016172329997061752,0.0010451939997437876,4.3091000407002866e-05,0.003537155000230996,0.003489144147021214,0.0020000000000000018,0.6978288294042427,6.298627924701909,0.0905361386184986,False,nan,nan,False,False
713,3.565,0.0050041970007441705,0.001338774000032572,5.881000106455758e-06,0.0010284239997417899,0.0008718310000404017,4.5235000470711384e-05,0.003592826999920362,0.0034966244079903844,0.0020000000000000018,0.6993248815980768,9.33997974135991,0.08529314017816601,False,nan,nan,False,False
714,3.5700000000000003,0.004992775999198784,0.0014101060005486943,6.642999323958065e-06,0.0015935390001686756,0.001029575000757177,4.4082999920647126e-05,0.003533306999997876,0.0034901220779060813,0.0020000000000000018,0.6980244155812162,6.410763024830991,0.09139438126373164,False,nan,nan,False,False
715,3.575,0.005014106000089669,0.0012694430006376933,1.1621000339800958e-05,0.0010406060000605066,0.0008732329997656052,5.769699964730535e-05,0.0036566469998433604,0.003497906098582741,0.0020000000000000018,0.6995812197165483,7.688193069410515,0.09547743071107727,False,nan,nan,False,False
716,3.58,0.004982815999937884,0.0013884070003769011,5.029000021750107e-06,0.0015923369992378866,0.0010234029996354366,4.3570999878284056e-05,0.003553894999640761,0.003492484504854311,0.0020000000000000018,0.698496900970862,5.160357926576276,0.09257410437096233,False,nan,nan,False,False
717,3.585,0.005006582000532944,0.001302515000134008,5.110000529384706e-06,0.0010289940000802744,0.0008619809996162076,4.52840004072641e-05,0.003633684999840625,0.0034989389088890687,0.0020000000000000018,0.6997877817778135,5.032284213008605,0.08895395915371057,False,nan,nan,False,False
718,3.59,0.004991933999917819,0.0014103769999564975,5.029999556427356e-06,0.001580245000695868,0.0010498530000404571,4.50549996457994e-05,0.0035353209996173973,0.0034954025039309663,0.0020000000000000018,0.6990805007861932,3.0475514292997445,0.09475672446954657,False,nan,nan,False,False
719,3.595,0.005009397000321769,0.0012223249996168306,5.330000021785963e-06,0.0010035759996753768,0.0008734240000194404,4.517500019574072e-05,0.0037143850004213164,0.003499998160573335,0.0020000000000000018,0.6999996321146669,5.247730721505719,0.09365972715942802,False,nan,nan,False,False
720,3.6,0.004995499999495223,0.001350446000287775,5.040000360168051e-06,0.0015305709994208883,0.0010115120003320044,4.469399937079288e-05,0.0035940199995820876,0.003496088709043629,0.0020000000000000018,0.6992177418087256,7.534011640678829,0.09353183645386792,False,nan,nan,False,False
721,3.605,0.005009567999877618,0.0012088800003766664,5.5199998314492404e-06,0.0009299789999204222,0.0008438069999101572,4.269900000508642e-05,0.003717821999998705,0.0035025660242266107,0.0020000000000000018,0.700513204845322,6.376698823901614,0.0868112064740507,False,nan,nan,False,False
722,3.61,0.004986453000128677,0.0013424710004983353,5.119999514135998e-06,0.002003245999731007,0.0010036369994850247,4.283999987819698e-05,0.0036006219997943845,0.003496859269903271,0.0020000000000000018,0.699371853980654,5.819518871040853,0.09203939314614616,False,nan,nan,False,False
723,3.615,0.0050032050003210315,0.0011928909998459858,5.108999175718054e-06,0.000911514000108582,0.0008396100001846207,4.24899999416084e-05,0.0037482990001080907,0.0035031846400071405,0.0020000000000000018,0.7006369280014281,7.953694941245962,0.09443089255912557,False,nan,nan,False,False
724,3.62,0.004998677000003227,0.0013810529999318533,5.199000042921398e-06,0.002007113999752619,0.0010255069992126664,4.3140000343555585e-05,0.0035661379997691256,0.0034954143701439195,0.0020000000000000018,0.6990828740287838,8.401574685173372,0.09308759935967013,False,nan,nan,False,False
725,3.625,0.005012071999772161,0.0012319139996179729,5.310000233293977e-06,0.0010076150001623319,0.0008721509993847576,4.2149000364588574e-05,0.003708434000145644,0.0035074483940212005,0.0020000000000000018,0.7014896788042401,7.24411002203746,0.08340471356990461,False,nan,nan,False,False
726,3.63,0.005019846000323014,0.0014182619997882284,6.5229996835114434e-06,0.0018996620001416886,0.0010469270000612596,4.537499989964999e-05,0.0035077189995718072,0.0034978020543805608,0.0020000000000000018,0.6995604108761121,8.83619288566013,0.09124752960429282,False,nan,nan,False,False
727,3.6350000000000002,0.005036146999373159,0.0013962110006104922,7.534000360465143e-06,0.0007318489997487632,0.0010201470004176372,5.413100006990135e-05,0.0035013769993383903,0.003507174030795937,0.0020000000000000018,0.7014348061591873,8.806583419879303,0.0895651209842711,False,nan,nan,False,False
728,3.64,0.004970845000570989,0.0014289619994087843,7.884999831730966e-06,0.0018667709991859738,0.0010565949996816926,4.6336000195879024e-05,0.003485437000563252,0.00349575325902838,0.0020000000000000018,0.6991506518056759,9.09336758493366,0.09370576176097796,False,nan,nan,False,False
729,3.645,0.004989668999769492,0.0013136469997334643,5.900999894947745e-06,0.0007282709993887693,0.0009374829996886547,5.9160000091651455e-05,0.0036098000000492902,0.0035105811394270845,0.0020000000000000018,0.7021162278854168,9.237314395365981,0.0864617868056323,False,nan,nan,False,False
730,3.65,0.0050007310001092264,0.0014185029995132936,6.2920007621869445e-06,0.0017907980000018142,0.0010130850005225511,4.534500021691201e-05,0.003502698999909626,0.0034963617178784623,0.0020000000000000018,0.6992723435756925,9.513023470703235,0.0947699049650292,False,nan,nan,False,False
731,3.6550000000000002,0.004996222000045236,0.0013376619999689865,6.330999894998968e-06,0.0009184170003209147,0.000965534999522788,5.3820999710296746e-05,0.003587015999983123,0.0035121569921598038,0.0020000000000000018,0.7024313984319608,9.727216565541083,0.08835080049659826,False,nan,nan,False,False
732,3.66,0.004996101999495295,0.0014364060007210355,6.171999302750919e-06,0.00204635599948233,0.00106183499974577,4.592599998431979e-05,0.0034951759998875787,0.003496040887721186,0.0020000000000000018,0.699208177544237,9.78572907842974,0.09011005794508577,False,nan,nan,False,False
733,3.665,0.005005189000257815,0.0013042589998804033,6.381999810400885e-06,0.000895545000275888,0.00095494599918311,4.715900013252394e-05,0.003618446000473341,0.003517958769710819,0.0020000000000000018,0.7035917539421637,10.633598511781473,0.09306682443342777,False,nan,nan,False,False
734,3.67,0.004992746000425541,0.001393013999404502,6.150999979581684e-06,0.0019797920003838954,0.0010290039999745204,6.328899962682044e-05,0.0035422540004219627,0.0034955646678635024,0.0020000000000000018,0.6991129335727004,10.734913597211984,0.09144320635575566,False,nan,nan,False,False
735,3.6750000000000003,0.005009676999179646,0.0013326320004125591,6.150999979581684e-06,0.0008831710001686588,0.0009751540001161629,4.635699951904826e-05,0.003589320999708434,0.0035216857094587956,0.0020000000000000018,0.7043371418917591,11.313753790261886,0.0840305604642154,False,nan,nan,False,False
736,3.68,0.004992956000023696,0.0013904700008424697,5.750999662268441e-06,0.0014265469999372726,0.001030096000249614,4.579500000545522e-05,0.003539928999998665,0.003495564697006821,0.0020000000000000018,0.6991129394013641,11.313782224621159,0.0917038794191427,False,nan,nan,False,False
737,3.685,0.0050017120001939475,0.0012968450000698795,6.242000381462276e-06,0.0008734530001675012,0.0009466600004088832,4.630700004781829e-05,0.0036341249997349223,0.003521685683664852,0.0020000000000000018,0.7043371367329704,11.31374453299444,0.09509716450452083,False,nan,nan,False,False
738,3.69,0.005002674000024854,0.0014152869998724782,6.201000360306352e-06,0.0019423120002102223,0.0010620359998938511,4.956300017511239e-05,0.0035077990005447646,0.0034955646553214014,0.0020000000000000018,0.6991129310642802,11.313716226662223,0.09217898225219402,False,nan,nan,False,False
739,3.6950000000000003,0.00500953800019488,0.0013736780001636362,5.6200005928985775e-06,0.000748088999898755,0.0008960350005509099,4.657800036511617e-05,0.003539358000125503,0.003521685681398595,0.0020000000000000018,0.704337136279719,11.31370957960555,0.08495876313816615,False,nan,nan,False,False
740,3.7,0.0049720659999366035,0.0012939700000060839,5.2189998314133845e-06,0.0017785259997253888,0.0009099310000237892,4.5323999984248076e-05,0.0036485020000327495,0.0034955646523629966,0.0020000000000000018,0.6991129304725993,11.313708728745098,0.08901815903693508,False,nan,nan,False,False
741,3.705,0.005008125000131258,0.0013198879996707547,5.691000296792481e-06,0.0006450660002883524,0.0008385880000787438,4.4703999265038874e-05,0.0036064430005353643,0.0035216856880893937,0.0020000000000000018,0.7043371376178786,11.313717087200633,0.08779822464967738,False,nan,nan,False,False
742,3.71,0.004999869000130275,0.0013691699996343232,7.264000487339217e-06,0.0017253569994863938,0.0010108309998031473,4.445300055522239e-05,0.0035593650000009802,0.0034955646885421383,0.0020000000000000018,0.6991129377084275,11.313747647782842,0.09487097659298065,False,nan,nan,False,False
743,3.715,0.004988757999853988,0.0012499169997681747,5.37999949301593e-06,0.0006015749995640363,0.0008458310003334191,4.42020000264165e-05,0.003687415000058536,0.003521685681201034,0.0020000000000000018,0.7043371362402068,11.313731523115356,0.08871471541728794,False,nan,nan,False,False
744,3.72,0.0049999689999822294,0.0013695509996978217,6.792999556637369e-06,0.0017154269999082317,0.0010123330002898001,4.37320004493813e-05,0.0035721790000025067,0.0034955646514729486,0.0020000000000000018,0.6991129302945897,11.313710008225131,0.09345731320043223,False,nan,nan,False,False
745,3.725,0.005011360999560566,0.001347129000350833,4.888999683316797e-06,0.0011351330003890325,0.0009286260001317714,4.6146000386215746e-05,0.00358656600019458,0.003521685682653333,0.0020000000000000018,0.7043371365306665,11.313711535006147,0.08618164712372586,False,nan,nan,False,False
746,3.73,0.0049920540004677605,0.0013882459998058039,6.694499916193308e-05,0.0016953900003500166,0.0009600850007700501,4.805000025953632e-05,0.0035489050005708123,0.00349556465853337,0.0020000000000000018,0.6991129317066739,11.313717414452013,0.08841560913694252,False,nan,nan,False,False
747,3.735,0.005007923999983177,0.0013308179995874525,5.670000064128544e-06,0.0010365070002080756,0.0008819390004646266,4.4903999878442846e-05,0.003596856000513071,0.0035216856808002474,0.0020000000000000018,0.7043371361600494,11.313712593901016,0.09170833065852145,False,nan,nan,False,False
748,3.74,0.004987846000403806,0.0014157279993014527,5.330000021785963e-06,0.0015892219998931978,0.0010574580001048162,4.585599981510313e-05,0.003535841000484652,0.0034955646532635375,0.0020000000000000018,0.6991129306527074,11.313709999188871,0.0894553818060712,False,nan,nan,False,False
749,3.745,0.005015257999730238,0.0013300569999046274,5.330000021785963e-06,0.0010381709998910083,0.0008838829999149311,4.5094000597600825e-05,0.0035914649997721426,0.0035216856821066998,0.0020000000000000018,0.7043371364213399,11.313712619341748,0.08289925123990398,False,nan,nan,False,False
750,3.75,0.004979731000275933,0.001396350999129936,4.948999958287459e-06,0.0015877690002525924,0.0010494520001884666,4.3480999920575414e-05,0.003556019000825472,0.0034955646533621704,0.0020000000000000018,0.699112930672434,11.313712699996255,0.09126070458321679,False,nan,nan,False,False
751,3.755,0.005014205999941623,0.0012884689995189547,5.37999949301593e-06,0.000489655999444949,0.0009193489995595883,4.706799973064335e-05,0.0036413890002222615,0.0035216856830737587,0.0020000000000000018,0.7043371366147517,11.313713821668003,0.09279022333433014,False,nan,nan,False,False
752,3.7600000000000002,0.004989448999367596,0.0013721160003115074,5.5109994718804955e-06,0.0015963050000209478,0.0010343439998905524,4.435299979377305e-05,0.0035703960002138047,0.0034955646510675576,0.0020000000000000018,0.6991129302135115,11.313708678114224,0.08933093692314736,False,nan,nan,False,False
753,3.765,0.005004268000448064,0.0012522309998530545,5.4299998737405986e-06,0.001030125999932352,0.0008780210000622901,5.8088000514544547e-05,0.003683287000058044,0.0035216856820370905,0.0020000000000000018,0.704337136407418,11.313710531658712,0.08403583223346417,False,nan,nan,False,False
754,3.77,0.004995930999939446,0.001355495000098017,5.20999947184464e-06,0.0016014339998946525,0.0009791000002223882,4.440300017449772e-05,0.0035835600001519197,0.003495564668092547,0.0020000000000000018,0.6991129336185093,11.313713278291022,0.08974294418970566,False,nan,nan,False,False
755,3.775,0.005006280999623414,0.0012486949999583885,5.449999662232585e-06,0.0010446539999975357,0.0008860770003593643,5.6646000302862376e-05,0.0036837779998677433,0.0035216857045133327,0.0020000000000000018,0.7043371409026665,11.313749556298166,0.09141125850588887,False,nan,nan,False,False
756,3.7800000000000002,0.004989720000594389,0.0014641170000686543,5.34999981027795e-06,0.0015904940000837087,0.0009867239996310673,4.523499956121668e-05,0.0034817309997379198,0.0034955646504971453,0.0020000000000000018,0.699112930099429,11.313722903736288,0.09585066589237765,False,nan,nan,False,False
757,3.785,0.005006120999496488,0.0012244190002093092,5.640999916067813e-06,0.0010256080004182877,0.0008417939998253132,5.210700055613415e-05,0.003713924000294355,0.0035216856817848643,0.0020000000000000018,0.7043371363569728,11.313708615603911,0.08791183834680122,False,nan,nan,False,False
758,3.79,0.0049956299999394105,0.0013659750002261717,4.988999535271432e-06,0.0016025660006562248,0.0010226429994872888,4.327100032242015e-05,0.0035785210002359236,0.0034955647399353734,0.0020000000000000018,0.6991129479870747,11.31376265776338,0.09010244645324601,False,nan,nan,False,False
759,3.795,0.005010298999877705,0.0012833800001317286,5.330000021785963e-06,0.0010254480002913624,0.0008359430003110901,4.51340001745848e-05,0.003648622000582691,0.003521685681679656,0.0020000000000000018,0.7043371363359311,11.313744465290855,0.0949461992718141,False,nan,nan,False,False
760,3.8000000000000003,0.004987816000721068,0.0014525069991577766,5.089000296720769e-06,0.0015846630003579776,0.0010442829998282832,4.530499973043334e-05,0.0034928800005218363,0.0034955646503139755,0.0020000000000000018,0.699112930062795,11.313709233739726,0.09191192861369765,False,nan,nan,False,False
761,3.805,0.005010037999454653,0.0013200690000303439,5.619999683403876e-06,0.0010317489995941287,0.000862353000229632,4.435299979377305e-05,0.0036125050000919146,0.0035216856814871337,0.0020000000000000018,0.7043371362974267,11.313709107803083,0.08421901832381508,False,nan,nan,False,False
762,3.81,0.004988888999832852,0.0013745700007348205,5.060000148660038e-06,0.001586115999998583,0.0010235540003122878,4.398199962452054e-05,0.003577719999157125,0.003495564653149423,0.0020000000000000018,0.6991129306298847,11.313711684632837,0.09247899779453456,False,nan,nan,False,False
763,3.815,0.005014045000280021,0.001311142000304244,5.400999725679867e-06,0.0010375299998486298,0.0008610499999122112,4.8240000069199596e-05,0.0036178849995849305,0.0035216856816597517,0.0020000000000000018,0.7043371363319503,11.313708796743644,0.0936476106228206,False,nan,nan,False,False
764,3.8200000000000003,0.004985823000424716,0.0013581489993157447,4.889000592811499e-06,0.0015845429998080363,0.001014927999676729,4.514400006883079e-05,0.0035851840002578683,0.0034955646817893863,0.0020000000000000018,0.6991129363578772,11.313729692992464,0.0919010047782924,False,nan,nan,False,False
765,3.825,0.0050026839999191,0.0010161199998037773,3.858000127365813e-06,0.0010150079997401917,0.0006629700001212768,4.4784000237996224e-05,0.003930169000341266,0.0035216856966896006,0.0020000000000000018,0.70433713933792,11.313754230713553,0.08652951198033991,False,nan,nan,False,False
766,3.83,0.005006981999940763,0.0014404939993255539,7.544999789388385e-06,0.0016229849998126156,0.0010642600000210223,5.029400017519947e-05,0.0034969380003531114,0.003385110713056098,0.0020000000000000018,0.6770221426112195,13.856605398163728,0.09399791498806415,False,nan,nan,False,False
767,3.835,0.00499981899974955,0.0015210339997793199,5.751000571763143e-06,0.001067556000634795,0.000957629999902565,5.0615000873222016e-05,0.0034244540001964197,0.0035216863827436163,0.0020000000000000018,0.7043372765487232,13.857216280897738,0.09389258608016451,False,nan,nan,False,False
768,3.84,0.005017081000005419,0.001473594999879424,6.431999281630851e-06,0.001572920999933558,0.0010949580000669812,4.7078000534384046e-05,0.0034531780001998413,0.00322729870974312,0.0018000000000000238,0.6454597419486241,16.084184425484434,0.09010622501654326,False,nan,nan,False,False
769,3.845,0.0049903010003617965,0.001322312999946007,5.529999725695234e-06,0.0009910729995681322,0.000929527999687707,5.376999979489483e-05,0.0036123239997323253,0.003619714385286505,0.0020000000000000018,0.7239428770573011,17.888568491875503,0.08595094321376764,False,nan,nan,False,False
770,3.85,0.0050004999993689125,0.0014025529999344144,5.220000275585335e-06,0.001562551999995776,0.0010522779994062148,4.4223000259080436e-05,0.0035316940002303454,0.003431109749569161,0.0020000000000000018,0.6862219499138322,12.366686938474125,0.09213340863656272,False,nan,nan,False,False
771,3.855,0.004995571000108612,0.001254396000149427,5.109000085212756e-06,0.0009864550002021133,0.0008962459996837424,4.431300021678908e-05,0.003676274000099511,0.0036701136887702735,0.0020000000000000018,0.7340227377540547,14.66054335189352,0.09048169722525433,False,nan,nan,False,False
772,3.86,0.0049953610005104565,0.0013677469996764557,4.9390000640414655e-06,0.002042318999883719,0.0010182440000789938,4.290099968784489e-05,0.003582248000384425,0.003387775341073657,0.0020000000000000018,0.6775550682147314,16.000211480357276,0.08948501629150973,False,nan,nan,False,False
773,3.865,0.0050137749994974,0.001209009999911359,5.249999958323315e-06,0.0009805239997149329,0.0008491380003761151,4.4704000174533576e-05,0.0037108989999978803,0.00367011361595376,0.0020000000000000018,0.7340227231907519,16.0000737615636,0.08209954106097193,False,nan,nan,False,False
774,3.87,0.004976225000064005,0.0012904320001325686,4.558000000542961e-06,0.002012032000493491,0.000949746000515006,4.269999953976367e-05,0.003658261000055063,0.0036565842060868937,0.0020000000000000018,0.7313168412173787,8.80925771537302,0.09014477929374952,False,nan,nan,False,False
775,3.875,0.005015097000068636,0.0011970879995715222,4.798999725608155e-06,0.0009616380002626101,0.0008672120002302108,4.397200063976925e-05,0.003733691000888939,0.003539271091765681,0.0020000000000000018,0.7078542183531362,16.000014733760786,0.09337127347940385,False,nan,nan,False,False
776,3.88,0.0049877860001288354,0.001294710999900417,5.099999725644011e-06,0.0020296450002206257,0.0009460990004299674,4.6656999984406866e-05,0.0036533709999275743,0.0036576882434510545,0.0020000000000000018,0.7315376486902109,15.927626281434248,0.09585560185122671,False,nan,nan,False,False
777,3.8850000000000002,0.005009867999433482,0.001233596000020043,5.469999450724572e-06,0.0009053130006577703,0.0008769189998929505,4.440300017449772e-05,0.0036999190006099525,0.0035406175669722025,0.0020000000000000018,0.7081235133944406,16.000009724627546,0.08813016241418077,False,nan,nan,False,False
778,3.89,0.004993337000087195,0.0013908500004617963,5.289999535307288e-06,0.0019580409998525283,0.0010373699997217045,5.0534999900264665e-05,0.0035528329999579,0.0035522786049189763,0.0020000000000000018,0.7104557209837953,17.888553122204677,0.0886816434272568,False,nan,nan,False,False
779,3.895,0.005004607000046235,0.0012114959999962593,5.390999831433874e-06,0.0008589660001234733,0.000878341999850818,4.553500002657529e-05,0.003723402000105125,0.0036463643035384856,0.0020000000000000018,0.7292728607076971,16.000003780349783,0.09949833871613817,False,nan,nan,False,False
780,3.9,0.0049911129999600234,0.0013347150006666197,5.009000233258121e-06,0.001932484000462864,0.000999388000309409,4.400199941301253e-05,0.003609358999710821,0.0034436440692745076,0.0020000000000000018,0.6887288138549015,17.88862358028421,0.09722847317496776,False,nan,nan,False,False
781,3.9050000000000002,0.0050034350006171735,0.0012007859995719627,5.440000677481294e-06,0.0007856689999243827,0.0008378759994229767,5.43609994565486e-05,0.0037374580006144242,0.0037491295897239658,0.0020000000000000018,0.7498259179447931,16.000029241483734,0.087138472890215,False,nan,nan,False,False
782,3.91,0.0049954209998759325,0.0013098589997753152,5.009000233258121e-06,0.0018884419996538782,0.0009733199995025643,4.2610000491549727e-05,0.003635989000031259,0.0036968271822841285,0.0020000000000000018,0.7393654364568257,13.856449270294569,0.09818463798604729,False,nan,nan,False,False
783,3.915,0.0050048479997713,0.001332681999883789,5.138999767950736e-06,0.0007330799999181181,0.0008459310001853737,4.4102000174461864e-05,0.003611353000451345,0.003808388195447505,0.0020000000000000018,0.7616776390895009,16.000070867967022,0.09733234818114009,False,nan,nan,False,False
784,3.92,0.005016740999963076,0.0012805639998987317,4.889000592811499e-06,0.0018598870001369505,0.0009014259994728491,4.503400032263016e-05,0.0036463880005612737,0.003974214268999187,0.0020000000000000018,0.7948428537998372,13.85651177449024,0.10416967636684596,False,nan,nan,False,False
785,3.9250000000000003,0.0049963820001721615,0.0013331130003280123,5.37999949301593e-06,0.000725277000128699,0.0008541369998056325,4.508399979386013e-05,0.0035975769997094176,0.00394719838625746,0.0020000000000000018,0.789439677251492,11.875422006685554,0.09001691811863569,False,nan,nan,False,False
786,3.93,0.004997303999516589,0.001374220000798232,5.23999915458262e-06,0.001827095999942685,0.0010019439996540314,5.446199975267518e-05,0.003561799999260984,0.003922628124754148,0.0020000000000000018,0.7845256249508296,13.857430830041755,0.09946646414414083,False,nan,nan,False,False
787,3.935,0.004998086000341573,0.0012950520003869315,5.310000233293977e-06,0.0006368310005200328,0.0008385069995711092,4.491400068218354e-05,0.0036831560000791796,0.003849740347814805,0.0020000000000000018,0.7699480695629611,16.009360857769217,0.10337591220874011,False,nan,nan,False,False
788,3.94,0.005055632999756199,0.0011962369999309885,5.359999704523943e-06,0.00012141699971834896,0.0008515420004187035,4.304000049160095e-05,0.003680522000649944,0.003922629761101534,0.0020000000000000018,0.7845259522203066,16.002521608528237,0.09792424537697182,False,nan,nan,False,False
789,3.9450000000000003,0.004936240000461112,0.001300551999520394,5.040000360168051e-06,0.0005922469999859459,0.0008419839996349765,4.468300085136434e-05,0.003637271000116016,0.0038201699312042196,0.0020000000000000018,0.764033986240844,11.323657912046615,0.09458503036522692,False,nan,nan,False,False
790,3.95,0.005004558000109682,0.0013909109993619495,6.822999239375349e-06,0.0017237930005649105,0.0010380510002505616,4.324099973018747e-05,0.0035473620000630035,0.0034390418481367335,0.0018000000000000238,0.6878083696273467,17.890114571703965,0.10144851601613247,False,nan,nan,False,False
791,3.955,0.004998616000193579,0.0013031270000283257,5.37999949301593e-06,0.0006015050003043143,0.0008457909998469404,5.6816000324033666e-05,0.0036356079999677604,0.003670645878911791,0.0020000000000000018,0.7341291757823581,17.88858003079916,0.10559884021461287,False,nan,nan,False,False
792,3.96,0.0050990649997402215,0.0012195700001029763,6.151999514258932e-06,3.596700025809696e-05,0.0008855249998305226,4.398200053401524e-05,0.0036251490000722697,0.0036394103434656596,0.0020000000000000018,0.7278820686931319,13.57487990510222,0.09299095627022133,False,nan,nan,False,False
793,3.9650000000000003,0.004906033000224852,0.001318745999924431,5.390000296756625e-06,0.0006115539999882458,0.0008758980002312455,4.424300004757242e-05,0.0036135469999862835,0.0036157489845364014,0.0020000000000000018,0.7231497969072802,17.671219042187637,0.09104074119893239,False,nan,nan,False,False
794,3.97,0.004997333999199327,0.0013893680006731302,7.1439999373978935e-06,0.0017277009992540115,0.0010517559994696057,4.3512000047485344e-05,0.0035512409995135386,0.003843063543460776,0.0020000000000000018,0.7686127086921551,14.09083261432284,0.1011194304108123,False,nan,nan,False,False
795,3.975,0.005001683000045887,0.0013219110005593393,5.529999725695234e-06,0.0006079260001570219,0.0008512720005455776,4.395199994178256e-05,0.003610370999922452,0.0038403264624625073,0.0020000000000000018,0.7680652924925014,13.856979845402844,0.09781811987256823,False,nan,nan,False,False
796,3.98,0.004997003000426048,0.00131618100022024,7.053000445012003e-06,0.0017112499999711872,0.0009432839997316478,4.2829999983950984e-05,0.003630187999988266,0.00386211347805096,0.0020000000000000018,0.772422695610192,13.86236072148125,0.09723048184895337,False,nan,nan,False,False
797,3.985,0.005011420999835536,0.0013163510002414114,5.791000148747116e-06,0.0006174350000947015,0.0008672320000187028,4.598600025929045e-05,0.003612886000155413,0.0038804665105604346,0.0020000000000000018,0.7760933021120869,14.088824988542978,0.09284769197658022,False,nan,nan,False,False
798,3.99,0.0049935670003833366,0.0013663949994224822,8.625999726064038e-06,0.0017293440005232696,0.0010130539994861465,4.355100008979207e-05,0.003569544000129099,0.003922651031176686,0.0020000000000000018,0.7845302062353371,15.147877087499422,0.09719913514994662,False,nan,nan,False,False
799,3.995,0.004996271999516466,0.0013242659997558803,5.560999852605164e-06,0.0006017450004947023,0.000847714999508753,4.5895999392087106e-05,0.003615350000472972,0.004042323802802393,0.0020000000000000018,0.8084647605604784,11.333650980283979,0.10385540074953882,False,nan,nan,False,False
800,4.0,0.005006632000004174,0.0013959699999759323,1.59699993673712e-05,0.0017353950006508967,0.0010463859998708358,4.55149993285886e-05,0.003541152000252623,0.0038434944037164984,0.0020000000000000018,0.7686988807432996,11.474986179264393,0.10178314695185303,False,nan,nan,False,False
801,4.005,0.004999468000278284,0.0013234839998403913,5.511000381375197e-06,0.0006142689999251161,0.0008466119998047361,4.66070005131769e-05,0.003604540999731398,0.003973454332785066,0.0020000000000000018,0.7946908665570133,16.026701766947053,0.09360171432899574,False,nan,nan,False,False
802,4.01,0.00500077099968621,0.0013151490002201172,1.0518999260966666e-05,0.0017280510001000948,0.0009221740001521539,4.3621000259008724e-05,0.003610900999774458,0.0039410812549534055,0.0020000000000000018,0.788216250990681,13.857613715070396,0.10351780041038118,False,nan,nan,False,False
803,4.015,0.0049867340003402205,0.0012974159999430412,5.289999535307288e-06,0.0005948120005996316,0.0008359539997400134,4.477399943425553e-05,0.003644825000264973,0.003973451876845559,0.0020000000000000018,0.7946903753691119,13.856858155488863,0.10191173701733486,False,nan,nan,False,False
804,4.0200000000000005,0.005005920000257902,0.001394777999848884,1.052999959938461e-05,0.0017311669998889556,0.0010263179992762161,4.423199970915448e-05,0.0035463710000840365,0.0038434524843075765,0.0020000000000000018,0.7686904968615154,16.001130408220924,0.10505090515269268,False,nan,nan,False,False
805,4.025,0.005006531999242725,0.001319988000432204,5.038999915996101e-06,0.000610441000389983,0.000837294999655569,6.313799985946389e-05,0.003613867000240134,0.004067962063931956,0.0020000000000000018,0.8135924127863912,13.857092620195715,0.0998086271289434,False,nan,nan,False,False
806,4.03,0.005020868000428891,0.0014081130002523423,7.654000000911765e-06,0.001755412999955297,0.0010784469995996915,3.233999996155035e-05,0.0035106340001220815,0.0038434554365529006,0.0020000000000000018,0.7686910873105801,13.858759976712056,0.10128740155746968,False,nan,nan,False,False
807,4.035,0.004982606999874406,0.0013203680000515305,5.4000001910026185e-06,0.0006356379999488126,0.0009216429998559761,4.403200000524521e-05,0.0036121639996054,0.004067961963540155,0.0020000000000000018,0.8135923927080309,13.858397564363793,0.10479474572232177,False,nan,nan,False,False
808,4.04,0.005085398000119312,0.0012598559997059056,6.191000466060359e-06,4.34320008935174e-05,0.0008907559995350312,4.545499996311264e-05,0.0035877079999409034,0.0041090777934608795,0.0020000000000000018,0.8218155586921757,8.001730106224846,0.10174873107097318,False,nan,nan,False,False
809,4.045,0.00492624100024841,0.0013551439997172565,6.291000318014994e-06,0.0006247880000955774,0.0009528420005153748,4.7249000090232585e-05,0.0035668900000018766,0.004067026951427978,0.0020000000000000018,0.8134053902855954,11.313752079654172,0.09450289066560064,False,nan,nan,False,False
810,4.05,0.0049954309997701785,0.0014187329998094356,7.904999620222952e-06,0.0016914429997996194,0.0010410159993625712,4.556499970931327e-05,0.003507178000290878,0.004218637024477294,0.0020000000000000018,0.8437274048954588,11.31373059677447,0.1097472176999166,False,nan,nan,False,False
811,4.055,0.005004867999559792,0.0014276700003392762,2.068899993901141e-05,0.0005687430002581095,0.0009556969998811837,4.669700047088554e-05,0.0034926810003526043,0.004196794805082649,0.0020000000000000018,0.8393589610165297,11.313884032275542,0.11218029699694881,False,nan,nan,False,False
812,4.0600000000000005,0.004989590000150201,0.0013550640005632886,6.2219996834755875e-06,0.0015988189998097369,0.0009787709996089689,4.496400015341351e-05,0.0035738829992624233,0.004362256199899731,0.0020000000000000018,0.8724512399799459,11.313728056235396,0.10655734059686806,False,nan,nan,False,False
813,4.065,0.005003164999834553,0.0013865630007785512,6.1410000853356905e-06,0.0010017029999289662,0.0009356700002172147,4.8260000767186284e-05,0.003543535999597225,0.004445838451971744,0.0020000000000000018,0.8891676903943487,8.000652801401174,0.10267262760180274,False,nan,nan,False,False
814,4.07,0.00500392699996155,0.0013816030004818458,5.9809999584103934e-06,0.002120264000041061,0.0010354860005463706,4.621700009010965e-05,0.0035497270000632852,0.004472135970586783,0.0020000000000000018,0.8944271941173565,2.382564547577624,0.10900767271390044,False,nan,nan,False,False
815,4.075,0.005007132000173442,0.0013385230004132609,5.881000106455758e-06,0.0009985569995478727,0.0009375439994983026,4.7448999794141855e-05,0.0035912249995817547,0.004472135960502796,0.0020000000000000018,0.894427192100559,0.023809821771331754,0.11503410607952874,False,nan,nan,False,False
816,4.08,0.005001502000595792,0.0013790189996143454,6.561999725818168e-06,0.00206921999961196,0.0009876869999061455,4.519499998423271e-05,0.0035362620001251344,0.004242834630865833,0.0020000000000000018,0.8485669261731664,12.343597364816853,0.11654652985573685,False,nan,nan,False,False
817,4.085,0.004990712000108033,0.0012686919999396196,6.42200029687956e-06,0.0009890100000120583,0.0009150109999609413,4.947299930790905e-05,0.003651899000033154,0.004472136016523967,0.0020000000000000018,0.8944272033047933,12.343513828438812,0.10447012447820998,False,nan,nan,False,False
818,4.09,0.004988637999304046,0.0013491730005625868,6.092000148782972e-06,0.0020393029999468126,0.0010018140001193387,4.530499973043334e-05,0.0035867159995177644,0.004472135975251427,0.0020000000000000018,0.8944271950502852,0.012648512036963244,0.11050989692399656,False,nan,nan,False,False
819,4.095,0.005009597000025678,0.0012773280004694243,6.301999746938236e-06,0.0009134680003626272,0.0009170040002572932,5.575500017585e-05,0.0036459479997574817,0.004472135968824044,0.0020000000000000018,0.8944271937648087,0.031089669036367038,0.1152410491293531,False,nan,nan,False,False
820,4.1,0.004992635000235168,0.0013579200003732694,6.0109996411483735e-06,0.001979671999833954,0.001002283999696374,4.475399964576354e-05,0.003578150000066671,0.0042095130579098755,0.0020000000000000018,0.8419026115819751,13.856441714667513,0.11843533258778578,False,nan,nan,False,False
821,4.105,0.005006741999750375,0.001260447000277054,5.821000740979798e-06,0.0008665209998071077,0.0009180170000036014,4.634600009012502e-05,0.0036644920000981074,0.0043081318604638345,0.0020000000000000018,0.8616263720927669,13.856406770002838,0.10858084256776751,False,nan,nan,False,False
822,4.11,0.004994058000193036,0.001401880999765126,5.951000275672413e-06,0.00198294799974974,0.001039031999425788,5.199799943511607e-05,0.003537595000125293,0.004386342447045639,0.0020000000000000018,0.8772684894091277,8.000001124955304,0.11572803278224864,False,nan,nan,False,False
823,4.115,0.005019486000492179,0.0013029059991822578,5.820999831485096e-06,0.0008832809999148594,0.0009291670003221952,4.734899994218722e-05,0.0036087980006414,0.004472135957965383,0.0020000000000000018,0.8944271915930765,8.000000768027821,0.1161707617969522,False,nan,nan,False,False
824,4.12,0.0049840389992823475,0.0013426810000964906,5.770999450760428e-06,0.0019718270004887017,0.000994420000097307,4.598600025929045e-05,0.0035848530005750945,0.004472135967680999,0.0020000000000000018,0.8944271935361998,0.01998634655760498,0.12033191855061638,False,nan,nan,False,False
825,4.125,0.004998397000235855,0.0012755739999192883,5.881000106455758e-06,0.0008618009997007903,0.0009261020004487364,4.697799977293471e-05,0.003663370000140276,0.004118252062283699,0.0020000000000000018,0.8236504124567398,16.00000067921891,0.11186134802690786,False,nan,nan,False,False
826,4.13,0.005022010000175214,0.001537164000183111,7.3640003392938524e-06,0.001998916999582434,0.00117125999986456,4.4281999180384446e-05,0.0033730269997249707,0.004065131883046306,0.0020000000000000018,0.8130263766092611,13.974613870678127,0.11539208433884277,False,nan,nan,False,False
827,4.135,0.004990460999579227,0.001362788000733417,6.131999725766946e-06,0.0007991740003490122,0.0009957619995475397,4.688799981522607e-05,0.0035573119994296576,0.004298837240472399,0.0020000000000000018,0.8597674480944797,12.894675369469416,0.11720056736807748,False,nan,nan,False,False
828,4.14,0.004991964000510052,0.00146470900017448,5.840999619977083e-06,0.001884584000436007,0.0010900380002567545,4.596599956130376e-05,0.00347074999990582,0.00447213608525502,0.0020000000000000018,0.8944272170510038,11.313711145192702,0.11078918013059082,False,nan,nan,False,False
829,4.1450000000000005,0.005011942000237468,0.0014493299995592679,6.672999916190747e-06,0.0007409350000671111,0.0010795690004670178,4.654700023820624e-05,0.003465429000243603,0.004472136036623776,0.0020000000000000018,0.894427207324755,0.008997178925651392,0.10825586705848406,False,nan,nan,False,False
830,4.15,0.0049824959996840334,0.0014013499994689482,5.74100067751715e-06,0.0018073789997288259,0.0010206379993178416,4.5435000174620654e-05,0.003537395000421384,0.00447213598267917,0.0020000000000000018,0.8944271965358339,0.014274916276982798,0.1195917615064358,False,nan,nan,False,False
831,4.155,0.005019125000217173,0.001385389999995823,6.541999937326182e-06,0.0006729790002282243,0.0008827310002743616,4.5836000026611146e-05,0.0035188699994250783,0.004472135992802815,0.0020000000000000018,0.894427198560563,0.043162029918825506,0.11989794753043681,False,nan,nan,False,False
832,4.16,0.004969732999597909,0.0014328389997899649,7.444000402756501e-06,0.0017104080006902223,0.0010495320002519293,4.431199977261713e-05,0.0035063060004176805,0.004118252057202118,0.0020000000000000018,0.8236504114404236,16.0000124969781,0.11362898823622383,False,nan,nan,False,False
833,4.165,0.005001260999961232,0.0013543929999286775,5.380000402510632e-06,0.0011084819998359308,0.0008849140003803768,5.5063000218069647e-05,0.0035858250003002468,0.003773592453682304,0.0020000000000000018,0.7547184907364609,16.00000000004875,0.10792608634767126,False,nan,nan,False,False
834,4.17,0.005000090000066848,0.001408191999871633,4.819000423594844e-06,0.0016203099994527292,0.0010561339995547314,4.386199998407392e-05,0.0035316539997438667,0.004118252058032241,0.0020000000000000018,0.8236504116064481,16.000001934116586,0.1123248069751566,False,nan,nan,False,False
835,4.175,0.005001200999686262,0.0013193970007705502,5.1500001063686796e-06,0.0010174019998885342,0.0008678320000399253,5.0274000386707485e-05,0.0036120439999649534,0.0039597980319431,0.0020000000000000018,0.7919596063886201,16.00003118632104,0.10656848842609193,False,nan,nan,False,False
836,4.18,0.0049877660003403435,0.0012909240003864397,4.849000106332824e-06,0.0015809359992999816,0.000961177000135649,4.5155000407248735e-05,0.0036551849998431862,0.003893584512102915,0.0020000000000000018,0.778716902420583,13.856406826265268,0.11164998248458795,False,nan,nan,False,False
837,4.1850000000000005,0.005006401999708032,0.0012445660004232195,5.32000012753997e-06,0.0010182539999732398,0.0008824200003800797,4.576600076688919e-05,0.0037070319995109458,0.004137632202020102,0.0020000000000000018,0.8275264404040202,13.856407096703926,0.1093819931769431,False,nan,nan,False,False
838,4.19,0.0050102780005545355,0.0013216209999882267,4.989000444766134e-06,0.0015530840000792523,0.0009874370007310063,4.9682999815559015e-05,0.0036098000000492902,0.004298837070925396,0.0020000000000000018,0.8597674141850792,11.313709023568325,0.10548540095312729,False,nan,nan,False,False
839,4.195,0.004994719000023906,0.00122882799951185,5.060000148660038e-06,0.0009415210006409325,0.000888662000761542,4.3029999687860254e-05,0.00370341500001814,0.004472135955530644,0.0020000000000000018,0.8944271911061286,11.31372424296476,0.10680907550370151,False,nan,nan,False,False
840,4.2,0.0049879170001077,0.0013576679994002916,4.6590002966695465e-06,0.002023533999818028,0.000968240000474907,4.540499958238797e-05,0.003588500000660133,0.004386342621962211,0.0020000000000000018,0.8772685243924421,8.00017761770131,0.11844495466272453,False,nan,nan,False,False
841,4.205,0.005008494999856339,0.001210823999826971,5.7010001910384744e-06,0.0009362310001961305,0.0008453709997411352,4.4452999645727687e-05,0.003723681999872497,0.004308132003552388,0.0020000000000000018,0.8616264007104775,8.00000095289377,0.10479491474110655,False,nan,nan,False,False
842,4.21,0.004989969999769528,0.001362637999591243,4.7789999371161684e-06,0.002019646000007924,0.0010254680000798544,4.297099985706154e-05,0.0035850540007231757,0.004386342561519173,0.0020000000000000018,0.8772685123038346,8.000001775552835,0.11099541926608891,False,nan,nan,False,False
843,4.215,0.005008475000067847,0.0012020080002912437,5.029000021750107e-06,0.0009535629997117212,0.0008455209999738145,5.1035000069532543e-05,0.003732338999725471,0.004472136034895415,0.0020000000000000018,0.8944272069790831,8.000003519679375,0.1135400511745476,False,nan,nan,False,False
844,4.22,0.00499144300010812,0.0013979839995954535,4.718999662145507e-06,0.0020140059996265336,0.0010624169999573496,4.253000042808708e-05,0.0035529040005712886,0.004472135997914842,0.0020000000000000018,0.8944271995829683,0.009031730247930215,0.11550172755669746,False,nan,nan,False,False
845,4.225,0.0050128729999414645,0.001209541999742214,5.6799999583745375e-06,0.0009459789998800261,0.0008502700002281927,4.350200015323935e-05,0.00372385300033784,0.004472135974787101,0.0020000000000000018,0.8944271949574202,0.00795428304162124,0.1121346102693999,False,nan,nan,False,False
846,4.23,0.004989670999748341,0.0014161669996610726,5.300000339047983e-06,0.0020172220001768437,0.0010567850004008505,4.45139994553756e-05,0.003534870000294177,0.004472136135581139,0.0020000000000000018,0.8944272271162278,0.0676635756178415,0.11890090288245876,False,nan,nan,False,False
847,4.235,0.005028661999858741,0.0013390540007094387,8.226000318245497e-06,0.0009698740004751016,0.0009417310002390877,5.408200013334863e-05,0.0035844219992213766,0.004118252097070444,0.0020000000000000018,0.8236504194140888,16.000023948733023,0.11744073097422039,False,nan,nan,False,False
848,4.24,0.004996423000193317,0.0013959300003989483,5.018999218009412e-06,0.00204420200043387,0.0010391229998276685,4.361100036476273e-05,0.0035329759994056076,0.00377359249196525,0.0020000000000000018,0.7547184983930499,16.000000062273056,0.11768527214635023,False,nan,nan,False,False
849,4.245,0.00499239500004478,0.0012641330004043994,4.599000021698885e-06,0.0009351090002382989,0.0008852549999573966,5.549400066229282e-05,0.0036614769996958785,0.004118254550252677,0.0020000000000000018,0.8236509100505353,16.001288086890018,0.10879549344425966,False,nan,nan,False,False
850,4.25,0.004983427999832202,0.0014076420002311352,5.079000402474776e-06,0.002042599999185768,0.0010295449992554495,4.258900025888579e-05,0.0035329659995113616,0.004472136149463929,0.0020000000000000018,0.8944272298927857,16.000516269743603,0.10586872619046499,False,nan,nan,False,False
851,4.255,0.005001831999834394,0.001200395000523713,5.330000021785963e-06,0.0008552890003556968,0.0008504710003762739,4.356099998403806e-05,0.0037400430001071072,0.004472152812888638,0.0020000000000000018,0.8944305625777276,0.5439266551151763,0.10916408420094667,False,nan,nan,False,False
852,4.26,0.004998757000066689,0.0014149560001897044,5.599999894911889e-06,0.0019555059998310753,0.0010618259993862011,4.2610000491549727e-05,0.003527015000145184,0.004209518152244608,0.0020000000000000018,0.8419036304489216,13.858292847774324,0.12378567736386963,False,nan,nan,False,False
853,4.265,0.005001913000342029,0.0012040820001857355,5.030000465922058e-06,0.000829131000500638,0.000865938999595528,4.2499999835854396e-05,0.0037342219993661274,0.004220428176271825,0.0020000000000000018,0.8440856352543651,11.314505651804295,0.10995810008296866,False,nan,nan,False,False
854,4.2700000000000005,0.004995680999854812,0.0013675569998667925,4.999000339012127e-06,0.0019311409996589646,0.0009189480006170925,4.282000008970499e-05,0.0035765880002145423,0.004386355051791077,0.0020000000000000018,0.8772710103582154,11.239735216677083,0.10700010738049852,False,nan,nan,False,False
855,4.275,0.005003125000257569,0.0011997139999948558,5.2699997468153015e-06,0.0008384869997826172,0.0008381170000575366,4.349099981482141e-05,0.0037402030002340325,0.004298837276142703,0.0020000000000000018,0.8597674552285407,13.861218761889617,0.11070978258157425,False,nan,nan,False,False
856,4.28,0.0049969239998972625,0.001317252999797347,5.029000021750107e-06,0.0019488840007397812,0.0009839300000749063,4.196800000499934e-05,0.003628364000178408,0.004324324515110056,0.0020000000000000018,0.8648649030220112,10.16797407927065,0.11564669238538672,False,nan,nan,False,False
857,4.285,0.005006491000131064,0.0012202509997223387,5.139000677445438e-06,0.000842315000227245,0.0008577339995099464,4.239900044922251e-05,0.003717802000210213,0.004404206046397012,0.0020000000000000018,0.8808412092794025,8.001872566629084,0.1050317543241392,False,nan,nan,False,False
858,4.29,0.004995100000087405,0.001317483000093489,4.478999471757561e-06,0.001905373000226973,0.000982537999334454,4.227899989928119e-05,0.003623875999437587,0.004144850231095542,0.0020000000000000018,0.8289700462191084,13.856538859326623,0.10871340548270887,False,nan,nan,False,False
859,4.295,0.005001561999961268,0.0012107140000807703,5.360000614018645e-06,0.0008303320000777603,0.0008414640005867113,4.359099966677604e-05,0.0037293329996828106,0.004079527266900972,0.0020000000000000018,0.8159054533801945,13.85640705237213,0.11375159882480268,False,nan,nan,False,False
860,4.3,0.005005528999390663,0.0013727470004596398,4.649000402423553e-06,0.0019513480001478456,0.0009215840000251774,4.417299987835577e-05,0.0036541429999488173,0.0040816395444032375,0.0020000000000000018,0.8163279088806474,11.313758005930548,0.11845595135870915,False,nan,nan,False,False
861,4.305,0.005281306000142649,0.0019539929999154992,1.687199983280152e-05,0.0010074439996969886,0.0014740659999006311,4.537499989964999e-05,0.002708936000090034,0.004237572685948119,0.0020000000000000018,0.8475145371896238,11.313884312421525,0.10297370046441197,False,nan,nan,False,False
862,4.3100000000000005,0.004720595999970101,0.0014081230001465883,4.970000190951396e-06,0.0018085519996020594,0.0010323800006517558,4.401200021675322e-05,0.0035289389998069964,0.004235537997888405,0.0020000000000000018,0.8471075995776809,11.313997480729803,0.11038599014099001,False,nan,nan,False,False
863,4.315,0.004997976000595372,0.001206224999805272,5.049000719736796e-06,0.002889633000449976,0.0008673120000821655,4.24190002377145e-05,0.0037299050000001444,0.004404204973524367,0.0020000000000000018,0.8808409947048734,11.313836127191923,0.11187513586872762,False,nan,nan,False,False
864,4.32,0.0049935970000660745,0.0014638269994975417,5.310000233293977e-06,0.0016600239996478194,0.0010812320006152731,4.463399909582222e-05,0.0034814500004358706,0.004472135957975805,0.0020000000000000018,0.8944271915951609,6.275982526918217,0.11333542998673199,False,nan,nan,False,False
865,4.325,0.005010067999137391,0.0013119130007908097,9.307999789598398e-06,0.0004727340001409175,0.0009309309998570825,4.408200038596988e-05,0.003610971999478352,0.0043863424488557136,0.0020000000000000018,0.8772684897711428,8.000001374988988,0.10926456757763113,False,nan,nan,False,False
866,4.33,0.005025647000366007,0.001657599999816739,8.095000339380931e-06,0.001576688000568538,0.0011202949999642442,5.2198000048520043e-05,0.003260076000515255,0.004472135955518711,0.0020000000000000018,0.8944271911037422,8.000012149251752,0.106947103384641,False,nan,nan,False,False
867,4.335,0.004985172000488092,0.001445762999537692,6.0409993238863535e-06,0.0011384890003682813,0.0009381139998367871,5.014399994252017e-05,0.0034906669998235884,0.0044721362747270005,0.0020000000000000018,0.8944272549454,0.07036858160524598,0.11842313830369904,False,nan,nan,False,False
868,4.34,0.005011329999433656,0.0014764010002181749,8.596000043326057e-06,0.001695119999567396,0.0011059779999413877,4.640699989977293e-05,0.0034934420000354294,0.004386342462577577,0.0020000000000000018,0.8772684925155153,8.000154992716915,0.1047515557002224,False,nan,nan,False,False
869,4.345,0.005079297000520455,0.0016435939996881643,8.40600023366278e-06,0.00120288900052401,0.0011696780002239393,5.1666999752342235e-05,0.0032184780002353364,0.004472135972053969,0.0020000000000000018,0.8944271944107937,8.000000308515101,0.10373497651288976,False,nan,nan,False,False
870,4.3500000000000005,0.004980963999514643,0.0017515449999336852,1.0690000635804608e-05,0.001689017999524367,0.001322563000030641,5.2036999477422796e-05,0.0031158860001596622,0.004472136280232209,0.0020000000000000018,0.8944272560464417,0.08384530088830204,0.1142432097480262,False,nan,nan,False,False
871,4.355,0.0049378530002286425,0.0014600699996663025,6.432000191125553e-06,0.0010533590002523852,0.001046557000336179,4.833000002690824e-05,0.003508460000375635,0.004386342480796411,0.0020000000000000018,0.8772684961592823,8.000122441730518,0.1136602981466868,False,nan,nan,False,False
872,4.36,0.0050777440001184004,0.001856752000094275,8.386000445170794e-06,0.0016306289999192813,0.0013903399994887877,6.871899950056104e-05,0.003088886000114144,0.004472135960159053,0.0020000000000000018,0.8944271920318105,8.000014761851652,0.10677503265934293,False,nan,nan,False,False
873,4.365,0.005055683999671601,0.001684660000137228,8.344999514520168e-06,0.0011181310001120437,0.00108586100031971,6.200600000738632e-05,0.003094204999797512,0.004472136137765376,0.0020000000000000018,0.8944272275530751,0.059735070360106016,0.10762521815306259,False,nan,nan,False,False
874,4.37,0.004855899000176578,0.001574744999743416,5.419999979494605e-06,0.0020145170001342194,0.0011860779995913617,4.669700047088554e-05,0.0033542820001457585,0.004386342461765152,0.0020000000000000018,0.8772684923530303,8.000070645561264,0.11515071261117205,False,nan,nan,False,False
875,4.375,0.004993456999727641,0.0012691530000665807,5.841000529471785e-06,0.0008442590005870443,0.0009193890000460669,4.46639996880549e-05,0.0036786990003747633,0.004472135959541823,0.0020000000000000018,0.8944271919083645,8.000005592473222,0.11512649557299767,False,nan,nan,False,False
876,4.38,0.0050091069997506565,0.0014179310001054546,5.380000402510632e-06,0.0014048470002308022,0.0010698400001274422,5.1525999879231676e-05,0.003508230000079493,0.004472136644286199,0.0020000000000000018,0.8944273288572396,0.10738147897711395,0.11397808270320495,False,nan,nan,False,False
877,4.385,0.004989399000805861,0.0012386259995764703,5.590000000665896e-06,0.0008498389997839695,0.0008820789998935652,4.4813000386056956e-05,0.0036941369999112794,0.004386342524062487,0.0020000000000000018,0.8772685048124974,8.00026362742616,0.10853103483203765,False,nan,nan,False,False
878,4.39,0.0049886279994098,0.0013675770005647792,4.66900019091554e-06,0.0019612770001913304,0.0010211700000581914,5.357999998523155e-05,0.003580745999897772,0.004472135961398277,0.0020000000000000018,0.8944271922796553,8.000038448587613,0.1170184048762859,False,nan,nan,False,False
879,4.3950000000000005,0.005011461000322015,0.0013214199998401455,5.1590004659374245e-06,0.0007684360007260693,0.0009716970007502823,4.310100030124886e-05,0.003616171999965445,0.004386344315045712,0.0020000000000000018,0.8772688630091424,8.001844582465965,0.12061559128634299,False,nan,nan,False,False
880,4.4,0.004995950999727938,0.0013358280002648826,5.140000212122686e-06,0.0018473150003046612,0.0009846410002865014,4.35009997090674e-05,0.0036044689995833323,0.004386342736424153,0.0020000000000000018,0.8772685472848305,11.314130508924425,0.11858663565195911,False,nan,nan,False,False
881,4.405,0.005007773999750498,0.0012808450001102756,5.750999662268441e-06,0.00073489399983373,0.0008754670006965171,4.4252999941818416e-05,0.003651117000117665,0.0044721359708922905,0.0020000000000000018,0.894427194178458,8.000152731950307,0.11028672210929481,False,nan,nan,False,False
882,4.41,0.004990010000256007,0.0014427579999392037,5.298999894876033e-06,0.0018472840001777513,0.0010710329997891677,4.40419998994912e-05,0.003513108999868564,0.004386342749783274,0.0020000000000000018,0.8772685499566548,8.000410390884799,0.11425356622498756,False,nan,nan,False,False
883,4.415,0.005022872000154166,0.0012985180001123808,5.118999979458749e-06,0.0007272000002558343,0.000882600000295497,4.632700074580498e-05,0.0036166629997751443,0.004386342487326001,0.0020000000000000018,0.8772684974652002,11.313779738766604,0.12110565730160472,False,nan,nan,False,False
884,4.42,0.004970895000042219,0.0013349359996936982,4.788999831362162e-06,0.0017830839997259318,0.000977417999820318,4.3029999687860254e-05,0.003610370999922452,0.004472135958379083,0.0020000000000000018,0.8944271916758164,8.000022204327642,0.1170283495110597,False,nan,nan,False,False
885,4.425,0.005006340999898384,0.0012438359999578097,5.591000444837846e-06,0.0006523100000777049,0.0008540369999536779,4.798000009031966e-05,0.00369474800027092,0.004472136554612488,0.0020000000000000018,0.8944273109224975,0.09958786540390084,0.10361359626427044,False,nan,nan,False,False
886,4.43,0.004995770999812521,0.0014051180005481,5.079999937152024e-06,0.001744191000398132,0.0010487409999768715,4.3201000153203495e-05,0.0035367729997233255,0.004386342484504072,0.0020000000000000018,0.8772684969008143,8.000285687733513,0.11701977067771249,False,nan,nan,False,False
887,4.4350000000000005,0.005003907000173058,0.0013109510000504088,5.360000614018645e-06,0.0005614699994112016,0.0008535260003554868,4.7698999878775794e-05,0.003633704999629117,0.004472135972791503,0.0020000000000000018,0.8944271945583006,8.000005138097269,0.11813988729915455,False,nan,nan,False,False
888,4.44,0.005009096000321733,0.001441415000044799,7.174000529630575e-06,0.0016634800003885175,0.0010727050002969918,4.212900057609659e-05,0.003491227999802504,0.004386344925900918,0.0020000000000000018,0.8772689851801836,8.002568989050896,0.11348625939220598,False,nan,nan,False,False
889,4.445,0.004994238000108453,0.0013168929999665124,5.390000296756625e-06,0.0010897980000663665,0.0009204610005326685,4.449300013220636e-05,0.0036212009999871952,0.004386343054656386,0.0020000000000000018,0.8772686109312773,11.31409822677442,0.1068131029908498,False,nan,nan,False,False
890,4.45,0.004996231999939482,0.001423671999873477,5.099000190966763e-06,0.0015856939999139286,0.0010638600006132037,5.332999990059761e-05,0.0035205229996790877,0.004472136120783251,0.0020000000000000018,0.8944272241566501,8.00012201390325,0.11389569747097983,False,nan,nan,False,False
891,4.455,0.00500990799991996,0.0013324619994818931,5.34999981027795e-06,0.0009750629997142823,0.0009363400004076539,4.418199932842981e-05,0.0036043489999428857,0.004472156812450377,0.0020000000000000018,0.8944313624900752,0.595049111178669,0.11595635767608947,False,nan,nan,False,False
892,4.46,0.004996071999812557,0.0014716819996465347,5.34999981027795e-06,0.0015978080000422779,0.0009849809994193492,4.466299924388295e-05,0.0034675830002015573,0.0042988427246114635,0.0020000000000000018,0.8597685449222927,11.316858523984743,0.12182124947285204,False,nan,nan,False,False
893,4.465,0.005001362000257359,0.0013247569995655795,5.219000740908086e-06,0.0010749099992608535,0.0009181670002362807,4.4954000259167515e-05,0.003611111999816785,0.004472137951333888,0.0020000000000000018,0.8944275902667774,11.314246356180195,0.11146159846325583,False,nan,nan,False,False
894,4.47,0.004994898999939323,0.0014289519995145383,6.62200000078883e-06,0.0016026370003601187,0.001018723999550275,4.314099987823283e-05,0.0035133700002916157,0.004386493388165382,0.0020000000000000018,0.8772986776330763,8.163297504462625,0.11410724000151373,False,nan,nan,False,False
895,4.4750000000000005,0.005004998999538657,0.0013602030003312393,5.289999535307288e-06,0.000972578000073554,0.0008971470006144955,5.474299996421905e-05,0.0035775389997070306,0.004472163219317397,0.0020000000000000018,0.8944326438634793,8.043040728298305,0.12083935314164383,False,nan,nan,False,False
896,4.48,0.0049988870005108765,0.0014481279995379737,5.609999789157882e-06,0.001570366000123613,0.001082314000086626,4.370199985714862e-05,0.003487740999844391,0.004472294731785258,0.0020000000000000018,0.8944589463570515,2.132045605145645,0.11746856475576124,False,nan,nan,False,False
897,4.485,0.005001792999792087,0.0013595620002888609,5.210000381339341e-06,0.000976966999587603,0.0009082780006792746,4.688799981522607e-05,0.003572650000023714,0.0042095734922911595,0.0020000000000000018,0.8419146984582319,13.869606871807106,0.1101801483182872,False,nan,nan,False,False
898,4.49,0.004990780999833078,0.0013934260005044052,4.919000275549479e-06,0.0020985840001230827,0.0010430109996377723,4.740799977298593e-05,0.0035489659994709655,0.004472159556974651,0.0020000000000000018,0.8944319113949301,13.860130023101815,0.11568587030934634,False,nan,nan,False,False
899,4.495,0.005004397999982757,0.001270065000426257,4.829000317840837e-06,0.0008940319994508172,0.0009212330005539116,4.509399968810612e-05,0.0036687199999505538,0.004386619308712089,0.0020000000000000018,0.8773238617424178,8.397352810807027,0.1188038689489136,False,nan,nan,False,False
900,4.5,0.00499676300023566,0.0014043459996173624,4.869000804319512e-06,0.0020109300003241515,0.0010528079992582207,4.296999941288959e-05,0.0035486950000631623,0.004472147894942984,0.0020000000000000018,0.8944295789885969,8.15030104436772,0.11720946731017384,False,nan,nan,False,False
901,4.505,0.005018113000005542,0.0013004419997741934,5.4000001910026185e-06,0.00097767900024337,0.0009363009994558524,4.301999979361426e-05,0.003638762999798928,0.00447265329080083,0.0020000000000000018,0.8945306581601659,3.134382572067166,0.1089174311717149,False,nan,nan,False,False
902,4.51,0.005000340000151482,0.0014248439993025386,4.919000275549479e-06,0.0020933240002705134,0.0010649409996403847,4.2208999730064534e-05,0.0035007160004170146,0.004386666412257788,0.0020000000000000018,0.8773332824515575,8.021618116835961,0.1128337414888067,False,nan,nan,False,False
903,4.515,0.005009095999412239,0.0012646350005525164,5.118999979458749e-06,0.000984049999715353,0.0008996830001706257,4.5715000851487275e-05,0.003659070999674441,0.004472322618749612,0.0020000000000000018,0.8944645237499224,8.015489213072572,0.1175692868742697,False,nan,nan,False,False
904,4.5200000000000005,0.004984400000466849,0.001465770999857341,4.978999641025439e-06,0.0020235940000929986,0.001086160999875574,5.1715999688894954e-05,0.003471480999905907,0.004386370521638299,0.0020000000000000018,0.8772741043276597,8.063079912478186,0.11606164672189605,False,nan,nan,False,False
905,4.525,0.005001321000236203,0.001260496999748284,5.289999535307288e-06,0.0009676489999037585,0.0009090499997910229,5.161599983694032e-05,0.00366560499969637,0.00447213630899032,0.0020000000000000018,0.8944272617980639,8.030479564094422,0.10897442528573019,False,nan,nan,False,False
906,4.53,0.004983920000086073,0.001417860999936238,5.029000021750107e-06,0.002050373999736621,0.0010571659995548544,4.339099996286677e-05,0.0035296599999128375,0.004298857598447875,0.0020000000000000018,0.8597715196895749,11.32975675043076,0.11935909336169144,False,nan,nan,False,False
907,4.535,0.005027209999752813,0.0012899519997517928,4.89899957756279e-06,0.0009782890001588385,0.0009171450001304038,5.563400009123143e-05,0.003638914000475779,0.004472145003488147,0.0020000000000000018,0.8944290006976292,11.315012707437798,0.12080072195817006,False,nan,nan,False,False
908,4.54,0.004991953999706311,0.0013776759997199406,5.069999133411329e-06,0.0020115110000915593,0.0010304670004188665,4.454300051293103e-05,0.0035534740000002785,0.004472136236197625,0.0020000000000000018,0.8944272472395248,0.2964129387871342,0.11400398573029535,False,nan,nan,False,False
909,4.545,0.004996032000235573,0.0012353299998721923,5.109999619890004e-06,0.0008952540001700982,0.0009013349999804632,4.3201000153203495e-05,0.0036938359999112436,0.004386354669384784,0.0020000000000000018,0.8772709338769569,8.014252711557978,0.10681082159559041,False,nan,nan,False,False
910,4.55,0.004987845999494311,0.0013838380000379402,5.119999514135998e-06,0.0019740010002351482,0.0010418079991723062,4.9000999752024654e-05,0.003553514000486757,0.004472142556600022,0.0020000000000000018,0.8944285113200044,8.000714836494508,0.11993206899909269,False,nan,nan,False,False
911,4.555,0.0049979049999819836,0.0012044120003338321,5.189999683352653e-06,0.0008446790006928495,0.0008547790002921829,4.242000068188645e-05,0.003736347000085516,0.004472137231779523,0.0020000000000000018,0.8944274463559045,0.17219383538023308,0.11984461470517722,False,nan,nan,False,False
912,4.5600000000000005,0.004996683000172197,0.0013299170004756888,5.449999662232585e-06,0.001946380000845238,0.0009989479995056172,4.3881999772565905e-05,0.003616992999923241,0.004472176904658871,0.0020000000000000018,0.894435380931774,0.9006968628834727,0.11375478406854354,False,nan,nan,False,False
913,4.565,0.005009526999856462,0.0012298800002099597,5.4510001064045355e-06,0.000890475000232982,0.0008927390008466318,4.386199998407392e-05,0.003707642999870586,0.004187827851231388,0.0020000000000000018,0.8375655702462776,13.983059544962924,0.11153746512506331,False,nan,nan,False,False
914,4.57,0.004996022000341327,0.001360062999992806,5.37999949301593e-06,0.0019716670003617764,0.0010132050001629977,4.4393000280251727e-05,0.0035810959998343606,0.004308140340810498,0.0020000000000000018,0.8616280681620995,13.978619238735458,0.11501776046707336,False,nan,nan,False,False
915,4.575,0.005002875000172935,0.001230840999596694,5.5199998314492404e-06,0.0008497589997205068,0.0008909460002541891,4.395299947645981e-05,0.0037075730006108643,0.004299170095093918,0.0020000000000000018,0.8598340190187836,11.58290735193451,0.11471064984135236,False,nan,nan,False,False
916,4.58,0.004996501999812608,0.0013077459998385166,5.32000012753997e-06,0.0019099709998045,0.0009380740002598031,4.38920005763066e-05,0.0036317000003691646,0.004472299090939753,0.0020000000000000018,0.8944598181879504,11.33027674783075,0.11300165708054064,False,nan,nan,False,False
917,4.585,0.005000539999855391,0.0012239289999342873,5.160000000614673e-06,0.0008447789996353094,0.0008773809995545889,4.2498999391682446e-05,0.003714546000082919,0.004472151173120295,0.0020000000000000018,0.8944302346240588,1.061283750305191,0.1066901755151206,False,nan,nan,False,False
918,4.59,0.004996061999918311,0.0013131460000295192,4.939999598718714e-06,0.0019533730001057847,0.0009827980002228287,4.185800025879871e-05,0.0036398960000951774,0.004387492353174804,0.0020000000000000018,0.8774984706349608,9.171173181934087,0.11100522143518049,False,nan,nan,False,False
919,4.595,0.0050151180003013,0.0011869290001413901,4.80900052934885e-06,0.000858805999996548,0.0008291800004371908,4.2559999201330356e-05,0.0037432889994306606,0.004472686523517448,0.0020000000000000018,0.8945373047034895,8.09109820757693,0.11691496160195788,False,nan,nan,False,False
920,4.6000000000000005,0.0049869940003191005,0.0013306490000104532,4.69899987365352e-06,0.0019092190004812437,0.0009869049999906565,4.1958000110753346e-05,0.00361447799969028,0.004473033213423344,0.0020000000000000018,0.8946066426846686,6.390605489728943,0.11359664149615045,False,nan,nan,False,False
921,4.605,0.005006391999813786,0.0012065860000802786,4.818999514100142e-06,0.0008444889999736915,0.0008437280002908665,4.2179000047326554e-05,0.003731726999831153,0.004209780168239544,0.0020000000000000018,0.8419560336479087,13.958672305857291,0.1071502116149141,False,nan,nan,False,False
922,4.61,0.004994979000002786,0.0013309890000527957,4.7280000217142515e-06,0.001965365000614838,0.0009795719997782726,4.2298999687773176e-05,0.0036102710000704974,0.004472294907738367,0.0020000000000000018,0.8944589815476733,13.861858210850576,0.12033195148065544,False,nan,nan,False,False
923,4.615,0.00501005800015264,0.0011874109995915205,5.259999852569308e-06,0.0008567009999751463,0.0008315849991049618,4.167800034338143e-05,0.00373991299966292,0.0043888351327611794,0.0020000000000000018,0.8777670265522358,10.914126392019947,0.11929519820109345,False,nan,nan,False,False
924,4.62,0.004984129999684228,0.0013778559996353579,4.759000148624182e-06,0.0019035290006286232,0.0010122429994225968,4.356200042821001e-05,0.0035736320005526068,0.004472250880544751,0.0020000000000000018,0.8944501761089502,9.244942617351054,0.11486366918007197,False,nan,nan,False,False
925,4.625,0.005012943000110681,0.0011875210002472159,5.300000339047983e-06,0.0008491480002703611,0.0008495579995724256,4.267000076652039e-05,0.0037414859998534666,0.004475288074115956,0.0020000000000000018,0.8950576148231909,8.0,0.11029030978818861,False,nan,nan,False,False
926,4.63,0.00498617299945181,0.001376264000100491,4.428000465850346e-06,0.0018844430005628965,0.001030185999297828,4.242900013196049e-05,0.0035737420002988074,0.004389473372329637,0.0020000000000000018,0.8778946744659274,8.000474437673892,0.1138839402188599,False,nan,nan,False,False
927,4.635,0.00501019900002575,0.001211244000842271,4.888999683316797e-06,0.0008489969995935098,0.0008662789996378706,4.329100011091214e-05,0.003723191999597475,0.004473758272232429,0.0020000000000000018,0.8947516544464857,8.20255494047783,0.1170060860975891,False,nan,nan,False,False
928,4.64,0.004993517000002612,0.0013834470000801957,4.80900052934885e-06,0.0019050419996347046,0.000929608999285847,4.296999941288959e-05,0.003565667000657413,0.004386496244835381,0.0020000000000000018,0.8772992489670761,8.67289495690911,0.11610784821403121,False,nan,nan,False,False
929,4.6450000000000005,0.005013204000533733,0.0012825980002162396,5.360000614018645e-06,0.0008563110004615737,0.0009249590002582408,4.353100030130008e-05,0.0036482819996308535,0.0044722301802106205,0.0020000000000000018,0.8944460360421239,8.421387862455788,0.10643682244420626,False,nan,nan,False,False
930,4.65,0.004990792000171496,0.0014040449996173265,5.079000402474776e-06,0.0019538230008038227,0.0010542810005063075,4.358099977253005e-05,0.0035365530002309242,0.004209784343346853,0.0020000000000000018,0.8419568686693705,14.193066726289173,0.11741648125156717,False,nan,nan,False,False
931,4.655,0.005003905999728886,0.0012801040002159425,5.17999978910666e-06,0.0008485460002702894,0.0009314720000475063,4.3961999836028554e-05,0.0036579589996108552,0.0044721631078581845,0.0020000000000000018,0.8944326215716368,13.91617456055044,0.12032985684006385,False,nan,nan,False,False
932,4.66,0.0049961419999817736,0.00141079799959698,4.69899987365352e-06,0.0019028980004804907,0.0010586300004433724,4.236899985698983e-05,0.0035481240001900005,0.004386533250865777,0.0020000000000000018,0.8773066501731553,8.313077867142383,0.1156209488587658,False,nan,nan,False,False
933,4.665,0.005028372000197123,0.0012793919995601755,5.570999746851157e-06,0.0008611900002506445,0.000912296000024071,4.3480999920575414e-05,0.0036376220004967763,0.0041279586897667786,0.0020000000000000018,0.8255917379533557,13.924405583935377,0.1091311387988196,False,nan,nan,False,False
934,4.67,0.004975853999894753,0.001402943999892159,4.900000021734741e-06,0.001959824000550725,0.0010435410003992729,4.296999941288959e-05,0.003536100999554037,0.004275186596770562,0.0020000000000000018,0.8550373193541124,11.887164571513306,0.12213840078666333,False,nan,nan,False,False
935,4.675,0.005008946000089054,0.001384458999382332,5.309999323799275e-06,0.0008581540005252464,0.0009629810001570149,4.619599985744571e-05,0.003540139000506315,0.004208753037604504,0.0020000000000000018,0.8417506075209006,8.000016778462083,0.11693163216051107,False,nan,nan,False,False
936,4.68,0.004984600000170758,0.00145943899951817,5.050000254414044e-06,0.001919819000249845,0.0010896880003201659,4.311100019549485e-05,0.00348439600020356,0.004275186904223983,0.0020000000000000018,0.8550373808447965,8.000415968813726,0.11495743005734074,False,nan,nan,False,False
937,4.6850000000000005,0.0050066119993061875,0.001264995000383351,5.259999852569308e-06,0.0008374859999094042,0.0009058940004251781,4.9121999836643226e-05,0.003671225000289269,0.004024127493505875,0.0020000000000000018,0.8048254987011749,13.856632390262549,0.10852059729918578,False,nan,nan,False,False
938,4.69,0.004996813000616385,0.0014206070000000182,5.149000571691431e-06,0.001959192999493098,0.0010578480005278834,4.4102000174461864e-05,0.0035195699992982554,0.0042228719774475044,0.0020000000000000018,0.8445743954895008,11.4541672050527,0.10842709620010262,False,nan,nan,False,False
939,4.695,0.0050022639998132945,0.0012776590001521981,5.469999450724572e-06,0.0007905180000307155,0.0009265920007237582,4.3341000491636805e-05,0.00365904199952638,0.004163069335640465,0.0020000000000000018,0.8326138671280929,8.000022326662165,0.10938692347373216,False,nan,nan,False,False
940,4.7,0.004996992999622307,0.0014336710000861785,5.079999937152024e-06,0.001886377000118955,0.001085077999960049,4.702800015365938e-05,0.003504443000565516,0.004222871957917278,0.0020000000000000018,0.8445743915834556,8.0000039866309,0.10997408667053785,False,nan,nan,False,False
941,4.705,0.004999358000532084,0.001308416999563633,5.060000148660038e-06,0.0007097769994288683,0.0009162230007859762,4.595600057655247e-05,0.003672216000268236,0.0039763232358510595,0.0020000000000000018,0.7952646471702118,13.856426867523489,0.10343597583776679,False,nan,nan,False,False
942,4.71,0.005040334999648621,0.0012810050002372009,4.998999429517426e-06,0.00010548699992796173,0.0009180970000670641,5.478200000652578e-05,0.0036205999995218008,0.00422287195697676,0.0020000000000000018,0.8445743913953521,13.856411276270153,0.10783150785845899,False,nan,nan,False,False
943,4.715,0.004965494000316539,0.0013631989995701588,5.560999852605164e-06,0.000590984999689681,0.0008976879998954246,4.5104999117029365e-05,0.0035727009999391157,0.004163069350845979,0.0020000000000000018,0.8326138701691957,8.000024729002075,0.11120905022870592,False,nan,nan,False,False
944,4.72,0.005000570999982301,0.0014220189996194676,7.413999810523819e-06,0.0016809030003059888,0.001053650000358175,4.344100034359144e-05,0.003511054999762564,0.0039229638082443575,0.0020000000000000018,0.7845927616488714,13.85641571279369,0.11358767123600488,False,nan,nan,False,False
945,4.7250000000000005,0.005003033999855688,0.001323073999628832,5.401000635174569e-06,0.0010548129994276678,0.0008776509994277149,4.2499999835854396e-05,0.0036120040003879694,0.004163069336923478,0.0020000000000000018,0.8326138673846954,13.856407788287665,0.10958594257535816,False,nan,nan,False,False
946,4.73,0.004995109999981651,0.0013911519999965094,5.249999958323315e-06,0.001600832999429258,0.0009310609993917751,4.313099998398684e-05,0.0035415319998719497,0.00411213391771812,0.0020000000000000018,0.822426783543624,8.00002074134323,0.10417447506052921,False,nan,nan,False,False
947,4.735,0.004993567999918014,0.0013071439998384449,5.199999577598646e-06,0.0010337630001231446,0.0008567419999963022,4.401200021675322e-05,0.0036327719999462715,0.003879193729042698,0.0020000000000000018,0.7758387458085396,13.856465745047592,0.10627973491483153,False,nan,nan,False,False
948,4.74,0.004997234000256867,0.0013447639994410565,5.208999937167391e-06,0.0015897719995336956,0.001008074999845121,4.702800015365938e-05,0.003597877000174776,0.004038148553985558,0.0020000000000000018,0.8076297107971115,13.856545147754959,0.11543473163763335,False,nan,nan,False,False
949,4.745,0.005003033999855688,0.0012938899999426212,5.0589997044880874e-06,0.0009785900001588743,0.00084837700069329,4.814000021724496e-05,0.003644815000370727,0.0040156138887680855,0.0020000000000000018,0.8031227777536171,8.002295865544351,0.1077285363817668,False,nan,nan,False,False
950,4.75,0.0049962129996856675,0.0013011720002396032,4.978999641025439e-06,0.001582048000273062,0.0009398769998369971,4.125700070289895e-05,0.003639536000264343,0.0040029539819521195,0.0020000000000000018,0.8005907963904239,8.001968075583118,0.10187601960930853,False,nan,nan,False,False
951,4.755,0.005001772000468918,0.0012749139996230952,4.709000677394215e-06,0.0010296049995304202,0.0008355630006917636,4.194800021650735e-05,0.003665043000182777,0.004000267930932474,0.0020000000000000018,0.8000535861864948,8.000854988681832,0.11158939512424905,False,nan,nan,False,False
952,4.76,0.004996802999812644,0.0012963339995621936,4.859000000578817e-06,0.0016324629996233853,0.0009694119999039685,4.146699939155951e-05,0.0036487430006673094,0.004007572610428159,0.0020000000000000018,0.8015145220856316,8.000178751416797,0.10879624010009031,False,nan,nan,False,False
953,4.765,0.005006231000152184,0.0012758849998135702,4.929000169795472e-06,0.0009864949997790973,0.0008385080000152811,4.216900015308056e-05,0.0036662860002252273,0.004024815336409385,0.0020000000000000018,0.8049630672818768,8.000544574279939,0.1005331959978891,False,nan,nan,False,False
954,4.7700000000000005,0.004996882999876107,0.0013704329994652653,4.940000508213416e-06,0.0015857050002523465,0.0010227019993180875,4.179799998382805e-05,0.0035748940008488717,0.0040034623671796185,0.0020000000000000018,0.8006924734359236,8.949657287236727,0.10405406090780571,False,nan,nan,False,False
955,4.775,0.005008885999814083,0.001247281999894767,5.511000381375197e-06,0.001043090999701235,0.0008653180002511363,4.2840999412874226e-05,0.0036859720003121765,0.004088539007183518,0.0020000000000000018,0.8177078014367034,8.94454309991345,0.10596270139621564,False,nan,nan,False,False
956,4.78,0.004990911999811942,0.001380341000185581,6.120999387349002e-06,0.0015969249998306623,0.0009306100000685547,4.263900063961046e-05,0.003561258999980055,0.004134565705458916,0.0020000000000000018,0.8269131410917832,8.000989116359483,0.10777236868638466,False,nan,nan,False,False
957,4.785,0.005002324000088265,0.001219400000081805,5.310000233293977e-06,0.0010296849995938828,0.0008477549999952316,5.0955000006069895e-05,0.0037196550001681317,0.0041896496294387495,0.0020000000000000018,0.8379299258877498,8.004563911879599,0.10135773653428608,False,nan,nan,False,False
958,4.79,0.00499552000019321,0.001358069999696454,4.998999429517426e-06,0.0015619299992977176,0.0010138460002053762,4.0876000639400445e-05,0.003583731000617263,0.004253561798331044,0.0020000000000000018,0.8507123596662088,8.156499350188573,0.10734461007264301,False,nan,nan,False,False
959,4.795,0.005002674999559531,0.0012231470000187983,4.918999366054777e-06,0.0009734610002851696,0.0008885710003596614,4.283999987819698e-05,0.003718844000104582,0.0042368231230787675,0.0020000000000000018,0.8473646246157535,11.321892787903277,0.10666176296240752,False,nan,nan,False,False
960,4.8,0.005005018000701966,0.0013571680001405184,5.390000296756625e-06,0.0020570870001392905,0.0010193759999310714,4.4022000110999215e-05,0.00359117499920103,0.004387730088061711,0.0020000000000000018,0.8775460176123423,10.275833626774455,0.10809706609018624,False,nan,nan,False,False
961,4.805,0.005010648999814293,0.0012049329998262692,5.0589997044880874e-06,0.0009772670000529615,0.0008741850006117602,4.040600015287055e-05,0.0037168300004850607,0.004472161156472294,0.0020000000000000018,0.8944322312944587,6.4149144446677475,0.1100833262276186,False,nan,nan,False,False
962,4.8100000000000005,0.004978189000212296,0.001281765999920026,4.889000592811499e-06,0.002005729999837058,0.0009451369996895664,5.0594999265740626e-05,0.0036665359994003666,0.004472882932790481,0.0020000000000000018,0.8945765865580962,3.870219797496914,0.10848989131832613,False,nan,nan,False,False
963,4.815,0.005010748999666248,0.0011988409996774863,5.070000042906031e-06,0.0008978389996627811,0.0008431160003965488,4.112700025871163e-05,0.00373805000072025,0.004386794286898491,0.0020000000000000018,0.8773588573796982,8.035193792798452,0.11591813443999911,False,nan,nan,False,False
964,4.82,0.004993466999621887,0.0013576790006482042,4.7289995563915e-06,0.0019735199994102004,0.0009930670003086561,4.3400999857112765e-05,0.0035881690000678645,0.004308299596610231,0.0020000000000000018,0.8616599193220462,8.061973385484082,0.11813033992264525,False,nan,nan,False,False
965,4.825,0.00501548800002638,0.0012238480003361474,5.40999917575391e-06,0.0008540170001651859,0.0008696959994267672,4.177800019533606e-05,0.003706700999828172,0.004313388422450373,0.0020000000000000018,0.8626776844900745,1.5671227602260984,0.11220649055626544,False,nan,nan,False,False
966,4.83,0.004991273000086949,0.0013902190003136639,5.46000046597328e-06,0.0019073160001426004,0.0010522669999772916,4.1788000089582056e-05,0.0035469430004013702,0.004392156064078587,0.0020000000000000018,0.8784312128157175,8.010539966956037,0.11327381199412119,False,nan,nan,False,False
967,4.835,0.0050059600007443805,0.0012128379994464922,5.649999366141856e-06,0.0008534959997632541,0.0008467629995720927,5.13360000695684e-05,0.003721058000337507,0.004472136108294785,0.0020000000000000018,0.8944272216589569,7.442281768054343,0.1130540205929467,False,nan,nan,False,False
968,4.84,0.005010388999835413,0.0013928339994890848,6.432000191125553e-06,0.001970553999854019,0.0010251670000798185,4.4612999772652984e-05,0.0035292890006530797,0.004472137308879501,0.0020000000000000018,0.8944274617759,0.18603249691708096,0.11667665471388322,False,nan,nan,False,False
969,4.845,0.004985971999303729,0.0012191200003144331,5.228999725659378e-06,0.0008435669997197692,0.0008745949999138247,4.380100017442601e-05,0.003721398999914527,0.004472137918381117,0.0020000000000000018,0.8944275836762233,0.3068181593515865,0.1116402888014349,False,nan,nan,False,False
970,4.8500000000000005,0.005001944000468939,0.0014067000001887209,5.3700005082646385e-06,0.001891736999823479,0.001057718000083696,4.1387000237591565e-05,0.0035380749995965743,0.004386388458232288,0.0020000000000000018,0.8772776916464575,8.05875085716099,0.11493889793925038,False,nan,nan,False,False
971,4.855,0.0050095260003217845,0.0012279769998713164,5.37999949301593e-06,0.0007985429992913851,0.0008902640001906548,4.370199985714862e-05,0.0036943169998266967,0.004327985423915168,0.0020000000000000018,0.8655970847830335,8.457414182634945,0.11689452959195402,False,nan,nan,False,False
972,4.86,0.004980933999831905,0.0013980039993839455,4.69899987365352e-06,0.0018570420006653876,0.0009870259991657804,4.533500032266602e-05,0.0035494170006131753,0.004451505343688059,0.0020000000000000018,0.8903010687376115,8.085348743017377,0.11475262596245527,False,nan,nan,False,False
973,4.865,0.005013013999814575,0.0013161899996703141,5.209000846662093e-06,0.0007135650002965122,0.0008665599998494145,4.24899999416084e-05,0.0036112230000071577,0.004472137578716387,0.0020000000000000018,0.8944275157432772,1.885315582808889,0.11381117720303918,False,nan,nan,False,False
974,4.87,0.004983929000445642,0.0013616659998660907,4.5780006985296495e-06,0.0018319959999644198,0.0010164410005017999,4.134699975111289e-05,0.003588869999475719,0.004472138947606429,0.0020000000000000018,0.8944277895212857,0.3593822141611044,0.11650799345838807,False,nan,nan,False,False
975,4.875,0.005014074999962759,0.001248333999683382,5.4300007832353e-06,0.0007202759998108377,0.000848465999297332,4.2810000195459e-05,0.0036887979995299247,0.004472198842648088,0.0020000000000000018,0.8944397685296175,1.1556195029116354,0.11803012129285163,False,nan,nan,False,False
976,4.88,0.0049944089996643015,0.0013350959998206235,5.029000021750107e-06,0.0018211560000054305,0.001001682000605797,4.103599985683104e-05,0.003603779000513896,0.004472176500589183,0.0020000000000000018,0.8944353001178367,0.18693592715700383,0.11880443402220806,False,nan,nan,False,False
977,4.885,0.005000119000214909,0.00122932900012529,5.030000465922058e-06,0.0007235729999592877,0.0008351619999302784,4.13269999626209e-05,0.0037129119991732296,0.004472155561096291,0.0020000000000000018,0.8944311122192581,0.23203916042311187,0.11584472333346282,False,nan,nan,False,False
978,4.89,0.005009987999983423,0.0013772449992757174,5.330000021785963e-06,0.0018475449996913085,0.0010370589998274227,4.100699970877031e-05,0.0035460810004224186,0.004472139495045726,0.0020000000000000018,0.8944278990091451,0.30461817850452527,0.11627018894723103,False,nan,nan,False,False
979,4.8950000000000005,0.004985841999769036,0.0013019449997955235,5.28900000063004e-06,0.0006648829994446714,0.0008371849999093683,4.238899964548182e-05,0.0037130930004423135,0.004472137838411884,0.0020000000000000018,0.8944275676823767,0.38925439018044095,0.11647419544099402,False,nan,nan,False,False
980,4.9,0.005076432999885583,0.0012034299998049391,4.829000317840837e-06,0.00010728000052040443,0.0008625529999335413,4.632600030163303e-05,0.0037547510000877082,0.004472159833606626,0.0020000000000000018,0.8944319667213251,0.7487457210913288,0.11803487957040885,False,nan,nan,False,False
981,4.905,0.00519330000042828,0.0020126839999647927,1.8945000192616135e-05,0.0007711719999861089,0.0015311439992728992,4.476300000533229e-05,0.002660143999491993,0.004472149384542163,0.0020000000000000018,0.8944298769084326,0.14617858610134352,0.1132809658957332,False,nan,nan,False,False
982,4.91,0.004734051999548683,0.0014336909998746705,5.34999981027795e-06,0.0015383660002044053,0.0009655759995439439,4.5365000005404e-05,0.0035065470001427457,0.004472140269362758,0.0020000000000000018,0.8944280538725515,0.1899130950645296,0.11481445912666194,False,nan,nan,False,False
983,4.915,0.00500216399996134,0.0012051829999109032,5.148999662196729e-06,0.0009592939995854977,0.0008509319995937403,4.214799992041662e-05,0.0037264880002112477,0.004472135971774977,0.0020000000000000018,0.8944271943549954,0.2639739055047873,0.1217106267613946,False,nan,nan,False,False
984,4.92,0.004987604999769246,0.0013900700005251565,4.929999704472721e-06,0.00202120899939473,0.0009253309999621706,4.24190002377145e-05,0.0035608179996415856,0.004472135955195801,0.0020000000000000018,0.8944271910391601,0.013818468871227728,0.12033708181471242,False,nan,nan,False,False
985,4.925,0.0050179429999843705,0.0012184080005681608,5.220000275585335e-06,0.0009452169997530291,0.0008686250002938323,4.14080004702555e-05,0.003711049999765237,0.004472135993656736,0.0020000000000000018,0.8944271987313471,0.021844826938672353,0.11477050437776672,False,nan,nan,False,False
986,4.93,0.004987636000805651,0.0013841179998053121,4.829000317840837e-06,0.0014354240001921426,0.000916612999390054,4.1727999814611394e-05,0.003559695999683754,0.004472136599363421,0.0020000000000000018,0.8944273198726841,0.11954859108227783,0.1165231269446375,False,nan,nan,False,False
987,4.9350000000000005,0.005012131999137637,0.001196117000290542,5.34999981027795e-06,0.0008376260002478375,0.0008418740007982706,4.176799939159537e-05,0.00373248899995815,0.004472136025086325,0.0020000000000000018,0.894427205017265,0.0643578718921323,0.11857010689040534,False,nan,nan,False,False
988,4.94,0.004985292000128538,0.00134249000075215,5.049000719736796e-06,0.001890956000352162,0.00098280799920758,4.165799964539474e-05,0.003603056999963883,0.004472136063645461,0.0020000000000000018,0.8944272127290922,0.07110129260812806,0.12011754508627412,False,nan,nan,False,False
989,4.945,0.005007884000406193,0.0012998499996683677,5.49000014871126e-06,0.0007612630006406107,0.0009417199999006698,4.409199937072117e-05,0.0036382830003276467,0.004472136187163862,0.0020000000000000018,0.8944272374327724,0.0970719461267143,0.11636263704665206,False,nan,nan,False,False
990,4.95,0.004997553999601223,0.001329596000687161,5.089999831398018e-06,0.0018355619995418238,0.0009940079999068985,4.72290003017406e-05,0.003607865999583737,0.004472135994585119,0.0020000000000000018,0.8944271989170237,0.033839521830459025,0.11819691942716633,False,nan,nan,False,False
991,4.955,0.004998987000362831,0.0013246970002001035,5.439999767986592e-06,0.0007205069996416569,0.0008536270006516133,4.22590001107892e-05,0.0036130159996901057,0.004472136027845466,0.0020000000000000018,0.8944272055690932,0.05608884664235359,0.1216643535154049,False,nan,nan,False,False
992,4.96,0.004992574999960198,0.0013445849999698112,5.22900063515408e-06,0.0017739070008246927,0.0009128060000875848,4.190799973002868e-05,0.0036024259998157504,0.0044721362793971675,0.0020000000000000018,0.8944272558794333,0.1004227060742244,0.11826457524866833,False,nan,nan,False,False
993,4.965,0.005007634000321559,0.0012799529995390913,5.1200004236306995e-06,0.0006338749999486026,0.0008426160002272809,4.1847999455058016e-05,0.003657740000562626,0.004472135960122657,0.0020000000000000018,0.8944271920245314,0.05957271850730522,0.11443109054126736,False,nan,nan,False,False
994,4.97,0.005005328999686753,0.0013598929999716347,6.953000593057368e-06,0.001721899000585836,0.0010119030002897489,4.2329999814683106e-05,0.003578922000087914,0.004472136015896177,0.0020000000000000018,0.8944272031792354,0.03808330381766759,0.11358453767724487,False,nan,nan,False,False
995,4.9750000000000005,0.005001591999644006,0.001240430000507331,5.110000529384706e-06,0.000621641999714484,0.0008505209998475038,4.0936000004876405e-05,0.003694216999974742,0.004472136015664904,0.0020000000000000018,0.8944272031329809,0.058985607526450864,0.11761886859267193,False,nan,nan,False,False
996,4.98,0.00500061100046878,0.0013145080001777387,7.214000106614549e-06,0.0017220909994648537,0.000925981999898795,4.219899983581854e-05,0.003615709999394312,0.004472135982860269,0.0020000000000000018,0.8944271965720537,0.049432464304318705,0.1190413987655875,False,nan,nan,False,False
997,4.985,0.004999136999686016,0.0011885730000358308,5.461000000650529e-06,0.0011303139999654377,0.0008250030005001463,4.103700030100299e-05,0.0037405439998110523,0.004472135975812937,0.0020000000000000018,0.8944271951625873,0.0027091971792041615,0.11392009410845483,False,nan,nan,False,False
998,4.99,0.004987095000615227,0.0013366599996516015,4.899000487057492e-06,0.0016341649998139474,0.0009844809992500814,4.0456000533595216e-05,0.00360889799958386,0.004472135973748987,0.0020000000000000018,0.8944271947497973,0.0008780541204604468,0.11424811004843723,False,nan,nan,False,False
999,4.995,0.005005709999750252,0.0012882689998150454,5.040000360168051e-06,0.001040565999574028,0.0008523730002707453,4.5694999244005885e-05,0.003652729999885196,0.004472135976191745,0.0020000000000000018,0.8944271952383489,0.033795329585096505,0.1154615962949308,False,nan,nan,False,False
1000,5.0,0.004996742999537673,0.0013125650002621114,4.7789999371161684e-06,0.001558754999678058,0.0009820260002015857,4.1026999497262295e-05,0.00364083699969342,0.004472135975507996,0.0020000000000000018,0.8944271951015991,0.0345464880322749,0.1225135402790919,False,nan,nan,False,False
1001,5.005,0.00502197000059823,0.0014777739997953176,5.930999577685725e-06,0.0009917140005200054,0.0010268510004607379,5.065499954071129e-05,0.003507467999952496,0.00438634246526882,0.0020000000000000018,0.8772684930537639,8.000000189538518,0.11392987562888625,False,nan,nan,False,False
1002,5.01,0.00510242099971947,0.0018865780002670363,1.513799998065224e-05,0.0021858170002815314,0.0012584830001287628,6.751700038876152e-05,0.003001671999300015,0.004472135957466333,0.0020000000000000018,0.8944271914932665,8.000010451606801,0.11771335637222063,False,nan,nan,False,False
1003,5.015,0.005006100999707996,0.0016860820005604182,9.046999366546515e-06,0.0010895269997490686,0.0012805739997929777,5.003300066164229e-05,0.003212015999451978,0.004386342466734267,0.0020000000000000018,0.8772684933468534,8.000011338156122,0.11822449176810201,False,nan,nan,False,False
1004,5.0200000000000005,0.005014706000110891,0.0017443320002712426,9.187000614474528e-06,0.0021597590002784273,0.0013228730003902456,5.3278999985195696e-05,0.003134259999569622,0.004472135957095346,0.0020000000000000018,0.8944271914190691,8.000038709664366,0.1133838478720741,False,nan,nan,False,False
1005,5.025,0.004995651000172074,0.0015540459999101586,9.046999366546515e-06,0.0010306160002073739,0.0011070499995184946,4.924200038658455e-05,0.0032891999999264954,0.004386342578409961,0.0020000000000000018,0.8772685156819922,8.00015357533002,0.11356614485359683,False,nan,nan,False,False
1006,5.03,0.004960285000379372,0.0016344159994332585,9.126999430009164e-06,0.002063789000203542,0.0012139390000811545,4.980300036550034e-05,0.0032183680004891357,0.004472135967374823,0.0020000000000000018,0.8944271934749644,8.000205932986601,0.1137258721908722,False,nan,nan,False,False
1007,5.035,0.004921722999824851,0.0012949209994985722,6.00099974690238e-06,0.0008603389997006161,0.0009240580002369825,4.557600004773121e-05,0.0036297670003477833,0.004298837365086547,0.0020000000000000018,0.8597674730173093,11.313983827241476,0.11370926492635669,False,nan,nan,False,False
1008,5.04,0.004996892999770353,0.0013905499999964377,5.179000254429411e-06,0.0019597740001700004,0.0010310480001862743,4.423299924383173e-05,0.0035378060001676204,0.004386342465331219,0.0020000000000000018,0.8772684930662439,13.856485245658618,0.11197409150873132,False,nan,nan,False,False
1009,5.045,0.004992344999664056,0.0012377040002320427,5.570000212173909e-06,0.0008559210000385065,0.0008673520005686441,4.4813999920734204e-05,0.003693526999995811,0.004298837052352218,0.0020000000000000018,0.8597674104704435,13.856416677736028,0.11025151186683402,False,nan,nan,False,False
1010,5.05,0.0049900710000656545,0.0014051670004846528,5.280000550555997e-06,0.00195764100044471,0.0009482129999014433,4.404300034366315e-05,0.0035400990000198362,0.004386342456432481,0.0020000000000000018,0.8772684912864962,13.856412717085144,0.11179196396727903,False,nan,nan,False,False
1011,5.055,0.0050259970003025956,0.0013018549998378148,5.811000846733805e-06,0.0008673619995533954,0.0009281560005547362,4.4763999540009536e-05,0.0036236960004316643,0.0042988370731674675,0.0020000000000000018,0.8597674146334934,13.856444070981887,0.1146600133009117,False,nan,nan,False,False
1012,5.0600000000000005,0.004992786000002525,0.001418351999745937,5.649999366141856e-06,0.001969703000213485,0.0010256169998683617,4.1507999412715435e-05,0.00355483700059267,0.004386342480556607,0.0020000000000000018,0.8772684961113215,13.856466936678883,0.11502944173037664,False,nan,nan,False,False
1013,5.065,0.0050850990000981255,0.0017475670001658727,8.556000466342084e-06,0.0008901649998733774,0.0013381220005612704,4.9592000323173124e-05,0.003155319999677886,0.004298837071023884,0.0020000000000000018,0.8597674142047766,13.856408617407103,0.11010263496527077,False,nan,nan,False,False
1014,5.07,0.00502011600019614,0.0017482089997429284,9.36800006456906e-06,0.001993388000300911,0.0013315699998202035,6.466100057878066e-05,0.003138719000162382,0.004472135955243228,0.0020000000000000018,0.8944271910486455,11.313722860786326,0.11630076431040581,False,nan,nan,False,False
1015,5.075,0.005004356999961601,0.0016683899993950035,8.987000001070555e-06,0.0008559699999750592,0.0012694239994743839,4.8660999709682073e-05,0.0032527220000702073,0.004298837091009849,0.0020000000000000018,0.8597674182019698,11.313736165421345,0.1157297406385484,False,nan,nan,False,False
1016,5.08,0.0050382310000713915,0.0016235159991992987,9.186999704979826e-06,0.0020084660000065924,0.0011859969999932218,4.8240000069199596e-05,0.0032623100005366723,0.004472135967437968,0.0020000000000000018,0.8944271934875935,11.3137127532039,0.11471209529710638,False,nan,nan,False,False
1017,5.085,0.005003866999686579,0.0016237059999184567,9.127999874181114e-06,0.0008942520007622079,0.00121513199974288,4.940200051350985e-05,0.003259654999965278,0.004298837081288145,0.0020000000000000018,0.859767416257629,11.313710492601842,0.11158905275400163,False,nan,nan,False,False
1018,5.09,0.004999658000087948,0.0018136210001102882,9.05700017028721e-06,0.002016610000282526,0.0013623269996969611,4.8720999984652735e-05,0.003023493999535276,0.004386342458631236,0.0020000000000000018,0.8772684917262471,13.856406992682262,0.11172887155147455,False,nan,nan,False,False
1019,5.095,0.004956337999828975,0.0017682059997241595,9.237000085704494e-06,0.000848446999953012,0.0013356769995880313,5.060499915998662e-05,0.003122568999970099,0.004298837052490267,0.0020000000000000018,0.8597674104980535,13.856413264810149,0.11141592452742309,False,nan,nan,False,False
1020,5.1000000000000005,0.005007722999835096,0.0016784190001999377,8.906999937607907e-06,0.001956599000550341,0.0012859839998782263,5.0444000407878775e-05,0.00319447299989406,0.004386342475468084,0.0020000000000000018,0.8772684950936167,13.856420692991241,0.1084535943774652,False,nan,nan,False,False
1021,5.105,0.004989039000065532,0.0017240340002899757,1.0458999895490706e-05,0.0008501100001012674,0.0013050299994574743,4.9573000069358386e-05,0.0032149709995792364,0.00429883710821525,0.0020000000000000018,0.8597674216430501,13.85649719365305,0.10973034901387488,False,nan,nan,False,False
1022,5.11,0.005054711000411771,0.0016969529997368227,8.956999408837873e-06,0.00203079700077069,0.001290913999582699,4.932299998472445e-05,0.003193542000190064,0.004386342540970465,0.0020000000000000018,0.877268508194093,13.856561104618196,0.10930197744389485,False,nan,nan,False,False
1023,5.115,0.0050067920001310995,0.0016480819995194906,8.966999303083867e-06,0.0009083089998966898,0.001234387999829778,4.930199975206051e-05,0.0032331450001947815,0.00429883705559361,0.0020000000000000018,0.859767411118722,13.856440415792274,0.11084770287133267,False,nan,nan,False,False
1024,5.12,0.00499765499989735,0.0018447389993525576,8.965999768406618e-06,0.0020301959993958008,0.0014029840003786376,5.920100011280738e-05,0.0029825569999957224,0.004386342465362695,0.0020000000000000018,0.8772684930725391,13.856411585184988,0.10870589654161139,False,nan,nan,False,False
1025,5.125,0.004943222999827412,0.0017119209996963036,8.945999979914632e-06,0.0008432559998254874,0.001302575999943656,4.779899973073043e-05,0.0031685450003351434,0.004298837054128844,0.0020000000000000018,0.8597674108257689,13.856413084442828,0.11116387800011777,False,nan,nan,False,False
1026,5.13,0.004996832999495382,0.0017358459999741171,8.826999874145258e-06,0.00196293000044534,0.0013290550004967372,4.871099918091204e-05,0.0031495490002271254,0.00447213601120729,0.0020000000000000018,0.894427202241458,11.313731882387117,0.11106710111278469,False,nan,nan,False,False
1027,5.135,0.0050020830003632,0.0016293970002152491,9.026999578054529e-06,0.0008437180003966205,0.0012297799994485104,4.74579992442159e-05,0.0033201179994648555,0.004298837125706499,0.0020000000000000018,0.8597674251412998,11.313868632471223,0.11602525338676874,False,nan,nan,False,False
1028,5.14,0.005066714000349748,0.0016155809998963377,8.977000106824562e-06,0.0020154780004304484,0.0011725729991667322,4.810999962501228e-05,0.0032004650001908885,0.0044721360076675045,0.0020000000000000018,0.8944272015335007,11.313863840113111,0.11054772345970086,False,nan,nan,False,False
1029,5.1450000000000005,0.004933655000058934,0.0016311299996232265,9.306999345426448e-06,0.0008463719996143482,0.0012233269999342156,5.6525000218243804e-05,0.003322532999845862,0.0042988370534345136,0.0020000000000000018,0.8597674106869027,11.31373203163521,0.11000730555581671,False,nan,nan,False,False
1030,5.15,0.0050711829999272595,0.0018227779992230353,9.177000720228534e-06,0.0020334820001153275,0.0013780970002699178,5.972199960524449e-05,0.0029919240005256142,0.004472135955383477,0.0020000000000000018,0.8944271910766953,11.31370868191178,0.11244210340946582,False,nan,nan,False,False
1031,5.155,0.004931339999529882,0.0017773839999790653,8.846000127959996e-06,0.0008518120002918295,0.0013214410000728094,4.95529993713717e-05,0.003112921000138158,0.004298837053618305,0.0020000000000000018,0.859767410723661,11.31370873568391,0.11139081466021339,False,nan,nan,False,False
1032,5.16,0.005006983000384935,0.001666464999289019,8.936999620345887e-06,0.001968871999451949,0.0012448870002117474,4.789000013261102e-05,0.0032047330005298136,0.00441397449917416,0.0020000000000000018,0.882794899834832,8.428445937546996,0.11155556867411377,False,nan,nan,False,False
1033,5.165,0.004988406999473227,0.0016762140003265813,9.16700082598254e-06,0.0008486960005029687,0.00127772899941192,4.80799999422743e-05,0.003286795999883907,0.004244601334047103,0.0020000000000000018,0.8489202668094207,11.313727141818562,0.11007082280731774,False,nan,nan,False,False
1034,5.17,0.005078646000583831,0.00168291699992551,8.996999895316549e-06,0.0020373999996081693,0.001270355000087875,5.899999996472616e-05,0.0032037510000009206,0.004191086818799142,0.0020000000000000018,0.8382173637598285,3.8354087650410387,0.11025616921034227,False,nan,nan,False,False
1035,5.175,0.005003575999580789,0.0015188099996521487,9.05700017028721e-06,0.0009318230004282668,0.001096450000659388,4.734800040750997e-05,0.0032817460005389876,0.00403872882021526,0.0020000000000000018,0.8077457640430521,11.313709306236305,0.1113640262527018,False,nan,nan,False,False
1036,5.18,0.004916943999887735,0.00182783800028119,9.096999747271184e-06,0.0019632610001281137,0.0013817330000165384,6.360900079016574e-05,0.0030582680001316476,0.0039386033635959005,0.0020000000000000018,0.7877206727191801,8.680504103069087,0.10993763246390735,False,nan,nan,False,False
1037,5.1850000000000005,0.005001502000595792,0.0019108729993604356,8.496000191371422e-06,0.0008208750004996546,0.001478915000006964,4.881100085185608e-05,0.0029739310002696584,0.0038121397761727406,0.0020000000000000018,0.7624279552345481,11.31371189336361,0.10546812418516334,False,nan,nan,False,False
1038,5.19,0.00500189199919987,0.0017537300000185496,9.176999810733832e-06,0.0019616179997683503,0.0013559749995692982,4.833000002690824e-05,0.0031279990007533343,0.003724022503977857,0.0020000000000000018,0.7448045007955713,9.324360224403925,0.10460207063165049,False,nan,nan,False,False
1039,5.195,0.004999128000235942,0.001703685999927984,9.037000381795224e-06,0.0007352849997914745,0.0012959229998159572,5.439199958345853e-05,0.0032690220004951698,0.003629883739428582,0.0020000000000000018,0.7259767478857164,11.313708593565563,0.10490990493228951,False,nan,nan,False,False
1040,5.2,0.005090198000289092,0.0017585079995114938,8.945999979914632e-06,0.0019352789995537023,0.0011721619994204957,6.947000019863481e-05,0.003130313000838214,0.003569105223347456,0.0020000000000000018,0.7138210446694911,9.47752018455571,0.10172677560667186,False,nan,nan,False,False
1041,5.205,0.0050057799999194685,0.0017848170000434038,8.965999768406618e-06,0.0008454709995930898,0.0013421300000118208,5.217700072535081e-05,0.0030755910001971642,0.003512412443708031,0.0020000000000000018,0.7024824887416062,11.313708758778118,0.09839689038000482,False,nan,nan,False,False
1042,5.21,0.004976815999725659,0.0019870350006385706,8.785999852989335e-06,0.0018726819998846622,0.0015406100001200684,4.9281999963568524e-05,0.0028275269996811403,0.00348286944212066,0.0020000000000000018,0.6965738884241319,9.869315939498422,0.0958067611365933,False,nan,nan,False,False
1043,5.215,0.004930738999973983,0.0019567290000850335,9.026999578054529e-06,0.0007503229999201722,0.0015264650000972324,4.936200002703117e-05,0.0029247490001580445,0.003467953912275513,0.0020000000000000018,0.6935907824551026,11.313709077648006,0.09745790000131262,False,nan,nan,False,False
1044,5.22,0.004997815000024275,0.001865318000454863,8.707000233698636e-06,0.0018191119997936767,0.0012437159994078684,6.968100024096202e-05,0.0030190659999789204,0.003475573388257312,0.0020000000000000018,0.6951146776514624,9.67394625671796,0.09584600817842573,False,nan,nan,False,False
1045,5.2250000000000005,0.005003045000194106,0.0018728220002230955,8.756999704928603e-06,0.000717621000148938,0.0014266580001276452,5.130599947733572e-05,0.002987025999573234,0.0035029026981411872,0.0020000000000000018,0.7005805396282374,11.313708659710136,0.08739323042505023,False,nan,nan,False,False
1046,5.23,0.004977177000000665,0.0018761979999908363,8.756000170251355e-06,0.0017855389996839222,0.0013874640007998096,6.236599983822089e-05,0.0030365279999386985,0.00347965171342066,0.0020000000000000018,0.695930342684132,8.068271918826547,0.0888399808624261,False,nan,nan,False,False
1047,5.235,0.005031517999668722,0.0015506690006077406,8.88599970494397e-06,0.0007595500001116307,0.0011185319999640342,4.839099983655615e-05,0.0033029159994839574,0.0035168479987829617,0.0020000000000000018,0.7033695997565923,11.313739799531964,0.08995186128370951,False,nan,nan,False,False
1048,5.24,0.004972017000000051,0.00159211700065498,8.867000360623933e-06,0.0018351310000070953,0.001193320999846037,4.8099999730766285e-05,0.003307313999357575,0.003534637036617802,0.0020000000000000018,0.7069274073235604,11.31387388288317,0.08574525844506395,False,nan,nan,False,False
1049,5.245,0.00501548800002638,0.0019665370000438998,8.94699951459188e-06,0.0007570150000901776,0.0012578420000863844,5.431099998531863e-05,0.002900784000303247,0.0035935917826706654,0.0020000000000000018,0.718718356534133,11.31382150521719,0.08214217940492188,False,nan,nan,False,False
1050,5.25,0.004987646000699897,0.0017753199999788194,8.91599938768195e-06,0.0017995649996009888,0.001348632000372163,5.813799998577451e-05,0.0031327869992310298,0.00365912687459066,0.0020000000000000018,0.7318253749181319,8.920800662691299,0.0887524614886406,False,nan,nan,False,False
1051,5.255,0.005026327999985369,0.0018639859999893815,8.846999662637245e-06,0.0006985059999351506,0.0012505679997047991,5.928100017627003e-05,0.00298726499931945,0.003753521685246807,0.0020000000000000018,0.7507043370493615,11.313709278763731,0.08812841274317973,False,nan,nan,False,False
1052,5.26,0.004975664000085089,0.0016009529999791994,8.354999408766162e-06,0.0017206369993800763,0.0012093909999748576,4.82299992654589e-05,0.003310840999802167,0.00379669485511025,0.0020000000000000018,0.75933897102205,11.313735015763681,0.08953581600270483,False,nan,nan,False,False
1053,5.265,0.005028562999541464,0.0016634599996905308,8.877000254869927e-06,0.0006523000001834589,0.001226473000315309,4.944200009049382e-05,0.0031747460006954498,0.0039082742174727965,0.0020000000000000018,0.7816548434945593,11.313725837262833,0.08712063965060013,False,nan,nan,False,False
1054,5.2700000000000005,0.004955385000357637,0.0016570489997320692,1.3314999705471564e-05,0.0017007399992507999,0.0012350289998721564,4.7618999815313146e-05,0.003198329999577254,0.003969958987927704,0.0020000000000000018,0.7939917975855407,11.313709450290986,0.09112989778462571,False,nan,nan,False,False
1055,5.275,0.004932512999403116,0.0013380520003920537,6.221000148798339e-06,0.00041224100004910724,0.0009447860002183006,4.6176000068953726e-05,0.0035796439997284324,0.0040552603880204385,0.0020000000000000018,0.8110520776040878,9.286526299856112,0.09133490455192061,False,nan,nan,False,False
1056,5.28,0.004983008000635891,0.0013677269998879638,5.711000085284468e-06,0.0014826420001554652,0.0010135550000995863,4.3091000407002866e-05,0.0035598360000221874,0.00402719039506222,0.0020000000000000018,0.8054380790124439,8.000003608497702,0.09529703902708021,False,nan,nan,False,False
1057,5.285,0.004988738000065496,0.0015119969993975246,1.1241000720474403e-05,0.0009410000002390007,0.0010380819994679769,4.190800063952338e-05,0.003521405000356026,0.004055260403345993,0.0020000000000000018,0.8110520806691986,8.000013917354288,0.09644265781832641,False,nan,nan,False,False
1058,5.29,0.005150469999534835,0.0016326730001310352,9.137000233749859e-06,0.001687234999735665,0.0011805369995272486,4.802999956154963e-05,0.003253312999731861,0.004027190406365147,0.0020000000000000018,0.8054380812730294,8.000054495474773,0.10201677447627922,False,nan,nan,False,False
1059,5.295,0.005003475999728835,0.0016229350003413856,8.987000001070555e-06,0.0011370460006219218,0.0011916379999092896,6.208600007084897e-05,0.003226713000003656,0.004055260404019077,0.0020000000000000018,0.8110520808038153,8.00005542771888,0.09679629476035866,False,nan,nan,False,False
1060,5.3,0.0049852210004246444,0.0016317219997290522,1.9936999706260394e-05,0.0016673680001986213,0.0012165149992142688,4.7849999646132346e-05,0.0032338660003006225,0.004061518255296775,0.0020000000000000018,0.812303651059355,1.4815709337353764,0.10259085032801844,False,nan,nan,False,False
1061,5.305,0.004983668999557267,0.0017376590003550518,8.60599993757205e-06,0.0010860499996852013,0.0013160610005797935,4.7788999836484436e-05,0.0031431879997398937,0.004064318270817753,0.0020000000000000018,0.8128636541635506,0.6390839188631815,0.10756445404409759,False,nan,nan,False,False
1062,5.3100000000000005,0.005009135999898717,0.0018071390004479326,2.340399987588171e-05,0.001634266000110074,0.0013805710004817229,6.1103999541956e-05,0.003070370999921579,0.004033683709493986,0.0020000000000000018,0.8067367418987971,8.000011820091364,0.1044876313902199,False,nan,nan,False,False
1063,5.315,0.004993177000869764,0.0017836249999163556,9.016999683808535e-06,0.0010791579998112866,0.0013391439997576526,4.9962999582930934e-05,0.003143096999338013,0.004054357386750857,0.0020000000000000018,0.8108714773501713,5.659151833621896,0.10424825865059001,False,nan,nan,False,False
1064,5.32,0.005054409999502241,0.0017009909997796058,1.1611999980232213e-05,0.001734342999952787,0.0012838110005759518,5.221700030233478e-05,0.0031667220000599627,0.004026554839306636,0.0020000000000000018,0.8053109678613272,8.000000039312136,0.10557492767339784,False,nan,nan,False,False
1065,5.325,0.004984541000339959,0.0014892849994794233,8.766000064497348e-06,0.0010582089998933952,0.001050394000230881,4.765999983646907e-05,0.003395198000362143,0.004047356165187932,0.0020000000000000018,0.8094712330375864,6.2260555829686215,0.10786667088470642,False,nan,nan,False,False
1066,5.33,0.005001451999305573,0.0017804490007620188,9.02600004337728e-06,0.0021151350001673563,0.001271127000109118,6.0442999711085577e-05,0.0030545009994966676,0.00399010142943724,0.0020000000000000018,0.798020285887448,8.403877107306062,0.10719282268389191,False,nan,nan,False,False
1067,5.335,0.004951288000484055,0.0019225449996156385,8.816999979899265e-06,0.0009987580006054486,0.0014659110001957742,5.3499999921768904e-05,0.0029678090004381374,0.004042092286021848,0.0020000000000000018,0.8084184572043696,7.065135670173842,0.10236137357198753,False,nan,nan,False,False
1068,5.34,0.005008154000279319,0.0017700199996397714,8.9169998318539e-06,0.002033542000390298,0.0013585909991888911,4.8349999815400224e-05,0.0031216770003084093,0.003940012025731163,0.0020000000000000018,0.7880024051462325,8.50569966021381,0.10283168328128725,False,nan,nan,False,False
1069,5.345,0.005008274999454443,0.0015857250000408385,8.895999599189963e-06,0.0008629439998912858,0.001143387999945844,4.818999968847493e-05,0.0033387630001016078,0.003920212893898604,0.0020000000000000018,0.7840425787797207,8.00023241011866,0.10443164496252602,False,nan,nan,False,False
1070,5.3500000000000005,0.005042318000050727,0.0016816449997349991,9.006999789562542e-06,0.0020613650003724615,0.0012816569997085026,4.839099983655615e-05,0.00320205700063525,0.003910262064271795,0.0020000000000000018,0.7820524128543589,0.8627095203070624,0.09850942863431289,False,nan,nan,False,False
1071,5.355,0.005001141999855463,0.001490526000452519,8.856999556883238e-06,0.0009181870000247727,0.0010467070005688583,5.877000057807891e-05,0.0033329830002912786,0.0038595492002409513,0.0020000000000000018,0.7719098400481902,8.818610107723185,0.09678548199979559,False,nan,nan,False,False
1072,5.36,0.0049398660003134864,0.0019068159999733325,8.876999345375225e-06,0.0018963560005431646,0.0014473060000455007,5.6365999625995755e-05,0.0029882770004405756,0.0038824607535594014,0.0020000000000000018,0.7764921507118803,4.016244782072223,0.10171285895596953,False,nan,nan,False,False
1073,5.365,0.005014125999878161,0.00190670499978296,9.035999937623274e-06,0.0008502600003339467,0.001452746000722982,5.3419999858306255e-05,0.0029678090004381374,0.0037933476903712444,0.0020000000000000018,0.7586695380742489,11.313713965999343,0.10485498783039426,False,nan,nan,False,False
1074,5.37,0.004991552999854321,0.0016830670001581893,9.327000043413136e-06,0.0019622789995992207,0.0012616889998753322,4.782900032296311e-05,0.003205163000529865,0.0038486634686792096,0.0020000000000000018,0.769732693735842,9.401703552959402,0.10089347798563421,False,nan,nan,False,False
1075,5.375,0.00500468800055387,0.0016883469997992506,8.977000106824562e-06,0.0008526940000592731,0.001285303000258864,4.8892000449995976e-05,0.003189232999829983,0.003771552722726143,0.0020000000000000018,0.7543105445452286,8.844655608343071,0.09985874746576714,False,nan,nan,False,False
1076,5.38,0.0049944089996643015,0.001686704000348982,8.897000043361913e-06,0.0019504270003380952,0.0012770479997925577,5.8769999668584205e-05,0.003263941999648523,0.0037925088908020627,0.0020000000000000018,0.7585017781604125,2.114388262261026,0.10170917167480192,False,nan,nan,False,False
1077,5.385,0.00506854699960968,0.0015965050006343517,8.85600002220599e-06,0.0008649970004626084,0.0011992419995294767,4.7899000492179766e-05,0.0032884889997149003,0.0037074404397860537,0.0020000000000000018,0.7414880879572107,11.313716611280293,0.10198758564078791,False,nan,nan,False,False
1078,5.39,0.005001983000511245,0.0016511269996044575,9.037000381795224e-06,0.000261017999946489,0.0011835429995699087,5.0503999773354735e-05,0.003158496000651212,0.003758051842662818,0.0020000000000000018,0.7516103685325636,9.164924930086062,0.09389144315901762,False,nan,nan,False,False
1079,5.3950000000000005,0.004926392000015767,0.0017430890002287924,9.096999747271184e-06,0.0007229119992189226,0.0013271219995658612,5.549399975279812e-05,0.0031715599998278776,0.0036795225885402722,0.0020000000000000018,0.7359045177080543,9.325116865060943,0.09676445651305467,False,nan,nan,False,False
1080,5.4,0.005030434999753197,0.0015837520004424732,8.906999937607907e-06,0.0001960969993888284,0.0011925699991479632,4.8691000301914755e-05,0.003271586999289866,0.0036989676044924336,0.0020000000000000018,0.7397935208984867,4.127027074650429,0.09644783949831962,False,nan,nan,False,False
1081,5.405,0.004972739000550064,0.0016629589999865857,8.71599968377268e-06,0.000714867000169761,0.0012532030004877015,5.5993999922065996e-05,0.003220120999685605,0.003635127970607135,0.0020000000000000018,0.7270255941214271,11.31370868274815,0.1007967087359284,False,nan,nan,False,False
1082,5.41,0.005016058999899542,0.0016967829997156514,1.16319997687242e-05,0.001814983999793185,0.0012913040000057663,4.918200011161389e-05,0.003250017000027583,0.003698967622731561,0.0020000000000000018,0.7397935245463122,11.313715213745974,0.09256168253655082,False,nan,nan,False,False
1083,5.415,0.005064599999968777,0.001580835999448027,9.106999641517177e-06,0.0012627109999812092,0.0011708700003509875,4.882099983660737e-05,0.003337721000207239,0.0036339782697304567,0.0020000000000000018,0.7267956539460914,8.007430840093246,0.09781113279411563,False,nan,nan,False,False
1084,5.42,0.005035385000155657,0.001622934999431891,9.017000593303237e-06,0.00019688800057338085,0.0011740149993784144,4.827999964618357e-05,0.0031409029998030746,0.0036513110408755707,0.0020000000000000018,0.730262208175114,2.6196533594645968,0.09725777470765812,False,nan,nan,False,False
1085,5.425,0.0048815479995028,0.001748780000525585,8.88599970494397e-06,0.0011538670005393215,0.00133751100020163,4.848000025958754e-05,0.0031346309997388744,0.0035921852519819556,0.0020000000000000018,0.7184370503963912,11.313710900104397,0.10124903602588908,False,nan,nan,False,False
1086,5.43,0.005009657000300649,0.0017502129994682036,1.16319997687242e-05,0.0016706129999874975,0.0013498440002877032,4.8070000048028305e-05,0.00314935799997329,0.003651311008016102,0.0020000000000000018,0.7302622016032203,11.313710869081984,0.09084939967087027,False,nan,nan,False,False
1087,5.4350000000000005,0.005017431999476685,0.001669191000473802,8.925999281927943e-06,0.0011032519996660994,0.0012673999999606167,4.793999960384099e-05,0.0031900650001261965,0.0035915366485337456,0.0020000000000000018,0.7183073297067492,8.73636873471313,0.09365716793356442,False,nan,nan,False,False
1088,5.44,0.004974491000211856,0.0018790240001180791,8.927000635594595e-06,0.0020801190003112424,0.0014242530005503795,4.912200074613793e-05,0.0029792909999741823,0.0036287719819596293,0.0020000000000000018,0.7257543963919258,5.313185233255748,0.09389871409692563,False,nan,nan,False,False
1089,5.445,0.004982446999747481,0.0015322449999075616,9.106999641517177e-06,0.00101092999921093,0.0011020210004062392,4.785900000570109e-05,0.0033087060000980273,0.0035782250240039347,0.0020000000000000018,0.7156450048007869,11.313710788131672,0.0975979394080225,False,nan,nan,False,False
1090,5.45,0.004910311000458023,0.0014157169998725294,5.49000014871126e-06,0.001986394000596192,0.0010477890000402112,4.553600047074724e-05,0.0035119869999107323,0.003625320885071416,0.0020000000000000018,0.725064177014283,10.989150033383027,0.09077477193052352,False,nan,nan,False,False
1091,5.455,0.004990792000171496,0.0012390969995976775,5.26000076206401e-06,0.0008446789997833548,0.0008895220007616444,4.524500036495738e-05,0.003697342999657849,0.00357143867764859,0.0020000000000000018,0.714287735529718,8.003262808548987,0.0931004828294394,False,nan,nan,False,False
1092,5.46,0.004995020000023942,0.0013752009999734582,5.089999831398018e-06,0.001954835000105959,0.0010218209999948158,4.33510003858828e-05,0.003572930999325763,0.003605456906851146,0.0020000000000000018,0.7210913813702292,5.226095345586705,0.09519476790040819,False,nan,nan,False,False
1093,5.465,0.005018372999984422,0.0013489829998434288,6.641999789280817e-06,0.0008203440002034768,0.0008922789993448532,4.789000013261102e-05,0.003572630000235222,0.003559237588664226,0.0020000000000000018,0.7118475177328452,11.313710914369874,0.09669664444282151,False,nan,nan,False,False
1094,5.47,0.004981023999789613,0.001380110999889439,4.919999810226727e-06,0.0018598079996081651,0.0009370119996674475,4.2770000618475024e-05,0.0035602770003606565,0.0036054568942813464,0.0020000000000000018,0.7210913788562693,11.313708504324223,0.09467589971271306,False,nan,nan,False,False
1095,5.4750000000000005,0.005000189999918803,0.001334765999672527,4.999000339012127e-06,0.0007228710001072614,0.0008987900000647642,4.310100030124886e-05,0.0036061020000488497,0.0035552842504645173,0.0020000000000000018,0.7110568500929034,8.004457257756721,0.0904056442712357,False,nan,nan,False,False
1096,5.48,0.005000228999961109,0.0013371909999477793,4.999999873689376e-06,0.00182783800028119,0.0009955010000339826,4.22590001107892e-05,0.0036080159998164163,0.0036000324397896574,0.0020000000000000018,0.7200064879579314,7.309143393116477,0.09605301144885738,False,nan,nan,False,False
1097,5.485,0.005005940000046394,0.0012305410000408301,6.613000550714787e-06,0.0007091460001902306,0.0008328780004376313,4.1217000216420274e-05,0.0037048280000817613,0.0035553252046440138,0.0020000000000000018,0.7110650409288027,9.26929452080177,0.09778388842590838,False,nan,nan,False,False
1098,5.49,0.004992676000256324,0.0013723060001211707,5.631000021821819e-06,0.0017836849992818316,0.0010274520000166376,4.106600044906372e-05,0.0035727299991776817,0.003603642330119601,0.0020000000000000018,0.72072846602392,11.313709461078616,0.09512153406716059,False,nan,nan,False,False
1099,5.495,0.005005508999602171,0.001236181999956898,4.9899999794433825e-06,0.0006122750000940869,0.0008402309995290125,4.216900015308056e-05,0.0036971930003346642,0.003574233188419722,0.0020000000000000018,0.7148466376839444,4.511507569418554,0.09007408089342324,False,nan,nan,False,False
1100,5.5,0.00501196200002596,0.0014323080004032818,7.323999852815177e-06,0.0017210280002473155,0.00099485100054153,4.414199975144584e-05,0.0034972189996551606,0.003606112934729039,0.0020000000000000018,0.7212225869458077,5.275579192444481,0.09286171950026696,False,nan,nan,False,False
1101,5.505,0.005009597000025678,0.002444370000375784,1.1922000339836814e-05,0.000584882999646652,0.001939576000040688,5.468200015457114e-05,0.002467263999278657,0.003608251804663587,0.0020000000000000018,0.7216503609327174,2.696230165126277,0.09559082259418646,False,nan,nan,False,False
1102,5.51,0.004973219000021345,0.0014225300001271535,4.878999789070804e-06,0.0015696149994255393,0.0010756210003819433,4.138699932809686e-05,0.0035164150003765826,0.0036243967949049875,0.0020000000000000018,0.7248793589809974,8.201246623992594,0.0962426712112566,False,nan,nan,False,False
1103,5.515,0.005001221000384248,0.0013377119994402165,8.816999979899265e-06,0.00102989599963621,0.0008796849997452227,4.3421000555099454e-05,0.003606043000218051,0.0036138043662328565,0.0020000000000000018,0.7227608732465712,2.0100733753122584,0.09078894804306488,False,nan,nan,False,False
1104,5.5200000000000005,0.005009707999306556,0.001353891000690055,1.2462999620765913e-05,0.0016122950000863057,0.0009720670004753629,4.410299970913911e-05,0.0035740329994951026,0.0036287311327484625,0.0020000000000000018,0.7257462265496926,2.9197087544469236,0.096859952520535,False,nan,nan,False,False
1105,5.525,0.0049928660000659875,0.0012381050000840332,4.978999641025439e-06,0.0010104299999511568,0.0008560510004826938,5.048399998486275e-05,0.003694468000503548,0.003637490328659708,0.0020000000000000018,0.7274980657319416,1.5642422986929712,0.0949812387575518,False,nan,nan,False,False
1106,5.53,0.0049927950003620936,0.0013506360000974382,4.80900052934885e-06,0.0015734520002297359,0.0010172519996558549,4.273000013199635e-05,0.0035904129999835277,0.0036515091533446085,0.0020000000000000018,0.7303018306689217,1.8277747132042104,0.09651541739553057,False,nan,nan,False,False
1107,5.535,0.005000870999538165,0.001217897000060475,4.999000339012127e-06,0.0010221310003544204,0.0008438380000370671,4.1847999455058016e-05,0.0037233120001474163,0.003654791060098222,0.0020000000000000018,0.7309582120196443,0.6296761302899759,0.09649500738153517,False,nan,nan,False,False
1108,5.54,0.004996563000531751,0.0013882260000173119,4.397999873617664e-06,0.0015733730006104452,0.0009174350007015164,4.288000036467565e-05,0.003560406999895349,0.003673629812333103,0.0020000000000000018,0.7347259624666206,2.465458930811356,0.09777174272795339,False,nan,nan,False,False
1109,5.545,0.005011600999750954,0.0013037979997534421,4.999000339012127e-06,0.0010211590006292681,0.0008437680007773452,4.1647999751148745e-05,0.0036330729999463074,0.0036801325215713404,0.0020000000000000018,0.7360265043142681,0.7802590683351559,0.09294965098019986,False,nan,nan,False,False
1110,5.55,0.004996683000172197,0.0014129119999779505,7.933799952297704e-05,0.0015955329999997048,0.0009998489995268756,4.159799937042408e-05,0.0035268740002720733,0.0036964667638775895,0.0020000000000000018,0.7392933527755179,2.2483620981262042,0.09748034390279023,False,nan,nan,False,False
1111,5.555,0.005007042000215733,0.0013077249996058526,1.0128999747394118e-05,0.0010396439993201056,0.0008402809999097371,4.282000008970499e-05,0.0036209709996910533,0.00370700632951832,0.0020000000000000018,0.741401265903664,1.2357845671290695,0.09641249589254841,False,nan,nan,False,False
1112,5.5600000000000005,0.0049875659997269395,0.0014083830001254682,4.599000021698885e-06,0.001584081999681075,0.0009304899995186133,4.200900002615526e-05,0.003534608999871125,0.0037282676944711676,0.0020000000000000018,0.7456535388942335,2.7618893524888417,0.10178686218518102,False,nan,nan,False,False
1113,5.565,0.005006291000427154,0.001323624999713502,4.497999725572299e-06,0.0010225830001218128,0.0008664900005896925,4.462299966689898e-05,0.0036102409994782647,0.003738504002772025,0.0020000000000000018,0.747700800554405,1.181005250042147,0.09046894871210312,False,nan,nan,False,False
1114,5.57,0.0049918839995370945,0.0014321480002763565,4.69899987365352e-06,0.0015777600001456449,0.0010867610008062911,4.098699992027832e-05,0.0035111150000375346,0.0037649134339621426,0.0020000000000000018,0.7529826867924285,3.208913373328357,0.09479851540478876,False,nan,nan,False,False
1115,5.575,0.0050083550004274,0.0012200109995319508,5.019000127504114e-06,0.001022981999994954,0.0008668410000609583,4.2269000005035195e-05,0.003724103000422474,0.0037715233205921337,0.0020000000000000018,0.7543046641184268,0.7322386444872789,0.09775856103320257,False,nan,nan,False,False
1116,5.58,0.005007391999242827,0.0013962810007797088,1.2974000128451735e-05,0.001605100999768183,0.0010502340001039556,4.458399962459225e-05,0.00353368799915188,0.0037971407808097954,0.0020000000000000018,0.759428156161959,3.0124914392915696,0.10013107458130321,False,nan,nan,False,False
1117,5.585,0.004990953000742593,0.0011861379998663324,4.739000360132195e-06,0.0010119620001205476,0.0008486369997626753,4.325099962443346e-05,0.0037506429998757085,0.00381164848015183,0.0020000000000000018,0.762329696030366,1.4626859340963683,0.09148158785968676,False,nan,nan,False,False
1118,5.59,0.004993045999981405,0.0012981269992451416,4.638999598682858e-06,0.0015495269999519223,0.0009240070003215806,4.00950002585887e-05,0.003645796999990125,0.003842210243995577,0.0020000000000000018,0.7684420487991153,3.2757012158658,0.09650721040994654,False,nan,nan,False,False
1119,5.595,0.005007232999560074,0.0011907059997611213,4.7789999371161684e-06,0.0009418009994988097,0.0008361840000361553,4.0715999602980446e-05,0.003743109000424738,0.0038495709643350767,0.0020000000000000018,0.7699141928670152,0.7277151816559565,0.0990785697366601,False,nan,nan,False,False
1120,5.6000000000000005,0.00499081100042531,0.0013821049997204682,4.759000148624182e-06,0.002017732999775035,0.0009200899994539213,4.0685999920242466e-05,0.0035702059994946467,0.003880843038298545,0.0020000000000000018,0.776168607659709,3.1845438647669866,0.10296092588411372,False,nan,nan,False,False
1121,5.605,0.005011020999518223,0.0011936910004806123,4.788999831362162e-06,0.0009506980004516663,0.0008348109995495179,4.071600051247515e-05,0.0037404639997475897,0.0038904478561933133,0.0020000000000000018,0.7780895712386626,0.863987783546821,0.0962844993283105,False,nan,nan,False,False
1122,5.61,0.004991793000044709,0.0013112220003677066,4.749000254378188e-06,0.0020114709996050806,0.0009635910000724834,4.11769997299416e-05,0.0036342849998618476,0.003920471140141104,0.0020000000000000018,0.7840942280282207,2.904549308476639,0.1034316950789778,False,nan,nan,False,False
1123,5.615,0.0050146670000685845,0.0012084190002497053,5.118999979458749e-06,0.0009096009998756927,0.0008600579994890722,5.125600000610575e-05,0.0037194149999777437,0.003927566827872265,0.0020000000000000018,0.7855133655744531,0.6090355561815092,0.10543228469880808,False,nan,nan,False,False
1124,5.62,0.004988097000023117,0.0013772049996987334,5.2999994295532815e-06,0.0020211689998177462,0.0010238839995508897,4.1647999751148745e-05,0.0035661780002556043,0.003957459306789132,0.0020000000000000018,0.7914918613578263,2.7490928793719975,0.10433300001789148,False,nan,nan,False,False
1125,5.625,0.00500450700019428,0.0012081899994882406,5.390000296756625e-06,0.0009596950003469829,0.0008487670002068626,4.553500002657529e-05,0.0037277800001902506,0.003968713032899125,0.0020000000000000018,0.7937426065798251,0.9320141927665174,0.09694907549269928,False,nan,nan,False,False
1126,5.63,0.004992555000171706,0.0013824959996782127,4.80900052934885e-06,0.0019954110002800007,0.0009447870006624726,4.15679996876861e-05,0.0035607270001491997,0.004002661640369501,0.0020000000000000018,0.8005323280739001,2.9468867658907536,0.10054404072429768,False,nan,nan,False,False
1127,5.635,0.0050042769998981385,0.0012228269997649477,4.83900021208683e-06,0.0009467600002608378,0.000882620000083989,4.1987999793491326e-05,0.0037152169998080353,0.004013229722658735,0.0020000000000000018,0.802645944531747,0.8456863742429854,0.10533515053564332,False,nan,nan,False,False
1128,5.64,0.004994490000171936,0.0013110410000081174,4.6080003812676296e-06,0.002011851999668579,0.0009723180000946741,5.070400038675871e-05,0.0036376719999680063,0.004044208807878963,0.0020000000000000018,0.8088417615757925,2.663760608832294,0.10606983616546604,False,nan,nan,False,False
1129,5.6450000000000005,0.005012361999433779,0.0012177369999335497,5.509999937203247e-06,0.0009534030004942906,0.0008814580005491734,4.2439000026206486e-05,0.0037227399998300825,0.004044958603300875,0.0020000000000000018,0.808991720660175,0.20271702153050947,0.09679788300939075,False,nan,nan,False,False
1130,5.65,0.004999517999749514,0.0013609249999717576,5.079999937152024e-06,0.002029204000791651,0.001016672000332619,4.0796000575937796e-05,0.0035729210003410117,0.0040513509461808685,0.0020000000000000018,0.8102701892361737,1.6635995652398852,0.10303881164811053,False,nan,nan,False,False
1131,5.655,0.004994800000531541,0.001186998999401112,5.079000402474776e-06,0.0009554759999446105,0.0008384270004171412,3.957399985665688e-05,0.0037510340007429477,0.004051991481920125,0.0020000000000000018,0.810398296384025,0.16095531100252397,0.10672822075705007,False,nan,nan,False,False
1132,5.66,0.0049946389999604435,0.0013751110000157496,4.80900052934885e-06,0.0020074140002179774,0.0010339330001443159,5.012299970985623e-05,0.003571837999515992,0.004057282046227515,0.0020000000000000018,0.8114564092455029,1.2938218055928161,0.10700182182194899,False,nan,nan,False,False
1133,5.665,0.005010417999983474,0.0012141810002503917,4.878999789070804e-06,0.0009512889992038254,0.0008463229996777955,5.101500028104056e-05,0.0037232109998512897,0.004058653334498466,0.0020000000000000018,0.8117306668996931,0.32568755228854324,0.09903601260922722,False,nan,nan,False,False
1134,5.67,0.004998667000108981,0.0014028529994902783,4.948999958287459e-06,0.002006832999541075,0.0010577469993222621,4.07859997721971e-05,0.003539869000633189,0.004064850131786838,0.0020000000000000018,0.8129700263573675,1.4273874721464237,0.10806377648595364,False,nan,nan,False,False
1135,5.675,0.005004818000088562,0.0012139199998273398,4.929000169795472e-06,0.0009648040004321956,0.0008447290001640795,4.2038000174215995e-05,0.0037121010000191745,0.0040661894625937285,0.0020000000000000018,0.8132378925187456,0.29962792570386027,0.10869059541914303,False,nan,nan,False,False
1136,5.68,0.004986303999430675,0.001375011000163795,4.617999366018921e-06,0.0014166490000206977,0.0010474580003574374,4.1958000110753346e-05,0.0035679709999385523,0.004071950697117902,0.0020000000000000018,0.8143901394235804,1.2563545470568507,0.10925110206437795,False,nan,nan,False,False
1137,5.6850000000000005,0.005000119000214909,0.001165419000244583,4.497999725572299e-06,0.000931552000110969,0.0008325970002260874,4.061600066052051e-05,0.0038393289996747626,0.004073296694127214,0.0020000000000000018,0.8146593388254426,0.28639953444241245,0.0977620961082479,False,nan,nan,False,False
1138,5.69,0.005122348000440979,0.0017658520000622957,8.777000402915291e-06,0.0021835420002389583,0.0013356279996514786,5.010399945604149e-05,0.0031475849991693394,0.004078852802260992,0.0020000000000000018,0.8157705604521983,1.1559116162069154,0.10757702077479359,False,nan,nan,False,False
1139,5.695,0.005028662999393418,0.0017068010001821676,9.157999556919094e-06,0.0010316890002286527,0.0012142400000811904,4.8631000026944093e-05,0.003150401000311831,0.004079937156686488,0.0020000000000000018,0.8159874313372976,0.22093286107218338,0.10872638684371964,False,nan,nan,False,False
1140,5.7,0.0049735689999579336,0.0019118650006930693,8.906999937607907e-06,0.0020621459998437786,0.0014609919999202248,5.011299981561024e-05,0.0029764549999526935,0.00408584819466718,0.0020000000000000018,0.817169638933436,1.1795771908536428,0.10130220354966041,False,nan,nan,False,False
1141,5.705,0.0050050090003423975,0.0017486999995526276,8.877000254869927e-06,0.000964444000601361,0.0011627940002654213,5.7577999541535974e-05,0.0031128099999477854,0.004086808704207031,0.0020000000000000018,0.8173617408414063,0.1879569569230691,0.10008480138105802,False,nan,nan,False,False
1142,5.71,0.004977607000000717,0.001894502000141074,9.036999472300522e-06,0.0020590400008586585,0.0014096750001044711,5.1064999752270523e-05,0.0030170319996614126,0.004094380102466225,0.0020000000000000018,0.8188760204932448,1.4474055374279837,0.10578765039074808,False,nan,nan,False,False
1143,5.715,0.005030245999478211,0.0015622310002072481,9.127000339503866e-06,0.0009783799996512244,0.0011313960003462853,4.818999968847493e-05,0.0032987780004987144,0.004095115366783346,0.0020000000000000018,0.819023073356669,0.13780280347908974,0.10345716685969335,False,nan,nan,False,False
1144,5.72,0.004977587000212225,0.0017841160006355494,8.6860000010347e-06,0.00201789299990196,0.0013334129998838762,5.8087999605049845e-05,0.003131896000013512,0.00410258539552972,0.0020000000000000018,0.820517079105944,1.369053573187358,0.10135549636395583,False,nan,nan,False,False
1145,5.7250000000000005,0.005032299000049534,0.0018936110000140616,8.88700014911592e-06,0.0009791599995878641,0.0012831789999836474,5.811800019728253e-05,0.0029536729998653755,0.004104832670930665,0.0020000000000000018,0.8209665341861331,0.4024817958518314,0.0998669196109041,False,nan,nan,False,False
1146,5.73,0.004963752000548993,0.0017843959994934266,9.147000127995852e-06,0.0020578479998221155,0.001354212000478583,5.458200030261651e-05,0.003095498999755364,0.004110074876333895,0.0020000000000000018,0.8220149752667791,0.9228451169581109,0.10316736157268905,False,nan,nan,False,False
1147,5.735,0.004996061999918311,0.001775910000105796,8.746000276005361e-06,0.0009399979999216157,0.0013707730004171026,4.8351000259572174e-05,0.0030801399998381385,0.004112585788967098,0.0020000000000000018,0.8225171577934195,0.4345472467627487,0.10835199999778158,False,nan,nan,False,False
1148,5.74,0.004948111999510729,0.001622554000277887,7.915000423963647e-06,0.0019566780001696316,0.0012436550005077152,4.612600059772376e-05,0.00328577399977803,0.004117893889273683,0.0020000000000000018,0.8235787778547367,0.9036475087929309,0.10263585016614889,False,nan,nan,False,False
1149,5.745,0.0049986969997917186,0.0015202120002868469,7.564000043203123e-06,0.0008868389995768666,0.0010629969992805854,4.486400030145887e-05,0.0033758820000002743,0.004119620757278915,0.0020000000000000018,0.823924151455783,0.28976558021919985,0.10993999276233575,False,nan,nan,False,False
1150,5.75,0.00496739800018986,0.001427488999979687,5.781000254501123e-06,0.0019624900005510426,0.0009533929996905499,4.5094000597600825e-05,0.003500155000438099,0.004123460731545861,0.0020000000000000018,0.8246921463091722,0.637210699280733,0.10928786699283927,False,nan,nan,False,False
1151,5.755,0.0049999290004052455,0.0012634619997697882,5.700000656361226e-06,0.0008547979996365029,0.000915851999707229,4.626700047083432e-05,0.00366633500016178,0.004125089822927944,0.0020000000000000018,0.8250179645855886,0.2675021605226896,0.10401368976742671,False,nan,nan,False,False
1152,5.76,0.004999347999728343,0.0015913349998299964,5.619999683403876e-06,0.0019223649997002212,0.0012092920005670749,4.485400040721288e-05,0.003336689000207116,0.004129886063484748,0.0020000000000000018,0.8259772126969495,0.7779752055892719,0.10575138315636858,False,nan,nan,False,False
1153,5.765,0.005000039000151446,0.0012654760002988041,5.961000169918407e-06,0.0008493979994455003,0.0009181360001093708,4.2749999920488335e-05,0.003660033999949519,0.004131194116149937,0.0020000000000000018,0.8262388232299874,0.20977898680158283,0.10725256157637132,False,nan,nan,False,False
1154,5.7700000000000005,0.004991533000065829,0.001409466000040993,5.580999641097151e-06,0.001961087000381667,0.0009380040000905865,4.359099966677604e-05,0.0035243189995526336,0.004134817317988954,0.0020000000000000018,0.8269634635977906,0.575941658590668,0.11235752806161285,False,nan,nan,False,False
1155,5.775,0.005002363999665249,0.001264794999769947,5.529999725695234e-06,0.0008478460003971122,0.0009035299999595736,4.381199960334925e-05,0.003664051000669133,0.004135717628625161,0.0020000000000000018,0.8271435257250322,0.14197871541328663,0.10070424930392177,False,nan,nan,False,False
1156,5.78,0.004998446000172407,0.0013710840003113844,5.580000106419902e-06,0.0019544040005712304,0.0010307680004189024,4.3121000089740846e-05,0.003562821999366861,0.004141171520049454,0.0020000000000000018,0.8282343040098908,0.8505829099665575,0.10732113198639706,False,nan,nan,False,False
1157,5.785,0.005007333000321523,0.0012691530000665807,9.929000043484848e-06,0.0008609899996372405,0.0009053730000232463,4.2439000026206486e-05,0.0036564269994414644,0.004142352484310182,0.0020000000000000018,0.8284704968620363,0.18225933944925524,0.10906868389034256,False,nan,nan,False,False
1158,5.79,0.004993446999833395,0.001348951999716519,6.070999916119035e-06,0.0019656459999168874,0.0010021640000559273,4.2018999920401257e-05,0.0035818970000036643,0.00414701587504007,0.0020000000000000018,0.8294031750080141,0.7122446954495486,0.1078835990233741,False,nan,nan,False,False
1159,5.795,0.005002664000130608,0.0012702349995379336,6.121000296843704e-06,0.0008478749996356783,0.0009223439992638305,4.357100078777876e-05,0.0036603739999918616,0.004148903183024517,0.0020000000000000018,0.8297806366049035,0.2852977503082407,0.1012617026006031,False,nan,nan,False,False
1160,5.8,0.005000289999770757,0.0014104169995334814,5.4000001910026185e-06,0.001976786000341235,0.0010540510002101655,4.270000044925837e-05,0.003523408000546624,0.0041542694380326305,0.0020000000000000018,0.8308538876065262,0.8017132816010544,0.10822423110086864,False,nan,nan,False,False
1161,5.805,0.005003424999813433,0.0012882490000265534,5.80100004299311e-06,0.0008500300000378047,0.0009274439998989692,5.796799996460322e-05,0.0036371109999890905,0.004155471861856706,0.0020000000000000018,0.8310943723713412,0.17784684353006572,0.11158609839187209,False,nan,nan,False,False
1162,5.8100000000000005,0.004993477000425628,0.0013524389996746322,5.83099972573109e-06,0.001970033999896259,0.0009944690000338596,4.298000021663029e-05,0.0035838510002577095,0.004161487842378885,0.0020000000000000018,0.8322975684757768,0.8801011091317755,0.11278525093269014,False,nan,nan,False,False
1163,5.815,0.005009085999517993,0.0012530829999377602,7.874000402807724e-06,0.000860048000504321,0.0009050819999174564,4.33509994763881e-05,0.003670353000416071,0.004163863788472124,0.0020000000000000018,0.8327727576944247,0.3433548492913899,0.10468951242152374,False,nan,nan,False,False
1164,5.82,0.0049928160005947575,0.0013647819996549515,5.339999916031957e-06,0.0019721979997484596,0.0009149509996859706,4.378200083010597e-05,0.00356473499959975,0.004167997128310908,0.0020000000000000018,0.8335994256621815,0.5917187250297163,0.1076550229976174,False,nan,nan,False,False
1165,5.825,0.004997874999389751,0.001257210999938252,6.0720003602909856e-06,0.0007978419998835307,0.0009003340001072502,4.198800070298603e-05,0.0036778370003958116,0.004170314607840948,0.0020000000000000018,0.8340629215681897,0.32877164299828415,0.11209692869542387,False,nan,nan,False,False
1166,5.83,0.005011911000110558,0.00129363900032331,5.8610003179637715e-06,0.001968772000509489,0.0009561880006003776,4.256000011082506e-05,0.003625829999691632,0.0041760294620777245,0.0020000000000000018,0.8352058924155449,0.8018940570469855,0.11127128534864159,False,nan,nan,False,False
1167,5.835,0.004991273000086949,0.0012656770004468854,6.272000064200256e-06,0.0008487470004183706,0.0009067450000657118,5.492200034495909e-05,0.0036763839998457115,0.004178006279049753,0.0020000000000000018,0.8356012558099504,0.2746827212019456,0.10488797320349613,False,nan,nan,False,False
1168,5.84,0.005026658999668143,0.001520453000011912,9.227000191458501e-06,0.0019612870000855764,0.0011596989997997298,4.5636000322701875e-05,0.0033983150005951757,0.004183246007107376,0.0020000000000000018,0.8366492014214753,0.7208408372139428,0.10972086150785246,False,nan,nan,False,False
1169,5.845,0.005015078000724316,0.0013441829996736487,6.571999620064162e-06,0.0008460620001642383,0.0009544849999656435,5.359999977372354e-05,0.0035707070001080865,0.004184709932740214,0.0020000000000000018,0.8369419865480427,0.19982005407762737,0.10969379555797752,False,nan,nan,False,False
1170,5.8500000000000005,0.004999256999326462,0.0014858590002404526,6.39200061414158e-06,0.001996062000216625,0.0011179799994351924,4.5715000851487275e-05,0.003416006999941601,0.004190356917720724,0.0020000000000000018,0.8380713835441449,0.7633796872187496,0.1122154195033833,False,nan,nan,False,False
1171,5.855,0.004985612999917066,0.0013031960006628651,6.212000698724296e-06,0.000879874999554886,0.0009378530003232299,5.27279999005259e-05,0.0036141079999651993,0.004192807561383742,0.0020000000000000018,0.8385615122767485,0.32818321990117777,0.1061343450489056,False,nan,nan,False,False
1172,5.86,0.004996653000489459,0.0014308150002761977,5.990999852656387e-06,0.001990341999771772,0.0010398650001661736,4.503400032263016e-05,0.003482692000034149,0.004198327690629429,0.0020000000000000018,0.8396655381258856,0.7318198036477179,0.11315677402555142,False,nan,nan,False,False
1173,5.865,0.004992283999854408,0.0012905430003229412,6.071999450796284e-06,0.0007361369998761802,0.0009389359993292601,4.469400028028758e-05,0.0036282139999457286,0.004201633325536103,0.0020000000000000018,0.8403266651072206,0.4336795161424234,0.10612714105213295,False,nan,nan,False,False
1174,5.87,0.004986984999959532,0.001332931999968423,6.041999768058304e-06,0.0018584250001367764,0.0009894400000121095,4.392199934954988e-05,0.0035963350001111394,0.004208214106582134,0.0020000000000000018,0.8416428213164268,0.8536614431635138,0.10939188253113681,False,nan,nan,False,False
1175,5.875,0.004999779000172566,0.0012585829999807174,5.951000275672413e-06,0.0008761389999563107,0.0009052729992617969,5.453199992189184e-05,0.0036794699999518343,0.004211920353153151,0.0020000000000000018,0.8423840706306301,0.4752644673253305,0.11132420777125768,False,nan,nan,False,False
1176,5.88,0.005011019999983546,0.0013718849995711935,5.689999852620531e-06,0.0018832309997378616,0.0010284629997840966,4.262899983586976e-05,0.0035559990001274855,0.004220345858929206,0.0020000000000000018,0.8440691717858412,1.066372974002478,0.11208473681671036,False,nan,nan,False,False
1177,5.885,0.005006860999856144,0.0012985290004507988,5.83099972573109e-06,0.0006934769999134005,0.0009272139996028272,4.300999989936827e-05,0.003620298999521765,0.004223393751702921,0.0020000000000000018,0.8446787503405842,0.3812478674045682,0.1039260190186152,False,nan,nan,False,False
1178,5.89,0.00499805599974934,0.001361526000437152,5.8910000007017516e-06,0.0017410860000381945,0.001017172000501887,4.409200028021587e-05,0.00355583900000056,0.004232468807191911,0.0020000000000000018,0.8464937614383821,1.1207583013550968,0.10864724820516167,False,nan,nan,False,False
1179,5.8950000000000005,0.004989460000615509,0.0014059979994271998,5.500000042957254e-06,0.0006352079999487614,0.0009337960000266321,4.475399964576354e-05,0.0035240200004409417,0.004236632737510942,0.0020000000000000018,0.8473265475021883,0.5075004691955042,0.11347046579302512,False,nan,nan,False,False
1180,5.9,0.005002342999432585,0.0013317800003278535,5.711000085284468e-06,0.001752076000229863,0.000978920000306971,5.381099981605075e-05,0.003613896999922872,0.004243231767326698,0.0020000000000000018,0.8486463534653396,0.7959808171647679,0.11378494659152198,False,nan,nan,False,False
1181,5.905,0.0050206980004077195,0.0014225200002329075,5.660999704559799e-06,0.0006676880002487451,0.0009150609994321712,4.476400044950424e-05,0.0034797059997799806,0.004246488944812134,0.0020000000000000018,0.8492977889624269,0.38927595435511525,0.1039821069861293,False,nan,nan,False,False
1182,5.91,0.0049708050000845105,0.0013554239994846284,5.6500002756365575e-06,0.0017114709999077604,0.0008953739998105448,4.324099973018747e-05,0.0035747140000239597,0.004255825717717754,0.0020000000000000018,0.8511651435435507,1.1029660574494502,0.1075250374860629,False,nan,nan,False,False
1183,5.915,0.005001871999411378,0.0012938700001541292,5.690999387297779e-06,0.0007192850007413654,0.0009142990002146689,4.3622000703180674e-05,0.0036342950006655883,0.00425995850778704,0.0020000000000000018,0.8519917015574081,0.4823969106272817,0.11381441820287187,False,nan,nan,False,False
1184,5.92,0.004996412000764394,0.0013866629997210111,5.639999471895862e-06,0.0018350820000705426,0.0009237370004484546,4.418300068209646e-05,0.0035477639994496712,0.004268951959104113,0.0020000000000000018,0.8537903918208226,1.0378062064555356,0.11722430639214301,False,nan,nan,False,False
1185,5.925,0.005008484999962093,0.0014168299994707922,5.7999995988211595e-06,0.0007400340000458527,0.0010490120002941694,5.3279999519872945e-05,0.003506687000481179,0.004273317603739147,0.0020000000000000018,0.8546635207478291,0.4980582747799212,0.10742413318659533,False,nan,nan,False,False
1186,5.93,0.0049969140000030166,0.001379098999677808,5.9710000641644e-06,0.0017998660005105194,0.0010251559997414006,5.260799935058458e-05,0.003550327999619185,0.004283563001481513,0.0020000000000000018,0.8567126002963025,1.1549222578962606,0.11304090223570086,False,nan,nan,False,False
1187,5.9350000000000005,0.005005850000088685,0.0013668059991687187,6.131999725766946e-06,0.0007397640001727268,0.0010006520005845232,4.584600083035184e-05,0.003559666000001016,0.004290044002272576,0.0020000000000000018,0.8580088004545152,0.7208949131206536,0.10969990620690341,False,nan,nan,False,False
1188,5.94,0.004998425999474421,0.0013231940001787734,5.932000021857675e-06,0.0018609799999467214,0.0009808739996515214,4.3852000089827925e-05,0.003603498000302352,0.0042999781452287165,0.0020000000000000018,0.8599956290457433,1.0910503921442103,0.11302838641469852,False,nan,nan,False,False
1189,5.945,0.005000050000489864,0.0013700409999728436,5.8910000007017516e-06,0.0007383700003629201,0.0010202780003965017,4.382199949759524e-05,0.0035562399998525507,0.004305773077073526,0.0020000000000000018,0.8611546154147052,0.6289634665036113,0.11144770422947746,False,nan,nan,False,False
1190,5.95,0.004997122999157,0.0013791690007565194,5.5199998314492404e-06,0.0018483959993318422,0.0010272209992763237,5.349000002752291e-05,0.0035563000001275213,0.004317021780726204,0.0020000000000000018,0.8634043561452408,1.205886534949104,0.11422268217468441,False,nan,nan,False,False
1191,5.955,0.005008756000279391,0.0012740219999614055,6.342000233416911e-06,0.0007403239997074706,0.0009299289995396975,4.3792000724351965e-05,0.0036416190005184035,0.004323770308318811,0.0020000000000000018,0.8647540616637621,0.714303170717251,0.10816183538064539,False,nan,nan,False,False
1192,5.96,0.004983337999874493,0.0013619159999507247,5.730000339099206e-06,0.0018518830001994502,0.0010088159997394541,4.265999996277969e-05,0.003573863000383426,0.0043344111781472424,0.0020000000000000018,0.8668822356294484,1.1129874714944579,0.11475199471008356,False,nan,nan,False,False
1193,5.965,0.0050075330000254326,0.0012800230006178026,6.021999979566317e-06,0.0007352550001087366,0.0009267929999623448,4.3791000280180015e-05,0.0036436840000533266,0.004341880328724127,0.0020000000000000018,0.8683760657448253,0.7718889212846654,0.11567462889889808,False,nan,nan,False,False
1194,5.97,0.004990121000446379,0.0016137570000864798,7.84499934525229e-06,0.0018509909996282659,0.0012518209996414953,4.173799970885739e-05,0.0033256480001000455,0.004354985205738398,0.0020000000000000018,0.8709970411476794,1.3365394736031537,0.11717905701589561,False,nan,nan,False,False
1195,5.9750000000000005,0.00501374399937049,0.0013823450008203508,5.690000762115233e-06,0.0007329310001296108,0.0009810150004341267,4.378199992061127e-05,0.003540409999914118,0.004360867959434805,0.0020000000000000018,0.872173591886961,0.5929032185097222,0.1084609618344862,False,nan,nan,False,False
1196,5.98,0.004994639000869938,0.0013840779993188335,5.8910000007017516e-06,0.001858735000496381,0.0010313079992556595,4.2889999349426944e-05,0.003547242999957234,0.004374204185158892,0.0020000000000000018,0.8748408370317783,1.328617768010718,0.114719596780754,False,nan,nan,False,False
1197,5.985,0.005001742999411363,0.001372927000375057,5.570999746851157e-06,0.0007396230002996163,0.0009110030005103908,4.524399992078543e-05,0.00355467699955625,0.004381021317203065,0.0020000000000000018,0.8762042634406129,0.6711542330434606,0.11501564969613587,False,nan,nan,False,False
1198,5.99,0.004994990000341204,0.001315460000114399,5.750999662268441e-06,0.0018465430002834182,0.0009748830007083598,4.292999983590562e-05,0.00361714300015592,0.004394319748933733,0.0020000000000000018,0.8788639497867464,1.2943741017149755,0.11666511068727316,False,nan,nan,False,False
1199,5.995,0.00500153200027853,0.0013571469999078545,5.7609995565144345e-06,0.0006870749994050129,0.0010114509996128618,4.380200061859796e-05,0.0035798339995380957,0.004400915107225107,0.0020000000000000018,0.8801830214450215,0.634948009428588,0.10757585107025595,False,nan,nan,False,False
1200,6.0,0.005007222999665828,0.0013293149995661224,5.871000212209765e-06,0.0018569419999039383,0.0009825569995882688,5.039400002715411e-05,0.003590564000660379,0.004416462082676597,0.0020000000000000018,0.8832924165353194,1.479017185769633,0.11320619454039843,False,nan,nan,False,False
1201,6.005,0.004994167999939236,0.0013530200003515347,6.201999894983601e-06,0.000736897000024328,0.0010021839998444193,4.27999993917183e-05,0.003580483999940043,0.004423895261301411,0.0020000000000000018,0.8847790522602822,0.6987190623881804,0.11908503885450027,False,nan,nan,False,False
1202,6.01,0.005005199000152061,0.0012857639994763304,6.121000296843704e-06,0.0018493679999664892,0.0009058429996002815,4.2409000343468506e-05,0.003636489000200527,0.004438072352164233,0.0020000000000000018,0.8876144704328465,1.3182353731154581,0.11796721040251094,False,nan,nan,False,False
1203,6.015000000000001,0.004992223999579437,0.0013480010002240306,5.840999619977083e-06,0.0006846400001450093,0.0009978059997592936,4.275000082998304e-05,0.003585553999982949,0.004445434666668757,0.0020000000000000018,0.8890869333337512,0.677375656855709,0.10863952258384975,False,nan,nan,False,False
1204,6.0200000000000005,0.005002324000088265,0.001334946000497439,5.619999683403876e-06,0.0018501100003049942,0.000985792999927071,4.2489000406931154e-05,0.0035963439995612134,0.0044609051786909035,0.0020000000000000018,0.8921810357381805,1.40801780785194,0.11868702892630455,False,nan,nan,False,False
1205,6.025,0.005005158000130905,0.001318245000220486,5.6799999583745375e-06,0.0007377600004474516,0.0009362800001326832,4.299100055504823e-05,0.003603878999456356,0.004469406605364819,0.0020000000000000018,0.8938813210729637,0.7652043398611841,0.11855158559358707,False,nan,nan,False,False
1206,6.03,0.004989559999557969,0.0013302570005180314,5.621000127575826e-06,0.0018358130000706296,0.0009917039997162647,4.208900008961791e-05,0.0036043700001755496,0.004472135976662426,0.0020000000000000018,0.894427195332485,0.2444237737429116,0.11928699893071401,False,nan,nan,False,False
1207,6.035,0.005007283000850293,0.0012785899998561945,6.150999979581684e-06,0.0007355750003625872,0.0009263819993066136,4.329100011091214e-05,0.0036472699994192226,0.004472135968405452,0.0020000000000000018,0.8944271936810901,0.003756233632043395,0.11328508643285236,False,nan,nan,False,False
1208,6.04,0.00499504999970668,0.0013499239994416712,5.681000402546488e-06,0.0018430059999445803,0.0009029080001710099,4.381199960334925e-05,0.00358240800051135,0.004472135969717735,0.0020000000000000018,0.8944271939435469,0.0006621017255856523,0.11537942990305664,False,nan,nan,False,False
1209,6.045,0.005002603999855637,0.0013704920002055587,5.881000106455758e-06,0.0007333909998124,0.001010119000056875,4.380200061859796e-05,0.0035596159996202914,0.004472135962038366,0.0020000000000000018,0.8944271924076731,0.004476587988330093,0.1224065481747699,False,nan,nan,False,False
1210,6.05,0.004997523999918485,0.001270095000108995,5.550999958359171e-06,0.001846121999733441,0.0009044510006788187,4.3031000132032204e-05,0.0036616569996112958,0.00447213597473643,0.0020000000000000018,0.8944271949472858,0.006769794995663947,0.12291529577273229,False,nan,nan,False,False
1211,6.055,0.005001182000341942,0.001282217000152741,5.8910000007017516e-06,0.0007365279998339247,0.0009032090001710458,4.263900063961046e-05,0.0036459679995459737,0.004472135961508859,0.0020000000000000018,0.8944271923017717,0.007154682230860176,0.11331482982367955,False,nan,nan,False,False
1212,6.0600000000000005,0.004997324000214576,0.0013380919999690377,5.439999767986592e-06,0.0018051959996228106,0.0009877270003926242,4.329100011091214e-05,0.0035998710000058054,0.004472135966108067,0.0020000000000000018,0.8944271932216133,0.0029568082328174008,0.11727519254915607,False,nan,nan,False,False
1213,6.065,0.00500771299994085,0.0012418319993230398,5.590000000665896e-06,0.0007348740000452381,0.0008995219995995285,4.274000002624234e-05,0.0036961910000172793,0.00447213596494088,0.0020000000000000018,0.8944271929881759,0.0006807716796197543,0.11984469851845504,False,nan,nan,False,False
1214,6.07,0.005017772999963199,0.0015637139995305915,6.803000360378064e-06,0.0018773190004139906,0.0010956190008073463,4.438300038600573e-05,0.003355122999892046,0.00447213597014719,0.0020000000000000018,0.8944271940294378,0.0027956517410979826,0.12415773235515784,False,nan,nan,False,False
1215,6.075,0.004992855999262247,0.0013419990000329562,5.951000275672413e-06,0.0007504329996663728,0.0009922949993779184,4.308000006858492e-05,0.003562982000403281,0.004472135964029453,0.0020000000000000018,0.8944271928058906,0.0033555608974531284,0.11039235409255929,False,nan,nan,False,False
1216,6.08,0.004956878000484721,0.0012215639999340056,4.3280006138957106e-06,0.0017932929995367886,0.000865928999701282,4.361199989943998e-05,0.003741055000318738,0.004472135966759023,0.0020000000000000018,0.8944271933518044,0.0016048467183513507,0.1178022793188858,False,nan,nan,False,False
1217,6.085,0.005037017999711679,0.001386433000334364,5.630000487144571e-06,0.0007481900001948816,0.0010259990003760322,4.372200055513531e-05,0.0035367729997233255,0.004472135968628239,0.0020000000000000018,0.8944271937256476,0.0009930171246383727,0.11948230475687933,False,nan,nan,False,False
1218,6.09,0.0049928560001717415,0.0013305780003065593,5.77100036025513e-06,0.001846343000579509,0.0009901510002237046,4.328100021666614e-05,0.0035989399993923143,0.004472135964636604,0.0020000000000000018,0.8944271929273206,0.0022219092735609094,0.11920994569900603,False,nan,nan,False,False
1219,6.095,0.005001352000363113,0.0013922129992351984,5.870999302715063e-06,0.0007353250002779532,0.0009127659996011062,4.432300011103507e-05,0.003537565000442555,0.004472135959072535,0.0020000000000000018,0.8944271918145068,0.00410905664922551,0.11163182790433383,False,nan,nan,False,False
1220,6.1000000000000005,0.005000890999326657,0.0013603930001409026,6.181999196996912e-06,0.0018565210002634558,0.000893000000360189,4.344099943409674e-05,0.0036715750002258574,0.004472135957302033,0.0020000000000000018,0.8944271914604064,0.0018944073013498527,0.11811980996507665,False,nan,nan,False,False
1221,6.105,0.005264884000098391,0.002000982000026852,1.8894999811891466e-05,0.0009878370001388248,0.0015106450000530458,4.56750003650086e-05,0.0027141350001329556,0.004472135968981217,0.0020000000000000018,0.8944271937962431,0.008405069070212398,0.12241811440984483,False,nan,nan,False,False
1222,6.11,0.004788173000633833,0.0012119559996790485,5.649999366141856e-06,0.0001234400006069336,0.000866661000145541,4.4082999920647126e-05,0.00366436199965392,0.004472135965471594,0.0020000000000000018,0.8944271930943187,0.001903412953425021,0.12013597203503903,False,nan,nan,False,False
1223,6.115,0.00494880399946851,0.0012933180005347822,5.871000212209765e-06,0.0006204100000104518,0.0009110529999816208,4.375099979370134e-05,0.0036277029994380428,0.004472135967720823,0.0020000000000000018,0.8944271935441644,0.0012507851359009584,0.11339082545372434,False,nan,nan,False,False
1224,6.12,0.004998215000341588,0.0014021919996594079,7.763999747112393e-06,0.001741746999869065,0.0010480189994268585,4.2209000639559235e-05,0.003524499999912223,0.004472135971612685,0.0020000000000000018,0.8944271943225369,0.0019264097848319573,0.1270149733190499,False,nan,nan,False,False
1225,6.125,0.004999287999453372,0.0013632489999508834,6.201999894983601e-06,0.0006152500000098371,0.0009012649998112465,4.4252999941818416e-05,0.003561119000551116,0.004472135983924382,0.0020000000000000018,0.8944271967848764,0.004926408734661879,0.11895969754382016,False,nan,nan,False,False
1226,6.13,0.005000380000637961,0.0013723759993808926,7.775000085530337e-06,0.0017205270005433704,0.0010310279994882876,4.233899926475715e-05,0.0035562700004447834,0.004472135957806782,0.0020000000000000018,0.8944271915613563,0.014007221064680046,0.11771611391402853,False,nan,nan,False,False
1227,6.135,0.005002042999876721,0.0013496040000973153,6.00099974690238e-06,0.0006247979999898234,0.0009039810001922888,5.4692000048817135e-05,0.0035752549993048888,0.004472135966159866,0.0020000000000000018,0.8944271932319731,0.00629951354714154,0.1244061334979705,False,nan,nan,False,False
1228,6.140000000000001,0.004996652999579965,0.0013891270000385703,9.417999535799026e-06,0.0017403740002919221,0.000942683000175748,4.30309992225375e-05,0.0035397090005062637,0.004472135961054036,0.0020000000000000018,0.894427192210807,0.0033294688139265307,0.12502275540012428,False,nan,nan,False,False
1229,6.1450000000000005,0.004999007000151323,0.001356806999865512,5.49000014871126e-06,0.0005701159998352523,0.0009124660000452423,4.480299958231626e-05,0.0035744040005738498,0.004472135965923002,0.0020000000000000018,0.8944271931846002,0.003194638382721614,0.1152739690263606,False,nan,nan,False,False
1230,6.15,0.005083805999674951,0.0014313070005300688,6.080999810365029e-06,3.809200006799074e-05,0.0010558339999988675,4.388200068206061e-05,0.0034157660002165358,0.004472135959038665,0.0020000000000000018,0.8944271918077328,0.0049001251910980315,0.11823294425470376,False,nan,nan,False,False
1231,6.155,0.00492147200020554,0.0013388240004132967,5.839999175805133e-06,0.0006207100004758104,0.0009141789996647276,4.339099996286677e-05,0.003593409000131942,0.004472135968788153,0.0020000000000000018,0.8944271937576306,0.0064444717935868995,0.12164357082519059,False,nan,nan,False,False
1232,6.16,0.0050992650003536255,0.0013662949995705276,7.493999873986468e-06,4.4303000322543085e-05,0.0010039680000772933,5.76980000914773e-05,0.0034566130007078755,0.004472135956710628,0.0020000000000000018,0.8944271913421254,0.009098894054266683,0.12535299488298396,False,nan,nan,False,False
1233,6.165,0.004893991000244569,0.0012682009992204257,5.339999916031957e-06,0.0006184869998833165,0.0008791230002316297,4.256000011082506e-05,0.003669862000606372,0.004472135961270824,0.0020000000000000018,0.8944271922541647,0.0045250913873539165,0.1178955185476307,False,nan,nan,False,False
1234,6.17,0.005109403999995266,0.0012903929991807672,7.645000550837722e-06,4.463299956114497e-05,0.0009337359997516614,4.330100000515813e-05,0.003531803000441869,0.004472135963186484,0.0020000000000000018,0.8944271926372966,0.0013506384027075482,0.11750227605462057,False,nan,nan,False,False
1235,6.175,0.004892918999757967,0.0013855600000169943,5.791000148747116e-06,0.0006204100000104518,0.0009231659996657982,4.4924000576429535e-05,0.003537945999596559,0.004472135966542752,0.0020000000000000018,0.8944271933085504,0.002028607723279633,0.12458393014121379,False,nan,nan,False,False
1236,6.18,0.004992354000023624,0.0014296239996838267,5.6799999583745375e-06,0.0017129629995906726,0.0010751600002549822,4.4363000597513746e-05,0.003506967000248551,0.004472135965294507,0.0020000000000000018,0.8944271930589013,0.0007148052624643148,0.1243192091969857,False,nan,nan,False,False
1237,6.1850000000000005,0.005006120999496488,0.0012871870003436925,5.9120002333656885e-06,0.0006071449997762102,0.0009017859993036836,5.369100017560413e-05,0.003640015999735624,0.004472135978442367,0.0020000000000000018,0.8944271956884734,0.006178358162395271,0.11647339610978236,False,nan,nan,False,False
1238,6.19,0.005005189000257815,0.0013570480005000718,7.834999451006297e-06,0.0016960109996944084,0.0010158989998672041,4.279000040696701e-05,0.0035674699993251124,0.004472135973396417,0.0020000000000000018,0.8944271946792833,0.0020905499761755516,0.11799574094267089,False,nan,nan,False,False
1239,6.195,0.004996182000468252,0.0013523489997169236,5.570999746851157e-06,0.0006132669996077311,0.0009068260005733464,4.37320004493813e-05,0.0035764470003414317,0.004472135976256667,0.0020000000000000018,0.8944271952513333,0.001215797896867007,0.1247094326518313,False,nan,nan,False,False
1240,6.2,0.005075399999441288,0.0011914679998881184,6.021999979566317e-06,3.7849999898753595e-05,0.0008579440000175964,4.263900063961046e-05,0.0036600540006475057,0.004472135964624888,0.0020000000000000018,0.8944271929249775,0.005704989243063589,0.12038637494100764,False,nan,nan,False,False
1241,6.205,0.004923475999930815,0.00130227499994362,5.431000317912549e-06,0.0006181460003062966,0.0009171339997919858,4.347100002632942e-05,0.003626792000432033,0.004472135969561705,0.0020000000000000018,0.8944271939123408,0.0026994007686179404,0.11060723903659733,False,nan,nan,False,False
1242,6.21,0.005006271000638662,0.0016868939992491505,7.95500000094762e-06,0.0017486400001871516,0.0013333529996089055,4.353200074547203e-05,0.003254736000599223,0.004472135968719433,0.0020000000000000018,0.8944271937438865,0.0004237044228476818,0.12040369291331798,False,nan,nan,False,False
1243,6.215,0.005017521999434393,0.0013803910005663056,5.9710000641644e-06,0.000635518000308366,0.0009217240003636107,4.4562999391928315e-05,0.003525501999320113,0.004472135972328642,0.0020000000000000018,0.8944271944657284,0.0017355761169072148,0.1249756044787241,False,nan,nan,False,False
1244,6.22,0.004979760999958671,0.0014593289997719694,7.483999979740474e-06,0.0017333810001218808,0.001013345000501431,4.45140003648703e-05,0.003468756000074791,0.004472135970604013,0.0020000000000000018,0.8944271941208025,0.0008041616461485347,0.113489431352969,False,nan,nan,False,False
1245,6.2250000000000005,0.005005941000490566,0.0013102399998388137,6.231000043044332e-06,0.0006286360003286973,0.0009260819997507497,4.2800000301213004e-05,0.0036161010002615512,0.004472135965435961,0.0020000000000000018,0.8944271930871921,0.0027226235746951677,0.1112549852334246,False,nan,nan,False,False
1246,6.23,0.005022962000111875,0.0015218849994198536,8.756000170251355e-06,0.0017626259996177396,0.0011622629999692435,4.3661999370669946e-05,0.0033828350005933316,0.004472135958957853,0.0020000000000000018,0.8944271917915705,0.00469465457744164,0.1197230568923024,False,nan,nan,False,False
1247,6.235,0.004977966999831551,0.00138112300010107,5.810999937239103e-06,0.0006205299996508984,0.0009221239997714292,4.411200006870786e-05,0.003538156000104209,0.004472135975303249,0.0020000000000000018,0.8944271950606497,0.009519528001576856,0.11850695274346998,False,nan,nan,False,False
1248,6.24,0.004992565999600629,0.0013748100000157137,7.804999768268317e-06,0.0017263280005863635,0.0009203210001942352,5.278899971017381e-05,0.003552353000486619,0.004472135969997733,0.0020000000000000018,0.8944271939995463,0.0023954292921620195,0.11861257040561478,False,nan,nan,False,False
1249,6.245,0.004999247999876388,0.0013786570007141563,5.740000233345199e-06,0.0006176349997986108,0.0009096009998756927,4.429300042829709e-05,0.00354630099991482,0.004472135966412663,0.0020000000000000018,0.8944271932825324,0.0018703721562350357,0.11346088977940583,False,nan,nan,False,False
1250,6.25,0.005002012000659306,0.001394777999848884,7.174000529630575e-06,0.0017312170002696803,0.0010509849998925347,4.26500000685337e-05,0.0035311530000399216,0.004472135962724164,0.0020000000000000018,0.8944271925448326,0.002266042472932135,0.11971872619907165,False,nan,nan,False,False
1251,6.255,0.0049962129996856675,0.001385659999868949,5.670000064128544e-06,0.0006133469996711938,0.0009222250000675558,4.513499970926205e-05,0.0035443679998934385,0.004472135962539266,0.0020000000000000018,0.8944271925078531,0.000126595518870089,0.11910826898379497,False,nan,nan,False,False
1252,6.26,0.005075379999652796,0.0011893340006281505,6.311999641184229e-06,3.6068000554223545e-05,0.0008584560000599595,4.3260999518679455e-05,0.00366454100003466,0.004472135958143915,0.0020000000000000018,0.8944271916287829,0.003679395504120451,0.11874899990132169,False,nan,nan,False,False
1253,6.265000000000001,0.004923706000226957,0.0013486119996741763,5.681000402546488e-06,0.0006209410003066296,0.0008956950005085673,4.4503000026452355e-05,0.003586506000829104,0.00447213596898254,0.0020000000000000018,0.8944271937965079,0.007437889581327957,0.1110367970930026,False,nan,nan,False,False
1254,6.2700000000000005,0.005016510000132257,0.001472834000196599,7.654999535589013e-06,0.0017433800003345823,0.0009570299998813425,4.495399934967281e-05,0.0034416660000715638,0.004472135975739591,0.0020000000000000018,0.894427195147918,0.0030821364433515804,0.11657390977864207,False,nan,nan,False,False
1255,6.275,0.0049875859995154315,0.001304289000472636,5.9710000641644e-06,0.0006174749996716855,0.000917316000595747,4.415199964569183e-05,0.0036216219996276777,0.004472135961229097,0.0020000000000000018,0.8944271922458192,0.007786178857192589,0.1204676597080763,False,nan,nan,False,False
1256,6.28,0.005076612000266323,0.001215834000504401,6.2609997257823125e-06,3.739000021596439e-05,0.0008792340004220023,4.328100021666614e-05,0.0036333539992483566,0.004472135961932383,0.0020000000000000018,0.8944271923864765,0.0005187266909607402,0.11762503032946495,False,nan,nan,False,False
1257,6.285,0.004923246000544168,0.0013625579995277803,5.910999789193738e-06,0.0006318420000752667,0.000909751000108372,4.397199973027455e-05,0.0035614790003819508,0.004472135967896132,0.0020000000000000018,0.8944271935792261,0.003624669434817453,0.11309374839498225,False,nan,nan,False,False
1258,6.29,0.004999077999855217,0.0013450339993141824,7.5540001489571296e-06,0.0017319879998467513,0.0010071730002891854,4.1757999497349374e-05,0.003583491000426875,0.004472135966749487,0.0020000000000000018,0.8944271933498974,0.0006179968091665788,0.119189182180319,False,nan,nan,False,False
1259,6.295,0.0049982149994320935,0.0013150889999451465,5.719999535358511e-06,0.000565608000215434,0.0009247990001313156,4.49740000476595e-05,0.0036145090007266845,0.004472135964441632,0.0020000000000000018,0.8944271928883263,0.0013430350546015323,0.12180102042244079,False,nan,nan,False,False
1260,6.3,0.005001893000553537,0.0011967379996349337,5.961000169918407e-06,0.0017287629998463672,0.0008493179993820377,4.330100000515813e-05,0.0037220189997242414,0.004472135969848792,0.0020000000000000018,0.8944271939697583,0.002953268954922119,0.12113345110767552,False,nan,nan,False,False
1261,6.305,0.004980302000149095,0.0013227639992692275,5.29000044480199e-06,0.0005948530006207875,0.0009127670000452781,4.267999975127168e-05,0.0036198679999870365,0.004472135966919894,0.0020000000000000018,0.8944271933839787,0.001516541377246381,0.11215127435449569,False,nan,nan,False,False
1262,6.3100000000000005,0.005009196999708365,0.0014922600003046682,7.1829999797046185e-06,0.001724233999993885,0.001140813000347407,4.207799975119997e-05,0.0034406929999022395,0.004472135971032741,0.0020000000000000018,0.894427194206548,0.002086541367212662,0.12164606895290586,False,nan,nan,False,False
1263,6.315,0.004993757000193,0.001298258000133501,5.380000402510632e-06,0.0005765679998148698,0.0008683940004630131,4.516499939200003e-05,0.003640596999503032,0.004472135971704767,0.0020000000000000018,0.8944271943409533,0.00031419439077789947,0.11490336542129603,False,nan,nan,False,False
1264,6.32,0.004996011999537586,0.0013620970003103139,7.022999852779321e-06,0.0016536620005354052,0.0010085260000778362,4.230900049151387e-05,0.003578611000193632,0.004472135980771459,0.0020000000000000018,0.8944271961542917,0.003742879190660642,0.11674941623757563,False,nan,nan,False,False
1265,6.325,0.00500289400042675,0.001214440999319777,5.4510001064045355e-06,0.0010472379999555415,0.0008563410001443117,4.1878999581967946e-05,0.003740274000847421,0.004472135964794734,0.0020000000000000018,0.8944271929589467,0.007364982481126503,0.11548193876706613,False,nan,nan,False,False
1266,6.33,0.005012091999560653,0.0013655230004587793,9.8489999800222e-06,0.0016107920000649756,0.0010124230002475088,4.751900087285321e-05,0.003560236999874178,0.00447213595927728,0.0020000000000000018,0.8944271918554559,0.004015472092045559,0.12014795588805981,False,nan,nan,False,False
1267,6.335,0.004996002000552835,0.0013000109993299702,6.8130002546240576e-06,0.0010296649998053908,0.0008790030005911831,4.276999970898032e-05,0.0036279330006436794,0.004472135968922449,0.0020000000000000018,0.8944271937844896,0.006291361767932544,0.11228677753289716,False,nan,nan,False,False
1268,6.34,0.004985911999938253,0.0013860519993613707,5.008999323763419e-06,0.001494373999776144,0.0009310109999205451,4.1727999814611394e-05,0.0035574520006775856,0.0044721359629777855,0.0020000000000000018,0.894427192595557,0.0034302594570652747,0.11567095686944884,False,nan,nan,False,False
1269,6.345,0.005003465999834589,0.0011949239997193217,5.129000783199444e-06,0.0009518700007902225,0.0008316439998452552,4.1817999772320036e-05,0.0037488600000870065,0.004472135969384475,0.0020000000000000018,0.8944271938768948,0.003662557574255626,0.1226535879774271,False,nan,nan,False,False
1270,6.3500000000000005,0.005000449999897683,0.0012747239998134319,4.69799942948157e-06,0.0015047530005176668,0.0009469209999224404,4.061599975102581e-05,0.0036699920001410646,0.004472135957740761,0.0020000000000000018,0.8944271915481521,0.008084546267225627,0.11796046100376817,False,nan,nan,False,False
1271,6.355,0.005009686999983387,0.0012031799997203052,4.75899923912948e-06,0.0009518200004094979,0.0008343299996340647,4.565600011119386e-05,0.0037317880005502957,0.0044721359681135315,0.0020000000000000018,0.8944271936227062,0.007436057202828941,0.1092677028591596,False,nan,nan,False,False
1272,6.36,0.004993206999643007,0.001328564000687038,4.8389993025921285e-06,0.001997625000512926,0.0009845410004345467,4.143800015299348e-05,0.003611422999711067,0.004472135969891248,0.0020000000000000018,0.8944271939782497,0.0008990351514246916,0.11817750613855986,False,nan,nan,False,False
1273,6.365,0.005011471000216261,0.0011860770000566845,5.200000487093348e-06,0.0009095710001929547,0.000832897000691446,4.115699994144961e-05,0.0037379499999588006,0.004472135966157548,0.0020000000000000018,0.8944271932315097,0.0019619144440161454,0.11889888380829129,False,nan,nan,False,False
1274,6.37,0.004981113000212645,0.0013287749998198706,4.939999598718714e-06,0.0019529420005710563,0.0009680900002422277,5.1064999752270523e-05,0.003617975000452134,0.004472135957664332,0.0020000000000000018,0.8944271915328661,0.006461111405079231,0.11962280362652637,False,nan,nan,False,False
1275,6.375,0.005007423000279232,0.0011783739992097253,5.079999937152024e-06,0.000836214000628388,0.0008403309993809671,4.066600013175048e-05,0.0037566240007436136,0.004472135975182458,0.0020000000000000018,0.8944271950364915,0.010819774806345864,0.10930025772117102,False,nan,nan,False,False
1276,6.38,0.004992354999558302,0.0013346160003493424,4.447999344847631e-06,0.0019085080002696486,0.0009912929999700282,4.525500025920337e-05,0.0036120340000707074,0.004472135958463722,0.0020000000000000018,0.8944271916927444,0.009954178510461357,0.11297990679272117,False,nan,nan,False,False
1277,6.385,0.005006080999919504,0.0012477430000217282,5.048999810242094e-06,0.00076991999958409,0.0008941220003180206,5.154599966772366e-05,0.003692473999763024,0.004472135963469604,0.0020000000000000018,0.8944271926939206,0.003968748391084645,0.11856853994112986,False,nan,nan,False,False
1278,6.390000000000001,0.0049991770001724944,0.0013499750002665678,4.950000402459409e-06,0.0018826909999916097,0.0009121749999394524,4.239899953972781e-05,0.003593888999603223,0.004472135958356087,0.0020000000000000018,0.8944271916712173,0.004078997226790752,0.11781101053216249,False,nan,nan,False,False
1279,6.3950000000000005,0.005003917000067304,0.0013112320002619526,4.888999683316797e-06,0.0007297349993677926,0.000849507999191701,4.173799970885739e-05,0.0036262499997974373,0.004472135978644555,0.0020000000000000018,0.8944271957289108,0.011464405229742378,0.11003862345692177,False,nan,nan,False,False
1280,6.4,0.004995911999685632,0.0012978559998373385,4.920000719721429e-06,0.0018267559999003424,0.0009664259996498004,4.2097999539691955e-05,0.0036426110000320477,0.0044721359561441625,0.0020000000000000018,0.8944271912288324,0.014347880477818153,0.11957834926801235,False,nan,nan,False,False
1281,6.405,0.005001571000320837,0.0012403099999573897,5.168999450688716e-06,0.0006665170003543608,0.0008419149999099318,4.3060000280092936e-05,0.003716608999638993,0.0044721359643995805,0.0020000000000000018,0.8944271928799159,0.007551145344507055,0.11832395454753501,False,nan,nan,False,False
1282,6.41,0.005019074999836448,0.0011989820004600915,5.4510001064045355e-06,0.00011519500003487337,0.0008526339997843024,4.174799960310338e-05,0.0037250349996611476,0.004472135961579645,0.0020000000000000018,0.8944271923159288,0.0018944274780417943,0.1186460735679386,False,nan,nan,False,False
1283,6.415,0.004990401000213751,0.0013061429999652319,5.109000085212756e-06,0.0006258299999899464,0.0008596380002927617,4.081600036442978e-05,0.0036284340003476245,0.004472135955083551,0.0020000000000000018,0.8944271910167101,0.010800126593073027,0.11605680061146807,False,nan,nan,False,False
1284,6.42,0.004998796999643673,0.001352700000097684,7.003000064287335e-06,0.001714295000056154,0.0009998890000133542,5.685599990101764e-05,0.003581726999982493,0.004472135966972559,0.0020000000000000018,0.8944271933945116,0.014186016244739879,0.11900133843120181,False,nan,nan,False,False
1285,6.425,0.005005510000046343,0.0013129850003679167,5.509999937203247e-06,0.0005902339999011019,0.0008575430001656059,4.338100006862078e-05,0.003614467999796034,0.004472135963650433,0.0020000000000000018,0.8944271927300865,0.0019632308481733218,0.1245170617253614,False,nan,nan,False,False
1286,6.43,0.004988847999811696,0.0013832670001647784,7.464000191248488e-06,0.0016591620005783625,0.0010137760000361595,4.208900008961791e-05,0.003554816000360006,0.004472135957681292,0.0020000000000000018,0.8944271915362583,0.004931627474427706,0.11820537955303073,False,nan,nan,False,False
1287,6.4350000000000005,0.004999298000257113,0.0012701450004897197,5.249999958323315e-06,0.0005303210000420222,0.0008371659996555536,4.2690000555012375e-05,0.0036642619998019654,0.0044721359772045815,0.0020000000000000018,0.8944271954409162,0.011631204965410513,0.11100065815895117,False,nan,nan,False,False
1288,6.44,0.004991273000086949,0.001376043000163918,5.050000254414044e-06,0.0015973469999153167,0.001028323000355158,4.1958000110753346e-05,0.003569544000129099,0.004472135966449696,0.0020000000000000018,0.8944271932899391,0.0050253546864429495,0.12066623278515336,False,nan,nan,False,False
1289,6.445,0.0050067510001099436,0.0012063359999956447,4.86899989482481e-06,0.0010187650004809257,0.0008542870000383118,5.213799977354938e-05,0.003734822999831522,0.004472135963441385,0.0020000000000000018,0.8944271926882768,0.001809482527060811,0.11850222303348892,False,nan,nan,False,False
1290,6.45,0.005001282000193896,0.0013502849997166777,4.878999789070804e-06,0.0015433759999723407,0.0010158189998037415,4.224900021654321e-05,0.003590604000237363,0.004472135972725477,0.0020000000000000018,0.8944271945450952,0.004935769458073286,0.11946027335862748,False,nan,nan,False,False
1291,6.455,0.005002333999982511,0.0012209219994474552,5.289999535307288e-06,0.000988308000160032,0.0008768090001467499,4.468400038604159e-05,0.0037138650004635565,0.0044721359779125325,0.0020000000000000018,0.8944271955825063,0.0021810095013558364,0.11111306150704797,False,nan,nan,False,False
1292,6.46,0.004993155999727605,0.0013363489997573197,5.17999978910666e-06,0.002071894000437169,0.00100580100024672,4.081600036442978e-05,0.0036064430005353643,0.004472135961594371,0.0020000000000000018,0.894427192318874,0.00839332547670021,0.11818154681766951,False,nan,nan,False,False
1293,6.465,0.005003526000109559,0.0012066859999322332,5.168999450688716e-06,0.0009510280005997629,0.000852223000038066,4.044499928568257e-05,0.00373043499985215,0.004472135978235711,0.0020000000000000018,0.894427195647142,0.00852058194241687,0.12023593319938146,False,nan,nan,False,False
1294,6.47,0.004993016000298667,0.0013706529998671613,4.647999958251603e-06,0.0014770320003663073,0.0009106220004468923,4.2298999687773176e-05,0.0035788119994322187,0.0044721359612308,0.0020000000000000018,0.8944271922461599,0.008792167192280561,0.12086440172589333,False,nan,nan,False,False
1295,6.4750000000000005,0.005013734999920416,0.0011899049995918176,5.330000021785963e-06,0.0009555070000715205,0.0008348809997187345,4.111699945497094e-05,0.0037402030002340325,0.004472135957107229,0.0020000000000000018,0.8944271914214456,0.003951185178824101,0.10960783842028105,False,nan,nan,False,False
1296,6.48,0.004988357000001997,0.0013431309998850338,4.648999492928851e-06,0.0020282729992686654,0.0009927370001605595,4.0515999899071176e-05,0.0036008529996252037,0.00447213596226112,0.0020000000000000018,0.8944271924522239,0.004702041305590415,0.11569236047566496,False,nan,nan,False,False
1297,6.485,0.005006650999348494,0.0011992230001851567,4.919000275549479e-06,0.0009482430004936759,0.0008404610007346491,4.103599985683104e-05,0.0037345830005506286,0.004472135959143475,0.0020000000000000018,0.8944271918286949,0.0024932350333728144,0.11857828703695202,False,nan,nan,False,False
1298,6.49,0.004998547000468534,0.0013379719994190964,4.939999598718714e-06,0.0020642399995267624,0.000997704999463167,4.1927999518520664e-05,0.0035993000001326436,0.004472135971794743,0.0020000000000000018,0.8944271943589485,0.007802499640451249,0.1214044615634074,False,nan,nan,False,False
1299,6.495,0.004997293999622343,0.0011941030006710207,4.86899989482481e-06,0.0009011649999592919,0.0008371849999093683,4.716800049209269e-05,0.003752044999600912,0.004472135972709601,0.0020000000000000018,0.89442719454192,0.00041664594476180806,0.11322381309138722,False,nan,nan,False,False
1300,6.5,0.00500800400004664,0.0012853240004915278,5.029999556427356e-06,0.001976045000446902,0.0009089700006370549,3.979399934905814e-05,0.003653770999335393,0.004472135958492816,0.0020000000000000018,0.894427191698563,0.00884952423126816,0.11560748793606751,False,nan,nan,False,False
1301,6.505,0.005000610000024608,0.0011921800005438854,5.030000465922058e-06,0.000858053999763797,0.0008408829999098089,4.200900002615526e-05,0.003741104999789968,0.004472135964599791,0.0020000000000000018,0.894427192919958,0.00465078312746292,0.12011506157403123,False,nan,nan,False,False
1302,6.51,0.004990532000192616,0.0013652019997607567,4.679000085161533e-06,0.001936059999934514,0.0010229629997411394,4.067600002599647e-05,0.003575857000214455,0.004472135955271735,0.0020000000000000018,0.894427191054347,0.009747715259656,0.1207358751193209,False,nan,nan,False,False
1303,6.515000000000001,0.005000881000341906,0.001212386999213777,4.989000444766134e-06,0.0007876130002841819,0.0008830209999359795,4.092600011063041e-05,0.003726317000655399,0.004472135961613361,0.0020000000000000018,0.8944271923226722,0.007755251394933241,0.11443259416691107,False,nan,nan,False,False
1304,6.5200000000000005,0.004995850999875984,0.0012901720001536887,4.648999492928851e-06,0.0018592069991427707,0.0009619290003684,4.091699975106167e-05,0.003653741999187332,0.004472135959206778,0.0020000000000000018,0.8944271918413556,0.0019693438378553716,0.11966163809496641,False,nan,nan,False,False
1305,6.525,0.005007402999581245,0.0012559980004880344,5.500000042957254e-06,0.0007125820002329419,0.0008254639997176128,4.2919999941659626e-05,0.003694528999403701,0.004472135988679675,0.0020000000000000018,0.8944271977359348,0.014194864507448193,0.12166962787450775,False,nan,nan,False,False
1306,6.53,0.005016240000259131,0.0013919920002081199,5.680999493051786e-06,0.0018374759993093903,0.0010463159997016191,4.118699962418759e-05,0.0035905639997508842,0.004472135972366093,0.0020000000000000018,0.8944271944732186,0.03771908667379833,0.12136538752275963,False,nan,nan,False,False
1307,6.535,0.005098081999676651,0.0017723139999361592,8.85600002220599e-06,0.0007821530007277033,0.00136362899957021,4.841999998461688e-05,0.003125834999991639,0.004472135963346944,0.0020000000000000018,0.8944271926693887,0.026694481398687374,0.1117907620411463,False,nan,nan,False,False
1308,6.54,0.005013975000110804,0.001584352999998373,9.297000360675156e-06,0.0001861179998741136,0.001174006000837835,5.029400017519947e-05,0.003291314000307466,0.004472135974339044,0.0020000000000000018,0.8944271948678088,0.005706549766142078,0.11677545707536213,False,nan,nan,False,False
1309,6.545,0.00499297700025636,0.0016309289994751452,8.956999408837873e-06,0.0007177019997470779,0.0012031090000164113,4.8150000111490954e-05,0.003353370000695577,0.004472135964356272,0.0020000000000000018,0.8944271928712544,0.005064615770696956,0.11959213518614686,False,nan,nan,False,False
1310,6.55,0.005100205999951868,0.0014914989997123484,9.137000233749859e-06,0.0002349799997318769,0.0010992249999617343,4.779900064022513e-05,0.0032889499998418614,0.0044721359644437466,0.0020000000000000018,0.8944271928887493,5.396464446800423e-05,0.11215624573534405,False,nan,nan,False,False
1311,6.555,0.004896235000160232,0.0016448460000901832,9.157000022241846e-06,0.0006885179991513724,0.001223658000526484,4.818999968847493e-05,0.0033401749997210572,0.0044721359858437846,0.0020000000000000018,0.8944271971687568,0.009384101646460322,0.11905059061139016,False,nan,nan,False,False
1312,6.5600000000000005,0.00510206999933871,0.001628134000384307,8.785999852989335e-06,0.0001997440003833617,0.0011785540000346373,5.518400030268822e-05,0.003154979999635543,0.004472135960475871,0.0020000000000000018,0.8944271920951741,0.01215697383685272,0.1181701293185159,False,nan,nan,False,False
1313,6.565,0.004901114000858797,0.0017392719992130878,9.166999916487839e-06,0.001179596000838501,0.001302575999943656,4.8120000428752974e-05,0.0031541080006718403,0.004472135960598425,0.0020000000000000018,0.8944271921196849,9.850949049810143e-05,0.11808411166931262,False,nan,nan,False,False
1314,6.57,0.005020296999646234,0.001817499000026146,1.1410999832150992e-05,0.0017228010001417715,0.0013873440002498683,5.9922000218648463e-05,0.0029845199996998417,0.00447213596930792,0.0020000000000000018,0.8944271938615839,0.005358378923898509,0.1113318092085781,False,nan,nan,False,False
1315,6.575,0.004868363000241516,0.0012598559997059056,5.711000085284468e-06,0.000989128999208333,0.0008926190002966905,4.5464999857358634e-05,0.0036687599995275377,0.004472135958572724,0.0020000000000000018,0.8944271917145448,0.00715873770429636,0.11523435901133428,False,nan,nan,False,False
1316,6.58,0.004987024999536516,0.0013998880003782688,5.099999725644011e-06,0.0020933039995725267,0.001035966999552329,4.3510999603313394e-05,0.003543675999935658,0.004472135961995249,0.0020000000000000018,0.8944271923990498,0.0028548415865185155,0.11794295596801387,False,nan,nan,False,False
1317,6.585,0.005006622000109928,0.001216114000271773,5.590999535343144e-06,0.0009564179999870248,0.0008810879999145982,4.2749999920488335e-05,0.0037215479997030343,0.0044721359605247295,0.0020000000000000018,0.8944271921049459,0.001113588605780938,0.11935888607782556,False,nan,nan,False,False
1318,6.59,0.0049971640000876505,0.0014400620002561482,4.6789991756668314e-06,0.0020142869998380775,0.0010653619992808672,4.400299985718448e-05,0.003502699999444303,0.0044721359622568145,0.0020000000000000018,0.8944271924513628,0.0012989262877699027,0.11806205974160179,False,nan,nan,False,False
1319,6.595,0.00500510799975018,0.0012428139998519327,5.208999937167391e-06,0.0009339059997728327,0.0009072969996850588,4.2499999835854396e-05,0.00368740500016429,0.004472135970187359,0.0020000000000000018,0.8944271940374716,0.00455175896769516,0.11368313476765828,False,nan,nan,False,False
1320,6.6000000000000005,0.0049900410003829165,0.0013352959995245328,5.180000698601361e-06,0.001983447999919008,0.0010013119999712217,4.2098999983863905e-05,0.0036087990001760772,0.004472135956241096,0.0020000000000000018,0.8944271912482191,0.010527685064718687,0.11792784079023355,False,nan,nan,False,False
1321,6.605,0.0050050789996021194,0.0012177369999335497,4.63800006400561e-06,0.000857102999361814,0.0008567019995098235,4.230899958201917e-05,0.0037197649999143323,0.004472135972322578,0.0020000000000000018,0.8944271944645155,0.011529946348520791,0.12044834505913093,False,nan,nan,False,False
1322,6.61,0.004995811000299,0.0013559849994635442,4.859000000578817e-06,0.0019493760000841576,0.0009159430001091096,4.094700034329435e-05,0.0035878690005120006,0.004472135955284826,0.0020000000000000018,0.8944271910569652,0.013724635886981097,0.1201630111703355,False,nan,nan,False,False
1323,6.615,0.005003385000236449,0.0012064359998475993,4.9090003813034855e-06,0.0007782350003253669,0.0008355429999937769,4.075600008945912e-05,0.003731998000148451,0.0044721359581289775,0.0020000000000000018,0.8944271916257954,0.004671691432971407,0.11212243178811833,False,nan,nan,False,False
1324,6.62,0.004997564999939641,0.0013161509996280074,5.060000148660038e-06,0.001913498000249092,0.0009750319995873724,4.092599920113571e-05,0.003621742000177619,0.00447213600865608,0.0020000000000000018,0.8944272017312159,0.021018351354550522,0.11734890065816488,False,nan,nan,False,False
1325,6.625,0.005007753999962006,0.001299499999731779,5.4000001910026185e-06,0.0007560540007034433,0.0008296509995489032,4.1958000110753346e-05,0.003631659999882686,0.004472135973491553,0.0020000000000000018,0.8944271946983106,0.04397807622094843,0.12075654997054266,False,nan,nan,False,False
1326,6.63,0.0049877860001288354,0.0013370099995881901,4.6590002966695465e-06,0.0017894970005727373,0.0008880810000846395,5.3589999879477546e-05,0.003609098000197264,0.004472135969367576,0.0020000000000000018,0.8944271938735151,0.030607007189715364,0.11986539338402825,False,nan,nan,False,False
1327,6.635,0.00500594999994064,0.0012740120000671595,5.230000169831328e-06,0.0006478410005001933,0.0008437779997620964,4.527400051301811e-05,0.0036619479997170856,0.004472135962371997,0.0020000000000000018,0.8944271924743993,0.004067803698689536,0.11161363953377867,False,nan,nan,False,False
1328,6.640000000000001,0.004999619000045641,0.0013785169994662283,7.152999387471937e-06,0.0017160980005428428,0.0010242250000374042,4.1727999814611394e-05,0.0035613589998320094,0.004472135977392488,0.0020000000000000018,0.8944271954784974,0.007629847304979262,0.11680679812764856,False,nan,nan,False,False
1329,6.6450000000000005,0.005000318999918818,0.0012826889997086255,5.400999725679867e-06,0.0005928689997745096,0.0008497789995089988,4.0826000258675776e-05,0.0036702620000141906,0.004472135961830384,0.0020000000000000018,0.8944271923660767,0.00801434353828466,0.12206350521844037,False,nan,nan,False,False
1330,6.65,0.005021199000111665,0.0013556549993154476,7.04300055076601e-06,0.0017243639995285776,0.00101618100052292,4.476400044950424e-05,0.003561930000614666,0.00447213600178081,0.0020000000000000018,0.8944272003561619,0.01598719575273696,0.11829398646445125,False,nan,nan,False,False
1331,6.655,0.004978408999704698,0.0013086970002404996,5.470000360219274e-06,0.0005872980000276584,0.0008569629999328754,5.1465999604261015e-05,0.003629666999586334,0.004472135955059459,0.0020000000000000018,0.8944271910118917,0.026799950177708472,0.11341788320260102,False,nan,nan,False,False
1332,6.66,0.0050766920003297855,0.0012042319995089201,5.350000719772652e-06,3.495600049063796e-05,0.0008762880006543128,4.04049997086986e-05,0.0036583199998858618,0.00447213595643977,0.0020000000000000018,0.8944271912879538,0.005465521796271409,0.1210063375769969,False,nan,nan,False,False
1333,6.665,0.004922844999782683,0.0012899920002382714,5.140000212122686e-06,0.0005890219999855617,0.0008296609994431492,4.291000004741363e-05,0.0036495339991233777,0.004472135957203505,0.0020000000000000018,0.8944271914407009,0.0010761919724823455,0.12137979328927051,False,nan,nan,False,False
1334,6.67,0.005005659999369527,0.001312934999987192,6.993000170041341e-06,0.001719183999739471,0.0009411099999852013,4.160699972999282e-05,0.0036254190008548903,0.004472135973422128,0.0020000000000000018,0.8944271946844254,0.010621011517385533,0.1237781526379182,False,nan,nan,False,False
1335,6.675,0.004998676000468549,0.001258453999980702,5.089000296720769e-06,0.0005934589999014861,0.0008800549994703033,4.213900047034258e-05,0.003679559999909543,0.0044721359566102,0.0020000000000000018,0.89442719132204,0.011436091082203496,0.11760815882030444,False,nan,nan,False,False
1336,6.68,0.004995510999833641,0.0012663380002777558,4.849999641010072e-06,0.0017156479998448049,0.000886918000105652,4.9653000132821035e-05,0.0036733489996549906,0.0044721359585448185,0.0020000000000000018,0.8944271917089636,0.0023219044013612087,0.11347559590539492,False,nan,nan,False,False
1337,6.6850000000000005,0.005010478999793122,0.0012941400000272552,5.089999831398018e-06,0.0005974669993520365,0.0008348710007339832,4.2238999412802514e-05,0.0036348060002637794,0.0044721359776879206,0.0020000000000000018,0.8944271955375841,0.010896260711433221,0.12213583163352723,False,nan,nan,False,False
1338,6.69,0.005062154999905033,0.001194273000692192,5.6500002756365575e-06,3.410299996176036e-05,0.0008472039999105618,4.126699968765024e-05,0.003675301999464864,0.004472135958701275,0.0020000000000000018,0.894427191740255,0.010740785548200078,0.12114665906515652,False,nan,nan,False,False
1339,6.695,0.004932764000841416,0.0012353899992376682,5.249999958323315e-06,0.0005916760001127841,0.0008371849999093683,4.432300011103507e-05,0.0036976340006731334,0.004472135955944534,0.0020000000000000018,0.8944271911889067,0.003600977794205093,0.11455295261268152,False,nan,nan,False,False
1340,6.7,0.004994618999262457,0.0013670660000570933,7.4539993875077926e-06,0.0016582399994149455,0.0010198360005233553,4.177800019533606e-05,0.003663240000605583,0.004472135975460441,0.0020000000000000018,0.8944271950920882,0.013434382501262835,0.11884462360879834,False,nan,nan,False,False
1341,6.705,0.005240248000518477,0.002040034999481577,1.6440999388578348e-05,0.0012352900002952083,0.0015694749999966007,4.325099962443346e-05,0.0026755120006782818,0.004472135955123931,0.0020000000000000018,0.894427191024786,0.01844573098046617,0.12201569675099479,False,nan,nan,False,False
1342,6.71,0.004778133999934653,0.0014074319997234852,4.899000487057492e-06,0.0015478239993171883,0.0010528679995331913,5.088499983685324e-05,0.0035189800000807736,0.004472135955470273,0.0020000000000000018,0.8944271910940543,0.0039293518006101365,0.11904334293361242,False,nan,nan,False,False
1343,6.715,0.004989138999917486,0.0012246999995113583,5.0199996621813625e-06,0.0009724479996293667,0.0008854060006342479,4.1166999835695606e-05,0.00370637100058957,0.004472136018705951,0.0020000000000000018,0.8944272037411901,0.027598856500509555,0.11381394013261237,False,nan,nan,False,False
1344,6.72,0.004989549999663723,0.0013175630001569516,5.170000804355368e-06,0.0020246359999873675,0.0009467999998378218,4.550500034383731e-05,0.0036254599999665515,0.004472135965280525,0.0020000000000000018,0.894427193056105,0.04232389512683239,0.12194838704253463,False,nan,nan,False,False
1345,6.7250000000000005,0.005007603000194649,0.0012384660003590398,5.390000296756625e-06,0.0009620689997973386,0.0009024470000440488,4.1366999539604876e-05,0.003693836999445921,0.004472136006254376,0.0020000000000000018,0.8944272012508752,0.03921285312592662,0.1135618153511515,False,nan,nan,False,False
1346,6.73,0.004990221000298334,0.0013524689993573702,5.289999535307288e-06,0.0020263590004105936,0.0010168819999307743,4.26500000685337e-05,0.0035976070003016503,0.004472135957202233,0.0020000000000000018,0.8944271914404464,0.021468761934112176,0.1191536362302449,False,nan,nan,False,False
1347,6.735,0.005009106000215979,0.0011979899991274578,5.1500001063686796e-06,0.0008989710004243534,0.0008660700004838873,3.9244000618055e-05,0.0037627860001521185,0.004472135955872549,0.0020000000000000018,0.8944271911745096,0.002079898691644124,0.12107431680767392,False,nan,nan,False,False
1348,6.74,0.005017301999941992,0.0013534699992305832,4.69899987365352e-06,0.001984501000151795,0.0009251490000679041,4.1728000724106096e-05,0.0035623420008050743,0.00447213599610506,0.0020000000000000018,0.8944271992210119,0.020719417779973718,0.12317850410337372,False,nan,nan,False,False
1349,6.745,0.00497698599974683,0.0012519909996626666,4.919000275549479e-06,0.0008437670003331732,0.0009205609994751285,4.022499979328131e-05,0.0036874650004392606,0.004472135968180956,0.0020000000000000018,0.894427193636191,0.03798844014848117,0.1142776949371891,False,nan,nan,False,False
1350,6.75,0.004995840999981738,0.001310961999479332,4.739000360132195e-06,0.001955256000655936,0.000939376000133052,4.1077000787481666e-05,0.0036365290006870055,0.004472135990150639,0.0020000000000000018,0.8944271980301277,0.03616307292473193,0.1153810691233599,False,nan,nan,False,False
1351,6.755,0.005015177999666776,0.0012078580002707895,4.89899957756279e-06,0.0008544479996999144,0.0008639360003144247,4.106699998374097e-05,0.0037245149997033877,0.004472135984961679,0.0020000000000000018,0.8944271969923357,0.0017215078903525427,0.11930492173729981,False,nan,nan,False,False
1352,6.76,0.004990571000234922,0.0013484210003298358,4.498999260249548e-06,0.0019579110003178357,0.0010193759999310714,3.97849998989841e-05,0.003595422999751463,0.00447213596358909,0.0020000000000000018,0.8944271927178179,0.03179413147694198,0.11917995483133516,False,nan,nan,False,False
1353,6.765000000000001,0.005004618000384653,0.0012114149994886247,5.671000508300494e-06,0.000850420000460872,0.0008421749998888117,4.1557999793440104e-05,0.003724594000232173,0.004472135985935103,0.0020000000000000018,0.8944271971870205,0.03212781376628283,0.11189672370449233,False,nan,nan,False,False
1354,6.7700000000000005,0.004995480999241408,0.0013381220005612704,5.059000613982789e-06,0.0019661169999380945,0.0009978759999285103,4.1788000089582056e-05,0.0036123239997323253,0.004472135965404914,0.0020000000000000018,0.8944271930809827,0.03324357507557274,0.1167350675249207,False,nan,nan,False,False
1355,6.775,0.0050120410005547456,0.0012023689996567555,5.1500001063686796e-06,0.0008582950003983569,0.0008398800000577467,3.971400019509019e-05,0.0037259560003803927,0.004472135971975677,0.0020000000000000018,0.8944271943951354,0.027789425447967885,0.12186877809488954,False,nan,nan,False,False
1356,6.78,0.00498531199991703,0.0013813929999741958,4.718000127468258e-06,0.001965635000487964,0.0010385420000602608,4.8550000428804196e-05,0.003560967999874265,0.004472135957326066,0.0020000000000000018,0.8944271914652131,0.00981651224872174,0.11934695349949817,False,nan,nan,False,False
1357,6.785,0.005003917000067304,0.0011973379996561562,5.529999725695234e-06,0.0007936639995023143,0.0008342699993590941,4.023500059702201e-05,0.003742067000530369,0.004472135988134688,0.0020000000000000018,0.8944271976269377,0.01600584056244542,0.11198671503615375,False,nan,nan,False,False
1358,6.79,0.004996501999812608,0.0013209400003688643,4.988999535271432e-06,0.0018953949993374408,0.0009659659999670112,4.5895999392087106e-05,0.00362762299937458,0.004472135963273905,0.0020000000000000018,0.8944271926547811,0.032657676539567214,0.12071819110837224,False,nan,nan,False,False
1359,6.795,0.005017581999709364,0.0013927740001236089,5.470000360219274e-06,0.0007585989997096476,0.0009232259999407688,4.2550000216579065e-05,0.0035316140001668828,0.004472135966093875,0.0020000000000000018,0.8944271932187751,0.023482089508028256,0.1166605788933527,False,nan,nan,False,False
1360,6.8,0.004991563000658061,0.001306642999225005,5.419999979494605e-06,0.0018433470004310948,0.0009493749994362588,4.0797000110615045e-05,0.0036264220007069525,0.0044721360206087645,0.0020000000000000018,0.8944272041217529,0.01804149645967857,0.12101857429313333,False,nan,nan,False,False
1361,6.805,0.0049943789999815635,0.001285794000068563,4.998999429517426e-06,0.0006631200003539561,0.0008325369999511167,4.256000011082506e-05,0.003700909999679425,0.004472136049240289,0.0020000000000000018,0.8944272098480576,0.0673659870505912,0.11473814557618014,False,nan,nan,False,False
1362,6.8100000000000005,0.005043750999902841,0.0011779930000557215,5.089999831398018e-06,9.912499990605284e-05,0.0008481860004394548,4.092599920113571e-05,0.0037235219997455715,0.004472136066361874,0.0020000000000000018,0.8944272132723747,0.07664516444151291,0.1186684094491196,False,nan,nan,False,False
1363,6.815,0.004962438999427832,0.0013066430001344997,5.078999492980074e-06,0.0006150899998829118,0.0008735530000194558,4.791900028067175e-05,0.0036400660001163487,0.004472135972168405,0.0020000000000000018,0.8944271944336809,0.05559584036974712,0.11994284322876268,False,nan,nan,False,False
1364,6.82,0.005005068000173196,0.0011814589997811709,4.668999281420838e-06,0.00010299299992766464,0.0008480850001433282,3.974399987782817e-05,0.0037445420002768515,0.004472135971911807,0.0020000000000000018,0.8944271943823612,0.03123207607250893,0.12071112083060637,False,nan,nan,False,False
1365,6.825,0.004988407999917399,0.0013059920001978753,5.4000001910026185e-06,0.0005919870000070659,0.0008711190002941294,4.244899992045248e-05,0.0036338549998617964,0.0044721360000383,0.0020000000000000018,0.89442720000766,0.009830574673759376,0.11382000738467044,False,nan,nan,False,False
1366,6.83,0.005000230000405281,0.0013388830002440955,7.3640003392938524e-06,0.0016512279999005841,0.001004507999823545,4.1819000216491986e-05,0.003600531999836676,0.0044721359553309675,0.0020000000000000018,0.8944271910661934,0.027565525894143836,0.11643817876518628,False,nan,nan,False,False
1367,6.835,0.004998866000278213,0.001202488999297202,4.9689997467794456e-06,0.0010599619999993593,0.0008363639999515726,4.032499964523595e-05,0.0037336810000851983,0.004472135964889067,0.0020000000000000018,0.8944271929778134,0.014074203629061543,0.12130930102767792,False,nan,nan,False,False
1368,6.84,0.0050233129995831405,0.0014106979997450253,6.9329998950706795e-06,0.0016101600003821659,0.0010445630005051498,4.261899994162377e-05,0.0035179380001864047,0.004472136009894831,0.0020000000000000018,0.8944272019789662,0.016131997885851842,0.11966001503276755,False,nan,nan,False,False
1369,6.845,0.005010068000046886,0.0013198579999880167,6.6319998950348236e-06,0.0010410270006104838,0.0008823400003166171,4.640599945560098e-05,0.0035968559996035765,0.004472136126939668,0.0020000000000000018,0.8944272253879335,0.07763299856718625,0.1117953908398187,False,nan,nan,False,False
1370,6.8500000000000005,0.004989889999706065,0.001448007999897527,7.022999852779321e-06,0.0015572720003547147,0.001053219999448629,4.983300004823832e-05,0.0034796460004145047,0.004472136359146384,0.0020000000000000018,0.8944272718292767,0.12565499754328846,0.11952642760346484,False,nan,nan,False,False
1371,6.855,0.005005299000004015,0.0012238090002938407,6.541999937326182e-06,0.000985493000371207,0.0008638360004624701,5.326999962562695e-05,0.003699556999890774,0.0044721362578810375,0.0020000000000000018,0.8944272515762073,0.14188731788575368,0.12071073736638739,False,nan,nan,False,False
1372,6.86,0.005001292000088142,0.0015298099997380632,6.111999937274959e-06,0.0020464259996515466,0.001133057999140874,4.652699954021955e-05,0.00339544000053138,0.004472135975526705,0.0020000000000000018,0.8944271951053409,0.08297625373457992,0.12015951985112401,False,nan,nan,False,False
1373,6.865,0.005025858000408334,0.0013870929997210624,6.421999387384858e-06,0.0009377140004289686,0.0009428120001757634,4.944299962517107e-05,0.003507227999762108,0.004472135998606909,0.0020000000000000018,0.8944271997213818,0.007841702603558065,0.10978613793947424,False,nan,nan,False,False
1374,6.87,0.0049720659999366035,0.001511646999460936,6.110999493103009e-06,0.0019767359999605105,0.001105927999560663,4.541500038612867e-05,0.003415977000258863,0.0044721359605646785,0.0020000000000000018,0.8944271921129355,0.01605694889878558,0.11697247507590254,False,nan,nan,False,False
1375,6.875,0.005023963999519765,0.0012705059998552315,6.862999725854024e-06,0.0008724910003365949,0.0008929899995564483,4.685700059781084e-05,0.0036312300007921294,0.004472136006026477,0.0020000000000000018,0.8944272012052953,0.01809871722151436,0.11498848845988224,False,nan,nan,False,False
1376,6.88,0.004978619000212348,0.0014861689996905625,6.102000043028966e-06,0.0018755860000965185,0.0011285599994153017,4.510500002652407e-05,0.003436816999965231,0.004472135956101504,0.0020000000000000018,0.8944271912203007,0.03099397644849291,0.1162707652514965,False,nan,nan,False,False
1377,6.885,0.005001112000172725,0.001412761000210594,6.1920000007376075e-06,0.0007071529998938786,0.000995159999547468,4.618700040737167e-05,0.003506756999740901,0.004472136061070802,0.0020000000000000018,0.8944272122141603,0.04293217558408213,0.1167003280006772,False,nan,nan,False,False
1378,6.890000000000001,0.004994459000045026,0.0014960769995013834,6.3520001276629046e-06,0.0018408420000923797,0.0011121389998152154,6.05630002610269e-05,0.0034320670001761755,0.004472135976388345,0.0020000000000000018,0.8944271952776688,0.021465647926988997,0.1180632849790403,False,nan,nan,False,False
1379,6.8950000000000005,0.005007042000215733,0.001441965999219974,6.150999979581684e-06,0.0007373380003627972,0.0010683179998522974,4.521400023804745e-05,0.0034761400002025766,0.004472136041151965,0.0020000000000000018,0.894427208230393,0.017617396897526175,0.11059346899934162,False,nan,nan,False,False
1380,6.9,0.0049908619994312176,0.0013931450002928614,6.131000191089697e-06,0.001855710000199906,0.0010325110006306204,4.366200028016465e-05,0.0035321440000188886,0.004472135956426251,0.0020000000000000018,0.8944271912852501,0.030594359165369428,0.11534262425339939,False,nan,nan,False,False
1381,6.905,0.004990381000425259,0.0012616889998753322,5.440000677481294e-06,0.0006849109995528124,0.0008789330004219664,4.316000013204757e-05,0.0036624579997805995,0.004472135961961538,0.0020000000000000018,0.8944271923923075,0.00546305674068188,0.11299445964928304,False,nan,nan,False,False
1382,6.91,0.004983587999959127,0.001351197000076354,5.128999873704743e-06,0.0018215159998362651,0.0010001199998441734,4.369199996290263e-05,0.0035945909994552494,0.004472135965330749,0.0020000000000000018,0.8944271930661497,0.002177708108635302,0.11319211807774045,False,nan,nan,False,False
1383,6.915,0.005007382999792753,0.0012625709996427759,5.009000233258121e-06,0.0007195749994934886,0.0008691950006323168,4.994299979443895e-05,0.0036754120001205592,0.004472135982876169,0.0020000000000000018,0.8944271965752337,0.007814152770621054,0.11279674878705515,False,nan,nan,False,False
1384,6.92,0.005002433999834466,0.0013297360001160996,5.169999894860666e-06,0.0018345300004511955,0.0009921450000547338,4.23400006184238e-05,0.0036153809996903874,0.0044721359659299215,0.0020000000000000018,0.8944271931859843,0.00746652393268215,0.11738736381312528,False,nan,nan,False,False
1385,6.925,0.005009917999814206,0.0012426830007825629,5.330000021785963e-06,0.0006981950000408688,0.0008381869993172586,4.204900051263394e-05,0.003675332999591774,0.004472136017903929,0.0020000000000000018,0.8944272035807856,0.01749667288663913,0.11090860651446324,False,nan,nan,False,False
1386,6.93,0.00498170500031847,0.0013233839999884367,5.550999958359171e-06,0.0018244419998154626,0.0009808439999687835,4.21089998781099e-05,0.003619727999648603,0.0044721359555048,0.0020000000000000018,0.8944271911009599,0.027314682825511482,0.11700977239644729,False,nan,nan,False,False
1387,6.9350000000000005,0.0050031950004267856,0.0012547959995572455,5.118999979458749e-06,0.0007201769994935603,0.0008483160008836421,5.018400042899884e-05,0.0036805219997404492,0.004472136267803427,0.0020000000000000018,0.8944272535606853,0.0642176556858571,0.11749962262019979,False,nan,nan,False,False
1388,6.94,0.0049935970000660745,0.0013337939999473747,4.819000423594844e-06,0.0018286690001332317,0.0009730800002216711,5.0304000069445465e-05,0.003609879999203258,0.004472136180754499,0.0020000000000000018,0.8944272361508997,0.12374614609896234,0.117719387531173,False,nan,nan,False,False
1389,6.945,0.0050083649994121515,0.0012387160004436737,5.569999302679207e-06,0.0007128319994080812,0.0008497779999743216,4.3230999835941475e-05,0.003695540000080655,0.004386344148489987,0.0020000000000000018,0.8772688296979974,8.002800620753995,0.11647516252046851,False,nan,nan,False,False
1390,6.95,0.004992013999981282,0.0013394349998634425,4.798999725608155e-06,0.0018179290000261972,0.0009943999993993202,4.723800066130934e-05,0.0036045490005562897,0.004472136094159813,0.0020000000000000018,0.8944272188319623,8.000759466075566,0.11988418194445766,False,nan,nan,False,False
1391,6.955,0.005004778000511578,0.001237232999301341,5.089999831398018e-06,0.0007194750005510286,0.0008535260003554868,4.1246999899158254e-05,0.00369783499991172,0.004472136038796215,0.0020000000000000018,0.894427207759243,0.07925567962326532,0.11301606853506543,False,nan,nan,False,False
1392,6.96,0.004992504999790981,0.0013627480002469383,4.769000042870175e-06,0.0018307629998162156,0.0009267530003853608,4.146799983573146e-05,0.003582859999369248,0.004472136274776158,0.0020000000000000018,0.8944272549552316,0.102277597730465,0.11391397062922512,False,nan,nan,False,False
1393,6.965,0.005006331000004138,0.0012227560000610538,4.860000444750767e-06,0.000701741999364458,0.0008473039997625165,4.0746999729890376e-05,0.003724213999703352,0.004298837181734185,0.0020000000000000018,0.8597674363468368,11.31424213486322,0.11808345445877604,False,nan,nan,False,False
1394,6.97,0.005005168999559828,0.001322823000009521,4.818999514100142e-06,0.0018276370001331088,0.0009881380001388607,4.1416999920329545e-05,0.0036133170005996362,0.004472135968384042,0.0020000000000000018,0.8944271936768082,11.313744140833021,0.1187533490936465,False,nan,nan,False,False
1395,6.9750000000000005,0.004996583000320243,0.0013056509997113608,4.948999958287459e-06,0.0007201960006568697,0.0008326669994858094,4.2809999285964295e-05,0.003636489000200527,0.004472135985141249,0.0020000000000000018,0.8944271970282498,0.03460892293089755,0.1093973269350095,False,nan,nan,False,False
1396,6.98,0.00500389599983464,0.001352439000584127,4.69899987365352e-06,0.0018405719993097591,0.0008971679999376647,4.1618000068410765e-05,0.0035862659997292212,0.004298837060461245,0.0020000000000000018,0.8597674120922488,11.313712924148403,0.11181506070963447,False,nan,nan,False,False
1397,6.985,0.005001612000341993,0.0013845889998265193,4.969000656274147e-06,0.0007255470000018249,0.0008856260001266492,4.089600042789243e-05,0.0035481149998304318,0.004472135969263941,0.0020000000000000018,0.8944271938527882,11.313709048140879,0.12142824970626007,False,nan,nan,False,False
1398,6.99,0.004998276000151236,0.001268601999981911,5.2699997468153015e-06,0.0017892460000439314,0.0008971979996204027,4.108699977223296e-05,0.003665122999336745,0.0044721359628745235,0.0020000000000000018,0.8944271925749047,0.003671694765433999,0.11855062234233187,False,nan,nan,False,False
1399,6.995,0.004996662999474211,0.0012558380003611092,5.300000339047983e-06,0.0007210280000435887,0.0008489980000376818,5.213799977354938e-05,0.0036872139999104547,0.004209513048807202,0.0020000000000000018,0.8419026097614405,13.856406692289921,0.10774530162702477,False,nan,nan,False,False
1400,7.0,0.005004307000490371,0.001418391999322921,4.8089996198541485e-06,0.001841012000113551,0.0010457559992573806,4.2380000195407774e-05,0.003516646000207402,0.004472135968522197,0.0020000000000000018,0.8944271937044392,13.856406481450522,0.11817196783537205,False,nan,nan,False,False
1401,7.005,0.004998816999432165,0.0013715949999095756,5.089999831398018e-06,0.0007195849993877346,0.0008788229997662711,4.1727999814611394e-05,0.003564715000720753,0.0044721359553924174,0.0020000000000000018,0.8944271910784832,0.016282170097570797,0.11756743409612774,False,nan,nan,False,False
1402,7.01,0.004994269000235363,0.0014262960003179614,5.089000296720769e-06,0.0017873619999591028,0.0010784969999804161,4.267999975127168e-05,0.0035159349999958067,0.004298837140637409,0.0020000000000000018,0.8597674281274816,11.313769925530773,0.11829749192643457,False,nan,nan,False,False
1403,7.015000000000001,0.005004646999623219,0.0012455790001695277,5.110000529384706e-06,0.0006961210001463769,0.0008713389997865306,4.275999981473433e-05,0.0036897190002491698,0.00447213601299064,0.0020000000000000018,0.8944272025981279,11.313710144913882,0.11355978205087568,False,nan,nan,False,False
1404,7.0200000000000005,0.004993918000764097,0.0014225499999156455,4.83900021208683e-06,0.0017636070006119553,0.0009828880001805373,4.325100053392816e-05,0.0035237789998063818,0.004472135969298867,0.0020000000000000018,0.8944271938597734,0.014502934539227639,0.11585907482455142,False,nan,nan,False,False
1405,7.025,0.005012762999285769,0.0013814829999319045,5.599999894911889e-06,0.0006296270003076643,0.0008699359996171552,4.18780000472907e-05,0.00355076000050758,0.004298837064578118,0.0020000000000000018,0.8597674129156234,11.313741769380488,0.1148892302454118,False,nan,nan,False,False
1406,7.03,0.005080820000330277,0.001209822999953758,5.46000046597328e-06,3.62169994332362e-05,0.0008684040003572591,4.105700008949498e-05,0.0036391339999681804,0.004472135957587702,0.0020000000000000018,0.8944271915175405,11.313710693481339,0.11898097414047307,False,nan,nan,False,False
1407,7.035,0.004912336000415962,0.0013272009991851519,5.350000719772652e-06,0.0006025869997756672,0.0008434669998678146,4.1989000237663276e-05,0.00360679400000663,0.004472135968249816,0.0020000000000000018,0.894427193649963,0.01985622299239837,0.10991406063818804,False,nan,nan,False,False
1408,7.04,0.005008183999962057,0.0013402859995039762,6.8029994508833624e-06,0.0017173109999930602,0.0009973049991458538,4.074600019521313e-05,0.003588811000554415,0.004386342570971147,0.0020000000000000018,0.8772685141942294,8.000200672603084,0.1156415887986625,False,nan,nan,False,False
1409,7.045,0.004990060999261914,0.001325057000030938,5.200000487093348e-06,0.0006090990000302554,0.0008411930002694135,4.14870000895462e-05,0.0036114430004090536,0.004472135983941699,0.0020000000000000018,0.8944271967883397,8.000031758954837,0.1233923728298693,False,nan,nan,False,False
1410,7.05,0.005001582000659255,0.0013856309997208882,7.062999429763295e-06,0.0016723270000511548,0.0010217709996140911,4.139800057600951e-05,0.0035492159995555994,0.004472136056371896,0.0020000000000000018,0.894427211274379,0.05843990681530441,0.11648854294925087,False,nan,nan,False,False
1411,7.055,0.004996222000045236,0.0013166720000299392,5.32000012753997e-06,0.0006028369998603011,0.0008569220008212142,4.2269000005035195e-05,0.0036226929996701074,0.004209513036329754,0.0020000000000000018,0.8419026072659508,13.85646503607933,0.1106432052895839,False,nan,nan,False,False
1412,7.0600000000000005,0.005006321000109892,0.0013903889994253404,6.711999958497472e-06,0.001722470999993675,0.0010317699998267926,4.191900006844662e-05,0.003545239000231959,0.0043081318465349894,0.0020000000000000018,0.8616263693069979,13.856407583736042,0.11719859839200866,False,nan,nan,False,False
1413,7.065,0.004998154999157123,0.0013079160007691826,4.819000423594844e-06,0.0006025060001775273,0.0008548490004613996,4.15679996876861e-05,0.0036260299993955414,0.004386342448651761,0.0020000000000000018,0.8772684897303522,8.000003716213579,0.113751949959721,False,nan,nan,False,False
1414,7.07,0.005007904000194685,0.001397533000272233,6.622999535466079e-06,0.001706461000139825,0.0010631479999574367,4.3742000343627296e-05,0.0035347200000614976,0.0044721359942461025,0.0020000000000000018,0.8944271988492204,8.00007563521883,0.11562956948075997,False,nan,nan,False,False
1415,7.075,0.004995451000468165,0.0013145779994374607,5.139000677445438e-06,0.0006051020000086282,0.0008618320007371949,4.292999983590562e-05,0.0036172939999232767,0.004209513080298212,0.0020000000000000018,0.8419026160596425,13.856490067934498,0.10873256496483982,False,nan,nan,False,False
1416,7.08,0.005004728000130854,0.0013639099997817539,7.112999810487963e-06,0.0017238630007341271,0.0010198370000580326,5.066500034445198e-05,0.003565447000255517,0.004472135989471067,0.0020000000000000018,0.8944271978942133,13.85640663925094,0.11710768496291399,False,nan,nan,False,False
1417,7.085,0.004991592999431305,0.0013105510006425902,4.878999789070804e-06,0.0006107220006015268,0.0008471649998682551,4.114700004720362e-05,0.003624887999649218,0.004472135980939295,0.0020000000000000018,0.8944271961878592,0.0029436688187399625,0.11682593834011107,False,nan,nan,False,False
1418,7.09,0.004999789000066812,0.0013829460003762506,6.553000275744125e-06,0.0017168000003948691,0.001052147000336845,4.050499956065323e-05,0.0035572809993027477,0.00429883706029607,0.0020000000000000018,0.8597674120592139,11.313711775648343,0.11858714612734801,False,nan,nan,False,False
1419,7.095,0.005000881000341906,0.0012254309995114454,4.919000275549479e-06,0.0005926379999436904,0.0008361239997611847,4.058600006828783e-05,0.003709966999849712,0.004308131855793589,0.0020000000000000018,0.8616263711587178,11.31370855594827,0.11179163448950258,False,nan,nan,False,False
1420,7.1000000000000005,0.005000198999368877,0.001378518000819895,6.643000233452767e-06,0.0017160079996756394,0.0009179860007861862,4.168800023762742e-05,0.0035611079993032035,0.004386342443405463,0.0020000000000000018,0.8772684886810926,8.000001421752168,0.11391737343542621,False,nan,nan,False,False
1421,7.105,0.005009908000829455,0.0014454129996011034,5.34999981027795e-06,0.0006304990001808619,0.0009293480006817845,4.349200025899336e-05,0.0034998439996343222,0.0043081324810214814,0.0020000000000000018,0.8616264962042962,8.000468322743567,0.11371395147173925,False,nan,nan,False,False
1422,7.11,0.0051079409995509195,0.0013525690001188195,6.952999683562666e-06,4.106599953956902e-05,0.0009625399998185458,5.630500072584255e-05,0.0034819510001398157,0.004336919210999633,0.0020000000000000018,0.8673838421999266,3.0391127009501813,0.119271936315993,False,nan,nan,False,False
1423,7.115,0.004918136000014783,0.0016158710004674504,6.622999535466079e-06,0.000586466999266122,0.001086141000087082,4.703800004790537e-05,0.0033006119992933236,0.004418059990559595,0.0020000000000000018,0.8836119981119188,8.000089265286098,0.10863325710381629,False,nan,nan,False,False
1424,7.12,0.0050031950004267856,0.001443699999981618,8.34500042401487e-06,0.001725737000015215,0.0010731669999586302,4.562499998428393e-05,0.003468654999778664,0.004248396112111536,0.0020000000000000018,0.8496792224223071,11.31385257302235,0.11467483523162451,False,nan,nan,False,False
1425,7.125,0.004993786999875738,0.0014967689994591638,6.711999958497472e-06,0.0006301280000116094,0.001105907999772171,4.507500034378609e-05,0.0034235319999424974,0.004263623038083346,0.0020000000000000018,0.8527246076166691,11.313720266268804,0.12071954545830632,False,nan,nan,False,False
1426,7.13,0.005011761999412556,0.0014573950002159108,8.305999472213443e-06,0.0017531879993839539,0.001090458999897237,4.4393000280251727e-05,0.0034473659998184303,0.0043369191251932835,0.0020000000000000018,0.8673838250386567,8.000025002434377,0.11278428979338413,False,nan,nan,False,False
1427,7.135,0.004985893000593933,0.0014772419999644626,6.652000593021512e-06,0.0005427950000012061,0.0009057440001924988,5.0253999688720796e-05,0.003443587999754527,0.004418059998348724,0.0020000000000000018,0.8836119996697447,8.000013216287853,0.1065378787261683,False,nan,nan,False,False
1428,7.140000000000001,0.005039863000092737,0.0014004889999341685,8.766999599174596e-06,0.001687986999968416,0.0010440820005896967,4.434299989952706e-05,0.0034769309995681397,0.004336919441644136,0.0020000000000000018,0.8673838883288272,8.000220676001332,0.11562711337228936,False,nan,nan,False,False
1429,7.1450000000000005,0.0049550449994058,0.0015175580001596245,6.493000000773463e-06,0.0005468919998747879,0.0009490940001342096,4.6376999307540245e-05,0.0034113589999833493,0.004418060176836269,0.0020000000000000018,0.8836120353672539,8.000024337606275,0.11439472563386395,False,nan,nan,False,False
1430,7.15,0.005039282999860006,0.0014595390002796194,8.394999895244837e-06,0.0016260009997495217,0.0010735070000009728,5.6926000070234295e-05,0.003426367000429309,0.00447213602502237,0.0020000000000000018,0.8944272050044739,4.961340240832397,0.11164902575528342,False,nan,nan,False,False
1431,7.155,0.004976685000656289,0.0014056989994060132,7.032999747025315e-06,0.0009515490000922,0.0009478829997533467,4.8010000682552345e-05,0.003505374000269512,0.004472135984853152,0.0020000000000000018,0.8944271969706301,0.010986188767031892,0.10945649265672869,False,nan,nan,False,False
1432,7.16,0.004992464999304502,0.001486450000811601,6.410999958461616e-06,0.002067806000013661,0.0010925030001089908,4.6426999688264914e-05,0.00343221699949936,0.00420951392539436,0.0020000000000000018,0.841902785078872,13.857017465580972,0.11401974394408386,False,nan,nan,False,False
1433,7.165,0.0050016920004054555,0.0013899499999752152,7.07300023350399e-06,0.0009967229998437688,0.0009479320005993941,4.7729000471008476e-05,0.0035265140004412387,0.0041376328829885786,0.0020000000000000018,0.8275265765977156,13.856412106804003,0.11280121265334304,False,nan,nan,False,False
1434,7.17,0.0049951310002143146,0.0014184619994921377,6.362000021908898e-06,0.0019727379994947114,0.0010537100006331457,4.511399947659811e-05,0.0034941940002681804,0.004298837509830845,0.0020000000000000018,0.8597675019661689,11.313722175887788,0.11266119177139414,False,nan,nan,False,False
1435,7.175,0.004984920999959286,0.0012799429996448453,5.83099972573109e-06,0.0008056970000325236,0.0009214230003635748,5.536299977393355e-05,0.0036473199997999473,0.004472136168944554,0.0020000000000000018,0.8944272337889108,11.313734005282134,0.10660431329327225,False,nan,nan,False,False
1436,7.18,0.0050060499997925945,0.0013404569999693194,6.2219996834755875e-06,0.0014151459999993676,0.0009674490001998493,4.503399941313546e-05,0.003587287000300421,0.004472135976945895,0.0020000000000000018,0.8944271953891789,0.03761089157664887,0.11154723006516772,False,nan,nan,False,False
1437,7.1850000000000005,0.0050128330003644805,0.0013969319998068386,6.212000698724296e-06,0.0008651979997011949,0.0009401079996678163,6.324799960566452e-05,0.003533186999447935,0.004472141542201227,0.0020000000000000018,0.8944283084402455,0.3004897195157542,0.11644356705134155,False,nan,nan,False,False
1438,7.19,0.005012994000026083,0.0015641939999113674,7.403999916277826e-06,0.00197937200027809,0.0009935979996953392,4.646599973057164e-05,0.0033442539997849963,0.004209516002510509,0.0020000000000000018,0.8419032005021018,13.856654242623001,0.11443601887731981,False,nan,nan,False,False
1439,7.195,0.004993216000002576,0.0014557019994754228,6.762000339222141e-06,0.0010051090002889396,0.0009537729993098765,4.726800034404732e-05,0.003452415000538167,0.00395980080031781,0.0020000000000000018,0.791960160063562,13.856410575763595,0.11652394025085269,False,nan,nan,False,False
1440,7.2,0.004989058999854024,0.0014904069994372549,6.833000043116044e-06,0.0020417980003912817,0.001089377000425884,5.520300055650296e-05,0.0034317160007049097,0.0037255886000260524,0.0020000000000000018,0.7451177200052104,13.860062362937208,0.11024916848836722,False,nan,nan,False,False
1441,7.205,0.00501374399937049,0.0013910320003560628,6.682000275759492e-06,0.001001491999886639,0.0009384350005348097,5.683600011252565e-05,0.0035129280004184693,0.003793133090599498,0.0020000000000000018,0.7586266181198997,13.965288946756848,0.10755370491892591,False,nan,nan,False,False
1442,7.21,0.0049900610001714085,0.0014737760002390132,6.330999894998968e-06,0.002069158999802312,0.0010751299996627495,4.585599981510313e-05,0.003444640999987314,0.004032545088099642,0.0020000000000000018,0.8065090176199283,13.856616241302216,0.10657755634133259,False,nan,nan,False,False
1443,7.215,0.005001061000257323,0.0014782239995838609,6.601999302802142e-06,0.000992616000075941,0.000945507999858819,7.236500005092239e-05,0.003433230000155163,0.004308131868962668,0.0020000000000000018,0.8616263737925335,13.973951187804687,0.11078724897128557,False,nan,nan,False,False
1444,7.22,0.004988818000128958,0.0013452359999064356,6.321999535430223e-06,0.001974061000510119,0.0009666679998190375,4.4954000259167515e-05,0.0035772179999185028,0.00405462698946727,0.0020000000000000018,0.810925397893454,13.856411438322894,0.11207774778208449,False,nan,nan,False,False
1445,7.2250000000000005,0.00499739499991847,0.0012907529999210965,6.120999387349002e-06,0.0009781789995031431,0.0009252899999410147,5.6103999668266624e-05,0.0036432229999263654,0.003893777608674613,0.0020000000000000018,0.7787555217349226,16.019434569967853,0.10353613349836298,False,nan,nan,False,False
1446,7.23,0.005004718000236608,0.0014705989997310098,5.631000021821819e-06,0.002048781000667077,0.0009979359992939862,4.4643999899562914e-05,0.0034443409995219554,0.0039602728313694975,0.0020000000000000018,0.7920545662738995,13.856425203701296,0.10739124876207677,False,nan,nan,False,False
1447,7.235,0.004991813999367878,0.0012823170000046957,5.590000000665896e-06,0.0009754940001585055,0.0009157519998552743,4.504400021687616e-05,0.0036530110000967397,0.004064480289528022,0.0020000000000000018,0.8128960579056044,13.877566333613418,0.10368087404659687,False,nan,nan,False,False
1448,7.24,0.005018002000724664,0.0016103509997265064,6.522000148834195e-06,0.002022070999373682,0.0012233970001034322,4.228899979352718e-05,0.0032943199994406314,0.00410095040412643,0.0020000000000000018,0.820190080825286,9.855471272260273,0.10748228810057987,False,nan,nan,False,False
1449,7.245,0.004979069999535568,0.001279762999729428,5.511000381375197e-06,0.0008292610000353307,0.0009259210000891471,4.3881999772565905e-05,0.0036454670007515233,0.004256787004444054,0.0020000000000000018,0.8513574008888107,11.313714957737654,0.10098080152135666,False,nan,nan,False,False
1450,7.25,0.004992815999685263,0.0013438730002235388,5.521000275621191e-06,0.0019436840002526878,0.0010002600001826067,4.341100066085346e-05,0.0035942410004281555,0.004057422411547112,0.0020000000000000018,0.8114844823094223,16.00000020103947,0.10749326934413407,False,nan,nan,False,False
1451,7.255,0.005010519000279601,0.0012424429996826802,5.8610003179637715e-06,0.0008916880005926942,0.0009027780006363173,4.4273000639805105e-05,0.003678739000861242,0.003889102430250154,0.0020000000000000018,0.7778204860500307,16.000000006022823,0.10968278943978452,False,nan,nan,False,False
1452,7.26,0.004988917999980913,0.0013596930002677254,5.490999683388509e-06,0.0018645969994395273,0.001003757000034966,4.332099979365012e-05,0.0035749740000028396,0.004209513080885913,0.0020000000000000018,0.8419026161771826,15.004341958647972,0.1073389014354719,False,nan,nan,False,False
1453,7.265000000000001,0.005007353000110015,0.001249076000021887,5.601000339083839e-06,0.0008678829999553273,0.0009075870002561715,4.288000036467565e-05,0.0036728879995280295,0.004219004656026997,0.0020000000000000018,0.8438009312053993,16.000066263037443,0.10057717343318845,False,nan,nan,False,False
1454,7.2700000000000005,0.004992295000192826,0.0013110909994793474,5.390000296756625e-06,0.0018605890008984716,0.0009771670002010069,4.339099996286677e-05,0.003623526000410493,0.004296458675720599,0.0020000000000000018,0.8592917351441196,13.857918854482886,0.10520343451973128,False,nan,nan,False,False
1455,7.275,0.005005258999517537,0.001246741000613838,5.910999789193738e-06,0.0008654089997435221,0.0009017660004246864,4.3541999730223324e-05,0.0036991669994677068,0.004472135956298558,0.0020000000000000018,0.8944271912597114,11.31556765470561,0.11228959235118952,False,nan,nan,False,False
1456,7.28,0.005029795000154991,0.0015491459998884238,6.571999620064162e-06,0.001961398000275949,0.0011954159999731928,4.308099960326217e-05,0.0033519779999551247,0.004386342525198559,0.0020000000000000018,0.8772685050397118,8.000094646973636,0.11307751199254987,False,nan,nan,False,False
1457,7.285,0.0049720360002538655,0.0012659579997489345,5.400999725679867e-06,0.0008856760005073738,0.0009108130007007276,4.4051999793737195e-05,0.003657940000266535,0.004298837106270881,0.0020000000000000018,0.8597674212541762,13.856408378330526,0.10519876513887569,False,nan,nan,False,False
1458,7.29,0.0049918650001927745,0.0013232029996288475,5.80100004299311e-06,0.0019491240000206744,0.0009455170002183877,4.341099975135876e-05,0.003610802000366675,0.004373482424567594,0.0020000000000000018,0.8746964849135187,8.099047281658962,0.11227142671137479,False,nan,nan,False,False
1459,7.295,0.005008183999962057,0.0012672089997067815,5.900999894947745e-06,0.0008906749999368913,0.0009122050005316851,4.333099968789611e-05,0.003670392999993055,0.004207133910746354,0.0020000000000000018,0.8414267821492708,11.313768239868068,0.11500283089553898,False,nan,nan,False,False
1460,7.3,0.005021037999540567,0.0015242099998431513,7.10299991624197e-06,0.0019815650002783514,0.0011321470001348644,4.118699962418759e-05,0.003388336000170966,0.004104552118776417,0.0020000000000000018,0.8209104237552832,17.88854408030193,0.11804043007050966,False,nan,nan,False,False
1461,7.305,0.005014196000047377,0.0024345920000996557,6.672999916190747e-06,0.0008914970003388589,0.002075050999337691,4.424300004757242e-05,0.00246137300018745,0.003947147827913217,0.0020000000000000018,0.7894295655826434,16.000025402988246,0.10942336204795693,False,nan,nan,False,False
1462,7.3100000000000005,0.0049682200005918276,0.0013949479998700554,5.640999916067813e-06,0.0019779979993472807,0.0009149710003839573,4.49740000476595e-05,0.003530060999764828,0.0037832001760969855,0.0020000000000000018,0.7566400352193972,16.00000001468158,0.11081210435870281,False,nan,nan,False,False
1463,7.315,0.0049972239994531265,0.001259695000044303,5.601000339083839e-06,0.0008470739994663745,0.0009131379993050359,4.3682000068656635e-05,0.0036675080000350135,0.003847756640999062,0.0020000000000000018,0.7695513281998123,16.00000001764716,0.10851690971967524,False,nan,nan,False,False
1464,7.32,0.004994879000150831,0.0016541530003451044,5.670000064128544e-06,0.0019658359997265507,0.0009093310000025667,6.47409997327486e-05,0.0032842209993759752,0.003760034383670201,0.0020000000000000018,0.7520068767340402,13.856411981692517,0.1126022133592618,False,nan,nan,False,False
1465,7.325,0.0050093070003640605,0.0011111569992863224,5.840999619977083e-06,0.000718444000085583,0.0008094640006675036,3.354300042701652e-05,0.0038580440004807315,0.003644891076466047,0.0020000000000000018,0.7289782152932094,17.888543837668152,0.10073759432777675,False,nan,nan,False,False
1466,7.33,0.005092401999718277,0.0019274139995104633,8.825999429973308e-06,0.0020290140000724932,0.001491879999775847,4.978299966751365e-05,0.0030319990000862163,0.0038565015163702088,0.0020000000000000018,0.7713003032740418,16.00001733671809,0.10514435148423598,False,nan,nan,False,False
1467,7.335,0.0050757509998220485,0.0015846320002310677,8.967000212578569e-06,0.0010300459998688893,0.0011386389996914659,4.830999932892155e-05,0.0032352899997931672,0.0037476967947807195,0.0020000000000000018,0.7495393589561439,13.856409032967857,0.10113292702662888,False,nan,nan,False,False
1468,7.34,0.004937722000249778,0.001687506000052963,8.937000529840589e-06,0.002076521999697434,0.0012879379992227769,4.8440999307786115e-05,0.003189934000147332,0.003979020422482561,0.0020000000000000018,0.7958040844965122,13.856407285353573,0.09071377426245252,False,nan,nan,False,False
1469,7.345,0.004993677000129537,0.0018874999996114639,8.707000233698636e-06,0.0009598549995644134,0.0012120470000809291,5.716699979529949e-05,0.0030121820000204025,0.0038942561695053347,0.0020000000000000018,0.7788512339010669,13.856406499863017,0.09381964207590911,False,nan,nan,False,False
1470,7.3500000000000005,0.005015497999920626,0.0017258369998671697,9.11699953576317e-06,0.0020831350002481486,0.0013277230000312557,4.8491000598005485e-05,0.003140812999845366,0.004077024778761739,0.0020000000000000018,0.8154049557523478,11.55049742442621,0.09566354990572204,False,nan,nan,False,False
1471,7.355,0.004983910000191827,0.0017118499999924097,9.147000127995852e-06,0.0009757540001373854,0.0013056609996056068,4.830000034417026e-05,0.0031819799996810616,0.004007247326051209,0.0020000000000000018,0.8014494652102417,13.856827673028734,0.09636211693649341,False,nan,nan,False,False
1472,7.36,0.0050111499995182385,0.0019088990002273931,9.318000593339093e-06,0.002095417999953497,0.001424404000317736,5.046399928687606e-05,0.002965714999845659,0.003886153984504708,0.0020000000000000018,0.7772307969009415,17.89306808502743,0.09583157819563326,False,nan,nan,False,False
1473,7.365,0.004991924000023573,0.001598578999619349,9.157000022241846e-06,0.0009742719994392246,0.0010837670006367262,5.057499947724864e-05,0.003364260000125796,0.0038381671493601236,0.0020000000000000018,0.7676334298720247,17.88869223091842,0.09633189642066566,False,nan,nan,False,False
1474,7.37,0.005079818000012892,0.0016387440000471543,9.076999958779197e-06,0.002162333000342187,0.0012195310000606696,5.4542000725632533e-05,0.0031599989997630473,0.0037745716616019906,0.0020000000000000018,0.7549143323203981,13.857226418770175,0.10041944227313485,False,nan,nan,False,False
1475,7.375,0.00491560099999333,0.0016956709996520658,8.9169998318539e-06,0.0009747330004756805,0.001222435000272526,4.725800044980133e-05,0.0031837530004850123,0.0034520641403349627,0.0020000000000000018,0.6904128280669926,16.000566786031683,0.09398620373657213,False,nan,nan,False,False
1476,7.38,0.0049945990003834595,0.002066884999294416,8.967000212578569e-06,0.0020696500005215057,0.0014781439995203982,5.753700042987475e-05,0.0028237900005478878,0.003428212550625139,0.0020000000000000018,0.6856425101250277,17.888620575591272,0.10271509325171906,False,nan,nan,False,False
1477,7.385,0.005006440999750339,0.0016156009996848297,9.016999683808535e-06,0.0009511680000287015,0.0011732129996744334,4.9222000598092563e-05,0.003263501999754226,0.0033558904928200533,0.0020000000000000018,0.6711780985640107,16.00000057089519,0.09821703452148567,False,nan,nan,False,False
1478,7.390000000000001,0.00499566100006632,0.0018622829993546475,9.127000339503866e-06,0.0020792670002265368,0.0014103670000622515,6.673500047327252e-05,0.0030300860007628216,0.003167284299293908,0.0020000000000000018,0.6334568598587815,13.85646965342171,0.08971930995981252,False,nan,nan,False,False
1479,7.3950000000000005,0.0050083549995179055,0.001519731999906071,8.936999620345887e-06,0.0009650749998399988,0.0010795990001497557,4.8070000048028305e-05,0.0033583490003366023,0.003153007069608824,0.0020000000000000018,0.6306014139217648,16.000148015837855,0.08856680093477279,False,nan,nan,False,False
1480,7.4,0.004995281000446994,0.0017535589995532064,9.188000149151776e-06,0.0020737680006277515,0.001331428999947093,5.04850004290347e-05,0.0031307630006267573,0.0029276706255216734,0.0020000000000000018,0.5855341251043347,16.002762684525784,0.09122455605902256,False,nan,nan,False,False
1481,7.405,0.005001390999495925,0.0016738399999667308,8.876999345375225e-06,0.0009423020001122495,0.001190716000564862,4.82300001749536e-05,0.0031966470005500014,0.0028637357459259786,0.0020000000000000018,0.5727471491851956,17.889356355331525,0.08834366995933232,False,nan,nan,False,False
1482,7.41,0.0049789499998951214,0.0018489670001144987,8.26499945105752e-06,0.0020567649999065907,0.001417591000063112,7.752400051685981e-05,0.003055142999983218,0.002718592122490917,0.0020000000000000018,0.5437184244981833,16.000613343637237,0.08217059173631412,False,nan,nan,False,False
1483,7.415,0.005020538000280794,0.0017537290004838724,8.82600033946801e-06,0.0009547250001560315,0.0011502699999255128,5.7156999901053496e-05,0.0031315549995269976,0.002724060428065713,0.0018000000000000238,0.5448120856131426,17.888836267384217,0.07514723283290133,False,nan,nan,False,False
1484,7.42,0.0050020830003632,0.0019384839997655945,8.895999599189963e-06,0.002086871999381401,0.0012014069998258492,0.00019181800053047482,0.0029462889997375896,0.003107409907628351,0.0020000000000000018,0.6214819815256702,17.88858117168416,0.07730360806932535,False,nan,nan,False,False
1485,7.425,0.005001010999876598,0.0016834979996929178,9.117000445257872e-06,0.0009685610002634348,0.0010938550003629643,5.343000066204695e-05,0.003207726999789884,0.00305381072172299,0.0020000000000000018,0.6107621443445981,16.000021085167766,0.0757076990070089,False,nan,nan,False,False
1486,7.43,0.005007241999919643,0.001766803999998956,8.926999726099893e-06,0.0020870929993179743,0.001332862000708701,4.9993000175163615e-05,0.0031224390004354063,0.00292498240934714,0.0018000000000000238,0.5849964818694281,17.888577831956063,0.0688083228653948,False,nan,nan,False,False
1487,7.4350000000000005,0.0050058309998348705,0.001717070000267995,8.666000212542713e-06,0.0009772480007086415,0.0012369530004434637,5.865900038770633e-05,0.0031493189999309834,0.003102464342825567,0.0020000000000000018,0.6204928685651135,17.888544013080438,0.0741214146681427,False,nan,nan,False,False
1488,7.44,0.004982125000424276,0.0021226889994068188,9.206999493471812e-06,0.00207295600012003,0.0015260139998645172,5.7717999879969284e-05,0.0027633270001388155,0.003202350378147976,0.0020000000000000018,0.6404700756295952,16.00000140872225,0.07215156007479787,False,nan,nan,False,False
1489,7.445,0.0050015019996862975,0.001610702000107267,9.157000022241846e-06,0.0009575909998602583,0.0011510530002851738,4.8040000365290325e-05,0.003270715000326163,0.0031942553876928973,0.0020000000000000018,0.6388510775385795,17.360599073315516,0.07239545486063763,False,nan,nan,False,False
1490,7.45,0.004997033000108786,0.0018468039997969754,9.137000233749859e-06,0.0020747890002894565,0.001418382999872847,6.818800011387793e-05,0.003040925999812316,0.0034670452617617327,0.0020000000000000018,0.6934090523523465,16.000001839558713,0.07654001309862064,False,nan,nan,False,False
1491,7.455,0.005004458000257728,0.0015167359997576568,8.9169998318539e-06,0.0009643229996072478,0.0010870529995372635,4.774900025950046e-05,0.003388164999705623,0.0035153290108564804,0.0020000000000000018,0.703065802171296,13.856408540632733,0.07890816585665707,False,nan,nan,False,False
1492,7.46,0.005021338999540603,0.001794685999811918,8.926999726099893e-06,0.002031359000284283,0.0013515780001398525,7.45289999031229e-05,0.003066774000217265,0.0035637625761650335,0.0020000000000000018,0.7127525152330066,16.00003688933416,0.07534658889340326,False,nan,nan,False,False
1493,7.465,0.0049781280004026485,0.0016651039995849715,8.947000424086582e-06,0.0009517589996903553,0.0011867989996972028,4.814000021724496e-05,0.0032119249999595922,0.0037432077058841824,0.0020000000000000018,0.7486415411768365,13.33090518324885,0.08303730876323627,False,nan,nan,False,False
1494,7.47,0.004993327000192949,0.001923235999129247,9.30700025492115e-06,0.002067075000013574,0.0014881329998388537,4.975299998477567e-05,0.0029662870001629926,0.0036984120122279286,0.0020000000000000018,0.7396824024455857,11.315805706416224,0.08927804420743472,False,nan,nan,False,False
1495,7.4750000000000005,0.005007292999835045,0.0017524969998703455,8.91599938768195e-06,0.0009617890000299667,0.0011544990002221311,5.7837999520415906e-05,0.0031300820000979,0.0032893145346581847,0.0018000000000000238,0.657862906931637,17.239020514856694,0.08940824186053307,False,nan,nan,False,False
1496,7.48,0.004998776999855181,0.0018683729995245812,9.056999260792509e-06,0.0020833650005442905,0.0014304149999588844,5.255900032352656e-05,0.003025758000148926,0.003597519154113933,0.0020000000000000018,0.7195038308227865,17.8896124701087,0.08584650293821103,False,nan,nan,False,False
1497,7.485,0.005012562000047183,0.001500255999417277,8.846999662637245e-06,0.000968109999121225,0.0010743079992607818,4.777999947691569e-05,0.0034056970007441123,0.003597881101764537,0.0020000000000000018,0.7195762203529074,11.315666507242435,0.08605746212090967,False,nan,nan,False,False
1498,7.49,0.005022591999477299,0.001749791000293044,9.076999958779197e-06,0.0021084220006741816,0.0013248169998405501,4.9993999709840864e-05,0.0031137730002228636,0.0034040165088929397,0.0020000000000000018,0.6808033017785879,16.00079877062146,0.08550822657069652,False,nan,nan,False,False
1499,7.495,0.00497985099991638,0.0017802290003601229,8.987000001070555e-06,0.0009761749997778679,0.0013527889996112208,4.814000021724496e-05,0.003097472000263224,0.0036386418460950245,0.0020000000000000018,0.7277283692190049,13.908387089585801,0.09514152622215169,False,nan,nan,False,False
1500,7.5,0.004994699000235414,0.001760752999871329,8.996999895316549e-06,0.002091901999847323,0.0013639500002682325,4.7839000217209104e-05,0.0031233899999278947,0.0036701903994378333,0.0020000000000000018,0.7340380798875666,11.31371111072462,0.0871614942583949,False,nan,nan,False,False
1501,7.505,0.0050006810006379965,0.0016021659994294168,9.035999937623274e-06,0.0009687410001788521,0.0011670419999063597,4.7669000196037814e-05,0.0032678799998393515,0.003423407404019855,0.0020000000000000018,0.684681480803971,16.00031594384922,0.07929664654286883,False,nan,nan,False,False
1502,7.51,0.004986272999303765,0.001753128000018478,8.695999895280693e-06,0.0020773739997821394,0.0014162179995764745,3.5727000067709014e-05,0.003123049999885552,0.0035654520666724195,0.0020000000000000018,0.7130904133344839,15.88745422646711,0.09647365634363471,False,nan,nan,False,False
1503,7.515000000000001,0.005000030000701372,0.001514911999947799,9.117000445257872e-06,0.0009702440002001822,0.0010747399992396822,5.8820000049308874e-05,0.0034187019991804846,0.0035973260876839734,0.0020000000000000018,0.7194652175367946,11.313924141358537,0.09368866296921467,False,nan,nan,False,False
1504,7.5200000000000005,0.005050011999628623,0.00177216399970348,9.166999916487839e-06,0.0021229300000413787,0.0013282740001159254,6.397000015567755e-05,0.0030656620001536794,0.0032285212294437494,0.0018000000000000238,0.6457042458887499,17.677474780556597,0.08468257027944455,False,nan,nan,False,False
1505,7.525,0.004954723999617272,0.0018366250005783513,9.196999599225819e-06,0.0009654049999880954,0.0011868199999298668,7.012100013525924e-05,0.0030456539998340304,0.0035120265398872526,0.0020000000000000018,0.7024053079774505,17.88855660314209,0.08968374783326921,False,nan,nan,False,False
1506,7.53,0.005000030000701372,0.0019441549993644003,8.9169998318539e-06,0.002083315999698243,0.0014967080005590105,4.950200036546448e-05,0.0029373420002229977,0.0035450638238073745,0.0020000000000000018,0.7090127647614748,11.313712826286922,0.0928152016016132,False,nan,nan,False,False
1507,7.535,0.004997634999199363,0.0016041190001487848,9.047000276041217e-06,0.0009621089993743226,0.0011800360007327981,4.814000021724496e-05,0.0032785299999886774,0.003293955468150103,0.001856129045169963,0.6587910936300206,15.541264568832444,0.08656873432743033,False,nan,nan,False,False
1508,7.54,0.004998546000024362,0.0020598520004568854,8.94699951459188e-06,0.0020838760001424816,0.001464037999539869,5.782799962616991e-05,0.002881045999856724,0.003651497620037196,0.0020000000000000018,0.7302995240074392,17.003521314509925,0.08854599573573768,False,nan,nan,False,False
1509,7.545,0.00505685500047548,0.001507568999841169,9.196999599225819e-06,0.000993136999568378,0.001065312000719132,4.857000021729618e-05,0.003379239000423695,0.003721167986881408,0.0020000000000000018,0.7442335973762816,11.313720129744212,0.08364910916004314,False,nan,nan,False,False
1510,7.55,0.005003815999771177,0.0017331210001430009,8.756000170251355e-06,0.002144879999832483,0.0013156310005797422,5.023399990022881e-05,0.0031049159997564857,0.0034368210792503373,0.0020000000000000018,0.6873642158500675,15.732243827731866,0.08610406665217991,False,nan,nan,False,False
1511,7.555,0.004955385999892314,0.0018456710004102206,8.987000001070555e-06,0.0009724790006657713,0.0011933610003325157,7.05620004737284e-05,0.003024204999746871,0.0036950500203059276,0.0020000000000000018,0.7390100040611854,14.3570050246509,0.09530042055345203,False,nan,nan,False,False
1512,7.5600000000000005,0.00498546200014971,0.0017073529998015147,9.166999916487839e-06,0.0020790580001630588,0.001275405000342289,5.870000040886225e-05,0.0031753370003571035,0.003775894414617744,0.0020000000000000018,0.7551788829235487,9.646171387618933,0.09346719908064806,False,nan,nan,False,False
1513,7.565,0.005000090000066848,0.0015900030002740095,9.08699985302519e-06,0.0009573500001351931,0.0011685549998219358,4.798000009031966e-05,0.0032886589997360716,0.0036460122358091727,0.0020000000000000018,0.7292024471618345,15.931836210628594,0.0856035029725863,False,nan,nan,False,False
1514,7.57,0.004994347999854654,0.001851372000601259,9.217000297212508e-06,0.002080930000374792,0.001407933000336925,6.446999941545073e-05,0.003107389999968291,0.0037945451587638396,0.0020000000000000018,0.7589090317527679,14.85344932687549,0.09968354611474267,False,nan,nan,False,False
1515,7.575,0.005076442000245152,0.0015061559997775475,8.807000085653272e-06,0.001031920000059472,0.0010711029999583843,4.844999966735486e-05,0.0033775560004869476,0.003763933785401717,0.0020000000000000018,0.7527867570803433,8.497029812449092,0.09684847878876637,False,nan,nan,False,False
1516,7.58,0.005000379999728466,0.0017744880005921004,8.926999726099893e-06,0.002146654000171111,0.0013220220007497119,6.857799962745048e-05,0.003039442999579478,0.0034805928713517284,0.0020000000000000018,0.6961185742703457,16.000076969914907,0.09018568027885734,False,nan,nan,False,False
1517,7.585,0.00493190199995297,0.0016674080006851,9.046999366546515e-06,0.000955847000113863,0.0011865590004163096,4.799999987881165e-05,0.003209409999726631,0.003644875546353861,0.0020000000000000018,0.7289751092707722,12.81147300038831,0.09487490723186762,False,nan,nan,False,False
1518,7.59,0.0049928250000448315,0.0017066420004994143,8.977000106824562e-06,0.0020820720001211157,0.0012790419996235869,4.867099960392807e-05,0.0031793549997019,0.0036732881019265855,0.0020000000000000018,0.7346576203853171,3.6168200705340965,0.09721545198496985,False,nan,nan,False,False
1519,7.595,0.0050024840002151905,0.001762234999659995,8.947000424086582e-06,0.0009687520005172701,0.0011646870007098187,5.780800074717263e-05,0.003138007999950787,0.0035440728110110115,0.0020000000000000018,0.7088145622022023,15.64850556924056,0.0930692151144996,False,nan,nan,False,False
1520,7.6000000000000005,0.005016791000343801,0.002030826999543933,9.016999683808535e-06,0.002099726000778901,0.001432518000001437,5.761800002801465e-05,0.0029175850004321546,0.003673288100168851,0.0020000000000000018,0.7346576200337702,15.648504621563841,0.09140529675152144,False,nan,nan,False,False
1521,7.605,0.005064489999313082,0.0015118670007723267,8.846999662637245e-06,0.0010271800001646625,0.001069650000317779,4.935299966746243e-05,0.003374238999640511,0.003685540529580593,0.0020000000000000018,0.7371081059161186,3.5375398689820408,0.08882080371004766,False,nan,nan,False,False
1522,7.61,0.00500329500027874,0.0017448919998059864,9.047000276041217e-06,0.00216307400023652,0.001312934999987192,6.565300009242492e-05,0.003048761000172817,0.0034137853200160214,0.0020000000000000018,0.6827570640032044,16.000038133889145,0.09070284386862446,False,nan,nan,False,False
1523,7.615,0.0049021260001609335,0.0016577400001551723,8.435000381723512e-06,0.0009243479998986004,0.0011754880006265012,4.83109997730935e-05,0.0032354289996874286,0.0035856535986481405,0.0020000000000000018,0.717130719729628,14.580584973823736,0.09623449360316925,False,nan,nan,False,False
1524,7.62,0.005009397000321769,0.001781039999514178,9.067000064533204e-06,0.002078966999761178,0.00137219600037497,4.801999966730364e-05,0.003116486999715562,0.0036632275537184494,0.0020000000000000018,0.7326455107436898,11.313765259365823,0.08853885512015333,False,nan,nan,False,False
1525,7.625,0.005013573999349319,0.001749562000441074,9.106999641517177e-06,0.0009734000004755217,0.001154117999249138,5.761800002801465e-05,0.0031277680000130204,0.003422032541773651,0.0020000000000000018,0.6844065083547302,15.18360693848233,0.08805115023089932,False,nan,nan,False,False
1526,7.63,0.004994077999981528,0.001926372000525589,8.856999556883238e-06,0.002083315000163566,0.0014612320001106127,5.592400066234404e-05,0.002959843999633449,0.003591022774927462,0.0020000000000000018,0.7182045549854923,13.886819653699703,0.09524483918409582,False,nan,nan,False,False
1527,7.635,0.005002173000320909,0.0015289490002032835,9.026999578054529e-06,0.0009485640002822038,0.0011057269994125818,4.827000066143228e-05,0.003348180999637407,0.0036329857285372453,0.0020000000000000018,0.726597145707449,8.000054628228119,0.09573705217256842,False,nan,nan,False,False
1528,7.640000000000001,0.004993737999939185,0.001827336000133073,8.987000001070555e-06,0.0020697410000138916,0.0013913310003772494,6.659500013483921e-05,0.0030578480000258423,0.0034187117844695,0.0020000000000000018,0.6837423568939001,16.0000818311899,0.08368095777260944,False,nan,nan,False,False
1529,7.6450000000000005,0.005001251000066986,0.001681112999904144,9.206999493471812e-06,0.0009132269997280673,0.001190084999507235,5.8630000239645597e-05,0.003202298000360315,0.0035707619704317844,0.0020000000000000018,0.7141523940863569,15.02004975469512,0.08694338036785741,False,nan,nan,False,False
1530,7.65,0.005000399999516958,0.0017726750002111658,9.08699985302519e-06,0.0020539699999062577,0.0013742800001637079,4.788899968843907e-05,0.003122508000160451,0.0036479590070389502,0.0020000000000000018,0.7295918014077899,11.313817082161606,0.09369410584674479,False,nan,nan,False,False
1531,7.655,0.005012182000427856,0.0015987589995347662,8.955999874160625e-06,0.0009703740006443695,0.0011567430001377943,4.8181000238400884e-05,0.003268482000748918,0.003461017438006325,0.0020000000000000018,0.692203487601265,16.00008294878092,0.09207472965474923,False,nan,nan,False,False
1532,7.66,0.004984049000086088,0.001728581999486778,9.157000022241846e-06,0.0020739580004374147,0.0013193370004955796,5.893100023968145e-05,0.003167133000715694,0.0035974128141786628,0.0020000000000000018,0.7194825628357326,16.000005934028092,0.08745393790431753,False,nan,nan,False,False
1533,7.665,0.005012382999666443,0.0014931510004316806,9.067000064533204e-06,0.0009199800006172154,0.00106655400031741,4.810999962501228e-05,0.0033918629997060634,0.0036740497728048284,0.0020000000000000018,0.7348099545609657,11.313709657830673,0.0884619642951578,False,nan,nan,False,False
1534,7.67,0.005002243000490125,0.001768376999280008,8.977000106824562e-06,0.0020788780002476415,0.0013487819996953476,5.7236999964516144e-05,0.0031180300002233707,0.0034901832915005307,0.0020000000000000018,0.6980366583001062,13.85641673494929,0.09372882436241568,False,nan,nan,False,False
1535,7.675,0.00500389599983464,0.0016883270000107586,8.777000402915291e-06,0.00096726799984026,0.0012157229994045338,4.798000009031966e-05,0.003179786000146123,0.0035671903947188483,0.0020000000000000018,0.7134380789437696,12.147574164135385,0.09945147998220837,False,nan,nan,False,False
1536,7.68,0.00498465100008616,0.001952049999999872,9.017000593303237e-06,0.0015096930001163855,0.001517226999567356,4.9712999498296995e-05,0.0029328439995879307,0.003630999629644032,0.0020000000000000018,0.7261999259288063,9.499544611628687,0.09068259917063339,False,nan,nan,False,False
1537,7.6850000000000005,0.005001933000130521,0.0017557419996592216,9.127000339503866e-06,0.0009310400000686059,0.0011516230006236583,5.756700011261273e-05,0.00312869099980162,0.003665496052235421,0.0020000000000000018,0.7330992104470841,11.31373556929873,0.08329154757088522,False,nan,nan,False,False
1538,7.69,0.005000309000024572,0.0018491880000510719,9.08699985302519e-06,0.002065071999822976,0.001388976999805891,6.67750000502565e-05,0.0030542509994120337,0.0036712505497665947,0.0020000000000000018,0.734250109953319,1.748601452998393,0.09393933822136459,False,nan,nan,False,False
1539,7.695,0.005018713999561442,0.001678628999798093,8.9169998318539e-06,0.0009743820000949199,0.0010717940003814874,6.468100036727265e-05,0.0032082690004244796,0.0036442866676636757,0.0020000000000000018,0.7288573335327352,3.6847211289080057,0.09755854049391213,False,nan,nan,False,False
1540,7.7,0.00500297500002489,0.0017590890001883963,8.736000381759368e-06,0.0021029919998909463,0.001336540000011155,6.0442999711085577e-05,0.0031165270002020407,0.0036638827267577137,0.0020000000000000018,0.7327765453515427,5.534856246793025,0.0872483522843921,False,nan,nan,False,False
1541,7.705,0.004992224000488932,0.001850409999860858,9.006999789562542e-06,0.0009686710000096355,0.0011806980000983458,6.579399996553548e-05,0.0030183239996404154,0.0036508525811510635,0.0020000000000000018,0.7301705162302127,1.6351744163313597,0.08622655730414884,False,nan,nan,False,False
1542,7.71,0.004984560999218957,0.0016986360005830647,8.816000445222016e-06,0.002073427000141237,0.001268611999876157,4.8830999730853364e-05,0.003183361999617773,0.003652088698079576,0.0020000000000000018,0.7304177396159152,0.2117325345973476,0.09271260918230685,False,nan,nan,False,False
1543,7.715,0.004998055000214663,0.0015847740005483502,1.3445000149658881e-05,0.0009890199999063043,0.001141134000135935,4.908200025965925e-05,0.003290842999376764,0.003638751198051504,0.0020000000000000018,0.7277502396103007,2.6016002920488894,0.09780128843721558,False,nan,nan,False,False
1544,7.72,0.004984459999832325,0.0017015620005622623,8.445999810646754e-06,0.0021232700000837212,0.0012844619996030815,5.904000045120483e-05,0.0031926189994919696,0.003636312871548553,0.0020000000000000018,0.7272625743097105,0.4003760814813008,0.0919358438891041,False,nan,nan,False,False
1545,7.7250000000000005,0.005003496000426821,0.0016272829998342786,8.315999366459437e-06,0.0009529520002615754,0.0010850789994947263,5.1626000640681013e-05,0.003297614999610232,0.0036223701916657585,0.0020000000000000018,0.7244740383331518,3.164434467780776,0.0910111132807543,False,nan,nan,False,False
1546,7.73,0.005034322999563301,0.0016389550000894815,8.555999556847382e-06,0.0020495019998634234,0.001219710999976087,4.8891999540501274e-05,0.003217065000171715,0.0036249231893011585,0.0020000000000000018,0.7249846378602317,0.8958135252133471,0.09777185371666347,False,nan,nan,False,False
1547,7.735,0.004965836000337731,0.0017410950003977632,8.586000149080064e-06,0.0008535759998267167,0.0013127940001140814,4.9002000196196605e-05,0.00314822699965589,0.003598820643997859,0.0020000000000000018,0.7197641287995717,5.692458388542325,0.09756562530504556,False,nan,nan,False,False
1548,7.74,0.004998716000045533,0.0017180630002258113,8.625999726064038e-06,0.0019434739997450379,0.001309619000494422,4.899200030195061e-05,0.0031730430000607157,0.003611723048205226,0.0020000000000000018,0.7223446096410453,2.6120381123177827,0.08980395510246565,False,nan,nan,False,False
1549,7.745,0.005000150000341819,0.0018426149999868358,8.40600023366278e-06,0.0007478879997506738,0.0013953890002085245,6.685500011371914e-05,0.0031584259995725006,0.0035789023281388942,0.0020000000000000018,0.7157804656277788,8.28591443831695,0.0914706197247652,False,nan,nan,False,False
1550,7.75,0.005110534999403171,0.0014846260000922484,8.43599991640076e-06,0.00021844799994141795,0.001084397999875364,4.963300034432905e-05,0.0033397750003132387,0.00359715575673749,0.0020000000000000018,0.719431151347498,4.5207388622188,0.09385700340909182,False,nan,nan,False,False
1551,7.755,0.004934737999974459,0.001742698000271048,8.515999979863409e-06,0.0007288830001925817,0.001107179999962682,0.00022563199945579981,0.003275584999755665,0.00357143369462348,0.0020000000000000018,0.714286738924696,8.392575313043539,0.09817753773442194,False,nan,nan,False,False
1552,7.76,0.005136454000421509,0.00164283100002649,9.016999683808535e-06,0.00024052900062088156,0.0011834219994852901,5.680600042978767e-05,0.0030725859996891813,0.0035878405268915986,0.0020000000000000018,0.7175681053783197,5.973801926323727,0.0990125861328205,False,nan,nan,False,False
1553,7.765000000000001,0.004832314999475784,0.0017766330001904862,9.026999578054529e-06,0.0006270029998631799,0.001349393000054988,4.875100057688542e-05,0.0031166469998424873,0.003570574316077334,0.0020000000000000018,0.7141148632154669,8.756546533464167,0.09024592994509438,False,nan,nan,False,False
1554,7.7700000000000005,0.005023443000027328,0.0019048419999307953,1.1310999980196357e-05,0.0017334009999103728,0.0014782649996050168,4.876100047113141e-05,0.0029662460001418367,0.0035848200236183133,0.0020000000000000018,0.7169640047236626,9.070515264971979,0.09340044971037956,False,nan,nan,False,False
1555,7.775,0.004987957000594179,0.0018204939997303882,9.016999683808535e-06,0.0005929589997322182,0.001387184000122943,6.402999952115351e-05,0.003055402999962098,0.00357791512892368,0.0020000000000000018,0.715583025784736,9.838739416130279,0.10060686681990258,False,nan,nan,False,False
1556,7.78,0.00499770499936858,0.0016384330001528724,1.2032000086037442e-05,0.0016729179997128085,0.0011961560003328486,4.818999968847493e-05,0.0032927070005825954,0.0035768131707078353,0.0020000000000000018,0.7153626341415671,8.040628246489371,0.09827628666370665,False,nan,nan,False,False
1557,7.785,0.005047858000580163,0.0015928789998724824,8.816999979899265e-06,0.0011399320001146407,0.0011898650000148336,4.7788999836484436e-05,0.0032922259997576475,0.0035784812487017325,0.0020000000000000018,0.7156962497403464,10.462051550187763,0.09077372867457527,False,nan,nan,False,False
1558,7.79,0.005009898000025714,0.001758198000061384,1.1281000297458377e-05,0.002221443999587791,0.0013216910001574433,6.463099998654798e-05,0.0030608929992013145,0.0035689139330666655,0.0020000000000000018,0.7137827866133332,2.1386119781095076,0.09524031130548641,False,nan,nan,False,False
1559,7.795,0.004934866999974474,0.001709035999738262,8.926999726099893e-06,0.001076542999726371,0.001239237999470788,4.845000057684956e-05,0.0031718299997010035,0.0035598691796190325,0.0020000000000000018,0.7119738359238065,8.28563126364331,0.09604947165985217,False,nan,nan,False,False
1560,7.8,0.0049961919994530035,0.0017717430000629975,1.4397000086319167e-05,0.00215930699960154,0.0013701319994652295,4.8269999751937576e-05,0.0031237009998221765,0.0035642793279075323,0.0020000000000000018,0.7128558655815065,5.812707566627746,0.08873871592584848,False,nan,nan,False,False
1561,7.805000000000001,0.005011772000216297,0.0017040160000760807,8.996999895316549e-06,0.0010928130004685954,0.0012898310005766689,5.414099996414734e-05,0.0031700469999123015,0.003563830285190994,0.0020000000000000018,0.7127660570381987,8.56056084222642,0.0899917536026845,False,nan,nan,False,False
1562,7.8100000000000005,0.004990481000277214,0.0018369649997111992,8.965999768406618e-06,0.0021483270002136123,0.0014050169993424788,6.316800045169657e-05,0.0031156149998423643,0.0035606253816252336,0.0020000000000000018,0.7121250763250467,7.1589841058187575,0.09477936475412042,False,nan,nan,False,False
1563,7.815,0.005068997999842395,0.0016005529996618861,8.886000614438672e-06,0.0011440589996709605,0.0011850359996969928,4.893200002697995e-05,0.003278119000242441,0.003570278498018322,0.0020000000000000018,0.7140556996036643,8.46366246307612,0.09524433855321526,False,nan,nan,False,False
1564,7.82,0.004995059999600926,0.0017540500002724002,1.0809999366756529e-05,0.0021948640005575726,0.0013225730008343817,6.438099990191404e-05,0.003068887999688741,0.0035673186020036196,0.0020000000000000018,0.7134637204007239,1.213472013585217,0.09226916747760897,False,nan,nan,False,False
1565,7.825,0.004940137000630784,0.0018619610000314424,9.05700017028721e-06,0.0010874529998545768,0.0014099259997237823,4.922199968859786e-05,0.003020748999915668,0.0035681599738190952,0.0020000000000000018,0.7136319947638189,8.084001460256072,0.09046995239337133,False,nan,nan,False,False
1566,7.83,0.005000129000109155,0.0017845669999587699,1.5078000615176279e-05,0.0021591969998553395,0.0013684679997822968,4.952199924446177e-05,0.003106137999566272,0.0035656834966994195,0.0020000000000000018,0.7131366993398838,7.027900143093263,0.09654574230984128,False,nan,nan,False,False
1567,7.835,0.005007863999708206,0.0018191620001744013,8.867000360623933e-06,0.0010897980000663665,0.0013736689998040674,6.341900007100776e-05,0.0030537699994965806,0.003565314409624784,0.0020000000000000018,0.7130628819249568,4.62738739376917,0.09556303691775533,False,nan,nan,False,False
1568,7.84,0.004990000999896438,0.0019844099997499143,1.4967999959480949e-05,0.002158766000320611,0.0015418830007547513,4.989299941371428e-05,0.00297715699980472,0.003572589697655633,0.0020000000000000018,0.7145179395311265,1.920464648557034,0.0870438742219546,False,nan,nan,False,False
1569,7.845,0.005077523000181827,0.0016851319996931124,8.816999979899265e-06,0.0011473449994809926,0.0010803499999383348,5.4603000535280444e-05,0.0031332380003732396,0.0035705621367274213,0.0020000000000000018,0.7141124273454842,2.4646811300344065,0.08456941524946922,False,nan,nan,False,False
1570,7.8500000000000005,0.004934737999974459,0.0016430819996458013,9.157000022241846e-06,0.002158295999834081,0.0012401580006553559,4.890099990007002e-05,0.00322673400023632,0.003574671610877851,0.0020000000000000018,0.7149343221755702,6.0323298202021975,0.09441729495156928,False,nan,nan,False,False
1571,7.855,0.004986433999874862,0.0017770929998732754,8.826999874145258e-06,0.0009653449997131247,0.0011816389996965881,5.048499951954e-05,0.003116226000202005,0.003538245391258881,0.0020000000000000018,0.7076490782517761,6.481884440997627,0.09404312104090284,False,nan,nan,False,False
1572,7.86,0.005009796999729588,0.001737850000608887,8.905999493435957e-06,0.002096500000334345,0.0013409570001385873,4.803999945579562e-05,0.003135211999506282,0.003574986665873953,0.0020000000000000018,0.7149973331747906,3.8254911845829813,0.08946187317468876,False,nan,nan,False,False
1573,7.865,0.004990361000636767,0.0016189369998755865,8.926000191422645e-06,0.0009655350004322827,0.0011799659996540868,4.8520000746066216e-05,0.0032747340001151315,0.00350317318369983,0.0020000000000000018,0.7006346367399661,6.250038753604094,0.08909686159494253,False,nan,nan,False,False
1574,7.87,0.005011770999772125,0.0017208580002261442,9.126999430009164e-06,0.002051616000244394,0.0013055609997536521,4.781900042871712e-05,0.0031275479996111244,0.0035740144877381965,0.0020000000000000018,0.7148028975476393,6.713485677111604,0.09224263130558456,False,nan,nan,False,False
1575,7.875,0.004965033999724255,0.0015541459997621132,9.126999430009164e-06,0.0008853449999151053,0.0011107069994977792,4.8299999434675556e-05,0.003293258000667265,0.003478182243313476,0.0020000000000000018,0.6956364486626951,9.692777417720572,0.09499767530380389,False,nan,nan,False,False
1576,7.88,0.004910301000563777,0.0013947079996796674,5.529999725695234e-06,0.0018578839999463526,0.0010243460001220228,4.822000028070761e-05,0.0035413819996392704,0.0035709938839965,0.0020000000000000018,0.7141987767992999,9.159871403964427,0.08945019093569732,False,nan,nan,False,False
1577,7.885,0.004994328999600839,0.0013266810001368867,5.399999281507917e-06,0.0007275099997059442,0.0008757179994063335,4.40419998994912e-05,0.0036110209994149045,0.0034805187820192733,0.0020000000000000018,0.6961037564038547,9.898767998853954,0.08964766922734194,False,nan,nan,False,False
1578,7.890000000000001,0.004997795000235783,0.0013558649998230976,4.959000762028154e-06,0.001837496000007377,0.0010014429999500862,4.384199928608723e-05,0.003585313999792561,0.0035633012934816574,0.0020000000000000018,0.7126602586963314,10.561221197601785,0.09287458819186445,False,nan,nan,False,False
1579,7.8950000000000005,0.004999568000130239,0.0012367219997031498,5.100000635138713e-06,0.0005928180007686024,0.0008403609999731998,4.332099979365012e-05,0.003703895999933593,0.0034838596601677978,0.0020000000000000018,0.6967719320335596,11.58409339776084,0.0952816899363516,False,nan,nan,False,False
1580,7.9,0.004997684999580088,0.0013087369998174836,4.798999725608155e-06,0.0018336079992877785,0.0009712860000945511,4.3060999814770184e-05,0.003633925000031013,0.003549456423722529,0.0020000000000000018,0.7098912847445058,13.074835764342428,0.09466948033378136,False,nan,nan,False,False
1581,7.905,0.005000099000426417,0.002240699999674689,4.759000148624182e-06,0.0006255990001591272,0.0018405109995001112,5.1836999773513526e-05,0.0027035049997721217,0.003484029235961687,0.0020000000000000018,0.6968058471923373,13.087501390412909,0.08712825423820669,False,nan,nan,False,False
1582,7.91,0.005003405999559618,0.001332951999756915,4.9390000640414655e-06,0.0017416159998902003,0.0009845710001172847,4.236899985698983e-05,0.003610079999816662,0.0035419001122786583,0.0020000000000000018,0.7083800224557316,13.856428231311936,0.09347110355308802,False,nan,nan,False,False
1583,7.915,0.005003285000384494,0.0013275419996716664,4.679000085161533e-06,0.0006470200005423976,0.0008425460000580642,4.228899979352718e-05,0.0036076160004085978,0.003480553718413115,0.0020000000000000018,0.6961107436826229,13.562503717895247,0.09146819370235156,False,nan,nan,False,False
1584,7.92,0.004992003999177541,0.0015086710000105086,4.3179998101550154e-06,0.001565317000313371,0.0010321899999325979,4.414199975144584e-05,0.0034461740006008768,0.003539217044728571,0.0020000000000000018,0.7078434089457142,13.85640689891918,0.0941703447726396,False,nan,nan,False,False
1585,7.925,0.005017893000513141,0.0013021049999224488,5.189999683352653e-06,0.0005790730001535849,0.0009066349994100165,4.17179999203654e-05,0.0036195669999870006,0.0034767140089164124,0.0020000000000000018,0.6953428017832824,13.528065566985745,0.0881379348408801,False,nan,nan,False,False
1586,7.930000000000001,0.0049867440002344665,0.0013148789994374965,4.75899923912948e-06,0.0017045670001607505,0.0009618690000934293,5.1977000111946836e-05,0.0036211910000929493,0.0035362657711241765,0.0020000000000000018,0.7072531542248351,13.856406482086733,0.09307123230355795,False,nan,nan,False,False
1587,7.9350000000000005,0.004995550999410625,0.0012955720003446913,4.899000487057492e-06,0.0004779939999934868,0.0008472749996144557,4.522499966697069e-05,0.0036464790000536595,0.0034722010266882227,0.0020000000000000018,0.6944402053376445,13.466113228009,0.0934323986592214,False,nan,nan,False,False
1588,7.94,0.004997755000658799,0.00137582199931785,4.679000085161533e-06,0.0015819079999346286,0.0010036769999715034,4.762899970955914e-05,0.0035698750007213675,0.0035328152578544283,0.0020000000000000018,0.7065630515708856,13.856406527468327,0.08947804202245642,False,nan,nan,False,False
1589,7.945,0.005007372999898507,0.001173804999780259,4.859000000578817e-06,0.001036458000271523,0.0008350320003955858,4.005499977211002e-05,0.003819651999947382,0.003468879773648117,0.0020000000000000018,0.6937759547296233,13.562247747180322,0.09156765690642882,False,nan,nan,False,False
1590,7.95,0.0051229189994046465,0.0017805390007197275,1.1310999980196357e-05,0.0017353349994664313,0.0013803009996991022,4.777899994223844e-05,0.003110134999587899,0.0035302891040196057,0.0020000000000000018,0.7060578208039211,13.856406573870059,0.09611313229236365,False,nan,nan,False,False
1591,7.955,0.005008314000406244,0.0017215990001204773,8.836999768391252e-06,0.0011671030006255023,0.001310209999246581,5.935100034548668e-05,0.0031487779997405596,0.0034679196875825893,0.0020000000000000018,0.6935839375165178,13.769222214671219,0.08580151107700004,False,nan,nan,False,False
1592,7.96,0.005000420000214945,0.0017236229996342445,1.1561000064830296e-05,0.0017222300002686097,0.0013211710001996835,4.859100044996012e-05,0.003179024000019126,0.003529561011863152,0.0020000000000000018,0.7059122023726304,13.856406650981299,0.09217779882283009,False,nan,nan,False,False
1593,7.965,0.005018854999434552,0.0016374010001527495,9.08699985302519e-06,0.001133950000621553,0.0010960490008073975,5.1385999540798366e-05,0.0032480939999004477,0.0034622670318960637,0.0020000000000000018,0.6924534063792127,13.35295600629785,0.09451783560730205,False,nan,nan,False,False
1594,7.97,0.005010048000258394,0.001734323000164295,1.160200008598622e-05,0.002235109000139346,0.0013130259994795779,4.983300004823832e-05,0.0031244519996107556,0.0035252948264616227,0.0020000000000000018,0.7050589652923245,13.85640715281113,0.08804388102742979,False,nan,nan,False,False
1595,7.9750000000000005,0.00497669499964104,0.001698857000519638,9.05700017028721e-06,0.0011006190006810357,0.0012306309999985388,4.789000013261102e-05,0.0031621819998690626,0.003458586993806831,0.0020000000000000018,0.6917173987613662,13.517064118331582,0.08646377199708805,False,nan,nan,False,False
1596,7.98,0.004977397000402561,0.001901354999972682,8.916000297176652e-06,0.002143618000445713,0.0014689259996885085,4.943200019624783e-05,0.0030045180001252447,0.003522537089866234,0.0020000000000000018,0.7045074179732468,13.856407285140067,0.09396063689798094,False,nan,nan,False,False
1597,7.985,0.005022891999942658,0.0016069949997472577,8.846999662637245e-06,0.0010061610000775545,0.0011785439992308966,4.798000009031966e-05,0.0032547159999012365,0.003455285353709362,0.0020000000000000018,0.6910570707418723,13.546242610381352,0.09404752454405876,False,nan,nan,False,False
1598,7.99,0.004978097999810416,0.0018664400004126946,9.266999768442474e-06,0.002085107999846514,0.0014188129998728982,6.581300021935022e-05,0.003064239999730489,0.003520076950372376,0.0020000000000000018,0.7040153900744751,13.856406499525555,0.0856478240901417,False,nan,nan,False,False
1599,7.995,0.0050486199997976655,0.0015125080008147052,9.007000699057244e-06,0.0010066830000141636,0.0010802200004036422,4.8460000471095555e-05,0.00337086299987277,0.0034529100300396795,0.0020000000000000018,0.6905820060079358,13.628708455730287,0.0859170712933238,False,nan,nan,False,False
1600,8.0,0.004999178000616666,0.0017960479999601375,9.166999916487839e-06,0.002131225000084669,0.0013605539998025051,6.641399977524998e-05,0.0030438209996646037,0.003513744538377893,0.0020000000000000018,0.7027489076755786,13.672984127413102,0.09124534972283606,False,nan,nan,False,False
1601,8.005,0.004955675999553932,0.001666455999838945,8.897000043361913e-06,0.0009597139996913029,0.0011885120002261829,4.7839000217209104e-05,0.003212517000065418,0.003446709197951188,0.0020000000000000018,0.6893418395902375,13.661375418489934,0.09283217982520048,False,nan,nan,False,False
1602,8.01,0.004996702999960689,0.0019188880005458486,9.076999958779197e-06,0.002075501000035729,0.0014777730002606404,4.966300002706703e-05,0.0029693919996134355,0.003512259670381626,0.0020000000000000018,0.7024519340763251,13.856417041509777,0.08551909886963484,False,nan,nan,False,False
1603,8.015,0.005004827999982808,0.0017558930003360729,9.02700048754923e-06,0.0009561180004311609,0.0011580359996514744,5.7688000197231304e-05,0.0031286800003726967,0.0034432314705442474,0.0020000000000000018,0.6886462941088495,13.51813207956631,0.08701813364302735,False,nan,nan,False,False
1604,8.02,0.00500119100070151,0.0018517529997552629,8.94699951459188e-06,0.002085830999931204,0.0014153669999359408,6.600300002901349e-05,0.0030222710001908126,0.003473212006714507,0.0020000000000000018,0.6946424013429012,12.535943435179465,0.09170917555805497,False,nan,nan,False,False
1605,8.025,0.004982546999599435,0.0015316039998651831,8.215999514504801e-06,0.0009601149995432934,0.0010930739999821526,4.8351000259572174e-05,0.003424071999688749,0.0034098436155949436,0.0020000000000000018,0.6819687231189887,13.85640677421106,0.09457590266949809,False,nan,nan,False,False
1606,8.03,0.00507236399971589,0.0017400740007360582,9.046999366546515e-06,0.0021447799999805284,0.0013223730002209777,4.995299968868494e-05,0.0031003869999040035,0.003473211996910487,0.0020000000000000018,0.6946423993820973,13.856406514386576,0.08716612808600714,False,nan,nan,False,False
1607,8.035,0.0049561169998924015,0.0019149010004184674,8.867000360623933e-06,0.000969764000728901,0.0012246389997017104,5.7326999922224786e-05,0.002957570000035048,0.003409843621237442,0.0020000000000000018,0.6819687242474884,13.856406909299864,0.08906417286813666,False,nan,nan,False,False
1608,8.040000000000001,0.004989309000848152,0.0019932069999413216,9.267999303119723e-06,0.0020821230000365176,0.0014680860003863927,5.0955000006069895e-05,0.0028876399992441293,0.0034297528056065636,0.0020000000000000018,0.6859505611213127,11.932267050030154,0.08946571737231615,False,nan,nan,False,False
1609,8.045,0.004996823999135813,0.0017540700000608922,9.006999789562542e-06,0.0009616380002626101,0.0011659600004350068,5.786900055682054e-05,0.003132847000415495,0.003430008098933204,0.0020000000000000018,0.6860016197866408,13.856429475544484,0.09225988869350578,False,nan,nan,False,False
1610,8.05,0.005004055999961565,0.0018720410007517785,9.007000699057244e-06,0.002090338000016345,0.0014184020001266617,4.925199937133584e-05,0.0030748589997529052,0.0035986590955770312,0.0020000000000000018,0.7197318191154062,12.568894898850093,0.0833470960808703,False,nan,nan,False,False
1611,8.055,0.005063869000878185,0.0016688799996700254,9.006999789562542e-06,0.0010267499992551166,0.001064048999978695,5.455200061987853e-05,0.0032166749997486477,0.003646552708694761,0.0020000000000000018,0.729310541738952,13.85641687800535,0.08244045705181136,False,nan,nan,False,False
1612,8.06,0.005002783999771054,0.001544848999401438,8.977000106824562e-06,0.0021353629999794066,0.00111734899928706,4.735899983643321e-05,0.003264644000410044,0.0034431298387757343,0.0020000000000000018,0.6886259677551467,13.856406525991748,0.08696154474020835,False,nan,nan,False,False
1613,8.065,0.004925549999825307,0.0016944789995250176,8.927000635594595e-06,0.0009647139995649923,0.0011972889997196035,5.325999973138096e-05,0.003191166000760859,0.0035159838946365782,0.0020000000000000018,0.7031967789273156,13.856406461743026,0.09193696896077172,False,nan,nan,False,False
1614,8.07,0.005001892999644042,0.001920601000165334,8.955999874160625e-06,0.002038642000115942,0.0014835440006208955,4.911199994239723e-05,0.0029659860001629568,0.003443129839691898,0.0020000000000000018,0.6886259679383795,13.85640649541929,0.08865141228731396,False,nan,nan,False,False
1615,8.075,0.005003414999919187,0.0017751790001057088,8.746000276005361e-06,0.0009534129994790419,0.0011732039993148646,5.79289999222965e-05,0.003121938000731461,0.003515983922544112,0.0020000000000000018,0.7031967845088224,13.856412781838504,0.08474595799531202,False,nan,nan,False,False
1616,8.08,0.005014907000258972,0.001754871000230196,8.877000254869927e-06,0.0020940559998052777,0.0013466480004353798,4.9311999646306504e-05,0.0031267570002455614,0.00341535174842507,0.0020000000000000018,0.6830703496850139,12.220009124668277,0.09181575751382516,False,nan,nan,False,False
1617,8.085,0.00499771500017232,0.001505786000052467,8.977000106824562e-06,0.0009666670002843603,0.0010803599998325808,4.82300001749536e-05,0.0034442300002410775,0.003469839099256347,0.0020000000000000018,0.6939678198512693,12.750496164711103,0.09315981565397402,False,nan,nan,False,False
1618,8.09,0.005067965999842272,0.001783225000508537,9.006999789562542e-06,0.002167252999242919,0.0013350769995668088,6.577300064236624e-05,0.003019414999471337,0.0035039785038971463,0.0020000000000000018,0.7007957007794292,13.856406476868177,0.08884803369786376,False,nan,nan,False,False
1619,8.095,0.004919459000120696,0.0017719229999784147,8.815999535727315e-06,0.0009473820000494015,0.0013455460002660402,4.76889999845298e-05,0.0031209549997583963,0.003599650387016676,0.0020000000000000018,0.7199300774033351,13.85640674902638,0.08844827146272938,False,nan,nan,False,False
1620,8.1,0.005009405999771843,0.0018027209998763283,8.9169998318539e-06,0.0020810810001421487,0.001376533999973617,6.0012000176357105e-05,0.0030688990000271588,0.003503978488824294,0.0020000000000000018,0.7007956977648587,13.856410600144583,0.09155184258475058,False,nan,nan,False,False
1621,8.105,0.004987196000001859,0.0018371350006418652,8.985999556898605e-06,0.0008980189995781984,0.0013900389994887519,6.33489999017911e-05,0.003049651999390335,0.003599650370045898,0.0020000000000000018,0.7199300740091795,13.856406961945673,0.09181290181775108,False,nan,nan,False,False
1622,8.11,0.005003725999813469,0.0018439280001985026,8.945999979914632e-06,0.001964884000699385,0.0014092849996814039,6.334800036711385e-05,0.003128328999991936,0.003503978541915135,0.0020000000000000018,0.700795708383027,13.856414382842312,0.08085341810902662,False,nan,nan,False,False
1623,8.115,0.005088585000521562,0.0017741069996191072,9.076999958779197e-06,0.0009254399992641993,0.0013306190003277152,6.340900017676177e-05,0.003111367000201426,0.0035996503623623713,0.0020000000000000018,0.7199300724724742,13.85642184388307,0.08797862443790727,False,nan,nan,False,False
1624,8.120000000000001,0.005002183000215155,0.0017584179995537852,9.076999958779197e-06,0.002061244000287843,0.0013235649994385312,6.49820003673085e-05,0.0030400739997276105,0.003624050227948422,0.0020000000000000018,0.7248100455896844,12.394802615449846,0.0912896976002525,False,nan,nan,False,False
1625,8.125,0.004925148999973317,0.0019304090001242002,8.886999239621218e-06,0.0008572030001232633,0.0014538680006808136,5.018399951950414e-05,0.002940167999440746,0.0037341645581168755,0.0020000000000000018,0.7468329116233751,13.85641528205899,0.09210049245697925,False,nan,nan,False,False
1626,8.13,0.004980042000170215,0.0016636299997117021,7.913999979791697e-06,0.0019120049992125132,0.0012192300000606338,4.868099949817406e-05,0.0032116860002133762,0.0036240502274550515,0.0020000000000000018,0.7248100454910102,13.856419574700686,0.09118281287983776,False,nan,nan,False,False
1627,8.135,0.004984689999218972,0.0018360030007897876,8.286000593216158e-06,0.0007345829999394482,0.0013928650005254894,6.320800002868054e-05,0.0031173289999060216,0.0037341645343790452,0.0020000000000000018,0.7468329068758089,13.856408620159126,0.09069989548977009,False,nan,nan,False,False
1628,8.14,0.005070561000138696,0.0015573919999951613,9.196999599225819e-06,0.0002015569998548017,0.0011364250003680354,4.978299966751365e-05,0.00327207800000906,0.0036240502752516897,0.0020000000000000018,0.7248100550503378,13.856416528272154,0.09465306576761216,False,nan,nan,False,False
1629,8.145,0.004940216999784752,0.0017341630000373698,8.445999810646754e-06,0.0006882869993205532,0.0013100000005579204,5.063400021754205e-05,0.0031494990007558954,0.0035108325936342995,0.0020000000000000018,0.7021665187268598,11.36544298831654,0.09530999670889882,False,nan,nan,False,False
1630,8.15,0.004991253000298457,0.0016687910001564887,9.73799978964962e-06,0.0017280809997828328,0.0012503069992817473,5.06349997522193e-05,0.003230800999517669,0.0034270788869007157,0.0020000000000000018,0.6854157773801431,13.856407078218414,0.09289115795977977,False,nan,nan,False,False
1631,8.155,0.005014907000258972,0.0017713229999571922,8.9169998318539e-06,0.001153837999481766,0.0013505560000339756,4.837099913856946e-05,0.003119291999610141,0.003536225557325737,0.0020000000000000018,0.7072451114651472,12.054890596950536,0.09394489197278975,False,nan,nan,False,False
1632,8.16,0.0050207579997731955,0.0018178800000896445,1.1250999705225695e-05,0.001732619999529561,0.0013867030002074898,7.440900026267627e-05,0.0030450630001723766,0.003458641020973986,0.0020000000000000018,0.6917282041947972,13.856408371354572,0.09230469467739744,False,nan,nan,False,False
1633,8.165000000000001,0.004979391000233591,0.0018412330000501242,9.136999324255157e-06,0.0011166679996676976,0.0013946380004199455,7.34369996280293e-05,0.0030438710000453284,0.0034428835597136863,0.0020000000000000018,0.6885767119427372,11.402555236938587,0.09544192962248856,False,nan,nan,False,False
1634,8.17,0.005009896999581542,0.0018851949998861528,1.1782000001403503e-05,0.001677145999565255,0.0014452020004682709,4.956300017511239e-05,0.003007244000400533,0.0033771230800165703,0.0020000000000000018,0.675424616003314,13.856407613081965,0.08748012566836183,False,nan,nan,False,False
1635,8.175,0.0050085760003639734,0.001699577000181307,8.996999895316549e-06,0.0005381360006140312,0.001102822000575543,5.755799975304399e-05,0.0031873699999778182,0.003458562248108631,0.0020000000000000018,0.6917124496217261,12.737390689025823,0.08612428714808104,False,nan,nan,False,False
1636,8.18,0.005008715000258235,0.0017520559995318763,1.1701999937940855e-05,0.0016280440004265984,0.0013345849993129377,5.0163000196334906e-05,0.0031198540000332287,0.0033962701199574006,0.0020000000000000018,0.67925402399148,13.856425386413012,0.08922246477852526,False,nan,nan,False,False
1637,8.185,0.004988116999811609,0.0016850209995027399,8.736000381759368e-06,0.0010068430001410889,0.0011958760005654767,4.8260000767186284e-05,0.0031798750005691545,0.0032312733550585475,0.0020000000000000018,0.6462546710117094,12.891837146459386,0.08556448727139666,False,nan,nan,False,False
1638,8.19,0.004984108999451564,0.0017869720004455303,9.106999641517177e-06,0.0020831150004596566,0.0013754720002907561,5.9500999668671284e-05,0.0031087529996511876,0.00321184229423658,0.0020000000000000018,0.642368458847316,13.856407721867374,0.08604262327222943,False,nan,nan,False,False
1639,8.195,0.005012683000131801,0.0017583580001883092,9.246999979950488e-06,0.000978890000624233,0.0011635860000751563,5.721700017602416e-05,0.0031303329997172114,0.0032312733236722797,0.0020000000000000018,0.6462546647344559,13.85641134228896,0.08366338175416187,False,nan,nan,False,False
1640,8.2,0.005004859000109718,0.0017042959998434526,9.157000022241846e-06,0.002095427999847743,0.0012962230002813158,4.836999960389221e-05,0.0031933210002534906,0.00321184228300864,0.0020000000000000018,0.6423684566017279,13.856407788270133,0.08216504553703398,False,nan,nan,False,False
1641,8.205,0.005014977000428189,0.001662869000028877,9.067000064533204e-06,0.0010015320003731176,0.001078967000466946,5.7748000472201966e-05,0.0032210529998337734,0.0031199708457778177,0.0020000000000000018,0.6239941691555635,10.84444048738414,0.08446429806162947,False,nan,nan,False,False
1642,8.21,0.005000610000024608,0.001813159999983327,8.955999874160625e-06,0.002112209000188159,0.0013675569998667925,7.781499971315498e-05,0.003039723999791022,0.003135649667070309,0.0020000000000000018,0.6271299334140618,13.856410372290165,0.08023552048262497,False,nan,nan,False,False
1643,8.215,0.004969341000105487,0.0018180600000050617,9.237000085704494e-06,0.0009575399999448564,0.0012040319998050109,7.419899975502631e-05,0.0030641799994555186,0.00311997084271825,0.0020000000000000018,0.62399416854365,13.856412862697944,0.07747788389876645,False,nan,nan,False,False
1644,8.22,0.004997574999833887,0.0017846470000222325,9.126999430009164e-06,0.0020747589996972238,0.001387152999996033,4.9081000724982005e-05,0.0031050259995026863,0.0031356497022774557,0.0020000000000000018,0.6271299404554911,13.856423334202645,0.08042119920413297,False,nan,nan,False,False
1645,8.225,0.004998747000172443,0.0015864569995756028,8.414999683736823e-06,0.0009581619997334201,0.001127236999309389,4.9311999646306504e-05,0.0032904319996305276,0.0030933481682148783,0.0020000000000000018,0.6186696336429757,10.355515388802795,0.08240154568517927,False,nan,nan,False,False
1646,8.23,0.004986895000001823,0.0018619409993334557,8.345999958692119e-06,0.00206197500028793,0.0014096260001679184,6.962000043131411e-05,0.0030361870003616787,0.0031199279773070476,0.0020000000000000018,0.6239855954614095,13.856446845129883,0.07950433262200382,False,nan,nan,False,False
1647,8.235,0.0050078029998985585,0.0015680319993407466,8.20500008558156e-06,0.0009591529997123871,0.0010971320007229224,4.913100019621197e-05,0.0033590310004001367,0.003093348185462209,0.0020000000000000018,0.6186696370924418,13.856463166796292,0.07681437830600758,False,nan,nan,False,False
1648,8.24,0.005037038999944343,0.0018013279996011988,8.486000297125429e-06,0.0020989049999116105,0.0013542819997383049,6.603399924642872e-05,0.0030595110001740977,0.003119927945600245,0.0020000000000000018,0.623985589120049,13.85644129827642,0.08225638311884372,False,nan,nan,False,False
1649,8.245000000000001,0.004970773999957601,0.0016186369994102279,8.40600023366278e-06,0.0009559970003465423,0.0011425669999880483,4.8521000280743465e-05,0.0032546050006203586,0.0030626176207192847,0.0020000000000000018,0.6125235241438569,9.729079983591165,0.08126606958513685,False,nan,nan,False,False
1650,8.25,0.004982315999768616,0.0020130639995841193,8.586000149080064e-06,0.0020603630000550766,0.0014391610002348898,5.195699941396015e-05,0.002882811000745278,0.0031030462149803572,0.0020000000000000018,0.6206092429960713,13.856418838751578,0.07492659848319758,False,nan,nan,False,False
1651,8.255,0.005003616000067268,0.0015745640002933214,8.275000254798215e-06,0.0009552760002407013,0.0011271479997958522,4.936300047120312e-05,0.003313154999887047,0.0030626176503227892,0.0020000000000000018,0.6125235300645577,13.85646976671036,0.07645658967067945,False,nan,nan,False,False
1652,8.26,0.004997864999495505,0.001710038000055647,8.525999874109402e-06,0.0020421480003278702,0.0013042390000919113,4.8631000026944093e-05,0.0032368320007662987,0.0031030462315304883,0.0020000000000000018,0.6206092463060976,13.856479841095204,0.081494813927554,False,nan,nan,False,False
1653,8.265,0.005056896000496636,0.0015356309995695483,8.695999895280693e-06,0.0010153989996979362,0.00107900700004393,4.8460000471095555e-05,0.003356186000019079,0.0030626176269692475,0.0020000000000000018,0.6125235253938495,13.856455207500431,0.08124150009940435,False,nan,nan,False,False
1654,8.27,0.005000829999517009,0.0018061070004478097,8.455999704892747e-06,0.002122319000591233,0.0013595419995908742,6.760599990229821e-05,0.0030545420004273183,0.0031030461735239777,0.0020000000000000018,0.6206092347047955,13.856424501943158,0.07600853369810408,False,nan,nan,False,False
1655,8.275,0.004970595000486355,0.0016330729995388538,8.40600023366278e-06,0.0009777579998626607,0.0011425669999880483,4.8490000153833535e-05,0.0032282360007229727,0.0030626176260308002,0.0020000000000000018,0.6125235252061599,13.856406968980018,0.07460016097066167,False,nan,nan,False,False
1656,8.28,0.004970584000147937,0.001881316999970295,8.375999641430099e-06,0.0020625770002880017,0.0014168199995765463,6.395999935193686e-05,0.0030281819999800064,0.003103046158629567,0.0020000000000000018,0.6206092317259134,13.856407374276758,0.08258884019869407,False,nan,nan,False,False
1657,8.285,0.005019163999349985,0.0016118240000650985,8.425999112660065e-06,0.0009695029993963544,0.001148777999333106,4.9311999646306504e-05,0.0032602370001768577,0.003062617674665625,0.0020000000000000018,0.612523534933125,13.85642033944063,0.08148506737111143,False,nan,nan,False,False
1658,8.290000000000001,0.0049804330001279595,0.0018693350002649822,8.445999810646754e-06,0.0020540810000966303,0.0014181019996613031,7.013100002950523e-05,0.0030912410002201796,0.003103046171844016,0.0020000000000000018,0.6206092343688031,13.856452648378538,0.07686817816200413,False,nan,nan,False,False
1659,8.295,0.005070461000286741,0.001528548000351293,8.506000085617416e-06,0.0010275220001858543,0.001085871000213956,4.8832000175025314e-05,0.0033633789998930297,0.003062617617990101,0.0020000000000000018,0.6125235235980202,13.856413465773143,0.07440489785809419,False,nan,nan,False,False
1660,8.3,0.0050015119995805435,0.0016746610008340213,8.254999556811526e-06,0.0021308449995558476,0.0012583930001710542,4.867099960392807e-05,0.003147374999571184,0.003103046159782879,0.0020000000000000018,0.6206092319565757,13.856406893994183,0.08099781843971936,False,nan,nan,False,False
1661,8.305,0.004929898000227695,0.0016135670002768165,8.396000339416787e-06,0.0009582610000506975,0.0011366759999873466,5.008300013287226e-05,0.0032753049999882933,0.0030626176183308432,0.0020000000000000018,0.6125235236661687,13.85640672329414,0.07879163513836461,False,nan,nan,False,False
1662,8.31,0.004996872999981861,0.0018944220000776113,8.164999599102885e-06,0.0020586789996741572,0.0014281209996624966,5.035400045017013e-05,0.003003155999977025,0.003103046245698171,0.0020000000000000018,0.6206092491396342,13.856432996873986,0.07705423865127944,False,nan,nan,False,False
1663,8.315,0.005007213000681077,0.00156053799946676,8.525999874109402e-06,0.000959424000029685,0.0011211560004085186,4.9342000238539185e-05,0.003323955000269052,0.003062617702487835,0.0020000000000000018,0.6125235404975669,13.85652999317678,0.07407423054152805,False,nan,nan,False,False
1664,8.32,0.0049928959997487254,0.0016258300001936732,8.736999916436616e-06,0.0020595510004568496,0.0011912170002688072,4.9281999963568524e-05,0.0032389959997090045,0.003103046313179986,0.0020000000000000018,0.6206092626359972,13.856574362339694,0.07949142699078127,False,nan,nan,False,False
1665,8.325,0.00493814299989026,0.0011138130003018887,5.49000014871126e-06,0.000848496999424242,0.000728041000002122,4.9371999921277165e-05,0.003841031999400002,0.0030626176813378842,0.0020000000000000018,0.6125235362675768,13.856555936104318,0.08196193038058237,False,nan,nan,False,False
1666,8.33,0.005064038999989862,0.0017800480000005336,8.51500044518616e-06,0.002057908000097086,0.0013554039996961365,5.051500011177268e-05,0.003135512999506318,0.0031030462766656946,0.0020000000000000018,0.6206092553331388,13.856534001844217,0.07756294186876209,False,nan,nan,False,False
1667,8.335,0.005032820999986143,0.0018137910001314594,9.046999366546515e-06,0.0009161230000245268,0.0013649820002683555,6.180599939398235e-05,0.003053639999961888,0.0030626176205690676,0.0020000000000000018,0.6125235241138136,13.856437088439712,0.0793848651788872,False,nan,nan,False,False
1668,8.34,0.004983527999684156,0.0018922480003311648,8.85600002220599e-06,0.001950277000105416,0.0014451529996222234,5.124499966768781e-05,0.0029926959996373625,0.0031030462240059604,0.0020000000000000018,0.6206092448011921,13.856421562056688,0.08194306348426748,False,nan,nan,False,False
1669,8.345,0.0050014620001093135,0.001548054000522825,9.127999874181114e-06,0.0008495379997839336,0.0011387390004529152,4.891200023848796e-05,0.0033275219993811334,0.003062617626805739,0.0020000000000000018,0.6125235253611478,13.856451325046525,0.080853051707102,False,nan,nan,False,False
1670,8.35,0.004989058000319346,0.0017578169999978854,8.57600025483407e-06,0.0013526989996535121,0.001320518999818887,4.9342000238539185e-05,0.0031069189999470836,0.003103046351378533,0.0020000000000000018,0.6206092702757066,13.85650935512035,0.07497144416777236,False,nan,nan,False,False
1671,8.355,0.0049754129995562835,0.001624608000383887,8.336000064446125e-06,0.0007306659999812837,0.001098323999940476,6.0713000493706204e-05,0.003240408999772626,0.0029359201525554026,0.0020000000000000018,0.5871840305110805,16.00015913555787,0.07648491544029408,False,nan,nan,False,False
1672,8.36,0.004944545999933325,0.0015582940004605916,6.242000381462276e-06,0.0018637349994605756,0.0011716709996107966,4.6597000618930906e-05,0.003363067999998748,0.003103046463160977,0.0020000000000000018,0.6206092926321953,16.000213027327842,0.08091595609906052,False,nan,nan,False,False
1673,8.365,0.004998326000531961,0.0014524159996653907,6.461999873863533e-06,0.0007723640001131571,0.0010441419999551727,4.607600021699909e-05,0.003467753999757406,0.002803502889225261,0.0018000000000000238,0.5607005778450522,17.88887269189911,0.07872107612868268,False,nan,nan,False,False
1674,8.370000000000001,0.004994778999389382,0.0015137210002649226,6.270999620028306e-06,0.001855219000390207,0.0011303439996481757,5.7807999837677926e-05,0.0034116189999622293,0.003103046801039006,0.0020000000000000018,0.6206093602078011,17.889040502677222,0.08148610657107945,False,nan,nan,False,False
1675,8.375,0.004999278000468621,0.00127264999991894,6.081999345042277e-06,0.000756905000343977,0.0009082279993890552,4.523499956121668e-05,0.0036611559999073506,0.0029359205055511897,0.002,0.5871841011102379,16.00064578934516,0.07930591640144706,False,nan,nan,False,False
1676,8.38,0.005018934999498015,0.0016348060007658205,6.9329998950706795e-06,0.0018915870005002944,0.001261489000171423,4.6397000005526934e-05,0.003272029000072507,0.003103048689460745,0.0020000000000000018,0.620609737892149,16.001545091891515,0.07844223524569921,False,nan,nan,False,False
1677,8.385,0.004981124000551063,0.0014652589998149779,5.990999852656387e-06,0.0007544609998149099,0.0010791779995997786,5.533300009119557e-05,0.00346366699977807,0.0028035067097762025,0.0018000000000000238,0.5607013419552406,17.89199180285933,0.08256978037253394,False,nan,nan,False,False
1678,8.39,0.005004486999496294,0.0014985120005803765,6.111999937274959e-06,0.001858505000200239,0.0011324880006213789,4.469299983611563e-05,0.0034235109997098334,0.0031030529847599383,0.0020000000000000018,0.6206105969519877,17.89427980535246,0.0766031395607008,False,nan,nan,False,False
1679,8.395,0.004999208000299404,0.001439591000234941,6.161000783322379e-06,0.0007584080003653071,0.0010705819995564525,4.3772000026365276e-05,0.003483624000182317,0.0028035210124165554,0.0018000000000000238,0.5607042024833111,17.90097877254418,0.07404470846963354,False,nan,nan,False,False
1680,8.4,0.00499762399977044,0.0015047840006445767,5.800000508315861e-06,0.001854006999565172,0.0011255850004090462,4.4532999709190335e-05,0.0034209369996460737,0.0031030725498793184,0.0020000000000000018,0.6206145099758636,17.912117368810396,0.077173585232979,False,nan,nan,False,False
1681,8.405,0.005000110000764835,0.001445431999854918,6.111999937274959e-06,0.0007517049998568837,0.0010803599998325808,4.336099937063409e-05,0.003478113999335619,0.0028035773587916047,0.0018000000000000238,0.560715471758321,17.937995072625274,0.07785267199015253,False,nan,nan,False,False
1682,8.41,0.004996291999304958,0.0014783540000280482,5.6110002333298326e-06,0.001850921000368544,0.0011047549996874295,4.8300999878847506e-05,0.0034517640006015426,0.0031031802922082833,0.0020000000000000018,0.6206360584416566,17.997043159766807,0.07884746988514225,False,nan,nan,False,False
1683,8.415000000000001,0.005005549000088649,0.0014025529999344144,6.340999789244961e-06,0.0007567150005343137,0.0010015429998020409,4.473300032259431e-05,0.0035179679998691427,0.002804180527996246,0.0018000000000000238,0.5608361055992492,18.251235528592066,0.07550446435659892,False,nan,nan,False,False
1684,8.42,0.004993407000256411,0.0014249850000851438,5.931000487180427e-06,0.001853445000051579,0.00106487199991534,4.449400057637831e-05,0.003510272999847075,0.003103292537007882,0.0020000000000000018,0.6206585074015765,18.336981372380258,0.07398909663989728,False,nan,nan,False,False
1685,8.425,0.005012702999920293,0.00146652199964592,6.0420006775530055e-06,0.0007677149997107335,0.0010813110002345638,5.537300057767425e-05,0.003450983000220731,0.0028043403395085265,0.0018000000000000238,0.5608680679017054,18.39946715997392,0.07887332641550224,False,nan,nan,False,False
1686,8.43,0.004993417000150657,0.0014855270001135068,5.80100004299311e-06,0.001855710000199906,0.0011238110000704182,4.3881999772565905e-05,0.003436025000155496,0.0031050268516781103,0.0020000000000000018,0.6210053703356221,19.27466846397811,0.08203014719781494,False,nan,nan,False,False
1687,8.435,0.004995870999664476,0.0014363959999172948,5.790000614069868e-06,0.0007372990003204904,0.0010618659998726798,4.361100036476273e-05,0.003492009000183316,0.0028049184482113933,0.0018000000000000238,0.5609836896422786,19.595917942264336,0.07785177560992042,False,nan,nan,False,False
1688,8.44,0.005002835000595951,0.0014692769991597743,5.83099972573109e-06,0.0018547880008554785,0.0011111069998150924,4.4392999370757025e-05,0.003456513000855921,0.0031050268516781103,0.0020000000000000018,0.6210053703356221,19.595917942264336,0.07587030277004339,False,nan,nan,False,False
1689,8.445,0.005002813999453792,0.0014082730003792676,6.211999789229594e-06,0.0007562330001746886,0.000998407000224688,4.388200068206061e-05,0.0035123779998684768,0.0028049184482113933,0.0018000000000000238,0.5609836896422786,19.595917942264336,0.08023138563540855,False,nan,nan,False,False
1690,8.45,0.004993106000256375,0.0014904270001352415,5.609999789157882e-06,0.0018547480003689998,0.0011254340006416896,5.277800028125057e-05,0.0034405229998810682,0.0031050268516781103,0.0020000000000000018,0.6210053703356221,19.595917942264336,0.08193855718386067,False,nan,nan,False,False
1691,8.455,0.00500447800004622,0.0014570639996236423,6.041000233381055e-06,0.0007361770003626589,0.0009811050003918353,4.4082999920647126e-05,0.003468896000413224,0.0028049184482113933,0.0018000000000000238,0.5609836896422786,19.595917942264336,0.07596272556851681,False,nan,nan,False,False
1692,8.46,0.004998395999791683,0.0014597489998777746,5.740999768022448e-06,0.0018555590004325495,0.0010951180001939065,4.468400038604159e-05,0.0034653200000320794,0.0031050268516781103,0.0020000000000000018,0.6210053703356221,19.595917942264336,0.07295002408342693,False,nan,nan,False,False
1693,8.465,0.005000459999791929,0.0014341710002554464,6.031000339135062e-06,0.0007561439997516572,0.0010684979997677146,4.288000036467565e-05,0.0034901159997389186,0.0028049184482113933,0.0018000000000000238,0.5609836896422786,19.595917942264336,0.07802584079420481,False,nan,nan,False,False
1694,8.47,0.0049963920000664075,0.0015373349997389596,6.0720003602909856e-06,0.0018535360004534596,0.0010595410003588768,4.369199996290263e-05,0.003390069000488438,0.0031050268516781103,0.0020000000000000018,0.6210053703356221,19.595917942264336,0.07985938869453171,False,nan,nan,False,False
1695,8.475,0.0050022040004478185,0.001250116999472084,5.961000169918407e-06,0.0007471469998563407,0.0008931399997891276,5.35099998160149e-05,0.0036743400005434523,0.0028049184482113933,0.0018000000000000238,0.5609836896422786,19.595917942264336,0.07483609597192463,False,nan,nan,False,False
1696,8.48,0.0050052679998771055,0.0015477649994863896,6.692999704682734e-06,0.0018788529996527359,0.0011759690005419543,5.337000038707629e-05,0.0033714930004862254,0.0031050268516781103,0.0020000000000000018,0.6210053703356221,19.595917942264336,0.0755640833550199,False,nan,nan,False,False
1697,8.485,0.004993356999875687,0.0014795070001127897,5.94100038142642e-06,0.0007582179996461491,0.0009997600000133389,4.4162999984109774e-05,0.0034485679998397245,0.0028049184482113933,0.0018000000000000238,0.5609836896422786,19.595917942264336,0.07992687407288969,False,nan,nan,False,False
1698,8.49,0.005003285000384494,0.0014646689996880013,5.859999873791821e-06,0.0018550380000306177,0.0011057679994337377,4.346100013208343e-05,0.0034602200003064354,0.0031050268516781103,0.0020000000000000018,0.6210053703356221,19.595917942264336,0.08265507374089459,False,nan,nan,False,False
1699,8.495000000000001,0.004999037999368738,0.0011143230003654025,5.94100038142642e-06,0.0007451740002579754,0.0007599210002808832,3.161899985570926e-05,0.003802219999670342,0.0028049184482113938,0.0018000000000000238,0.5609836896422787,19.595917942264325,0.07683794275356187,False,nan,nan,False,False
1700,8.5,0.00498994000008679,0.0014648090000264347,6.1620003179996274e-06,0.0018430359996273182,0.0011098149998360896,4.292999983590562e-05,0.003561759999684,0.0031050268516781103,0.0020000000000000018,0.6210053703356221,19.595917942264325,0.07512719544872293,False,nan,nan,False,False
1701,8.505,0.005248243000096409,0.0018300720003026072,1.7893000404001214e-05,0.0009878970004137955,0.001321280999945884,4.385199918033322e-05,0.00285804399936751,0.0028049184482113938,0.0018000000000000238,0.5609836896422787,19.595917942264325,0.07921988038634364,False,nan,nan,False,False
1702,8.51,0.004761684000186506,0.0014552009997714777,6.101000508351717e-06,0.0017995850002989755,0.001089446999685606,4.2970000322384294e-05,0.003470419000223046,0.0031050268516781103,0.0020000000000000018,0.6210053703356221,19.595917942264325,0.0826778196528885,False,nan,nan,False,False
1703,8.515,0.0050006700002995785,0.0014364459993885248,6.111999937274959e-06,0.0006947379997654934,0.0009527919992251555,4.4392999370757025e-05,0.0034850370002459385,0.0028049184482113938,0.0018000000000000238,0.5609836896422787,19.595917942264325,0.07726571088538686,False,nan,nan,False,False
1704,8.52,0.004994168999473914,0.001489524000135134,5.760000021837186e-06,0.001775439999619266,0.0011266660003457218,4.441300006874371e-05,0.00344288799988135,0.0031050268516781103,0.0020000000000000018,0.6210053703356221,19.595917942264325,0.08195787498443417,False,nan,nan,False,False
1705,8.525,0.005006200000025274,0.0014395019998119096,5.871000212209765e-06,0.0006712549993608263,0.0009591629996066331,4.4933999561180826e-05,0.0035218050006733392,0.0027581823921468346,0.0018000000000000238,0.5516364784293668,19.595917942264325,0.07858171234772877,False,nan,nan,False,False
1706,8.53,0.005033342000388075,0.0012431239993020426,5.7099996411125176e-06,0.00012311000045883702,0.0008929590003390331,4.270899989933241e-05,0.0036484720003500115,0.0030888823799028447,0.0020000000000000018,0.617776475980569,19.595917942264325,0.07383120385947577,False,nan,nan,False,False
1707,8.535,0.004967016999216867,0.0013650520004375721,6.211999789229594e-06,0.0006299880005826708,0.0009375330000693793,4.421300036483444e-05,0.0036278039997341693,0.0027602176565392784,0.0018000000000000238,0.5520435313078556,19.59591794226444,0.0787696394678549,False,nan,nan,False,False
1708,8.540000000000001,0.005069018000540382,0.0013324920000741258,6.1620003179996274e-06,0.00012761800007865531,0.0009140189995378023,5.420199977379525e-05,0.0035151829997630557,0.0026274921167995075,0.0016000000000000458,0.5254984233599015,19.595917942264318,0.08478663866786293,False,nan,nan,False,False
1709,8.545,0.004907116000140377,0.0010290539994457504,4.4480002543423325e-06,0.0006111630000305013,0.0006493840000985074,5.4441999964183196e-05,0.003983118000178365,0.002778009912215752,0.0018000000000000238,0.5556019824431503,19.595917942264332,0.07808661682726112,False,nan,nan,False,False
1710,8.55,0.005089335999400646,0.0012724190000881208,6.171999302750919e-06,0.0001314959999945131,0.0009098919999814825,5.355000030249357e-05,0.003584832999877108,0.0024907141873605453,0.0016000000000000458,0.4981428374721091,19.595917942264318,0.07122612516912125,False,nan,nan,False,False
1711,8.555,0.004934156000672374,0.0014793359996474464,6.281999958446249e-06,0.0006367209998643375,0.0009818660000746604,4.5975999455549754e-05,0.003509701999973913,0.0024934476957908336,0.0014341294381792213,0.4986895391581667,19.595917942264318,0.07550975044710362,False,nan,nan,False,False
1712,8.56,0.0050635779998629005,0.0012717479994535097,6.1920000007376075e-06,0.0001364859999739565,0.0009090200001082849,4.420299956109375e-05,0.00358832900019479,0.002128935907741792,0.0012341294381792434,0.42578718154835843,19.595917942264332,0.07523943893671443,False,nan,nan,False,False
1713,8.565,0.004937292000249727,0.001384718999361212,5.990999852656387e-06,0.0006460779995904886,0.0009720070002003922,4.506400000536814e-05,0.0035957830004917923,0.0022886532997423727,0.0014341294381792213,0.45773065994847456,19.44041567849193,0.06841392417530862,False,nan,nan,False,False
1714,8.57,0.00506351799958793,0.001333152000370319,6.5019994508475065e-06,0.00014012200063007185,0.0009644929996284191,4.465400070330361e-05,0.003524400000060268,0.002008401254843307,0.0012341294381792434,0.40168025096866145,17.187293914862106,0.06407055773628789,False,nan,nan,False,False
1715,8.575000000000001,0.004933463999805099,0.0014400030004253495,6.2609997257823125e-06,0.0006478720006271033,0.0009267830000680988,4.519399954006076e-05,0.003547071999491891,0.0024087220846289938,0.0014341294381792213,0.4817444169257987,19.595917942264318,0.06288079917034534,False,nan,nan,False,False
1716,8.58,0.005062827000074321,0.0012517300001491094,5.5799991969252005e-06,0.00013557400052377488,0.0009015550003823591,4.460399941308424e-05,0.003610640999795578,0.00200163720005011,0.0012341294381792434,0.40032744001002196,18.034023931768086,0.06047360662138198,False,nan,nan,False,False
1717,8.585,0.004937251000228571,0.0013658440002473071,6.061000021873042e-06,0.0006420700001399382,0.0009324729999207193,4.4903999878442846e-05,0.0036051619999852846,0.0021976592351136614,0.001288530480631822,0.4395318470227322,19.595917942264318,0.05758886066999019,False,nan,nan,False,False
1718,8.59,0.005048860999522731,0.001271127000109118,6.070999916119035e-06,0.0001306040003328235,0.0009174549995805137,4.4333000005281065e-05,0.0036046000004716916,0.002548211807264574,0.0014885304806318,0.5096423614529149,17.82599770730228,0.06152350213709775,False,nan,nan,False,False
1719,8.595,0.00495051699999749,0.0013741390002905973,5.590000000665896e-06,0.0006444749997172039,0.0009478620004301774,4.3680999624484684e-05,0.0036196179999024025,0.002383391468143048,0.0014140392539029392,0.47667829362860964,19.595917942264432,0.057621299551189976,False,nan,nan,False,False
1720,8.6,0.005068146000667184,0.001249876999281696,5.720000444853213e-06,0.0001244630002474878,0.0009015960004035151,4.3340999582142103e-05,0.003607025000746944,0.0024640214553652696,0.001614039253902938,0.4928042910730539,18.122225512273932,0.06289923446918476,False,nan,nan,False,False
1721,8.605,0.00493311399986851,0.0013574889999290463,5.691000296792481e-06,0.0006435129998862976,0.0009356600003229687,4.4133000301371794e-05,0.0036165219999020337,0.002329860663607982,0.0018140392539029368,0.4659721327215964,19.595917942267945,0.0644578330722022,False,nan,nan,False,False
1722,8.61,0.005048920999797701,0.0013885959997423925,6.1410000853356905e-06,0.00012598500052263262,0.000994329000604921,4.8299999434675556e-05,0.0034880729999713367,0.00250057068890813,0.0020000000000000018,0.500114137781626,19.37344157712618,0.06026994900880686,False,nan,nan,False,False
1723,8.615,0.004953282000315085,0.0014416849999179249,6.070999916119035e-06,0.0006472200002463069,0.0009340469996459433,4.44329998572357e-05,0.0035430749994702637,0.0024595749675878488,0.001800000000000003,0.4919149935175698,19.595917942264318,0.06538093000988349,False,nan,nan,False,False
1724,8.620000000000001,0.005070119999800227,0.0013884560003134538,7.263000043167267e-06,0.00014259599993238226,0.0010174030003327061,4.3933000597462524e-05,0.003469456999482645,0.002147523275395867,0.0015999999999999973,0.42950465507917335,19.070409090168056,0.06869645495216598,False,nan,nan,False,False
1725,8.625,0.004935568000291823,0.001367987999401521,6.512000254588202e-06,0.0006509169998025754,0.0009569989997544326,4.3602000005193986e-05,0.0035975970004074043,0.002146982574927634,0.0014341294381792213,0.42939651498552683,18.002563261785888,0.06475880613741862,False,nan,nan,False,False
1726,8.63,0.0050397439999869675,0.0012591839995366172,5.559999408433214e-06,0.00012724799944408005,0.0009057130000655889,4.355200053396402e-05,0.0036151100002825842,0.001824698300168766,0.0012341294381792434,0.3649396600337532,14.564836254583097,0.06450644016858649,False,nan,nan,False,False
1727,8.635,0.004951748999701522,0.0014503020001939149,6.2519993662135676e-06,0.0006370009996317094,0.0009457579999434529,4.5044999751553405e-05,0.003537073000188684,0.0018978050273871139,0.0014341294381792213,0.3795610054774228,18.121774291806627,0.05830503892711355,False,nan,nan,False,False
1728,8.64,0.005063939000137907,0.001261438000256021,5.689999852620531e-06,0.00012857100045948755,0.0009108330004892196,4.364100004750071e-05,0.0035989099997095764,0.0016076923063754202,0.0012341294381792434,0.32153846127508406,16.600477849892346,0.059890972833272674,False,nan,nan,False,False
1729,8.645,0.004934996999509167,0.0013752720005868468,5.691000296792481e-06,0.0006402680000974215,0.0009339859998362954,4.9683000725053716e-05,0.0036023749999003485,0.00170412146597597,0.0014341294381792213,0.34082429319519403,18.42154673071438,0.053963359093159635,False,nan,nan,False,False
1730,8.65,0.005059110000729561,0.001358068999252282,6.48199966235552e-06,0.0001377279995722347,0.0009998089999498916,4.336100028012879e-05,0.0035076290005235933,0.0014067148825438831,0.0012341294381792434,0.2813429765087766,17.900385928827998,0.05316756769335394,False,nan,nan,False,False
1731,8.655,0.004939855999509746,0.0013828159999320633,6.041999768058304e-06,0.0006359689996315865,0.0009689119997347007,4.4162000449432526e-05,0.0036036980000062613,0.0016025000554232617,0.0014341294381792213,0.32050001108465237,19.595917942267945,0.04835637331677498,False,nan,nan,False,False
1732,8.66,0.005059691000496969,0.0012712569996438106,5.720999979530461e-06,0.00012417200014169794,0.0009101920004468411,4.414199975144584e-05,0.00375171500036231,0.0013698862839896392,0.0012341294381792434,0.27397725679792784,17.78875750171197,0.04547535594230344,False,nan,nan,False,False
1733,8.665000000000001,0.005100686999867321,0.0014910379995853873,5.960999260423705e-06,0.00013091499931761064,0.0010049789998447523,4.496400015341351e-05,0.0033266310001636157,0.0010930793523068316,0.0010341294381792654,0.21861587046136632,18.810192111857432,0.039223348635405206,False,nan,nan,False,False
1734,8.67,0.004888691999440198,0.0012494259999584756,5.871000212209765e-06,0.00012121700001443969,0.0008944419996623765,4.3451000237837434e-05,0.0036249479999241885,0.000895895025890355,0.0008341294381792874,0.179179005178071,19.595917942267945,0.04107818386625704,False,nan,nan,False,False
1735,8.675,0.0049466990003566025,0.001351457000055234,5.791000148747116e-06,0.0006365199997162563,0.0009294579995184904,4.3260999518679455e-05,0.003640717000052973,0.0011223210117483247,0.0008452731088810506,0.22446420234966497,17.894096519095516,0.036421512889585415,False,nan,nan,False,False
1736,8.68,0.005065921999630518,0.0013106510004945449,5.671000508300494e-06,0.000123902000268572,0.0009613169995645876,4.1868000153044704e-05,0.003551781000169285,0.0011224827261225713,0.0006452731088810726,0.22449654522451426,19.595917942264332,0.02874795575399185,False,nan,nan,False,False
1737,8.685,0.004935138000291772,0.0014285609995567938,5.631000021821819e-06,0.0005961750002825283,0.000933305000216933,5.408099968917668e-05,0.0035161040004823008,0.0014608910352592738,0.0008452731088810506,0.29217820705185477,17.968892319238705,0.027336657106208296,False,nan,nan,False,False
1738,8.69,0.00510112800020579,0.001274182999623008,6.171999302750919e-06,3.869200008921325e-05,0.0009211830001731869,4.328099930717144e-05,0.003555166999831272,0.0014318048329917514,0.0008940747201267546,0.2863609665983503,19.595917942264336,0.028500361830769365,False,nan,nan,False,False
1739,8.695,0.0049044409997804905,0.001393264999933308,6.2219996834755875e-06,0.0006156010003905976,0.0009181870000247727,4.463300047063967e-05,0.0035397689998717397,0.0016429597666713911,0.0010000000000000009,0.3285919533342782,17.995009032327026,0.03487877437309218,False,nan,nan,False,False
1740,8.700000000000001,0.0050139249997300794,0.001360764000310155,8.015000275918283e-06,0.001744201000292378,0.0010141960001419648,4.267999975127168e-05,0.00355467699955625,0.0015990569440555793,0.0011999999999999997,0.31981138881111587,17.528534820264074,0.041433825649993594,False,nan,nan,False,False
1741,8.705,0.00500982700032182,0.001389979000123276,9.256999874196481e-06,0.0006523700003526756,0.0008935209998526261,4.4984000851400197e-05,0.003533566999976756,0.001654531565195047,0.0011964928592298335,0.3309063130390094,17.192806040640292,0.040258352369436826,False,nan,nan,False,False
1742,8.71,0.0050704409995887545,0.0011955460004173801,6.612999641220085e-06,3.791100061789621e-05,0.00084689300001628,5.461199998535449e-05,0.0036318000002211193,0.0013275400083079829,0.0009964928592298347,0.26550800166159655,18.699508114512724,0.03843880284277338,False,nan,nan,False,False
1743,8.715,0.004902717000732082,0.0013011429991820478,5.751000571763143e-06,0.0006198890005180147,0.0008669620001455769,4.517399975156877e-05,0.0036241170000721468,0.0013730530201993983,0.0009260286410283439,0.27461060403987964,18.10923327131089,0.033424392927179615,False,nan,nan,False,False
1744,8.72,0.004997725000066566,0.0014285809993452858,6.062000466044992e-06,0.0017274499996347004,0.001056165000591136,4.387199987831991e-05,0.0035012170001209597,0.0010488175346787052,0.0007260286410283451,0.20976350693574103,19.59591794226433,0.03612897774221517,False,nan,nan,False,False
1745,8.725,0.005011710999497154,0.0014199349998307298,6.041000233381055e-06,0.0006291259996942244,0.0009219440007655066,4.4784000237996224e-05,0.003522837000673462,0.001253649985907457,0.0009260286410283439,0.25072999718149136,17.943598003054742,0.03423985918225675,False,nan,nan,False,False
1746,8.73,0.005028132000006735,0.001395008000145026,8.164999599102885e-06,0.0017620150001675938,0.0010531990001254599,4.3602000005193986e-05,0.0034998139999515843,0.0009142216889082853,0.0007260286410283451,0.18284433778165707,16.314275327915812,0.03565496574836043,False,nan,nan,False,False
1747,8.735,0.004970744000274863,0.00138799599972117,5.6500002756365575e-06,0.000622384000052989,0.0008574029998271726,4.514499960350804e-05,0.0035517309997885604,0.0005987134665433512,0.0005260286410283463,0.11974269330867025,17.927692342241997,0.030252906509654478,False,nan,nan,False,False
1748,8.74,0.005013183999835746,0.0014782839998588315,5.7909992392524146e-06,0.0017490000000179862,0.0011323480002829456,4.033599998365389e-05,0.0034224299997731578,0.0007979428856964738,0.0007260286410283451,0.15958857713929478,17.891301973368996,0.03195616685771995,False,nan,nan,False,False
1749,8.745000000000001,0.004975754000042798,0.0013918019994889619,5.761000466009136e-06,0.0006195289997776854,0.0008691150005688542,4.575500042847125e-05,0.0035496280006555025,0.0005643105438615816,0.0005260286410283463,0.1128621087723163,17.888739191204582,0.0281457593272047,False,nan,nan,False,False
1750,8.75,0.0050303560001339065,0.0014205959996616002,8.296000487462152e-06,0.0017566750002515619,0.0010588799996185116,4.426200030138716e-05,0.0034802070003934205,0.0007844593756290144,0.0007260286410283451,0.15689187512580288,18.92408742586172,0.02436971412703807,False,nan,nan,False,False
1751,8.755,0.0049753729999792995,0.001451323999390297,5.931000487180427e-06,0.0006068749999030842,0.0009470200002397178,4.545499996311264e-05,0.0034801670008164365,0.0007011036729088138,0.0005260286410283463,0.14022073458176276,17.94199102290879,0.024512001307633754,False,nan,nan,False,False
1752,8.76,0.005031767999753356,0.0013630889998239581,8.396000339416787e-06,0.0017630259999350528,0.0010217910003120778,4.376099968794733e-05,0.0035377550002522185,0.0008738506299707722,0.0005547268911190173,0.17477012599415442,18.114746781246506,0.015666457316491904,False,nan,nan,False,False
1753,8.765,0.004974942000444571,0.0013615359994219034,6.42200029687956e-06,0.000637301000097068,0.0008510210000167717,4.548500055534532e-05,0.0035808860002362053,0.0011472564192529398,0.0007547268911189953,0.22945128385058797,19.595917942264446,0.01579705367989997,False,nan,nan,False,False
1754,8.77,0.005108441999254865,0.0012062960004186607,6.381999810400885e-06,3.79209996026475e-05,0.0008589160006522434,4.421199992066249e-05,0.0036018450000483426,0.0011691001283808463,0.0009547268911189732,0.23382002567616925,18.924965892174658,0.017892461990612358,False,nan,nan,False,False
1755,8.775,0.004882821000137483,0.0013145470002200454,6.270999620028306e-06,0.0006200400002853712,0.0008525639996150858,4.4192999666847754e-05,0.0036236859996279236,0.0013596229819324084,0.0011547268911189512,0.2719245963864817,17.888610006851746,0.020081366870900508,False,nan,nan,False,False
1756,8.78,0.005012342000554781,0.0014121699996394455,5.7609995565144345e-06,0.0017418970001017442,0.0010706419998314232,4.278999949747231e-05,0.003504182000142464,0.0017116545049928257,0.0013547268911189292,0.3423309009985651,17.890914826587554,0.029699271271099222,False,nan,nan,False,False
1757,8.785,0.004990991999875405,0.001311171999986982,6.522000148834195e-06,0.0006341560001601465,0.0008775409996815142,4.41229994976311e-05,0.0036300370002209092,0.0016512142833836135,0.0012401268563957402,0.3302428566767227,15.03309981142203,0.028822038116779088,False,nan,nan,False,False
1758,8.790000000000001,0.005010889000004681,0.0014198150001902832,5.821000740979798e-06,0.0017440609999539447,0.0010649719997672946,5.386099928728072e-05,0.003491217999908258,0.0017706215917730182,0.0014401268563957181,0.3541243183546037,16.62747068101933,0.04005742683398594,False,nan,nan,False,False
1759,8.795,0.004990530999748444,0.0013287450001371326,5.8910000007017516e-06,0.0006244169999263249,0.0008690550002938835,4.505400011112215e-05,0.0036112230000071577,0.001424382762096436,0.0012401268563957402,0.2848765524192872,17.888827881161866,0.0352738198516018,False,nan,nan,False,False
1760,8.8,0.005010670000046957,0.0014151859995763516,5.360000614018645e-06,0.0017470869997850969,0.0010700610000640154,4.3430999539850745e-05,0.003493832999993174,0.0016713828681325454,0.0014401268563957181,0.3342765736265091,16.688213493057265,0.03022823647927976,False,nan,nan,False,False
1761,8.805,0.00498025199976837,0.0013163410003471654,5.7010001910384744e-06,0.0006254400004763738,0.0008589970002503833,4.4532999709190335e-05,0.003611883999838028,0.0016039875871285976,0.0012401268563957402,0.3207975174257195,17.90324496071467,0.03284349070832936,False,nan,nan,False,False
1762,8.81,0.005021549000048253,0.0013560059996962082,5.951999810349662e-06,0.0017504730003565783,0.0009832690002440359,4.2749999920488335e-05,0.003551781000169285,0.0013809602009193904,0.0010401268563957622,0.27619204018387805,17.889301269686435,0.03026480009027513,False,nan,nan,False,False
1763,8.815,0.004980313000487513,0.0013839769999322016,5.6799999583745375e-06,0.000616291999904206,0.0008725919997232268,4.5235000470711384e-05,0.0035530039995137486,0.0017195410219258867,0.0012401268563957402,0.34390820438517733,16.808024441855974,0.03889459340663014,False,nan,nan,False,False
1764,8.82,0.005060861999481858,0.0013663549998454982,7.674000698898453e-06,0.0017706600001474726,0.0010079450003104284,4.496400015341351e-05,0.0035030310000365716,0.0016815151895926718,0.0014401268563957181,0.33630303791853433,17.88913135588447,0.03650215774874855,False,nan,nan,False,False
1765,8.825000000000001,0.004942561999996542,0.0013155699998605996,6.240999937290326e-06,0.0006149499995444785,0.0008842829993227497,4.4221999814908486e-05,0.003614960000049905,0.0019340728643546235,0.0016401268563956961,0.38681457287092463,17.88863547120663,0.030667291103113854,False,nan,nan,False,False
1766,8.83,0.005122157999721821,0.001221424000505067,6.03199987381231e-06,3.760999970836565e-05,0.000882379999893601,4.384200019558193e-05,0.00358606499958114,0.0020744553204207175,0.001840126856395674,0.41489106408414356,17.888946600694467,0.04204214062711723,False,nan,nan,False,False
1767,8.835,0.004881768000814191,0.0013848589996996452,5.8910000007017516e-06,0.000627483999778633,0.0008759579995967215,4.5124999815016054e-05,0.0035386970002946327,0.002346884903805332,0.0020000000000000018,0.4693769807610663,15.270775916443379,0.041176315091261545,False,nan,nan,False,False
1768,8.84,0.0050146759995186585,0.0014041360000192071,5.820999831485096e-06,0.0017399739999746089,0.0010590510000838549,4.343100044934545e-05,0.0034976500000993838,0.0022638643043660007,0.0020000000000000018,0.45277286087320007,16.0195463208802,0.052355489194329405,False,nan,nan,False,False
1769,8.845,0.004978007999852707,0.001305091000176617,6.242000381462276e-06,0.0006036690001565148,0.0008142830001816037,5.368100028135814e-05,0.003639544999714417,0.0024553451031831207,0.0020000000000000018,0.49106902063662417,16.00273935662055,0.04897929167317115,False,nan,nan,False,False
1770,8.85,0.005037558999902103,0.0015140109999265405,8.526000783604104e-06,0.0017540489998282283,0.0010100689996761503,4.743899989989586e-05,0.0033876350007631117,0.0026016817934062203,0.0020000000000000018,0.520336358681244,16.011625251444602,0.05087522223771811,False,nan,nan,False,False
1771,8.855,0.0049786800000219955,0.001469267000175023,5.711000085284468e-06,0.0006182959996294812,0.0010302360005880473,4.708800042863004e-05,0.003459618999841041,0.0024441414685996295,0.0018000000000000238,0.488828293719926,17.05142076086644,0.05006577805760915,False,nan,nan,False,False
1772,8.86,0.005103131999931065,0.0012516500000856468,6.6829998104367405e-06,3.897300030075712e-05,0.0008917380000639241,4.491399977268884e-05,0.0035636140000860905,0.0028107363879307044,0.0020000000000000018,0.5621472775861408,16.508628951794346,0.05826516923191522,False,nan,nan,False,False
1773,8.865,0.00489150600060384,0.001373768999656022,6.092000148782972e-06,0.000636550000308489,0.0009382540001752204,4.557499960355926e-05,0.0035554380001485697,0.002969382092198769,0.0020000000000000018,0.5938764184397537,16.015372987043005,0.05825047689281247,False,nan,nan,False,False
1774,8.870000000000001,0.005004126999665459,0.001431997000509,5.900999894947745e-06,0.0017518159993414884,0.001049141999828862,4.5365000005404e-05,0.003485186999569123,0.0029012270137316076,0.0018000000000000238,0.5802454027463215,17.891594682422017,0.0670860659398872,False,nan,nan,False,False
1775,8.875,0.00499234500057355,0.0013501739995263051,5.750999662268441e-06,0.0006358390000968939,0.0009328140004072338,4.6287000259326305e-05,0.003577899999982037,0.003202170666752186,0.0020000000000000018,0.6404341333504371,17.889204079105888,0.06683794815405265,False,nan,nan,False,False
1776,8.88,0.005125382999722206,0.0012571309998747893,6.591999408556148e-06,5.942100051470334e-05,0.0008840529999361024,4.8179999794228934e-05,0.0035436259995549335,0.003290847942357857,0.0020000000000000018,0.6581695884715714,13.858014319431124,0.06979492694469366,False,nan,nan,False,False
1777,8.885,0.004876318000242463,0.001372495999930834,6.200999450811651e-06,0.0006619079995289212,0.0009164440007225494,4.593599987856578e-05,0.003542794999702892,0.003153936342323357,0.0020000000000000018,0.6307872684646714,13.858649469611667,0.06681429073516576,False,nan,nan,False,False
1778,8.89,0.004997373999685806,0.00143152700002247,7.252999239426572e-06,0.0015857859998504864,0.0010602130005281651,4.4813999920734204e-05,0.003493281999908504,0.0029231374903468483,0.0020000000000000018,0.5846274980693696,16.000019041395795,0.08712419861361499,False,nan,nan,False,False
1779,8.895,0.0050039770003422746,0.0014274289997047163,5.7609995565144345e-06,0.00045560200032923603,0.0009224249997714651,4.681700011133216e-05,0.003503510999507853,0.003131349048598553,0.0020000000000000018,0.6262698097197106,16.000019714986085,0.08200556052816951,False,nan,nan,False,False
1780,8.9,0.005005929999242653,0.00145809600053326,5.930999577685725e-06,0.0015312229998016846,0.0010844579992408399,4.472399996302556e-05,0.0034615329996086075,0.002953434201164865,0.0020000000000000018,0.590686840232973,16.000008578143284,0.07505640502528473,False,nan,nan,False,False
1781,8.905,0.0049936069999603205,0.0012942200000907178,5.881000106455758e-06,0.0009939390001818538,0.000885415000084322,5.9982000493619125e-05,0.0036312900001576054,0.0032098893469041405,0.0020000000000000018,0.6419778693808281,16.000018480249835,0.07100622076015649,False,nan,nan,False,False
1782,8.91,0.005003115000363323,0.00144393000027776,5.94100038142642e-06,0.002038470999650599,0.001074007999704918,4.469400028028758e-05,0.0034761699998853146,0.0030888215957465682,0.0020000000000000018,0.6177643191493136,16.000006551594968,0.08113270676174837,False,nan,nan,False,False
1783,8.915000000000001,0.004995571000108612,0.0012916050000058021,5.920999683439732e-06,0.0009873760000118637,0.00089727800059336,5.3440000556292944e-05,0.003625368999564671,0.003382519368818846,0.0020000000000000018,0.6765038737637693,16.00001616641935,0.077840577100101,False,nan,nan,False,False
1784,8.92,0.004988417000276968,0.0014292129999375902,5.821000740979798e-06,0.0014985220004746225,0.0010627770006976789,5.526299992197892e-05,0.003508799999508483,0.0033164542003499176,0.0020000000000000018,0.6632908400699834,16.000005108172033,0.08219255885310889,False,nan,nan,False,False
1785,8.925,0.005016559999603487,0.00128479300019535,5.932000021857675e-06,0.0009902319998218445,0.000889472999915597,5.271900045045186e-05,0.0036298269997132593,0.003635861520814653,0.0020000000000000018,0.7271723041629305,16.000014098054713,0.07678337684353367,False,nan,nan,False,False
1786,8.93,0.005013003999920329,0.0014288820002548164,6.100999598857015e-06,0.0015298799999072799,0.0010425299997223192,4.569500015350059e-05,0.003480608000245411,0.0036189671443969213,0.0020000000000000018,0.7237934288793842,16.00000272279721,0.08599655214368661,False,nan,nan,False,False
1787,8.935,0.004990921999706188,0.0013119230006850557,7.353000000875909e-06,0.0010095179995914805,0.0009000629997899523,6.282699996518204e-05,0.003598928999963391,0.003954433730848328,0.0020000000000000018,0.7908867461696657,16.00001120924165,0.08301900003756991,False,nan,nan,False,False
1788,8.94,0.004990772000383004,0.0016103509997265064,5.80100004299311e-06,0.0020400650000738096,0.0010895570003413013,4.689700017479481e-05,0.0033241959999941173,0.003979319112107589,0.0020000000000000018,0.7958638224215177,16.000002773747514,0.08547763081052287,False,nan,nan,False,False
1789,8.945,0.005034003000218945,0.001425725999979477,6.512000254588202e-06,0.0010197069996138453,0.000947983000514796,5.9250999584037345e-05,0.0034655789995667874,0.004215018383111805,0.0020000000000000018,0.8430036766223612,13.253352023023595,0.08727155848423909,False,nan,nan,False,False
1790,8.950000000000001,0.004968860000190034,0.0014943749993108213,6.090999704611022e-06,0.00208464799925423,0.0011078019997512456,4.483399970922619e-05,0.003428128999985347,0.004063838695171325,0.0020000000000000018,0.812767739034265,11.313709294976265,0.09584372136925347,False,nan,nan,False,False
1791,8.955,0.004999307999241864,0.00133896400075173,5.849999979545828e-06,0.0009809740004129708,0.0009167640000669053,4.9512000259710476e-05,0.003593458999603172,0.003927233055160004,0.0020000000000000018,0.7854466110320008,11.313804113854266,0.09456397036266113,False,nan,nan,False,False
1792,8.96,0.005005800000617455,0.001436876999832748,6.011000550643075e-06,0.0020441919996301294,0.0010679560000426136,4.359099966677604e-05,0.00348014700011845,0.003969226697289658,0.0020000000000000018,0.7938453394579315,13.856407755150398,0.10081564864842527,False,nan,nan,False,False
1793,8.965,0.004991252999388962,0.0012463700004445855,6.301999746938236e-06,0.0009607570000298438,0.0008765789998506079,5.336999947758159e-05,0.003688466999847151,0.0037394073894252504,0.0020000000000000018,0.7478814778850501,13.856408849106685,0.10113889684598543,False,nan,nan,False,False
1794,8.97,0.005019375000301807,0.001474136999604525,5.8299992815591395e-06,0.002062707000732189,0.0011016999997082166,5.6025000048975926e-05,0.003426647000196681,0.0038045719380881,0.0020000000000000018,0.76091438761762,13.856407026209775,0.10404091897749203,False,nan,nan,False,False
1795,8.975,0.004976014000021678,0.0013302380002642167,6.1110004025977105e-06,0.0006594440001208568,0.0008875499997884617,4.7809000534471124e-05,0.0036140470001555514,0.0035865271767982813,0.0020000000000000018,0.7173054353596562,13.856411732243558,0.09990369196810456,False,nan,nan,False,False
1796,8.98,0.00510025699986727,0.001235390000147163,6.963000487303361e-06,3.9294000089284964e-05,0.000880827000401041,4.462299966689898e-05,0.003589341000406421,0.003655506971670443,0.0020000000000000018,0.7311013943340886,13.941185944040374,0.09948162869649599,False,nan,nan,False,False
1797,8.985,0.0048978380000335164,0.0013595420005003689,5.7010001910384744e-06,0.0010530679992371006,0.0008629529993413598,4.5265000153449364e-05,0.0035712779999812483,0.0037820862359246466,0.0020000000000000018,0.7564172471849293,13.968567760362104,0.10376659191324188,False,nan,nan,False,False
1798,8.99,0.005092072000479675,0.0012251999996806262,6.300999302766286e-06,3.8221000068006106e-05,0.0008722409993424662,4.468399947654689e-05,0.0036104709997744067,0.0036456245431480522,0.0020000000000000018,0.7291249086296104,14.583916822791913,0.10503353114835598,False,nan,nan,False,False
1799,8.995000000000001,0.004909388999294606,0.0013878449999538134,5.990999852656387e-06,0.0010321700001441059,0.0008839430001899018,5.55240003450308e-05,0.003544408000379917,0.0035446012937277414,0.0020000000000000018,0.7089202587455482,16.000968327595725,0.09576014608784104,False,nan,nan,False,False
1800,9.0,0.005032250000112981,0.0013742890005232766,8.436000825895462e-06,0.0016480410004078294,0.0010237649994451203,4.381200051284395e-05,0.003517387000101735,0.003254436526706003,0.0020000000000000018,0.6508873053412005,15.781451339182764,0.09992148637304922,False,nan,nan,False,False
1801,9.005,0.00496468300025299,0.0012933680000060122,5.931000487180427e-06,0.001050433999807865,0.0008589760000177193,4.5264000618772116e-05,0.0036374009996507084,0.0032159550382815354,0.0020000000000000018,0.6431910076563071,15.864571305848052,0.09574051754791944,False,nan,nan,False,False
1802,9.01,0.005089575999591034,0.001195325000480807,6.402000508387573e-06,3.8511999264301267e-05,0.0008590059997004573,4.3682000068656635e-05,0.0036398760003066855,0.0029848318608698384,0.0020000000000000018,0.5969663721739676,15.184364078702455,0.09002626679121334,False,nan,nan,False,False
1803,9.015,0.004906835000838328,0.0013595319996966282,5.760000021837186e-06,0.0010301860002073226,0.0008653380000396282,4.59060001958278e-05,0.003575415999875986,0.003009173593610668,0.0020000000000000018,0.6018347187221336,13.881581726568513,0.0857509076240185,False,nan,nan,False,False
1804,9.02,0.005035384999246162,0.0013730979999309056,8.386000445170794e-06,0.0016441540001324029,0.0010205480002696277,4.397199973027455e-05,0.0035228070000812295,0.0029168445770611255,0.0020000000000000018,0.5833689154122251,13.918610156914923,0.08675024729128528,False,nan,nan,False,False
1805,9.025,0.004969202000211226,0.0012826680003854563,6.092000148782972e-06,0.0010502839995751856,0.0008566719998270855,4.573600017465651e-05,0.003648652999800106,0.0031788642605316535,0.0020000000000000018,0.6357728521063307,16.007986615573746,0.08286537040082989,False,nan,nan,False,False
1806,9.03,0.005030436000197369,0.0013313290000951383,8.275999789475463e-06,0.0016489930003444897,0.0009405889995832695,4.327100032242015e-05,0.0035625919999802136,0.0032284113340041035,0.0020000000000000018,0.6456822668008206,16.00017306110453,0.08446384804097372,False,nan,nan,False,False
1807,9.035,0.004967146999661054,0.0013403170005403808,5.5199998314492404e-06,0.001019975999952294,0.0008604490003563114,4.650699975172756e-05,0.003594240999518661,0.0033256744054621533,0.0020000000000000018,0.6651348810924307,16.000197101574006,0.07635719970887139,False,nan,nan,False,False
1808,9.040000000000001,0.0050975120002476615,0.001240178999978525,6.502999895019457e-06,4.8469999455846846e-05,0.0008945919998950558,4.406199968798319e-05,0.0035958640000899322,0.0032878750193387923,0.0020000000000000018,0.6575750038677582,16.000338607921606,0.08235878360780445,False,nan,nan,False,False
1809,9.045,0.004913406999548897,0.0013041190004514647,5.871000212209765e-06,0.001040284999362484,0.0008692460005477187,4.485399949771818e-05,0.0036193770001773373,0.003278633736485936,0.0020000000000000018,0.6557267472971872,14.350311110413918,0.08454490047049786,False,nan,nan,False,False
1810,9.05,0.005064009000307124,0.0012434649997885572,6.131999725766946e-06,3.804100015258882e-05,0.0008982789995570784,4.197899943392258e-05,0.003619177000473428,0.0033242472104186133,0.0020000000000000018,0.6648494420837227,13.857561329747087,0.084724666639287,False,nan,nan,False,False
1811,9.055,0.004925619999994524,0.0013987660004204372,5.009999767935369e-06,0.0010603330001686118,0.0009737809996295255,4.584599992085714e-05,0.0035775989999820013,0.003376928464577421,0.0020000000000000018,0.6753856929154842,14.166583011431598,0.07832403525641057,False,nan,nan,False,False
1812,9.06,0.005098182999972778,0.0017390210005032714,1.0519999705138616e-05,0.001734622999720159,0.001331450000179757,4.853100017498946e-05,0.0031426859995917766,0.0034216433473937707,0.0020000000000000018,0.684328669478754,16.000365799682243,0.08606419663604671,False,nan,nan,False,False
1813,9.065,0.004991533000065829,0.0016711050002413685,8.366000656678807e-06,0.0011458219996711705,0.0012625300005311146,4.91620003231219e-05,0.0032200109999394044,0.003264288075928738,0.0020000000000000018,0.6528576151857476,15.153534796082196,0.08939937976703156,False,nan,nan,False,False
1814,9.07,0.005012632999751077,0.0018486560002202168,1.1080000149377156e-05,0.0017224409994014422,0.0013812619999953313,8.390699986193795e-05,0.0031153560003076564,0.0032319949057912087,0.0020000000000000018,0.6463989811582418,13.856617800354424,0.08132087123574848,False,nan,nan,False,False
1815,9.075000000000001,0.005073496000477462,0.0016237669997281046,8.345999958692119e-06,0.0012039619996357942,0.0012145909995524562,4.884200006927131e-05,0.0032992180003930116,0.0031173635999236673,0.0020000000000000018,0.6234727199847334,13.857195806062684,0.08002321295713902,False,nan,nan,False,False
1816,9.08,0.005040674999690964,0.001434081999832415,9.036999472300522e-06,0.00019440399955783505,0.0010270299999319832,5.439100004878128e-05,0.003345706000800419,0.0030277764405491317,0.0020000000000000018,0.6055552881098264,12.131997490718945,0.08367446873941167,False,nan,nan,False,False
1817,9.085,0.004896235000160232,0.0017714429995976388,9.05700017028721e-06,0.0011553700005606515,0.0013430709996100632,4.8299999434675556e-05,0.0031120290004764684,0.0031968216321871974,0.0020000000000000018,0.6393643264374395,16.00002414590264,0.0850652225855347,False,nan,nan,False,False
1818,9.09,0.005014125999878161,0.0019280149999758578,1.1201000233995728e-05,0.0017481880004197592,0.001479405999816663,4.953200004820246e-05,0.002934768000159238,0.003322815276621608,0.0020000000000000018,0.6645630553243216,14.08887605532686,0.08081945222708316,False,nan,nan,False,False
1819,9.095,0.004980773000170302,0.0016514279996044934,9.047000276041217e-06,0.0011367449997123913,0.0012144709999120096,5.007399977330351e-05,0.003225882000151614,0.0034310153003474157,0.0020000000000000018,0.6862030600694831,13.985704114284792,0.07755971947653464,False,nan,nan,False,False
1820,9.1,0.005019436000111455,0.0014717109997945954,1.1692000043694861e-05,0.0017453740001656115,0.0010457050002514734,4.9993999709840864e-05,0.003466211999693769,0.003350907792890286,0.0020000000000000018,0.6701815585780572,13.856406526365578,0.08097737378937672,False,nan,nan,False,False
1821,9.105,0.005238103999545274,0.0023537810002380866,2.2262000129558146e-05,0.0014325880001706537,0.001727750000100059,4.936200002703117e-05,0.0022148710004330496,0.0034046980863085313,0.0020000000000000018,0.6809396172617063,14.004792643905274,0.08528705292851023,False,nan,nan,False,False
1822,9.11,0.0046349970007213415,0.001495144999353215,6.0409993238863535e-06,0.002027360999818484,0.0011256349998802762,4.5746000068902504e-05,0.003437528000176826,0.0030668696063254363,0.0017999999999999995,0.6133739212650872,16.036576998302998,0.08293008828359205,False,nan,nan,False,False
1823,9.115,0.004993004999960249,0.0012374839998301468,5.360000614018645e-06,0.0009606060002624872,0.0008771900002102484,4.300999989936827e-05,0.0036987369994676556,0.0031302521438448644,0.0020000000000000018,0.6260504287689729,17.888543846546554,0.08364868968089752,False,nan,nan,False,False
1824,9.120000000000001,0.004998927999622538,0.0013441929995678947,4.7789999371161684e-06,0.002026789999945322,0.0010046580000562244,4.307999915909022e-05,0.003587047000110033,0.003020004820181423,0.0020000000000000018,0.6040009640362846,15.932610774889092,0.08358948681460103,False,nan,nan,False,False
1825,9.125,0.004988186999980826,0.00131446799969126,4.798999725608155e-06,0.0006542130004163482,0.0008463020003546262,4.409199937072117e-05,0.0036323009999250644,0.0032115259396418927,0.0020000000000000018,0.6423051879283785,16.000010294431316,0.08126565479738883,False,nan,nan,False,False
1826,9.13,0.005015548000301351,0.0013714139995499863,7.042999641271308e-06,0.0017152969994640443,0.0010216000000582426,4.30410000262782e-05,0.003556340000614,0.0031953939788710714,0.0020000000000000018,0.6390787957742142,15.198339497692007,0.07894592294947046,False,nan,nan,False,False
1827,9.135,0.0049868039995999425,0.0011922200001208694,5.0499993449193425e-06,0.0005830199997944874,0.0008299519995489391,4.128700038563693e-05,0.0037461140000232263,0.003157609596678039,0.0020000000000000018,0.6315219193356078,13.874971870580266,0.08213991959661805,False,nan,nan,False,False
1828,9.14,0.005010308999771951,0.001375211000777199,7.573999937449116e-06,0.001676103999670886,0.0010161000000152853,4.215900025883457e-05,0.003553904999535007,0.002991102335872625,0.0018842646888592718,0.5982204671745249,17.888607009165803,0.0854704864040652,False,nan,nan,False,False
1829,9.145,0.004986644000382512,0.0011847850000776816,4.818999514100142e-06,0.0010704910000640666,0.0008312640002259286,4.6285999815154355e-05,0.0037608419997923193,0.0029872339183630776,0.0020000000000000018,0.5974467836726155,17.888617959407664,0.08247435543070104,False,nan,nan,False,False
1830,9.15,0.00502080800015392,0.0013848990001861239,1.2122999578423332e-05,0.0016250580001724302,0.0010184339998886571,4.267999975127168e-05,0.003538426999512012,0.0029698048503304098,0.0020000000000000018,0.593960970066082,16.000007899030127,0.08105033915210391,False,nan,nan,False,False
1831,9.155,0.004987114999494224,0.00126066700067895,4.969000656274147e-06,0.0010267699999531033,0.0008879810002326849,4.8010000682552345e-05,0.003674511000099301,0.0029696076334811963,0.0020000000000000018,0.5939215266962392,16.657738495558668,0.07767645520324758,False,nan,nan,False,False
1832,9.16,0.00499731400032033,0.0014204560002326616,6.468100036727265e-05,0.001664170999902126,0.0010044680002465611,4.22590001107892e-05,0.0035162949998266413,0.0028567778158787014,0.0020000000000000018,0.5713555631757402,17.89087540175311,0.07829885937792364,False,nan,nan,False,False
1833,9.165000000000001,0.004992694999600644,0.001228968000759778,4.798999725608155e-06,0.0010016730002462282,0.0008619419995739008,4.202900072414195e-05,0.0037160389993005083,0.003064441392725955,0.0020000000000000018,0.6128882785451909,16.060615578681237,0.07666973544717333,False,nan,nan,False,False
1834,9.17,0.005007373000808002,0.001359090999358159,7.304000064323191e-06,0.0016052209994086297,0.001017001999571221,4.6658000428578816e-05,0.0035797640002783737,0.002861318291902463,0.0020000000000000018,0.5722636583804925,17.586907328498203,0.07777645027908447,False,nan,nan,False,False
1835,9.175,0.004994859999897017,0.0011815389998446335,4.6590002966695465e-06,0.0010174220005865209,0.0008442379994448856,4.0795999666443095e-05,0.00376040099945385,0.0030646097793198927,0.0020000000000000018,0.6129219558639785,17.888543820001548,0.07606874201431192,False,nan,nan,False,False
1836,9.18,0.005002404000151728,0.0013194869998187642,5.099000190966763e-06,0.001603368999894883,0.0009423920000699582,5.237799996393733e-05,0.0036274619997129776,0.0027833688881597485,0.0018000000000000238,0.5566737776319497,19.595917942268013,0.08065357271368034,False,nan,nan,False,False
1837,9.185,0.005030024999541638,0.0012671289996433188,6.222000592970289e-06,0.0009859430001597502,0.0009187680007016752,4.364100004750071e-05,0.0036680590001196833,0.0030646097793198927,0.0020000000000000018,0.6129219558639785,19.595917942268013,0.07279162739510212,False,nan,nan,False,False
1838,9.19,0.005011190000004717,0.0014516439996441477,6.03099942964036e-06,0.0018394389999230043,0.0009831179995671846,4.353199983597733e-05,0.00344963000043208,0.0027833688881597485,0.0018000000000000238,0.5566737776319497,19.595917942268013,0.07364271026933344,False,nan,nan,False,False
1839,9.195,0.004975722999915888,0.0013184059998820885,5.830000191053841e-06,0.0006470100006481516,0.0008843329997034743,4.364200049167266e-05,0.0037247239997668657,0.0030646097793198927,0.0020000000000000018,0.6129219558639785,19.595917942268013,0.07668747446979197,False,nan,nan,False,False
1840,9.200000000000001,0.005122227999891038,0.0012471019999793498,6.0919992392882705e-06,0.0001339999998890562,0.00090446099966357,4.4242000512895174e-05,0.0035638240005937405,0.0027833688881597485,0.0018000000000000238,0.5566737776319497,19.595917942268013,0.08080095877867677,False,nan,nan,False,False
1841,9.205,0.004886636999799521,0.0013898890001655673,6.001000656397082e-06,0.0006298270000115735,0.0008839029997034231,5.353999949875288e-05,0.0035412420002103318,0.0030646097793198927,0.0020000000000000018,0.6129219558639785,19.595917942268013,0.0752379438015235,False,nan,nan,False,False
1842,9.21,0.00501709100080916,0.001342319999821484,8.1450007201056e-06,0.0017489709998699254,0.0009537030000501545,4.4252999941818416e-05,0.003562752000107139,0.002938379122909805,0.0018000000000000238,0.587675824581961,19.59591794226439,0.07667209246165557,False,nan,nan,False,False
1843,9.215,0.0049789499998951214,0.0013864729999113479,6.092000148782972e-06,0.0006299380002019461,0.0008612000001448905,4.6316999942064285e-05,0.0035516500001904205,0.0030646097793198927,0.0020000000000000018,0.6129219558639785,19.59591794226439,0.07783127721331931,False,nan,nan,False,False
1844,9.22,0.0050278809994779294,0.0013819840005453443,8.355999852938112e-06,0.001752868000039598,0.001027370999509003,4.3310999899404123e-05,0.003517877999911434,0.002938379122909805,0.0018000000000000238,0.587675824581961,19.59591794226439,0.0767183731223203,False,nan,nan,False,False
1845,9.225,0.004973099000380898,0.001314006999564299,6.100999598857015e-06,0.0006307889998424798,0.00089050499991572,4.426200030138716e-05,0.003617745000155992,0.0030646097793198927,0.0020000000000000018,0.6129219558639785,19.59591794226439,0.07450408733261155,False,nan,nan,False,False
1846,9.23,0.005018003000259341,0.00137200499921164,8.446000720141456e-06,0.0017529670003568754,0.0010139160003745928,5.277899981592782e-05,0.003540941000210296,0.002938379122909805,0.0018000000000000238,0.587675824581961,19.595917942264386,0.07964303416457076,False,nan,nan,False,False
1847,9.235,0.00498856799913483,0.001367366000522452,5.80100004299311e-06,0.0006307189996732632,0.0008531160001439275,4.6457000280497596e-05,0.0035620910002762685,0.0030646097793198927,0.0020000000000000018,0.6129219558639785,19.595917942264386,0.07579054366982527,False,nan,nan,False,False
1848,9.24,0.0050191640002594795,0.0013876950006306288,8.536000677850097e-06,0.0017566750002515619,0.0010266200006299186,4.398199962452054e-05,0.0035119769991069916,0.002938379122909805,0.0018000000000000238,0.587675824581961,19.595917942264386,0.07967038196622869,False,nan,nan,False,False
1849,9.245000000000001,0.004974632000084966,0.001365152999824204,5.751000571763143e-06,0.000631200000498211,0.0008586650001234375,4.514400006883079e-05,0.003567200000361481,0.0030646097793198927,0.0020000000000000018,0.6129219558639785,19.595917942264386,0.07790203569851492,False,nan,nan,False,False
1850,9.25,0.005020888000217383,0.001387223999699927,7.974999789439607e-06,0.0017576159998498042,0.0010365079997427529,4.407300002640113e-05,0.003525222000462236,0.002938379122909805,0.0018000000000000238,0.587675824581961,19.595917942264386,0.07881261997943938,False,nan,nan,False,False
1851,9.255,0.00500748400008888,0.0014101959995969082,7.243999789352529e-06,0.0006522499998027342,0.0009919549993355758,4.6457000280497596e-05,0.0034939329998451285,0.0030646097793198927,0.0020000000000000018,0.6129219558639785,19.595917942264386,0.07280701870942931,False,nan,nan,False,False
1852,9.26,0.004974720999598503,0.001466511999751674,7.814000127837062e-06,0.0016833879999467172,0.0011052259997086367,4.4023000555171166e-05,0.003444150000177615,0.002938379122909805,0.0018000000000000238,0.587675824581961,19.595917942264386,0.07879550463434297,False,nan,nan,False,False
1853,9.265,0.004968551000274601,0.0012949209994985722,4.688000444730278e-06,0.0010254779999741004,0.0008439379998890217,4.5945999772811774e-05,0.0036578690005626413,0.0030646097793198927,0.0020000000000000018,0.6129219558639785,19.595917942264386,0.07527643189273964,False,nan,nan,False,False
1854,9.27,0.005013543999666581,0.0013711239998883684,5.289999535307288e-06,0.001591676000316511,0.0010333119998904294,4.247899960319046e-05,0.0035618000001704786,0.002938379122909805,0.0018000000000000238,0.587675824581961,19.595917942264386,0.07837865428548849,False,nan,nan,False,False
1855,9.275,0.004997815000024275,0.0011934310005017323,5.079999937152024e-06,0.0009879270000965334,0.0008414739995714626,4.136700044909958e-05,0.003737860000001092,0.0030646097793198927,0.0020000000000000018,0.6129219558639785,19.595917942264386,0.07481692452542807,False,nan,nan,False,False
1856,9.28,0.00499208500059467,0.0013280519997351803,5.359999704523943e-06,0.0020537399996101158,0.0009390160003022174,4.157799958193209e-05,0.0036135270001977915,0.002938379122909805,0.0018000000000000238,0.587675824581961,19.595917942264386,0.07961449062656994,False,nan,nan,False,False
1857,9.285,0.004998465999960899,0.0011883919996762415,4.679000085161533e-06,0.000955066000642546,0.000836303999676602,4.486400030145887e-05,0.003754088999812666,0.0030646097793198927,0.0020000000000000018,0.6129219558639785,19.595917942264386,0.07749416000546205,False,nan,nan,False,False
1858,9.290000000000001,0.005000520000066899,0.0013109909996273927,4.7789999371161684e-06,0.0020171920004941057,0.0009559079999235109,4.2439999560883734e-05,0.0036326219997135922,0.002938379122909805,0.0018000000000000238,0.587675824581961,19.595917942264386,0.07463895138102973,False,nan,nan,False,False
1859,9.295,0.005000139000003401,0.0011823309996543685,5.2400000640773214e-06,0.0009531420000712387,0.0008347009998033172,4.2179000047326554e-05,0.0037608419997923193,0.0030646097793198927,0.0020000000000000018,0.6129219558639785,19.595917942264386,0.07221382779232641,False,nan,nan,False,False
1860,9.3,0.005002212999897893,0.0014004889999341685,5.29000044480199e-06,0.0020139250000283937,0.001045535000230302,4.204800006846199e-05,0.0035397989995544776,0.002938379122909805,0.0018000000000000238,0.587675824581961,19.595917942264386,0.07835104979889493,False,nan,nan,False,False
1861,9.305,0.004999789000066812,0.0011969979996138136,4.818999514100142e-06,0.0009500259993728832,0.0008571629996367847,4.212800013192464e-05,0.0037427990000651334,0.0030646097793198927,0.0020000000000000018,0.6129219558639785,19.595917942264386,0.07694063022403579,False,nan,nan,False,False
1862,9.31,0.004999437999686052,0.0013644909995491616,5.030000465922058e-06,0.0020117419999223785,0.001023243000418006,4.098699992027832e-05,0.0035783710000032443,0.002938379122909805,0.0018000000000000238,0.587675824581961,19.595917942264386,0.07698534115348495,False,nan,nan,False,False
1863,9.315,0.0049989270000878605,0.0011926999995921506,4.638999598682858e-06,0.0009562279992678668,0.0008447990003332961,4.153800000494812e-05,0.0037500920007005334,0.003050800874178293,0.0020000000000000018,0.6101601748356585,17.53627575189249,0.07545738082059295,False,nan,nan,False,False
1864,9.32,0.0050040070000250125,0.001319797999713046,5.239000529400073e-06,0.0020160100002613035,0.0009502370003247051,4.129700027988292e-05,0.003634896000221488,0.0027741121356003604,0.0018000000000000238,0.5548224271200721,18.008972623297595,0.07971499438639305,False,nan,nan,False,False
1865,9.325000000000001,0.005046706000030099,0.0014760100002604304,7.083000127749983e-06,0.0009357500002806773,0.0009689720000096713,4.890099990007002e-05,0.0034457829997336376,0.0028318078142852837,0.0020000000000000018,0.5663615628570567,15.237389038739312,0.07738004662880525,False,nan,nan,False,False
1866,9.33,0.005028822999520344,0.0015705470004832023,7.614000423927791e-06,0.0020812009997825953,0.0011781729999711388,4.834099945583148e-05,0.0033082559993999894,0.002580622077546046,0.0018000000000000238,0.5161244155092092,17.322340676706272,0.0772720750750901,False,nan,nan,False,False
1867,9.335,0.004957619999913732,0.0014796970008319477,6.7129994931747206e-06,0.0009288470000683446,0.0009880980005618767,6.424999992304947e-05,0.0034395109996694373,0.0027385314077504794,0.0020000000000000018,0.5477062815500958,16.753556623571008,0.0749511792379305,False,nan,nan,False,False
1868,9.34,0.004993948000446835,0.0014768109995202394,6.301999746938236e-06,0.0019833789992844686,0.00108256400017126,5.3138999646762386e-05,0.003445923000072071,0.0025092678963312535,0.0018000000000000238,0.5018535792662507,14.44477518506143,0.07640736899914709,False,nan,nan,False,False
1869,9.345,0.005001372000151605,0.0015606580000167014,6.200999450811651e-06,0.0006342159995256225,0.0010082749995490303,4.500399973039748e-05,0.0033629579993430525,0.0023404710923261907,0.001638053898600722,0.46809421846523813,15.312170416072144,0.07361441667683119,False,nan,nan,False,False
1870,9.35,0.0050032549997922615,0.0013835370000379044,1.591000000189524e-05,0.0017769129999578581,0.0009739110000737128,4.4273000639805105e-05,0.0035330459995748242,0.0021164474551066646,0.001438053898600744,0.42328949102133295,16.971853094830404,0.07523324969759396,False,nan,nan,False,False
1871,9.355,0.004994027000066126,0.0014440309996643919,6.1110004025977105e-06,0.0005309030002536019,0.0009564189995217021,4.573499973048456e-05,0.0034809879998647375,0.001975315369869958,0.001238053898600766,0.3950630739739916,17.64662237539283,0.06456368848968962,False,nan,nan,False,False
1872,9.36,0.004993507000108366,0.0013962409993837355,5.609999789157882e-06,0.0016029770004024613,0.0010453450004206388,4.418299977260176e-05,0.003532496000843821,0.0019368976877603883,0.0011483353927030926,0.3873795375520776,17.546821499449287,0.06275717449923314,False,nan,nan,False,False
1873,9.365,0.005009167000025627,0.0014156669994918047,5.731000783271156e-06,0.0009902219999275985,0.0009388360003868002,4.641700070351362e-05,0.003511255000375968,0.0023126180621776517,0.0013483353927030706,0.4625236124355304,17.89222794782316,0.05904984804633167,False,nan,nan,False,False
1874,9.370000000000001,0.005000289999770757,0.0013540110003305017,6.301000212260988e-06,0.001998146000005363,0.0009989879999920959,4.496400015341351e-05,0.0035644149993458996,0.002345295492064095,0.0015483353927030485,0.46905909841281895,17.232029510740823,0.056060028003618076,False,nan,nan,False,False
1875,9.375,0.004994748999706644,0.001347168999927817,6.201999894983601e-06,0.0008304530001623789,0.0009720480002215481,4.7248000555555336e-05,0.003577679000045464,0.002570033263212518,0.0017483353927030265,0.5140066526425036,17.983477714360212,0.054188638957309236,False,nan,nan,False,False
1876,9.38,0.004995440000129747,0.00138309600060893,6.2609997257823125e-06,0.001811406999877363,0.0010333119998904294,4.680800066125812e-05,0.0035477939991324092,0.0026047070415402304,0.0019483353927030045,0.5209414083080461,15.527065663979393,0.05943539790490784,False,nan,nan,False,False
1877,9.385,0.005007343000215769,0.0014577960000679013,5.731000783271156e-06,0.0006576490004590596,0.0010496129998500692,5.0563999138830695e-05,0.003459638999629533,0.002671231771567728,0.0020000000000000018,0.5342463543135456,16.65549672196922,0.05599164367294077,False,nan,nan,False,False
1878,9.39,0.005063788999905228,0.0012514589998318115,6.331999429676216e-06,4.255900057614781e-05,0.0008822199997666758,4.432300011103507e-05,0.0036119940004937234,0.0027227783328725827,0.0020000000000000018,0.5445556665745165,12.157061566860543,0.06337052413861291,False,nan,nan,False,False
1879,9.395,0.004939716000080807,0.001361055000415945,6.1920000007376075e-06,0.0005197720001888229,0.0009583219998603454,4.4784000237996224e-05,0.003563742999176611,0.002576610495246612,0.0020000000000000018,0.5153220990493224,11.869573064700102,0.06093613535234352,False,nan,nan,False,False
1880,9.4,0.004997695000383828,0.0014171399998303968,6.001000656397082e-06,0.001574925000568328,0.0010516369993638364,4.890099990007002e-05,0.0035040109996771207,0.002483298031213904,0.0020000000000000018,0.4966596062427808,11.54267727180588,0.06392008401605735,False,nan,nan,False,False
1881,9.405,0.005004065999855811,0.0013102399998388137,5.990999852656387e-06,0.0009190190003209864,0.0009405689997947775,4.678799996327143e-05,0.0036225439998816,0.002389726945756496,0.0020000000000000018,0.47794538915129925,13.259113305279717,0.06818910582827778,False,nan,nan,False,False
1882,9.41,0.005004898999686702,0.0013834159999532858,7.593999725941103e-06,0.0020198470001560054,0.0010199169992120005,4.344100034359144e-05,0.003526254000462359,0.002420364707190594,0.0020000000000000018,0.48407294143811885,12.992025247096489,0.0666639212271219,False,nan,nan,False,False
1883,9.415000000000001,0.00497954100046627,0.001264312999410322,5.5499995141872205e-06,0.0008388690002902877,0.000907035999262007,4.381200051284395e-05,0.003657940000266535,0.0023195369196685393,0.0020000000000000018,0.4639073839337079,12.235731953285963,0.06431607519252479,False,nan,nan,False,False
1884,9.42,0.004990179999367683,0.0013463380000757752,5.580000106419902e-06,0.0018655389994819416,0.00099847699948441,4.695799998444272e-05,0.003594169999814767,0.0022376037769834883,0.0020000000000000018,0.44752075539669767,14.036987331955887,0.06607142056896165,False,nan,nan,False,False
1885,9.425,0.005019265000555606,0.001445232999685686,6.180999662319664e-06,0.0006683100000373088,0.0009444459992664633,4.6315999497892335e-05,0.0034776120000969968,0.00229245106127795,0.0020000000000000018,0.45849021225559,11.904095523727042,0.06429158232480478,False,nan,nan,False,False
1886,9.43,0.004994859999897017,0.0013613860000987188,5.660999704559799e-06,0.0017158190003101481,0.0010172720003538416,4.406299922266044e-05,0.003563743000086106,0.00228378659584384,0.0020000000000000018,0.45675731916876794,13.149456940078393,0.06621524347178921,False,nan,nan,False,False
1887,9.435,0.0050057999997079605,0.0013952190001873532,5.961000169918407e-06,0.0005449990003398852,0.000945466999837663,4.418300068209646e-05,0.0035291879994474584,0.0022716453550102127,0.0020000000000000018,0.45432907100204245,11.888695087441997,0.057809922195381974,False,nan,nan,False,False
1888,9.44,0.00499742400006653,0.0014599099995393772,6.2219996834755875e-06,0.0015550570005871123,0.0010956090000036056,5.215700002736412e-05,0.003466933000709105,0.0022285942666627366,0.0020000000000000018,0.4457188533325473,11.353784820532246,0.060236516311963154,False,nan,nan,False,False
1889,9.445,0.0050058099996022065,0.001408955000442802,6.1410000853356905e-06,0.0010074539995912346,0.0009362509999846225,4.593600078806048e-05,0.003504422000332852,0.0022843115260708547,0.0020000000000000018,0.45686230521417087,11.415676601861517,0.060727530543735024,False,nan,nan,False,False
1890,9.450000000000001,0.004982607000783901,0.0014881419992889278,6.672999916190747e-06,0.0014216379995559691,0.001128941000388295,4.365199947642395e-05,0.0034429580000505666,0.0022295152958727847,0.0020000000000000018,0.44590305917455686,11.76457836049091,0.05917626809401014,False,nan,nan,False,False
1891,9.455,0.004999557999326498,0.0012463809998735087,5.500999577634502e-06,0.0008890520002751146,0.0008848639999996522,4.1958000110753346e-05,0.0036814730001424323,0.002286907330554455,0.0020000000000000018,0.45738146611089087,11.371767080267908,0.05614789376896364,False,nan,nan,False,False
1892,9.46,0.00498557199989591,0.0013903000008212985,5.099999725644011e-06,0.0018645259997356334,0.001035186000081012,4.221899962431053e-05,0.0035527430000001914,0.0023110656277778815,0.0020000000000000018,0.46221312555557625,16.000435121343692,0.05937461093224866,False,nan,nan,False,False
1893,9.465,0.005007072000807966,0.001277779999327322,5.169000360183418e-06,0.0007115199996405863,0.000922484999136941,5.2517999392875936e-05,0.0036619170004996704,0.002325325612742254,0.0020000000000000018,0.4650651225484508,13.992129984259071,0.06198119624342247,False,nan,nan,False,False
1894,9.47,0.005000880999432411,0.0013380520003920537,5.050000254414044e-06,0.001771381999787991,0.0010069519994431175,4.222799998387927e-05,0.0036110519995418144,0.002304614827702403,0.0020000000000000018,0.4609229655404807,12.590929367462632,0.06368902638172655,False,nan,nan,False,False
1895,9.475,0.005012542999793368,0.0012605270003405167,5.339999916031957e-06,0.0006331840004349942,0.000885155000105442,4.153700047027087e-05,0.00366285899963259,0.0024012387416291778,0.0020000000000000018,0.48024774832583544,16.00006338415845,0.057502434796420254,False,nan,nan,False,False
1896,9.48,0.004983929000445642,0.0013363389998630737,5.169999894860666e-06,0.0016379730004700832,0.000999518999378779,4.307000017433893e-05,0.003603967999879387,0.0025574641560670397,0.0020000000000000018,0.5114928312134079,16.000000599013426,0.058914239291209536,False,nan,nan,False,False
1897,9.485,0.005006981999940763,0.0012693839998974,5.32000012753997e-06,0.00042764000045281136,0.0008810769995761802,7.673300024180207e-05,0.003663479000351799,0.0024424680865351607,0.0020000000000000018,0.4884936173070321,13.182782816270956,0.06275978937832428,False,nan,nan,False,False
1898,9.49,0.004993997999918065,0.0013592309996965923,5.068999598734081e-06,0.0015406709999297163,0.0010140370004592114,5.176699960429687e-05,0.0035774900006799726,0.0025416583394641903,0.0020000000000000018,0.508331667892838,14.124753485873917,0.06579304711389951,False,nan,nan,False,False
1899,9.495000000000001,0.0050083449996236595,0.001204151000820275,5.991999387333635e-06,0.000831194000056712,0.0008367840000573779,4.1276999581896234e-05,0.003722931999618595,0.0026120507698930272,0.0020000000000000018,0.5224101539786054,14.15361575877899,0.06131662552194595,False,nan,nan,False,False
1900,9.5,0.004988097000023117,0.0013482510003086645,5.019000127504114e-06,0.0019442550001258496,0.000980193000032159,4.2128999666601885e-05,0.0035902629997508484,0.002578870328994599,0.0020000000000000018,0.5157740657989198,14.894807447346656,0.06618664942194097,False,nan,nan,False,False
1901,9.505,0.0050024330002997885,0.001190054999824497,5.610999323835131e-06,0.0007775540007060044,0.000849187999847345,4.015500053355936e-05,0.0037451230000442592,0.002795523466925437,0.0020000000000000018,0.5591046933850873,16.000002569665238,0.07120400055969711,False,nan,nan,False,False
1902,9.51,0.004993327000192949,0.0013583700001618126,4.999000339012127e-06,0.0018414930000290042,0.0010231739997834666,4.68380003439961e-05,0.0035871869995389716,0.0026688318611002666,0.0020000000000000018,0.5337663722200533,13.865376629572783,0.0720709111705944,False,nan,nan,False,False
1903,9.515,0.0050088050002159434,0.001205523999487923,5.471000804391224e-06,0.0006420709996746155,0.0008716000002095825,4.278000051272102e-05,0.0037399230004666606,0.0029209613932281255,0.0020000000000000018,0.5841922786456251,16.00005168480801,0.06552475274604154,False,nan,nan,False,False
1904,9.52,0.005008995999560284,0.0013665750002473942,5.2699997468153015e-06,0.0017537889998493483,0.0009222749995387858,4.301999979361426e-05,0.0035621010001705145,0.0030682501895328627,0.0020000000000000018,0.6136500379065725,12.168550400472153,0.06744640606649684,False,nan,nan,False,False
1905,9.525,0.004990502000509878,0.001238715999534179,5.128999873704743e-06,0.0005389879997892422,0.000840741000502021,4.2579999899317045e-05,0.0036956599997211015,0.0029746659358701405,0.0020000000000000018,0.5949331871740281,13.94317243643794,0.06952356170987034,False,nan,nan,False,False
1906,9.53,0.0049923039996429,0.0013617869999507093,4.9899999794433825e-06,0.0015951630002746242,0.0010299559999111807,4.156700015300885e-05,0.003582938999898033,0.0032521531811661617,0.0020000000000000018,0.6504306362332323,15.647654541133527,0.07455559305406717,False,nan,nan,False,False
1907,9.535,0.005006981999940763,0.001212267000482825,5.098999281472061e-06,0.0009589230003257398,0.0008535560000382247,4.0234999687527306e-05,0.0037235929994494654,0.0031639043985577575,0.0020000000000000018,0.6327808797115515,12.513298973573633,0.07188315871328524,False,nan,nan,False,False
1908,9.540000000000001,0.004996263000066392,0.0013075340002615121,6.1410000853356905e-06,0.001454259000638558,0.0009279460000470863,4.098699992027832e-05,0.0036325219998616376,0.0034632249343118124,0.0020000000000000018,0.6926449868623624,16.000322363857187,0.07556790651887843,False,nan,nan,False,False
1909,9.545,0.005005207999602135,0.0012226160006321152,5.4000001910026185e-06,0.0008435669997197692,0.0008680629998707445,5.549400066229282e-05,0.003713072999744327,0.0034768434380330624,0.0020000000000000018,0.6953686876066124,11.372737534292165,0.08217593845409163,False,nan,nan,False,False
1910,9.55,0.004996463000679796,0.0013740790000156267,4.708999767899513e-06,0.0017952369998965878,0.0009320520002802368,4.246900061843917e-05,0.0035650859999805107,0.0032329647230364147,0.0020000000000000018,0.646592944607283,14.190062825197419,0.08314532672760849,False,nan,nan,False,False
1911,9.555,0.005003324999961478,0.001207016999615007,4.6889999794075266e-06,0.0007487200000468874,0.0008796149995760061,4.182900011073798e-05,0.0037293030000000726,0.0033351343303656875,0.0020000000000000018,0.6670268660731375,12.901266176181817,0.08449218752420344,False,nan,nan,False,False
1912,9.56,0.005003917000067304,0.0013513869998860173,5.249999958323315e-06,0.0018148540002584923,0.0010657430002538604,2.9995999284437858e-05,0.003581726999982493,0.003497877715555292,0.0020000000000000018,0.6995755431110584,16.00002709334362,0.08751809100293251,False,nan,nan,False,False
1913,9.565,0.005003795999982685,0.0013617159993373207,5.74100067751715e-06,0.0006546839995280607,0.0009549960004733293,4.270000044925837e-05,0.00358446200061735,0.00339160048569593,0.0020000000000000018,0.678320097139186,11.110265589096668,0.08831748760032192,False,nan,nan,False,False
1914,9.57,0.00499028099966381,0.0011199439995834837,3.696000021591317e-06,8.865600011631614e-05,0.000789175999670988,3.992399979324546e-05,0.0038059170001361053,0.0036146045817601878,0.0020000000000000018,0.7229209163520375,13.380528659765906,0.09369363833110332,False,nan,nan,False,False
1915,9.575000000000001,0.004980843000339519,0.000979170999926282,4.098000317753758e-06,0.000488784000481246,0.0006858520000605495,4.2860000576183666e-05,0.003969682999922952,0.0034465366457925267,0.0020000000000000018,0.6893073291585053,12.221608748168373,0.08888845107024475,False,nan,nan,False,False
1916,9.58,0.005018353999730607,0.0011142829998789239,5.038999915996101e-06,0.001601003000359924,0.0008123289999275585,3.472499975032406e-05,0.003804984999987937,0.00358729410142441,0.0020000000000000018,0.717458820284882,11.803296728577498,0.0870575995879031,False,nan,nan,False,False
1917,9.585,0.004987966000044253,0.0009894100003293715,4.829000317840837e-06,0.0010427500001242151,0.0007003099999565165,3.386300068086712e-05,0.003939776999686728,0.003464716856769846,0.0020000000000000018,0.6929433713539691,11.582791772983395,0.09415396152804457,False,nan,nan,False,False
1918,9.59,0.004996994000066479,0.001109193999582203,4.657999852497596e-06,0.0015852449996600626,0.0008291009999084054,3.4735000554064754e-05,0.003821514999799547,0.0035027814433847677,0.0020000000000000018,0.7005562886769534,10.112288999357677,0.0918213836856817,False,nan,nan,False,False
1919,9.595,0.004992164000213961,0.0009765759996298584,4.3280006138957106e-06,0.0010056499995698687,0.0006945390005057561,4.458399962459225e-05,0.003965054000218515,0.003458528535683936,0.0020000000000000018,0.6917057071367871,11.484469389818386,0.09001818734999865,False,nan,nan,False,False
1920,9.6,0.005011750999983633,0.0011442499999247957,6.731999746989459e-06,0.0015830199999982142,0.0008430960006080568,3.463499979261542e-05,0.0038036420000935323,0.003330584825967957,0.0020000000000000018,0.6661169651935913,10.967063070432703,0.08831505439313068,False,nan,nan,False,False
1921,9.605,0.005018663999180717,0.0015667600000597304,5.740999768022448e-06,0.0010305369996785885,0.0009423310002603102,0.0002481040000930079,0.003367036000781809,0.0034958923300113416,0.0020000000000000018,0.6991784660022683,16.06637704985318,0.09053846236296294,False,nan,nan,False,False
1922,9.61,0.005004648000067391,0.0015066070000102627,6.872000085422769e-06,0.0015712879994680407,0.001132997999775398,4.298000021663029e-05,0.003427819000535237,0.003441186340872133,0.0020000000000000018,0.6882372681744265,9.032602569640416,0.09401518313199146,False,nan,nan,False,False
1923,9.615,0.005001291000553465,0.0014174910002111574,5.2999994295532815e-06,0.0009645230002206517,0.0009416009997949004,4.8009000238380395e-05,0.0035086899997622822,0.003252160762769406,0.0020000000000000018,0.6504321525538812,11.730735592787736,0.08549181006063385,False,nan,nan,False,False
1924,9.620000000000001,0.004987495999557723,0.0015107050003280165,4.878999789070804e-06,0.0019828679996862775,0.0011368260002200259,4.145699949731352e-05,0.0034326679997320753,0.0034459182438612065,0.0020000000000000018,0.6891836487722413,15.71517918998125,0.09183811361915076,False,nan,nan,False,False
1925,9.625,0.005014977000428189,0.0011901959996976075,5.511000381375197e-06,0.000854748000165273,0.0009110829996643588,3.0326000342029147e-05,0.0037282210005287197,0.003445498988833578,0.0020000000000000018,0.6890997977667155,11.080439804461209,0.08965830880047436,False,nan,nan,False,False
1926,9.63,0.004986334000022907,0.0014435389994105208,4.978999641025439e-06,0.0018694849995881668,0.00108230400019238,4.2008000491478015e-05,0.0034983920004378888,0.0032840708703508227,0.0020000000000000018,0.6568141740701645,12.530432452933173,0.09205668907443658,False,nan,nan,False,False
1927,9.635,0.00500800400004664,0.0014660409997304669,5.050000254414044e-06,0.0006845699999757926,0.000965685000664962,4.9172000217367895e-05,0.0035374750004848465,0.0034714053949688323,0.0020000000000000018,0.6942810789937666,15.6425626582187,0.08915592559068597,False,nan,nan,False,False
1928,9.64,0.0050650809998842306,0.0012621500000022934,4.828999408346135e-06,0.00010990500049956609,0.0009157320000667823,4.182800057606073e-05,0.0036052010000275914,0.003281755478028896,0.0020000000000000018,0.6563510956057791,12.96515768251548,0.08825914881045527,False,nan,nan,False,False
1929,9.645,0.004934736999530287,0.0013307080007507466,5.399999281507917e-06,0.0005396999995355145,0.0009238180000465945,4.283999987819698e-05,0.0036051509996468667,0.0033737146553347425,0.0020000000000000018,0.6747429310669485,9.841834034164558,0.08877747231563608,False,nan,nan,False,False
1930,9.65,0.004999458000384038,0.0014108380000834586,4.829000317840837e-06,0.0015401399996335385,0.0010077739998450852,4.3030000597354956e-05,0.0035192200002711616,0.0032115887607031164,0.0020000000000000018,0.6423177521406233,11.980275937101858,0.09320547863313637,False,nan,nan,False,False
1931,9.655,0.004996943000151077,0.001298258000133501,6.5019994508475065e-06,0.0009003429995573242,0.0009213729999828502,4.3260999518679455e-05,0.0036330029997770907,0.0033472641416822935,0.0020000000000000018,0.6694528283364587,8.596486745091212,0.09002648231683116,False,nan,nan,False,False
1932,9.66,0.00499265500002366,0.0013825659998474293,4.948999958287459e-06,0.0019042199992327369,0.0009666380001362995,5.272900034469785e-05,0.0035626210001282743,0.0031772393438428814,0.0020000000000000018,0.6354478687685763,10.31404576589176,0.08862065913316142,False,nan,nan,False,False
1933,9.665000000000001,0.00501225300013175,0.0012689420000242535,5.680999493051786e-06,0.0007852580001781462,0.000915752000764769,4.8379999498138204e-05,0.0036635209999076324,0.0032381731524776286,0.0020000000000000018,0.6476346304955256,3.4274852631402277,0.08961371338521554,False,nan,nan,False,False
1934,9.67,0.004993075999664143,0.0014598389998354833,8.044999958656263e-06,0.0018553790005171322,0.0010819530007211142,4.332099979365012e-05,0.003478624999843305,0.00308884550856532,0.0020000000000000018,0.617769101713064,9.25365805192223,0.08798716738099015,False,nan,nan,False,False
1935,9.675,0.00500439700044808,0.001291654999477032,5.4210004236665554e-06,0.0006518589998449897,0.0009308209992013872,4.200900002615526e-05,0.003639946000475902,0.0031363229640613568,0.0020000000000000018,0.6272645928122713,2.8758300172065496,0.08521879637316308,False,nan,nan,False,False
1936,9.68,0.005006681999475404,0.0013921629997639684,4.999000339012127e-06,0.0017522359994472936,0.001043782000124338,4.26500000685337e-05,0.0035371530002521467,0.0030041815747724027,0.0020000000000000018,0.6008363149544806,8.95696415984496,0.08364710864643538,False,nan,nan,False,False
1937,9.685,0.004993657000341045,0.0014218480000636191,5.130000317876693e-06,0.0005471229997056071,0.0009394759999850066,4.380200061859796e-05,0.003511545999572263,0.0030513159966321997,0.0020000000000000018,0.61026319932644,3.458551783738058,0.08110907300115687,False,nan,nan,False,False
1938,9.69,0.004993315999854531,0.0014463249999607797,5.129999408381991e-06,0.001574123000864347,0.001093464999939897,4.2098999983863905e-05,0.0034980110003743903,0.002934272611365502,0.0020000000000000018,0.5868545222731004,8.70532462445456,0.0806358622198638,False,nan,nan,False,False
1939,9.695,0.005009657999835326,0.0014220789998944383,5.289999535307288e-06,0.0003578890000426327,0.000910761999875831,4.352199994173134e-05,0.0035086100006083143,0.002978428291000879,0.0020000000000000018,0.5956856582001757,3.5014513930464126,0.08178584385139827,False,nan,nan,False,False
1940,9.700000000000001,0.004999347999728343,0.0014208259999577422,5.128999873704743e-06,0.001392995000060182,0.0010416270006317063,5.175700061954558e-05,0.003618966999965778,0.0028671267883215185,0.0020000000000000018,0.5734253576643037,8.875412399161954,0.07966096578520175,False,nan,nan,False,False
1941,9.705,0.00530203300058929,0.002107159999468422,1.865499962150352e-05,0.0010069729996757815,0.0015891409993855632,4.774899935000576e-05,0.002525913000681612,0.002921346291712398,0.0020000000000000018,0.5842692583424797,4.842716311326271,0.07746188185026084,False,nan,nan,False,False
1942,9.71,0.00469897699986177,0.001466462000280444,5.629999577649869e-06,0.0017480890001024818,0.0010845979995792732,4.480400002648821e-05,0.003466400999968755,0.0028291159098081625,0.0020000000000000018,0.5658231819616325,8.316327079410389,0.08089955639619535,False,nan,nan,False,False
1943,9.715,0.004999867999686103,0.0013052009999228176,5.259999852569308e-06,0.000575456000660779,0.0009206820004692418,4.3902000470552593e-05,0.00362477700036834,0.0028674707587298905,0.0020000000000000018,0.5734941517459781,4.175957459252164,0.07728448058825667,False,nan,nan,False,False
1944,9.72,0.004991193000023486,0.0014964580004743766,4.958999852533452e-06,0.001540471000225807,0.001024516000143194,4.445300055522239e-05,0.003439901999627182,0.0028081819097043356,0.0020000000000000018,0.5616363819408672,6.669145080518538,0.07892391330725931,False,nan,nan,False,False
1945,9.725,0.004999206999855232,0.0012232680001034169,5.270000656310003e-06,0.0009711650000099326,0.0008418639999945299,5.22680002177367e-05,0.0037140650001674658,0.002822482206878904,0.0020000000000000018,0.5644964413757808,2.7830153491022998,0.07326977748307892,False,nan,nan,False,False
1946,9.73,0.004997474999981932,0.001554897000460187,5.330000021785963e-06,0.0014031640002940549,0.00120997200065176,4.214799992041662e-05,0.0033995670000877,0.0027852854316561208,0.0020000000000000018,0.5570570863312242,5.7861359107379275,0.074751918559328,False,nan,nan,False,False
1947,9.735,0.005028432000472094,0.0013745500000368338,6.071000825613737e-06,0.000850198999614804,0.0010055800003101467,6.596399998670677e-05,0.0036598440001398558,0.0027937599793718673,0.0020000000000000018,0.5587519958743734,2.8224315015966663,0.07479102979719043,False,nan,nan,False,False
1948,9.74,0.005150551000042469,0.0016634599996905308,8.865999916451983e-06,0.002125403999343689,0.0012593250003192225,4.843100032303482e-05,0.00315978799972072,0.0027694660316532798,0.0020000000000000018,0.5538932063306559,5.018136726926503,0.07426537261388165,False,nan,nan,False,False
1949,9.745000000000001,0.00494024699946749,0.0017986230004680692,9.067000064533204e-06,0.0009982970004784875,0.0013509959999282728,4.769000042870175e-05,0.0030955679994804086,0.002766506514925045,0.0020000000000000018,0.553301302985009,2.795967949843805,0.0713226640570073,False,nan,nan,False,False
1950,9.75,0.0050095670003429404,0.00195327300025383,8.977000106824562e-06,0.0019469510007183999,0.0015034110001579393,6.506199952127645e-05,0.002925679999862041,0.002756801352578959,0.0020000000000000018,0.5513602705157918,3.09088102015724,0.07341895213206436,False,nan,nan,False,False
1951,9.755,0.004996722999749181,0.0017775040005290066,8.9169998318539e-06,0.0008914659993024543,0.0011678740002025734,5.792800038761925e-05,0.003115955999419384,0.0027520455351256554,0.0020000000000000018,0.550409107025131,1.5681716367904879,0.07249251093644028,False,nan,nan,False,False
1952,9.76,0.005009055999835255,0.0018626930004757014,8.88700014911592e-06,0.002015627999753633,0.0014055780002308893,4.969300061929971e-05,0.0030013320001671673,0.0027420308940163773,0.0020000000000000018,0.5484061788032755,2.5282483704391097,0.0724365091144932,False,nan,nan,False,False
1953,9.765,0.004974472000867536,0.0015645149996998953,8.345999958692119e-06,0.000848417000270274,0.0010877639997488586,4.910200004815124e-05,0.003320478999739862,0.0027352274680906502,0.0020000000000000018,0.54704549361813,1.4525529767672376,0.07006148945197578,False,nan,nan,False,False
1954,9.77,0.004995239999516343,0.001853976999882434,8.105999768304173e-06,0.0019741610003620735,0.0014111489999777405,6.564299928868422e-05,0.003041406000193092,0.002726560428928755,0.0020000000000000018,0.545312085785751,1.3098391491243322,0.06986660750163248,False,nan,nan,False,False
1955,9.775,0.005008946000089054,0.0016511369994987035,8.54600057209609e-06,0.000875546999850485,0.001123670999731985,7.557099979749182e-05,0.0032432740008516703,0.002722328893610717,0.0020000000000000018,0.5444657787221434,0.7567530238714691,0.07101810974932232,False,nan,nan,False,False
1956,9.78,0.005003805999876931,0.001670694000495132,8.305999472213443e-06,0.0020013619996461784,0.0012634220001928043,5.0475000534788705e-05,0.0032095409997054958,0.002710983788704359,0.0020000000000000018,0.5421967577408718,0.8243090831124685,0.0683055012378847,False,nan,nan,False,False
1957,9.785,0.0049910520001503755,0.0015971259999787435,8.435000381723512e-06,0.0008531550001862342,0.001145922999967297,4.921200070384657e-05,0.0032878680003705085,0.002706574504442606,0.0020000000000000018,0.5413149008885211,0.3609897887820373,0.06773761202194423,False,nan,nan,False,False
1958,9.790000000000001,0.004994138000256498,0.0018959250000989414,8.365000212506857e-06,0.0019177759995727683,0.0014496200001303805,5.052399956184672e-05,0.0030829249999442254,0.002706480613302745,0.0020000000000000018,0.5412961226605489,0.4395635350304385,0.07050374043092487,False,nan,nan,False,False
1959,9.795,0.00508840499969665,0.001709234999907494,8.455999704892747e-06,0.0009545249995426275,0.0010910000000876607,5.869000051461626e-05,0.0031138530002863263,0.0027038724258542555,0.0020000000000000018,0.5407744851708511,0.4692814429897295,0.07149172385882807,False,nan,nan,False,False
1960,9.8,0.00493216199993185,0.001823599999625003,8.474999958707485e-06,0.001978108000002976,0.0013723860001846333,6.860899975436041e-05,0.0030788070007474744,0.002698343947963032,0.0020000000000000018,0.5396687895926064,0.49042962812423363,0.07012017725959095,False,nan,nan,False,False
1961,9.805,0.005013062999751128,0.001613207000445982,8.285999683721457e-06,0.0008985699996628682,0.0011264459999438259,5.046400019637076e-05,0.0032465899994349456,0.0026954451677157027,0.0020000000000000018,0.5390890335431405,0.3125014088454467,0.06719446705528659,False,nan,nan,False,False
1962,9.81,0.004968140000528365,0.0016810729994176654,8.6860000010347e-06,0.0019820460001938045,0.0012225460004628985,4.927200006932253e-05,0.003209982000043965,0.002694216268052889,0.0020000000000000018,0.5388432536105777,0.5301985120782442,0.07040440700519521,False,nan,nan,False,False
1963,9.815,0.005001071000151569,0.0015663089998270152,8.455000170215499e-06,0.0008022199999686563,0.001126065000789822,4.8922000132733956e-05,0.0033238949999940814,0.002692344891641652,0.0020000000000000018,0.5384689783283304,0.22019932264244998,0.07165421404948585,False,nan,nan,False,False
1964,9.82,0.004998896999495628,0.001642050000555173,8.425000487477519e-06,0.0019185170003765961,0.0012383459998090984,5.116600004839711e-05,0.00325027799954114,0.002688421569085836,0.0020000000000000018,0.5376843138171672,0.6068048069799429,0.06798974446042419,False,nan,nan,False,False
1965,9.825000000000001,0.005001282000193896,0.001519651000307931,8.425000487477519e-06,0.0008096640003714128,0.0010877439999603666,4.90019992867019e-05,0.0033812219999163062,0.002687702476916112,0.0020000000000000018,0.5375404953832223,0.12226802427388976,0.0673617844444085,False,nan,nan,False,False
1966,9.83,0.005010218000279565,0.001791378999769222,8.37500010675285e-06,0.001974050999706378,0.0013591209999503917,5.102500017528655e-05,0.0031074910002644174,0.0026853885767771746,0.0020000000000000018,0.5370777153554349,0.6214377524478597,0.06767338658847367,False,nan,nan,False,False
1967,9.835,0.005008814999200695,0.00163251300000411,8.476000402879436e-06,0.0008150949997798307,0.0011327780002829968,5.0474000090616755e-05,0.003238515000703046,0.002685370122107736,0.0020000000000000018,0.5370740244215473,0.007599619913140359,0.06814439261746512,False,nan,nan,False,False
1968,9.84,0.004981244000191509,0.0018938520006486215,8.46599959913874e-06,0.0019796019996647374,0.001443709999875864,5.291900015436113e-05,0.00301657999989402,0.0026863477068450694,0.0020000000000000018,0.5372695413690138,0.3833603163233606,0.06589758662695432,False,nan,nan,False,False
1969,9.845,0.0050207280000904575,0.001673548999860941,8.436000825895462e-06,0.000874726000802184,0.0012241289996381965,3.5927000681112986e-05,0.0031705490000604186,0.0026850826344706562,0.0020000000000000018,0.5370165268941313,0.20995161195450338,0.06542397940954381,False,nan,nan,False,False
1970,9.85,0.004955827000230784,0.0019151609994878527,8.615999831818044e-06,0.0019598239996412303,0.0014206159994500922,5.0534999900264665e-05,0.0030086250008025672,0.0026841193301194196,0.0020000000000000018,0.5368238660238839,0.26007888762072917,0.06924204980680594,False,nan,nan,False,False
1971,9.855,0.005032570000366832,0.0016171229999599745,8.255000466306228e-06,0.0007596909999847412,0.0011512830005813157,4.9312000555801205e-05,0.0032481239995831857,0.0026241328225775945,0.0019103950162084882,0.5248265645155189,3.741260373327375,0.06823266566211082,False,nan,nan,False,False
1972,9.86,0.004974891999154352,0.0016003220007405616,8.485999387630727e-06,0.0019531620000634575,0.0011421660001360578,4.938199981552316e-05,0.003306111999336281,0.002624458890629705,0.0019109520982127925,0.524891778125941,0.023484375585236892,0.06543397794599097,False,nan,nan,False,False
1973,9.865,0.005016520000026503,0.0017305860001215478,8.40499978949083e-06,0.0008556200000384706,0.001236932999745477,4.919200000585988e-05,0.003129612000520865,0.0026145373779809236,0.0018926942666170898,0.5229074755961848,0.7884902233229744,0.06336550991192783,False,nan,nan,False,False
1974,9.870000000000001,0.004957959999956074,0.0015282379999916884,7.564000043203123e-06,0.0018170879993704148,0.0011214770001970464,4.843100032303482e-05,0.003359702000125253,0.002619538069298001,0.0019026442663157006,0.5239076138596003,0.4343805979409971,0.06397165674889911,False,nan,nan,False,False
1975,9.875,0.004967258000760921,0.0015403909992528497,6.362000021908898e-06,0.0005609489999187645,0.0009705439997560461,4.8290000449924264e-05,0.003379468000275665,0.002607484333275409,0.0018776948744385624,0.5214968666550819,1.1419165222993617,0.06451197785345644,False,nan,nan,False,False
1976,9.88,0.004998565999812854,0.0014549910001733224,6.020999535394367e-06,0.0016203999994104379,0.0010792479997689952,4.538500070339069e-05,0.0034584369996082387,0.002612271108979482,0.0018889743865637687,0.5224542217958964,0.5380113955313763,0.06381164858064163,False,nan,nan,False,False
1977,9.885,0.004990792000171496,0.0013226430000941036,5.761000466009136e-06,0.0003916830000889604,0.000925199999983306,4.5614999180543236e-05,0.003612525999415084,0.002618246711461963,0.0019041843578473383,0.5236493422923926,0.7888423417574869,0.06695087617413596,False,nan,nan,False,False
1978,9.89,0.005019074999836448,0.0015645459998268052,7.122999704733957e-06,0.0015350910007327911,0.0010877529994104407,4.5235000470711384e-05,0.0033357570000589476,0.0026267609810639637,0.001925842423332158,0.5253521962127927,1.2751641808820302,0.06571974610121054,False,nan,nan,False,False
1979,9.895,0.004970393999428779,0.001472523000302317,5.481000698637217e-06,0.0009397769999850425,0.0009055239997906028,0.00025705000007292256,0.0034642580003492185,0.002642425221213844,0.0019697220996310882,0.5284850442427688,3.7746107857680107,0.06630932021914203,False,nan,nan,False,False
1980,9.9,0.005009998000787164,0.001388966999911645,5.810999937239103e-06,0.0013622169999507605,0.0010429799995108624,4.3992999962938484e-05,0.0035330359996805782,0.0025844362300120986,0.0018644575225785776,0.5168872460024198,5.649852317371572,0.06640046638573185,False,nan,nan,False,False
1981,9.905,0.004994828999770107,0.0012629619996005204,6.00200019107433e-06,0.0008588760001657647,0.0009191780000037397,4.4252999941818416e-05,0.0036618869999074377,0.0026557107174380026,0.0019942388703133584,0.5311421434876005,5.433769197262563,0.06739763930719006,False,nan,nan,False,False
1982,9.91,0.004994077999981528,0.001347198999610555,5.660999704559799e-06,0.0019224939997002366,0.0009972940006264253,4.398199962452054e-05,0.0035887100002582883,0.0025795024227593024,0.0018648561680985054,0.5159004845518604,5.41753962822381,0.07056553508265123,False,nan,nan,False,False
1983,9.915000000000001,0.0050075629997081705,0.0012535040004877374,5.7609995565144345e-06,0.0008785329991951585,0.0009080079998966539,4.541500038612867e-05,0.0036689109992948943,0.0025687624219767,0.0020000000000000018,0.5137524843953399,9.040829090265628,0.0668269871932631,False,nan,nan,False,False
1984,9.92,0.004993997999918065,0.0014146749999781605,5.6799999583745375e-06,0.0018723410003076424,0.0009371520000058808,4.4674000491795596e-05,0.003519311000673042,0.0025325250642180682,0.0019201528676273671,0.5065050128436136,3.6471338488415617,0.06714246931736303,False,nan,nan,False,False
1985,9.925,0.005005901000004087,0.0012534930001493194,5.74100067751715e-06,0.0008836519991746172,0.0009131570004683454,4.3881999772565905e-05,0.0036738500002684304,0.0024544840619746856,0.0017408664770752758,0.49089681239493715,8.020967327344522,0.06553770955834919,False,nan,nan,False,False
1986,9.93,0.004997474000447255,0.0013714239994442323,5.850999514223076e-06,0.0013865929995517945,0.0010279119996994268,4.3711999751394615e-05,0.0035610690001703915,0.0024749001512316747,0.001903850699610743,0.4949800302463349,9.145909436201231,0.06657232398979054,False,nan,nan,False,False
1987,9.935,0.005003395000130695,0.0012641339999390766,5.570999746851157e-06,0.0008560509995731991,0.0009110339997278061,4.3602000005193986e-05,0.0036575989997800207,0.0024206208522393764,0.0017303309032510317,0.4841241704478753,8.548774282565216,0.06292634924221006,False,nan,nan,False,False
1988,9.94,0.004994068000087282,0.0014225599998098915,5.531000169867184e-06,0.0019115739996777847,0.0009362109994981438,4.263000028004171e-05,0.003511054999762564,0.002282526143700981,0.001779967156743112,0.45650522874019617,11.155267507622783,0.06258237907991848,False,nan,nan,False,False
1989,9.945,0.005007312999623537,0.0012554980003187666,5.80100004299311e-06,0.0008729119999770774,0.0009008340002765181,4.372200055513531e-05,0.0036648019995482173,0.0022655043469409723,0.0016683026772166265,0.45310086938819444,6.340823982818871,0.06091667633935262,False,nan,nan,False,False
1990,9.950000000000001,0.004988267000044289,0.001362617999802751,5.470999894896522e-06,0.0019034489996556658,0.0009045409997270326,4.400200032250723e-05,0.0035801340000034543,0.0023217254248688573,0.0014683026772166485,0.4643450849737714,13.96213273277127,0.06336549593310153,False,nan,nan,False,False
1991,9.955,0.00501693099977274,0.0012423329999364796,5.850999514223076e-06,0.0009002030001283856,0.000898138999218645,4.3199999709031545e-05,0.0036722960003316985,0.0022574746697967283,0.0014126504751352797,0.4514949339593457,3.6149003389122147,0.05799244284614187,False,nan,nan,False,False
1992,9.96,0.004982065999683982,0.001353150000795722,5.6200005928985775e-06,0.001883091000308923,0.0010087560003739782,5.11860007463838e-05,0.0035869670000465703,0.0022413276713782165,0.00157934705418028,0.4482655342756433,9.766417256492899,0.05953160164350837,False,nan,nan,False,False
1993,9.965,0.00501159000032203,0.0012606680002136272,5.17999978910666e-06,0.0008644569998068619,0.0009211019996655523,4.2548999772407115e-05,0.003682624999783002,0.00231452968495912,0.00137934705418008,0.4629059369918239,13.966021616762369,0.0600983686780912,False,nan,nan,False,False
1994,9.97,0.005014837000089756,0.001425475999894843,5.7010001910384744e-06,0.0019759140004680376,0.0010597810005492647,4.3480999920575414e-05,0.0034883019998233067,0.0022185058166087116,0.0012985445881867896,0.4437011633217423,4.154795510688402,0.06148563206246008,False,nan,nan,False,False
1995,9.975,0.004985481999938202,0.0013086970002404996,5.560999852605164e-06,0.0008575940000810078,0.0009522009995635017,4.539400015346473e-05,0.0036297569995440426,0.0021434780997065476,0.0014087663244493065,0.4286956199413096,8.89074499487352,0.05971205569865784,False,nan,nan,False,False
1996,9.98,0.005011661000025924,0.001505725000242819,5.34999981027795e-06,0.001980113000172423,0.0009857229997578543,4.3060999814770184e-05,0.0034106779994544922,0.0021119192035038855,0.001438272344991498,0.42238384070077706,15.86417094415326,0.0590025626636931,False,nan,nan,False,False
1997,9.985,0.0049903409999387804,0.0014722030000484665,5.841000529471785e-06,0.0008870089995980379,0.0009558169995216304,0.00020597500042640604,0.003465439999672526,0.001865757012034345,0.0012711151665902864,0.37315140240686895,13.21330575219892,0.058716236709410084,False,nan,nan,False,False
1998,9.99,0.0050095770002371864,0.0014113389997874037,5.820999831485096e-06,0.001972367999769631,0.001055503999850771,4.289999924367294e-05,0.0035038619998886134,0.0016589258615050929,0.0011440930432091712,0.33178517230101856,12.879752912554308,0.05818392314442969,False,nan,nan,False,False
1999,9.995000000000001,0.004990170999917609,0.0013649419997818768,5.500000042957254e-06,0.0008803259997876012,0.0009731989994179457,6.532299994432833e-05,0.0035579830000642687,0.0014971312907109825,0.0010981661811870769,0.2994262581421965,10.048116399013622,0.05439520888524601,False,nan,nan,False,False
