step,time_s,cycle_period_s,cycle_work_s,state_read_s,state_age_s,controller_step_s,publish_s,sleep_s,command_step_norm_rad,command_step_max_abs_rad,command_velocity_norm_rad_s,command_accel_norm_rad_s2,feedback_velocity_norm_rad_s,tcp_pose_used,tcp_pose_age_s,tcp_fk_error_norm_m,deadline_miss,period_overrun
0,0.0,nan,0.0017378709999320563,5.359999704523943e-06,0.000822232999780681,0.0010852069990505697,0.00010053900041384622,0.0033480540005257353,0.0,0.0,0.0,0.0,7.294259418699767e-09,False,nan,nan,False,False
1,0.005,0.005168240000784863,0.0015617509998264723,7.625001671840437e-06,0.0021233050010778243,0.0011475329993118066,9.470700024394318e-05,0.003357912999490509,4.626857360244979e-05,3.1164462197904944e-05,0.009253714720489959,1.8507429440979917,4.025021288489583e-11,False,nan,nan,False,False
2,0.01,0.004982170999937807,0.0013890269983676262,5.640999006573111e-06,0.0011470130011730362,0.000863410001329612,9.285399937652983e-05,0.003546425999957137,4.156379004749962e-05,2.8250031720572392e-05,0.008312758009499925,0.1889990855653829,1.2568771978055393e-12,False,nan,nan,False,False
3,0.015,0.005017718000090099,0.0016843409994180547,7.673999789403751e-06,0.0022427490002883133,0.0012835590005124686,9.457800115342252e-05,0.0033024789991031867,3.740825323737169e-05,2.5545583419319535e-05,0.007481650647474338,0.16658297353404264,6.935533300688997e-15,False,nan,nan,False,False
4,0.02,0.005109158999403007,0.0016920059988478897,9.187000614474528e-06,0.0012690319999819621,0.0011775499988289084,0.00011617800009844359,0.003216868000890827,3.015748143551286e-05,2.1711069475524576e-05,0.0060314962871025725,0.30813533691971623,2.1657310295801355e-16,False,nan,nan,False,False
5,0.025,0.005043637000198942,0.0015479949997825315,9.457000487600453e-06,0.00021543499860854354,0.0010898950004047947,0.00010534799912420567,0.0033675300001050346,2.5011559349843517e-05,1.8090265918998306e-05,0.005002311869968704,0.20645932091854924,1.195065054082924e-18,False,nan,nan,False,False
6,0.03,0.0050513099995441735,0.0017869139992399141,9.187000614474528e-06,0.0013838369995937683,0.0012789600004907697,0.00012143699859734625,0.003064292000999558,2.1352851500919804e-05,1.538531439085333e-05,0.004270570300183961,0.14641646518618948,6.594449844850744e-21,False,nan,nan,False,False
7,0.035,0.004986780000763247,0.0018846569982997607,9.327000952907838e-06,0.0002584850008133799,0.0011855449993163347,0.00011977500071225222,0.0029176770003687125,3.0684468395190296e-05,2.0769219645901003e-05,0.006136893679038059,1.3055230662700932,2.0592221859320107e-22,False,nan,nan,False,False
8,0.04,0.004922308999084635,0.001845733999289223,9.326999133918434e-06,0.0012905319999845233,0.0013559549988713115,0.00010664999899745453,0.0030536910016962793,2.8036861185641415e-05,2.0187087577485775e-05,0.0056073722371282825,0.13994840828593574,1.1362926028202603e-24,False,nan,nan,False,False
9,0.045,0.005034167999838246,0.001811911000913824,9.387998943566345e-06,0.00021479300085047726,0.0011708479996741517,0.00011613800052145962,0.0030324219987960532,2.4654540531939058e-05,2.070172531829753e-05,0.004930908106387811,0.3324172636165952,3.5482553678948945e-26,False,nan,nan,False,False
10,0.05,0.0049632860009296564,0.0017854609995993087,9.196999599225819e-06,0.0012944600002811057,0.0013006310000491794,0.00010783200013975147,0.003112422000413062,2.1808191248764226e-05,1.8934334951145537e-05,0.004361638249752845,0.16275968053292414,1.9579512982369687e-28,False,nan,nan,False,False
11,0.055,0.00499494499854336,0.0015342200003942708,7.774000550853088e-06,0.00016915699961828068,0.0009978329999285052,0.00013413200031209271,0.003287600000476232,1.9940789421376723e-05,1.7644708620304114e-05,0.003988157884275344,0.2378284815896065,6.114016200208762e-30,False,nan,nan,False,False
12,0.06,0.004906559001028654,0.0016981369990389794,6.432001100620255e-06,0.0012180860012449557,0.0012698539994744351,0.00011210100092284847,0.0032212460009759525,5.08041804932608e-05,3.347522933982994e-05,0.01016083609865216,1.792075577832634,3.373754891821163e-32,False,nan,nan,False,False
13,0.065,0.005006768000384909,0.001581687998623238,8.03500006441027e-06,0.0023451420001947554,0.0011156239997944795,9.769400094228331e-05,0.0033260529999097344,4.284586703353793e-05,2.6697473222592194e-05,0.008569173406707585,0.3553094478331557,1.0535088939336431e-33,False,nan,nan,False,False
14,0.07,0.004979936999006895,0.0015453500000148779,5.89099909120705e-06,0.0010643980003806064,0.0011323250000714324,9.736199899634812e-05,0.003377709001142648,3.6120619321726166e-05,2.140095653269114e-05,0.007224123864345234,0.29263766581726885,5.8133332696228455e-36,False,nan,nan,False,False
15,0.075,0.004999632999897585,0.0015234399998007575,5.810999937239103e-06,0.002173029000914539,0.0010215180009254254,0.0001390509987686528,0.0034052709997922648,3.083416547950454e-05,1.988784849943855e-05,0.006166833095900909,0.2574106831377611,1.0272769719600875e-36,False,nan,nan,False,False
16,0.08,0.005000015000405256,0.001533677999759675,5.730998964281753e-06,0.0010641869994287845,0.0010518050003156532,9.503799992671702e-05,0.0033913560000655707,2.7738089981046737e-05,2.194124303544546e-05,0.005547617996209347,0.35396449455783396,5.668582994631466e-39,False,nan,nan,False,False
17,0.085,0.004995756000425899,0.0015437479996762704,5.509999027708545e-06,0.002175122001062846,0.0010771509987534955,0.00013413200031209271,0.0033813859990914352,2.7959759754595826e-05,2.1147083290377266e-05,0.005591951950919164,0.23596345370336044,3.1279784320658567e-41,False,nan,nan,False,False
18,0.09,0.004997599999114755,0.0015440980005223537,6.012000085320324e-06,0.00104456999906688,0.0010954270001093391,0.00010651000047801062,0.0033784410006774124,1.1793375244318108e-05,1.0962328693020496e-05,0.0023586750488636217,1.0984291725299948,1.723597111119525e-43,False,nan,nan,False,False
19,0.095,0.004989484999896376,0.0015428960014105542,5.470999894896522e-06,0.0021580000011454104,0.0010724730000220006,0.00014458199984801468,0.00339808799981256,1.2598674688517991e-05,1.0669630804871488e-05,0.002519734937703598,0.22758778997877196,5.605193857299268e-45,False,nan,nan,False,False
20,0.1,0.005009443000744795,0.0015496279993385542,5.670000973623246e-06,0.0010379280010965886,0.0011318939996272093,9.334499918622896e-05,0.003380795000339276,1.8533060399727775e-05,1.2333011661702642e-05,0.0037066120799455543,0.3200162872551621,0.0,False,nan,nan,False,False
21,0.105,0.004997989999537822,0.0015069490000314545,5.7010001910384744e-06,0.0021062830001028487,0.001061532999301562,0.00013301999933901243,0.003417162999539869,3.445605626308727e-05,1.8909477303763467e-05,0.006891211252617453,2.112754240671025,0.0,False,nan,nan,False,False
22,0.11,0.00498781200076337,0.0013874039996153442,5.109999619890004e-06,0.001030633999107522,0.000947869000810897,9.310399946116377e-05,0.0035592399999586632,2.7338065385142387e-05,1.5390361562062083e-05,0.005467613077028478,0.28589169304417617,0.0,False,nan,nan,False,False
23,0.115,0.005017446999772801,0.0014304149990493897,5.7110009947791696e-06,0.0022472580003523035,0.0009731059999467107,0.00011169900062668603,0.0035292140000819927,1.249581133242924e-05,7.0495886161739615e-06,0.002499162266485848,0.5965030382569061,0.0,False,nan,nan,False,False
24,0.12,0.005029509999076254,0.0015460020003956743,5.670999598805793e-06,0.0010805379988596542,0.0010808989991346607,0.00010932499935734086,0.0033543760000611655,8.844138060496121e-06,5.306393537907184e-06,0.0017688276120992243,0.14863547195844432,0.0,False,nan,nan,False,False
25,0.125,0.00497185200038075,0.001676056001088,5.740999768022448e-06,0.002102636000927305,0.0010283299998263828,0.00012335199971857946,0.003249157998652663,6.323159980698925e-06,4.154182253746086e-06,0.0012646319961397852,0.10591375462813067,0.0,False,nan,nan,False,False
26,0.13,0.004994634000468068,0.0015596979992551496,5.902000339119695e-06,0.0009786169994185911,0.0010136330001841998,9.446699914406054e-05,0.003370325001014862,1.3136035023188882e-06,1.201695401853442e-06,0.00026272070046377767,0.2301031553982756,0.0,False,nan,nan,False,False
27,0.135,0.004994724999050959,0.0013656530009029666,5.4299998737405986e-06,0.002065786999082775,0.000969700000496232,9.257399869966321e-05,0.0035744189990509767,5.274957285822619e-06,3.2581923012919844e-06,0.0010549914571645238,0.23591296569672549,0.0,False,nan,nan,False,False
28,0.14,0.005010785000195028,0.0014507730011246167,5.150001015863381e-06,0.0009647000006225426,0.001038318998325849,0.00010240200026601087,0.0034735989993350813,2.674624850883623e-05,2.256524109255093e-05,0.005349249701767246,0.9497027160965339,0.0,False,nan,nan,False,False
29,0.145,0.004991077001250233,0.0014496709991362877,5.550999048864469e-06,0.0020339670008979738,0.0009530980005365564,0.0001236120006069541,0.003492365000056452,1.5469712855018792e-05,1.3144378905602037e-05,0.003093942571003758,0.5027389301285746,0.0,False,nan,nan,False,False
30,0.15,0.005009391999919899,0.0015117980001377873,5.641000825562514e-06,0.0009291940004914068,0.0010942839999188436,9.448699893255252e-05,0.003413776999877882,1.2890889986423656e-05,7.201843985393808e-06,0.0025781779972847314,0.5300942106849262,0.0,False,nan,nan,False,False
31,0.155,0.0049943039994104765,0.0013398949995462317,5.650999810313806e-06,0.00030700600109412335,0.0009321189991169376,0.00010359500083723105,0.003591651000533602,1.0864924949934869e-05,9.096611498188798e-06,0.0021729849899869737,0.7679332779917659,0.0,False,nan,nan,False,False
32,0.16,0.004998812999474467,0.001487481000367552,5.390000296756625e-06,0.0008336840000993107,0.0010185320006712573,0.00011247099973843433,0.00344575800045277,1.1218173264109965e-05,7.470748241145131e-06,0.002243634652821993,0.3089629116085137,0.0,False,nan,nan,False,False
33,0.165,0.005003711001336342,0.0013014929991186364,5.480000254465267e-06,0.00017051000031642616,0.000888538001163397,9.828400106925983e-05,0.003626517000157037,1.5596616900978117e-05,1.106271799633518e-05,0.0031193233801956235,0.2818634851964288,0.0,False,nan,nan,False,False
34,0.17,0.005001617999369046,0.0014690169991808943,5.46000046597328e-06,0.0012383949997456511,0.0010176409996347502,9.152100028586574e-05,0.00349947799986694,2.3792614305885015e-05,1.6566171785026285e-05,0.004758522861177003,1.5749500408888881,0.0,False,nan,nan,False,False
35,0.17500000000000002,0.00503952799954277,0.001503442001194344,5.6609987950650975e-06,0.00011869300033140462,0.0008878570006345399,0.00025593099962861743,0.003376457998456317,6.029857590642015e-06,4.830804088807592e-06,0.001205971518128403,0.8332767215067347,0.0,False,nan,nan,False,False
36,0.18,0.0049534680001670495,0.001440624000679236,5.700998372049071e-06,0.001163954999356065,0.000978846999714733,9.123099880525842e-05,0.003494728998703067,6.829197354891354e-06,4.444222790354687e-06,0.001365839470978271,0.06715143661146981,0.0,False,nan,nan,False,False
37,0.185,0.005023739000534988,0.0015554589990642853,8.385999535676092e-06,0.0017029359987645876,0.001098733000617358,0.0001049069996952312,0.0033606480010348605,5.491362716342663e-06,4.453426360382488e-06,0.0010982725432685326,0.08001659499182104,0.0,False,nan,nan,False,False
38,0.19,0.004991457999494742,0.0015452000006916933,5.91100069868844e-06,0.0010981110008287942,0.000984438000159571,9.447699994780123e-05,0.00336856299873034,1.23406930307981e-05,8.017359744422348e-06,0.00246813860615962,0.5154023939394763,0.0,False,nan,nan,False,False
39,0.195,0.004985748000763124,0.001571669999975711,7.382999683613889e-06,0.0021320410014595836,0.0011051639994548168,0.00010043800102721434,0.0033681719996820902,9.667522984268612e-06,8.1622505598058e-06,0.0019335045968537222,0.19419645705069394,0.0,False,nan,nan,False,False
40,0.2,0.005009933000110323,0.001590284999110736,5.930998668191023e-06,0.0009708620000310475,0.0011418330013839295,0.00010572800056252163,0.0033326449993182905,7.443107395985183e-05,5.6800218035480714e-05,0.014886214791970364,2.595386984728293,0.0,False,nan,nan,False,False
41,0.20500000000000002,0.004993972999727703,0.0015428160004375968,5.95199890085496e-06,0.002049476999673061,0.0010575750002317363,0.00014008200014359318,0.003383079998457106,6.848217195154263e-05,5.312153035470016e-05,0.013696434390308525,0.2509948859074344,0.0,False,nan,nan,False,False
42,0.21,0.00499634799962223,0.001557944000524003,5.891000910196453e-06,0.0009077539998543216,0.0011210439988644794,0.00010052899961010553,0.003373231000296073,5.961623570674924e-05,4.7383604486174505e-05,0.011923247141349846,0.3735269404957966,0.0,False,nan,nan,False,False
43,0.215,0.005001076999178622,0.001312543001404265,5.640000381390564e-06,0.0002829410004778765,0.0009050289991137106,0.00010380400090070907,0.003614864999690326,5.23226501857085e-05,4.2717710745598875e-05,0.0104645300371417,0.3169063152674446,0.0,False,nan,nan,False,False
44,0.22,0.004994814000383485,0.0015682739995099837,5.669999154633842e-06,0.0007888410000305157,0.0010228800001641503,0.00010153999937756453,0.0033587340003577992,4.897560988482135e-05,4.0275916459587076e-05,0.009795121976964267,0.13752344400442232,0.0,False,nan,nan,False,False
45,0.225,0.0049805790004029404,0.0012872959996457212,4.1170005715684965e-06,0.00029860999893571716,0.0008749110002099769,0.00010579900117591023,0.0036665410007117316,3.783150484698976e-05,2.855934065521955e-05,0.007566300969397952,0.5721317316409948,3.6531580462906277e-06,False,nan,nan,False,False
46,0.23,0.0050311720005993266,0.0015324870000767987,5.990999852656387e-06,0.0013786870003968943,0.0011111650001112139,9.424699965165928e-05,0.0033921769991138717,3.948310507555978e-05,3.101695609107323e-05,0.007896621015111956,0.1241728304130663,1.0168699215995503e-09,False,nan,nan,False,False
47,0.23500000000000001,0.004995265999241383,0.001330618000793038,5.751000571763143e-06,0.00023112399867386557,0.0009021030000440078,9.835400123847649e-05,0.003595297999709146,4.232483263887512e-05,2.9970925872455296e-05,0.008464966527775024,0.27345121663311484,4.335076134870386e-12,False,nan,nan,False,False
48,0.24,0.004994934999558609,0.0014939240008970955,5.740999768022448e-06,0.0012962730015715351,0.0010524250010348624,0.00010738200035120826,0.003437362000113353,4.2558797499741106e-05,3.818536801944731e-05,0.00851175949994822,1.2917789165685933,1.2066843013287787e-15,False,nan,nan,False,False
49,0.245,0.005004032000215375,0.0013284340002428507,5.691001206287183e-06,0.00015844799963815603,0.0009043869995366549,0.00010387500151409768,0.0035988939998787828,4.866338452999986e-05,4.3467878278602564e-05,0.00973267690599997,0.5434904187653725,5.144283792352501e-18,False,nan,nan,False,False
50,0.25,0.004995405999579816,0.001601506000952213,5.931000487180427e-06,0.0012347279989626259,0.0010115990007761866,0.00010122000094270334,0.0033562699991307454,5.001126000339722e-05,4.4160629016688675e-05,0.010002252000679446,0.17616243582631916,2.193088933101497e-20,False,nan,nan,False,False
51,0.255,0.005029069001466269,0.0013373900001170114,5.600000804406591e-06,0.00011800199899880681,0.000930386000618455,9.307499931310304e-05,0.003566724999473081,0.00010466358847741403,9.27493572243401e-05,0.020932717695482807,2.2638645822701573,6.1045448947894344e-24,False,nan,nan,False,False
52,0.26,0.004972212998836767,0.0016296379999403143,5.83099972573109e-06,0.0011659580013656523,0.0011878400000568945,0.00010459700024512131,0.00330483300058404,9.999854947300303e-05,8.8629428493986e-05,0.019999709894600606,0.20796022942820144,1.699222375064598e-27,False,nan,nan,False,False
53,0.265,0.005084753000119235,0.001296644000831293,6.60299883747939e-06,3.6859000829281285e-05,0.0008783080011198763,9.194199992634822e-05,0.003555242999937036,9.32076992096297e-05,8.258075418033189e-05,0.018641539841925937,0.2979437481754219,7.244051457337858e-30,False,nan,nan,False,False
54,0.27,0.004920024999591988,0.0014447310004470637,5.731000783271156e-06,0.0011872080012835795,0.0009438910001335898,0.00011116899986518547,0.003486102999886498,8.416962843917612e-05,7.485377829252806e-05,0.016833925687835222,0.367162173285327,3.088252293261384e-32,False,nan,nan,False,False
55,0.275,0.005083841000669054,0.0013181249996705446,6.001000656397082e-06,3.662900053313933e-05,0.0008759450010984438,9.345599937660154e-05,0.003551686000719201,8.274638708912538e-05,7.400574223762517e-05,0.016549277417825078,0.4052760573123853,2.071781750601076e-07,False,nan,nan,False,False
56,0.28,0.004962745000739233,0.0015082709996931953,6.322001354419626e-06,0.0011270559989497997,0.000991811999483616,9.62409994826885e-05,0.0033770489990274655,9.225213009788743e-05,8.194472611288197e-05,0.018450426019577484,0.6447042924291124,1.9241564992809185e-13,False,nan,nan,False,False
57,0.28500000000000003,0.00496081099845469,0.0016637830012768973,6.332000339170918e-06,0.0021707340001739794,0.001180364999527228,0.00011488499876577407,0.003260108998802025,9.312900914053368e-05,8.332044495791118e-05,0.018625801828106733,0.3606869272259766,9.05314209376229e-06,False,nan,nan,False,False
58,0.29,0.00499726900125097,0.0014116599995759316,6.071000825613737e-06,0.0009325499995611608,0.0009554629996273434,9.665200013841968e-05,0.0035127230003126897,0.00012398726156315275,0.0001052289137230822,0.024797452312630544,1.788527791137854,0.0006852163351140916,False,nan,nan,False,False
59,0.295,0.00499242099976982,0.0015289200000552228,5.881000106455758e-06,0.002152639999621897,0.0010396420002507512,0.00014605399883294012,0.003404278999369126,0.00012006885775783925,0.00010378334697084084,0.02401377155156785,0.34370349788284876,0.0005797485387490964,False,nan,nan,False,False
60,0.3,0.005002690000765142,0.0015424839984916616,5.660000169882551e-06,0.0010573449999355944,0.0011183389997313498,9.73229998635361e-05,0.00338634600120713,0.000115028188734207,0.00010205875614891662,0.023005637746841397,0.7159032035140713,0.0005654412089189293,False,nan,nan,False,False
61,0.305,0.0050023879994114395,0.001589674000570085,6.03199987381231e-06,0.0021707739997509634,0.0010799369993037544,0.0001414260004821699,0.003335109999170527,0.00011446373834334135,0.0001018726039638884,0.022892747668668268,0.1207652795218122,0.0006302481633611263,False,nan,nan,False,False
62,0.31,0.0049917899996216875,0.0013997869991726475,5.940999471931718e-06,0.0010528359998716041,0.0009391619987582089,0.00010379400009696838,0.0035343740000826074,0.00016248871767541757,0.0001426156023070543,0.03249774353508351,2.266052774329462,0.001030798431863012,False,nan,nan,False,False
63,0.315,0.005004852999263676,0.0016089900000224588,5.97200050833635e-06,0.0021796809996885713,0.0010515029989619507,0.00020989400036341976,0.0033405500016669976,0.00015519481385290124,0.00013775972778512524,0.031038962770580245,0.7407337703884924,0.0012885977048429907,False,nan,nan,False,False
64,0.32,0.005045460000474122,0.0015130000010685762,7.514001481467858e-06,0.0010765909992187517,0.0010089329989568796,0.00010464600018167403,0.0033764269992389018,0.00015191887105215534,0.00013497330353451586,0.03038377421043107,0.5146018345664313,0.0012103279586881403,False,nan,nan,False,False
65,0.325,0.004961983000612236,0.0016413109988206998,6.240999937290326e-06,0.002185713001381373,0.0011900029985554283,0.0001103469985537231,0.003285456001322018,0.0001521887924683097,0.00013523916947647988,0.030437758493661943,0.041505756985234316,0.0014598563478027103,False,nan,nan,False,False
66,0.33,0.005003070999009651,0.0015383970003313152,6.361999112414196e-06,0.001028820999636082,0.0010832430016307626,9.91060005617328e-05,0.0033850439995148918,0.00017237908996767533,0.0001503150728977677,0.03447581799353506,1.8339846135992115,0.001875038117177983,False,nan,nan,False,False
67,0.335,0.004991057001461741,0.0015819290001672925,8.09499942988623e-06,0.002168581000660197,0.0011231469998165267,0.00012155799959145952,0.00335139099843218,0.00016982960397614596,0.00014927808091721198,0.033965920795229185,0.3086625036064517,0.0022883494982369745,False,nan,nan,False,False
68,0.34,0.005010253998989356,0.0015287290007108822,6.262000169954263e-06,0.0010626140010572271,0.0010986119996232446,0.0001163180004368769,0.0033905740001500817,0.0001668827313912002,0.00014803690958134751,0.033376546278240035,0.5143931161463543,0.0020731927431983208,False,nan,nan,False,False
69,0.34500000000000003,0.004989745000784751,0.001464037999539869,5.619998773909174e-06,0.002170412999475957,0.000985881000815425,0.00012660799984587356,0.0034819249995052814,0.0001735948810106457,0.0001536582649741845,0.03471897620212914,1.3587356022672978,0.0018524303585428195,False,nan,nan,False,False
70,0.35000000000000003,0.005023439000069629,0.0015139509996515699,6.1709997680736706e-06,0.0010436089996801456,0.0009593609993316932,9.657100054027978e-05,0.003391025000382797,0.000183253413240945,0.0001619464198675859,0.036650682648189,1.5966749431272473,0.002252570680168589,False,nan,nan,False,False
71,0.355,0.00497547799932363,0.0015802159996383125,5.449999662232585e-06,0.0021795000011479715,0.0010847070007002912,0.0001742670010571601,0.003352372001245385,0.0001826455795759825,0.00016198497401887375,0.0365291159151965,0.27603828197551034,0.002571880816729577,False,nan,nan,False,False
72,0.36,0.005013791000237688,0.0014160979990265332,6.162001227494329e-06,0.0010713299998315051,0.0009466070005146321,9.364600009575952e-05,0.0035069420009676833,0.0002087826171896795,0.00018529195158761955,0.0417565234379359,1.461464369507933,0.002563552197796664,False,nan,nan,False,False
73,0.365,0.0049911780006368645,0.001473434998843004,6.8329991336213425e-06,0.002180683000915451,0.0010278190002281917,0.0001243639999302104,0.0034767960005410714,0.0002064754740414028,0.00018329021731519558,0.04129509480828056,0.8330582500844264,0.003176569824806782,False,nan,nan,False,False
74,0.37,0.005030151000028127,0.0015630539983249037,6.152000423753634e-06,0.0010641469998518005,0.0009682170002633939,0.00010337400090065785,0.0033367820014973404,0.00020753520529588344,0.0001845991673710591,0.041507041059176686,0.5318325750722348,0.002462123739306917,False,nan,nan,False,False
75,0.375,0.004975728999852436,0.0015725609991932288,6.60199839330744e-06,0.0021850610010005767,0.0010811089996423107,0.0001625460008654045,0.00334739299978537,0.0002253964487156474,0.00019949141931979361,0.04507928974312948,1.162754094470361,0.002660842504946063,False,nan,nan,False,False
76,0.38,0.00498812200021348,0.0014563129989255685,5.7010001910384744e-06,0.0010579859990684781,0.000961654999628081,9.644100100558717e-05,0.0034767260003718548,0.000230719823658002,0.00020465388483648843,0.0461439647316004,1.226608853494474,0.004546291925887188,False,nan,nan,False,False
77,0.385,0.005007658999602427,0.0015268249990185723,6.121999831520952e-06,0.002190630999393761,0.0010502009990887018,0.00014746700071555097,0.003408729000511812,0.0002296994755397301,0.0002038142372525946,0.045939895107946015,0.0728695087092769,0.004860773282707211,False,nan,nan,False,False
78,0.39,0.0050039719990309095,0.001442658000087249,5.601001248578541e-06,0.0010766109990072437,0.00097641199863574,0.00010257199937768746,0.0034807530009857146,0.000225904025788324,0.00019871402784759815,0.0451808051576648,1.7007811622889841,0.005490015926855439,False,nan,nan,False,False
79,0.395,0.004997699999876204,0.0015121080014068866,6.371999916154891e-06,0.0021909120005147997,0.001027026999508962,0.00016766499902587384,0.0034229549983137986,0.00022709915986650033,0.00020127237292410323,0.04541983197330006,0.6985672766832907,0.004022723979709663,False,nan,nan,False,False
80,0.4,0.005003731999750016,0.0015047240012791008,5.681000402546488e-06,0.001074347001122078,0.0009709120004117722,0.00010055900020233821,0.003417443998841918,0.00025336967285911536,0.00022478592165385493,0.05067393457182307,1.4511588255622982,0.0044003561770691955,False,nan,nan,False,False
81,0.405,0.004997169000489521,0.0015773200011608424,6.854900129837915e-05,0.002252317999591469,0.0010004380001191748,0.0001390209999954095,0.0033399989988538437,0.00024825606080099605,0.0002204147311105865,0.04965121216019921,0.37138582633395806,0.004304930614959286,False,nan,nan,False,False
82,0.41000000000000003,0.0049814690009952756,0.001476200999604771,5.089001206215471e-06,0.0010591270001896191,0.0009435310003027553,0.00010522800039325375,0.003465063999101403,0.0002644856741510625,0.00023388468975449095,0.05289713483021251,1.0982358014838747,0.003306674946915999,False,nan,nan,False,False
83,0.41500000000000004,0.0050211849993502256,0.0015785420000611339,6.03099942964036e-06,0.002186744000937324,0.0009956890007742913,0.00013663699974131305,0.0033463010004197713,0.0002631845918859099,0.00023308605274674086,0.05263691837718198,0.3163202045707673,0.0030348789108153936,False,nan,nan,False,False
84,0.42,0.004998460999559029,0.0014693780012748903,5.83099972573109e-06,0.0010495089991309214,0.0009386919991811737,9.680199946160428e-05,0.003456737998931203,0.0002583238873628798,0.0002283816780428937,0.051664777472575966,0.9445844182208821,0.004223361181969133,False,nan,nan,False,False
85,0.425,0.005002600000807433,0.0015711889991507633,8.49599928187672e-06,0.002190322000387823,0.0010792959983518813,0.00013346999912755564,0.0033423630011384375,0.00025373121268652127,0.00022459842092104596,0.050746242537304254,0.4888759864070363,0.004515991929563243,False,nan,nan,False,False
86,0.43,0.004980106999937561,0.0015071590005391045,5.550999048864469e-06,0.0011173769999004435,0.0010042139983852394,9.432700062461663e-05,0.003435717999309418,0.00024896129276230395,0.00022047301880800214,0.04979225855246079,0.42589627336154345,0.0036593962920192214,False,nan,nan,False,False
87,0.435,0.0050196209995192476,0.0015894530006335117,6.888000098115299e-05,0.0022674059982819017,0.0010036339990620036,0.00011174000064784195,0.0033475130003353115,0.0003200108316637289,0.0002751062347846531,0.06400216633274579,3.9188606114223576,0.00429663359182651,False,nan,nan,False,False
88,0.44,0.005008972000723588,0.0014494699989882065,5.960999260423705e-06,0.0010910080000030575,0.0009684480010037078,0.00010230199950456154,0.0034639120003703283,0.00031009497146607356,0.000268712199201123,0.062018994293214696,0.6517485466757135,0.004782425198832304,False,nan,nan,False,False
89,0.445,0.00498952499947336,0.001550168999528978,6.532000043080188e-06,0.0021959419991617324,0.0010746269999799551,0.00014388000090548303,0.0033629520003159996,0.0003041244863153043,0.00026473478855240705,0.06082489726306085,0.3894527624223354,0.0044085303835707185,False,nan,nan,False,False
90,0.45,0.004976809999789111,0.0014269990006141597,5.289999535307288e-06,0.0010593379993224517,0.0009668250004324364,8.893700032786e-05,0.0035193650001019705,0.0002898111317424422,0.00025495648620909683,0.057962226348488445,1.253182226275533,0.0033385595488539155,False,nan,nan,False,False
91,0.455,0.00502104400038661,0.0014780439996684436,6.312000550678931e-06,0.0021740699994552415,0.0009936549995472888,0.00013867099914932624,0.003461468000750756,0.00027769778780493547,0.00024495778458433,0.05553955756098709,0.6963643814578867,0.005699734953640988,False,nan,nan,False,False
92,0.46,0.00500899200051208,0.0014165489992592484,5.800999133498408e-06,0.0011460019995865878,0.000959690998570295,9.447699994780123e-05,0.0035009200000786223,0.0003342428128107374,0.0002954057707384931,0.06684856256214748,2.3141075300906486,0.005221150986852684,False,nan,nan,False,False
93,0.465,0.00499625699922035,0.001558104999276111,6.240999937290326e-06,0.0021926449990132824,0.0010518039998714812,0.00013913099974161014,0.003361648999998579,0.0003191948236714565,0.00028183897249949605,0.06383896473429129,0.7663109149713306,0.004607142735030671,False,nan,nan,False,False
94,0.47000000000000003,0.004985939000107464,0.0014864789991406724,4.989000444766134e-06,0.001071370999852661,0.0009440720004931791,9.682200106908567e-05,0.003446479000558611,0.00030845101977860237,0.0002720505486835807,0.06169020395572048,0.6507649298160322,0.0057294759868982,False,nan,nan,False,False
95,0.47500000000000003,0.005012687999624177,0.0015672820009058341,6.3520001276629046e-06,0.002194548998886603,0.0010996040000463836,0.00016311600120388903,0.0033511989986436674,0.0002835933110099495,0.00024897363008002504,0.05671866220198991,1.3282447419196581,0.004588118221712759,False,nan,nan,False,False
96,0.48,0.004988652999600163,0.0014883340008964296,6.93400033924263e-06,0.001075227999535855,0.0009526379999442725,0.00011091799933637958,0.0034448749993316596,0.00031409331735168306,0.0002755743222739148,0.06281866347033661,1.7817017096836079,0.00490930435943496,False,nan,nan,False,False
97,0.485,0.0050084710001101485,0.001540711000416195,6.150999979581684e-06,0.002187154999774066,0.0010701079991122242,0.00015573299970128573,0.0033824689999164548,0.00029908040751573916,0.00026108184463567545,0.059816081503147836,1.1585155909612932,0.005907386117155268,False,nan,nan,False,False
98,0.49,0.004990797000573366,0.0014875920005579246,5.6200005928985775e-06,0.001073434999852907,0.0009533600004942855,0.00015813699974387418,0.0034443749991623918,0.0003267295089471897,0.00027955507430553375,0.06534590178943794,3.612987102148074,0.0048354527432918565,False,nan,nan,False,False
99,0.495,0.005006245999538805,0.0015285589997802163,6.573000064236112e-06,0.0021922440009802813,0.0010521650001464877,0.0001458429997001076,0.0034032980001938995,0.00032060741437250884,0.00027853177269420576,0.06412148287450177,1.0515225418611795,0.005178152123910987,False,nan,nan,False,False
100,0.5,0.004999022999982117,0.0015487359996768646,5.680998583557084e-06,0.0010653400004230207,0.001038468999468023,0.00011074800022470299,0.003383932000360801,0.0003135349640031006,0.0002744828358849225,0.06270699280062011,0.9711558980143109,0.005427066255355547,False,nan,nan,False,False
101,0.505,0.0050096520008082734,0.0015361829991888953,6.092001058277674e-06,0.0021994980015733745,0.0010371059997851262,0.00016754500029492192,0.003378051000254345,0.0003082508243924985,0.00026962380072167286,0.0616501648784997,1.791648177415808,0.005016205001376407,False,nan,nan,False,False
102,0.51,0.004980919000445283,0.0015620319991285214,5.310001142788678e-06,0.001010897998639848,0.0011467929998616455,9.823400068853516e-05,0.003377147999344743,0.0003369194090312104,0.0002878067580661407,0.06738388180624208,3.1492499819441893,0.005447807044032827,False,nan,nan,False,False
103,0.515,0.005014250999010983,0.0015562210010102717,5.960999260423705e-06,0.0020997909996367525,0.00105329700090806,0.00014820800060988404,0.003358653999384842,0.00032777066964542626,0.0002832033873672326,0.06555413392908525,0.9836667729539199,0.005570590113723866,False,nan,nan,False,False
104,0.52,0.004977593000148772,0.0014689170002384344,5.1890001486754045e-06,0.0009226519996445859,0.0010591579994070344,9.626099927118048e-05,0.0034793300001183525,0.000313204391582295,0.00027221220836723794,0.062640878316459,2.1076354387362515,0.005628560928714469,False,nan,nan,False,False
105,0.525,0.005023989000619622,0.00129189499966742,5.940999471931718e-06,0.000400973000068916,0.0008766849987296155,9.242300075129606e-05,0.0036230000005161855,0.00033304801146598903,0.00028861057801843576,0.06660960229319782,1.686056518476276,0.00552423185682358,False,nan,nan,False,False
106,0.53,0.004987041000276804,0.0015545669994025957,5.600000804406591e-06,0.0009463059996051015,0.0011408310001570499,9.659200077294372e-05,0.0033818779993453063,0.0003230974534562556,0.00027920587171001475,0.06461949069125113,1.6980379854830803,0.005771323909791103,False,nan,nan,False,False
107,0.535,0.005020792999857804,0.001574494999658782,6.141999620012939e-06,0.0021080660008010454,0.001107539001168334,0.00011974500012001954,0.0033353700000589015,0.0003584315951919396,0.00030857771592863797,0.07168631903838793,2.6428707773662294,0.006377020793800684,False,nan,nan,False,False
108,0.54,0.004975548999937018,0.0015207139986159746,5.800999133498408e-06,0.0009521270003460813,0.001084796000213828,9.67819996731123e-05,0.0034188260015071137,0.00034529564128308026,0.00029833980329609273,0.06905912825661605,0.8402667689038685,0.005783713877043611,False,nan,nan,False,False
109,0.545,0.005014971999116824,0.001300661000641412,6.471998858614825e-06,0.0004024049994768575,0.0008777180009928998,9.40569989325013e-05,0.003616087000409607,0.00034860338220020915,0.0002999090281356233,0.06972067644004183,2.4422752409199844,0.005877165425250367,False,nan,nan,False,False
110,0.55,0.004981649999535875,0.0015413430010084994,5.791000148747116e-06,0.000939613999435096,0.0011145629996462958,0.00010023800132330507,0.0034014840002782876,0.0003523966340979319,0.000304542505482769,0.07047932681958638,1.6225348505175552,0.006643714621405546,False,nan,nan,False,False
111,0.555,0.005021996001232765,0.001516004998848075,6.502999895019457e-06,0.002069394000500324,0.0010507619990676176,0.0001397420001012506,0.0034134369998355396,0.00038634104914503397,0.0003326890063154683,0.07726820982900678,1.9659802664981973,0.006003720321672783,False,nan,nan,False,False
112,0.56,0.005002628999136505,0.0015244919995893724,5.850999514223076e-06,0.0009534889995848062,0.001114893000703887,9.597999996913131e-05,0.0033928680004464695,0.0003633717467969885,0.00031265619550625585,0.07267434935939769,2.4791018283080564,0.0064684085827556356,False,nan,nan,False,False
113,0.5650000000000001,0.004996178000510554,0.001606124000318232,8.105998858809471e-06,0.0020645349995902507,0.0011008860001311405,0.00013459299952955917,0.0033090609995269915,0.0003730600624351494,0.0003181024689945665,0.07461201248702988,2.5282375276724363,0.005937056291927373,False,nan,nan,False,False
114,0.5700000000000001,0.00498259199957829,0.001593410001078155,5.4799984354758635e-06,0.0009299060002376791,0.0011824690009234473,9.592999958840664e-05,0.0033412510001653573,0.00037443471821561365,0.0003225056075184345,0.07488694364312272,2.162438965765555,0.006040115565679612,False,nan,nan,False,False
115,0.5750000000000001,0.005005364000680856,0.0015057759992487263,5.870999302715063e-06,0.0019722619999811286,0.001024623001285363,0.00014350899982673582,0.003431049999562674,0.00039678719620747264,0.00033835446685689073,0.07935743924149453,2.4069422195243373,0.0062098747721788085,False,nan,nan,False,False
116,0.58,0.005007408999517793,0.0015665400005673291,5.609999789157882e-06,0.000854624000567128,0.0011415129993110895,9.74829999904614e-05,0.003360016000442556,0.0003788131795973008,0.00032406707159122203,0.07576263591946017,2.554380434510191,0.005972152918478739,False,nan,nan,False,False
117,0.585,0.004999363000024459,0.0013544320008804789,6.312000550678931e-06,0.000396625000576023,0.0009262690000468865,0.00010815300083777402,0.0035757309997279663,0.0004031357658204757,0.00034313132111061986,0.08062715316409512,2.4997326745634543,0.006641599452645181,False,nan,nan,False,False
118,0.59,0.0050633930004551075,0.0015004069991846336,1.561899989610538e-05,0.0010233410012006061,0.0010273689986206591,0.00010432599992782343,0.0033622299997659866,0.00039031044563146955,0.00033275087931833574,0.07806208912629391,2.513264519208555,0.006586483126610571,False,nan,nan,False,False
119,0.595,0.004933459998937906,0.0012794009999197442,5.8610003179637715e-06,0.00038945100095588714,0.0008799710012681317,9.375599984196015e-05,0.0036461940017034067,0.0004152724619582347,0.00035408506219009256,0.08305449239164694,2.2062675553572273,0.0073425125795700645,False,nan,nan,False,False
120,0.6,0.004991749001419521,0.0015161659994191723,5.881000106455758e-06,0.0009314990002167178,0.0010973090011248132,9.698199937702157e-05,0.003434586000366835,0.0004029117772769436,0.000344244287978167,0.08058235545538871,2.199299468753534,0.006959359295576939,False,nan,nan,False,False
121,0.605,0.005019380998419365,0.0012718470006802818,5.631000021821819e-06,0.00040173400157073047,0.0008653540007799165,9.343599958810955e-05,0.0036418260006030323,0.00043407393714151884,0.0003682143520149586,0.08681478742830377,3.09913638094643,0.007323201040350427,False,nan,nan,False,False
122,0.61,0.004997800000637653,0.0014459340000030352,5.430001692730002e-06,0.0009300960009568371,0.0010259059999953024,9.326500003226101e-05,0.0034708750008576317,0.00041648678424536156,0.00035483001976871075,0.08329735684907233,2.421990677000633,0.007285549980818566,False,nan,nan,False,False
123,0.615,0.004988062000848004,0.0012909939996461617,7.13299959897995e-06,0.0003842010009975638,0.0008592029989813454,0.00010386499889136758,0.003639700998974149,0.0004524348477728065,0.00038108044569612996,0.0904869695545613,3.1447421575487042,0.007365560277566082,False,nan,nan,False,False
124,0.62,0.005002789999707602,0.0015300020004360704,5.720999979530461e-06,0.0009379999992233934,0.000996621000012965,0.0001053079995472217,0.003396193998923991,0.0004449221918195561,0.0003792595110426967,0.08898443836391122,2.7915620006763158,0.0074370969988951765,False,nan,nan,False,False
125,0.625,0.00500066600034188,0.0013045879986748332,5.580999641097151e-06,0.0003891300002578646,0.0008801510011835489,0.00010148100045626052,0.00361862200043106,0.0004515728554917869,0.0003801096955141996,0.09031457109835739,2.479820080924377,0.008209380580429746,False,nan,nan,False,False
126,0.63,0.004990536999684991,0.0014938439999241382,6.772999768145382e-06,0.0009383209999214159,0.0009670449999248376,9.523900007479824e-05,0.003441177999775391,0.0004666863785034511,0.0003967429893465663,0.09333727570069021,3.6962055905991247,0.0075113866091491115,False,nan,nan,False,False
127,0.635,0.005002398998840363,0.001368629000353394,5.881000106455758e-06,0.00033683299989206716,0.0009118910002143821,9.546899855195079e-05,0.0035616140012280084,0.0004627174533237149,0.00039185225066762277,0.09254349066474299,2.458702897982543,0.007436568489058589,False,nan,nan,False,False
128,0.64,0.004996628000299097,0.0015674620008212514,5.469999450724572e-06,0.0009656629990786314,0.0011381559997971635,9.628000043448992e-05,0.003366918999745394,0.0005106107001218364,0.0004327654397075732,0.10212214002436727,3.942865913997307,0.007607294732137616,False,nan,nan,False,False
129,0.645,0.00500026500048989,0.001459589000660344,5.500000042957254e-06,0.002056880999589339,0.0010127109999302775,0.00012801999946532305,0.0034933070000988664,0.0005014630177749849,0.0004262596404800709,0.10029260355499697,1.713968119235269,0.007436401575009706,False,nan,nan,False,False
130,0.65,0.005018428999392199,0.0015664100010326365,5.781001163995825e-06,0.0009518970000499394,0.0011312829992675688,0.00011055700088036247,0.003350738999870373,0.0004832152304723375,0.00040785818157984,0.09664304609446751,2.413383350398743,0.0077967782880206254,False,nan,nan,False,False
131,0.655,0.004985247000149684,0.0012931070014019497,5.641000825562514e-06,0.00023887799943622667,0.0008874650011421181,0.00010082900007546414,0.003642586998466868,0.0005680956639594543,0.0004810516706272522,0.11361913279189084,4.858948350074694,0.007776946206703398,False,nan,nan,False,False
132,0.66,0.005000365001251339,0.0014491599995380966,5.431000317912549e-06,0.0013102689990773797,0.0010326290012017125,0.00010171100075240247,0.003483006999886129,0.0005454281239898156,0.00046213857946024017,0.1090856247979631,1.8024945797034908,0.009066026098407683,False,nan,nan,False,False
133,0.665,0.0050013370000669966,0.0013039869991189335,5.7010001910384744e-06,0.0001920909999171272,0.000903466001545894,9.688200043456163e-05,0.003625956000178121,0.000510391398478024,0.00042823388240374066,0.1020782796956048,2.617549300896802,0.009492826472038836,False,nan,nan,False,False
134,0.67,0.004995837000024039,0.0015170269998634467,5.841000529471785e-06,0.0013139670008968096,0.00109666800017294,0.00010981599916703999,0.003437691999351955,0.0005855805455511224,0.0004942317739663007,0.1171161091102245,5.129836494309486,0.009033995265728016,False,nan,nan,False,False
135,0.675,0.0050232879984832834,0.0012849619997723494,5.390000296756625e-06,0.00018632000137586147,0.0008679689999553375,0.00010599799861665815,0.003623200000220095,0.0005661766919379129,0.0004781608830269216,0.11323533838758258,1.8241786986639326,0.009946570673505892,False,nan,nan,False,False
136,0.68,0.004975728999852436,0.0014279000006354181,5.800999133498408e-06,0.0013073339996481081,0.0010207660016021691,9.422599941899534e-05,0.003520988000673242,0.0005521357548166574,0.0004601019061830371,0.11042715096333147,3.7665478430115464,0.009942141177856089,False,nan,nan,False,False
137,0.685,0.005013339001379791,0.0012649149994103936,4.930001523462124e-06,0.0001836949995777104,0.0008526700003130827,9.385599878442008e-05,0.003655189999335562,0.0005547168774357327,0.0004665921234087199,0.11094337548714653,2.7609530439604097,0.01040000338293805,False,nan,nan,False,False
138,0.6900000000000001,0.004988533999494393,0.001520443000117666,7.022999852779321e-06,0.0012986669989913935,0.0011305419993732357,9.27439996303292e-05,0.0034414000001561362,0.0006023906446493628,0.0005019839014945211,0.12047812892987256,3.460143505033105,0.010818268631076147,False,nan,nan,False,False
139,0.6950000000000001,0.005048103999797604,0.0012711159997707,7.343998731812462e-06,0.00013691699859919026,0.0008503049994033063,0.00010300400026608258,0.003614043000197853,0.000580426644038949,0.0004875204305497785,0.11608532880778981,2.856112039817698,0.010522653355960747,False,nan,nan,False,False
140,0.7000000000000001,0.004951253000399447,0.001465481000195723,5.309999323799275e-06,0.0008849309997458477,0.0010303640010533854,0.00010636899969540536,0.0034689709991653217,0.0005791331645848268,0.00047966002966088337,0.11582663291696536,1.5979270441664846,0.010744679524343827,False,nan,nan,False,False
141,0.705,0.005005855999115738,0.0013033659997745417,5.931000487180427e-06,0.0002749760005826829,0.0008944789988163393,0.00010683099935704377,0.0036229000015737256,0.0006196916891626891,0.0005188075080478634,0.12393833783253781,4.3044112814752795,0.011099092069102794,False,nan,nan,False,False
142,0.71,0.004994603999875835,0.0015210150013444945,6.201000360306352e-06,0.0013820739986840636,0.0010869600009755231,9.653200140746776e-05,0.003412915999433608,0.0006003051773624327,0.0004984082648474665,0.12006103547248653,2.7003367014843245,0.012076633709042689,False,nan,nan,False,False
143,0.715,0.005000936000215006,0.0012850830007664626,5.689998943125829e-06,0.0002552389996708371,0.0008878070002538152,9.306500032835174e-05,0.0036458020003919955,0.0005744484336004891,0.00047811701943550845,0.11488968672009783,1.0730454665046643,0.012024845377595237,False,nan,nan,False,False
144,0.72,0.004995707000489347,0.00145943899951817,5.631000021821819e-06,0.0013338030003069434,0.0010335189999750583,0.00010183099948335439,0.0034868750008172356,0.0007538365647502458,0.0006238624548710026,0.1507673129500492,7.18884754523781,0.011641229756898882,False,nan,nan,False,False
145,0.725,0.005012457999328035,0.0012796620012522908,5.46000046597328e-06,0.00019525700008671265,0.0008856219992594561,9.071000022231601e-05,0.0036410539996722946,0.0007158060558330407,0.0005879683805570571,0.14316121116660813,1.5681596818263979,0.012230844244545113,False,nan,nan,False,False
146,0.73,0.004986980000467156,0.001423141000486794,5.640999006573111e-06,0.0012533019998954842,0.0009746999985509319,0.00010825300159922335,0.003554732000338845,0.0006682043529800714,0.0005458935156801388,0.1336408705960143,1.9444103526809855,0.01148827369507785,False,nan,nan,False,False
147,0.735,0.005071669000244583,0.0014093549998506205,5.871001121704467e-06,0.0001459239992982475,0.00094499299848394,0.00014473200099018868,0.0034725080004136544,0.0005853286026508794,0.0004825857783087948,0.11706572053017586,3.4203681187104675,0.01191379191015283,False,nan,nan,False,False
148,0.74,0.004953957999532577,0.0014980819996708306,5.881000106455758e-06,0.0012044209997839062,0.0010753879996627802,9.610999950382393e-05,0.003413146001548739,0.000701792060180196,0.0005808253048245459,0.1403584120360392,4.860297258339693,0.013099744506143601,False,nan,nan,False,False
149,0.745,0.005022036000809749,0.0015875699991738657,1.8184000509791076e-05,0.0023310960004891967,0.0010633060010150075,0.00012437299847078975,0.003325301000586478,0.000653428502761945,0.0005324123701789798,0.130685700552389,2.097225504982618,0.013256346738919966,False,nan,nan,False,False
150,0.75,0.004992050000510062,0.001585384999998496,6.2519993662135676e-06,0.0011291700011497596,0.0010337100011383882,9.798400060390122e-05,0.0033190999984071823,0.000579808289777601,0.0004736503651980189,0.11596165795552017,3.937586345255691,0.014112350877310212,False,nan,nan,False,False
151,0.755,0.005078390999187832,0.0013931749999755993,1.8044000171357766e-05,6.0323000070638955e-05,0.0008880469995347084,0.0001364170002489118,0.0034280340005352627,0.0006471547127823265,0.0005306221310148753,0.12943094255646528,3.614478149529774,0.013177610228215484,False,nan,nan,False,False
152,0.76,0.004900738000287674,0.0015104649992281338,5.731000783271156e-06,0.0010861690007004654,0.0009340430005977396,0.00012441400031093508,0.0034284150005987613,0.0005879251273384598,0.00046796753130335864,0.11758502546769194,2.688347973276901,0.01309793250273514,False,nan,nan,False,False
153,0.765,0.005006196999602253,0.0015307329995266628,5.550000423681922e-06,0.001568645000588731,0.0010734039988165023,0.00010947500049951486,0.0033832490007625893,0.0006994518082544675,0.000573867425724366,0.1398903616508935,4.730729940117542,0.01287687030413418,False,nan,nan,False,False
154,0.77,0.004983021999578341,0.0015188110010058153,6.121999831520952e-06,0.0009665540001151385,0.0009944570010702591,9.770300130185205e-05,0.0034063229995808797,0.0006515063057661232,0.0005223501457618531,0.13030126115322466,2.1837126252642016,0.011329181172073391,False,nan,nan,False,False
155,0.775,0.004988894001144217,0.0015505599985772278,5.601001248578541e-06,0.00199707799947646,0.0011046540003007976,0.00014439099868468475,0.0033890909999172436,0.0006612837387547226,0.0005301300887502539,0.1322567477509445,4.362684581728625,0.011610629110037131,False,nan,nan,False,False
156,0.78,0.005006255998523557,0.001480579001508886,5.731000783271156e-06,0.0009192859997710912,0.0010619629993016133,9.74730010057101e-05,0.0034572889999253675,0.0006712636298516565,0.0005422477118651398,0.13425272597033128,3.6389816662760435,0.011589542610577546,False,nan,nan,False,False
157,0.785,0.005005765000532847,0.0014925619998393813,5.580001015914604e-06,0.0020673599992733216,0.001047615998686524,0.0001308150003751507,0.003446258000622038,0.000666137625582479,0.0005298175491560819,0.1332275251164958,0.9318668839297113,0.010775066525692002,False,nan,nan,False,False
158,0.79,0.005007920000934973,0.0016139789986482356,5.7609995565144345e-06,0.000997001001451281,0.0011661480002658209,0.00010480600030859932,0.0033054040013666963,0.0007743780899279143,0.0006264405009661273,0.15487561798558286,6.15664655504518,0.011427452743919056,False,nan,nan,False,False
159,0.795,0.004993692999050836,0.0014879020000080345,5.6799999583745375e-06,0.0020820080007979413,0.0010349320000386797,0.00013901999955123756,0.0034380030010652263,0.0007312001839359773,0.0005854379385811593,0.14624003678719544,2.618545577300563,0.011778346468182637,False,nan,nan,False,False
160,0.8,0.004994422999516246,0.0015261850003298605,7.3740011430345476e-06,0.0009690280003269436,0.0010884829989663558,9.503900037088897e-05,0.003405923000173061,0.000686490613885096,0.0005449103072556671,0.1372981227770192,3.3697869641327056,0.01226787751497346,False,nan,nan,False,False
161,0.805,0.00500267000097665,0.0016380439992644824,6.232001396710984e-06,0.002017034999880707,0.0011165849991812138,0.00015629299923602957,0.003294133000963484,0.000771554141698378,0.0006152689500381328,0.1543108283396756,5.664495079146223,0.012126258789702995,False,nan,nan,False,False
162,0.81,0.0050023090007016435,0.0014259059989853995,6.03199987381231e-06,0.0008798719991318649,0.0009743690006871475,9.903600039251614e-05,0.003499709000607254,0.0007253931610196753,0.0005723547617621019,0.14507863220393505,3.3864019035278687,0.012862590859130718,False,nan,nan,False,False
163,0.8150000000000001,0.005015032998926472,0.0012673479996010428,5.640000381390564e-06,0.00015405900012410711,0.0008656949994474417,0.00010482700054126326,0.0036476770001172554,0.0007698487262654246,0.0006259718723674946,0.1539697452530849,2.5108903968145366,0.01264740024472271,False,nan,nan,False,False
164,0.8200000000000001,0.0049848260005092015,0.001497950999691966,5.6110002333298326e-06,0.0012175449992355425,0.000957285999902524,9.621100070944522e-05,0.0034751019993564114,0.0006984139952831338,0.0005232771543549593,0.13968279905662676,5.291431644655553,0.012931049483422028,False,nan,nan,False,False
165,0.8250000000000001,0.005059224999058642,0.0012846210011048242,5.670999598805793e-06,0.00013490300079865847,0.0008829779999359744,9.276399941882119e-05,0.0035832260000461247,0.0007838717359221577,0.0006224572912009985,0.15677434718443156,4.519821078583915,0.012277805030830749,False,nan,nan,False,False
166,0.8300000000000001,0.0049353330014128005,0.0013628389988298295,5.270001565804705e-06,0.0010884829989663558,0.0009046080012922175,9.161200068774633e-05,0.0035746989997278433,0.0007359105760155232,0.0005654065451733961,0.14718211520310465,2.302834417398331,0.013336797589189164,False,nan,nan,False,False
167,0.835,0.005007318999560084,0.0015196619988273596,7.635000656591728e-06,0.0021884580000914866,0.0010343109988752985,0.00014960000044084154,0.0034045200009131804,0.0009289280022917227,0.0007705885122774301,0.18578560045834452,8.528040674992514,0.013254912826247288,False,nan,nan,False,False
168,0.84,0.004999282999051502,0.001507750001110253,5.77100036025513e-06,0.0011086800004704855,0.000965220999205485,9.227299960912205e-05,0.003416561999983969,0.0008825907053621763,0.0007205327226744358,0.17651814107243527,2.0767595983994935,0.013685678042526354,False,nan,nan,False,False
169,0.845,0.004992220001440728,0.001482732999647851,9.758001397131011e-06,0.0022173420002218336,0.0009980029990401817,0.00014286800069385208,0.0034562769997137366,0.0008185613684622027,0.0006505721338292613,0.16371227369244054,2.9759638038745426,0.014632282815488694,False,nan,nan,False,False
170,0.85,0.005011695999201038,0.001548125999761396,5.639998562401161e-06,0.001047135001499555,0.0009721839996927883,9.729299927130342e-05,0.00337430299987318,0.0008002447624940228,0.0006240791452184376,0.16004895249880455,1.6688917304459616,0.014560662133938806,False,nan,nan,False,False
171,0.855,0.0049901660004252335,0.0015606699998897966,8.296001396956854e-06,0.0021870439995836932,0.001040944000124,0.00012514499940152746,0.003365065000252798,0.0009452400584576884,0.0007639487502316741,0.1890480116915377,7.7067962243432815,0.025598797504659886,False,nan,nan,False,False
172,0.86,0.004987672000424936,0.00143836899951566,5.059000613982789e-06,0.0010613419999572216,0.0009563849998812657,9.883599886961747e-05,0.0035032759988098405,0.0008985293118732335,0.0007173238809509578,0.17970586237464672,2.7261654414433414,0.028882434003899157,False,nan,nan,False,False
173,0.865,0.0050125879988627275,0.001553866000904236,8.09499942988623e-06,0.0021706839997932548,0.0010841049988812301,0.00011321300007693935,0.0033851439984573517,0.0008423372805157865,0.0006608208524235635,0.16846745610315728,4.670073365688472,0.015372839199612975,False,nan,nan,False,False
174,0.87,0.005008651000025566,0.0013815630009048618,5.560001227422617e-06,0.0010697769994294504,0.0009261980012524873,9.400599992659409e-05,0.003536046999215614,0.0009087446435752841,0.0007250933960722067,0.18174892871505682,4.358449616097424,0.01715483282202258,False,nan,nan,False,False
175,0.875,0.0049805180005932925,0.0016022269992390648,9.12609993974911e-05,0.0022484700002678437,0.0009541310009808512,0.00013342999955057167,0.0033474930005468195,0.0008772766263063391,0.0006856393316564627,0.1754553252612678,4.872485607162057,0.015915911761972306,False,nan,nan,False,False
176,0.88,0.005018417999963276,0.0015109269988897722,5.4199990699999034e-06,0.0010597590007819235,0.0009515660003671655,9.67819996731123e-05,0.003416561999983969,0.0009168618927899171,0.0007313621288019484,0.18337237855798344,3.038565761514102,0.01537128179853307,False,nan,nan,False,False
177,0.885,0.005010675000448828,0.0014847169986751396,9.306999345426448e-06,0.0021466990001499653,0.0009561940005369252,0.00012897199849248864,0.003442171000642702,0.0009238785608396952,0.0007012832702121205,0.18477571216793906,7.815602967286217,0.01598650649919642,False,nan,nan,False,False
178,0.89,0.005002639998565428,0.0014573950011254055,6.161999408504926e-06,0.001092360000257031,0.0009462960006203502,0.00010543799908191431,0.0034546039987617405,0.0009269197112703361,0.000721939012086505,0.18538394225406724,3.4782398001247015,0.014000794105209134,False,nan,nan,False,False
179,0.895,0.004979586001354619,0.001536933999886969,8.525999874109402e-06,0.00217637400055537,0.0010481070003152126,0.00014383999950950965,0.0033897529992827913,0.0009713575623450241,0.0007712955838574597,0.19427151246900484,4.472020378619805,0.01603534457107076,False,nan,nan,False,False
180,0.9,0.004992599999241065,0.0015143130003707483,5.059000613982789e-06,0.0010582060003798688,0.000955474000875256,9.821399908105377e-05,0.0034253390003868844,0.0009590072681389504,0.0007478577606795187,0.19180145362779003,3.8645288562814053,0.016850665383386153,False,nan,nan,False,False
181,0.905,0.005020484000851866,0.001510854999651201,1.6451000192319043e-05,0.002183759001127328,0.0010149139998247847,0.0001479479997215094,0.003406793999602087,0.0010125659900153752,0.000802669449276542,0.20251319800307505,5.4546944931874135,0.01666340299499602,False,nan,nan,False,False
182,0.91,0.004987700998754008,0.0015065269999468,5.539999619941227e-06,0.0010603699993225746,0.0009384910008520819,0.00010429599933559075,0.003425169001275208,0.0009984282275376495,0.0007826059548595894,0.1996856455075299,3.5547524104880823,0.017121935517908103,False,nan,nan,False,False
183,0.915,0.005079133001345326,0.0013113709992467193,5.780999345006421e-06,3.6948998968000524e-05,0.0008649739993416006,9.409700032847468e-05,0.003562436999345664,0.000974034082374241,0.000766581854167005,0.1948068164748482,1.8551496272176002,0.01635102460119104,False,nan,nan,False,False
184,0.92,0.004940582999552134,0.0014195339990692446,5.891000910196453e-06,0.0010973500011459691,0.0009401249990332872,9.408699952473398e-05,0.0034906420005427208,0.001163702354996914,0.0008964405868743279,0.23274047099938278,9.335590046818083,0.01641863124653482,False,nan,nan,False,False
185,0.925,0.004998811999030295,0.0015148830007092329,1.3594999472843483e-05,0.0021991779995005345,0.0010574050011200598,0.00013384100020630285,0.0033944719998544315,0.0011078331362934278,0.0008567678710392134,0.2215666272586856,3.2454047261545758,0.016161187856844766,False,nan,nan,False,False
186,0.93,0.004975818999810144,0.001459319000787218,6.381998900906183e-06,0.001067392999175354,0.0009172009995381813,9.123199924943037e-05,0.0034729590006463695,0.0010563517245449296,0.000825154066423462,0.2112703449089859,3.24165056307716,0.016606020486849123,False,nan,nan,False,False
187,0.935,0.004998342001272249,0.001523057999293087,7.714999810559675e-06,0.0021335649998945883,0.0010336199993616901,0.0001505330001236871,0.0034091190009348793,0.0010802725331692483,0.0008587843278726652,0.2160545066338497,2.7757636567165633,0.018801552572614625,False,nan,nan,False,False
188,0.9400000000000001,0.004999933998988126,0.0015399599997181213,5.681000402546488e-06,0.001065409998773248,0.0009762219997355714,9.533899901725817e-05,0.0033933590002561687,0.00110544683835187,0.0008431579590371828,0.22108936767037402,6.210482950693718,0.019157892202228483,False,nan,nan,False,False
189,0.9450000000000001,0.004998682001314592,0.001547634999951697,7.745000402792357e-06,0.0021644819989887765,0.0010790449996420648,0.00011192999954801053,0.0033868470000015805,0.0011113032446677259,0.0008709687469981662,0.22226064893354514,5.17440895947162,0.019705989362001575,False,nan,nan,False,False
190,0.9500000000000001,0.005001997998988372,0.0014043160008441191,5.6110002333298326e-06,0.00107438600025489,0.0009416770008101594,9.32749990170123e-05,0.00359231299989915,0.001104793228721952,0.00086213522346124,0.22095864574439036,3.3426871091990336,0.019603340141356528,False,nan,nan,False,False
191,0.9550000000000001,0.005083330999696045,0.0012716870005533565,5.710000550607219e-06,0.00013142599891580176,0.0008702929990249686,9.035999937623274e-05,0.0035734569992200704,0.001128648742374556,0.0008814317971052692,0.22572974847491126,6.631758911539718,0.019732976384037017,False,nan,nan,False,False
192,0.96,0.004908864000753965,0.0014173199997458141,5.210000381339341e-06,0.0011614100003498606,0.0009658130002208054,0.00010137999925063923,0.003587232999052503,0.0011223280523822107,0.0008773374952580244,0.22446561047644212,2.7616412483507635,0.02013178873687573,False,nan,nan,False,False
193,0.965,0.005097908000607276,0.0013219209995440906,6.152000423753634e-06,0.00014459100020758342,0.0009095580007851822,9.236400001100264e-05,0.003573427000446827,0.0011228479296385176,0.0008645311523116962,0.22456958592770357,2.937764635883227,0.01967638301062856,False,nan,nan,False,False
194,0.97,0.004966160999174463,0.0013693300006707432,5.940999471931718e-06,0.0012202199995954288,0.000912732999495347,9.191299977828749e-05,0.0035760719983954914,0.001153562581001491,0.0008997322157808189,0.23071251620029815,6.8215539792342454,0.019795082151245903,False,nan,nan,False,False
195,0.975,0.005045861000326113,0.0013163999992684694,6.3520001276629046e-06,0.00015476000044145621,0.0008692610008438351,0.0001025929996103514,0.003542259000823833,0.0011348841433016271,0.0008759620654001758,0.22697682866032542,4.080936733400146,0.019109654322645726,False,nan,nan,False,False
196,0.98,0.004929442000502604,0.001423480998710147,5.570000212173909e-06,0.0012093400000594556,0.0009345140006189467,9.495800077274907e-05,0.0035315189998073038,0.0012236866782381383,0.0009601335866531559,0.2447373356476277,8.26015546780014,0.019153647129133772,False,nan,nan,False,False
197,0.985,0.005045679999966524,0.0012740509991999716,5.521000275621191e-06,0.000139271998705226,0.0008751029999984894,9.791400043468457e-05,0.00357756499943207,0.0011828714122679449,0.0009209727440743515,0.23657428245358897,3.8928339317372798,0.019316245276151604,False,nan,nan,False,False
198,0.99,0.004915595998681965,0.0014592490006180014,5.4510001064045355e-06,0.0011721199989551678,0.0009268189987778896,0.00010310399920854252,0.0035344739990250673,0.001155527207812402,0.000889271617248103,0.2311054415624804,5.592210363834387,0.019590640638675008,False,nan,nan,False,False
199,0.995,0.005087929999717744,0.0012773770013154717,5.9710000641644e-06,0.00014658500003861263,0.0008655750007164897,9.38260000111768e-05,0.003594866999264923,0.0011966832325962496,0.0009260834686845784,0.2393366465192499,5.756364411084188,0.019208137258959826,False,nan,nan,False,False
200,1.0,0.0049675930004013935,0.001591977999851224,7.634998837602325e-06,0.0011407719994167564,0.0010937429997284198,0.00010683999971661251,0.0033761770009732572,0.0011789480248769477,0.000903635367070609,0.23578960497538953,4.972160358583796,0.020969438712359897,False,nan,nan,False,False
201,1.0050000000000001,0.005058675000327639,0.0013652620000357274,6.472000677604228e-06,0.00014299900067271665,0.0009106689994951012,0.00012827099999412894,0.0034639719997358043,0.0012240646090942457,0.0009471713356728343,0.24481292181884912,5.688385368531816,0.02140601456275815,False,nan,nan,False,False
202,1.01,0.004899907000435633,0.0015260239997587632,6.020998625899665e-06,0.0011664189987641294,0.0011231979988224339,9.756299914442934e-05,0.00346655599969381,0.0012101442471274945,0.0009297281137062097,0.2420288494254989,5.455187337887452,0.02160259321315181,False,nan,nan,False,False
203,1.0150000000000001,0.0050862560001405654,0.0013080249991617166,6.1920000007376075e-06,0.00014242699944588821,0.0008670469997014152,0.00010676000056264456,0.0035331409999344032,0.0012375539037917359,0.0009544040578207394,0.24751078075834718,5.87795177518535,0.022189177579401417,False,nan,nan,False,False
204,1.02,0.004911076999633224,0.0014089249998505693,6.882000889163464e-06,0.0011589759997150395,0.0009230129999195924,0.00010873500104935374,0.00358730299922172,0.001235767998819655,0.0009500709436820777,0.24715359976393103,5.524161422353454,0.022675195114199322,False,nan,nan,False,False
205,1.025,0.005092288000014378,0.0012917450003442355,7.353999535553157e-06,0.0001439300012862077,0.0008517490005033324,9.630000022298191e-05,0.003543119999449118,0.0012461320143520884,0.0009516524661185161,0.24922640287041767,3.9670957694929068,0.022159284931966915,False,nan,nan,False,False
206,1.03,0.0048991660005413,0.001392232999933185,5.410000085248612e-06,0.001155139001639327,0.0009389419992658077,9.669199971540365e-05,0.0035486399992805673,0.0012659303888292116,0.0009654518625446633,0.2531860777658423,5.756514272490599,0.022212205002540616,False,nan,nan,False,False
207,1.035,0.005115070000101696,0.0012923059985041618,6.03199987381231e-06,3.425399881962221e-05,0.0008703139992576325,9.942699944076594e-05,0.0035276910002721706,0.0012484297463415846,0.0009484936891856035,0.24968594926831691,6.439358067676873,0.022634374726566507,False,nan,nan,False,False
208,1.04,0.004883806999714579,0.0014481779999186983,5.058998794993386e-06,0.001148315001046285,0.000968708000073093,9.9405999208102e-05,0.003552767999281059,0.001276423302218636,0.0009697336340522503,0.2552846604437272,5.865136557945515,0.022835481324114257,False,nan,nan,False,False
209,1.045,0.005088960999273695,0.0013719849994231481,5.820998921990395e-06,0.0001361860013275873,0.0009205680016748374,0.00011449500016169623,0.0034947889998875326,0.0012581012499329235,0.0009540682823418762,0.2516202499865846,3.2781709168534965,0.022333556420284305,False,nan,nan,False,False
210,1.05,0.0049344409999321215,0.0014623549996031215,5.620999218081124e-06,0.0011677610000333516,0.0009376699999847915,9.899599899654277e-05,0.003457800001342548,0.00136596896974013,0.001029414633039888,0.27319379394802595,9.126562069140938,0.022201559389120856,False,nan,nan,False,False
211,1.055,0.004999123000743566,0.001454840999940643,1.642099960008636e-05,0.002262205998704303,0.000966915000390145,0.00012084699847036973,0.003468179998890264,0.0013204683519602671,0.0009966823213137157,0.2640936703920534,4.4882727518508085,0.022937054097220896,False,nan,nan,False,False
212,1.06,0.0050019489990518196,0.0015608890007570153,5.821000740979798e-06,0.0011791329998231959,0.0009919120002450654,9.711300117487554e-05,0.003355728000315139,0.001300581746828105,0.000994465612450448,0.26011634936562106,2.7394215433546867,0.023019744079785482,False,nan,nan,False,False
213,1.065,0.005084352000267245,0.00128346900055476,6.4420000853715464e-06,3.257100070186425e-05,0.0008569279998482671,9.474800026509911e-05,0.003551555999365519,0.0014321812583668542,0.0010421851336170507,0.28643625167337083,9.91091478638141,0.022495593727483998,False,nan,nan,False,False
214,1.07,0.004908983999484917,0.001472784000725369,6.181000571814366e-06,0.001173863998701563,0.0009346639999421313,9.36659998842515e-05,0.0034506669999245787,0.0013928096435595965,0.0010311568365138288,0.2785619287119193,3.9105202163341928,0.02255096687903442,False,nan,nan,False,False
215,1.075,0.005003702000976773,0.0015109449996089097,2.0858999050688e-05,0.002283105000969954,0.000992331999441376,0.00012057599997206125,0.0034210609992442187,0.0013536785640160646,0.0010269324184520902,0.27073571280321296,5.141697930317484,0.022372091045951482,False,nan,nan,False,False
216,1.08,0.005007567999200546,0.0014749490001122467,6.42200029687956e-06,0.0011825090005004313,0.0009582889997545863,9.154200051852968e-05,0.003492343999823788,0.0013960985499534622,0.001043187008715524,0.27921970999069246,5.812979827012734,0.02309061717480908,False,nan,nan,False,False
217,1.085,0.005050710000432446,0.0012904020004498307,5.460999091155827e-06,0.00012638699990930036,0.0008797010013950057,9.131099977821577e-05,0.0035735769997700118,0.0013908271432436844,0.0010541654454891214,0.2781654286487369,6.677072916006711,0.02406614911318978,False,nan,nan,False,False
218,1.09,0.004940061999150203,0.0015053050010465086,5.951000275672413e-06,0.0011795140017056838,0.0009637789989938028,9.955699897545855e-05,0.0034745520006254083,0.0013937424966765821,0.001044936081924113,0.2787484993353164,5.673126290741507,0.02379180386207879,False,nan,nan,False,False
219,1.095,0.005071018000307959,0.0012950910004292382,5.940999471931718e-06,0.00013825999849359505,0.0008847709996189224,9.21929986361647e-05,0.0035588589998951647,0.0014103057422228007,0.001069042383310152,0.28206114844456015,6.978086016238901,0.023571422530697706,False,nan,nan,False,False
220,1.1,0.004927167999994708,0.0014156369998090668,6.071000825613737e-06,0.0011765580002247589,0.0009306070005550282,9.500799933448434e-05,0.0035086850002699066,0.0014273335909105406,0.0010756878897685892,0.2854667181821081,5.983266380755985,0.024394439761137095,False,nan,nan,False,False
221,1.105,0.005005775001336588,0.0014849769995635143,1.9737000911845826e-05,0.002275340999403852,0.0010302039991074707,0.00012090599921066314,0.003443442999923718,0.0014487215811310732,0.0010995613838817465,0.2897443162262146,8.304350471550002,0.02549831695289003,False,nan,nan,False,False
222,1.11,0.005002840000088327,0.0014794169983360916,7.304000973817892e-06,0.0011742940005206037,0.0009189350002998253,9.596000018063933e-05,0.003434796000874485,0.0014407685185883442,0.001089729847443495,0.28815370371766885,4.606273257045254,0.024514347727124287,False,nan,nan,False,False
223,1.115,0.004990677000023425,0.001520793999588932,8.054999852902256e-06,0.002251735999379889,0.0010633159999997588,0.0001285620000999188,0.0034271019994775997,0.0014912494774104105,0.00113930002424994,0.2982498954820821,5.234502047489123,0.025247167258730104,False,nan,nan,False,False
224,1.12,0.005022026000006008,0.0025939479983208003,6.05100103712175e-06,0.0011768390013457974,0.0009774749996722676,0.0012310300007811747,0.0023757390008540824,0.0014794525600746124,0.0011146668187874218,0.2958905120149225,5.906734418461363,0.024967674473379997,False,nan,nan,False,False
225,1.125,0.005075114999272046,0.0013929540000390261,6.181999196996912e-06,0.00015518199870712124,0.0009185039998556022,0.00014568400001735426,0.003449014000580064,0.0014881420519736797,0.0011242981449638284,0.2976284103947359,6.9084305199385225,0.025968517685832297,False,nan,nan,False,False
226,1.1300000000000001,0.004918983000607113,0.0015306929999496788,6.512000254588202e-06,0.0011903550002898555,0.001116995999836945,0.00010142000064661261,0.0034363689992460422,0.0015011733449353936,0.0011319074528737417,0.3002346689870787,6.0767668177226835,0.026090174003566186,False,nan,nan,False,False
227,1.135,0.005059745999460574,0.0012858440004492877,5.83099972573109e-06,0.00013722800031246152,0.0008688710004207678,0.00010614900020300411,0.003570500999558135,0.0015151407241275128,0.00114682856408024,0.3030281448255026,6.283445847640871,0.025909743019625533,False,nan,nan,False,False
228,1.1400000000000001,0.0049332389990013326,0.0014859490001981612,6.402000508387573e-06,0.0011779310007113963,0.0009350250002171379,9.485800001129974e-05,0.0035044180003751535,0.0015361174080765322,0.0011587128545259562,0.3072234816153065,7.116036955166944,0.02632041032156413,False,nan,nan,False,False
229,1.145,0.005069566001111525,0.0013904690003982978,6.121999831520952e-06,0.00013678699906449765,0.0009038859989232151,0.00012714900003629737,0.0034801019992301008,0.0015218023778975505,0.0011470683379126226,0.3043604755795101,5.565290890787271,0.026423273633700867,False,nan,nan,False,False
230,1.1500000000000001,0.004954648999046185,0.0015689850006310735,6.653001037193462e-06,0.0012069750009686686,0.0011244609995628707,0.00011070800064771902,0.0033219950000784593,0.0015909462269530822,0.0011953942653216056,0.3181892453906164,9.47900896784204,0.027407807685406557,False,nan,nan,False,False
231,1.155,0.004967724000380258,0.0015379460000986,1.7733000277075917e-05,0.002283095000166213,0.0010660809984983644,0.00011228100083826575,0.003407947000596323,0.0015755152742147858,0.0011904105881436946,0.31510305484295714,5.370536505863505,0.028522004563010194,False,nan,nan,False,False
232,1.16,0.005020913000407745,0.0014757310000277357,6.071000825613737e-06,0.0011979189985140692,0.0009607629999663914,0.00010101000043505337,0.0034227140004077228,0.0015521436006133021,0.0011736130634713536,0.31042872012266043,2.3752364207894483,0.027738023592883618,False,nan,nan,False,False
233,1.165,0.004976530999556417,0.001544008000564645,1.9315999452373944e-05,0.002266915000291192,0.001067293000232894,0.00014549300067301374,0.0034043699997710064,0.0017160953378067086,0.0012912072227054937,0.34321906756134174,10.039197968949546,0.029019036368470797,False,nan,nan,False,False
234,1.17,0.0050240800010215025,0.00153623299956962,6.492000466096215e-06,0.001198609999846667,0.001118670001233113,9.710300037113484e-05,0.0033689930005493807,0.00167384947225746,0.0012597131828212156,0.334769894451492,3.7647209178308705,0.028561179422760912,False,nan,nan,False,False
235,1.175,0.0050092919991584495,0.0015559599996777251,1.0791000022436492e-05,0.0022777449994464405,0.001084855999579304,0.0001378780016239034,0.0033491260001028422,0.0016012950428950755,0.0011955056891201615,0.32025900857901507,6.3071762549527675,0.028110616609380745,False,nan,nan,False,False
236,1.18,0.004974986999513931,0.0015175890002865344,5.900999894947745e-06,0.0011773799997172318,0.001111557001422625,9.875499927147757e-05,0.003467548000116949,0.0016497808074087243,0.001244691682543729,0.3299561614817449,6.9951812728478595,0.027087797975566815,False,nan,nan,False,False
237,1.185,0.005089242000394734,0.0013062319994787686,6.701999154756777e-06,0.00015614299991284497,0.0008707840006536571,0.00010808300066855736,0.003521930000715656,0.0016225785844578902,0.0012051715529604202,0.32451571689157804,6.499127117669287,0.027818449931087348,False,nan,nan,False,False
238,1.19,0.004892652999842539,0.001409656000760151,5.420000888989307e-06,0.0011669199993775692,0.0008923349996621255,0.00010124999971594661,0.003596880998884444,0.0017411398538038558,0.001331231566571665,0.34822797076077117,9.020203554192925,0.027001708051073187,False,nan,nan,False,False
239,1.195,0.005106124001031276,0.001379057999656652,6.1920000007376075e-06,0.00015291699855879415,0.0009055299997271504,0.00013939200107415672,0.003474160999758169,0.0016914542354323785,0.0012755265677178544,0.33829084708647567,4.446180824831597,0.028829491470814827,False,nan,nan,False,False
240,1.2,0.004920595998555655,0.0014156470006128075,5.781001163995825e-06,0.0011911349993170006,0.0009602019999874756,9.184199916489888e-05,0.003561363999324385,0.0016538975580227494,0.0012224763857433575,0.3307795116045499,6.7816636038336515,0.02913298579320013,False,nan,nan,False,False
241,1.205,0.005072500000096625,0.0013231440007075435,5.791000148747116e-06,0.0001453830009268131,0.0009012020000227494,9.385599878442008e-05,0.003520817999742576,0.00169763247223209,0.0012747567402170423,0.33952649444641797,6.513723323787699,0.029052673486690404,False,nan,nan,False,False
242,1.21,0.004911198000627337,0.0014789659999223659,6.141999620012939e-06,0.0011699859987857053,0.0009365180012537166,9.566900007484946e-05,0.0035125430003972724,0.0016907530550598002,0.0012516562294399795,0.3381506110119601,4.969992331580311,0.02988592001742528,False,nan,nan,False,False
243,1.215,0.005087318999358104,0.0012916340001538629,6.2920007621869445e-06,0.00014589399870601483,0.0008645329999126261,9.36659998842515e-05,0.0035430700008873828,0.0017387810614724584,0.001309334854022265,0.3477562122944917,7.030092244723187,0.02946058577911082,False,nan,nan,False,False
244,1.22,0.004905266001514974,0.0014580469996872125,5.571000656345859e-06,0.0011693749984260648,0.0009080740001081722,9.531899922876619e-05,0.003476435000266065,0.0017189891983184584,0.0012787942570806118,0.34379783966369165,5.876063909724599,0.029473033946411133,False,nan,nan,False,False
245,1.225,0.005040680998718017,0.0014782939997530775,8.365999747184105e-06,0.0022806910001236247,0.0010422760005894816,0.00012373199933790602,0.0034199590008938685,0.001813304111647802,0.0013739762565845078,0.36266082232956043,8.21071827035643,0.031005981726345225,False,nan,nan,False,False
246,1.23,0.00496452799961844,0.001468436001232476,6.050999218132347e-06,0.0011742940005206037,0.0009150570003839675,9.674099965195637e-05,0.0035249060001660837,0.0017813463278454674,0.0013371575430799615,0.3562692655690935,5.155218312616346,0.03102498611695085,False,nan,nan,False,False
247,1.235,0.005098229001305299,0.001301733000218519,6.6829998104367405e-06,0.00015831699965929147,0.0008632700009911787,9.664099889050703e-05,0.00354171799881442,0.0017443350810393392,0.0012903229043868432,0.3488670162078678,3.3699633588239113,0.030654076995704663,False,nan,nan,False,False
248,1.24,0.004905046000203583,0.0015012079984444426,5.3700005082646385e-06,0.0011704469998221612,0.0009722039994812803,9.496799975750037e-05,0.003423375001148088,0.0019043650016006691,0.0014469663593796728,0.3808730003201338,9.770885307886706,0.03078433655046578,False,nan,nan,False,False
249,1.245,0.005022335999456118,0.0015024000003904803,1.6181000319193117e-05,0.0022899279992998345,0.0010237019996566232,0.0001208969988510944,0.0034079170000040904,0.0018465616134390004,0.0013814309873487664,0.36931232268780007,4.012033819607232,0.03174395031925257,False,nan,nan,False,False
250,1.25,0.004985978999684448,0.0015510510002059164,6.262000169954263e-06,0.0011896729993168265,0.001093982999009313,0.00012921199959237128,0.0033664380007394357,0.0018153966178034266,0.0013493026150627804,0.36307932356068534,5.515211787657952,0.03190795391083432,False,nan,nan,False,False
251,1.2550000000000001,0.005116573000123026,0.0013377409995882772,1.3445000149658881e-05,4.44329998572357e-05,0.0008857320008246461,0.00011932400047953706,0.003472307000265573,0.0018496552044159791,0.0013868842580041212,0.3699310408831959,6.968796377673709,0.03365234653547709,False,nan,nan,False,False
252,1.26,0.004877994999333168,0.0015185610009211814,6.031001248629764e-06,0.001155318999735755,0.0009723650000523776,0.00010732099872257095,0.0034065939998981776,0.001859397536727739,0.0013808687327594125,0.37187950734554776,6.621681692118037,0.03261470460426683,False,nan,nan,False,False
253,1.2650000000000001,0.0051121050000801915,0.0013738990001002094,6.632000804529525e-06,3.8422000216087326e-05,0.0008838390003802488,0.00014708599883306306,0.003444215000854456,0.0018713865612198792,0.0014022308934081816,0.3742773122439758,6.752727521844179,0.03258322772996298,False,nan,nan,False,False
254,1.27,0.0048852899999474175,0.0015849340015847702,5.6110002333298326e-06,0.0011593460003496148,0.0009669449991633883,0.00010168100016016979,0.0034279939991392894,0.0018962094406991656,0.001414088300417662,0.3792418881398331,7.238560632572763,0.032589602101704154,False,nan,nan,False,False
255,1.2750000000000001,0.00509612499990908,0.0012986570000066422,6.202000804478303e-06,0.00014686500071547925,0.0008858429991960293,9.289499939768575e-05,0.003549542001564987,0.0018834798275883778,0.0014060264438383475,0.37669596551767554,7.047552929724193,0.03249103392200963,False,nan,nan,False,False
256,1.28,0.004915886000162573,0.001515605001259246,5.440000677481294e-06,0.0011879390003741719,0.0009212389995809644,9.634100024413783e-05,0.0034703539986367105,0.0019196616064700537,0.0014366430486244496,0.3839323212940107,6.331882129043044,0.03269764803849279,False,nan,nan,False,False
257,1.285,0.0050771200003509875,0.0012968440005352022,5.9109988796990365e-06,0.000146625001434586,0.0008652939995954512,9.487799979979172e-05,0.0035316279991093324,0.0019179573529467444,0.0014321245312729873,0.38359147058934884,7.464675485491969,0.033108504733045496,False,nan,nan,False,False
258,1.29,0.004889547000857419,0.0013762429989583325,5.199999577598646e-06,0.0011637539992079837,0.000930235999476281,8.943800094129983e-05,0.0036237210006220266,0.0019457371972544833,0.0014535877892815768,0.3891474394508967,7.104414479528538,0.03285802291912847,False,nan,nan,False,False
259,1.295,0.0051070150002487935,0.001276495999263716,6.121999831520952e-06,0.00015700399853812996,0.0008550950005883351,9.177199899568222e-05,0.003572494999389164,0.0019386748745470045,0.0014453663156883609,0.3877349749094009,6.671615620589955,0.03257384706974165,False,nan,nan,False,False
260,1.3,0.004911547999654431,0.001365943999189767,5.178999344934709e-06,0.001185454999358626,0.0009245959990948904,8.953800170274917e-05,0.0035696300001291092,0.0019784525844686474,0.0014725615804897872,0.39569051689372947,7.835368840093273,0.032816120140907394,False,nan,nan,False,False
261,1.305,0.005162931000086246,0.0014092549990891712,7.384000127785839e-06,5.205799971008673e-05,0.0009120520007854793,0.0001665820000198437,0.0033621700004005106,0.0019628839218954687,0.0014665386189630578,0.39257678437909377,6.645601348970752,0.032718375006308316,False,nan,nan,False,False
262,1.31,0.004841115998715395,0.0014572550007869722,5.821000740979798e-06,0.0011870479993376648,0.000968457999988459,0.00011169999925186858,0.0035242550002294593,0.0020258991842402835,0.0015081260896230245,0.40517983684805664,8.881900037807405,0.03251416977797794,False,nan,nan,False,False
263,1.315,0.005081708000943763,0.0013422689989965875,6.172000212245621e-06,0.00014951099910831545,0.0008986270004243124,0.00011954399997193832,0.003534895000484539,0.001996990814350082,0.0014906585209451262,0.3993981628700164,6.053883475747478,0.03365644671994807,False,nan,nan,False,False
264,1.32,0.004973834998963866,0.0015809280012035742,7.454000297002494e-06,0.0011141109989694087,0.0011425550001149531,0.00010444600047776476,0.0032906159995036433,0.0020266011334733195,0.0015169840896666516,0.4053202266946639,4.530090829353223,0.03371750788748991,False,nan,nan,False,False
265,1.325,0.004948327999954927,0.0015620320009475108,6.222000592970289e-06,0.002107816999341594,0.0011087300008512102,0.00010502700024517253,0.0033566999991307966,0.002060734896177562,0.0015404960539016736,0.4121469792355124,9.183740810062343,0.033859958685689376,False,nan,nan,False,False
266,1.33,0.004987291000361438,0.0014984720000938978,6.041000233381055e-06,0.0009367379989271285,0.001056522998624132,0.0001011889999062987,0.003438334000748,0.0020565547473523522,0.0015382011677419743,0.4113109494704704,5.020855974026303,0.0353022601555294,False,nan,nan,False,False
267,1.335,0.005013550000512623,0.0013308969992067432,6.3419993239222094e-06,0.0003858840009343112,0.0008959110000432702,0.00010713099982240237,0.0035825350005325163,0.0020711318341990474,0.0015322065289292298,0.4142263668398094,3.8301438509952175,0.035801506653211725,False,nan,nan,False,False
268,1.34,0.004977231999873766,0.001555528999233502,5.560001227422617e-06,0.0009192450015689246,0.0011082999990321696,0.00010379400009696838,0.0033875680001074215,0.0021441730616499686,0.0016178232341868774,0.4288346123299937,8.079582448645791,0.03638479018875485,False,nan,nan,False,False
269,1.345,0.005019591000746004,0.0016244789985648822,6.521999239339493e-06,0.0020439670006453525,0.0010291719991073478,0.00011908300075447187,0.003292069000963238,0.0021214290298435783,0.0015761324810402311,0.4242858059687157,7.577459733065697,0.03538369487938989,False,nan,nan,False,False
270,1.35,0.00498451499879593,0.0015588260012009414,5.6110002333298326e-06,0.0008919649990275502,0.0011434959997131955,0.0001000380016193958,0.0033845319994725287,0.0021686851282244728,0.0016307344774935083,0.43373702564489447,7.855703832237689,0.03564137237939901,False,nan,nan,False,False
271,1.355,0.0050197720011055935,0.001558253999974113,6.4420000853715464e-06,0.0020652769999287557,0.001016467998852022,0.0001733860008243937,0.0033678309991955757,0.0021695902639580224,0.0016183896098843284,0.43391805279160456,6.752462167782891,0.036546701142916194,False,nan,nan,False,False
272,1.36,0.004991347999748541,0.0014626350002799882,5.541000064113177e-06,0.0009354659996461123,0.0010522749998926884,9.574899922881741e-05,0.003466365998974652,0.002148865092220755,0.0016008871846482208,0.42977301844415106,3.9020391477621033,0.03618992773894041,False,nan,nan,False,False
273,1.365,0.005006837000109954,0.0013813730001857039,8.144999810610898e-06,0.0003179560007993132,0.0009291339993069414,0.00010253199980070349,0.00356563199966331,0.002211181669636912,0.0016371769137867725,0.4422363339273824,7.913120473518676,0.036742822965687434,False,nan,nan,False,False
274,1.37,0.005019370999434614,0.001520734000223456,5.740999768022448e-06,0.0008535619999747723,0.0010977109996019863,9.566999870003201e-05,0.0033723600008670473,0.0021947452049084605,0.0016364687378792597,0.43894904098169213,8.213838918020464,0.03730922958495981,False,nan,nan,False,False
275,1.375,0.004958326000632951,0.0013428309994196752,5.5300006351899356e-06,0.00023241599956236314,0.0009173320013360353,0.00010550800107012037,0.0035992749999422813,0.0022087988463170617,0.0016395440262154792,0.44175976926341237,6.263648025155228,0.03749699647266591,False,nan,nan,False,False
276,1.3800000000000001,0.00501190700015286,0.0014801479992456734,5.77100036025513e-06,0.0007929779985715868,0.0010484680005902192,9.779399988474324e-05,0.003443203000642825,0.0022591968589570533,0.0016894783993354062,0.4518393717914106,9.347627735604995,0.037915570738889896,False,nan,nan,False,False
277,1.385,0.00498630899892305,0.0012761250000039581,5.300000339047983e-06,0.00023167399922385812,0.0008847099998092744,9.056000089913141e-05,0.00366550000035204,0.0022397648337806222,0.0016624849760486365,0.44795296675612445,6.102123049232982,0.0387146203016921,False,nan,nan,False,False
278,1.3900000000000001,0.005007970001315698,0.0014424169985431945,5.7010001910384744e-06,0.0007996309996087803,0.0010283700012223562,9.202299952448811e-05,0.003495631000987487,0.0022885364353494673,0.001707999518662304,0.45770728706989344,4.517771450937289,0.03817804375868923,False,nan,nan,False,False
279,1.395,0.005011555998862605,0.0012866649994975887,5.940999471931718e-06,0.00025145199833787046,0.0008719859997654567,0.00010421499973745085,0.003637286001321627,0.0022584268125398995,0.0016706051762428072,0.4516853625079799,7.514485838603858,0.03789182192387091,False,nan,nan,False,False
280,1.4000000000000001,0.004998321001039585,0.0014584569998987718,6.021999070071615e-06,0.0013760430010734126,0.0010372169999754988,0.00010541800111241173,0.0034673680002015317,0.002323164490517337,0.0017198255960624992,0.4646328981034674,8.80794304068142,0.04013111666759146,False,nan,nan,False,False
281,1.405,0.005002047999369097,0.0013299469992489321,5.730000339099206e-06,0.00023554200015496463,0.0009100180013774661,9.571999908075668e-05,0.003590909000195097,0.0022743919536125355,0.0016786244759175763,0.4548783907225071,7.067085714783675,0.0390397066645084,False,nan,nan,False,False
282,1.41,0.004986739999367273,0.0014870610011712415,5.740999768022448e-06,0.0007924569999886444,0.0009527990005153697,9.560000034980476e-05,0.003448532999755116,0.002338128159163498,0.0017312034559816142,0.46762563183269956,7.103468737176336,0.039307619238959604,False,nan,nan,False,False
283,1.415,0.0050040620008076075,0.0012820459996873979,5.951000275672413e-06,0.000247023001065827,0.0008612359997641761,9.738299922901206e-05,0.003650512000604067,0.002283936432093363,0.001678205508986251,0.45678728641867256,7.727858358350823,0.039075523975174074,False,nan,nan,False,False
284,1.42,0.0050056649997713976,0.0015229689997795504,5.710999175789766e-06,0.000802214999566786,0.0009958890004782006,9.636100003262982e-05,0.0034021650008071447,0.0023649424296316433,0.0017495992185291229,0.4729884859263287,7.648339684410531,0.03894541139670519,False,nan,nan,False,False
285,1.425,0.0049909280005522305,0.0013029949986957945,5.440000677481294e-06,0.00024397800007136539,0.0008838389985612594,0.00010727200060500763,0.0036298030008765636,0.0022971910767437286,0.0016777346927300436,0.4594382153487456,6.014794993299538,0.041626090079766524,False,nan,nan,False,False
286,1.43,0.005005514000004041,0.001439132000086829,5.489999239216559e-06,0.0006128500008344417,0.0010223290009889752,0.00010353400102758314,0.0034841990000131773,0.0024324995500090802,0.0018051918960989774,0.4864999100018161,8.934126479680017,0.040219707682066765,False,nan,nan,False,False
287,1.435,0.004986248999557574,0.001236832000358845,4.768999133375473e-06,0.00011993599946436007,0.0008403570009249961,0.00010553799984336365,0.0037055149987281766,0.002354038903246768,0.0017245848003048583,0.4708077806493536,5.007915594705295,0.040843617662000974,False,nan,nan,False,False
288,1.44,0.005015474000174436,0.0014947750005376292,5.840998710482381e-06,0.0012491350007621804,0.001067313000021386,9.694199980003759e-05,0.003431069999351166,0.002531806943562258,0.0019119928457403956,0.5063613887124515,8.720876533685036,0.041355022902595726,False,nan,nan,False,False
289,1.445,0.0049929510005313205,0.0012493749982240843,5.571000656345859e-06,0.00013154699990991503,0.0008628689993201988,9.108100130106322e-05,0.003696298001159448,0.0024359754350285995,0.0018070387317360784,0.4871950870057199,5.105234951411288,0.04227497771107022,False,nan,nan,False,False
290,1.45,0.005020582999350154,0.0015464030002476647,5.870999302715063e-06,0.0012827079990529455,0.0011244600009376882,9.353599853056949e-05,0.0033744329994078726,0.0024324960674874233,0.00178317151190701,0.48649921349748465,2.2444853322477045,0.04145252939973177,False,nan,nan,False,False
291,1.455,0.0050021589995594695,0.0014221790006558876,6.56200063531287e-06,0.0002083509989461163,0.0009555439992254833,0.00013274900084070396,0.003528712999468553,0.0025431721940936654,0.0018978795580976253,0.508634438818733,6.19429391704763,0.04208308549480744,False,nan,nan,False,False
292,1.46,0.005021123999540578,0.0015092630001163343,5.850999514223076e-06,0.0007254319989442592,0.0010928510000667302,0.00010402500083728228,0.00338283900055103,0.0024382457038679504,0.0017830426103042259,0.48764914077359006,6.898929708509929,0.04263357679480973,False,nan,nan,False,False
293,1.465,0.00495970900010434,0.001360283000394702,5.841000529471785e-06,0.0002296010006830329,0.0009387520003656391,9.136100015894044e-05,0.0035810209992632736,0.0025985043544801707,0.0019408793340218826,0.519700870896034,8.520570435945627,0.04424533463201168,False,nan,nan,False,False
294,1.47,0.005024220001359936,0.001555278999148868,6.672000381513499e-06,0.000735961000827956,0.0011255929985054536,0.00010992600073223002,0.003358833999300259,0.0025002132104062287,0.0018369128281008097,0.5000426420812456,5.923506273250658,0.04548322310564783,False,nan,nan,False,False
295,1.475,0.004990195999198477,0.001312242999119917,5.940999471931718e-06,0.0002552189998823451,0.0008848510005918797,9.992800005420577e-05,0.003612891001466778,0.002595847218631094,0.0019416537050624787,0.5191694437262189,4.60783143982736,0.046560499946564235,False,nan,nan,False,False
296,1.48,0.0050076690004061675,0.001531924999653711,7.733999154879712e-06,0.0013946279996162048,0.0010890539997490123,0.00011055799950554501,0.0033804150007199496,0.002485189518000662,0.0018104176711179892,0.49703790360013234,7.018485721303339,0.045313245650466114,False,nan,nan,False,False
297,1.485,0.004982080999980099,0.001287797000259161,6.001000656397082e-06,0.00024846699852787424,0.0008856220010784455,0.00010039799963124096,0.003643247999207233,0.002595299475764748,0.0019219715050196595,0.5190598951529496,6.738615161365835,0.046567990036773435,False,nan,nan,False,False
298,1.49,0.005007288000342669,0.0015119370000320487,6.211999789229594e-06,0.0013853099990228657,0.001084986000932986,9.616100032872055e-05,0.0034149599996453617,0.0024841613356886656,0.0017899557350004244,0.49683226713773304,7.361918883103538,0.045894514056402824,False,nan,nan,False,False
299,1.495,0.005008250000173575,0.0012885379983345047,1.4848001228529029e-05,0.0002747150010691257,0.00088074300037988,9.31249996938277e-05,0.0036250240009394474,0.0026041779048350646,0.0019238724732386601,0.5208355809670129,6.555632510157561,0.04441427460999453,False,nan,nan,False,False
300,1.5,0.004988341999705881,0.0014496610001515364,5.8610003179637715e-06,0.001379408999127918,0.001000127000224893,0.0001008789986371994,0.003474721999737085,0.0024892724307123987,0.0017842707810680897,0.49785448614247974,6.204472813960062,0.045746403708149766,False,nan,nan,False,False
301,1.5050000000000001,0.00499101799869095,0.0012649240015889518,5.671001417795196e-06,0.0002479449995007599,0.0008740599987504538,9.222300104738679e-05,0.00367242299944337,0.0026386124951674923,0.0019541214403274478,0.5277224990334984,7.407188119085467,0.04436303041871885,False,nan,nan,False,False
302,1.51,0.005012919000364491,0.001488453001002199,6.1920000007376075e-06,0.0013829760009684833,0.0010587380002107238,0.00010798299990710802,0.003434496999034309,0.002527819496898004,0.001820029027486167,0.5055638993796009,5.728706324312121,0.04646816199548692,False,nan,nan,False,False
303,1.5150000000000001,0.004993763001039042,0.0012889390000054846,6.0709990066243336e-06,0.0002386779997323174,0.0008697120010765502,9.272399984183721e-05,0.0036436379996303003,0.0026804601436814395,0.0020000000000000018,0.5360920287362878,7.419674550088206,0.046294974687850904,False,nan,nan,False,False
304,1.52,0.005013057998439763,0.0014701100008096546,6.662001396762207e-06,0.0013869029990019044,0.001048799000272993,9.72319994616555e-05,0.0034455170007277047,0.002563537089928977,0.0018519253449037522,0.5127074179857952,6.003607005037231,0.04904623116672388,False,nan,nan,False,False
305,1.5250000000000001,0.0049841050004033605,0.001320268000199576,7.4239997047698125e-06,0.00025487800121481996,0.0008992470011435216,0.00010098900020238943,0.003613753000536235,0.0026839499982818115,0.0020000000000000018,0.5367899996563622,6.0578124035728145,0.04788714464137127,False,nan,nan,False,False
306,1.53,0.005009903001337079,0.0015012179992481833,6.050999218132347e-06,0.0013868130008631852,0.0010431580012664199,0.00010744100109150168,0.003418625999984215,0.0025618463787398615,0.0018387260284255143,0.5123692757479722,6.587801073512357,0.04987161139915156,False,nan,nan,False,False
307,1.5350000000000001,0.0049899759997060755,0.0012566189998324262,5.83099972573109e-06,0.00023726499966869596,0.0008666470002935966,9.08900001377333e-05,0.0036780829996132525,0.0026940618400227026,0.0020000000000000018,0.5388123680045405,6.5546333857614565,0.046992233998928094,False,nan,nan,False,False
308,1.54,0.005008359999919776,0.0014895259992044885,6.181999196996912e-06,0.001379459001327632,0.0010335989991290262,0.00010231200030830223,0.003432212000916479,0.002573154217908307,0.0018440398897094125,0.5146308435816613,6.318665881237954,0.04830817372277586,False,nan,nan,False,False
309,1.545,0.0049917889991775155,0.001318124001045362,5.810999937239103e-06,0.00024811500043142587,0.0009152279999398161,0.00010119000035047065,0.003614633998950012,0.0027048849542875885,0.0020000000000000018,0.5409769908575177,6.453995204824912,0.049251290022585346,False,nan,nan,False,False
310,1.55,0.0050102639997930964,0.0014845770001556957,6.431999281630851e-06,0.001387414000419085,0.0010311959995306097,0.0001023720014927676,0.0034442640007910086,0.0025894764491754306,0.0018536102310748315,0.5178952898350861,5.971309109734956,0.04805172513821618,False,nan,nan,False,False
311,1.555,0.005010935001337202,0.0013768039989372483,6.50200126983691e-06,0.00025324499983980786,0.0009505639991402859,9.80949989752844e-05,0.0035853389999829233,0.0027114457836708273,0.0020000000000000018,0.5422891567341654,5.956031196535351,0.04781448629599442,False,nan,nan,False,False
312,1.56,0.005040359999838984,0.0015186309992714087,6.4420000853715464e-06,0.0014448410001932643,0.0011098529994342243,9.813399992708582e-05,0.003359525000632857,0.0025933675481761976,0.0018469364528111432,0.5186735096352395,6.211960559702805,0.047976505608651694,False,nan,nan,False,False
313,1.565,0.004952034998495947,0.001310770001509809,6.03099942964036e-06,0.0002746760001173243,0.0008849299993016757,9.326500003226101e-05,0.003606678999858559,0.0027193525310572437,0.0020000000000000018,0.5438705062114488,6.218750598524454,0.04695485953230538,False,nan,nan,False,False
314,1.57,0.004993752001610119,0.0015579039991280297,7.58399983169511e-06,0.00138796499959426,0.0009999670000979677,9.717200009617954e-05,0.0033688940002321033,0.0026080395848226212,0.0018517454274537722,0.5216079169645244,6.016787823970099,0.04658766094265744,False,nan,nan,False,False
315,1.575,0.005002308998882654,0.001297996999710449,6.041000233381055e-06,0.00026544799948169384,0.0008780879998084856,9.621000026527327e-05,0.003621136000219849,0.0027258408553178983,0.0020000000000000018,0.5451681710635796,6.011340309700727,0.047467568805348484,False,nan,nan,False,False
316,1.58,0.004987240999980713,0.0014566940008080564,5.490001058205962e-06,0.0013221819990576478,0.0010300330013706116,9.603000034985598e-05,0.0034787490003509447,0.002609520323582469,0.0018404821019274535,0.5219040647164938,6.564749744584964,0.049031103344126456,False,nan,nan,False,False
317,1.585,0.00500990299951809,0.0013089270014461363,6.1920000007376075e-06,0.0002619110000523506,0.0009026539992191829,9.648099876358174e-05,0.0036142529988865135,0.002737319574288429,0.0020000000000000018,0.5474639148576858,6.558678769485715,0.04854616788836113,False,nan,nan,False,False
318,1.59,0.004998081001758692,0.0015530749988101888,6.5520016505615786e-06,0.0013797699994029244,0.0009908390002237866,9.862500155577436e-05,0.003373732000909513,0.0026128714431695363,0.001827873288985489,0.5225742886339073,7.200359021567219,0.049081888476525504,False,nan,nan,False,False
319,1.595,0.005002879999665311,0.0013778659995296039,6.4420000853715464e-06,0.0002530649999243906,0.0009664849985711044,9.523900007479824e-05,0.003542058000675752,0.0027189395662447413,0.001966302239964267,0.5437879132489483,5.812289468699647,0.05082908329247729,False,nan,nan,False,False
320,1.6,0.004988562999642454,0.0014627649998146808,6.0109996411483735e-06,0.0013685180001630215,0.0010302239988959627,0.00010115999975823797,0.003473419999863836,0.0026362472217339294,0.0018403846585504126,0.5272494443467858,5.724939649848604,0.04921939478543181,False,nan,nan,False,False
321,1.605,0.00501200699909532,0.0013016230004723184,6.301999746938236e-06,0.00024243500047305133,0.0008835579992592102,9.827400026551913e-05,0.0036166980007692473,0.0027637939653950023,0.0020000000000000018,0.5527587930790004,6.688499724538654,0.048986118276088196,False,nan,nan,False,False
322,1.61,0.004992390000552405,0.0014709210008732043,5.731000783271156e-06,0.0007984679996297928,0.0010611719990265556,9.395599954586942e-05,0.003459894000116037,0.002657831558130281,0.0018566457848548656,0.5315663116260563,5.771600793803563,0.048169783608545,False,nan,nan,False,False
323,1.615,0.005004783999538631,0.001286955000978196,7.443999493261799e-06,0.0002610499996080762,0.0008671180003148038,9.191199933411554e-05,0.0036392210004123626,0.0027719132691241396,0.0020000000000000018,0.554382653824828,5.818006409559257,0.04911430001340766,False,nan,nan,False,False
324,1.62,0.005009100999814109,0.0015009170001576422,6.3520001276629046e-06,0.0013807209998049075,0.0010768110005301423,9.561000115354545e-05,0.003418306001549354,0.0026729929388634864,0.001850850095255794,0.5345985877726972,6.230400920889257,0.04828647641040109,False,nan,nan,False,False
325,1.625,0.004994314000214217,0.0013125240002409555,6.172000212245621e-06,0.00026167100077145733,0.0008931360007409239,0.00010209200081590097,0.003610937001212733,0.0027787250230711133,0.001989670060487607,0.5557450046142226,5.801218334692614,0.04959419543411703,False,nan,nan,False,False
326,1.6300000000000001,0.004997400001229835,0.0015669809999963036,6.332000339170918e-06,0.0013781659999949625,0.0010143540002900409,9.738299922901206e-05,0.0033590539987926604,0.0027792610882226352,0.001964041984933832,0.555852217644527,2.65614434645094,0.05041010360073742,False,nan,nan,False,False
327,1.635,0.005001116000130423,0.001301833999605151,6.121999831520952e-06,0.0002600480002001859,0.000898054999197484,9.45979991229251e-05,0.0036206849999871338,0.0028109490599922465,0.0020000000000000018,0.5621898119984493,3.5113104793731678,0.04820910189373338,False,nan,nan,False,False
328,1.6400000000000001,0.004995786999643315,0.001507308999862289,6.301999746938236e-06,0.0013743090003117686,0.0010943929992208723,0.0001032839991239598,0.0034243869995407294,0.0028246493741575255,0.0020000000000000018,0.5649298748315051,5.280734845459911,0.04639993415913637,False,nan,nan,False,False
329,1.645,0.00500900099905266,0.0012932980007462902,6.050999218132347e-06,0.0002646670000103768,0.0008800920004432555,9.565999971528072e-05,0.003625994999310933,0.002821240212487942,0.0020000000000000018,0.5642480424975885,5.314257415949686,0.04842975268310658,False,nan,nan,False,False
330,1.6500000000000001,0.004992690999642946,0.0015028910002001794,6.222000592970289e-06,0.0013825339992763475,0.0010561929993855301,9.606999992683996e-05,0.0034320810009376146,0.0028616029779719694,0.0020000000000000018,0.5723205955943939,7.595029726695778,0.049678178539010256,False,nan,nan,False,False
331,1.655,0.00502336800127523,0.0013373000001593027,6.752999979653396e-06,0.0002648270001373021,0.0008930060012062313,0.00010892399950535037,0.003563427999324631,0.0028414775723475815,0.0020000000000000018,0.5682955144695163,5.5056179641706295,0.048785628855892785,False,nan,nan,False,False
332,1.6600000000000001,0.004992250000213971,0.0016176959998119855,1.2724000043817796e-05,0.0008268719993793638,0.001058977999491617,9.880600009637419e-05,0.0032961169999907725,0.002855059337138698,0.0020000000000000018,0.5710118674277396,3.9593204394575054,0.048873669507832604,False,nan,nan,False,False
333,1.665,0.0049913379989448,0.0014469560010184068,6.572001439053565e-06,0.00027718999990611337,0.0009517159996903501,0.00013367100109462626,0.0034875059991463786,0.002850135083903985,0.0020000000000000018,0.5700270167807969,6.748371352547317,0.05086408950260451,False,nan,nan,False,False
334,1.67,0.005002400001103524,0.0014743069987162016,5.870999302715063e-06,0.0008451369994872948,0.0010519939987716498,9.362600030726753e-05,0.0034431120002409443,0.0028703041078320694,0.0020000000000000018,0.5740608215664139,6.256881127528021,0.05125933518811572,False,nan,nan,False,False
335,1.675,0.004992659998606541,0.0012825780013372423,6.1709997680736706e-06,0.0002612099997350015,0.0008868749991961522,9.380600022268482e-05,0.003640902999904938,0.00286220410325946,0.0020000000000000018,0.5724408206518921,5.054464896808093,0.05042233881945204,False,nan,nan,False,False
336,1.68,0.004991188001440605,0.0014900869991834043,5.8610003179637715e-06,0.000799371000539395,0.0010893649996432941,9.770299948286265e-05,0.0034414790006849216,0.0029009909724352217,0.0020000000000000018,0.5801981944870443,7.928412615571025,0.04885330761215343,False,nan,nan,False,False
337,1.685,0.005005404998883023,0.001294699999561999,5.9710000641644e-06,0.00025541899958625436,0.0008820859984552953,0.00010632900011842139,0.0036335600016172975,0.002880778093723857,0.0020000000000000018,0.5761556187447714,5.420360775395801,0.04998583419297598,False,nan,nan,False,False
338,1.69,0.005003760999898077,0.0014655310005764477,6.120999387349002e-06,0.001232794000316062,0.001040983999700984,0.00010684100016078446,0.0034620980004547164,0.002909536110910607,0.0020000000000000018,0.5819072221821214,6.05933869896686,0.05084964873951553,False,nan,nan,False,False
339,1.695,0.005004362999898149,0.0013857510002708295,6.022000889061019e-06,0.0001799180008674739,0.0009799090003070887,9.283399958803784e-05,0.0035491910002747318,0.002894660189045211,0.0020000000000000018,0.5789320378090422,6.040901518965268,0.051569731580067196,False,nan,nan,False,False
340,1.7,0.005003842001315206,0.0014977909995650407,5.990999852656387e-06,0.0005924420001974795,0.0010843449999811128,9.593999857315794e-05,0.003417324000110966,0.002915860212895209,0.0020000000000000018,0.5831720425790419,5.308850267277974,0.05144093814919544,False,nan,nan,False,False
341,1.705,0.004988482998669497,0.001302915001360816,6.332000339170918e-06,0.0002580340005806647,0.0008821859992167447,9.215300087817013e-05,0.003619452998464112,0.002905557039666437,0.0020000000000000018,0.5811114079332873,5.219483746397725,0.050938068564819396,False,nan,nan,False,False
342,1.71,0.004989274000763544,0.0014950259992474457,5.641000825562514e-06,0.0007684020001761382,0.0010552309995546238,9.268400026485324e-05,0.0034425410012772772,0.0029386526450428407,0.0020000000000000018,0.587730529008568,6.34243134898016,0.050797332420112216,False,nan,nan,False,False
343,1.715,0.005014902000766597,0.001324956998359994,6.2609997257823125e-06,0.0002608399991004262,0.000890160999915679,0.00012183900071249809,0.003597262000766932,0.002924176521897132,0.0020000000000000018,0.5848353043794263,5.256655417303468,0.0495386656285037,False,nan,nan,False,False
344,1.72,0.00499452499934705,0.001515223999376758,5.980999048915692e-06,0.000805511999715236,0.000987873998383293,9.597000098438002e-05,0.0034152099997299956,0.0029500527435891285,0.0020000000000000018,0.5900105487178257,5.309021597504249,0.05012881728019649,False,nan,nan,False,False
345,1.725,0.005007137000575312,0.001316551999479998,6.240999937290326e-06,0.00026273299954482354,0.0008957419995567761,9.656099973653909e-05,0.003599855999709689,0.0029391496828310376,0.0020000000000000018,0.5878299365662075,4.694591753834739,0.052429859989999605,False,nan,nan,False,False
346,1.73,0.004982832999303355,0.001434582000001683,5.641000825562514e-06,0.0007957630004966632,0.0010343909998482559,9.272399984183721e-05,0.0035006910002266522,0.0029755920885242183,0.0020000000000000018,0.5951184177048436,5.629529649929634,0.05148462984014857,False,nan,nan,False,False
347,1.735,0.005010564000258455,0.0013181239992263727,6.5229996835114434e-06,0.0002685740000742953,0.0009102479998546187,9.403700096299872e-05,0.003610716999901342,0.0029605183095543293,0.0020000000000000018,0.5921036619108657,4.180431702737328,0.05259706536108415,False,nan,nan,False,False
348,1.74,0.004998771999453311,0.0014356850006151944,5.961999704595655e-06,0.0008107510002446361,0.0010378879997006152,9.086099998967256e-05,0.003496653000183869,0.002987895919344316,0.0020000000000000018,0.5975791838688631,3.763380508108832,0.05335583267164512,False,nan,nan,False,False
349,1.745,0.005012158000681666,0.0012838889997510705,6.041000233381055e-06,0.00019165999947290402,0.0008638310009700945,0.00010287300028721802,0.003631035000580596,0.002979225516953404,0.0020000000000000018,0.5958451033906808,3.625983501928609,0.05285780906532059,False,nan,nan,False,False
350,1.75,0.004990405999706127,0.0014802679997956147,7.885000741225667e-06,0.0012212719993840437,0.0009658029994170647,0.00014071399891690817,0.0034775170006469125,0.0029972276494555188,0.0020000000000000018,0.5994455298911037,3.110194197267208,0.053070206181955945,False,nan,nan,False,False
351,1.7550000000000001,0.005041762999098864,0.0013500439999916125,7.0139994932105765e-06,0.00014319799993245397,0.0008961719995568274,0.00011573700066946913,0.0035645000007207273,0.002994617203967952,0.0020000000000000018,0.5989234407935904,2.563112466819965,0.052635528992380394,False,nan,nan,False,False
352,1.76,0.0049873610005306546,0.001570417000039015,6.122001650510356e-06,0.0007082190004439326,0.0011203430003661197,9.577000128047075e-05,0.003340270000990131,0.003024640853732975,0.0020000000000000018,0.6049281707465949,2.5849876822684625,0.05146342069069046,False,nan,nan,False,False
353,1.7650000000000001,0.004989303999536787,0.0013315090000105556,6.281001333263703e-06,0.0001925310007209191,0.0009114610002143309,0.00010296300024492666,0.0035773550007434096,0.0030178175383323742,0.0020000000000000018,0.6035635076664748,1.8083242903791066,0.05242146367900371,False,nan,nan,False,False
354,1.77,0.004976831000021775,0.0015030410013423534,5.750998752773739e-06,0.000797466998847085,0.0010990519986080471,9.413699990545865e-05,0.00342328499937139,0.003034207781498469,0.0020000000000000018,0.6068415562996938,1.8095928744611873,0.05204043904781305,False,nan,nan,False,False
355,1.7750000000000001,0.00499284100078512,0.0012591140002768952,5.710999175789766e-06,0.00023996999880182557,0.0008594230002927361,9.36659998842515e-05,0.003672582999570295,0.003033349536948695,0.0020000000000000018,0.606669907389739,0.9862899044007245,0.05264100520209374,False,nan,nan,False,False
356,1.78,0.005007969999496709,0.001525022000350873,5.469999450724572e-06,0.0007934500008559553,0.0011252719996264204,9.412700092070736e-05,0.003409368999200524,0.00306059552131014,0.0020000000000000018,0.6121191042620281,2.010079175228799,0.05311938572726187,False,nan,nan,False,False
357,1.7850000000000001,0.0050005960001726635,0.0012935369995830115,5.5799991969252005e-06,0.0002503300001990283,0.0008772569999564439,9.613099973648787e-05,0.0036300330011727056,0.003057176363806145,0.0020000000000000018,0.611435272761229,0.7210810905198111,0.05191261974388866,False,nan,nan,False,False
358,1.79,0.004995616000087466,0.0014898860008543124,5.559999408433214e-06,0.0013668149986187927,0.0010579660010989755,0.0001126709994423436,0.0034428519993525697,0.003072689774161083,0.0020000000000000018,0.6145379548322165,1.3688930962550558,0.05299119177135749,False,nan,nan,False,False
359,1.795,0.0050016069999401225,0.0012959520008735126,6.061000021873042e-06,0.00024757400024100207,0.0008607349991507363,0.00011963500037381891,0.0036495499989541713,0.0030734648192934652,0.0020000000000000018,0.6146929638586931,1.067553105398084,0.05435403638171893,False,nan,nan,False,False
360,1.8,0.0050102639997930964,0.0014666130009572953,5.409998266259208e-06,0.0008040689990593819,0.001044450000335928,9.114099884754978e-05,0.0034495539985073265,0.003095025627729476,0.0020000000000000018,0.6190051255458953,2.092220883867475,0.05374074433655812,False,nan,nan,False,False
361,1.805,0.004984786000932218,0.001264372998775798,5.740999768022448e-06,0.00023979999969014898,0.0008706539992999751,9.218299965141341e-05,0.0036759900012839353,0.0030941322414669873,0.0020000000000000018,0.6188264482933975,0.9081617645869806,0.05565915872731174,False,nan,nan,False,False
362,1.81,0.005008199999792851,0.001518809998742654,5.280000550555997e-06,0.0008016349984245608,0.0011112859992863378,9.396600034961011e-05,0.0034033179999823915,0.0031158106860520976,0.0020000000000000018,0.6231621372104196,1.8167952810165295,0.05677887150461623,False,nan,nan,False,False
363,1.815,0.004985195999324787,0.001268461001018295,5.489999239216559e-06,0.00023369800146610942,0.0008824470005492913,8.725400039111264e-05,0.0036823619993811008,0.00311611728344547,0.0020000000000000018,0.623223456689094,0.16590391940446161,0.05592916802466812,False,nan,nan,False,False
364,1.82,0.005023088000598364,0.0014583270003640791,6.291000318014994e-06,0.0008097099998849444,0.0010472859994479222,9.357600174553227e-05,0.003460554999037413,0.0031287344626974253,0.0020000000000000018,0.625746892539485,0.7579525913722991,0.05589321258199979,False,nan,nan,False,False
365,1.825,0.004985436999049853,0.0012829990009777248,5.931000487180427e-06,0.0002475339988450287,0.0008595340004831087,9.630100066715386e-05,0.0036450709994824138,0.0031355580846212892,0.0020000000000000018,0.6271116169242579,0.6991761927518924,0.05524717951209087,False,nan,nan,False,False
366,1.83,0.004991850000806153,0.0014669129996036645,5.029000021750107e-06,0.0007877490006649168,0.0010395709996373625,0.00010117999954672996,0.0034698830004344927,0.00314590101847243,0.0020000000000000018,0.629180203694486,0.6797413550652951,0.057973667395488426,False,nan,nan,False,False
367,1.835,0.005011675999412546,0.0012708850008493755,5.700001565855928e-06,0.0002457209993735887,0.0008570879999751924,8.959800106822513e-05,0.0036562530003720894,0.0031547427997529374,0.0020000000000000018,0.6309485599505874,0.5532377640246622,0.0567815212285865,False,nan,nan,False,False
368,1.84,0.004992600999685237,0.0014609720001317328,5.309999323799275e-06,0.0007901930002844892,0.0010458139986440074,9.210300049744546e-05,0.003467819000434247,0.00316726161615025,0.0020000000000000018,0.63345232323005,0.8830726990543233,0.05704907152110553,False,nan,nan,False,False
369,1.845,0.004988882999896305,0.0012462290014809696,5.259998943074606e-06,0.00023264700030267704,0.0008605050006735837,0.0001029029990604613,0.0036964880000596168,0.0031685845317212203,0.0020000000000000018,0.6337169063442442,0.3088418824836998,0.05593216383255842,False,nan,nan,False,False
370,1.85,0.005005535000236705,0.001423161000275286,5.289999535307288e-06,0.0007804650012985803,0.0009765929989953293,8.997900113172363e-05,0.003525067000737181,0.003183434198098026,0.0020000000000000018,0.6366868396196051,0.9834854116727885,0.05545314560034871,False,nan,nan,False,False
371,1.855,0.005026234000979457,0.0013070629993308103,6.322001354419626e-06,0.0002688849999685772,0.0008907120009098435,0.00010229200051981024,0.0036044050011696527,0.003186685035699027,0.0020000000000000018,0.6373370071398053,0.22973252537856995,0.05617422494780948,False,nan,nan,False,False
372,1.86,0.00497848399936629,0.0014218289998098044,5.420999514171854e-06,0.000787188000686001,0.0009670649997133296,9.978699927160051e-05,0.0035209079997002846,0.0031887248829230892,0.0020000000000000018,0.6377449765846178,0.2741721524254191,0.056613500746774535,False,nan,nan,False,False
373,1.865,0.00501412099947629,0.0013385220008785836,5.920999683439732e-06,0.00026561800041235983,0.0009183239999401849,9.671199950389564e-05,0.003578587000447442,0.0031882034748443233,0.0020000000000000018,0.6376406949688646,0.04941804709405168,0.05637679705568833,False,nan,nan,False,False
374,1.87,0.004980207000699011,0.0015045340005599428,5.549998604692519e-06,0.000796876000094926,0.0011004549996869173,8.928799979912583e-05,0.0034363199993094895,0.003195341999887075,0.0020000000000000018,0.6390683999774149,1.3201670108958627,0.05722146581405146,False,nan,nan,False,False
375,1.875,0.005006838000554126,0.0012467799988371553,5.7010001910384744e-06,0.00025116199867625255,0.0008466889994451776,8.983800034911837e-05,0.003686018000735203,0.0031921224942369317,0.0020000000000000018,0.6384244988473863,0.5749075657017005,0.05788939877745562,False,nan,nan,False,False
376,1.8800000000000001,0.005004413000278873,0.0014130019990261644,5.719999535358511e-06,0.0007926979997137096,0.001006799999231589,9.03390009625582e-05,0.003510038000968052,0.003192894579572595,0.0020000000000000018,0.638578915914519,0.14495933121153118,0.058427449346346534,False,nan,nan,False,False
377,1.885,0.004982460999599425,0.0012576810004247818,5.3299991122912616e-06,0.00022004299898981117,0.0008525800003553741,0.00010183099948335439,0.003690857000037795,0.003191541960015111,0.0020000000000000018,0.6383083920030221,0.13733861274226392,0.057507263236735065,False,nan,nan,False,False
378,1.8900000000000001,0.005016494998926646,0.0014866010005789576,5.520001650438644e-06,0.0007983289997355314,0.0010084630011988338,0.00010488699990673922,0.003448622999712825,0.0031969973786280304,0.0020000000000000018,0.6393994757256061,1.0678604909901077,0.05782643375337634,False,nan,nan,False,False
379,1.895,0.005002540001441957,0.0012634009999601403,5.680998583557084e-06,0.0002506599994376302,0.0008716659995116061,9.469700125919189e-05,0.0036692369994852925,0.003197506350891711,0.0020000000000000018,0.6395012701783421,0.04495839369826813,0.05971666892792718,False,nan,nan,False,False
380,1.9000000000000001,0.005000625998945907,0.0014996339996287134,5.77100036025513e-06,0.0007946109999465989,0.0009832449995883508,9.40569989325013e-05,0.003429778000281658,0.003197518738027411,0.0020000000000000018,0.6395037476054822,0.14526010747653023,0.058275411374704954,False,nan,nan,False,False
381,1.905,0.0049972790002357215,0.001285301999814692,5.670999598805793e-06,0.00023983000028238166,0.0008879870001692325,9.650100037106313e-05,0.003641684999820427,0.0031995190498552185,0.0020000000000000018,0.6399038099710437,0.39349549743471013,0.05944192156087718,False,nan,nan,False,False
382,1.9100000000000001,0.0049901660004252335,0.0014802080004301388,5.1200004236306995e-06,0.0007878790001996094,0.001075067000783747,9.4217000878416e-05,0.0034690409993345384,0.0032005934177391053,0.0020000000000000018,0.640118683547821,0.36776773187086276,0.05853358909611372,False,nan,nan,False,False
383,1.915,0.005016835999413161,0.0012635620005312376,5.510000846697949e-06,0.0002496289998816792,0.0008614469988970086,8.862600043357816e-05,0.003660759999547736,0.0032019012663063486,0.0020000000000000018,0.6403802532612697,0.23502662222586332,0.05977108085442784,False,nan,nan,False,False
384,1.92,0.004993652999473852,0.0014214980001270305,5.660000169882551e-06,0.0008286460015369812,0.0010219679988949792,9.29750003706431e-05,0.0035103980007988866,0.0032056193585410695,0.0020000000000000018,0.6411238717082138,0.6853188369194801,0.05892673491429838,False,nan,nan,False,False
385,1.925,0.005006497000067611,0.0012792600009561284,5.450001481221989e-06,0.0002631639999890467,0.000865664998855209,8.942800013755914e-05,0.0036456529996939935,0.0032063801799791436,0.0020000000000000018,0.6412760359958286,0.17471265994212698,0.05636466499927128,False,nan,nan,False,False
386,1.93,0.0049904460011021,0.0015027810004539788,5.751000571763143e-06,0.0007959539998410037,0.0010958269995171577,9.202299952448811e-05,0.0034247569983563153,0.003208015381276672,0.0020000000000000018,0.6416030762553344,0.417855830530715,0.05703177008240594,False,nan,nan,False,False
387,1.935,0.004989484999896376,0.0012641419998544734,5.279998731566593e-06,0.00023682499886490405,0.0008633110010123346,9.387700083607342e-05,0.0036787850003747735,0.0032097277371409415,0.0020000000000000018,0.6419455474281882,0.2830246785882073,0.056256464572880506,False,nan,nan,False,False
388,1.94,0.005010042999856523,0.0014595289994758787,5.37999949301593e-06,0.0007955219989526086,0.001052475001415587,9.083100121642929e-05,0.003468369999609422,0.0032134969300630185,0.0020000000000000018,0.6426993860126037,0.7200161725429787,0.0579437851302204,False,nan,nan,False,False
389,1.945,0.004990195999198477,0.00126290000116569,5.37999949301593e-06,0.0002320260009582853,0.0008686600012879353,0.00010905499948421493,0.0036811800000577932,0.0032134424194462203,0.0020000000000000018,0.642688483889244,0.043676557320305204,0.06023320314174357,False,nan,nan,False,False
390,1.95,0.0050147220008511795,0.00146605199915939,5.490999683388509e-06,0.0007981680009834236,0.0010233809989586007,0.00011206000090169255,0.0034691710006882204,0.003212989105255882,0.0020000000000000018,0.6425978210511765,0.175284393553577,0.05691673898200196,False,nan,nan,False,False
391,1.955,0.005016064998926595,0.001319406001130119,6.673000825685449e-06,0.0002698859989322955,0.0009137850011029514,9.293499897466972e-05,0.0035944270002801204,0.0032153352686189124,0.0020000000000000018,0.6430670537237824,0.4696428701180069,0.05992251477691969,False,nan,nan,False,False
392,1.96,0.004983654000170645,0.001682608000919572,5.399999281507917e-06,0.0007927390015538549,0.0011147220011480385,0.00024929800019890536,0.0032920479989115847,0.003216749524639972,0.0020000000000000018,0.6433499049279944,0.37263234149341223,0.05722882605134042,False,nan,nan,False,False
393,1.965,0.005053333999967435,0.0013316500007931609,6.161999408504926e-06,0.00022986199837760068,0.0009089060004043858,9.316499927081168e-05,0.0035449530005280394,0.003216366210146004,0.0020000000000000018,0.6432732420292007,0.040440807848317696,0.05877727505956117,False,nan,nan,False,False
394,1.97,0.004944992000673665,0.0014379490003193496,5.449999662232585e-06,0.001306923999436549,0.0009625769998820033,0.00010268299956806004,0.003513192999889725,0.0032215192229659195,0.0020000000000000018,0.6443038445931839,0.9135824112862887,0.056868276590543006,False,nan,nan,False,False
395,1.975,0.005027184999562451,0.0013787879997835262,6.132000635261647e-06,0.00018732200078375172,0.0009487999996053986,0.00010451600064698141,0.003547829001036007,0.0032238628014703615,0.0020000000000000018,0.6447725602940723,0.43032427079940133,0.05819917147071709,False,nan,nan,False,False
396,1.98,0.004995887000404764,0.0014732350009580841,5.6200005928985775e-06,0.0012519600004452514,0.0010221180000371533,9.329499880550429e-05,0.003448141998887877,0.0032263811246372614,0.0020000000000000018,0.6452762249274523,0.455076394406878,0.05903486902615699,False,nan,nan,False,False
397,1.985,0.005009742999391165,0.0013119720006216085,6.281999958446249e-06,0.0001880429990706034,0.0008956609999586362,9.269400106859393e-05,0.003584898000553949,0.003225785170999907,0.0020000000000000018,0.6451570341999814,0.12235937967551226,0.05934341579862278,False,nan,nan,False,False
398,1.99,0.0049615320003795205,0.001444972000172129,5.670999598805793e-06,0.0012347569991106866,0.0010037340016424423,8.982800136436708e-05,0.0035192850009480026,0.0032270827708704747,0.0020000000000000018,0.6454165541740949,0.36617394781588514,0.06005053539912103,False,nan,nan,False,False
399,1.995,0.00504132199966989,0.0013027550012338907,6.3419993239222094e-06,0.0001931730002979748,0.0008974749998742482,9.373600005346816e-05,0.0035888860002160072,0.0032281832651224946,0.0020000000000000018,0.6456366530244989,0.2925502883126676,0.0584319305995729,False,nan,nan,False,False
400,2.0,0.004957094000928919,0.0014216479994502151,5.670999598805793e-06,0.001204690999657032,0.0009082739998120815,9.524899905954953e-05,0.00354654700095125,0.0032327375243174903,0.0020000000000000018,0.646547504863498,0.744040263815561,0.05800682127667507,False,nan,nan,False,False
401,2.005,0.0050477240001782775,0.001322632999290363,6.141999620012939e-06,0.00019357299970579334,0.0008952809985203203,0.00010464600018167403,0.0035657320004247595,0.0032339676216864544,0.0020000000000000018,0.6467935243372909,0.3524638208396903,0.058358408799189736,False,nan,nan,False,False
402,2.0100000000000002,0.004954087999067269,0.0014942950001568533,5.350000719772652e-06,0.0012324239996814867,0.0010552999992796686,9.272399984183721e-05,0.0034635410011105705,0.0032382762791497745,0.0020000000000000018,0.6476552558299549,0.7091949481583325,0.05666085318028532,False,nan,nan,False,False
403,2.015,0.005032856000980246,0.0013169119993108325,6.321000910247676e-06,0.00018158099919673987,0.0008895099999790546,9.378600043419283e-05,0.0035901989995181793,0.0032406099265886246,0.0020000000000000018,0.6481219853177249,0.3552743026282823,0.05554709854406525,False,nan,nan,False,False
404,2.02,0.004977512999175815,0.0014686560007248772,6.041000233381055e-06,0.0012288160014577443,0.0010140329995920183,9.3284999820753e-05,0.00348020199999155,0.0032426822340912397,0.0020000000000000018,0.6485364468182478,0.5228561273365121,0.0573956740435852,False,nan,nan,False,False
405,2.025,0.005022637000365648,0.0013184639992687153,6.050999218132347e-06,0.0001810100002330728,0.0009016220010380493,0.00011216100028832443,0.0035874340010195738,0.0032448781924598385,0.0020000000000000018,0.6489756384919677,0.43120735860676135,0.058909146762242334,False,nan,nan,False,False
406,2.0300000000000002,0.00497044899930188,0.001449770999897737,5.559999408433214e-06,0.0012393569995765574,0.0010075110003526788,9.479799882683437e-05,0.003505319000396412,0.003250623237131404,0.0020000000000000018,0.6501246474262808,0.8883203748959871,0.05990143690252255,False,nan,nan,False,False
407,2.035,0.005030061000070418,0.0013158689998817863,6.361999112414196e-06,0.00017428699902666267,0.0008943689990701387,9.809400035010185e-05,0.003591411001252709,0.003247033667557036,0.0020000000000000018,0.6494067335114071,0.3217909964426191,0.059097655014020575,False,nan,nan,False,False
408,2.04,0.004975478001142619,0.0014949260003049858,5.689998943125829e-06,0.0012448070010577794,0.0010659500003384892,0.0001049980000971118,0.0034756939985527424,0.003256223408772773,0.0020000000000000018,0.6512446817545545,1.3539022740140645,0.060596978501795365,False,nan,nan,False,False
409,2.045,0.005068001999461558,0.0012875169995822944,6.561998816323467e-06,0.00014851800005999394,0.0008753740003157873,9.242300075129606e-05,0.003578256000764668,0.0032566345155681095,0.0020000000000000018,0.6513269031136218,0.11232240373535259,0.06143985578840697,False,nan,nan,False,False
410,2.05,0.004945483000483364,0.0014756990003661485,6.1609989643329754e-06,0.0012791909994120942,0.000996069000393618,0.00010577900138741825,0.003463520999503089,0.00325809124536126,0.0020000000000000018,0.6516182490722519,0.4979102175191313,0.060056165802317776,False,nan,nan,False,False
411,2.055,0.005029959998864797,0.0013281530009408016,7.173000994953327e-06,0.00018049899881589226,0.0008983659990917658,9.783399946172722e-05,0.003558299000360421,0.0032616457113564482,0.0020000000000000018,0.6523291422712898,0.5678838726790393,0.06048981028958368,False,nan,nan,False,False
412,2.06,0.00495478999982879,0.0014934230002836557,5.91100069868844e-06,0.001247722000698559,0.0010457429998496082,0.00010032799946202431,0.003465174000666593,0.003263302652340215,0.0020000000000000018,0.652660530468043,0.42349701780854143,0.05993179049781955,False,nan,nan,False,False
413,2.065,0.0050390080014039995,0.0013959400002931943,6.713000402669422e-06,0.00019810199955827557,0.000898264999705134,0.0001717830000416143,0.0035072719983872958,0.003264161713109946,0.0020000000000000018,0.6528323426219892,0.32744648097218865,0.05719438343888073,False,nan,nan,False,False
414,2.07,0.004974235998815857,0.0016192490002140403,6.152000423753634e-06,0.0012727379998977995,0.0010878320008487208,9.580900041328277e-05,0.003338746000736137,0.0032681263740961084,0.0020000000000000018,0.6536252748192216,0.7444536284122949,0.05799903792433485,False,nan,nan,False,False
415,2.075,0.005057903001215891,0.001303375998759293,6.330999894998968e-06,0.00016217400116147473,0.0008831869999994524,9.589000001142267e-05,0.003555884000888909,0.003269003947910796,0.0020000000000000018,0.6538007895821591,0.27213620955471074,0.058206486294942975,False,nan,nan,False,False
416,2.08,0.004928329999529524,0.001513490999059286,5.570998837356456e-06,0.0007126869986677775,0.0011029300003428943,0.00010079900130222086,0.0034440240015101153,0.003275314890338736,0.0020000000000000018,0.655062978067747,0.931159925470469,0.05632315932021072,False,nan,nan,False,False
417,2.085,0.005036071999711567,0.001317463000304997,6.112000846769661e-06,0.0001933330004249001,0.0008921839998947689,9.509799929219298e-05,0.003578806999939843,0.003278173502233639,0.0020000000000000018,0.6556347004467278,0.5744024471358902,0.05641465897947682,False,nan,nan,False,False
418,2.09,0.004964597999787657,0.0014663519996247487,6.071000825613737e-06,0.0012524310004664585,0.0010369970004830975,0.00011248100054217502,0.0034824060003302293,0.0032832040463565996,0.0020000000000000018,0.65664080927132,0.7421311712842367,0.05759677855495033,False,nan,nan,False,False
419,2.095,0.005028739000408677,0.001326098999925307,6.451999070122838e-06,0.0001958880002348451,0.0008894900001905626,9.380599840369541e-05,0.005066498999440228,0.0032856114859372634,0.0020000000000000018,0.6571222971874527,0.4642760941133278,0.05904538695464763,False,nan,nan,False,False
420,2.1,0.006533040999784134,0.0017565870002727024,5.6200005928985775e-06,0.004489095999815618,0.0012024170009681256,0.0001260070002899738,0.0016229960001510335,0.003298730539311523,0.0020000000000000018,0.6597461078623046,1.7122744324183659,0.059483136510194864,False,nan,nan,False,True
421,2.105,0.0034809339995263144,0.0013383620007516583,6.451999070122838e-06,0.0001452529995731311,0.000921329999982845,9.572900125931483e-05,0.0035561240001698025,0.0032992515537398426,0.0020000000000000018,0.6598503107479684,0.16708056823268758,0.06133522204198285,False,nan,nan,False,False
422,2.11,0.004964538000422181,0.0015043929997773375,5.489999239216559e-06,0.0012585630011017201,0.0010814300003403332,0.0001073219991667429,0.003429778000281658,0.003302674880034925,0.0020000000000000018,0.660534976006985,0.6839542397612222,0.06123369102347639,False,nan,nan,False,False
423,2.115,0.00501762800013239,0.0014077819996600738,6.56200063531287e-06,0.00018606899902806617,0.0009465660004934762,0.0001169400002254406,0.003514174999509123,0.0033068679298597376,0.0020000000000000018,0.6613735859719474,0.653848344422956,0.061955347927938303,False,nan,nan,False,False
424,2.12,0.00499325099917769,0.0015998730013961904,7.6240012276684865e-06,0.0012747119999403367,0.0011681429987220326,9.80139993771445e-05,0.0033226260002265917,0.0033097048586283708,0.0020000000000000018,0.6619409717256741,0.4890820755227512,0.06146059382262463,False,nan,nan,False,False
425,2.125,0.0050005760003841715,0.0013613850005640415,5.870999302715063e-06,0.00018295399968337733,0.0009331210003438173,9.39860001381021e-05,0.0035526779993233504,0.0033153278850058627,0.0020000000000000018,0.6630655770011725,0.7702160208998001,0.06028565022043673,False,nan,nan,False,False
426,2.13,0.004979826000635512,0.0014076520001253812,5.569998393184505e-06,0.00125557600040338,0.0009331609999208013,9.276399941882119e-05,0.00354304000029515,0.0033182229623092553,0.0020000000000000018,0.6636445924618509,0.49404723563375513,0.06183826572428241,False,nan,nan,False,False
427,2.1350000000000002,0.0050249020005139755,0.001299999999901047,6.312000550678931e-06,0.0001905370008898899,0.0008829770013107918,9.528900045552291e-05,0.003610206000303151,0.0033202800030690763,0.0020000000000000018,0.6640560006138153,0.43249939182063646,0.06184991993982815,False,nan,nan,False,False
428,2.14,0.004977651999070076,0.0014434790009545395,5.590000000665896e-06,0.0012538629998744,0.0009956989997590426,9.858500015980098e-05,0.0035054599993600277,0.0033295468676754095,0.0020000000000000018,0.665909373535082,1.1306100126516312,0.06041761785423688,False,nan,nan,False,False
429,2.145,0.005024190000767703,0.001290332000280614,6.001999281579629e-06,0.00019065800006501377,0.0008849109999573557,9.784299982129596e-05,0.003612389999034349,0.0033309036633366565,0.0020000000000000018,0.6661807326673312,0.35462594367079686,0.0592198227146378,False,nan,nan,False,False
430,2.15,0.004968795999957365,0.001431646998753422,5.170000804355368e-06,0.0012378129995340714,0.0009941560001607286,9.124099960899912e-05,0.0035357760007173056,0.0033386781616146313,0.0020000000000000018,0.6677356323229262,1.0131855555877025,0.05873256817823311,False,nan,nan,False,False
431,2.1550000000000002,0.005050349000157439,0.0013215199996921,6.382000719895586e-06,0.00021701699915865902,0.0008910020005714614,9.7632999313646e-05,0.0035668149994307896,0.003343213196239091,0.0020000000000000018,0.6686426392478182,0.6151405624919148,0.05794363728444331,False,nan,nan,False,False
432,2.16,0.004965639998772531,0.0015073290014697704,5.550999048864469e-06,0.0012474209997890284,0.0010274079995724605,9.838400001171976e-05,0.0034373219987173798,0.0033543632811652902,0.0020000000000000018,0.670872656233058,1.3011118678063365,0.05924556152060959,False,nan,nan,False,False
433,2.165,0.0050269450002815574,0.0013005210003029788,7.804999768268317e-06,0.00019110799985355698,0.0008750719989620848,9.492800018051639e-05,0.0035945670006185537,0.003358244463981988,0.0020000000000000018,0.6716488927963976,0.5243634354762035,0.06033919771017749,False,nan,nan,False,False
434,2.17,0.004964167001162423,0.001541263000035542,5.971998689346947e-06,0.0012521200005721767,0.0011085010009992402,9.689100079413038e-05,0.0034010939998552203,0.00336700941824963,0.0020000000000000018,0.673401883649926,1.1111832723505397,0.05920455341620254,False,nan,nan,False,False
435,2.1750000000000003,0.005013279998820508,0.001304327999605448,5.791000148747116e-06,0.0001902170006360393,0.000890141000127187,0.00010356399980082642,0.0036102960002608597,0.003371795079492842,0.0020000000000000018,0.6743590158985684,1.287159876621534,0.05960731856696734,False,nan,nan,False,False
436,2.18,0.00498199100002239,0.0014295529999799328,5.91100069868844e-06,0.0012554360000649467,0.0009855000007519266,0.0001003479992505163,0.0035158280006726272,0.003381851516709376,0.0020000000000000018,0.6763703033418752,1.0968705312259208,0.06006623422564319,False,nan,nan,False,False
437,2.185,0.005013680000047316,0.0012809239997295663,5.270001565804705e-06,0.00018274299873155542,0.000874621000548359,9.27439996303292e-05,0.003639581000243197,0.003385856569000132,0.0020000000000000018,0.6771713138000264,0.8689922311794654,0.05975357477377625,False,nan,nan,False,False
438,2.19,0.004989094000848127,0.0014529170002788305,5.550000423681922e-06,0.0012593940009537619,0.0009938849998434307,9.424699965165928e-05,0.003504917998725432,0.0033984221198097397,0.0020000000000000018,0.679684423961948,1.2292022658184376,0.060936978620695935,False,nan,nan,False,False
439,2.195,0.005034388999774819,0.0013143870000931202,6.0709990066243336e-06,0.00021266899966576602,0.0008913530000427272,9.551899893267546e-05,0.0035865609988832148,0.0034013795353015144,0.0020000000000000018,0.6802759070603028,0.5415318991057703,0.0589279106131667,False,nan,nan,False,False
440,2.2,0.004974587000106112,0.0014486079999187496,5.871001121704467e-06,0.0012673479996010428,0.001033869999446324,9.392699939780869e-05,0.003479171000435599,0.0034096196038517954,0.0020000000000000018,0.681923920770359,0.8469777127565067,0.06026108045237438,False,nan,nan,False,False
441,2.205,0.004997680000087712,0.0012790999990102137,5.160000000614673e-06,0.00018343400006415322,0.0008575190004194155,0.00010893500075326301,0.003646524999567191,0.003411394538933472,0.0020000000000000018,0.6822789077866943,0.5868715678469042,0.060477929156733876,False,nan,nan,False,False
442,2.21,0.004995174998839502,0.0014591190010833088,7.373999324045144e-06,0.0012656149992835708,0.0010357840001233853,9.679199865786359e-05,0.003480281999145518,0.0034246577342819337,0.0020000000000000018,0.6849315468563867,1.3974984459244102,0.05970276569025018,False,nan,nan,False,False
443,2.215,0.005006507000871352,0.0012780580000253394,5.661000614054501e-06,0.00018934499894385226,0.0008699919999344274,9.943700024450663e-05,0.003645802999017178,0.0034290506141247674,0.0020000000000000018,0.6858101228249533,0.5533662800334922,0.059709874198881435,False,nan,nan,False,False
444,2.22,0.004992640000637039,0.001495286998761003,5.3299991122912616e-06,0.0012643829995795386,0.0010531759999139467,9.337499977846164e-05,0.0034637610006029718,0.0034346491290546664,0.0020000000000000018,0.6869298258109332,0.7004559901357724,0.059612140215445725,False,nan,nan,False,False
445,2.225,0.005035872000007657,0.0012701739997282857,5.739999323850498e-06,0.00021648700021614786,0.0008806629994069226,8.988799891085364e-05,0.0036215979998814873,0.003442155960606777,0.0020000000000000018,0.6884311921213554,0.7985943017432098,0.05986594438831695,False,nan,nan,False,False
446,2.23,0.00495949899959669,0.0015074989987624576,5.190000592847355e-06,0.001247550999323721,0.000978336000116542,9.383699944010004e-05,0.0034285350011487026,0.003452350896275497,0.0020000000000000018,0.6904701792550995,0.9984686750024925,0.05950413571260248,False,nan,nan,False,False
447,2.235,0.005000544999347767,0.0012532529999589315,4.849000106332824e-06,0.00017159199887828436,0.0008419610003329581,0.00011706000077538192,0.003680137000628747,0.00345599323950029,0.0020000000000000018,0.691198647900058,0.453746743340406,0.061188185663780224,False,nan,nan,False,False
448,2.24,0.005001638000976527,0.001434161998986383,5.6110002333298326e-06,0.0012607370008481666,0.0010307940010534367,9.116100045503117e-05,0.003507622999677551,0.0034652840480838103,0.0020000000000000018,0.693056809616762,0.9578563173131555,0.06010960854444273,False,nan,nan,False,False
449,2.245,0.0050083399983122945,0.0012566990008053835,5.7609995565144345e-06,0.0001906969991978258,0.0008515890003764071,9.407600009581074e-05,0.0036658200006058905,0.0034624188788154914,0.0020000000000000018,0.6924837757630983,0.2950682200630384,0.06149804347983714,False,nan,nan,False,False
450,2.25,0.0049955260001297574,0.0014840860003459966,5.660000169882551e-06,0.0012655159989662934,0.0010444609997648513,0.00010276300054101739,0.0034608250007295283,0.003474169703203924,0.0020000000000000018,0.6948339406407847,1.1295529497323757,0.06006426396321377,False,nan,nan,False,False
451,2.255,0.005030732001614524,0.0013233639983809553,7.874999937484972e-06,0.00021776899848191533,0.0009029550001287134,9.570899965183344e-05,0.0035741080009756843,0.00347271664562411,0.0020000000000000018,0.694543329124822,0.44345420336100794,0.060223910547554285,False,nan,nan,False,False
452,2.2600000000000002,0.00496492899947043,0.0014971399996284163,5.37999949301593e-06,0.0012506680013757432,0.0010565829998085974,0.00010227200073131826,0.0034439739993104013,0.003485798743688112,0.0020000000000000018,0.6971597487376223,1.212383107947778,0.06186437529115697,False,nan,nan,False,False
453,2.265,0.005013881000195397,0.0012727479988825507,5.649999366141856e-06,0.00018418599938740954,0.000876394000442815,9.347499872092158e-05,0.0036473260006459896,0.003482525530481384,0.0020000000000000018,0.6965051060962768,0.4008605555825247,0.062273614723613785,False,nan,nan,False,False
454,2.27,0.004982000000381959,0.001437607999832835,5.23999915458262e-06,0.0012542540007416392,0.000953950000621262,0.00010172099973715376,0.0035018929993384518,0.0034923424262942836,0.0020000000000000018,0.6984684852588566,0.9378143429606467,0.06227735542941115,False,nan,nan,False,False
455,2.275,0.00501892999818665,0.0013349960008781636,5.699999746866524e-06,0.00018704099966271315,0.0009316489995399024,9.076000060304068e-05,0.003581162000045879,0.003483731497404505,0.0020000000000000018,0.696746299480901,0.6054497110919388,0.06252297199061933,False,nan,nan,False,False
456,2.2800000000000002,0.0049823520002973964,0.0014493800008494873,5.951000275672413e-06,0.0012712959996861173,0.0009756809995451476,9.426699944015127e-05,0.003497935000268626,0.0034957408226677054,0.0020000000000000018,0.6991481645335411,1.182668314008098,0.06153491835705444,False,nan,nan,False,False
457,2.285,0.005018278001443832,0.0012928569994983263,5.6200005928985775e-06,0.0001916290002554888,0.0008666670000820886,0.00010356500024499837,0.0036243430004105903,0.0034933192089758964,0.0020000000000000018,0.6986638417951793,0.46707794962524285,0.06187434829285871,False,nan,nan,False,False
458,2.29,0.0049862789983308176,0.0014665430007880786,5.920999683439732e-06,0.0007429449997289339,0.0010545289987931028,9.502800094196573e-05,0.0034724969991657417,0.003495744088437785,0.0020000000000000018,0.6991488176875571,0.5399563371592044,0.0628566467846681,False,nan,nan,False,False
459,2.295,0.0050117270002374426,0.001293798000915558,6.0109996411483735e-06,0.00019450499894446693,0.0008608260013716063,0.00010069999916595407,0.003620204999606358,0.003495679414329676,0.0020000000000000018,0.6991358828659352,0.4575266323147664,0.06134501301124097,False,nan,nan,False,False
460,2.3000000000000003,0.004978855000445037,0.0015068779994180659,5.590000000665896e-06,0.0012583419993461575,0.0009699000002001412,9.016900003189221e-05,0.003442621000431245,0.0035009439144468297,0.0020000000000000018,0.7001887828893659,0.8412060718698526,0.062327333765527945,False,nan,nan,False,False
461,2.305,0.005016544999307371,0.0012989180013391888,5.721001798519865e-06,0.0001870320011221338,0.0008922239994717529,9.814399891183712e-05,0.003622989999712445,0.0034982445943712395,0.0020000000000000018,0.6996489188742478,0.4580522372536303,0.061017546771938665,False,nan,nan,False,False
462,2.31,0.004987190000974806,0.001523781000287272,5.300000339047983e-06,0.0012556870005937526,0.0009881749992928235,9.176200001093093e-05,0.003416853000089759,0.003509598710827627,0.0020000000000000018,0.7019197421655253,1.2120943886022204,0.0616087702248571,False,nan,nan,False,False
463,2.315,0.005002358999263379,0.001261638000869425,5.078998583485372e-06,0.0001730939984554425,0.0008720669993635966,8.789399907982443e-05,0.00368788199921255,0.0034982524911403735,0.0020000000000000018,0.6996504982280747,0.7870212786365207,0.06038701465719232,False,nan,nan,False,False
464,2.32,0.005049938001320697,0.0017035479995684,8.146000254782848e-06,0.0013112609995005187,0.0012225450009282213,0.00010735199975897558,0.0031851080002525123,0.003512544680097833,0.0020000000000000018,0.7025089360195665,1.3623489365888437,0.060695046125597896,False,nan,nan,False,False
465,2.325,0.004955310998411733,0.0012930870016134577,5.669999154633842e-06,0.00017856500016932841,0.0008897099996829638,9.331500041298568e-05,0.003635723998741014,0.003510050828863606,0.0020000000000000018,0.7020101657727212,0.4957841086570525,0.06154891980824735,False,nan,nan,False,False
466,2.33,0.004994605000320007,0.0014930420002201572,5.591000444837846e-06,0.001262309999219724,0.0009908489992085379,9.347500053991098e-05,0.0034478910001780605,0.003519504991032176,0.0020000000000000018,0.7039009982064351,1.0321071391085392,0.06162115123995718,False,nan,nan,False,False
467,2.335,0.0050051140005962225,0.0012968939990969375,5.740999768022448e-06,0.00018542799989518244,0.0008850619997247122,9.38359989959281e-05,0.0036305040011939127,0.0035177644130456394,0.0020000000000000018,0.7035528826091278,0.502479119629202,0.06197040983390871,False,nan,nan,False,False
468,2.34,0.004998731999876327,0.0014060089997656178,5.410000085248612e-06,0.0012674190002144314,0.0009528580012556631,9.23530005820794e-05,0.0035299250012030825,0.003522939835562376,0.0020000000000000018,0.7045879671124751,0.7458224340253717,0.06314114376318329,False,nan,nan,False,False
469,2.345,0.004998190999685903,0.0012625700001080986,6.321999535430223e-06,0.00018380499932391103,0.0008541530005459208,9.56900003075134e-05,0.003669727000669809,0.003524634682658664,0.0020000000000000018,0.7049269365317327,0.6405767582391967,0.06122330475660002,False,nan,nan,False,False
470,2.35,0.004998892000003252,0.0015331480008171638,5.8610003179637715e-06,0.0012592130005941726,0.0009730169986141846,0.00010433500028739218,0.0034177750003436813,0.0035399528850934793,0.0020000000000000018,0.7079905770186958,1.3944441138389663,0.061933937061406215,False,nan,nan,False,False
471,2.355,0.005029199999626144,0.0013360470002226066,6.391999704646878e-06,0.0002105959993059514,0.0009099670005525695,0.00010349500007578172,0.003568998999980977,0.003532669429677807,0.0020000000000000018,0.7065338859355613,0.6468875327570643,0.060952766590324246,False,nan,nan,False,False
472,2.36,0.004973204000634723,0.0015117069997359067,5.410000085248612e-06,0.0012564280004880857,0.0009842969993769657,0.00010399600068922155,0.0034280840009159874,0.0035485434303499383,0.0020000000000000018,0.7097086860699877,1.372250163293055,0.059513958464986395,False,nan,nan,False,False
473,2.365,0.0050056849995598895,0.0012630000001081498,5.1699989853659645e-06,0.00017421700067643542,0.0008743410016904818,9.271400085708592e-05,0.0036584970002877526,0.003539989928278862,0.0020000000000000018,0.7079979856557723,0.7933609381487684,0.06052610550413282,False,nan,nan,False,False
474,2.37,0.004989094000848127,0.0015382469991891412,5.690999387297779e-06,0.0012571890001709107,0.0009862520000751829,9.953599874279462e-05,0.0033984689998760587,0.0035542749408789313,0.0020000000000000018,0.7108549881757863,1.2860575864796984,0.061265484657381436,False,nan,nan,False,False
475,2.375,0.005004823999115615,0.0013530289998016087,5.690999387297779e-06,0.00018647999968379736,0.0009356959999422543,9.480799963057507e-05,0.0035796080010186415,0.0035435770374199586,0.0020000000000000018,0.7087154074839916,0.9223789940954695,0.06127414257595525,False,nan,nan,False,False
476,2.38,0.005004342001484474,0.001495306998549495,5.8610003179637715e-06,0.0012898709992441582,0.0010169190009037266,0.00015875799908826593,0.003446238000833546,0.003565325759884717,0.0020000000000000018,0.7130651519769433,1.7360685998062952,0.06173938905776876,False,nan,nan,False,False
477,2.3850000000000002,0.005021674998715753,0.0012998300007893704,6.361999112414196e-06,0.00019846199938911013,0.0008809339997242205,9.531799878459424e-05,0.0036084829989704303,0.003549204774246134,0.0020000000000000018,0.7098409548492268,1.2581865653830075,0.06228100889184291,False,nan,nan,False,False
478,2.39,0.004974556999513879,0.0015080910015967675,5.609999789157882e-06,0.0012572089999594027,0.001047316000040155,0.00012551600048027467,0.0034335239997744793,0.003572653146839718,0.0020000000000000018,0.7145306293679435,1.7635347932593333,0.061917199657676565,False,nan,nan,False,False
479,2.395,0.005010885000956478,0.0013137959995219717,5.951000275672413e-06,0.00019034800061490387,0.000889128999915556,0.0001025019992084708,0.0036045449996890966,0.00355976617782025,0.0020000000000000018,0.71195323556405,1.188941097740002,0.06134432890921948,False,nan,nan,False,False
480,2.4,0.00498611799957871,0.0014301549999800045,5.870999302715063e-06,0.001259634000234655,0.0009774739992280956,9.242300075129606e-05,0.0035121109995088773,0.0035774112979783165,0.0020000000000000018,0.7154822595956634,1.3272347960662356,0.06087202139943037,False,nan,nan,False,False
481,2.4050000000000002,0.005004132999602007,0.001274582000405644,5.37999949301593e-06,0.00014900899986969307,0.0008758240001043305,9.138099994743243e-05,0.003653646999737248,0.003560257349661481,0.0020000000000000018,0.7120514699322962,1.365071893441851,0.06332094615884487,False,nan,nan,False,False
482,2.41,0.004994334000002709,0.0014389700008905493,5.951000275672413e-06,0.0012564079988806043,0.00097641199863574,0.00011045800056308508,0.0035059399997408036,0.003591147268280015,0.0020000000000000018,0.718229453656003,2.197284193904577,0.06301463270798774,False,nan,nan,False,False
483,2.415,0.00501444100154913,0.0012690619987552054,5.6110002333298326e-06,0.0001896659996418748,0.0008756139995966805,9.23530005820794e-05,0.0036512229999061674,0.003569034386455907,0.0020000000000000018,0.7138068772911814,1.7501357911843551,0.06345111124385114,False,nan,nan,False,False
484,2.42,0.00498559799962095,0.0014648790001956513,5.580001015914604e-06,0.0012586120010382729,0.0010362049997638678,9.505900015938096e-05,0.0034811339992302237,0.003607629988134339,0.0020000000000000018,0.7215259976268678,2.5827589933676016,0.06218257952028439,False,nan,nan,False,False
485,2.4250000000000003,0.005013238998799352,0.0012610470002982765,5.791000148747116e-06,0.00018922500021290034,0.0008552350009267684,9.070999840332661e-05,0.0036593479999282863,0.003561287184251508,0.0020000000000000018,0.7122574368503015,3.1829678461384385,0.06333115521689225,False,nan,nan,False,False
486,2.43,0.004992861000573612,0.0014610220005124575,5.469999450724572e-06,0.0012645339993468951,0.0010126209999725688,9.484799920755904e-05,0.0034713659988483414,0.0036391778423488026,0.0020000000000000018,0.7278355684697606,5.092830353321828,0.06285979037532881,False,nan,nan,False,False
487,2.435,0.004996236999431858,0.0012385850004648091,5.37999949301593e-06,0.00018025799909082707,0.0008438929999101674,0.00010256200039293617,0.003691789001095458,0.0035456661065890946,0.0020000000000000018,0.7091332213178189,6.273260355892847,0.06235591087547081,False,nan,nan,False,False
488,2.44,0.004995296001652605,0.0015442679996340303,4.9390000640414655e-06,0.0012571900006150827,0.0009829350001382409,9.942699944076594e-05,0.0034144490000471706,0.003685028805429309,0.0020000000000000018,0.7370057610858618,8.982506828514982,0.06262647080982853,False,nan,nan,False,False
489,2.445,0.00502657399920281,0.001257350000742008,6.011001460137777e-06,0.00016148299982887693,0.000863240000398946,9.487799979979172e-05,0.003656502998637734,0.003503161247004452,0.0020000000000000018,0.7006322494008904,12.306582003732306,0.06189191216877879,False,nan,nan,False,False
490,2.45,0.004979225999704795,0.0014250439999159425,5.46000046597328e-06,0.0012364810008875793,0.0010228099999949336,9.697199857328087e-05,0.003524776000631391,0.003724837372720702,0.0020000000000000018,0.7449674745441404,14.324234092600799,0.06102616055248417,False,nan,nan,False,False
491,2.455,0.005028306999520282,0.0013081460001558298,6.061000021873042e-06,0.0001896659996418748,0.0008926150003389921,9.403600051882677e-05,0.0035967000003438443,0.0034931526709275538,0.0020000000000000018,0.6986305341855107,14.96868931944368,0.0640578223185204,False,nan,nan,False,False
492,2.46,0.004973576000338653,0.001438048000636627,5.900999894947745e-06,0.0012521500011644093,0.0010388000009697862,9.067999963008333e-05,0.003501682998830802,0.003770216001564788,0.0020000000000000018,0.7540432003129576,18.123170710075872,0.06316260433222211,False,nan,nan,False,False
493,2.465,0.005000364000807167,0.0012489749988162657,4.92899926030077e-06,0.00013781800043943804,0.0008538120000594063,9.080999916477595e-05,0.0036812790003750706,0.0034908737537783507,0.0020000000000000018,0.6981747507556701,18.402034962764564,0.06362604083717673,False,nan,nan,False,False
494,2.47,0.004997230000299169,0.0015072589994815644,5.881000106455758e-06,0.0012244779991306132,0.000934373998461524,0.00011511599950608797,0.003433904999837978,0.0037845742502843694,0.0020000000000000018,0.7569148500568739,19.980422319089094,0.06402195347818214,False,nan,nan,False,False
495,2.475,0.0050117859991587466,0.001287036000576336,5.450998287415132e-06,0.0001561129993206123,0.0008798309991107089,9.355499969387893e-05,0.003633319000073243,0.0034867735143648375,0.0020000000000000018,0.6973547028729674,20.784610404922088,0.06280765959839547,False,nan,nan,False,False
496,2.48,0.004989696000848198,0.0015740139988338342,5.609999789157882e-06,0.0012376829999993788,0.0010023809991253074,9.303499973611906e-05,0.0033692630004225066,0.0037845742502185388,0.0020000000000000018,0.7569148500437077,20.78461050045842,0.06370932376344764,False,nan,nan,False,False
497,2.485,0.005011885999920196,0.0013481109999702312,5.8610003179637715e-06,0.00015382899982796516,0.0009185340004478348,9.210299867845606e-05,0.003570029999536928,0.0034867735202859986,0.0020000000000000018,0.6973547040571997,20.784611914951512,0.06313575058458815,False,nan,nan,False,False
498,2.49,0.004981971000233898,0.0015033019990369212,5.410000085248612e-06,0.0012334439998085145,0.001066202001311467,9.12710002012318e-05,0.003446188000452821,0.003784574253906448,0.0020000000000000018,0.7569148507812896,20.78461690613484,0.062291675671035204,False,nan,nan,False,False
499,2.495,0.005015232998630381,0.0012622890008060494,5.460999091155827e-06,0.0001542999998491723,0.0008638109993626131,0.00010283299889124464,0.003633459999036859,0.003486773510771255,0.0020000000000000018,0.697354702154251,20.784610156762884,0.06299626830831931,False,nan,nan,False,False
500,2.5,0.0049926810006581945,0.0014835239999229088,5.3700005082646385e-06,0.0007027790015854407,0.0010699289996409789,9.914600013871677e-05,0.003465956000582082,0.0037845742502350898,0.0020000000000000018,0.756914850047018,20.784609969290944,0.06296573128831544,False,nan,nan,False,False
501,2.505,0.005017055998905562,0.0012900720012112288,5.619998773909174e-06,0.00016491000133100897,0.0008880870009306818,9.487799979979172e-05,0.0036197030003677355,0.003486773514867939,0.0020000000000000018,0.6973547029735877,20.784610587402085,0.06251354589415409,False,nan,nan,False,False
502,2.5100000000000002,0.004975118001311785,0.0014081429999350803,5.289999535307288e-06,0.0012150500006100629,0.0009519169998384314,8.998900011647493e-05,0.003552398000465473,0.003784574252122668,0.0020000000000000018,0.7569148504245335,20.78461318572804,0.06020475733306889,False,nan,nan,False,False
503,2.515,0.005035861999203917,0.0013133749998814892,6.402000508387573e-06,0.00018065900076180696,0.0008907709998311475,9.462699927098583e-05,0.0035876630008715438,0.003486773510346111,0.0020000000000000018,0.6973547020692222,20.784610078453944,0.06185941664924024,False,nan,nan,False,False
504,2.52,0.00497086900031718,0.0015017589994386071,5.5199998314492404e-06,0.001227512999321334,0.0010741469995991793,0.00010640000073181,0.0034574400015117135,0.003784574258106268,0.0020000000000000018,0.7569148516212536,20.78461244585345,0.061558136091524454,False,nan,nan,False,False
505,2.525,0.005043836999902851,0.001295231999392854,6.411999493138865e-06,0.0001836039991758298,0.0008713059996807715,0.00010513699999137316,0.003592603001379757,0.0034867735144015924,0.0020000000000000018,0.6973547028803185,20.78460991252271,0.061842707193233586,False,nan,nan,False,False
506,2.5300000000000002,0.004957225000907783,0.0015094629998202436,5.490001058205962e-06,0.001224408000780386,0.0009542110001348192,9.247399975720327e-05,0.003440476999458042,0.003784574254671631,0.0020000000000000018,0.7569148509343262,20.784609700104618,0.06355227210548223,False,nan,nan,False,False
507,2.535,0.005025130998546956,0.0013169220001145732,6.121999831520952e-06,0.0001768019992596237,0.0008921640001062769,0.0001099560013244627,0.0035892970008717384,0.0034867735331557946,0.0020000000000000018,0.697354706631159,20.784611458573398,0.0644267987074671,False,nan,nan,False,False
508,2.54,0.0049746870008675614,0.0015040429989312543,5.521000275621191e-06,0.0012333650010987185,0.0009900679997372208,9.163200047623832e-05,0.003445597001700662,0.0037845742505413804,0.0020000000000000018,0.756914850108276,20.78461426057924,0.06297854821620404,False,nan,nan,False,False
509,2.545,0.005022858000302222,0.0013139459988451563,6.100999598857015e-06,0.00018542799989518244,0.0009061199998541269,9.50780013226904e-05,0.0035960790009994525,0.003486773530360025,0.0020000000000000018,0.697354706072005,20.784613616605483,0.06514813568776835,False,nan,nan,False,False
510,2.5500000000000003,0.004976559999704477,0.0014913390004949179,5.449999662232585e-06,0.0012169040001026588,0.0010704590004024794,9.57689990173094e-05,0.0034641820002434542,0.0037845742543738655,0.0020000000000000018,0.7569148508747731,20.784621468977914,0.0627813637078555,False,nan,nan,False,False
511,2.555,0.0050373140002193395,0.0013430919989332324,6.611999197048135e-06,0.0001914589993248228,0.0009057899987965357,0.0001016610003716778,0.0035538600004656473,0.0034867735154631182,0.0020000000000000018,0.6973547030926237,20.784614935151748,0.06391844083247773,False,nan,nan,False,False
512,2.56,0.004966151998814894,0.0014986220012360718,5.741001587011851e-06,0.0012377229995763628,0.0010943839988613036,9.534899982099887e-05,0.003434627000387991,0.0037845742628505995,0.0020000000000000018,0.7569148525701199,20.78461024460926,0.06244913064378674,False,nan,nan,False,False
513,2.565,0.005013590000089607,0.001331649000348989,6.321999535430223e-06,0.0001367960012430558,0.0009004999992612284,9.455699910176918e-05,0.0035818730011669686,0.003486773510319992,0.0020000000000000018,0.6973547020639984,20.784613820497817,0.06194842834966157,False,nan,nan,False,False
514,2.57,0.004981179001333658,0.0014595889988413546,5.6799999583745375e-06,0.001230009000209975,0.0010354040005040588,0.00010294300045643467,0.0034728379996522563,0.003784574250811197,0.0020000000000000018,0.7569148501622395,20.784609801666605,0.0620005897842433,False,nan,nan,False,False
515,2.575,0.005010934999518213,0.0013305470001796493,5.591000444837846e-06,0.00015746499957458582,0.0008867039996403037,9.604999831935856e-05,0.0036660610003309557,0.003486773512548654,0.0020000000000000018,0.6973547025097308,20.784611184036457,0.06122373448428317,False,nan,nan,False,False
516,2.58,0.0052465169992501615,0.0017713540000841022,1.693199919827748e-05,0.0014891949995217146,0.0011396080008125864,9.515899910184089e-05,0.0029506390001188265,0.003784574256490412,0.0020000000000000018,0.7569148512980823,20.78461427365002,0.06257861218158899,False,nan,nan,False,False
517,2.585,0.004789288999745622,0.001287757000682177,5.449999662232585e-06,0.00011395399997127242,0.0008790199990471592,0.00010928499978035688,0.00359404499977245,0.003486773519111215,0.0020000000000000018,0.697354703822243,20.784618099213592,0.061725473764777855,False,nan,nan,False,False
518,2.59,0.004945051001413958,0.0014597499994124519,5.219999366090633e-06,0.0011295100011921022,0.0009425089992873836,9.470800068811513e-05,0.0034838789997593267,0.003784574267131594,0.0020000000000000018,0.7569148534263188,20.784610159733923,0.06230771007538226,False,nan,nan,False,False
519,2.595,0.005101474998809863,0.0012528820006991737,5.40000110049732e-06,3.1710000257589854e-05,0.0008503970002493588,9.120100003201514e-05,0.00358701199911593,0.0034867735135867797,0.0020000000000000018,0.6973547027173559,20.784611334526286,0.0638052126761038,False,nan,nan,False,False
520,2.6,0.004906349000521004,0.0015930999998090556,5.751000571763143e-06,0.0011432760002207942,0.001151962000221829,9.47580010688398e-05,0.003346331001012004,0.003784574252575036,0.0020000000000000018,0.7569148505150072,20.78461287442821,0.0618550240115003,False,nan,nan,False,False
521,2.605,0.005037704999267589,0.0015235099999699742,1.214199983223807e-05,0.002162318998671253,0.0010291020007571205,0.0001539289987704251,0.0033710170009726426,0.0034867735166759367,0.0020000000000000018,0.6973547033351873,20.784614323029974,0.06370564090648843,False,nan,nan,False,False
522,2.61,0.004964147001373931,0.0014723139993293444,7.292999725905247e-06,0.0010189630011154804,0.0009322699988842942,9.754300117492676e-05,0.003460223999354639,0.0037845742621580927,0.0020000000000000018,0.7569148524316185,20.784610004754835,0.06631684665281141,False,nan,nan,False,False
523,2.615,0.005002910000257543,0.0015208949989755638,1.160200008598622e-05,0.0021547550004470395,0.0010146249987883493,0.00014596400069422089,0.0034144080000260146,0.003486773510903036,0.0020000000000000018,0.6973547021806072,20.784614893779196,0.06315377208915678,False,nan,nan,False,False
524,2.62,0.005003570999178919,0.0014101069991738768,6.0109996411483735e-06,0.0011757769989344524,0.0009522269992885413,9.363600111100823e-05,0.003564260001439834,0.0037845742657200945,0.0020000000000000018,0.7569148531440189,20.784616144247167,0.06438766156625375,False,nan,nan,False,False
525,2.625,0.005041102000177489,0.0012792809993698029,5.6009994295891374e-06,0.00011145899952680338,0.0008795509984338423,9.473800128034782e-05,0.003603103001296404,0.00348677351028346,0.0020000000000000018,0.6973547020566919,20.784614046025304,0.06608815547047725,False,nan,nan,False,False
526,2.63,0.004944991000229493,0.001359100999252405,5.410000085248612e-06,0.0011703669988492038,0.0009117409990722081,9.057999886863399e-05,0.0035796190004475648,0.0037845742501491043,0.0020000000000000018,0.7569148500298208,20.784609697786255,0.06551481633286246,False,nan,nan,False,False
527,2.6350000000000002,0.00510655499965651,0.0012619980007002596,5.810999937239103e-06,3.424500027904287e-05,0.0008618070005468326,8.992899893200956e-05,0.00357434899888176,0.0034867735106583484,0.0020000000000000018,0.6973547021316696,20.784609769290242,0.06495766486951761,False,nan,nan,False,False
528,2.64,0.004911247999189072,0.0015020190003269818,6.301999746938236e-06,0.0011665500005619833,0.0010532369997235946,0.00010177100011787843,0.0034236860010423698,0.003784574291823034,0.0020000000000000018,0.7569148583646067,20.784624167378173,0.0649916341689289,False,nan,nan,False,False
529,2.645,0.005008250000173575,0.00147329500032356,8.04499904916156e-06,0.002265231998535455,0.0010359040006733267,0.00012290999984543305,0.0034528600008343346,0.0034867735416310064,0.0020000000000000018,0.6973547083262013,20.784650467542612,0.06595082045834634,False,nan,nan,False,False
530,2.65,0.005004923001251882,0.00145410000004631,6.162001227494329e-06,0.00117194000085874,0.0009292539998568827,9.54589995671995e-05,0.003458991999650607,0.0037845744049898483,0.0020000000000000018,0.7569148809979697,20.784702188834228,0.0635719688777965,False,nan,nan,False,False
531,2.6550000000000002,0.005100172998936614,0.0013535300004150486,6.693000614177436e-06,4.038499901071191e-05,0.0008755839990044478,0.00013360000048123766,0.0034711450007307576,0.0034867738077455023,0.0020000000000000018,0.6973547615491005,20.7848546787718,0.06337613142038857,False,nan,nan,False,False
532,2.66,0.004899536001175875,0.0015164859996730229,6.312000550678931e-06,0.0011870880007336382,0.0009637690000090515,9.850500100583304e-05,0.0034673680002015317,0.0037845771708793366,0.0020000000000000018,0.7569154341758673,20.786061711544647,0.06413342140838238,False,nan,nan,False,False
533,2.665,0.00505246299871942,0.001284481000766391,6.3419993239222094e-06,0.00012640699969779234,0.0008519889997842256,9.91060005617328e-05,0.0035784659994533285,0.0034867747927940923,0.0020000000000000018,0.6973549585588185,20.78688717334525,0.06571246226743471,False,nan,nan,False,False
534,2.67,0.004943589001413784,0.0014289809987531044,6.411999493138865e-06,0.0011843529991892865,0.0009340929991594749,0.00010901499990723096,0.0034839689997170353,0.0037845863136846533,0.0020000000000000018,0.7569172627369306,20.790667483272046,0.06373465033767256,False,nan,nan,False,False
535,2.6750000000000003,0.004997428999558906,0.0015696859991294332,8.054999852902256e-06,0.0022256470001593698,0.0011007860011886805,0.00013381200005824212,0.0033505290011817124,0.003486774864483854,0.0020000000000000018,0.6973549728967707,20.79074735019987,0.06529736272261084,False,nan,nan,False,False
536,2.68,0.005000144999939948,0.0016082780002761865,6.4420000853715464e-06,0.001181397999971523,0.0011488260006444762,0.00010141100028704386,0.0033847830000013346,0.0037846161365857073,0.0020000000000000018,0.7569232273171415,20.80138173376232,0.06606646957513027,False,nan,nan,False,False
537,2.685,0.005065297000328428,0.001315478999458719,6.150999979581684e-06,0.00012039600005664397,0.0008984059986687498,9.511800089967437e-05,0.003537308999511879,0.003486774034944776,0.0020000000000000018,0.6973548069889552,20.79432951294693,0.06430122152635473,False,nan,nan,False,False
538,2.69,0.004927257999952417,0.0014792959991609678,6.180998752824962e-06,0.0011794439997174777,0.0009507140002824599,9.661200056143571e-05,0.0035156489993823925,0.0037845917850998696,0.0020000000000000018,0.7569183570199739,20.791554327812204,0.06700119181369166,False,nan,nan,False,False
539,2.695,0.0050701059990387876,0.0013340440000320086,6.102000043028966e-06,0.00012433299889380578,0.0008647930008010007,0.0001381189995299792,0.003550363000613288,0.003486773549552333,0.0020000000000000018,0.6973547099104667,20.79019220564493,0.06616250586117417,False,nan,nan,False,False
540,2.7,0.004951512999468832,0.0015595880013279384,5.5300006351899356e-06,0.001178631999209756,0.0011493279998830985,0.00010789199950522743,0.0034061229998769704,0.003784574866740936,0.0020000000000000018,0.7569149733481872,20.784886903185452,0.0664628565402526,False,nan,nan,False,False
541,2.705,0.0050414130000717705,0.0013055899999017129,6.1609989643329754e-06,0.00012177899952803273,0.0008766549999563722,9.439700079383329e-05,0.0035568860002967995,0.003486773554426874,0.0020000000000000018,0.6973547108853748,20.784708900824636,0.06603373788025264,False,nan,nan,False,False
542,2.71,0.004936264000207302,0.001373869001326966,6.271999154705554e-06,0.00117153899918776,0.0009158890006801812,9.459699867875315e-05,0.0036130109983787406,0.0037845750991161308,0.0020000000000000018,0.7569150198232262,20.78497715355717,0.06648193923303417,False,nan,nan,False,False
543,2.715,0.005056130001321435,0.0012927869993291097,5.649999366141856e-06,0.00011375400026736315,0.0008662349991936935,0.00012354200043773744,0.0035674949995154748,0.003486774525729483,0.0020000000000000018,0.6973549051458966,20.78564884587974,0.06463516904150268,False,nan,nan,False,False
544,2.72,0.004924802999084932,0.0014899769994372036,5.371000952436589e-06,0.001144067000495852,0.0009534300006635021,9.628099905967247e-05,0.003530056001181947,0.0037845742965629094,0.0020000000000000018,0.7569148593125818,20.784774348681356,0.06465069498476697,False,nan,nan,False,False
545,2.725,0.005088821999379434,0.0013005410000914708,6.001000656397082e-06,0.00011921400073333643,0.0008888079992175335,9.269399924960453e-05,0.0035546819999581203,0.003990904625149462,0.0020000000000000018,0.7981809250298925,17.051517839275796,0.06472994734228003,False,nan,nan,False,False
546,2.73,0.004923160000544158,0.001403845000822912,5.6009994295891374e-06,0.0011581640010263072,0.0009322690002591116,0.0001039849994413089,0.0035260879994893912,0.0036574645340346442,0.0020000000000000018,0.7314929068069288,20.785161936777985,0.06326914589932756,False,nan,nan,False,False
547,2.735,0.004999332999432227,0.0015012180010671727,8.23600021249149e-06,0.002245122999738669,0.0010353729994676542,0.0001436989987269044,0.003444243999183527,0.0039909044395082995,0.0020000000000000018,0.7981808879016598,20.784698719871198,0.06296973096286451,False,nan,nan,False,False
548,2.74,0.005011365999962436,0.0014457440011028666,5.441001121653244e-06,0.001082541999494424,0.0009192050001729513,9.148199933406431e-05,0.003470042000117246,0.004198395043914689,0.0020000000000000018,0.8396790087829378,16.276578553508006,0.06466488518645022,False,nan,nan,False,False
549,2.745,0.004992500000298605,0.0014916899999661837,7.874001312302426e-06,0.002156497999749263,0.0010374470002716407,0.00013690699961443897,0.0034445550008967984,0.003838138584458257,0.0020000000000000018,0.7676277168916514,20.784638155554774,0.06412185730595822,False,nan,nan,False,False
550,2.75,0.005006718000004184,0.0015040930011309683,7.184000423876569e-06,0.001174494000224513,0.0009351049993711058,9.261400009563658e-05,0.0034210100002383115,0.004198393996164048,0.0020000000000000018,0.8396787992328096,20.78465053365681,0.06575047912357396,False,nan,nan,False,False
551,2.755,0.005013349000364542,0.0016516199993930059,8.365999747184105e-06,0.0022649210004601628,0.0011344489994371543,0.0001321380004810635,0.0032557210015511373,0.003838137919165951,0.0020000000000000018,0.7676275838331902,20.784800516498898,0.06655057224398403,False,nan,nan,False,False
552,2.7600000000000002,0.004975489000571542,0.0014739759990334278,5.731000783271156e-06,0.0011568610007088864,0.0009660929990786826,9.380600022268482e-05,0.003450305999649572,0.004198393783821183,0.0020000000000000018,0.8396787567642365,20.78466528214987,0.06698649132097641,False,nan,nan,False,False
553,2.765,0.004999082999347593,0.001446203999876161,7.053000445012003e-06,0.0022485210010927403,0.0010134620006283512,0.00011819199971796479,0.003491874000246753,0.0038381378265638726,0.0020000000000000018,0.7676275653127745,20.78461345561761,0.0687092607415986,False,nan,nan,False,False
554,2.77,0.005005745000744355,0.0015054750001581851,5.710999175789766e-06,0.0011624020007729996,0.0009834860011324054,9.743299960973673e-05,0.0034198089997516945,0.004198393792848002,0.0020000000000000018,0.8396787585696004,20.7846160501885,0.07150161577599048,False,nan,nan,False,False
555,2.775,0.004999744000087958,0.0015028599991637748,8.065000656642951e-06,0.002226259000963182,0.0010629350017552497,0.00013029500041739084,0.003429677000895026,0.0038381424686959324,0.0020000000000000018,0.7676284937391865,20.786196462476763,0.07210954267446297,False,nan,nan,False,False
556,2.7800000000000002,0.005000253999241977,0.0014227909996407107,5.500000042957254e-06,0.0011692040006892057,0.0009832659998210147,9.4066999736242e-05,0.0035748700011026813,0.004198394497896506,0.0020000000000000018,0.8396788995793013,20.7850798409783,0.07247130919978649,False,nan,nan,False,False
557,2.785,0.005065789000582299,0.0013388219995249528,6.000998837407678e-06,0.00011618800090218429,0.0009115510001720395,0.00010624999958963599,0.0035196059998270357,0.004299041471954066,0.0020000000000000018,0.8598082943908131,12.005075045090749,0.07271919030335634,False,nan,nan,False,False
558,2.79,0.004933248999805073,0.001488052999775391,5.560001227422617e-06,0.0011707970006682444,0.0009742689999256982,0.00011676899885060266,0.0034390040000289446,0.003631323676104915,0.0017000000000000348,0.7262647352209831,26.833580950765192,0.07313707240062396,False,nan,nan,False,False
559,2.795,0.005010494000089238,0.0014650499997514999,1.2332999176578596e-05,0.002269820999572403,0.0010149549998459406,0.00012054599937982857,0.0034444249995431164,0.003642399591808665,0.0020000000000000018,0.728479918361733,24.367806342102124,0.07040873109807605,False,nan,nan,False,False
560,2.8000000000000003,0.004973113998858025,0.0015180190002865857,5.330000931280665e-06,0.0011520230000314768,0.0009372589993290603,0.00013326100088306703,0.003491543000563979,0.003986722081554762,0.0020000000000000018,0.7973444163109522,20.78471229754669,0.0736708294710433,False,nan,nan,False,False
561,2.805,0.005090745000416064,0.0012765360006596893,5.4299998737405986e-06,0.000126457000078517,0.0008426120002695825,0.00010787199971673544,0.003567986999769346,0.0034866996328221517,0.0020000000000000018,0.6973399265644303,24.000050540070458,0.07389221947210865,False,nan,nan,False,False
562,2.81,0.004909535000479082,0.0013379209995036945,5.3299991122912616e-06,0.001155829999333946,0.0009108290014410159,8.578100096201524e-05,0.0036031820000062,0.003986721991058318,0.0020000000000000018,0.7973443982116637,24.000001564846816,0.06840893239632752,False,nan,nan,False,False
563,2.815,0.00509665500067058,0.0012692929994955193,5.840000085299835e-06,3.182000000379048e-05,0.0008511779997206759,0.00010676999954739586,0.0035716130005312152,0.004318649012801409,0.0020000000000000018,0.8637298025602818,18.761270361718655,0.06698669219893912,False,nan,nan,False,False
564,2.82,0.004906528998617432,0.0014195450003171572,5.5799991969252005e-06,0.0011530440006026765,0.0009341130007669562,9.046000013768207e-05,0.003520137001032708,0.0037991927654122556,0.0020000000000000018,0.7598385530824512,24.000084632154714,0.06824708237557119,False,nan,nan,False,False
565,2.825,0.005024019999837037,0.0014721330007887445,7.775000995025039e-06,0.0022454440004366916,0.0010391810010332847,0.0001233509992744075,0.0034415989994158735,0.004318648961549154,0.0020000000000000018,0.8637297923098308,24.000053282921392,0.0685141893152144,False,nan,nan,False,False
566,2.83,0.004980197001714259,0.0014292029991338495,5.489999239216559e-06,0.001158514000053401,0.0009080740001081722,0.00010354500045650639,0.0035067120006715413,0.0040809150827632035,0.0020000000000000018,0.8161830165526406,16.970788031311017,0.07021507881584296,False,nan,nan,False,False
567,2.835,0.005028848998335889,0.0014536080016114283,7.894999725976959e-06,0.0022562650010513607,0.0010201950008195126,0.00011947500024689361,0.0034446049994585337,0.004188165301906993,0.0020000000000000018,0.8376330603813986,20.784713865204587,0.0693460091593783,False,nan,nan,False,False
568,2.84,0.004960089001542656,0.0014703599990752991,5.029000021750107e-06,0.0011500580003485084,0.0009410859984200215,8.901699948182795e-05,0.003471055000773049,0.00431365183234007,0.0020000000000000018,0.862730366468014,20.784611661864584,0.06848455955472026,False,nan,nan,False,False
569,2.845,0.005019931999413529,0.001449260000299546,7.4239997047698125e-06,0.002230746998975519,0.0010157460001209984,0.00011136900138808414,0.0034745220000331756,0.004472135995170977,0.0020000000000000018,0.8944271990341954,12.339785184417746,0.07077972665661272,False,nan,nan,False,False
570,2.85,0.004989143999409862,0.0014618440000049304,5.870999302715063e-06,0.001151922000644845,0.0009248060014215298,9.418599984201137e-05,0.003479912000329932,0.0040828928043643575,0.0020000000000000018,0.8165785608728715,20.78531946416589,0.0730479192779133,False,nan,nan,False,False
571,2.855,0.0050344700011919485,0.0014039649995538639,8.446000720141456e-06,0.0022449030002462678,0.0009684080014267238,0.00010106999980052933,0.003506360999381286,0.004472136260416054,0.0020000000000000018,0.8944272520832107,20.784770193583565,0.07463552033287621,False,nan,nan,False,False
572,2.86,0.004978262999429717,0.0013929849992564414,5.900999894947745e-06,0.0011616400006460026,0.0009460959990974516,9.31249996938277e-05,0.0036033129999850644,0.004472137325027327,0.0020000000000000018,0.8944274650054653,0.2061340590896664,0.07283525597695838,False,nan,nan,False,False
573,2.865,0.00509924099969794,0.0014185119998728624,6.653001037193462e-06,0.00015487999917240813,0.0009352050001325551,0.00014057400039746426,0.003413718000956578,0.004015403560710512,0.0020000000000000018,0.8030807121421025,21.54321910377714,0.07645486385089674,False,nan,nan,False,False
574,2.87,0.004901870999674429,0.0013781859997834545,5.881000106455758e-06,0.001169234999906621,0.0009421180002391338,9.09610007511219e-05,0.00361823100138281,0.004472135997611593,0.0020000000000000018,0.8944271995223185,21.54309303253496,0.07485973456232359,False,nan,nan,False,False
575,2.875,0.0050722790001600515,0.001343232001090655,6.50200126983691e-06,0.00012835000052291434,0.000907794001250295,0.00010017800013883971,0.0035451539988571312,0.004216640798649458,0.0020000000000000018,0.8433281597298917,16.97384058466312,0.07697875833042749,False,nan,nan,False,False
576,2.88,0.004958477000400308,0.0013766140000370797,5.870999302715063e-06,0.0012084589998266893,0.000919064999834518,9.249399954569526e-05,0.0035872930002369685,0.004472136696831601,0.0020000000000000018,0.8944273393663201,16.975560802971714,0.07822169447075215,False,nan,nan,False,False
577,2.8850000000000002,0.005044809000537498,0.0013718849986616988,6.332000339170918e-06,0.0001313759985350771,0.0008981259998108726,0.0001301849988522008,0.003485511000690167,0.00434627867438674,0.0020000000000000018,0.8692557348773482,12.013694794451418,0.07494890183677178,False,nan,nan,False,False
578,2.89,0.00492710700018506,0.0015197129996522563,6.120999387349002e-06,0.0011762979993363842,0.0010911570007010596,9.489799958828371e-05,0.0034670169989112765,0.004472137144426525,0.0020000000000000018,0.8944274288853049,12.004814655404395,0.0770247985617035,False,nan,nan,False,False
579,2.895,0.005063713999334141,0.0013138260001142044,6.311998731689528e-06,0.00012713900105154607,0.0008893690010154387,9.42070000746753e-05,0.003546997999364976,0.004346278749557124,0.0020000000000000018,0.8692557499114248,12.015091049792671,0.07648274936408059,False,nan,nan,False,False
580,2.9,0.004929542999889236,0.0014466649990936276,5.480000254465267e-06,0.001173482000012882,0.000912982999579981,9.796399899641983e-05,0.0034838090014090994,0.004346266263428429,0.0020000000000000018,0.8692532526856859,16.97241701529837,0.07724933398756717,False,nan,nan,False,False
581,2.9050000000000002,0.005021535000196309,0.0015312639989133459,8.054999852902256e-06,0.002283366000483511,0.0010620930006552953,0.000160280998898088,0.0033720490009727655,0.004472136623006512,0.0020000000000000018,0.8944273246013024,12.000629222779132,0.07826732798018403,False,nan,nan,False,False
582,2.91,0.00496784399911121,0.0014748180001333822,5.349998900783248e-06,0.0011618610005825758,0.0009489120002399432,8.87059995875461e-05,0.003465273999609053,0.0042167082619044526,0.0020000000000000018,0.8433416523808905,17.00621563570931,0.0792757176778984,False,nan,nan,False,False
583,2.915,0.005095213000458898,0.0012901709997095168,6.692000170005485e-06,3.9213999116327614e-05,0.0008603639998909784,9.478799984208308e-05,0.003551386000253842,0.00447214379091837,0.0020000000000000018,0.8944287581836741,17.023204585161725,0.07916090312460257,False,nan,nan,False,False
584,2.92,0.004909665000013774,0.0013649419997818768,5.821000740979798e-06,0.0011634030015557073,0.0009211490014422452,9.915599912346806e-05,0.0036316360001364956,0.004347195515589839,0.0020000000000000018,0.8694391031179678,12.629279019188075,0.08021193802905564,False,nan,nan,False,False
585,2.9250000000000003,0.005072330000984948,0.0012929369986522943,5.941001290921122e-06,0.00012456399963411968,0.0008614559992565773,9.945700003299862e-05,0.003563578000466805,0.004249781273816445,0.0020000000000000018,0.8499562547632891,19.17762290572738,0.08164507593928697,False,nan,nan,False,False
586,2.93,0.0049185819989361335,0.0014345519994094502,5.410000085248612e-06,0.0011548969996511005,0.0009280419999413425,0.00010200199903920293,0.0035111200013488997,0.004472229670834308,0.0020000000000000018,0.8944459341668616,14.91460182750867,0.08105882074637984,False,nan,nan,False,False
587,2.935,0.00502847800089512,0.0015576030000374885,8.304999937536195e-06,0.002261044000988477,0.0010690159997466253,0.00017132100037997589,0.003352802999870619,0.00421790882629031,0.0020000000000000018,0.8435817652580619,17.78080340871899,0.080475754169885,False,nan,nan,False,False
588,2.94,0.004973794999386882,0.0013703419990633847,5.150001015863381e-06,0.0011592660011956468,0.0009280510003009113,9.004899948195089e-05,0.003572976000214112,0.004082891236107549,0.0020000000000000018,0.8165782472215098,27.145974362727518,0.0828144917622192,False,nan,nan,False,False
589,2.945,0.005094771999210934,0.001298207000218099,6.391999704646878e-06,3.402400034246966e-05,0.0008856530002958607,9.39860001381021e-05,0.003544733001035638,0.004472136009342541,0.0020000000000000018,0.8944272018685082,20.784611597015683,0.0777273106726647,False,nan,nan,False,False
590,2.95,0.004908382999929017,0.0014524460002576234,5.550000423681922e-06,0.0011611600002652267,0.0009165999999822816,9.38260000111768e-05,0.003492515001198626,0.004472135954999709,0.0020000000000000018,0.8944271909999416,0.027844749022844346,0.07673815942440987,False,nan,nan,False,False
591,2.955,0.005113237000841764,0.001363830000627786,7.233998985611834e-06,3.930300044885371e-05,0.0008976449989859248,0.00013062500147498213,0.003482585998426657,0.003944616833504216,0.0020000000000000018,0.7889233667008431,24.000065339750677,0.07551872524285785,False,nan,nan,False,False
592,2.96,0.004924192000544281,0.0014842959990346571,6.42200029687956e-06,0.001188411000839551,0.0009681369992904365,0.00010441599988553207,0.003421491999688442,0.004472135995713976,0.0020000000000000018,0.8944271991427951,24.000021209371518,0.0739691883361258,False,nan,nan,False,False
593,2.965,0.004991658999642823,0.0015299610004149145,8.535998858860694e-06,0.002274770000440185,0.001058175999787636,0.0001383400012855418,0.0033980979987973114,0.004472135965827641,0.0020000000000000018,0.8944271931655282,0.011690053339532077,0.07521185460844615,False,nan,nan,False,False
594,2.97,0.004997550000553019,0.0014052669994271128,5.600000804406591e-06,0.0011838220016215928,0.0009310269997513387,9.39960009418428e-05,0.003500299999359413,0.004472136207014601,0.0020000000000000018,0.8944272414029201,0.07250275571963276,0.07410798296414334,False,nan,nan,False,False
595,2.975,0.00497497699871019,0.001452325999707682,7.253000148921274e-06,0.0022460460004367633,0.0010175099996558856,0.00011542600077518728,0.003496683000776102,0.004082891189337139,0.0020000000000000018,0.8165782378674278,20.78479303209981,0.0737925761216218,False,nan,nan,False,False
596,2.98,0.00501783800064004,0.0014311960003396962,6.002001100569032e-06,0.001179774000775069,0.0008970939998107497,9.484799920755904e-05,0.0034827469989977544,0.004472135992549412,0.0020000000000000018,0.8944271985098824,20.784610088298148,0.07798328513360524,False,nan,nan,False,False
597,2.985,0.005072972000562004,0.00125214999934542,6.262000169954263e-06,3.764999928534962e-05,0.0008430830002907896,9.569999929226469e-05,0.0035979229996883078,0.004472135955114093,0.0020000000000000018,0.8944271910228185,0.02190109892699593,0.07804201747135153,False,nan,nan,False,False
598,2.99,0.004914833998554968,0.0014561930001946166,5.210000381339341e-06,0.0011591250004130416,0.0009257479996449547,0.00011233100121899042,0.003530918000251404,0.004472137013993213,0.0020000000000000018,0.8944274027986425,0.12438612169231814,0.0769930148010433,False,nan,nan,False,False
599,2.995,0.005063344000518555,0.0012061529996572062,4.5889992179581895e-06,0.00011631900088104885,0.0008217120011977386,9.094099914364051e-05,0.003655772001366131,0.00447213620282879,0.0020000000000000018,0.8944272405657578,0.06355229229611356,0.07872038720912657,False,nan,nan,False,False
600,3.0,0.004920645000311197,0.0013559250000980683,4.949000867782161e-06,0.001150509999206406,0.0009215099998982623,8.715299918549135e-05,0.003649068999948213,0.0044721369171362374,0.0020000000000000018,0.8944273834272475,0.17689499743285653,0.08254103982475848,False,nan,nan,False,False
601,3.005,0.005088952000733116,0.0012239069983479567,5.349998900783248e-06,0.00013108599887345918,0.0008285149997391272,9.781399967323523e-05,0.003628681000918732,0.003944617201948385,0.0020000000000000018,0.7889234403896771,24.00088074649082,0.08251734751126816,False,nan,nan,False,False
602,3.0100000000000002,0.004911557998639182,0.0014927219999663066,4.898998668068089e-06,0.0011551490006240783,0.0009286230015277397,9.200200111081358e-05,0.003448773000854999,0.004472136185543932,0.0020000000000000018,0.8944272371087862,24.000019804518296,0.08017978647881785,False,nan,nan,False,False
603,3.015,0.005010443999708514,0.00140050900154165,7.493999873986468e-06,0.002232299999377574,0.0009877849988697562,8.952799908001907e-05,0.0035539699983928585,0.004472135962259868,0.0020000000000000018,0.8944271924519734,0.04724620778290673,0.08224508244499533,False,nan,nan,False,False
604,3.02,0.0050200020014017355,0.001325848999840673,5.541000064113177e-06,0.0011765380004362669,0.0008814039993012557,0.00010062900037155487,0.0036512329988909187,0.004472136167646512,0.0020000000000000018,0.8944272335293022,0.0653579712314046,0.08205781204488949,False,nan,nan,False,False
605,3.025,0.005066038998847944,0.0012304190004215343,5.399999281507917e-06,0.00013396099893725477,0.0008229449995269533,9.355600013805088e-05,0.0036152049997326685,0.004082891175014441,0.0020000000000000018,0.8165782350028882,20.78475879274936,0.08063590641812743,False,nan,nan,False,False
606,3.0300000000000002,0.004905918000076781,0.0014379380008904263,4.859000910073519e-06,0.0011492869998619426,0.0009177720003208378,9.203300032822881e-05,0.0035029350001423154,0.0044721359745819676,0.0020000000000000018,0.8944271949163934,20.784610810612712,0.08046465198444745,False,nan,nan,False,False
607,3.035,0.005098278001241852,0.0012443460000213236,5.350000719772652e-06,3.084699892497156e-05,0.0008319220014527673,9.294499977841042e-05,0.0036043449999851873,0.004472135955541681,0.0020000000000000018,0.894427191108336,0.013955083694077098,0.07998153707529071,False,nan,nan,False,False
608,3.04,0.004911778998575755,0.0014041660015209345,5.208999937167391e-06,0.001159527000709204,0.0008837690002110321,0.00010861399823625106,0.0035221409998484887,0.004472137101312709,0.0020000000000000018,0.8944274202625417,0.1308661295456894,0.07922377754476284,False,nan,nan,False,False
609,3.045,0.005077630999949179,0.0012274130003788741,5.230000169831328e-06,3.0867999157635495e-05,0.0008301680009026313,0.00010434600153530482,0.0036260560009395704,0.0044721360312433315,0.0020000000000000018,0.8944272062486662,0.16111281480431094,0.07733234803304702,False,nan,nan,False,False
610,3.0500000000000003,0.004915956000331789,0.001320508999924641,5.681000402546488e-06,0.0011646350012597395,0.0008933769986469997,9.099099952436518e-05,0.0036217470005794894,0.004216647633817501,0.0020000000000000018,0.8433295267635001,16.976964860898107,0.07772930426710097,False,nan,nan,False,False
611,3.055,0.005122094000398647,0.001296644000831293,6.571999620064162e-06,3.896300040651113e-05,0.0008879259985405952,9.466799929214176e-05,0.003537328999300371,0.004322190564284741,0.0020000000000000018,0.8644381128569482,7.676371348510805,0.07891477795374521,False,nan,nan,False,False
612,3.06,0.004899927000224125,0.001477853000324103,5.4299998737405986e-06,0.0011668499992083525,0.0009487009992881212,9.478799984208308e-05,0.0034401969987811754,0.004472139479624041,0.0020000000000000018,0.8944278959248082,10.141912242923384,0.07897913122120875,False,nan,nan,False,False
613,3.065,0.00500228800046898,0.0014584579985239543,1.5740000890218653e-05,0.002272805999382399,0.0010152659997402225,0.000132519000544562,0.003458872000919655,0.004472135956513218,0.0020000000000000018,0.8944271913026436,0.21993508863774108,0.07742854341976753,False,nan,nan,False,False
614,3.0700000000000003,0.004983393999282271,0.001439321000361815,5.700001565855928e-06,0.0011553789991012309,0.0009209279996866826,9.502900138613768e-05,0.0034918139990622876,0.004346263409169798,0.0020000000000000018,0.8692526818339598,12.000338905976722,0.08030375729377895,False,nan,nan,False,False
615,3.075,0.0049998340000456665,0.0014925209998182254,9.056999260792509e-06,0.0022492919997603167,0.0010318269996787421,0.00012217999938002322,0.003438703999563586,0.004288308940708133,0.0020000000000000018,0.8576617881416266,6.1668410161049305,0.07955366658433437,False,nan,nan,False,False
616,3.08,0.004996648000087589,0.0013875740005460102,5.369998689275235e-06,0.0011451299997133901,0.0008936970007198397,9.191299977828749e-05,0.0035464069987938274,0.004405347886351724,0.0020000000000000018,0.8810695772703447,12.000016037899973,0.08005781929085139,False,nan,nan,False,False
617,3.085,0.005004463000659598,0.0014205459992808755,7.3740011430345476e-06,0.002247869000711944,0.0010031430010712938,9.053000030689873e-05,0.0035246959996584337,0.004472136033645847,0.0020000000000000018,0.8944272067291694,6.166833051563001,0.08052440026448018,False,nan,nan,False,False
618,3.09,0.0050064869992638705,0.0014928509990568273,5.068999598734081e-06,0.0011663099994621007,0.0009228620001522359,9.833500007516704e-05,0.0034289460018044338,0.004472135976587299,0.0020000000000000018,0.8944271953174598,0.015971739512589064,0.08135297299356938,False,nan,nan,False,False
619,3.095,0.005083350000859355,0.001247281999894767,5.5799991969252005e-06,3.135800034215208e-05,0.0008429030003753724,9.117099943978246e-05,0.0035939249992225086,0.004472136015665299,0.0020000000000000018,0.8944272031330598,0.04704148389277158,0.08006991103764066,False,nan,nan,False,False
620,3.1,0.004905036999844015,0.0013716739995288663,5.149999196873978e-06,0.0011574729996937094,0.0008769059986661887,9.664199933467899e-05,0.0036233909995644353,0.003801315621969251,0.0017000000000000348,0.7602631243938501,26.83287527720939,0.07945896167549936,False,nan,nan,False,False
621,3.105,0.005074864999187412,0.001218666999193374,4.80900052934885e-06,0.00011947399980272166,0.0008243579995905748,0.00010324299910280388,0.0036373870007082587,0.0031304952345083954,0.0014000000000000679,0.6260990469016792,26.832815763978797,0.08029171967179645,False,nan,nan,False,False
622,3.11,0.004917128999295528,0.0014003080013935687,4.818999514100142e-06,0.0011494980008137645,0.000902244000826613,8.843599971442018e-05,0.0035394429996813415,0.003801315598265745,0.0017000000000000348,0.7602631196531491,26.83281613099093,0.07822764532891942,False,nan,nan,False,False
623,3.115,0.0050084300000889925,0.0013764330014964798,7.204000212368555e-06,0.002240735000668792,0.0009653119996073656,8.703300045453943e-05,0.0035578279985202244,0.004472135960452653,0.0020000000000000018,0.8944271920905305,26.832818522538915,0.07740845239110536,False,nan,nan,False,False
624,3.12,0.004998321001039585,0.0013240659991424764,5.390000296756625e-06,0.0011545270008355146,0.0008780980006122263,9.075000161828939e-05,0.0036116680003033252,0.004472135958799478,0.0020000000000000018,0.8944271917598954,0.016208167385323435,0.0749224255516008,False,nan,nan,False,False
625,3.125,0.005010294000385329,0.0015199230001599062,7.204000212368555e-06,0.0022494820004794747,0.0010716320011852076,0.00012151800001447555,0.003413876998820342,0.004082891166200873,0.0020000000000000018,0.8165782332401748,20.784629028092255,0.07216986867751304,False,nan,nan,False,False
626,3.13,0.005000434999601566,0.0013165410000510747,5.26000076206401e-06,0.0011650069991446799,0.0008808839993434958,8.994900053949095e-05,0.0036678149990621023,0.0038539842509747522,0.0020000000000000018,0.7707968501949505,16.978113183856404,0.07310288238272863,False,nan,nan,False,False
627,3.1350000000000002,0.0050658179989113705,0.0012351990008028224,5.339999916031957e-06,0.00012529500054370146,0.0008328730000357609,9.685199984232895e-05,0.003624782999395393,0.0042166337458334055,0.0020000000000000018,0.8433267491666812,20.496475614265265,0.07386315563793074,False,nan,nan,False,False
628,3.14,0.004926016001263633,0.0013221520002844045,5.359999704523943e-06,0.0011609590001171455,0.000885773000845802,9.760299872141331e-05,0.003668033999929321,0.004472135962061701,0.0020000000000000018,0.8944271924123399,16.97056356273488,0.07220849664352105,False,nan,nan,False,False
629,3.145,0.005072920999737107,0.0012230960001033964,5.330000931280665e-06,0.000127258999782498,0.0008414700005232589,8.783499833953101e-05,0.0036329689992271597,0.0044721359652946146,0.0020000000000000018,0.8944271930589229,0.0020848791539640134,0.07228287594182183,False,nan,nan,False,False
630,3.15,0.004914864999591373,0.0014603210001951084,4.839999746764079e-06,0.0011502190009196056,0.0009135740001511294,9.31249996938277e-05,0.0035545509999792557,0.004472139326717641,0.0020000000000000018,0.8944278653435281,0.23180162787686703,0.07278191772817212,False,nan,nan,False,False
631,3.1550000000000002,0.005115981999551877,0.0012603860013769008,6.1420014390023425e-06,0.00015125400022952817,0.0008474599999317434,9.38360008149175e-05,0.0035721549993468216,0.0044721385075100996,0.0020000000000000018,0.8944277015020199,0.02853916863287233,0.07578671320504382,False,nan,nan,False,False
632,3.16,0.004896571001154371,0.0013974519988551037,5.529998816200532e-06,0.0011572319999686442,0.0008818349997454789,8.898700070858467e-05,0.0035365580006327946,0.004472137601977455,0.0020000000000000018,0.894427520395491,0.037600434441806274,0.07706052472346574,False,nan,nan,False,False
633,3.165,0.005013558999053203,0.0013953190009488026,1.686200084805023e-05,0.0022708819997205865,0.000978226998995524,0.00010219199975836091,0.003544392999174306,0.004472136698951904,0.0020000000000000018,0.8944273397903807,0.05034178187544617,0.07900548372569312,False,nan,nan,False,False
634,3.17,0.005005696000807802,0.0014004280001245206,5.37999949301593e-06,0.0011771989993576426,0.0008879969991539838,0.0001015800007735379,0.0035133539986418327,0.004472135955007032,0.0020000000000000018,0.8944271910014064,0.10285575738160169,0.07654981259193105,False,nan,nan,False,False
635,3.1750000000000003,0.004987610998796299,0.0015284190012607723,7.905000529717654e-06,0.002235025000118185,0.0010427970009914134,0.00014134500088403001,0.0033976869999605697,0.004472136409846107,0.0020000000000000018,0.8944272819692213,0.08100633119844494,0.08053473942910166,False,nan,nan,False,False
636,3.18,0.004990897001334815,0.0013432319992716657,5.900999894947745e-06,0.0003147910010738997,0.0009145869989879429,9.04099997569574e-05,0.0035910799997509457,0.0044721362930930895,0.0020000000000000018,0.8944272586186179,0.011121210774957485,0.08145119241772783,False,nan,nan,False,False
637,3.185,0.004996187999495305,0.0013457559998641955,7.413998901029117e-06,0.0021820649999426678,0.0009183340007439256,8.979900121630635e-05,0.0035947359992860584,0.004472136156576725,0.0020000000000000018,0.8944272313153449,0.01584886220829077,0.0788754159043166,False,nan,nan,False,False
638,3.19,0.005002608999348013,0.001386191999699804,5.531001079361886e-06,0.001045351998982369,0.0008779989984759595,9.36760006879922e-05,0.0035547620009310776,0.004472136009493999,0.0020000000000000018,0.8944272018987998,0.025783766104373624,0.07827190403073737,False,nan,nan,False,False
639,3.1950000000000003,0.005015053000533953,0.0015586049994453788,1.0851001206901856e-05,0.002162458000384504,0.0010823520005942555,0.00015575299948977772,0.0033718790000420995,0.004472136096858765,0.0020000000000000018,0.894427219371753,0.0729828749248471,0.08046500789526519,False,nan,nan,False,False
640,3.2,0.004995405999579816,0.0013447540004563052,5.449999662232585e-06,0.0009511749994999263,0.0009003000013763085,0.00013258899889478926,0.003582153000024846,0.004082891157544562,0.0020000000000000018,0.8165782315089124,20.784705592180785,0.07611171987859428,False,nan,nan,False,False
641,3.205,0.004990757000996382,0.0014442699994106079,5.29999852005858e-06,0.0020116549985687016,0.001028781000059098,8.890700155461673e-05,0.003486965000774944,0.003837408134903151,0.0020000000000000018,0.7674816269806303,16.999946660670233,0.07554879370530845,False,nan,nan,False,False
642,3.21,0.004988052000044263,0.001269573000172386,4.849000106332824e-06,0.0009327499992650701,0.0008819659997243434,8.651200005260762e-05,0.00368055799845024,0.004204844199613278,0.0020000000000000018,0.8409688399226556,20.784609953119652,0.07675545730039927,False,nan,nan,False,False
643,3.215,0.0050135199999203905,0.0014920899993740022,5.529998816200532e-06,0.002083720999507932,0.0010568739999143872,0.0001266979998035822,0.003480904000753071,0.004472136554789625,0.0020000000000000018,0.8944273109579249,17.000280566314867,0.07653395220114743,False,nan,nan,False,False
644,3.22,0.005063292999693658,0.00158480500067526,7.344000550801866e-06,0.0009761520013853442,0.000982012001259136,0.00010519799980102107,0.003290705999461352,0.004472136048403689,0.0020000000000000018,0.8944272096807376,0.12920794540462813,0.0746344525541383,False,nan,nan,False,False
645,3.225,0.004941233999488759,0.00157466600103362,5.831001544720493e-06,0.0020566799994412577,0.001067903998773545,0.0001584069996170001,0.0033619799996813526,0.004082891151518104,0.0020000000000000018,0.8165782303036208,20.784675532191073,0.07316853641453516,False,nan,nan,False,False
646,3.23,0.005001818000891944,0.001324306000242359,5.669999154633842e-06,0.0009558239999023499,0.0009049880009115441,0.00011877300130436197,0.0036175389996060403,0.004144572835175035,0.0020000000000000018,0.8289145670350069,17.37981257434112,0.07502632224940042,False,nan,nan,False,False
647,3.235,0.005004532999009825,0.001546092000353383,5.059999239165336e-06,0.0020877790011581965,0.0010590279998723418,0.00016520999997737817,0.003399350000108825,0.004346262765957485,0.0020000000000000018,0.8692525531914971,14.562716565717,0.07599601949352172,False,nan,nan,False,False
648,3.24,0.005011836999983643,0.0013332620001165196,5.601001248578541e-06,0.0009626970004319446,0.0009006300006149104,0.00012868100020568818,0.0035923830000683665,0.0044721359557031255,0.0020000000000000018,0.894427191140625,12.000004324075784,0.07437513261889697,False,nan,nan,False,False
649,3.245,0.004994103001081385,0.0013581490002252394,5.330000931280665e-06,0.0021032980002928525,0.0009675460005382774,9.164200127997901e-05,0.003555693998350762,0.004472135997444451,0.0020000000000000018,0.8944271994888902,0.02147286845565785,0.07261785108813171,False,nan,nan,False,False
650,3.25,0.004974816998583265,0.0013152890005585505,5.17999978910666e-06,0.000931076998313074,0.0009031850004248554,0.00011770099990826566,0.003640884000560618,0.004472135969772336,0.0020000000000000018,0.894427193954467,0.010105963076387708,0.07242114850246299,False,nan,nan,False,False
651,3.255,0.0050374850015941774,0.001463576998503413,6.6020002122968435e-06,0.002084874000502168,0.001031625999530661,0.00011653900037345011,0.003464974000962684,0.00447213595692526,0.0020000000000000018,0.894427191385052,0.009290383543465312,0.07496996297412867,False,nan,nan,False,False
652,3.2600000000000002,0.004993982998712454,0.0013082260011287872,5.4799984354758635e-06,0.0009556230015732581,0.0008874160012055654,0.00010969599861709867,0.0036034929999004817,0.004472135999088329,0.0020000000000000018,0.8944271998176657,0.019869077784110865,0.07498485837001431,False,nan,nan,False,False
653,3.265,0.00497566900048696,0.0013919829998485511,5.411000529420562e-06,0.002091496000502957,0.000978997000856907,8.867600081430282e-05,0.003539503000865807,0.0040828912322562775,0.0020000000000000018,0.8165782464512554,20.78469984219202,0.07342069443247787,False,nan,nan,False,False
654,3.27,0.0049937530002353014,0.0013737179997406201,4.8790006985655054e-06,0.0009365369987790473,0.0008978549994935747,0.00013114600005792454,0.00359423600093578,0.004059840685635754,0.0020000000000000018,0.8119681371271509,17.550130506068847,0.0754412047177166,False,nan,nan,False,False
655,3.275,0.005080315000668634,0.0018813909991877154,8.707000233698636e-06,0.0021651240003848216,0.001157011000032071,0.00018173100033891387,0.0029852129991922993,0.004295952968627811,0.0020000000000000018,0.8591905937255622,16.97058403258799,0.07633593864183744,False,nan,nan,False,False
656,3.2800000000000002,0.004939660999298212,0.0014177609991747886,6.321000910247676e-06,0.0009803699995245552,0.0009381110012327554,0.00014128500151855405,0.0035075739997409983,0.004472136555190395,0.0020000000000000018,0.894427311038079,12.806893670404106,0.07567089481864153,False,nan,nan,False,False
657,3.285,0.004998733000320499,0.0015039819991216063,6.03099942964036e-06,0.0020623709988285555,0.0010815399982675444,0.00011838199861813337,0.0034349070010648575,0.00447213619118608,0.0020000000000000018,0.8944272382372158,0.03454011946575885,0.07349020465930889,False,nan,nan,False,False
658,3.29,0.005004843000278925,0.001324856999417534,5.83099972573109e-06,0.0009632380006223684,0.0009065909998753341,0.00011416399865993299,0.0036129210002400214,0.004472136064248349,0.0020000000000000018,0.8944272128496695,0.09767836451623076,0.07357441647886491,False,nan,nan,False,False
659,3.295,0.005008750998968026,0.0016408499996032333,6.561998816323467e-06,0.0021127149993844796,0.001145710999480798,0.00012079699990863446,0.00327131000085501,0.0040828912491553335,0.0020000000000000018,0.8165782498310666,20.78475822330677,0.0757208071250753,False,nan,nan,False,False
660,3.3000000000000003,0.0049805779999587685,0.0014148560003377497,5.800000508315861e-06,0.0009521470001345733,0.0009522669988655252,0.00013679699986823834,0.003514445999826421,0.004237924109601928,0.0020000000000000018,0.8475848219203854,20.78461011408544,0.07581165041422536,False,nan,nan,False,False
661,3.305,0.005000465000193799,0.0014784350005356828,5.789999704575166e-06,0.002092827999149449,0.001051142999131116,0.0001163889992312761,0.0034710749987425515,0.0043462628125679635,0.0020000000000000018,0.8692525625135926,12.000002963121618,0.07435425119754514,False,nan,nan,False,False
662,3.31,0.005015693999666837,0.0014633970004069852,5.770001735072583e-06,0.0009911209999700077,0.0009000589998322539,0.00025511900093988515,0.0034660750006878516,0.004472135963009254,0.0020000000000000018,0.8944271926018508,12.000057398944312,0.07596973906816504,False,nan,nan,False,False
663,3.315,0.005013149000660633,0.0016189689995371737,6.522001058328897e-06,0.002085865000481135,0.0011223260007682256,0.00012166799933766015,0.0032846150006662356,0.00408289127152017,0.0020000000000000018,0.8165782543040341,20.784678088077534,0.07353094310423723,False,nan,nan,False,False
664,3.3200000000000003,0.004975939998985268,0.0016613080006209202,6.181999196996912e-06,0.0009506550013611559,0.0011152329989272403,0.00012333100130490493,0.0032909769997786498,0.004470759965924233,0.0020000000000000018,0.8941519931848465,20.713750361033483,0.07469928511256295,False,nan,nan,False,False
665,3.325,0.005052643000453827,0.0017110919998231111,7.354001354542561e-06,0.0021438340008899104,0.0011421740000514546,0.00017762300012691412,0.003166974000123446,0.004472135995785183,0.0020000000000000018,0.8944271991570365,0.12376201291343225,0.07533459381877261,False,nan,nan,False,False
666,3.33,0.004955591000907589,0.0014226499988581054,6.301001121755689e-06,0.0009614139999030158,0.0009374290002597263,0.0001586479993420653,0.0035080449997622054,0.004472135962522974,0.0020000000000000018,0.8944271925045947,0.03453560972106009,0.07474251491920407,False,nan,nan,False,False
667,3.335,0.005017647999920882,0.001566871000250103,6.963000487303361e-06,0.002114578999680816,0.0010187220013904152,0.0001743969987728633,0.003334547998747439,0.004082891317090651,0.0020000000000000018,0.8165782634181302,20.784694807251878,0.07292842875993183,False,nan,nan,False,False
668,3.34,0.004973654999048449,0.0013424090011540102,5.781001163995825e-06,0.000953950000621262,0.0009218810009770095,0.00011550700037332717,0.0036028529993927805,0.004472136064506929,0.0020000000000000018,0.8944272129013857,20.784611870900854,0.07586990241172796,False,nan,nan,False,False
669,3.345,0.0050145519999205135,0.0015282679996744264,5.91100069868844e-06,0.0020937099998263875,0.0010780330012494233,0.00014651499986939598,0.0033956130009755725,0.004472136004920396,0.0020000000000000018,0.8944272009840791,0.012858717445274543,0.07465182749048346,False,nan,nan,False,False
670,3.35,0.004993812000975595,0.0013692800002900185,5.830001100548543e-06,0.000885261000803439,0.0009156590003840392,0.00015129399980651215,0.0035604929998953594,0.004472135958971779,0.0020000000000000018,0.8944271917943557,0.01918883044349811,0.07476945794083349,False,nan,nan,False,False
671,3.355,0.005019311000069138,0.0016509090000909055,6.913000106578693e-06,0.0021187370002735406,0.0011578930007090094,0.00011339299999235664,0.0032496289986738702,0.004082891133401604,0.0020000000000000018,0.8165782266803207,20.784610103800468,0.07386246806971147,False,nan,nan,False,False
672,3.36,0.004972672999429051,0.0014546910006174585,5.710999175789766e-06,0.0009520570001768647,0.00092388499979279,0.00012091700045857579,0.003473458998996648,0.004472135955023163,0.0020000000000000018,0.8944271910046325,20.78460988150354,0.07627195605920652,False,nan,nan,False,False
673,3.365,0.005000907000066945,0.0014788249991397606,5.920999683439732e-06,0.0021021050015406217,0.0009982840001612203,0.00014791700050409418,0.003450236001299345,0.004472135955313708,0.0020000000000000018,0.8944271910627414,0.0015393326787213222,0.07545739160563722,False,nan,nan,False,False
674,3.37,0.0049997930000245105,0.001706043000012869,5.3700005082646385e-06,0.0009527680012979545,0.0011445079999248264,0.00010006799857364967,0.003236324000681634,0.004472135955072462,0.0020000000000000018,0.8944271910144921,0.0010989873159922769,0.07476443384137726,False,nan,nan,False,False
675,3.375,0.005029980999097461,0.0016503480001119897,6.752001354470849e-06,0.002050197999778902,0.0010188019987253938,0.0001304140005231602,0.003244740000809543,0.004346263016942256,0.0020000000000000018,0.8692526033884511,12.000142475187882,0.07385560610388023,False,nan,nan,False,False
676,3.38,0.004964518000633689,0.0015322660001402255,7.243999789352529e-06,0.0008746509993216023,0.001120312999773887,9.874600073089823e-05,0.003397125999981654,0.004472136038569088,0.0020000000000000018,0.8944272077138176,12.000025864001767,0.07643938901842688,False,nan,nan,False,False
677,3.3850000000000002,0.005001737999918987,0.0013500839995685965,5.981000867905095e-06,0.0002830909998010611,0.0009100679999392014,0.0001097249987651594,0.003580130000045756,0.004472135963982828,0.0020000000000000018,0.8944271927965656,0.023244171432202518,0.07541255833775934,False,nan,nan,False,False
678,3.39,0.005003571000997908,0.0015226579998852685,6.110998583608307e-06,0.000813557000583387,0.001098712000384694,9.683099960966501e-05,0.003403246999369003,0.004472135972740873,0.0020000000000000018,0.8944271945481743,0.004595679319314267,0.07455201842716024,False,nan,nan,False,False
679,3.395,0.005001035999157466,0.0013566470006480813,6.201000360306352e-06,0.0002689649991225451,0.000935265999942203,0.00010065900096378755,0.0035712529988813912,0.004082891187548629,0.0020000000000000018,0.8165782375097258,20.784653650568195,0.07558530842067397,False,nan,nan,False,False
680,3.4,0.0050004259992419975,0.001528569000583957,6.020998625899665e-06,0.0008096399997157278,0.0011077180006395793,9.701199996925425e-05,0.003387898001165013,0.004434827516493547,0.0020000000000000018,0.8869655032987095,19.02746569096947,0.0772055894584624,False,nan,nan,False,False
681,3.4050000000000002,0.004979566001566127,0.0012524909998319345,5.17999978910666e-06,0.0002310229992872337,0.000853553001434193,0.00010430600013933145,0.003696988998854067,0.004472135964157449,0.0020000000000000018,0.8944271928314897,3.3951070661706884,0.07752129101952963,False,nan,nan,False,False
682,3.41,0.005029599999033962,0.0015836620004847646,5.900999894947745e-06,0.0007454890001099557,0.001147382999988622,0.00011257199912506621,0.0033417619997635484,0.004472135955043877,0.0020000000000000018,0.8944271910087753,0.012244162165985,0.07521068763728216,False,nan,nan,False,False
683,3.415,0.00500708800063876,0.0011486459989100695,6.231000952539034e-06,0.00024799499988148455,0.0007691230002819793,0.00010934499914583284,0.0037773590011056513,0.004472135963601206,0.0020000000000000018,0.8944271927202412,0.011891044255228331,0.07476510857613267,False,nan,nan,False,False
684,3.42,0.0050285479992453475,0.0016123860004881863,8.03500006441027e-06,0.0013194969997130102,0.001096687999961432,0.00012656700164370704,0.0032634649996907683,0.0044721361096311885,0.0020000000000000018,0.8944272219262375,0.05813643176592389,0.07943433787934488,False,nan,nan,False,False
685,3.4250000000000003,0.004935172000841703,0.0007449690001521958,4.628998794942163e-06,0.00012824100122088566,0.0005024929996579885,6.430000030377414e-05,0.0041903949986590305,0.004346262912703871,0.0020000000000000018,0.8692525825407742,12.000358509956037,0.07846775430943448,False,nan,nan,False,False
686,3.43,0.005012858999180025,0.0006279789995460305,5.720999979530461e-06,0.0012314110008446733,0.00040629199975228403,6.322899935184978e-05,0.00427925100120774,0.004472136018369712,0.0020000000000000018,0.8944272036739424,12.000010144857816,0.0788330233661989,False,nan,nan,False,False
687,3.435,0.004953626999849803,0.0008708950008440297,3.887998900609091e-06,8.189300024241675e-05,0.0005977619985060301,6.406099964806344e-05,0.004090787999302847,0.004472135958281552,0.0020000000000000018,0.8944271916563102,0.02326114072694383,0.07841807291404726,False,nan,nan,False,False
688,3.44,0.005014121999920462,0.0009729060002428014,4.5289998524822295e-06,0.0011974280005233595,0.0006928399998287205,6.585300070582889e-05,0.003998234000391676,0.004472136065493091,0.0020000000000000018,0.8944272130986181,0.046618287921157624,0.07755395977070074,False,nan,nan,False,False
689,3.4450000000000003,0.005017206000047736,0.000845718001073692,3.9480000850744545e-06,8.05710005806759e-05,0.0005793769996671472,6.38900000922149e-05,0.004089164998731576,0.004472135958438429,0.0020000000000000018,0.8944271916876857,0.04678016927167172,0.08181390989522264,False,nan,nan,False,False
690,3.45,0.0049964580011874205,0.0009772849989531096,4.759000148624182e-06,0.0011727509991033003,0.000677432000884437,6.82379995851079e-05,0.003978918000939302,0.0044721368584855325,0.0020000000000000018,0.8944273716971063,0.12072375348793601,0.0801577543808858,False,nan,nan,False,False
691,3.455,0.005011706998629961,0.0008865640011208598,4.419000106281601e-06,9.44479997997405e-05,0.0006088219997764099,7.409899990307167e-05,0.004032969000036246,0.004472136534288284,0.0020000000000000018,0.8944273068576567,0.02265855661355993,0.081688546655674,False,nan,nan,False,False
692,3.46,0.004975939000360086,0.0009648110008129152,4.207999154459685e-06,0.0011749050008802442,0.0006861780002509477,6.565300100191962e-05,0.004002792999017402,0.004472136236130826,0.0020000000000000018,0.894427247226165,0.027621135789343013,0.07964105791645636,False,nan,nan,False,False
693,3.465,0.005014942000343581,0.0008625490008853376,3.887000275426544e-06,8.324599912157282e-05,0.0005909800001973053,6.83879989082925e-05,0.004067624999152031,0.004472135967047477,0.0020000000000000018,0.8944271934094953,0.050298175959758815,0.0820777966746057,False,nan,nan,False,False
694,3.47,0.0049833230004878715,0.0009245660003216472,4.227998942951672e-06,0.0011757869997381931,0.0006467940002039541,6.367899914039299e-05,0.004068194999490515,0.004472135959372032,0.0020000000000000018,0.8944271918744063,0.005220370989647349,0.08061451943358454,False,nan,nan,False,False
695,3.475,0.005040580999775557,0.0008428519995504757,4.0380000427830964e-06,8.230400089814793e-05,0.0005846370004292112,6.35900014458457e-05,0.004064909000589978,0.004472135960449497,0.0020000000000000018,0.8944271920898993,0.0009210196449310813,0.08025591894648093,False,nan,nan,False,False
696,3.48,0.0049595489999774145,0.000922340999750304,4.329000148572959e-06,0.0011460910009191139,0.0006488580002041999,7.2426000770065e-05,0.004073996000443003,0.004472135961746518,0.0020000000000000018,0.8944271923493035,0.0009948488323396063,0.08137540411314187,False,nan,nan,False,False
697,3.485,0.0050441769999451935,0.0008540029994037468,4.027000613859855e-06,8.29759992484469e-05,0.0005947469999227906,6.424099956348073e-05,0.004050192001159303,0.004472135959050965,0.0020000000000000018,0.8944271918101929,0.0022118313737406058,0.08237387867582019,False,nan,nan,False,False
698,3.49,0.004955931999575114,0.0009096270005102269,4.1170005715684965e-06,0.0011356110007909592,0.0006440789984480944,6.470199878094718e-05,0.004031305999887991,0.0044721359618544,0.0020000000000000018,0.89442719237088,0.017518822146405343,0.07911614790448894,False,nan,nan,False,False
699,3.495,0.004994995000743074,0.0009403650001331698,5.489999239216559e-06,0.0022747800012439257,0.0006732639994879719,6.299800043052528e-05,0.004010777998701087,0.004414087055987787,0.0020000000000000018,0.8828174111975574,5.336473666431913,0.0809237558004031,False,nan,nan,False,False
700,3.5,0.005003800999475061,0.0009167009993689135,4.228000761941075e-06,0.001140099999247468,0.0006542379996972159,6.276800013438333e-05,0.004023712001071544,0.004472136002183847,0.0020000000000000018,0.8944272004367692,5.336338168004237,0.07964211652005279,False,nan,nan,False,False
701,3.505,0.00500448300044809,0.0010369070005253889,6.172000212245621e-06,0.0022709429995302344,0.0007427340005961014,6.620400017709471e-05,0.00392489599835244,0.004472135990255445,0.0020000000000000018,0.8944271980510888,0.00352351397604734,0.07994475642653201,False,nan,nan,False,False
702,3.5100000000000002,0.005044538998845383,0.001257309000720852,7.213999197119847e-06,0.0010738060009316541,0.0007624409990967251,0.00017327599925920367,0.003661271999590099,0.004472135975633085,0.0020000000000000018,0.8944271951266168,0.005278196198154941,0.07879681341928303,False,nan,nan,False,False
703,3.515,0.005016856001020642,0.0015928089997032657,8.23499976831954e-06,0.0023252040009538177,0.0011099230014224304,0.00011552700016181916,0.003320612999232253,0.004472135955008993,0.0020000000000000018,0.8944271910017986,0.01681683521018895,0.08166127385199863,False,nan,nan,False,False
704,3.52,0.005002808999051922,0.0013947580009698868,7.123000614228658e-06,0.0012361799999780487,0.0009508640014246339,7.233599899336696e-05,0.003518854999128962,0.004472135956103074,0.0020000000000000018,0.8944271912206146,0.003606942857428768,0.0795828491714217,False,nan,nan,False,False
705,3.525,0.004976090000127442,0.001357708000796265,4.978999641025439e-06,0.00010628999916661996,0.0009082649994525127,0.00011610799992922693,0.0035890670005755965,0.0044721359559928885,0.0020000000000000018,0.8944271911985776,0.0002036161446299301,0.07672674418775967,False,nan,nan,False,False
706,3.5300000000000002,0.0050396389997331426,0.0016806040002848022,6.121999831520952e-06,0.0012060640001436695,0.0012417300004017306,8.2665999798337e-05,0.0031997759997466346,0.0044721359553942484,0.0020000000000000018,0.8944271910788496,0.0013937337380564158,0.081345925790941,False,nan,nan,False,False
707,3.535,0.004964658000972122,0.0016283860004477901,8.906999937607907e-06,0.0022290540000540204,0.0011516819995449623,0.00011403399912524037,0.003301586999441497,0.004472135957321188,0.0020000000000000018,0.8944271914642375,0.0033874875032926443,0.08060425782749168,False,nan,nan,False,False
708,3.54,0.005014271000618464,0.0014179409990902059,8.104998414637521e-06,0.001095986999644083,0.0010097249996761093,7.359799928963184e-05,0.003479651000816375,0.004472135955004824,0.0020000000000000018,0.8944271910009647,0.005490187389062712,0.07941312731226043,False,nan,nan,False,False
709,3.545,0.004968324999936158,0.0014763109993509715,6.021999070071615e-06,0.0021437830000650138,0.0011103439992439235,9.851499999058433e-05,0.0034640319991012802,0.004472135960411793,0.0020000000000000018,0.8944271920823585,0.009074599443060877,0.07919335007255358,False,nan,nan,False,False
710,3.5500000000000003,0.005022125998948468,0.0015603989995724987,6.381998900906183e-06,0.0008959719998529181,0.0010954160006804159,9.94870006252313e-05,0.0033586340014153393,0.004472135959281409,0.0020000000000000018,0.8944271918562817,0.0009728214532062551,0.07784470422584341,False,nan,nan,False,False
711,3.555,0.005008320000342792,0.0014430589999392396,6.682001185254194e-06,0.0003840810004476225,0.0009607530009816401,0.000134161999085336,0.0034659449993341696,0.004472135958050509,0.0020000000000000018,0.8944271916101018,0.001220261197917372,0.07756096635595881,False,nan,nan,False,False
712,3.56,0.004987260999769205,0.0015987099995982135,6.532000043080188e-06,0.0008923959994717734,0.001136232000135351,0.00011229099982301705,0.003350920000229962,0.004472135956403339,0.0020000000000000018,0.8944271912806677,0.0021256042361275334,0.0789723273604632,False,nan,nan,False,False
713,3.565,0.005067010000857408,0.002096704998621135,8.545999662601389e-06,0.00035342299997864757,0.0015018390004115645,0.00012132700067013502,0.0027570050006033853,0.0044721359576262035,0.0020000000000000018,0.8944271915252406,0.010613062421199042,0.0806954144865975,False,nan,nan,False,False
714,3.5700000000000003,0.004931745999783743,0.0016116549995786045,6.6020002122968435e-06,0.0013880759997846326,0.0011697150002873968,0.00010325399853172712,0.00331447099961224,0.004472135957610973,0.0020000000000000018,0.8944271915221944,1.7802548528659428e-05,0.07916224231325217,False,nan,nan,False,False
715,3.575,0.005006266999771469,0.0012665670001297258,6.371999916154891e-06,0.0002756269987003179,0.000926669999898877,7.12629989720881e-05,0.0036411639994184952,0.004472135957619755,0.0020000000000000018,0.8944271915239508,1.0270530997799057e-05,0.07763430181393763,False,nan,nan,False,False
716,3.58,0.004983273000107147,0.0015511709989368683,6.512000254588202e-06,0.0013083149988233345,0.0011233780005568406,9.861499893304426e-05,0.0033794230002968106,0.004472135981936228,0.0020000000000000018,0.8944271963872455,0.02575725955587021,0.07876901911186186,False,nan,nan,False,False
717,3.585,0.005005824999898323,0.001352138000584091,6.2710005295230076e-06,0.00018149100105802063,0.0009292940012528561,9.785300062503666e-05,0.003574278000087361,0.004472136026906886,0.0020000000000000018,0.8944272053813771,0.05171265876879004,0.07833755041411745,False,nan,nan,False,False
718,3.59,0.005000085000574472,0.0015069780001795152,6.031001248629764e-06,0.0012578509995364584,0.0010908569984167116,9.695199878478888e-05,0.0034534919996076496,0.004472137233249107,0.0020000000000000018,0.8944274466498212,0.16732981913693676,0.07997210317879215,False,nan,nan,False,False
719,3.595,0.00504020999869681,0.0014057080006750766,6.461999873863533e-06,0.00013426199984678533,0.0009438609995413572,0.00011976499990851153,0.0035042269992118236,0.004472136950734024,0.0020000000000000018,0.8944273901468048,0.01587845797197914,0.07985409597928315,False,nan,nan,False,False
720,3.6,0.004996618001314346,0.0015744049997010734,6.772999768145382e-06,0.0012184269999124808,0.0011442180002632085,0.00010206099977949634,0.0033184980002261,0.004472136645520221,0.0020000000000000018,0.8944273291040442,0.01996461096978727,0.0789795291210786,False,nan,nan,False,False
721,3.605,0.0050469620000512805,0.0015067879994603572,6.732001565978862e-06,3.546699917933438e-05,0.0010362539997004205,0.00012447399967641104,0.0033276159992965404,0.004472136320928964,0.0020000000000000018,0.8944272641857927,0.027042457290819593,0.07908061809020552,False,nan,nan,False,False
722,3.61,0.0049012489998858655,0.0014540799984388286,5.550000423681922e-06,0.0010727829994721105,0.0009888160002446966,9.192300058202818e-05,0.0034873050008172868,0.004472136024309591,0.0020000000000000018,0.894427204861918,0.04087123708967261,0.08035125708980206,False,nan,nan,False,False
723,3.615,0.005016715998863219,0.0015675220001867274,6.551999831572175e-06,0.002192365000155405,0.0011020180008927127,0.00011498599997139536,0.0033541259999765316,0.004472136128406477,0.0020000000000000018,0.8944272256812953,0.08130982626781359,0.07931578409145318,False,nan,nan,False,False
724,3.62,0.004990457000531023,0.0014901270005793776,5.7609995565144345e-06,0.0010120489987457404,0.0010214070007350529,9.717200009617954e-05,0.0034444149987393757,0.004472137825563918,0.0020000000000000018,0.8944275651127834,0.21342903074994976,0.08060115397208727,False,nan,nan,False,False
725,3.625,0.005011655999624054,0.0015427660000568721,6.110998583608307e-06,0.0020573910005623475,0.0010454619987285696,0.00016756399963924196,0.0033760259993869113,0.0044721373771623735,0.0020000000000000018,0.8944274754324747,0.02095176682262187,0.08293639886149667,False,nan,nan,False,False
726,3.63,0.004991308000171557,0.0015955550006765407,5.9710000641644e-06,0.0009154679992207093,0.001172451000456931,9.593999857315794e-05,0.003333998000016436,0.004472136942651992,0.0020000000000000018,0.8944273885303984,0.02377457206452769,0.08330670999703753,False,nan,nan,False,False
727,3.6350000000000002,0.0050058560009347275,0.0013628179985971656,6.381998900906183e-06,0.00036559600084729027,0.0009469770011492074,9.447699994780123e-05,0.0035601220006356016,0.004472136469117488,0.0020000000000000018,0.8944272938234975,0.03311143701266666,0.08275964386255408,False,nan,nan,False,False
728,3.64,0.004992349999156431,0.0015723609994893195,5.8610003179637715e-06,0.0009085159999813186,0.0010955060006381245,0.00016418900122516789,0.0033636630014370894,0.004472136084462237,0.0020000000000000018,0.8944272168924473,0.04273240069285892,0.08193690934883731,False,nan,nan,False,False
729,3.645,0.005016765999243944,0.0013684479999938048,6.132000635261647e-06,0.00032008100060920697,0.0009230230007233331,9.257399869966321e-05,0.003547328000422567,0.004472136133666365,0.0020000000000000018,0.894427226733273,0.09360872998616858,0.08161880642967219,False,nan,nan,False,False
730,3.65,0.00498210100158758,0.0015729819988337113,5.199999577598646e-06,0.0006659200007561594,0.0011377159989933716,9.802500062505715e-05,0.003456668000580976,0.004472138946264322,0.0020000000000000018,0.8944277892528641,0.2574652706462134,0.08158066275257565,False,nan,nan,False,False
731,3.6550000000000002,0.005162538998774835,0.0019968880005762912,8.776998583925888e-06,0.00021515400112548377,0.0014715520010213368,0.00011837199963338207,0.0027560329999687383,0.004472138265436329,0.0020000000000000018,0.8944276530872656,0.025063878525157457,0.08112928364197312,False,nan,nan,False,False
732,3.66,0.0047924250011419645,0.0004894689991488121,2.824999683070928e-06,0.0011099630009994144,0.00032489899967913516,5.332000000635162e-05,0.004471281999940402,0.004472137532193435,0.0020000000000000018,0.8944275064386871,0.03159951729618921,0.07968159862065011,False,nan,nan,False,False
733,3.665,0.00503018099880137,0.0007881300007284153,6.48199966235552e-06,0.002227892000519205,0.0005820830010634381,6.27270001132274e-05,0.004141752999203163,0.004472136855271213,0.0020000000000000018,0.8944273710542424,0.036730240367535215,0.07821055150577762,False,nan,nan,False,False
734,3.67,0.005002920001061284,0.0006637959995714482,5.761001375503838e-06,0.0009900379991449881,0.00040698300108488183,7.957900015753694e-05,0.004290433000278426,0.004472136161110412,0.0020000000000000018,0.8944272322220823,0.059195736567075455,0.07829434061216767,False,nan,nan,False,False
735,3.6750000000000003,0.0050695749996521045,0.0016225959989242256,1.2453001545509323e-05,0.0021909220013185404,0.0011452190010459162,0.00012051599878759589,0.0032815090016811155,0.004472136199373329,0.0020000000000000018,0.8944272398746657,0.11344745197660179,0.07818740240112354,False,nan,nan,False,False
736,3.68,0.005012748999433825,0.0006658290003542788,5.9709982451749966e-06,0.0010134929998457665,0.0003924970005755313,6.771700100216549e-05,0.004204120999929728,0.004472138347958681,0.0020000000000000018,0.894427669591736,0.2441917922676398,0.07948201107103292,False,nan,nan,False,False
737,3.685,0.004982782000297448,0.0009883250004349975,9.207000402966514e-06,0.002074672998787719,0.0007192000011855271,7.189499956439249e-05,0.00389709400042193,0.004472137687519235,0.0020000000000000018,0.894427537503847,0.027594231392024802,0.07875925408700306,False,nan,nan,False,False
738,3.69,0.004987760999938473,0.001029773000482237,8.17500040284358e-06,0.0009720350008137757,0.000782178000008571,6.64550007059006e-05,0.00385392299904197,0.004472137045447355,0.0020000000000000018,0.8944274090894709,0.0325396405457691,0.07728220755600416,False,nan,nan,False,False
739,3.6950000000000003,0.0049719220005499665,0.0009277110002585687,9.73799978964962e-06,0.0021495049986697268,0.000689675000103307,5.4361998991225846e-05,0.003970361998653971,0.0044721363424721754,0.0020000000000000018,0.894427268494435,0.05045571863579564,0.0791890121479706,False,nan,nan,False,False
740,3.7,0.004956332999427104,0.0009482589994149748,5.080000846646726e-06,0.000982895000561257,0.000695966000421322,3.9243999708560295e-05,0.003990861001511803,0.004472135957867821,0.0020000000000000018,0.894427191573564,0.06805835395599864,0.07939135755782036,False,nan,nan,False,False
741,3.705,0.0050016469995171065,0.0009660630003054393,4.659001206164248e-06,0.0003893510001944378,0.0006688849989586743,7.261700011440553e-05,0.003979488999902969,0.0044721362761511296,0.0020000000000000018,0.8944272552302257,0.07420019661069918,0.08090186321091024,False,nan,nan,False,False
742,3.71,0.005002580001018941,0.0009657919999881415,4.647999958251603e-06,0.0009676159988885047,0.00065015099971788,7.216599988169037e-05,0.003942028999517788,0.004472135971835062,0.0020000000000000018,0.8944271943670125,0.05227150141212535,0.08151158766478626,False,nan,nan,False,False
743,3.715,0.0049735239990695845,0.0005922520012973109,5.500000042957254e-06,0.00033769400033634156,0.0003818770001089433,6.718599979649298e-05,0.004396110998641234,0.0044721359996825775,0.0020000000000000018,0.8944271999365153,0.0408092799432452,0.08025993470378193,False,nan,nan,False,False
744,3.72,0.005091066001114086,0.0012127359987061936,9.398001566296443e-06,0.0010479070006113034,0.0007381659997918177,0.00015194499974313658,0.0036849960015388206,0.004472136197297279,0.0020000000000000018,0.8944272394594558,0.08417270054814512,0.08012503676948833,False,nan,nan,False,False
745,3.725,0.0049803869987954386,0.0008848610013956204,7.164000635384582e-06,0.00041756399878067896,0.0006600180004170397,5.728799987991806e-05,0.004014784999526455,0.00447213698911961,0.0020000000000000018,0.8944273978239218,0.18053697844911384,0.08011284078328167,False,nan,nan,False,False
746,3.73,0.004966280999724404,0.0011247120000916766,5.25900031789206e-06,0.0009619259999453789,0.0007730209999863291,8.697300108906347e-05,0.003846880001219688,0.004472136228598699,0.0020000000000000018,0.8944272457197395,0.059078233149836755,0.08156797903260835,False,nan,nan,False,False
747,3.735,0.0050573130010889145,0.001119721000577556,7.07300023350399e-06,0.00045372199929261114,0.0007303100010176422,0.00013071500143269077,0.003773021999222692,0.004472135987156857,0.0020000000000000018,0.8944271974313713,0.08402562505617137,0.0822283032117407,False,nan,nan,False,False
748,3.74,0.0049743059989850735,0.0013471580004988937,7.263000952661969e-06,0.000997222001387854,0.0009480499993514968,0.00010845299948414322,0.0035704120000445982,0.004472136244454331,0.0020000000000000018,0.894427248890866,0.08581322019644204,0.08160655408623957,False,nan,nan,False,False
749,3.745,0.004999503000362893,0.0010624140013533179,6.583000867976807e-06,0.0004313199988246197,0.0007215440000436502,9.803399916563649e-05,0.0038562179997825297,0.004472136120858708,0.0020000000000000018,0.8944272241717416,0.015641579790822226,0.08066386979330564,False,nan,nan,False,False
750,3.75,0.004988984001101926,0.0005212380001466954,5.640999006573111e-06,0.0009637879993533716,0.00032933799957390875,5.556399992201477e-05,0.004386182999951416,0.004472135984298895,0.0020000000000000018,0.8944271968597789,0.028242669735953362,0.08185261035242,False,nan,nan,False,False
751,3.755,0.004973253999196459,0.0007225760000437731,6.132000635261647e-06,0.002023307000854402,0.0005107789984322153,6.14849996054545e-05,0.004241050000928226,0.004472135963511856,0.0020000000000000018,0.8944271927023711,0.03151386469866232,0.08115040770317017,False,nan,nan,False,False
752,3.7600000000000002,0.005074885000794893,0.0008959919996414101,8.41599830891937e-06,0.0009812520002014935,0.0006185310012369882,6.725599996570963e-05,0.003964420999182039,0.0044721359586601195,0.0020000000000000018,0.8944271917320239,0.01827487770344922,0.08231182543587934,False,nan,nan,False,False
753,3.765,0.004934511998726521,0.0006186509999679402,6.5019994508475065e-06,0.0003727490002347622,0.00038655599928461015,6.695600131934043e-05,0.00431335600114835,0.0044721359569646745,0.0020000000000000018,0.8944271913929347,0.0019347449774657828,0.08145254944771016,False,nan,nan,False,False
754,3.77,0.005014051001126063,0.0006326769998850068,6.4520008891122416e-06,0.0008201290002034511,0.000402745999963372,8.193400026357267e-05,0.004303227000491461,0.004472135955292041,0.0020000000000000018,0.8944271910584082,0.007348828411245022,0.08234884076073132,False,nan,nan,False,False
755,3.775,0.005047172999184113,0.0011079699997935677,7.303999154828489e-06,0.00024637200112920254,0.0007710379995842231,7.615299909957685e-05,0.003910800000085146,0.004472135972833153,0.0020000000000000018,0.8944271945666306,0.01392959335569032,0.08185742330899949,False,nan,nan,False,False
756,3.7800000000000002,0.005313994000971434,0.0012367709987302078,9.047000276041217e-06,0.0005023129997425713,0.0008599840002716519,9.51490001170896e-05,0.003334517999974196,0.0044721360018686925,0.0020000000000000018,0.8944272003737384,0.04187396889412958,0.08295929858329562,False,nan,nan,False,False
757,3.785,0.0046772779987804824,0.0011558500009414274,1.1190999430255033e-05,0.001784919999408885,0.0008826869998301845,8.211400017898995e-05,0.003735770998900989,0.004472137086228207,0.0020000000000000018,0.8944274172456413,0.1531338994201486,0.08270185748143204,False,nan,nan,False,False
758,3.79,0.005001367000659229,0.0012766059990099166,8.676999641465954e-06,0.0011872179984493414,0.0007999720000952948,0.00012044599861837924,0.003626417001214577,0.004472136228333958,0.0020000000000000018,0.8944272456667914,0.06469219518757739,0.08297689018381256,False,nan,nan,False,False
759,3.795,0.005012417999751051,0.0008393560001422884,9.65799881669227e-06,0.002338428999792086,0.0006102349998400314,6.216600013431162e-05,0.004025624999485444,0.004472135974826388,0.0020000000000000018,0.8944271949652776,0.07938765944758631,0.08241978909430503,False,nan,nan,False,False
760,3.8000000000000003,0.00494253699980618,0.0006340300005831523,6.022000889061019e-06,0.0009062310000444995,0.0003800730009970721,7.236599958559964e-05,0.004301672999645234,0.004472136030398983,0.0020000000000000018,0.8944272060797964,0.04969309550723459,0.08223936774076647,False,nan,nan,False,False
761,3.805,0.005055268000432989,0.0011138409990962828,8.816999979899265e-06,0.0022121519996289862,0.0007327460007218178,0.00010572800056252163,0.003782038000281318,0.004472135998257809,0.0020000000000000018,0.8944271996515617,0.007967624170115603,0.08185475952576025,False,nan,nan,False,False
762,3.81,0.004997509999157046,0.0011480740013212198,8.244998753070831e-06,0.001047236000886187,0.0008568379998905584,9.426699944015127e-05,0.0037222969986032695,0.0044721359721209206,0.0020000000000000018,0.8944271944241841,0.009227808190697089,0.08162211769830613,False,nan,nan,False,False
763,3.815,0.004940001001159544,0.0007048529987514485,6.232001396710984e-06,0.0020365520013001515,0.000496010999995633,6.566299998667091e-05,0.004231432001688518,0.004472135968305088,0.0020000000000000018,0.8944271936610176,0.02945215239802516,0.08056516687271356,False,nan,nan,False,False
764,3.8200000000000003,0.005026834998716367,0.0007988600009412039,6.663000021944754e-06,0.000970421000602073,0.0005048480015830137,8.163300117303152e-05,0.004112729000553372,0.004434177326496233,0.0020000000000000018,0.8868354652992465,2.8984473540338436,0.07917761534807778,False,nan,nan,False,False
765,3.825,0.004991318000975298,0.0011825000001408625,5.981000867905095e-06,0.0004365189997770358,0.000795923999248771,0.00012216899995109998,0.003742323999176733,0.004472135959654847,0.0020000000000000018,0.8944271919309693,2.8984597693753056,0.07968612977665605,False,nan,nan,False,False
766,3.83,0.005000705999918864,0.0011368939995008986,5.449999662232585e-06,0.0009674259999883361,0.0007853440001781564,9.403700096299872e-05,0.003773152000576374,0.004346262765183329,0.0020000000000000018,0.8692525530366658,12.000000160545769,0.07948949773112893,False,nan,nan,False,False
767,3.835,0.0049630350004008505,0.0012265329987712903,4.438999894773588e-06,0.0020797830002265982,0.0010015100015152711,3.973399907408748e-05,0.0037088010012666928,0.0044505799940155,0.0020000000000000018,0.8901159988030997,12.156935826556964,0.07998676344597659,False,nan,nan,False,False
768,3.84,0.0049952560002566315,0.0010372870001447154,4.457999239093624e-06,0.0009447829997952795,0.0007841320002626162,5.904099998588208e-05,0.003908615999534959,0.00434626276322874,0.0020000000000000018,0.8692525526457477,12.156938929666088,0.0801391335207846,False,nan,nan,False,False
769,3.845,0.005015954999180394,0.001333152000370319,6.131000191089697e-06,0.002078000001347391,0.0009867520002444508,8.897699990484398e-05,0.0036052260002179537,0.004472135993636593,0.0020000000000000018,0.8944271987273184,12.000030078418868,0.08029021486624849,False,nan,nan,False,False
770,3.85,0.004996878000383731,0.001172800999484025,4.529001671471633e-06,0.0009489709991612472,0.0008391950013901806,8.663300104672089e-05,0.0037653479994332884,0.004216633733718382,0.0020000000000000018,0.8433267467436765,16.97056945950885,0.07980693862515126,False,nan,nan,False,False
771,3.855,0.005004041999200126,0.001072513001417974,5.2200011850800365e-06,0.00041139200038742274,0.0007343790002778405,8.954800068750046e-05,0.0038682199992763344,0.004472135962888421,0.0020000000000000018,0.8944271925776842,16.970562891492634,0.07998174033596502,False,nan,nan,False,False
772,3.86,0.005028548001064337,0.0006470349999290192,6.752001354470849e-06,0.0009451740006625187,0.00041631199928815477,7.439900036843028e-05,0.004260064999471069,0.004346262765647313,0.0020000000000000018,0.8692525531294625,12.000012506130265,0.07941115450493133,False,nan,nan,False,False
773,3.865,0.004989594999642577,0.0010863490006158827,6.09099879511632e-06,0.00043910400017921347,0.0007460199994966388,9.175199920719024e-05,0.0038464189983642427,0.004346262763901739,0.0020000000000000018,0.8692525527803477,16.97056288595673,0.07885332131854562,False,nan,nan,False,False
774,3.87,0.005031242999393726,0.0012972750009794254,7.1140002546599135e-06,0.0009961600007954985,0.0009969309994630748,6.747699990228284e-05,0.0035923220002587186,0.004237924051059962,0.0020000000000000018,0.8475848102119923,12.000026115239361,0.07978743468760281,False,nan,nan,False,False
775,3.875,0.004958266001267475,0.0006088229984015925,5.369998689275235e-06,0.00209073400037596,0.0003928969999833498,6.452100024034735e-05,0.004312324001148227,0.004216633743382011,0.0020000000000000018,0.8433267486764022,16.970563920478156,0.07948849392680482,False,nan,nan,False,False
776,3.88,0.004990135999833001,0.0007310219989449251,4.968998837284744e-06,0.0008917640006984584,0.0004370810002001235,8.497899943904486e-05,0.004229277999911574,0.004472135966555878,0.0020000000000000018,0.8944271933111755,16.970562800502847,0.07888778668025657,False,nan,nan,False,False
777,3.8850000000000002,0.005084743999759667,0.0008816739991743816,8.915998478187248e-06,0.00046186699910322204,0.0005717730000469601,7.781599924783222e-05,0.003990881001300295,0.00447213595638716,0.0020000000000000018,0.894427191277432,0.01731618568092121,0.07992679469702783,False,nan,nan,False,False
778,3.89,0.0049737350000214064,0.0012031579990434693,7.774000550853088e-06,0.0009557730008964427,0.0008246170000347774,0.0001129120009863982,0.003699183000207995,0.0042166337536755,0.0020000000000000018,0.8433267507350999,16.970578200561828,0.07832130856795586,False,nan,nan,False,False
779,3.895,0.005004302998713683,0.0012118640006519854,8.90600131242536e-06,0.002072549999866169,0.0009529079998173984,6.247800047276542e-05,0.00366118199963239,0.004237924041951641,0.0020000000000000018,0.847584808390328,16.970562792614576,0.07915593734370059,False,nan,nan,False,False
780,3.9,0.004932828000164591,0.0006404320010915399,5.860998498974368e-06,0.000927470999158686,0.00039052300053299405,7.60830007493496e-05,0.0043038080002588686,0.004346262763922676,0.0020000000000000018,0.8692525527845351,12.000019787684693,0.07986858468567189,False,nan,nan,False,False
781,3.9050000000000002,0.00502265700015414,0.0006644969998887973,5.820000296807848e-06,0.0003033700013475027,0.0004268320008122828,8.145299943862483e-05,0.004265135001332965,0.0041048751876007275,0.0020000000000000018,0.8209750375201453,16.970583736881597,0.08094332330203115,False,nan,nan,False,False
782,3.91,0.005022266001105891,0.001139838999733911,6.882999514346011e-06,0.000881485000718385,0.0007332760014833184,0.00012449399946490303,0.003779294000196387,0.004346262781591106,0.0020000000000000018,0.8692525563182211,16.97056373623358,0.0787845829685266,False,nan,nan,False,False
783,3.915,0.0050204429990117205,0.0008101710009214003,6.95300150255207e-06,0.0002952739996544551,0.0005168610005057417,7.25760000932496e-05,0.004090577000170015,0.00447213595570546,0.0020000000000000018,0.8944271911410921,12.000007205649476,0.0805163171626764,False,nan,nan,False,False
784,3.92,0.005013248999603093,0.0013276520003273617,8.205999620258808e-06,0.0014486989985016407,0.0009694590007711668,6.282799949985929e-05,0.003545024001141428,0.004216633730636334,0.0020000000000000018,0.8433267461272669,16.970562896134833,0.0795554480643959,False,nan,nan,False,False
785,3.9250000000000003,0.004950041000483907,0.0009800400002859533,5.83099972573109e-06,0.0002706180002860492,0.000662674001432606,8.617200001026504e-05,0.003952598000978469,0.0044721359554538865,0.0020000000000000018,0.8944271910907772,16.970562990685522,0.07868702019709484,False,nan,nan,False,False
786,3.93,0.005012338000597083,0.0011912650006706826,6.061000021873042e-06,0.0013543120003305376,0.0007778399995004293,0.00010711100003391039,0.0037128689982637297,0.004470201997457233,0.0020000000000000018,0.8940403994914465,0.17320208891098035,0.08087149781132914,False,nan,nan,False,False
787,3.935,0.00498040700040292,0.001089575000150944,6.321999535430223e-06,0.0001754990007611923,0.0007464609989256132,8.594099926995113e-05,0.003835448998870561,0.004214890602836207,0.0020000000000000018,0.8429781205672414,16.970565093691153,0.07955105772136915,False,nan,nan,False,False
788,3.94,0.0049917489996005315,0.0011721699993358925,5.391000740928575e-06,0.00129018199913844,0.000708909999957541,8.91780000529252e-05,0.0037542970003414666,0.0044209946565737495,0.0020000000000000018,0.8841989313147498,14.144545882358443,0.08126314984829586,False,nan,nan,False,False
789,3.9450000000000003,0.004994073999114335,0.0010620330012898194,5.029000021750107e-06,0.00017334500080323778,0.0007283569993887795,8.638299914309755e-05,0.003871135999361286,0.00430179877832261,0.0020000000000000018,0.8603597556645222,12.000003781222691,0.08043584263396909,False,nan,nan,False,False
790,3.95,0.004997609999918495,0.0010889929999393644,5.068999598734081e-06,0.0012381440010358347,0.0007385059998341603,8.70730000315234e-05,0.003849766000712407,0.004066417539331488,0.0020000000000000018,0.8132835078662974,16.97057300921125,0.07955191475995006,False,nan,nan,False,False
791,3.955,0.004993592001483194,0.0010569239984761225,4.4480002543423325e-06,0.00016378699911001604,0.0006977989996812539,0.00012833999971917365,0.003887186001520604,0.004118984155394029,0.0020000000000000018,0.8237968310788059,16.970565748290518,0.07977691863222833,False,nan,nan,False,False
792,3.96,0.005017236999265151,0.0012572689993248787,5.480000254465267e-06,0.0012805639998987317,0.0007502579992433311,0.00023261699971044436,0.0036760500006494112,0.003918712719851494,0.0020000000000000018,0.7837425439702989,16.970563485321012,0.07930827358976344,False,nan,nan,False,False
793,3.9650000000000003,0.005003721000321093,0.0014245040001696907,5.559999408433214e-06,0.0001433990000805352,0.0009612450012355112,0.00010032799946202431,0.0034993579993169988,0.0038921665576696516,0.0020000000000000018,0.7784333115339304,12.071230137708426,0.07673747737775614,False,nan,nan,False,False
794,3.97,0.004976410999006475,0.0010068789997603744,4.13799898524303e-06,0.0012540740008262219,0.0006981610004004324,7.44499993743375e-05,0.003943462001188891,0.003749613119765909,0.0020000000000000018,0.7499226239531819,16.970596841379923,0.07795812083454252,False,nan,nan,False,False
795,3.975,0.0050288880011066794,0.0010595889998512575,6.021000444889069e-06,0.00020288999985496048,0.0007286179989023367,8.20440000097733e-05,0.0038919449998502387,0.0036510595368424844,0.0020000000000000018,0.7302119073684968,16.970590978728982,0.07535358441360325,False,nan,nan,False,False
796,3.98,0.005025632999604568,0.0017269510008190991,5.6300013966392726e-06,0.0013299959991854848,0.0012708649992418941,0.00011500600157887675,0.003179647999786539,0.003600121306542043,0.0020000000000000018,0.7200242613084086,16.97056903374729,0.07509717817806312,False,nan,nan,False,False
797,3.985,0.004979326000466244,0.001339823998932843,5.800999133498408e-06,0.0001810690009733662,0.0009163699996861396,9.930600026564207e-05,0.00357596200046828,0.0035988207798948223,0.0020000000000000018,0.7197641559789645,16.970563225791043,0.0732045643235516,False,nan,nan,False,False
798,3.99,0.004972922999513685,0.0010676040001271758,5.089999831398018e-06,0.0012543840002763318,0.0007347899991145823,7.531099981861189e-05,0.0038665869997203117,0.00364721107782982,0.0020000000000000018,0.7294422155659639,16.970562830293144,0.0728362076384066,False,nan,nan,False,False
799,3.995,0.0049858980000863085,0.0009592200003680773,4.378000085125677e-06,0.0001230609996127896,0.0006663209987891605,6.673499956377782e-05,0.004056904999742983,0.0037433656291240617,0.0020000000000000018,0.7486731258248123,16.970564122112677,0.07112744920178404,False,nan,nan,False,False
800,4.0,0.005126912999912747,0.0018848370000341674,8.565999451093376e-06,0.001347698998870328,0.0013279419999889797,0.00013138599933881778,0.0029562689996964764,0.0038837383957249704,0.0020000000000000018,0.7767476791449941,16.97056668286317,0.06883920550882963,False,nan,nan,False,False
801,4.005,0.004918721999274567,0.0010986620000039693,4.969000656274147e-06,0.00020584599951689597,0.0007442269998136908,9.000899990496691e-05,0.003822735001449473,0.004055273361233445,0.0020000000000000018,0.8110546722466889,16.493129876501868,0.06856818657224575,False,nan,nan,False,False
802,4.01,0.004995756000425899,0.0016629809997539269,6.5229996835114434e-06,0.001261657000213745,0.0012339770000835415,9.969700113288127e-05,0.0032506220013601705,0.004115288651013611,0.0020000000000000018,0.8230577302027222,12.00000766419491,0.0676178392908599,False,nan,nan,False,False
803,4.015,0.004963396000675857,0.0010206659990217304,4.007000825367868e-06,0.00017691199900582433,0.0007054639991110889,7.245599954330828e-05,0.0039441720000468194,0.0041959456131258396,0.0020000000000000018,0.8391891226251678,12.000009391940194,0.06653715997819803,False,nan,nan,False,False
804,4.0200000000000005,0.005072690999440965,0.0013463770010275766,8.256000000983477e-06,0.0012704349992418429,0.0009207589992001886,0.00012407299982442055,0.0035394229998928495,0.004296081759499071,0.0020000000000000018,0.859216351899814,12.0000724971385,0.06769097701554523,False,nan,nan,False,False
805,4.025,0.0049554510005691554,0.0011002849987562513,5.590998625848442e-06,0.00019940499987569638,0.0007485950009140652,8.962799984146841e-05,0.003833966000456712,0.004414371626832496,0.0020000000000000018,0.8828743253664991,12.000038084602863,0.0674932815213595,False,nan,nan,False,False
806,4.03,0.005012276998968446,0.00118379200102936,5.681000402546488e-06,0.0013157599987607682,0.0007685919990763068,0.00012177900134702213,0.0037307719994714716,0.004472135957651557,0.0020000000000000018,0.8944271915303115,5.309418670859033,0.07003633960350897,False,nan,nan,False,False
807,4.035,0.005001708001145744,0.001175395998870954,6.631998985540122e-06,0.0001406840001436649,0.000789231000453583,0.00011102799908258021,0.0037373240011220332,0.004472135955281548,0.0020000000000000018,0.8944271910563094,0.008169282698915434,0.07450566972604643,False,nan,nan,False,False
808,4.04,0.004984745999536244,0.0012080270007572835,6.231000952539034e-06,0.00126068600002327,0.0007563399994978681,9.953700100595597e-05,0.0037204429991106736,0.0044721359550159235,0.0020000000000000018,0.8944271910031846,0.0024923320594956388,0.07923090925201348,False,nan,nan,False,False
809,4.045,0.004998181000701152,0.0010955660000036005,5.339999916031957e-06,0.00017902600120578427,0.0007427439995808527,8.999900092021562e-05,0.003836420999505208,0.004472135971426334,0.0020000000000000018,0.8944271942852666,0.01484876979027424,0.07933520673821837,False,nan,nan,False,False
810,4.05,0.005010253998989356,0.0012289059995964635,6.03199987381231e-06,0.0012903420010843547,0.0007743940004729666,0.00010629000098560937,0.0036903360014548525,0.004472135968877005,0.0020000000000000018,0.8944271937754009,0.02942479755483783,0.082819389949434,False,nan,nan,False,False
811,4.055,0.004991428000721498,0.0011008159999619238,5.800999133498408e-06,0.0002000050008064136,0.000747763999243034,8.912799967220053e-05,0.0038270730001386255,0.004472135987924812,0.0020000000000000018,0.8944271975849623,0.03579931606780384,0.08374641579492906,False,nan,nan,False,False
812,4.0600000000000005,0.0049970090003625955,0.0011921569985133829,5.339999916031957e-06,0.0012854929991590325,0.0007392669995169854,0.00010713099982240237,0.003754417000891408,0.004472135955584563,0.0020000000000000018,0.8944271911169125,0.018813492233552147,0.0813105259776621,False,nan,nan,False,False
813,4.065,0.0050469819998397725,0.0012365509992378065,8.275999789475463e-06,0.00015400899974338245,0.0008294569997815415,0.00010401600047771353,0.0036754590000782628,0.0044721359558584865,0.0020000000000000018,0.8944271911716971,0.0006125774527087106,0.08141414534322369,False,nan,nan,False,False
814,4.07,0.005011415998524171,0.0017143280001619132,7.414000720018521e-06,0.0013035560004936997,0.0011772489997383673,0.00011730999904102646,0.0032170980011869688,0.004472135967177267,0.0020000000000000018,0.8944271934354532,0.009695303540962623,0.08264063608023857,False,nan,nan,False,False
815,4.075,0.005044809000537498,0.001253632999578258,8.11500103736762e-06,0.00019382399841560982,0.0008293169994431082,0.00011144900054205209,0.0036063389998162165,0.004472135965483015,0.0020000000000000018,0.8944271930966029,0.02544977954912846,0.0819865842110857,False,nan,nan,False,False
816,4.08,0.0049691359999997076,0.0013791889996355167,7.403999916277826e-06,0.0013168320001568645,0.0007817269997758558,0.0001569340001879027,0.0034945190000144066,0.004472135970663277,0.0020000000000000018,0.8944271941326553,0.02722052819877285,0.08231853285447792,False,nan,nan,False,False
817,4.085,0.004964969000866404,0.0013813629993819632,7.3740011430345476e-06,0.00021451199972943868,0.0009796890008146875,9.728199984238017e-05,0.003520276999552152,0.004472135964727951,0.0020000000000000018,0.89442719294559,0.003172794062105777,0.08173226796044517,False,nan,nan,False,False
818,4.09,0.004975718999048695,0.0014436590008699568,5.7010001910384744e-06,0.0012853719999839086,0.0010172790007345611,0.00012406299902067985,0.003507102999719791,0.004472135959896406,0.0020000000000000018,0.894427191979281,0.0034279605335863074,0.08071225148470143,False,nan,nan,False,False
819,4.095,0.005055969000750338,0.0012454379993869225,7.684000593144447e-06,0.00023280700042960234,0.0008112630002869992,0.00011324200022500008,0.003634782000517589,0.004472135959805309,0.0020000000000000018,0.8944271919610617,0.016664242383102348,0.08264372710360837,False,nan,nan,False,False
820,4.1,0.004980658999556908,0.001610683000762947,7.384000127785839e-06,0.0013211099994805409,0.0012012639999738894,0.00010425599975860678,0.00328185899888922,0.004472135958027366,0.0020000000000000018,0.8944271916054732,0.0148755656190501,0.08237531825163186,False,nan,nan,False,False
821,4.105,0.0049703780005074805,0.0011189309989276808,6.272000973694958e-06,0.00018872400141844992,0.0007467020004696678,0.00010999600090144668,0.0038090390007710084,0.004472135959035115,0.0020000000000000018,0.8944271918070228,0.0010169015031241569,0.08214055442534364,False,nan,nan,False,False
822,4.11,0.005025772999943001,0.0012618290002137655,7.634000212419778e-06,0.0012722880001092562,0.0008306889994855737,0.00011085799997090362,0.0036378579989104765,0.004472135967125817,0.0020000000000000018,0.8944271934251634,0.0055738650204821254,0.08182129776801327,False,nan,nan,False,False
823,4.115,0.0049881830000231275,0.0012435640001058346,7.0529986260226e-06,0.00020203900021442678,0.0008497850012645358,9.961700015992392e-05,0.0036545589991874294,0.004472135959017755,0.0020000000000000018,0.894427191803551,0.005590227415363077,0.08110634777828991,False,nan,nan,False,False
824,4.12,0.0049699579994921805,0.0015328070003306493,6.612001016037539e-06,0.001267077999727917,0.0011089620002167067,0.0001248440003109863,0.003459241999735241,0.004472135969125425,0.0020000000000000018,0.894427193825085,0.006634938286861921,0.0816727249497657,False,nan,nan,False,False
825,4.125,0.005105862999698729,0.001451735000955523,8.256000000983477e-06,0.000191679999261396,0.000991281000096933,0.00012718900143227074,0.0033780599987949245,0.00447213595524538,0.0020000000000000018,0.8944271910490759,0.01609354917373734,0.0823444210722868,False,nan,nan,False,False
826,4.13,0.004918701999486075,0.001694340000540251,7.263000952661969e-06,0.0012653449994104449,0.0011781410012190463,0.00011713999992934987,0.003217890000087209,0.00447213595982363,0.0020000000000000018,0.8944271919647258,0.010184309641229218,0.08278653945213914,False,nan,nan,False,False
827,4.135,0.004998612001145375,0.0007144510000216542,6.842001312179491e-06,0.0001406539995514322,0.00042317400038882624,8.447800064459443e-05,0.004193509999822709,0.004472135956412783,0.0020000000000000018,0.8944271912825563,0.003811682072047213,0.08078055552311678,False,nan,nan,False,False
828,4.14,0.005009581998820067,0.0011183690003235824,1.0379999366705306e-05,0.001277448000109871,0.0008094990007521119,7.098300011421088e-05,0.0037743240009149304,0.0044721359577237765,0.0020000000000000018,0.8944271915447551,0.0017467190579015662,0.08136447978030156,False,nan,nan,False,False
829,4.1450000000000005,0.004970209000020986,0.0008743910002522171,6.1920000007376075e-06,0.0001925409997056704,0.0006676329994661501,5.453199992189184e-05,0.0040629249997437,0.00447213595727221,0.0020000000000000018,0.8944271914544418,0.0005409259340082844,0.08082552070939777,False,nan,nan,False,False
830,4.15,0.005020092001359444,0.0008691809998708777,7.0829992182552814e-06,0.001303907998590148,0.0005982530001347186,7.338799878198188e-05,0.004056222998769954,0.004472135968746266,0.0020000000000000018,0.8944271937492532,0.008323013649378787,0.08139685070796293,False,nan,nan,False,False
831,4.155,0.005041301999881398,0.0018346830001974013,8.736000381759368e-06,0.0001789759990060702,0.0012858430000051158,0.00017108099928009324,0.0030647019993921276,0.004472135955154703,0.0020000000000000018,0.8944271910309406,0.015515853167877604,0.08204202278017733,False,nan,nan,False,False
832,4.16,0.005000866000045789,0.00132683999981964,8.385999535676092e-06,0.0011323649996484164,0.0007740030014247168,0.0001038249993143836,0.003627027999755228,0.004472135959293664,0.0020000000000000018,0.8944271918587327,0.009329054729735275,0.07882480742599887,False,nan,nan,False,False
833,4.165,0.005057551999925636,0.00128507199951855,7.904000085545704e-06,0.00016529099957551807,0.0008592930007580435,0.000105467999674147,0.00354896099997859,0.004472135958004572,0.0020000000000000018,0.8944271916009142,0.014396858919845908,0.0782958128337363,False,nan,nan,False,False
834,4.17,0.004972402999555925,0.0017511770001874538,1.032900036079809e-05,0.0011997820001852233,0.0011344689992256463,0.00013747800039709546,0.003119334000075469,0.0044721359592741,0.0020000000000000018,0.8944271918548199,0.014378981215215568,0.08090747623126822,False,nan,nan,False,False
835,4.175,0.004990477000319515,0.0021226939988991944,1.1320998964947648e-05,0.0022614549998252187,0.0014804590009589447,0.00016512000001966953,0.0027570040001592133,0.004472135963406744,0.0020000000000000018,0.8944271926813487,0.0031475037309764277,0.08181098993170567,False,nan,nan,False,False
836,4.18,0.005001677000109339,0.0015625529995304532,9.33800038183108e-06,0.0010792559987748973,0.0009049489999597427,0.00010751199988590088,0.0032876810000743717,0.004472135955173718,0.0020000000000000018,0.8944271910347436,0.009390140955344479,0.08126526658676209,False,nan,nan,False,False
837,4.1850000000000005,0.004927509000481223,0.0012968539995199535,6.6020002122968435e-06,0.0020922869989590254,0.0009043469999596709,9.945599958882667e-05,0.003632587999163661,0.004472135955131062,0.0020000000000000018,0.8944271910262125,0.0029503136798926387,0.07858422836666618,False,nan,nan,False,False
838,4.19,0.005034919999161502,0.001353269999526674,8.004999472177587e-06,0.0008830570004647598,0.0009280419999413425,0.00011567699948500376,0.003540655001415871,0.0044721359631547,0.0020000000000000018,0.8944271926309397,0.012174783250369532,0.08140560659518292,False,nan,nan,False,False
839,4.195,0.004987561000234564,0.0011561899991647806,7.3740011430345476e-06,0.00034527800016803667,0.0007664389995625243,0.0001070100006472785,0.003761941001357627,0.004472135957680232,0.0020000000000000018,0.8944271915360463,0.00460934706119903,0.08133926791430664,False,nan,nan,False,False
840,4.2,0.005033777999415179,0.001634928001294611,9.669000064604916e-06,0.0008611869998276234,0.0012048509997839574,0.0001032939999277005,0.0032323469986295095,0.004472135955000217,0.0020000000000000018,0.8944271910000433,0.006098535408265867,0.08038226295664201,False,nan,nan,False,False
841,4.205,0.004959448000590783,0.0012058629999955883,7.1429985837312415e-06,0.00017177199879370164,0.0007993200015334878,0.0001283210003748536,0.003698000999065698,0.004472135956506023,0.0020000000000000018,0.8944271913012044,0.004738298745900882,0.08045059680530799,False,nan,nan,False,False
842,4.21,0.004987701000572997,0.0015722609987278702,6.30200156592764e-06,0.001319768000030308,0.0010638869989634259,0.00012336200052232016,0.003363383000760223,0.0044721359550976975,0.0020000000000000018,0.8944271910195393,0.005828042341374994,0.081472072490113,False,nan,nan,False,False
843,4.215,0.005049857998528751,0.00148723200072709,1.0479001502972096e-05,0.002352596000491758,0.0010826620000443654,0.00010255199958919547,0.00339357899974857,0.0044721359586784686,0.0020000000000000018,0.8944271917356936,0.006070948374388659,0.08108804945174533,False,nan,nan,False,False
844,4.22,0.00498952500129235,0.0012684209996223217,8.955999874160625e-06,0.0011101830004918156,0.0007887710016802885,0.0001163180004368769,0.0036128510000708047,0.0044721359550101755,0.0020000000000000018,0.8944271910020352,0.006866549614322199,0.08195826081029264,False,nan,nan,False,False
845,4.225,0.005076126999483677,0.0012325940006121527,1.3574999684351496e-05,4.203899879939854e-05,0.0009945270012394758,5.8970999816665426e-05,0.003579918999093934,0.0044721359573839945,0.0020000000000000018,0.8944271914767988,0.005452143157909871,0.07966950968501388,False,nan,nan,False,False
846,4.23,0.0049222390007344075,0.0008886179984983755,8.054999852902256e-06,0.0010681550011213403,0.0005841059992235387,7.876699964981526e-05,0.004009726000731462,0.0044721359550077885,0.0020000000000000018,0.8944271910015575,0.006184139964664892,0.07907252567027867,False,nan,nan,False,False
847,4.235,0.005040229998485302,0.0011731020003935555,1.2092999895685352e-05,0.0022609640000155196,0.0007912849996500881,0.00013751900041825138,0.0036759790000360226,0.004472135955109444,0.0020000000000000018,0.8944271910218887,0.0015965277065702304,0.08034632269884055,False,nan,nan,False,False
848,4.24,0.0049362150002707494,0.0008964219996414613,8.695998985785991e-06,0.0009901089997583767,0.0006218470007297583,7.321799967030529e-05,0.003990619999967748,0.004472135968648188,0.0020000000000000018,0.8944271937296374,0.012721928102023378,0.08073885819215415,False,nan,nan,False,False
849,4.245,0.004939000000376836,0.0007612989993504016,4.1380008042324334e-06,0.002091575999656925,0.00040677300057723187,6.25770007900428e-05,0.004223296000418486,0.0044721359650600105,0.0020000000000000018,0.8944271930120019,0.025974677009854803,0.07978592582975604,False,nan,nan,False,False
850,4.25,0.005090664000817924,0.0006237009984033648,8.074999641394243e-06,0.0008773770005063852,0.00038616500023636036,7.239600017783232e-05,0.004231122000419418,0.0044721359550682314,0.0020000000000000018,0.8944271910136461,0.011007719109823308,0.07830589397026161,False,nan,nan,False,False
851,4.255,0.004920815999867045,0.0005866510000487324,5.249999958323315e-06,0.00029927200012025423,0.00038363999919965863,5.756800055678468e-05,0.004341518999353866,0.004472135971317801,0.0020000000000000018,0.8944271942635601,0.01627276064890474,0.07855673642002421,False,nan,nan,False,False
852,4.26,0.004977331998816226,0.0009411570008523995,4.307999915909022e-06,0.0012919150012749014,0.0006555400013894541,6.843899973318912e-05,0.004017109000415076,0.0044721359551293935,0.0020000000000000018,0.8944271910258786,0.01391862987420417,0.0791880790698498,False,nan,nan,False,False
853,4.265,0.005042194001362077,0.0009413169991603354,6.56200063531287e-06,0.0001729849991534138,0.0007337369988817954,5.445199894893449e-05,0.003966394000599394,0.004472135955000758,0.0020000000000000018,0.8944271910001514,0.0012333417454061775,0.08071662163156647,False,nan,nan,False,False
854,4.2700000000000005,0.004961551998349023,0.0009331820001534652,4.468000042834319e-06,0.0012679200008278713,0.0005982029997539939,0.0001291919998038793,0.004024914000183344,0.004472135954999589,0.0020000000000000018,0.8944271909999177,0.0001209797159860645,0.08065830814701642,False,nan,nan,False,False
855,4.275,0.005016466000597575,0.0009535990011499962,4.568000804283656e-06,0.00014775700037716888,0.0006462130004365463,7.845700019970536e-05,0.003976453999712248,0.00447213596336337,0.0020000000000000018,0.894427192672674,0.010931770198415965,0.08108397047999824,False,nan,nan,False,False
856,4.28,0.00506944399967324,0.0018296939997526351,9.917999705066904e-06,0.00119092500062834,0.0013728059984714491,0.0001092649999918649,0.0030638910011475673,0.004472135960138312,0.0020000000000000018,0.8944271920276623,0.019515936535436602,0.08142723088023988,False,nan,nan,False,False
857,4.285,0.004982001000826131,0.0012776879993907642,8.335999154951423e-06,0.0017193069998029387,0.0009027440009958809,9.243299973604735e-05,0.0036138230007054517,0.004472135955135824,0.0020000000000000018,0.8944271910271647,0.009971837194778132,0.0807409435674526,False,nan,nan,False,False
858,4.29,0.004946142998960568,0.0010479669999767793,5.039999450673349e-06,0.0010737049997260328,0.0007177980005508289,8.232500113081187e-05,0.00389678400097182,0.004472135955454535,0.0020000000000000018,0.8944271910909071,0.0011552957510912857,0.08310633908156088,False,nan,nan,False,False
859,4.295,0.005013048999899183,0.0012354890004644403,7.674998414586298e-06,0.0021469389994308585,0.0008862140002747765,9.375599984196015e-05,0.0037152330005483236,0.00447213595652204,0.0020000000000000018,0.8944271913044078,0.0021161049268671266,0.08111255360531798,False,nan,nan,False,False
860,4.3,0.005048977000114974,0.0019251430003350833,7.403999916277826e-06,0.0011229669999011094,0.001299940000535571,0.00011929399988730438,0.003002204999575042,0.004472135961019216,0.0020000000000000018,0.8944271922038431,0.00461376444740483,0.07918892162585543,False,nan,nan,False,False
861,4.305,0.005066278999947826,0.0018280110016348772,1.2423000953276642e-05,0.002284657999553019,0.0013432710002234671,0.0001277899991691811,0.0030050599998503458,0.004472135955364799,0.0020000000000000018,0.8944271910729596,0.0069953244183637315,0.07995008352796294,False,nan,nan,False,False
862,4.3100000000000005,0.004915957000775961,0.0011807659993792186,6.582000423804857e-06,0.001046284000040032,0.0008001109999895561,0.0001110379998863209,0.003721705001225928,0.0044721359571746585,0.0020000000000000018,0.8944271914349317,0.0032930095084118907,0.07813194931206216,False,nan,nan,False,False
863,4.315,0.004969786999936332,0.0013286240009620087,5.781001163995825e-06,0.0021656549997715047,0.0009590500012564007,9.726199823489878e-05,0.0036445999994612066,0.004472135956347623,0.0020000000000000018,0.8944271912695244,0.0011869540602308746,0.07899636948368459,False,nan,nan,False,False
864,4.32,0.0051040599992120406,0.0017027860012603924,1.0960000508930534e-05,0.001077663000614848,0.001148395000200253,0.000159649000124773,0.003179297000315273,0.004472135965408182,0.0020000000000000018,0.8944271930816362,0.007812525781885769,0.07917430254568486,False,nan,nan,False,False
865,4.325,0.0050588750000315486,0.0021657050001522293,1.2403999789967202e-05,0.0023444609996658983,0.0015706679987488315,0.00014072400153963827,0.00263791100041999,0.004472135955916834,0.0020000000000000018,0.8944271911833667,0.01582780886793175,0.07709543661340944,False,nan,nan,False,False
866,4.33,0.004898464001598768,0.0012867549994552974,7.474000085494481e-06,0.0010859779995371355,0.0008957210011431016,0.00010121999912371393,0.003619052000431111,0.004472135957276422,0.0020000000000000018,0.8944271914552842,0.009331258096383684,0.07955110974921822,False,nan,nan,False,False
867,4.335,0.005048785998951644,0.0019798360008280724,1.7753000065567903e-05,0.0022979229997872608,0.0013310790000105044,0.00016635200154269114,0.002879063998989295,0.004472135962101938,0.0020000000000000018,0.8944271924203876,0.0043735066337019035,0.07954817252071505,False,nan,nan,False,False
868,4.34,0.004967483000655193,0.0016854139994393336,8.727000022190623e-06,0.000993796000329894,0.001131463999627158,0.00014458199984801468,0.0032123590008268366,0.004472135959635598,0.0020000000000000018,0.8944271919271195,0.01822695637529795,0.0785650114186229,False,nan,nan,False,False
869,4.345,0.005025211999964085,0.001753911999912816,9.168001270154491e-06,0.00047033200098667294,0.0012032989998260746,0.00013112600026943255,0.003123823000350967,0.004472135955933424,0.0020000000000000018,0.8944271911866846,0.004489574287089662,0.07936540490197778,False,nan,nan,False,False
870,4.3500000000000005,0.005010855000364245,0.00194588199883583,9.548000889481045e-06,0.0010147949997190153,0.0013729670008615358,0.00013404099991021212,0.0029114139997545863,0.00447213597182161,0.0020000000000000018,0.8944271943643218,0.019171393755370875,0.07888218154059154,False,nan,nan,False,False
871,4.355,0.004973003999111825,0.0020038510010635946,9.016999683808535e-06,0.002045379000264802,0.0013786780000373255,0.00015006200010247994,0.0028866279990324983,0.004472135955184638,0.0020000000000000018,0.8944271910369275,0.013888355358383873,0.0784317652316994,False,nan,nan,False,False
872,4.36,0.005020161999709671,0.0019179000009899028,9.79799915512558e-06,0.0010006289994635154,0.0013632190002681455,0.00012340200009930413,0.0029423319992929464,0.004472135960903239,0.0020000000000000018,0.8944271921806478,0.007564285749237434,0.0800496970677608,False,nan,nan,False,False
873,4.365,0.004941785000482923,0.0012172349997854326,6.6230004449607804e-06,0.0003926070003217319,0.0008248680005635833,0.00010155000018130522,0.003667684000902227,0.004472135955776801,0.0020000000000000018,0.8944271911553601,0.012526700305275217,0.07933497785454788,False,nan,nan,False,False
874,4.37,0.004952305000188062,0.001733974999297061,6.983998900977895e-06,0.0008934269990277244,0.0012208709995320532,0.00011828199967567343,0.0032275970006594434,0.00447213596263166,0.0020000000000000018,0.8944271925263318,0.013785963808498822,0.07879639770883153,False,nan,nan,False,False
875,4.375,0.005064835999291972,0.00168819900136441,8.29599957796745e-06,0.0003742320004676003,0.0011511409993545385,0.00011836200064863078,0.00331628399908368,0.004472135958395099,0.0020000000000000018,0.8944271916790197,0.0034800596603698115,0.07862247731002227,False,nan,nan,False,False
876,4.38,0.005313723000654136,0.0011180990004504565,2.1690000721719116e-05,0.0012480430013965815,0.000767269999414566,4.500499926507473e-05,0.0034352069997112267,0.004472135956880218,0.0020000000000000018,0.8944271913760434,0.0017830265597155743,0.07939127457921905,False,nan,nan,False,False
877,4.385,0.0046525630004907725,0.001066891998561914,8.224998964578845e-06,0.0002787430003081681,0.0007905339989520144,5.7216999266529456e-05,0.0038536730007763254,0.0044721359616729395,0.0020000000000000018,0.8944271923345878,0.004584659172132624,0.07867374877209088,False,nan,nan,False,False
878,4.39,0.005039618999944651,0.0015627829998265952,9.73799978964962e-06,0.0013689499992324272,0.0011541859985300107,0.00010020800073107239,0.003314249999675667,0.004472135956283725,0.0020000000000000018,0.8944271912567449,0.00548562059446127,0.07962741375237321,False,nan,nan,False,False
879,4.3950000000000005,0.004960148999089142,0.001275324000744149,6.6330012487014756e-06,0.00023731600049359258,0.000780385000325623,0.0001008890012599295,0.0036528860000544228,0.004472135956519442,0.0020000000000000018,0.8944271913038884,0.0003768816148598284,0.08143457292323197,False,nan,nan,False,False
880,4.4,0.00504954800089763,0.001730407999275485,8.867000360623933e-06,0.0013834660003340105,0.0012086379992979346,0.0001156170001195278,0.0031499520009674598,0.004472135955213869,0.0020000000000000018,0.8944271910427738,0.002912563959735928,0.07987272807077474,False,nan,nan,False,False
881,4.405,0.004979925999577972,0.0011591160000534728,6.782998752896674e-06,0.00022806800006947014,0.0007699159996263916,0.00011868299952766392,0.0037132489997020457,0.004472135956881519,0.0020000000000000018,0.8944271913763037,0.0034384373977885646,0.08096489611817542,False,nan,nan,False,False
882,4.41,0.004929553000692977,0.0011393479999242118,4.408000677358359e-06,0.0012730199996440206,0.0007125869997253176,9.00390004971996e-05,0.003836911999314907,0.004472135955324335,0.0020000000000000018,0.8944271910648669,0.0030338140172363305,0.08041328610697976,False,nan,nan,False,False
883,4.415,0.005108106999614392,0.001692355999693973,1.0218998795608059e-05,0.00026156000058108475,0.00114383700019971,0.00014071400073589757,0.0031928129992593313,0.004472135967931758,0.0020000000000000018,0.8944271935863515,0.011448254485095203,0.08174188525164547,False,nan,nan,False,False
884,4.42,0.0050135399997088825,0.0016194189993257169,9.978000889532268e-06,0.0013556049998442177,0.0010943739998765523,0.00019708000036189333,0.0032012290012062294,0.004472135955338204,0.0020000000000000018,0.8944271910676406,0.015805399040257382,0.08274877967451913,False,nan,nan,False,False
885,4.425,0.0048849680006242124,0.0010471759997017216,5.571000656345859e-06,0.00018964599985338282,0.0007136099993658718,8.982899998954963e-05,0.003907252999852062,0.0044721359578164645,0.0020000000000000018,0.8944271915632928,0.008550514280994808,0.08123019497736371,False,nan,nan,False,False
886,4.43,0.005067291000159457,0.001755023999066907,8.846998753142543e-06,0.001307112999711535,0.0012220640001032734,0.00012329099990893155,0.0031360159991891123,0.004472135957666217,0.0020000000000000018,0.8944271915332432,0.00017164745573685215,0.08058100620496021,False,nan,nan,False,False
887,4.4350000000000005,0.00497406599970418,0.0010578559995337855,6.553000275744125e-06,0.00023196499932964798,0.0007069970015436411,9.223300003213808e-05,0.0038496249999298016,0.004472135966644847,0.0020000000000000018,0.8944271933289694,0.006731913472278559,0.07922433272113003,False,nan,nan,False,False
888,4.44,0.005000204999305424,0.0017499639998277416,6.913000106578693e-06,0.0013124830002197996,0.0012861240011261543,0.00012432400035322644,0.0031559039998683147,0.004472135955883412,0.0020000000000000018,0.8944271911766822,0.009352985962534904,0.07916072682744556,False,nan,nan,False,False
889,4.445,0.0050000440005533164,0.0007585139992443146,7.874999937484972e-06,0.00016283500008285046,0.000477727000543382,8.354700003110338e-05,0.004148555999563541,0.004472135965442273,0.0020000000000000018,0.8944271930884545,0.008668266371265932,0.07898072416874526,False,nan,nan,False,False
890,4.45,0.004997459998776321,0.0014830230011284584,6.592999852728099e-06,0.0013293849988258444,0.0009414970008947421,0.00014591400031349622,0.003445897998972214,0.004472135955000044,0.0020000000000000018,0.8944271910000087,0.012305852510057867,0.07912275162540994,False,nan,nan,False,False
891,4.455,0.005047923999882187,0.001594954001120641,9.166999006993137e-06,0.00021842000023752917,0.0011654270001599798,0.00010919499982264824,0.0032875599990802584,0.004472135954999621,0.0020000000000000018,0.8944271909999242,5.788728011983603e-05,0.07962131802950674,False,nan,nan,False,False
892,4.46,0.004995356001018081,0.001879667999673984,9.927998689818196e-06,0.0012928970008942997,0.0012991589992452646,0.00013677700007974636,0.003154039999571978,0.004472135962416546,0.0020000000000000018,0.8944271924833092,0.010325821156455625,0.08212210730624589,False,nan,nan,False,False
893,4.465,0.005168771000171546,0.0013751509995927336,9.187000614474528e-06,0.000205655998797738,0.0009633489989937516,0.00010880400077439845,0.0033272849996137666,0.004472135966408282,0.0020000000000000018,0.8944271932816563,0.0024750677513138697,0.07848822845216173,False,nan,nan,False,False
894,4.47,0.004798546999154496,0.0018845869999495335,7.083999662427232e-06,0.0012644540001929272,0.0013220710006862646,0.0001426779999746941,0.003052048001336516,0.004472135957436842,0.0020000000000000018,0.8944271914873683,0.00687177480108723,0.08038568805275749,False,nan,nan,False,False
895,4.4750000000000005,0.0050208230004500365,0.0013097890005155932,6.8929984990973026e-06,0.00013628600027004723,0.000891854000656167,0.0001061590010067448,0.0035764719996222993,0.004472135958510995,0.0020000000000000018,0.8944271917021989,0.0011829478258525837,0.08063666084074908,False,nan,nan,False,False
896,4.48,0.004986318999726791,0.0015446689994860208,8.09499942988623e-06,0.0012462289996619802,0.0010541679985180963,0.0001685170009295689,0.0034468290014046943,0.00447213595505639,0.0020000000000000018,0.894427191011278,0.006187170793394564,0.07940125749321708,False,nan,nan,False,False
897,4.485,0.005174691999854986,0.0014288820002548164,1.0318999557057396e-05,0.00025542900038999505,0.0009132440009125276,0.00017474800006311852,0.0033016070010489784,0.004472135955042386,0.0020000000000000018,0.8944271910084771,0.0016842863119568424,0.08047136623487941,False,nan,nan,False,False
898,4.49,0.004825537000215263,0.0012631110002985224,7.243001164169982e-06,0.001235479001479689,0.0008399759990425082,0.00010421499973745085,0.003684605999296764,0.004472135957834663,0.0020000000000000018,0.8944271915669325,0.007152290615685579,0.07994020429465525,False,nan,nan,False,False
899,4.495,0.005046120999395498,0.0013907410011597676,7.775000995025039e-06,0.00015994999921531416,0.0008700939997652313,0.00014020299931871705,0.00347900899942033,0.004472135957677912,0.0020000000000000018,0.8944271915355823,0.0001785921274753124,0.08029786010307709,False,nan,nan,False,False
900,4.5,0.004990758001440554,0.0014643579997937195,9.10700146050658e-06,0.0011836209996545222,0.0010187719999521505,0.00011262099906161893,0.003508875999614247,0.004472135961551832,0.0020000000000000018,0.8944271923103664,0.0034923447364636657,0.07999433826344145,False,nan,nan,False,False
901,4.505,0.005118896999192657,0.001777646000846289,9.917999705066904e-06,0.00022376000015356112,0.0012324929994065315,0.00012811099986720365,0.00297608599976229,0.004472135955157015,0.0020000000000000018,0.8944271910314028,0.008182408762479448,0.08221141485388213,False,nan,nan,False,False
902,4.51,0.00486766600079136,0.0015912069993646583,8.485998478136025e-06,0.0012926060007885098,0.0010295520005456638,0.00020700799905171152,0.0032623330007481854,0.00447213596118821,0.0020000000000000018,0.894427192237642,0.007909879963646229,0.08279528232516045,False,nan,nan,False,False
903,4.515,0.004933759999403264,0.0011163460003444925,6.74199873174075e-06,0.0023099849986465415,0.0007304810005734907,0.00012608700126293115,0.003829768000287004,0.0044721359607287434,0.0020000000000000018,0.8944271921457487,0.00035608549105200344,0.08157391627171869,False,nan,nan,False,False
904,4.5200000000000005,0.0050337880002189195,0.0011127489997306839,7.004000508459285e-06,0.0012484029994084267,0.0007081389994709753,0.00010449600085848942,0.0038358990004780935,0.004472135958076722,0.0020000000000000018,0.8944271916153443,0.0024187872786209466,0.0807438301702617,False,nan,nan,False,False
905,4.525,0.005047323000326287,0.0012365809998300392,8.324999726028182e-06,0.00015784700008225627,0.0008140179998008534,0.00011370299944246653,0.0036276089995226357,0.004472135959749173,0.0020000000000000018,0.8944271919498346,0.0016084337121859131,0.08054124379897834,False,nan,nan,False,False
906,4.53,0.004987872000128846,0.0012724779990094248,8.31500074127689e-06,0.001217065000673756,0.0008263409999926807,0.00012502500067057554,0.003645943001174601,0.0044721359579772985,0.0020000000000000018,0.8944271915954597,0.0017165196110477212,0.08178438850663405,False,nan,nan,False,False
907,4.535,0.005025081998610403,0.0016981370008579688,9.949000741471536e-06,0.00018088999968313146,0.00122774500050582,0.0001003479992505163,0.003146646000459441,0.004472135955228351,0.0020000000000000018,0.8944271910456701,0.0047185288313594115,0.0816609118776806,False,nan,nan,False,False
908,4.54,0.004942386000038823,0.0012643430000025546,7.594999260618351e-06,0.0011798049999924842,0.0008161820005625486,0.0001357649998681154,0.0036565430000337074,0.004472135957454255,0.0020000000000000018,0.894427191490851,0.004117542254074435,0.07968286092319407,False,nan,nan,False,False
909,4.545,0.005031542999859084,0.0016857240007084329,9.507999493507668e-06,0.002330744000573759,0.0011432659994170535,0.00014163599917083047,0.0031785459996171994,0.004472135958004107,0.0020000000000000018,0.8944271916008214,0.0006303063677433617,0.07999831294075692,False,nan,nan,False,False
910,4.55,0.004933921001793351,0.0012434239997674013,6.061000021873042e-06,0.001140420001320308,0.0008368399994651554,8.744400111027062e-05,0.0036747769991052337,0.004472135956729167,0.0020000000000000018,0.8944271913458332,0.0015821126737136204,0.08015071236041074,False,nan,nan,False,False
911,4.555,0.0049830229982035235,0.0016586030014877906,7.163000191212632e-06,0.0021978050008328864,0.001252109999768436,9.30540008994285e-05,0.003290335000201594,0.0044721359573511405,0.0020000000000000018,0.894427191470228,0.000825983130669952,0.08032837419182565,False,nan,nan,False,False
912,4.5600000000000005,0.005029920001106802,0.0012536829999589827,6.773001587134786e-06,0.0010202150006080046,0.0008941479991335655,8.445899948128499e-05,0.0036597790003725095,0.004472135963074156,0.0020000000000000018,0.8944271926148312,0.004948500452317669,0.08038862383525323,False,nan,nan,False,False
913,4.565,0.004992960999516072,0.0013472089995048009,6.001999281579629e-06,0.0021025360001658555,0.0008372119991690852,9.807399874262046e-05,0.003569159000107902,0.004472135955025518,0.0020000000000000018,0.8944271910051035,0.011358812521333956,0.0821037274880216,False,nan,nan,False,False
914,4.57,0.0049854379994940246,0.0012120740011596354,5.840998710482381e-06,0.000981021001280169,0.0008292269994853996,0.0001000280008156551,0.0037142019991733832,0.004472135955001882,0.0020000000000000018,0.8944271910003763,0.00042787060371029975,0.07954155865260645,False,nan,nan,False,False
915,4.575,0.004987190000974806,0.0010073609992105048,4.798999725608155e-06,0.00040519999856769573,0.0006889329997648019,8.473899833916221e-05,0.003946747001464246,0.004472135960185185,0.0020000000000000018,0.894427192037037,0.008795882427601591,0.08254613203994611,False,nan,nan,False,False
916,4.58,0.005039969999415916,0.0012534620000224095,6.792999556637369e-06,0.0009876640015136218,0.0008744410006329417,9.547899935569149e-05,0.003654408999864245,0.004472135958275041,0.0020000000000000018,0.8944271916550082,0.001768041351104582,0.07934146904722303,False,nan,nan,False,False
917,4.585,0.00498833200072113,0.0013021739996474935,6.432001100620255e-06,0.0020888199996988988,0.0008620780008641304,0.00015342699953180272,0.0036351830003695795,0.004472135957806054,0.0020000000000000018,0.8944271915612108,0.0005090742271783908,0.08057017271478124,False,nan,nan,False,False
918,4.59,0.005012367999370326,0.0012162920011178358,6.411999493138865e-06,0.001010285999655025,0.0009866420004982501,5.003399928682484e-05,0.0036956569983885856,0.00447213596269066,0.0020000000000000018,0.894427192538132,0.004153797383736519,0.07999257261579983,False,nan,nan,False,False
919,4.595,0.005012396999518387,0.0012111140003980836,7.873999493313022e-06,0.0003962239989050431,0.0008089379989542067,0.00011993499902018812,0.003678884000692051,0.004472135956415697,0.0020000000000000018,0.8944271912831393,0.005989469594403056,0.08067956767703768,False,nan,nan,False,False
920,4.6000000000000005,0.004961132000971702,0.0011844029995700112,5.129999408381991e-06,0.0009294650008087046,0.0008153600010700757,0.00011549599912541453,0.003755257999728201,0.004472135955122866,0.0020000000000000018,0.894427191024573,0.0031734961579731507,0.07870504780109462,False,nan,nan,False,False
921,4.605,0.0050347590004093945,0.0014641990001109662,7.343998731812462e-06,0.00015039199934108183,0.0010081220007123193,0.00010662000022421125,0.0034396359988022596,0.0044721359565317274,0.0020000000000000018,0.8944271913063453,0.003354292053876846,0.08026234175434344,False,nan,nan,False,False
922,4.61,0.004971671998646343,0.0012229350013512885,5.620999218081124e-06,0.0012271729992789915,0.0007855340008973144,7.876800009398721e-05,0.0036869899995508604,0.004472135954999587,0.0020000000000000018,0.8944271909999172,0.004688966011562104,0.07864455549163674,False,nan,nan,False,False
923,4.615,0.004973103999873274,0.0010521450003579957,5.1890001486754045e-06,0.00010036799903900828,0.000721644999430282,7.999000081326813e-05,0.0038981360012257937,0.0044721359568932325,0.0020000000000000018,0.8944271913786465,0.005212155071464408,0.08016204449947704,False,nan,nan,False,False
924,4.62,0.005019802001697826,0.001438408999092644,5.310001142788678e-06,0.001182579000669648,0.0009737269992911024,9.737300024426077e-05,0.003557797999746981,0.0044721359621721,0.0020000000000000018,0.89442719243442,0.004925635638267984,0.08024549360874189,False,nan,nan,False,False
925,4.625,0.005060677998699248,0.0012543140001071151,5.399999281507917e-06,0.00011240099956921767,0.0009212789991579484,6.908000068506226e-05,0.003604044000894646,0.0044721359550281385,0.0020000000000000018,0.8944271910056276,0.009492122002109759,0.08138223652194082,False,nan,nan,False,False
926,4.63,0.00491957300073409,0.0009897679992718622,4.619001629180275e-06,0.001174705001176335,0.0006862680002086563,7.118300163710956e-05,0.004018682000605622,0.0044721359570421395,0.0020000000000000018,0.8944271914084277,0.004767289592046819,0.08145389149853628,False,nan,nan,False,False
927,4.635,0.005070437000540551,0.0013309579990163911,5.1699989853659645e-06,0.0001104970015148865,0.000895461000254727,9.376600064570084e-05,0.0035490110003593145,0.004472135958272839,0.0020000000000000018,0.8944271916545677,0.0014376559878663286,0.08266908792874789,False,nan,nan,False,False
928,4.64,0.00493792799898074,0.0010920189997705165,4.768999133375473e-06,0.0011706879995472264,0.0007772289991407888,7.012199966993649e-05,0.003856108000036329,0.00447213595630753,0.0020000000000000018,0.8944271912615059,0.002517788140348676,0.08368608054948183,False,nan,nan,False,False
929,4.6450000000000005,0.00500689699947543,0.001018251001369208,4.659001206164248e-06,9.640099960961379e-05,0.0007047529998089885,7.409899990307167e-05,0.0039051200001267716,0.0044721359550108164,0.0020000000000000018,0.8944271910021632,0.003925472071976507,0.08123666185735659,False,nan,nan,False,False
930,4.65,0.004974818000846426,0.0009806300004129298,4.307999915909022e-06,0.0011807259998022346,0.0006832430008216761,7.034199916233774e-05,0.00400087900015933,0.004472135955000587,0.0020000000000000018,0.8944271910001171,0.00028114847495778507,0.08332668289810141,False,nan,nan,False,False
931,4.655,0.005039718000261928,0.0010198349991696887,4.658999387174845e-06,9.749300079420209e-05,0.0007031400000414578,7.447000098181888e-05,0.0038928760004637297,0.0044721359550561925,0.0020000000000000018,0.8944271910112384,0.001019853063030505,0.0807865594286624,False,nan,nan,False,False
932,4.66,0.004972683998857974,0.0010280490005243337,4.389001333038323e-06,0.0011687930000334745,0.0007054840007185703,8.776499998930376e-05,0.003942199000448454,0.004472135955104271,0.0020000000000000018,0.8944271910208541,0.0003239298027827176,0.08320963844153798,False,nan,nan,False,False
933,4.665,0.005028908000895171,0.0010063390000141226,4.367999281384982e-06,9.569900066708215e-05,0.0006943240005057305,7.357799950113986e-05,0.003917031999662868,0.0044721359567346285,0.0020000000000000018,0.8944271913469256,0.006206960771221073,0.08403201848312164,False,nan,nan,False,False
934,4.67,0.004994314000214217,0.0011208840005565435,5.110001438879408e-06,0.001178081000034581,0.000746200999856228,9.860499994829297e-05,0.003883778999806964,0.004472135956630695,0.0020000000000000018,0.8944271913261389,0.0001515506714913628,0.08275467959242158,False,nan,nan,False,False
935,4.675,0.005107996999868192,0.0010574049993010703,5.4299998737405986e-06,0.00015185499978542794,0.0007104239994077943,9.653199958847836e-05,0.0037499980007851264,0.004472135957285502,0.0020000000000000018,0.8944271914571004,0.0008881489380198988,0.08277522055329774,False,nan,nan,False,False
936,4.68,0.004857988000367186,0.0010622039990266785,3.957999069825746e-06,0.0011709369991876883,0.0006886219998705201,0.00010536799891269766,0.003947889001210569,0.004472135958687394,0.0020000000000000018,0.8944271917374786,0.001545121277848866,0.08410478480729208,False,nan,nan,False,False
937,4.6850000000000005,0.00514953499987314,0.0014667229988845065,1.1472000551293604e-05,0.0023608009996678447,0.0010032730006059865,0.00011522699969646055,0.0033437359998060856,0.004472135957659431,0.0020000000000000018,0.8944271915318861,0.0010950302717269527,0.0821551641435799,False,nan,nan,False,False
938,4.69,0.004875921998973354,0.0011916460007341811,5.300000339047983e-06,0.0010527960002946202,0.0007473629993910436,0.0001716919996397337,0.003739568999662879,0.004472135955339569,0.0020000000000000018,0.8944271910679137,0.00837543537504829,0.08211602892118881,False,nan,nan,False,False
939,4.695,0.004996898000172223,0.0015785329997015651,5.481000698637217e-06,0.0021869350002816645,0.0010971390001941472,0.00010486700011824723,0.0034213220005767653,0.00447213595637281,0.0020000000000000018,0.8944271912745619,0.006638840596932664,0.08180409712379996,False,nan,nan,False,False
940,4.7,0.005110713000249234,0.0017071439997380367,8.62700107973069e-06,0.001234606999787502,0.001177009000457474,9.349500032840297e-05,0.003151595001327223,0.0044721359551391565,0.0020000000000000018,0.8944271910278311,0.0030197661126323645,0.08212991169519024,False,nan,nan,False,False
941,4.705,0.004943919000652386,0.0013484510000125738,9.607998435967602e-06,0.0022192050000739982,0.0008293569990200922,0.0002117770000040764,0.00360447499951988,0.004472135955013379,0.0020000000000000018,0.8944271910026755,0.0009689816768873572,0.08201254193964867,False,nan,nan,False,False
942,4.71,0.00507133799874282,0.0014440710001508705,5.992000296828337e-06,0.0011617309992288938,0.0007736520001344616,0.00011050800094380975,0.003443122001044685,0.004472135965862279,0.0020000000000000018,0.8944271931724558,0.012023817609244472,0.08068045692380568,False,nan,nan,False,False
943,4.715,0.005047614000432077,0.0021347570000216365,1.265399987460114e-05,0.002312230000825366,0.0015062570000736741,0.00011510600052133668,0.002625938001074246,0.004472135956242523,0.0020000000000000018,0.8944271912485046,0.01668565253990856,0.08095436444049955,False,nan,nan,False,False
944,4.72,0.004829404000702198,0.0013078049996693153,5.359999704523943e-06,0.0010677640002541011,0.0009411259998159949,9.25839995034039e-05,0.0036318460006441455,0.004472135955242221,0.0020000000000000018,0.894427191048444,0.00608094310234181,0.079795128121545,False,nan,nan,False,False
945,4.7250000000000005,0.00502115400013281,0.0019098949996987358,8.274999345303513e-06,0.002183979000619729,0.0013997370006109122,0.00011726000047929119,0.0030116830002953066,0.00447213595559215,0.0020000000000000018,0.8944271911184299,0.0010486446907182437,0.08071420389875744,False,nan,nan,False,False
946,4.73,0.004994594999516266,0.0016015359997254563,5.91100069868844e-06,0.0010526860005484195,0.0011768380009016255,9.846500142884906e-05,0.0033173259998875437,0.004472135955834537,0.0020000000000000018,0.8944271911669072,0.0005446491333611724,0.0786558884538186,False,nan,nan,False,False
947,4.735,0.004986919999282691,0.0012621690002561081,6.3419993239222094e-06,0.002150886999515933,0.0008990380010800436,8.335600068676285e-05,0.0036599690010916675,0.004472135956522963,0.0020000000000000018,0.8944271913045924,0.0012124213015041012,0.07883771942099589,False,nan,nan,False,False
948,4.74,0.004974786999810021,0.0010660610005288618,4.268000338925049e-06,0.0010555310000199825,0.000755999000830343,6.994099931034725e-05,0.0038762450003559934,0.004472135955017867,0.0020000000000000018,0.8944271910035734,0.004157612010665298,0.08054552638803855,False,nan,nan,False,False
949,4.745,0.0049903960007213755,0.0010595389994705329,4.01800025429111e-06,0.002178458000344108,0.0007406299991998821,6.747699990228284e-05,0.003936668999813264,0.004472135956919932,0.0020000000000000018,0.8944271913839862,0.004730783461039442,0.07829912432627904,False,nan,nan,False,False
950,4.75,0.005086446999484906,0.001279371001146501,7.203998393379152e-06,0.0011129390004498418,0.0008888879983715015,9.71529989328701e-05,0.0035947269989264896,0.0044721359558904565,0.0020000000000000018,0.8944271911780912,0.0016717136803596603,0.07931967425918711,False,nan,nan,False,False
951,4.755,0.00493643500158214,0.001137815999754821,5.100000635138713e-06,0.002150125999833108,0.000779373000113992,8.440800047537778e-05,0.0038446259986812947,0.004472135955091899,0.0020000000000000018,0.8944271910183798,0.0024211970055576424,0.07844954857218914,False,nan,nan,False,False
952,4.76,0.005064535998826614,0.0013403749999270076,6.272000973694958e-06,0.0011379150000720983,0.0009617039995646337,8.793499910098035e-05,0.003581262000807328,0.004472135955115525,0.0020000000000000018,0.8944271910231049,0.0001387081876255984,0.07916968933436262,False,nan,nan,False,False
953,4.765,0.00503079200098,0.0012964429988642223,9.67800042417366e-06,0.002263578000565758,0.0008462090008833911,0.00010013800056185573,0.003584477999538649,0.004472135955006868,0.0020000000000000018,0.8944271910013735,0.0009652370721110895,0.08060090163580881,False,nan,nan,False,False
954,4.7700000000000005,0.004961773000104586,0.0013423489999695448,6.001000656397082e-06,0.001122006000514375,0.0009670349991210969,8.775400056038052e-05,0.0035744789984164527,0.004472135955760373,0.0020000000000000018,0.8944271911520745,0.0029767586614765566,0.08098818995576991,False,nan,nan,False,False
955,4.775,0.005048424998676637,0.0017537010007799836,1.1452000762801617e-05,0.002248150000013993,0.0011778810003306717,0.00022965099924476817,0.003080512000451563,0.00447213595536355,0.0020000000000000018,0.89442719107271,0.0010173755183445765,0.08128278501952685,False,nan,nan,False,False
956,4.78,0.004903774000922567,0.001123838999774307,5.841000529471785e-06,0.000987733999863849,0.0007595759998366702,8.2894999650307e-05,0.0038154009998834226,0.004472135955039356,0.0020000000000000018,0.8944271910078712,0.0015278128528448895,0.08100879354000919,False,nan,nan,False,False
957,4.785,0.005005674998756149,0.0014907480017427588,5.37999949301593e-06,0.002049706999969203,0.001043788999595563,9.781399967323523e-05,0.0034449359991413075,0.004472135959034339,0.0020000000000000018,0.8944271918068678,0.0068442944591734995,0.08137820533927391,False,nan,nan,False,False
958,4.79,0.005002548999982537,0.0015628630007995525,5.77100036025513e-06,0.000874470999406185,0.0011190400000486989,0.00010077899969473947,0.0033985589998337673,0.004472135955610883,0.0020000000000000018,0.8944271911221765,0.004640994670055085,0.08142963846680927,False,nan,nan,False,False
959,4.795,0.005041923001044779,0.0011237700000492623,5.900999894947745e-06,0.0003075969998462824,0.0007698749996052356,9.281399979954585e-05,0.003819577999820467,0.004472135959807457,0.0020000000000000018,0.8944271919614913,0.005337121697366824,0.08185295031886732,False,nan,nan,False,False
960,4.8,0.005056370999227511,0.001846686000135378,9.056999260792509e-06,0.0014180420002958272,0.001333342001089477,0.00012226000035298057,0.0030475590010610176,0.00447213596548064,0.0020000000000000018,0.8944271930961278,0.003952290401008422,0.08086732619099932,False,nan,nan,False,False
961,4.805,0.005003940999813494,0.0015304630014725262,8.74599936651066e-06,0.00030563399923266843,0.0010587079996184912,0.00010366400056227576,0.0033320239999738988,0.004472135955031323,0.0020000000000000018,0.8944271910062643,0.012921097272173979,0.08040580951401373,False,nan,nan,False,False
962,4.8100000000000005,0.004949520000081975,0.0011925280014111195,6.742999175912701e-06,0.0013404359997366555,0.0007802049985912163,0.00011194099897693377,0.0037447989998327103,0.00447213595662353,0.0020000000000000018,0.8944271913247059,0.005494739497030152,0.08100230883564101,False,nan,nan,False,False
963,4.815,0.005051310999988345,0.0016329350000887644,9.358000170323066e-06,0.0002842939993570326,0.0011383569999452448,0.00010820300121849868,0.0032559210012550466,0.004472135961700721,0.0020000000000000018,0.8944271923401441,0.004972005614177294,0.07908506414593783,False,nan,nan,False,False
964,4.82,0.004998411000997294,0.0018527779993746663,8.6860000010347e-06,0.001377956001306302,0.0014467059991147835,7.536100019933656e-05,0.0030758230004721554,0.0044721359606646445,0.0020000000000000018,0.8944271921329289,0.0007888116006431907,0.08029058944267252,False,nan,nan,False,False
965,4.825,0.005015233000449371,0.0011382569991837954,6.492000466096215e-06,0.00014076399929763284,0.0007633129989699228,9.004899948195089e-05,0.0037039220005681273,0.004472135957977529,0.0020000000000000018,0.8944271915955058,0.0024758243634352543,0.08018448903749836,False,nan,nan,False,False
966,4.83,0.004929762999381637,0.0012917839994770475,6.803000360378064e-06,0.0011853649994009174,0.0007639530012966134,8.294600047520362e-05,0.0036297030001151143,0.004472135955103431,0.0020000000000000018,0.8944271910206861,0.005309087642535088,0.07904373596852148,False,nan,nan,False,False
967,4.835,0.004984634999345872,0.001138518000516342,5.559999408433214e-06,0.00010560900045675226,0.0007607879997522105,0.00010283299889124464,0.003759294999326812,0.004472135955894665,0.0020000000000000018,0.8944271911789328,0.0023599423726238466,0.08015284952161443,False,nan,nan,False,False
968,4.84,0.00497778300086793,0.001288407998799812,7.024000296951272e-06,0.0011883200004376704,0.0008168830008798977,0.00011474600069050211,0.0036663120008597616,0.004472135963277886,0.0020000000000000018,0.894427192655577,0.007305349672287204,0.08043547448889618,False,nan,nan,False,False
969,4.845,0.005020853999667452,0.0010423259991512168,5.330000931280665e-06,0.00010897500033024698,0.0007111750001058681,8.071199954429176e-05,0.0038470110011985525,0.00447213596382945,0.0020000000000000018,0.8944271927658898,0.0003567534002994711,0.0826852433421424,False,nan,nan,False,False
970,4.8500000000000005,0.004950692000420531,0.0010068589999718824,4.999001248506829e-06,0.0011802849985542707,0.0006883519999973942,8.138299926940817e-05,0.003980862000389607,0.0044721359551926475,0.0020000000000000018,0.8944271910385293,0.00957892188659863,0.08092550659408579,False,nan,nan,False,False
971,4.855,0.005065716999524739,0.0010426080007164273,5.109999619890004e-06,0.00012232999870320782,0.0007136200001696125,8.364700079255272e-05,0.0038345159991877154,0.004472135961433882,0.0020000000000000018,0.8944271922867763,0.007933644587249766,0.08198943534124187,False,nan,nan,False,False
972,4.86,0.004943157999150571,0.0011014480005542282,4.539000656222925e-06,0.0011824200009868946,0.0006946939993213164,9.427699842490256e-05,0.0038622789998044027,0.00447213595600467,0.0020000000000000018,0.894427191200934,0.005803266050813559,0.08127210971010582,False,nan,nan,False,False
973,4.865,0.005095013000754989,0.0017653430004429538,1.1370999345672317e-05,0.002289836998897954,0.0011879499998030951,0.00013312999908521306,0.003088667999691097,0.004472135957001928,0.0020000000000000018,0.8944271914003853,0.001560480513308746,0.08323971258016587,False,nan,nan,False,False
974,4.87,0.0049445810000179335,0.0011774089998652926,6.682001185254194e-06,0.0011009670015482698,0.0007747640011075418,0.000121118000606657,0.0037237090000417084,0.004472135956630939,0.0020000000000000018,0.8944271913261878,0.0005212798112770849,0.08171440539912611,False,nan,nan,False,False
975,4.875,0.004976870999598759,0.0015350110006693285,6.180998752824962e-06,0.002182807000281173,0.0011064570007874863,0.00010104000102728605,0.0033900420003192266,0.004472135958047012,0.0020000000000000018,0.8944271916094022,0.0017721044587048586,0.08245290953425392,False,nan,nan,False,False
976,4.88,0.004985256000509253,0.0015869889994064579,5.279998731566593e-06,0.0009562450013618218,0.0011431750008341623,0.0001012699995044386,0.0033842520006146515,0.0044721359556286425,0.0020000000000000018,0.8944271911257284,0.009604273707909314,0.08095404904612746,False,nan,nan,False,False
977,4.885,0.0050553490000311285,0.0011241699994570808,6.781998308724724e-06,0.00043913400077144615,0.0007557090011687251,9.643100020184647e-05,0.0038171340002008947,0.004472135955325576,0.0020000000000000018,0.894427191065115,0.005160304706168267,0.08163136175948034,False,nan,nan,False,False
978,4.89,0.005055097999502323,0.001879667999673984,8.896999133867212e-06,0.0010285710013704374,0.0013567869991675252,0.00011241099855396897,0.003009478001331445,0.00447213595808342,0.0020000000000000018,0.8944271916166839,0.004483301097486242,0.08174323647693016,False,nan,nan,False,False
979,4.8950000000000005,0.0049997940004686825,0.0014175600008456968,8.57600025483407e-06,0.0004541629987215856,0.0010439300003781682,7.638399983989075e-05,0.003438723999352078,0.004472135959790358,0.0020000000000000018,0.8944271919580714,0.0016368824258920045,0.07975412766166198,False,nan,nan,False,False
980,4.9,0.004945201000737143,0.0017467889992985874,6.903001121827401e-06,0.0009041269986482803,0.0007833600011508679,0.0006710199995723087,0.003195586999936495,0.004472135955169893,0.0020000000000000018,0.8944271910339785,0.0067189216532717805,0.08165081286950843,False,nan,nan,False,False
981,4.905,0.005059916999016423,0.0016493160001118667,9.33699993765913e-06,0.0003612180007621646,0.0011494870013848413,0.0001063899999280693,0.003204164000635501,0.004472135957108443,0.0020000000000000018,0.8944271914216886,0.003932417645750661,0.08060126657840373,False,nan,nan,False,False
982,4.91,0.004929713000819902,0.0011518009996507317,6.061000021873042e-06,0.0012967939983354881,0.0007599769996886607,9.516899990558159e-05,0.003755588999410975,0.004472135955758131,0.0020000000000000018,0.8944271911516259,0.0021988321885950818,0.07939579934155591,False,nan,nan,False,False
983,4.915,0.005034197998611489,0.0014053980012249667,9.25699896470178e-06,0.0002373549996264046,0.0009447230004298035,0.00011406399971747305,0.0034499550001783064,0.004472135956274806,0.0020000000000000018,0.8944271912549611,0.0009771840396742076,0.08125634406815806,False,nan,nan,False,False
984,4.92,0.004930865001369966,0.0012223539997648913,5.931999112362973e-06,0.001239966999492026,0.0007727300016995287,0.00010326299889129587,0.0037036510002508294,0.004472135957315163,0.0020000000000000018,0.8944271914630325,0.0014846077518136929,0.08182827258898821,False,nan,nan,False,False
985,4.925,0.004994373999579693,0.0010625039994920371,5.300000339047983e-06,0.00011455500134616159,0.0007303110014618142,8.532099855074193e-05,0.0038658160010527354,0.004472135960487362,0.0020000000000000018,0.8944271920974722,0.0031054288478131417,0.08282061627193193,False,nan,nan,False,False
986,4.93,0.005013149000660633,0.001181456998892827,5.590998625848442e-06,0.0011619400011113612,0.0007770479987811996,0.00010941600157821085,0.003750900999875739,0.0044721359550127055,0.0020000000000000018,0.894427191002541,0.009295317640019835,0.08270315100569257,False,nan,nan,False,False
987,4.9350000000000005,0.005049737999797799,0.0015379669985122746,1.0489999112905934e-05,0.0022962000002735294,0.001114421000238508,0.00011024699961126316,0.003355427001224598,0.004472135956627508,0.0020000000000000018,0.8944271913255014,0.0052600291051978125,0.08145659385060541,False,nan,nan,False,False
988,4.94,0.005000114999347716,0.001339955000730697,9.518000297248363e-06,0.00104628299959586,0.00081429800047772,0.0001285010002902709,0.0035574569992604665,0.00447213595544963,0.0020000000000000018,0.894427191089926,0.002288869197129503,0.0824119154505775,False,nan,nan,False,False
989,4.945,0.005139124999914202,0.001362857999993139,8.637000064481981e-06,4.4694001189782284e-05,0.0009635280002839863,0.00010005799958889838,0.0033733010004652897,0.004472135960625554,0.0020000000000000018,0.8944271921251108,0.006435044936694253,0.08148822945280872,False,nan,nan,False,False
990,4.95,0.004815337999389158,0.0012258810002094833,6.7830005718860775e-06,0.0010926309987553395,0.0008646629994473187,8.703400089871138e-05,0.0037073880012030713,0.00447213595750478,0.0020000000000000018,0.8944271915009557,0.0029852594750898035,0.08046998554567289,False,nan,nan,False,False
991,4.955,0.005055708999861963,0.0014019410009495914,9.02700048754923e-06,0.002266383000460337,0.0009578869994584238,0.00010903500151471235,0.003468330000032438,0.004472135955593189,0.0020000000000000018,0.8944271911186377,0.003072991957728957,0.08039895777272822,False,nan,nan,False,False
992,4.96,0.004965129000993329,0.0014366069990501273,6.983000275795348e-06,0.0010478759995748987,0.0010435290005261777,9.975700049835723e-05,0.003471365000223159,0.004472135956195187,0.0020000000000000018,0.8944271912390374,0.0012218180318898874,0.08154219019578123,False,nan,nan,False,False
993,4.965,0.005011836999983643,0.002301860000443412,9.458000931772403e-06,0.002151007998691057,0.001689782000539708,0.00011703900054271799,0.002596202999484376,0.004472135960307608,0.0020000000000000018,0.8944271920615214,0.004579199685155372,0.08045247296232473,False,nan,nan,False,False
994,4.97,0.0049904160005098674,0.0012376029990264215,7.5240004662191495e-06,0.001081169000826776,0.0008407379991695052,8.75549994816538e-05,0.003646965000370983,0.004472135955967943,0.0020000000000000018,0.8944271911935885,0.004992995861882103,0.0803619918788615,False,nan,nan,False,False
995,4.9750000000000005,0.004962233999322052,0.001302594999287976,8.268499914265703e-05,0.002259742001115228,0.0008547240013285773,8.158300079230685e-05,0.003688542999952915,0.004472135955110246,0.0020000000000000018,0.8944271910220489,0.0024642017939404937,0.08141621651441941,False,nan,nan,False,False
996,4.98,0.005244071999186417,0.0012790110013156664,1.8464999811840244e-05,0.0008185859987861477,0.0008535629985999549,7.578299846500158e-05,0.003396153999347007,0.00447213595588866,0.0020000000000000018,0.894427191177732,0.00230855598826837,0.08010566873460916,False,nan,nan,False,False
997,4.985,0.0047382440006913384,0.0011444980009400751,5.4299998737405986e-06,0.0003811959995800862,0.0007762069999444066,0.00010461599958944134,0.0038053419993957505,0.004472135963146627,0.0020000000000000018,0.8944271926293252,0.007230739271060475,0.08050519053255936,False,nan,nan,False,False
998,4.99,0.005014491000110866,0.0010877219992835307,5.550000423681922e-06,0.0008749829994485481,0.0007328150004468625,7.581199861306231e-05,0.0038471000007120892,0.004472135958758991,0.0020000000000000018,0.8944271917517981,0.0034628651186672165,0.08022649384891986,False,nan,nan,False,False
999,4.995,0.0050458910009183455,0.001851053999416763,8.55699909152463e-06,0.000307727999825147,0.0013030560003244318,0.00011622800047916826,0.003055134000533144,0.004472135955438517,0.0020000000000000018,0.8944271910877034,0.004828572184887512,0.0783507220015445,False,nan,nan,False,False
1000,5.0,0.00499725899862824,0.0014919599998393096,7.053000445012003e-06,0.0014164189997245558,0.0010447509994264692,0.00014465200001723133,0.0034083070004271576,0.004472135954999815,0.0020000000000000018,0.8944271909999628,0.002563775139657453,0.08166887965051649,False,nan,nan,False,False
1001,5.005,0.004990156001440482,0.001291954999032896,7.1930007834453136e-06,0.00026895500013779383,0.0008805730012682034,0.0001095750012609642,0.003640082000856637,0.004472135960581445,0.0020000000000000018,0.894427192116289,0.00899510424657157,0.07977201532085858,False,nan,nan,False,False
1002,5.01,0.005063873999461066,0.0013126039993949234,1.2173000868642703e-05,0.0014343019993248163,0.0008098100006463937,7.869799992477056e-05,0.0035499830009939615,0.004472135956947831,0.0020000000000000018,0.8944271913895662,0.0036573714185652107,0.07907325853150575,False,nan,nan,False,False
1003,5.015,0.004963616998793441,0.0014382590015884489,7.493999873986468e-06,0.0001808199995139148,0.0010326379997422919,0.00010598900007607881,0.0034400969998387154,0.00447213596441575,0.0020000000000000018,0.89442719288315,0.006328073832539188,0.08016632267117714,False,nan,nan,False,False
1004,5.0200000000000005,0.004985877001672634,0.0012818559989682399,7.102999006747268e-06,0.0012996189998375485,0.000800403000539518,0.00012129800052207429,0.003664939000373124,0.004472135955597669,0.0020000000000000018,0.8944271911195337,0.008682730781818585,0.07966808798387066,False,nan,nan,False,False
1005,5.025,0.005041522999817971,0.0011592760001803981,7.945000106701627e-06,0.00015162399904511403,0.0007709969995630672,9.206300092046149e-05,0.0036782629995286698,0.0044721359567650954,0.0020000000000000018,0.894427191353019,0.0021009298873184016,0.08103353007998325,False,nan,nan,False,False
1006,5.03,0.004906848998871283,0.001100957000744529,6.092001058277674e-06,0.001182349000373506,0.0007571610003651585,8.731299931241665e-05,0.003833184000541223,0.004472135959930941,0.0020000000000000018,0.894427191986188,0.003374180590217136,0.07985267291935831,False,nan,nan,False,False
1007,5.035,0.005088961999717867,0.001096077001420781,6.000998837407678e-06,3.2902000384638086e-05,0.000723687999197864,0.00011336200077494141,0.003782919999139267,0.0044721359579529595,0.0020000000000000018,0.8944271915905918,0.001899530112477662,0.08067132097464579,False,nan,nan,False,False
1008,5.04,0.004962734001310309,0.001249344999450841,7.0139994932105765e-06,0.001130000999182812,0.0008839490001264494,8.378699931199662e-05,0.0036693969996122178,0.004472135957007972,0.0020000000000000018,0.8944271914015943,0.0011400444608704486,0.08072857003347683,False,nan,nan,False,False
1009,5.045,0.005009642998629715,0.0014695879999635508,1.064000025507994e-05,0.002161938000426744,0.0010737449993030168,9.269399924960453e-05,0.0034437040012562647,0.0044721359553316735,0.0020000000000000018,0.8944271910663346,0.0075411493820452275,0.08143017786868535,False,nan,nan,False,False
1010,5.05,0.005003331001717015,0.0013859109985787654,7.313999958569184e-06,0.0010618830001476454,0.0009851490012806607,9.758300075191073e-05,0.0034523600006650668,0.0044721359557247115,0.0020000000000000018,0.8944271911449422,0.005401382547906436,0.08049707632359177,False,nan,nan,False,False
1011,5.055,0.004959066998708295,0.0017280339998251293,7.574000846943818e-06,0.00020909299928462133,0.0011384959998395061,0.0001728349998302292,0.0032276170004479354,0.0044721359552779855,0.0020000000000000018,0.894427191055597,0.0012253268660722973,0.08198749324394496,False,nan,nan,False,False
1012,5.0600000000000005,0.005063874999905238,0.001328864000242902,9.14699921850115e-06,0.0013494319991878,0.0009543409996695118,7.288699998753145e-05,0.00350119100039592,0.00447213595929447,0.0020000000000000018,0.894427191858894,0.005843824148959599,0.08264378167423761,False,nan,nan,False,False
1013,5.065,0.004894125000646454,0.000578736999159446,4.8389993025921285e-06,0.00011967499995080288,0.00038658599987684283,5.273899841995444e-05,0.004351457000666414,0.004472135959229107,0.0020000000000000018,0.8944271918458213,5.9885446529662394e-05,0.07893989969146072,False,nan,nan,False,False
1014,5.07,0.004988724000213551,0.0007869170003687032,4.7890007408568636e-06,0.0012004529999103397,0.0005289519995130831,6.330899850581773e-05,0.004171739999947022,0.0044721359551353765,0.0020000000000000018,0.8944271910270752,0.006385947675230025,0.0837080229186102,False,nan,nan,False,False
1015,5.075,0.005033145998822874,0.0010784640016936464,7.05399907019455e-06,0.002319413999430253,0.0008320319993799785,5.814899850520305e-05,0.0038512089995492715,0.004472135965663815,0.0020000000000000018,0.8944271931327628,0.010959678475246743,0.07969892649946461,False,nan,nan,False,False
1016,5.08,0.005008771000575507,0.0011113960008515278,6.4420000853715464e-06,0.0011080099993705517,0.0007469819993275451,9.712199971545488e-05,0.003827704000286758,0.004472135955316082,0.0020000000000000018,0.8944271910632163,0.010225477753108909,0.08123016098154445,False,nan,nan,False,False
1017,5.085,0.005022397001084755,0.0013660939985129517,7.644001016160473e-06,0.0022078239999245852,0.0009954880006262101,9.015899922815152e-05,0.0035618950005300576,0.004472135956031479,0.0020000000000000018,0.8944271912062958,0.0017145950771322348,0.08054680485375029,False,nan,nan,False,False
1018,5.09,0.005051019999882556,0.0018857790000765817,8.916000297176652e-06,0.0010715709995565703,0.0013296560009621317,0.00011712999912560917,0.0029803639990859665,0.004472135955004109,0.0020000000000000018,0.8944271910008218,0.003588329686637562,0.07843025525092516,False,nan,nan,False,False
1019,5.095,0.004956191998644499,0.0016023980006139027,8.064998837653548e-06,0.002139244999852963,0.0011140200003865175,0.0001149159998021787,0.0033089900007325923,0.004472135966359962,0.0020000000000000018,0.8944271932719923,0.012496055464051886,0.08011323767885105,False,nan,nan,False,False
1020,5.1000000000000005,0.004994194001483265,0.0011752559985325206,6.201000360306352e-06,0.0009617249997972976,0.0007791019997966941,0.00010831299914570991,0.0037418530009745155,0.0044721359563508496,0.0020000000000000018,0.8944271912701699,0.01714801933304136,0.08037192764879596,False,nan,nan,False,False
1021,5.105,0.0050266739999642596,0.0013000299986742903,9.046998457051814e-06,0.0004515170003287494,0.0008269119989563478,9.719300032884348e-05,0.0035803500013571465,0.004472135955171492,0.0020000000000000018,0.8944271910342982,0.002828986394720346,0.07840403011854159,False,nan,nan,False,False
1022,5.11,0.004965829999491689,0.0016915249998419313,6.62200000078883e-06,0.000987792998785153,0.0011942520013690228,0.00011169999925186858,0.0032317360000888584,0.004472135956432249,0.0020000000000000018,0.8944271912864498,0.002959499906424358,0.07845510850244868,False,nan,nan,False,False
1023,5.115,0.005010464999941178,0.00145764499939105,6.8329991336213425e-06,0.0021191469986661104,0.0009639590007282095,0.0001238429995282786,0.003473319000477204,0.004472135955005682,0.0020000000000000018,0.8944271910011362,0.004823385004033527,0.07981096452861466,False,nan,nan,False,False
1024,5.12,0.00503831599962723,0.0016756850000092527,8.766999599174596e-06,0.0008357780006917892,0.0010896250005316688,0.00013743800082011148,0.0031964800000423566,0.004472135956134522,0.0020000000000000018,0.8944271912269043,0.0037347247415060137,0.07951215414589588,False,nan,nan,False,False
1025,5.125,0.004931585999656818,0.0007231470008264296,4.478000846575014e-06,0.00021990300047036726,0.0004705930005002301,7.18749997759005e-05,0.004195614999844111,0.0044721359551070745,0.0020000000000000018,0.8944271910214149,0.002789848774607337,0.07958813063860176,False,nan,nan,False,False
1026,5.13,0.00497948600059317,0.0009012819991767174,5.038999006501399e-06,0.000775906999479048,0.0006001570000080392,7.21950000297511e-05,0.004055551000419655,0.004472135958885455,0.0020000000000000018,0.894427191777091,0.006216938413582215,0.07992343262182282,False,nan,nan,False,False
1027,5.135,0.0050510999990365235,0.001654716001212364,7.07300023350399e-06,0.0002917670008173445,0.0011622120000538416,0.00010187100087932777,0.0032591669987596106,0.004472135955112456,0.0020000000000000018,0.8944271910224911,0.00872815762232756,0.07920514187565318,False,nan,nan,False,False
1028,5.14,0.005008571000871598,0.001239126000655233,6.9929992605466396e-06,0.0008948489994509146,0.0008126660013658693,0.00010090899922943208,0.0036752779997186735,0.004472135955835479,0.0020000000000000018,0.8944271911670957,0.004729606239155015,0.08055143931889243,False,nan,nan,False,False
1029,5.1450000000000005,0.0050191099999210564,0.0013369389998842962,7.414000720018521e-06,0.0003002539997396525,0.0009351850003440632,8.799500028544571e-05,0.00354101700031606,0.004472135957530099,0.0020000000000000018,0.8944271915060197,0.002559124846061888,0.08152100697741799,False,nan,nan,False,False
1030,5.15,0.004962684999554767,0.0013296650013217004,6.592999852728099e-06,0.001320018000114942,0.0009460959990974516,0.00010577899956842884,0.0035908499994548038,0.004472135955140313,0.0020000000000000018,0.8944271910280623,0.004598655102356285,0.08146998595154664,False,nan,nan,False,False
1031,5.155,0.0050192800008517224,0.0011600269990594825,7.313999958569184e-06,0.00019416500072111376,0.0007745439997961512,0.00011380400064808782,0.0037387780012068106,0.004472135957618831,0.0020000000000000018,0.8944271915237662,0.004703252518013479,0.08113732389730854,False,nan,nan,False,False
1032,5.16,0.004981169000529917,0.001242231999640353,6.672999006696045e-06,0.0012208919997647172,0.0007469520005543018,8.611100020061713e-05,0.003651893999631284,0.004472135955361074,0.0020000000000000018,0.8944271910722147,0.0038479133975017734,0.0802988552356785,False,nan,nan,False,False
1033,5.165,0.0049438589994679205,0.0011302719995001098,4.118001015740447e-06,8.356699981959537e-05,0.0006923090004420374,0.0001015109992295038,0.0038470500003313646,0.0044721359565452045,0.0020000000000000018,0.8944271913090408,0.002428624124407115,0.080150200938906,False,nan,nan,False,False
1034,5.17,0.005074524999145069,0.0013311380007507978,7.673999789403751e-06,0.0013211299992690329,0.0007779100014886353,0.00010090999967360403,0.0035491919988999143,0.004472135955029911,0.0020000000000000018,0.8944271910059821,0.005361891289064273,0.08056793393275549,False,nan,nan,False,False
1035,5.175,0.0049372060002497165,0.001049029000569135,5.149999196873978e-06,0.00013498400039679836,0.0007274850013345713,7.631399967067409e-05,0.003911652000169852,0.0044721359563854,0.0020000000000000018,0.8944271912770798,0.005112128386062727,0.08170554737445491,False,nan,nan,False,False
1036,5.18,0.005052673999671242,0.00118741799997224,6.591999408556148e-06,0.0012875560005340958,0.0007669189999433002,0.00010451599882799201,0.003715494000061881,0.004472135955044021,0.0020000000000000018,0.8944271910088041,0.0036558784193028502,0.07921947360617952,False,nan,nan,False,False
1037,5.1850000000000005,0.0050198310000268975,0.0014339720000862144,8.506000085617416e-06,0.00018117000035999808,0.0008925050005927915,0.00015382899982796516,0.003447971001151018,0.004472135955498652,0.0020000000000000018,0.8944271910997303,0.0034699238790180786,0.08021359425367108,False,nan,nan,False,False
1038,5.19,0.004946675000610412,0.0009419279995199759,5.3700005082646385e-06,0.0012449169989849906,0.0006455710008594906,7.237600038934033e-05,0.004010526999991271,0.004472135957385861,0.0020000000000000018,0.8944271914771722,0.008516236020243982,0.08030146360865908,False,nan,nan,False,False
1039,5.195,0.005021765000492451,0.0009214689998771064,5.720999979530461e-06,0.00011667899889289401,0.0007252110008266754,4.902199907519389e-05,0.003986682999311597,0.0044721359551302105,0.0020000000000000018,0.8944271910260421,0.004476514077441019,0.08034154386402087,False,nan,nan,False,False
1040,5.2,0.004991177998817875,0.0014094150010350859,6.5420008468208835e-06,0.0012107029997423524,0.0009422380007890752,9.963600132323336e-05,0.003525086000081501,0.004472135955007009,0.0020000000000000018,0.8944271910014017,0.0016932238961747518,0.07954040890659751,False,nan,nan,False,False
1041,5.205,0.005020112001147936,0.001894596000056481,6.121999831520952e-06,0.0001372379992972128,0.0014193739989423193,0.00010236300113319885,0.0030090179989201715,0.004472135955000666,0.0020000000000000018,0.8944271910001331,0.0002015200153333862,0.08183948154278593,False,nan,nan,False,False
1042,5.21,0.004986338999515283,0.0014962580007704673,6.5019994508475065e-06,0.0011500889995659236,0.001015395999274915,0.00011086800077464432,0.0034454869983164826,0.0044721359564668375,0.0020000000000000018,0.8944271912933673,0.00470676630598553,0.08212776357404318,False,nan,nan,False,False
1043,5.215,0.005022507000830956,0.0014634159997513052,6.622998625971377e-06,0.00013304899948707316,0.0009297550004703226,0.00018329500016989186,0.0034314909989916487,0.004472135955217908,0.0020000000000000018,0.8944271910435815,0.0028147193069224126,0.08213086531947945,False,nan,nan,False,False
1044,5.22,0.004959988998962217,0.0015941620004014112,5.5799991969252005e-06,0.0011993710013484815,0.001006879998385557,0.00011393299973860849,0.0033770179998100502,0.004472135960717522,0.0020000000000000018,0.8944271921435043,0.007278312242385166,0.08006567324487786,False,nan,nan,False,False
1045,5.2250000000000005,0.005052733000411536,0.0011512210003274959,6.111999027780257e-06,0.00012787000014213845,0.0007947119993332308,8.722399979887996e-05,0.0037146519989619264,0.004472135956020126,0.0020000000000000018,0.8944271912040253,0.012867534888866215,0.08104392890208077,False,nan,nan,False,False
1046,5.23,0.004914825000014389,0.0009576569991622819,3.6969995562685654e-06,0.001168904000223847,0.0006565319999936037,6.888899952173233e-05,0.004041977001179475,0.00447213595535732,0.0020000000000000018,0.8944271910714637,0.006084255871740345,0.08121917067769831,False,nan,nan,False,False
1047,5.235,0.005081326999061275,0.0013626070012833225,6.332000339170918e-06,0.00013358100113691762,0.0008872750004229601,8.959800106822513e-05,0.003540174999216106,0.0044721359577296615,0.0020000000000000018,0.8944271915459322,0.003987945477690992,0.08032997301993915,False,nan,nan,False,False
1048,5.24,0.00501814800009015,0.0018281419997947523,8.345999958692119e-06,0.0012762959995598067,0.0013733979994867695,9.752300138643477e-05,0.003056787001696648,0.004472135955050799,0.0020000000000000018,0.8944271910101597,0.0053944592756683075,0.08018324147681502,False,nan,nan,False,False
1049,5.245,0.004993813001419767,0.0014921409983799094,8.966999303083867e-06,0.002289738000399666,0.001087329999791109,0.00010612900041451212,0.0033778400011215126,0.004472135956142307,0.0020000000000000018,0.8944271912284613,0.003187807791393734,0.07907092356919725,False,nan,nan,False,False
1050,5.25,0.004955640999469324,0.0011954239998885896,6.882999514346011e-06,0.0011682730000757147,0.0007721189995208988,0.00011619899851211812,0.0037328769994928734,0.004472135955461385,0.0020000000000000018,0.8944271910922769,0.001473173364710084,0.07889031317453153,False,nan,nan,False,False
1051,5.255,0.005048906999945757,0.0018885850004153326,9.958999726222828e-06,0.0023311860004469054,0.0013350760000321316,0.00013240900079836138,0.00300952799989318,0.004472135955849591,0.0020000000000000018,0.8944271911699181,0.0060584877358308645,0.08007733654990061,False,nan,nan,False,False
1052,5.26,0.004999253000278259,0.0016257509996648878,8.196000635507517e-06,0.0011261830004514195,0.001031966998198186,0.00012147799861850217,0.003244749999794294,0.004472135955025208,0.0020000000000000018,0.8944271910050414,0.0028821772850809607,0.08042668938962101,False,nan,nan,False,False
1053,5.265,0.004953867999574868,0.001284230000237585,6.301999746938236e-06,0.002131781000571209,0.0009329509994131513,8.318599975609686e-05,0.003623209999204846,0.004472135955805848,0.0020000000000000018,0.8944271911611695,0.0040023696915941305,0.08125841234373295,False,nan,nan,False,False
1054,5.2700000000000005,0.00497698099934496,0.0014467950004473096,5.43999885849189e-06,0.0009019130011438392,0.001017148999380879,0.00010228199971606955,0.0035166609995940235,0.004472135957361955,0.0020000000000000018,0.8944271914723908,0.0024176115944418933,0.0804435134192747,False,nan,nan,False,False
1055,5.275,0.005063182999947458,0.001497050001489697,7.743999958620407e-06,0.0003704449991346337,0.0010134120002476266,0.00013008400128455833,0.003383930999916629,0.004472135955067011,0.0020000000000000018,0.8944271910134022,0.00483210404588753,0.08149003789940241,False,nan,nan,False,False
1056,5.28,0.0049612620005063945,0.0013523779998649843,6.272000973694958e-06,0.0008945079989644,0.0009660329997132067,8.749399967200588e-05,0.003560622999430052,0.004472135955010912,0.0020000000000000018,0.8944271910021823,0.000579683211817723,0.08020665833166062,False,nan,nan,False,False
1057,5.285,0.004990867000742583,0.0010566029995970894,5.541000064113177e-06,0.0002573329984443262,0.000733998000214342,7.632400047441479e-05,0.003855906999888248,0.004472135958727181,0.0020000000000000018,0.8944271917454362,0.0069011337688961475,0.078914710620653,False,nan,nan,False,False
1058,5.29,0.004970378999132663,0.0014337009997689165,4.628000169759616e-06,0.00134129700018093,0.0009076839996851049,0.0001370070003758883,0.0035289130009914516,0.004472135955795505,0.0020000000000000018,0.8944271911591009,0.003928816941187082,0.08016920901363381,False,nan,nan,False,False
1059,5.295,0.0050485259998822585,0.0014159769998514093,6.591999408556148e-06,0.0002158150000468595,0.0009800190000532893,0.00010464600018167403,0.0034894489999715006,0.004472135955028083,0.0020000000000000018,0.8944271910056164,0.0027363252868071765,0.08019627256127625,False,nan,nan,False,False
1060,5.3,0.004978183000275749,0.0016339070007234113,5.4700012697139755e-06,0.001263201000256231,0.00120488100037619,0.00010460600060469005,0.003291406999778701,0.0044721359560122,0.0020000000000000018,0.8944271912024401,0.003168130474260852,0.07814498187951781,False,nan,nan,False,False
1061,5.305,0.00499976399987645,0.0013211500008765142,5.981000867905095e-06,0.00011844199980259873,0.0008998689991130959,9.321499965153635e-05,0.0036043949985469226,0.004472135956663076,0.0020000000000000018,0.8944271913326153,0.0010723802638533233,0.07986100098689065,False,nan,nan,False,False
1062,5.3100000000000005,0.00500047500099754,0.0015101249991857912,5.609999789157882e-06,0.0011862159990414511,0.0010928510000667302,9.542900079395622e-05,0.0034156809997512028,0.004472135955284985,0.0020000000000000018,0.894427191056997,0.006900110829816107,0.07867876152199578,False,nan,nan,False,False
1063,5.315,0.0050160549999418436,0.0015296410001610639,8.004999472177587e-06,0.0022631080009887228,0.001105614999687532,0.00010511700020288117,0.003386976999536273,0.004472135956841234,0.0020000000000000018,0.8944271913682467,0.0031127913879673043,0.07901672837967509,False,nan,nan,False,False
1064,5.32,0.004989944998669671,0.001479337001001113,5.710000550607219e-06,0.001076611000826233,0.0009592709993739845,0.00010281299910275266,0.0034400770000502234,0.004472135958596104,0.0020000000000000018,0.8944271917192207,0.012307969677688584,0.08083034608409138,False,nan,nan,False,False
1065,5.325,0.0049909480003407225,0.0015702569999120897,5.601001248578541e-06,0.0021697419997508405,0.0011361319993739016,0.00012057599997206125,0.0033619700006966013,0.004472135956062338,0.0020000000000000018,0.8944271912124676,0.0032743444249684816,0.07961284384531662,False,nan,nan,False,False
1066,5.33,0.005009521999454591,0.0015879110014793696,5.740999768022448e-06,0.0009684169999673031,0.0011226869992242428,0.0001263169997400837,0.0033354099996358855,0.004472135955431082,0.0020000000000000018,0.8944271910862163,0.0014148853138939825,0.08043276232700426,False,nan,nan,False,False
1067,5.335,0.005001848001484177,0.001374048999423394,6.141000994830392e-06,0.0003443469995545456,0.0009444120005355217,9.441700058232527e-05,0.003547177999280393,0.00443313618493575,0.0020000000000000018,0.88662723698715,3.5518856605070144,0.08077061054965486,False,nan,nan,False,False
1068,5.34,0.004997469999580062,0.001537264999569743,6.081001629354432e-06,0.0013792589998047333,0.0011165060004714178,9.875599971564952e-05,0.0033731610001268564,0.0043985983963136695,0.0020000000000000018,0.8797196792627339,3.2615841997134605,0.08136886344058589,False,nan,nan,False,False
1069,5.345,0.004970639000021038,0.0009601620004104916,4.579000233206898e-06,0.00025091099996643607,0.0006685850003123051,6.80779994581826e-05,0.003971774998717592,0.004339076179378784,0.0020000000000000018,0.8678152358757568,5.9248725126651625,0.07972179058349607,False,nan,nan,False,False
1070,5.3500000000000005,0.0049900159992830595,0.0010591379996185424,4.66900019091554e-06,0.0012784089994966052,0.0007292889986274531,8.059099855017848e-05,0.0038845610015414422,0.004294899926433563,0.0020000000000000018,0.8589799852867126,4.700776958500215,0.07997695325033738,False,nan,nan,False,False
1071,5.355,0.00500268900032097,0.0010142139999516075,5.40000110049732e-06,0.00017630100046517327,0.0006985009986237856,7.455000013578683e-05,0.003923504000340472,0.004232909672101485,0.0020000000000000018,0.8465819344202969,7.171006698215026,0.08001137512989394,False,nan,nan,False,False
1072,5.36,0.004993141999875661,0.0010527859994908795,4.708999767899513e-06,0.0012601050002558623,0.000720312000339618,9.028000022226479e-05,0.00389878800160659,0.0041918204545576924,0.0020000000000000018,0.8383640909115384,5.248344487358971,0.07748471069971041,False,nan,nan,False,False
1073,5.365,0.005040289999669767,0.0014166190012474544,6.773001587134786e-06,0.00015957899995555636,0.0009672859996499028,9.922599929268472e-05,0.0034993579993169988,0.004136347135417335,0.0020000000000000018,0.8272694270834668,8.01093054355719,0.08026732793118999,False,nan,nan,False,False
1074,5.37,0.004972693001036532,0.00110338099875662,4.618999810190871e-06,0.0012349179996817838,0.000722806000339915,7.25860008969903e-05,0.003877758001181064,0.004100356346683976,0.0020000000000000018,0.8200712693367952,6.065733459921025,0.08018455674121941,False,nan,nan,False,False
1075,5.375,0.005037664999690605,0.0009773149995453423,4.4480002543423325e-06,9.500799933448434e-05,0.0006765899997844826,7.076300062180962e-05,0.0039231629998539574,0.004061875276491436,0.0020000000000000018,0.812375055298287,7.813698227194784,0.07749681565663925,False,nan,nan,False,False
1076,5.38,0.004968896000718814,0.001090766998459003,5.300000339047983e-06,0.001187208999908762,0.0007566100011899834,7.930900028441101e-05,0.00395219800157065,0.004036991054873045,0.0020000000000000018,0.8073982109746088,6.441210244301721,0.07834403930665754,False,nan,nan,False,False
1077,5.385,0.005171015998712392,0.0017267000002902932,8.585999239585362e-06,0.00019629800044640433,0.0012058539996360196,0.0001170900013676146,0.0030540530005964683,0.004014923387804846,0.0020000000000000018,0.8029846775609691,7.976110842833978,0.07651600805333933,False,nan,nan,False,False
1078,5.39,0.004860883000219474,0.0011492869998619426,5.951000275672413e-06,0.0011272859992459416,0.0007674300013604807,0.00010568799916654825,0.0037535949995799456,0.0040041758441481,0.0020000000000000018,0.80083516882962,6.520953812385132,0.07681617733369844,False,nan,nan,False,False
1079,5.3950000000000005,0.004967021999618737,0.0012060040007781936,6.521999239339493e-06,0.002196071998696425,0.0008472800000163261,0.00010261299939884339,0.003730451999217621,0.004000003433780442,0.0020000000000000018,0.8000006867560884,7.103315775435164,0.07435635947408605,False,nan,nan,False,False
1080,5.4,0.004997500000172295,0.001148164999904111,5.070000042906031e-06,0.0010361650001868838,0.0008256799992523156,7.867800013627857e-05,0.0037912460011284566,0.004004285484209356,0.0020000000000000018,0.8008570968418712,7.617937079422146,0.0760618181496926,False,nan,nan,False,False
1081,5.405,0.004998602000341634,0.0011961849995714147,4.0979994082590565e-06,0.002141549999578274,0.0008603450005466584,8.17239997559227e-05,0.003734850000910228,0.004001646796224749,0.0020000000000000018,0.8003293592449497,12.000000034785918,0.07329697181963876,False,nan,nan,False,False
1082,5.41,0.004982221000318532,0.001102730000638985,4.397999873617664e-06,0.000998604000415071,0.0007888609998190077,7.024099977570586e-05,0.0038466899986815406,0.003965206988025147,0.0020000000000000018,0.7930413976050292,12.86063711834669,0.07256426302822648,False,nan,nan,False,False
1083,5.415,0.005022245999498409,0.0013341750000108732,5.26000076206401e-06,0.002090884001518134,0.0009647409988247091,7.69340003898833e-05,0.0036058469995623454,0.004063363976254703,0.0020000000000000018,0.8126727952509407,12.860637498452457,0.07249140305694292,False,nan,nan,False,False
1084,5.42,0.005019221000111429,0.0012009839992970228,6.271999154705554e-06,0.0009428800003661308,0.000843202000396559,9.70820001384709e-05,0.0037325360008253483,0.0040214489845199096,0.0020000000000000018,0.8042897969039818,12.000000246972471,0.07248463202768898,False,nan,nan,False,False
1085,5.425,0.005053094000686542,0.0017426710001018364,9.067000064533204e-06,0.00035581799966166727,0.001191707000543829,0.00012051599878759589,0.003144352000163053,0.004001646795165273,0.0020000000000000018,0.8003293590330545,12.00000029670268,0.0722308373216887,False,nan,nan,False,False
1086,5.43,0.00497366499985219,0.001207495999551611,6.573000064236112e-06,0.0008055520011112094,0.0008013040005607763,0.00010547800047788769,0.0036834439997619484,0.004021448983971423,0.0020000000000000018,0.8042897967942846,12.000000160635514,0.07105164945931244,False,nan,nan,False,False
1087,5.4350000000000005,0.004961622000337229,0.0010720629998104414,5.470999894896522e-06,0.00020912200125167146,0.0007364520006376551,7.857700074964669e-05,0.0038496449997182935,0.0038877546683557924,0.0020000000000000018,0.7775509336711585,17.219272580023983,0.07209249638628974,False,nan,nan,False,False
1088,5.44,0.004980137999154977,0.001103230000808253,4.07699917559512e-06,0.0012521400003606686,0.0007013560007180786,7.40590003260877e-05,0.003836089999822434,0.0038920160459082025,0.0020000000000000018,0.7784032091816404,4.949568405830688,0.06974053904494312,False,nan,nan,False,False
1089,5.445,0.0049960769993049325,0.0010538770002312958,4.437999450601637e-06,0.00017093099995690864,0.0007207829985418357,8.368699855054729e-05,0.0039060920007614186,0.0038427009592543345,0.0020000000000000018,0.7685401918508669,12.002698919125534,0.07050072199020566,False,nan,nan,False,False
1090,5.45,0.0050356910014670575,0.001163703998827259,5.83099972573109e-06,0.0012970139996468788,0.0007302699996216688,9.838400001171976e-05,0.0037692550013161963,0.003843936158470379,0.0020000000000000018,0.7687872316940756,12.225597798176612,0.0716517028822453,False,nan,nan,False,False
1091,5.455,0.005020773000069312,0.0011588549987209262,6.872998710605316e-06,0.00014171700058795977,0.0007817369987606071,9.763399975781795e-05,0.0037523030005104374,0.0038678929651502015,0.0020000000000000018,0.7735785930300403,12.000083888022317,0.07181190594180234,False,nan,nan,False,False
1092,5.46,0.0049996039997495245,0.0011866069999086903,7.344000550801866e-06,0.001216362999912235,0.0007695650001551257,0.00011513600111356936,0.0037402099987957627,0.0036476639332278034,0.0020000000000000018,0.7295327866455606,20.784610038057316,0.07295198852298328,False,nan,nan,False,False
1093,5.465,0.005054867999206181,0.0015524829996138578,1.10910004877951e-05,0.002349850999962655,0.0011178879994986346,0.00011231100143049844,0.0033009060007316293,0.0035782865852937843,0.0020000000000000018,0.7156573170587568,17.710971728036977,0.07119997717222795,False,nan,nan,False,False
1094,5.47,0.0049440090006100945,0.0008659249997435836,6.923000910319388e-06,0.001038409000102547,0.0005774239998572739,8.247500045399647e-05,0.004059258999404847,0.003495735242539505,0.0020000000000000018,0.699147048507901,13.514567089571552,0.07256396864623581,False,nan,nan,False,False
1095,5.4750000000000005,0.005037585000536637,0.000978926998868701,8.23499976831954e-06,0.0022623460008617258,0.0006798849990445888,8.286599950224627e-05,0.003886765000061132,0.0035456840352226663,0.0020000000000000018,0.7091368070445332,12.109810514680042,0.06954866646400867,False,nan,nan,False,False
1096,5.48,0.004946092998579843,0.0011361329998180736,6.3419993239222094e-06,0.0009337020001112251,0.0006881209992570803,0.00010880399895540904,0.0037701960009144386,0.003382726310239659,0.0020000000000000018,0.6765452620479318,20.784609698965106,0.06850836998314806,False,nan,nan,False,False
1097,5.485,0.004957574999934877,0.0012446159998944495,3.716999344760552e-06,0.0019771309998759534,0.0007640040003025206,9.977700028684922e-05,0.0036998340001446195,0.00327560729982743,0.0020000000000000018,0.655121459965486,16.98339372255901,0.06757099829075071,False,nan,nan,False,False
1098,5.49,0.004988713000784628,0.000937249000344309,3.887000275426544e-06,0.0009047379990079207,0.0005840069989062613,6.450099863286596e-05,0.004012741999758873,0.0032255409958046196,0.0020000000000000018,0.6451081991609239,14.568536793231619,0.06537226446492546,False,nan,nan,False,False
1099,5.495,0.00499141900036193,0.0009411959999852115,3.347000529174693e-06,0.0020468319999054074,0.0006833020015619695,6.224699973245151e-05,0.00401824199980183,0.003268522497663429,0.0020000000000000018,0.6537044995326858,12.093265038696932,0.06392324702507587,False,nan,nan,False,False
1100,5.5,0.0050006749988824595,0.0008905720005714102,3.486000423436053e-06,0.0009066910006367834,0.0005665240005328087,6.484099867520854e-05,0.0040861289999156725,0.0031943032833883643,0.0020000000000000018,0.6388606566776728,20.784609965293974,0.06369295145229169,False,nan,nan,False,False
1101,5.505,0.005044989000452915,0.001697636000244529,5.360001523513347e-06,0.0021024059988121735,0.0012293670006329194,0.0001259969994862331,0.0033023390005837427,0.0031266834430879868,0.0020000000000000018,0.6253366886175974,13.981539933957157,0.05842238072779164,False,nan,nan,False,False
1102,5.51,0.005108839000968146,0.0017009819985105423,8.655999408802018e-06,0.0010671929994714446,0.0014073210004426073,3.433399979257956e-05,0.003129414000795805,0.003011338666980267,0.0020000000000000018,0.6022677333960534,20.78460969098309,0.057308952296746186,False,nan,nan,False,False
1103,5.515,0.004900407999230083,0.0005793170003016712,4.658999387174845e-06,0.0003572610003175214,0.000398227999539813,4.898200131719932e-05,0.004327180999098346,0.0030897730767200306,0.0020000000000000018,0.6179546153440061,17.420920947121484,0.05693364781201721,False,nan,nan,False,False
1104,5.5200000000000005,0.004968535000443808,0.0009176419989671558,4.588000592775643e-06,0.0008457469994027633,0.0005802790001325775,6.315899918263312e-05,0.004023450999738998,0.002920767181219006,0.0020000000000000018,0.5841534362438011,20.784609902895586,0.05694887033641285,False,nan,nan,False,False
1105,5.525,0.004993821999960346,0.0006111980001151096,3.757000740733929e-06,0.00030237799910537433,0.000435918000221136,4.6877999920980074e-05,0.004336498999691685,0.0028762428112093326,0.0020000000000000018,0.5752485622418664,14.169883583640305,0.05672693414755603,False,nan,nan,False,False
1106,5.53,0.005020873999455944,0.000934694000534364,5.399999281507917e-06,0.0007707469994784333,0.0005982729999232106,0.00012512500143202487,0.004011940000054892,0.002866240154655595,0.0020000000000000018,0.573248030931119,9.846731370785706,0.05672670729222512,False,nan,nan,False,False
1107,5.535,0.005034449000959285,0.001046033999955398,6.431999281630851e-06,0.00030236800012062304,0.0007022890004009241,0.00010283300071023405,0.003847881998808589,0.002867963597629643,0.0020000000000000018,0.5735927195259287,18.8608666504388,0.05687467766704173,False,nan,nan,False,False
1108,5.54,0.004933018999508931,0.0005178119990887353,4.028001058031805e-06,0.0007807460006006295,0.000340729999152245,5.089600017527118e-05,0.004450301999895601,0.002901522675083856,0.0020000000000000018,0.5803045350167712,16.978698579184424,0.05657536501932216,False,nan,nan,False,False
1109,5.545,0.005032594999647699,0.0009235340003215242,5.23999915458262e-06,0.00023350800074695144,0.0006384480002452619,7.012099922576454e-05,0.004022420000183047,0.0029821341674855346,0.0020000000000000018,0.5964268334971069,20.784610058740384,0.056102530506131454,False,nan,nan,False,False
1110,5.55,0.005027396999139455,0.0009519459999864921,5.960999260423705e-06,0.0013342949987418251,0.0006477459992311196,6.751700129825622e-05,0.003945856000427739,0.0031420046196946254,0.0020000000000000018,0.628400923938925,20.7846096909404,0.05703012595532753,False,nan,nan,False,False
1111,5.555,0.004940532000546227,0.0008458280008198926,3.597000613808632e-06,0.00012885100113635417,0.0005819630005134968,6.856800064269919e-05,0.0041170169988618,0.0032623247125545037,0.0020000000000000018,0.6524649425109007,20.78461020409389,0.05401622133187689,False,nan,nan,False,False
1112,5.5600000000000005,0.005021594999561785,0.0008664060005685315,4.60900082543958e-06,0.0012262420004844898,0.0005985629995848285,6.349900104396511e-05,0.004068465999807813,0.0034573591170464395,0.0020000000000000018,0.6914718234092879,20.78460974954671,0.051681020039154764,False,nan,nan,False,False
1113,5.565,0.004982412001481862,0.0008738199994695606,3.858000127365813e-06,8.612099918536842e-05,0.0005900870000914438,6.62239999655867e-05,0.004092270999535685,0.003670862595832647,0.0020000000000000018,0.7341725191665294,18.982345438909103,0.05343873036404646,False,nan,nan,False,False
1114,5.57,0.0050396789993101265,0.001188180000099237,5.990999852656387e-06,0.001177259000542108,0.0008363699998881202,0.00010909500088018831,0.003765646999454475,0.003625891972842915,0.0020000000000000018,0.725178394568583,16.970562768275794,0.05360083452601417,False,nan,nan,False,False
1115,5.575,0.00507123799980036,0.001381121999656898,1.0109000868396834e-05,0.002298433999385452,0.0009604019996913848,0.00010578799992799759,0.0036829930013482226,0.0035468772986500382,0.0020000000000000018,0.7093754597300076,12.910666371404659,0.05423832407270227,False,nan,nan,False,False
1116,5.58,0.005366662000596989,0.00094848099979572,4.498999260249548e-06,0.0008401470004173461,0.0006777119997423142,6.415999996534083e-05,0.003526258000420057,0.0034806814442043654,0.0020000000000000018,0.696136288840873,16.970562976850694,0.05889921786109274,False,nan,nan,False,False
1117,5.585,0.004521236000073259,0.0008731889993214281,3.456001650192775e-06,0.0020804150008189026,0.0006240820002858527,5.686700023943558e-05,0.004085407999809831,0.003501131888987947,0.0020000000000000018,0.7002263777975893,14.73676078719032,0.061555142681667854,False,nan,nan,False,False
1118,5.59,0.005023698999139015,0.0007729910012130858,4.969000656274147e-06,0.0009763920006662374,0.0005201259991736151,6.59039997117361e-05,0.004161610999290133,0.0035094714588309347,0.0020000000000000018,0.7018942917661869,12.000421524359009,0.06258293580058695,False,nan,nan,False,False
1119,5.595,0.004993952999939211,0.0006419550009013619,4.508001438807696e-06,0.002038345999608282,0.0004539519995887531,5.458300074678846e-05,0.004283098998712376,0.0034707569499953074,0.0020000000000000018,0.6941513899990615,16.97056311679335,0.06355838390963739,False,nan,nan,False,False
1120,5.6000000000000005,0.004962073000569944,0.000494047999382019,3.326000296510756e-06,0.0008672280000610044,0.00033721200088621117,4.188799903204199e-05,0.004475359000934986,0.0034828701582154103,0.0020000000000000018,0.6965740316430821,13.44675548295282,0.06270519343204795,False,nan,nan,False,False
1121,5.605,0.005024210000556195,0.0008737399984966032,4.2980009311577305e-06,0.0003066059998673154,0.0006054360001144232,6.367000059981365e-05,0.004078806001416524,0.0034735296248318676,0.0020000000000000018,0.6947059249663736,16.463101472825024,0.06276818663403681,False,nan,nan,False,False
1122,5.61,0.005005354998502298,0.0008578000015404541,4.559000444714911e-06,0.0008005430008779513,0.0005923720000282628,6.493199907708913e-05,0.0040868699998100055,0.0035138430152954737,0.0020000000000000018,0.7027686030590947,16.97056278910291,0.06275443811577523,False,nan,nan,False,False
1123,5.615,0.004996917999960715,0.0008571090002078563,4.278001142665744e-06,0.00023972999952093232,0.0005894259993510786,6.291799945756793e-05,0.004097901000932325,0.0035656288857459652,0.0020000000000000018,0.713125777149193,15.570354492614506,0.06221191622764943,False,nan,nan,False,False
1124,5.62,0.005018650001147762,0.0008349669988092501,4.899000487057492e-06,0.0007771890013827942,0.0006197530001372797,8.545099990442395e-05,0.004101027001524926,0.0036524417474509733,0.0020000000000000018,0.7304883494901947,14.368566735218904,0.06335516962754582,False,nan,nan,False,False
1125,5.625,0.005008971000279416,0.0014846569993096637,6.121999831520952e-06,0.000260560000242549,0.0010252040010527708,0.00010339399887016043,0.003467217000434175,0.00375720068743103,0.0020000000000000018,0.751440137486206,12.00012422412983,0.06507662006790414,False,nan,nan,False,False
1126,5.63,0.005040449999796692,0.0016020469993236475,6.9329998950706795e-06,0.001462906000597286,0.0011389579995011445,0.00010649999967426993,0.003278743999544531,0.0038994111650769415,0.0020000000000000018,0.7798822330153883,15.108826258889087,0.06512460980898654,False,nan,nan,False,False
1127,5.635,0.004932718999043573,0.0008336440005223267,4.206998710287735e-06,0.0002443080011289567,0.0005761920001532417,6.123499952082057e-05,0.004112358999918797,0.00404462911866068,0.0020000000000000018,0.8089258237321361,12.893714633044711,0.06508126446314808,False,nan,nan,False,False
1128,5.64,0.004995004999727826,0.001042827001583646,3.928000296582468e-06,0.0013572770003520418,0.0006738140000379644,6.678600038867444e-05,0.003909286999260075,0.004077084627513258,0.0020000000000000018,0.8154169255026515,7.595017905587279,0.06606659746805184,False,nan,nan,False,False
1129,5.6450000000000005,0.005003441001463216,0.0008569780002289917,4.338000508141704e-06,0.00024267499975394458,0.0005858799995621666,6.944099914107937e-05,0.004092571000001044,0.004114768604946734,0.0020000000000000018,0.8229537209893466,7.039497339214392,0.0649541293370083,False,nan,nan,False,False
1130,5.65,0.005014741998820682,0.0008745209997869097,5.280000550555997e-06,0.0008108820002235007,0.0005864100003236672,6.789799954276532e-05,0.004058838001583354,0.004157220145348881,0.0020000000000000018,0.8314440290697761,6.696658915796109,0.06655759098909204,False,nan,nan,False,False
1131,5.655,0.00498612800038245,0.0008462580008199438,4.017998435301706e-06,0.0002461420008330606,0.0005909589999646414,6.0633999964920804e-05,0.004127316999074537,0.0042018034011769775,0.0020000000000000018,0.8403606802353956,6.162441303171388,0.06683445619619634,False,nan,nan,False,False
1132,5.66,0.0050679520008998225,0.0014913889990566531,7.444001312251203e-06,0.0013818439983879216,0.0010534379998716759,0.00010348399882786907,0.0034164330008934485,0.004249472077714475,0.0020000000000000018,0.849894415542895,5.9220246718939755,0.06870063277168088,False,nan,nan,False,False
1133,5.665,0.004993081998691196,0.0013818730003549717,6.472000677604228e-06,0.00028301100064709317,0.0009503029996267287,9.597100142855197e-05,0.0035287530008645263,0.004296812960058328,0.0020000000000000018,0.8593625920116654,5.387609776176231,0.06882298138691756,False,nan,nan,False,False
1134,5.67,0.004990385999917635,0.0014375380014826078,6.262000169954263e-06,0.0013984540000819834,0.0010094249992107507,9.43770010053413e-05,0.003479851999145467,0.004346332423466904,0.0020000000000000018,0.8692664846933809,5.236409303444102,0.07171269475763845,False,nan,nan,False,False
1135,5.675,0.004995326000425848,0.0013297860004968243,5.710999175789766e-06,0.0002682840004126774,0.0009048379997693701,9.283399958803784e-05,0.003591200000300887,0.004393996798975982,0.0020000000000000018,0.8787993597951962,4.735797672801113,0.07392471518807331,False,nan,nan,False,False
1136,5.68,0.004995756000425899,0.0014697280003019841,5.900999894947745e-06,0.0008195179998438107,0.0009300349993281998,9.357599992654286e-05,0.0034565779988042777,0.004443617167705928,0.0020000000000000018,0.8887234335411854,4.672669259898922,0.07483509423611133,False,nan,nan,False,False
1137,5.6850000000000005,0.005004812999686692,0.0013072340007056482,6.391999704646878e-06,0.00026905500089924317,0.0009000299996841932,9.287399916502181e-05,0.00361311099914019,0.0044721359587887475,0.0020000000000000018,0.8944271917577493,2.5844112090755367,0.07452673695754392,False,nan,nan,False,False
1138,5.69,0.004995056000552722,0.001425274998837267,5.529998816200532e-06,0.0013865319997421466,0.001001709999400191,9.253400094166864e-05,0.0035003390003112145,0.00447213595880725,0.0020000000000000018,0.8944271917614499,1.7956811910351846e-05,0.07688857943329164,False,nan,nan,False,False
1139,5.695,0.005001105999326683,0.0012901320005767047,6.242000381462276e-06,0.00027068800045526586,0.0008887879994290415,8.789499952399638e-05,0.003634941998825525,0.004472135957240772,0.0020000000000000018,0.8944271914481543,0.0017184663907490998,0.07643976776382654,False,nan,nan,False,False
1140,5.7,0.005000987001039903,0.0014121599997451995,5.89099909120705e-06,0.0008468699998047668,0.0009851089998846874,9.200199929182418e-05,0.0035130129999743076,0.004472135959458893,0.0020000000000000018,0.8944271918917784,0.002325191181252059,0.07983675070362391,False,nan,nan,False,False
1141,5.705,0.0050021979986922815,0.0013048590008111205,5.8610003179637715e-06,0.00030377000075532123,0.0008992179991764715,9.1662001068471e-05,0.00361430399971141,0.004472135957974168,0.0020000000000000018,0.8944271915948335,0.0014640428905968001,0.07834701566515467,False,nan,nan,False,False
1142,5.71,0.00499194900112343,0.0013590309990831884,5.891000910196453e-06,0.0008413689993176376,0.0009058099985850276,9.826399946177844e-05,0.0035697100011020666,0.004472135956549099,0.0020000000000000018,0.8944271913098196,0.0018154575861197204,0.07988563975908482,False,nan,nan,False,False
1143,5.715,0.00500737899892556,0.0013851700005034218,5.83099972573109e-06,0.0003085690004809294,0.0009651919990574243,9.663099990575574e-05,0.0035373989994695876,0.004472135957246018,0.0020000000000000018,0.8944271914492035,0.0009609329114438537,0.080466899622735,False,nan,nan,False,False
1144,5.72,0.004999222999686026,0.001381062000291422,6.0109996411483735e-06,0.000852449999001692,0.0009331719993497245,8.953799988375977e-05,0.0035408660005487036,0.004472135957488151,0.0020000000000000018,0.8944271914976301,0.00029775128517265764,0.08006638162154725,False,nan,nan,False,False
1145,5.7250000000000005,0.004996758001652779,0.0012917149997520028,5.91100069868844e-06,0.0003029390009032795,0.0008834189993649488,8.918700041249394e-05,0.003633358999650227,0.004472135959759129,0.0020000000000000018,0.8944271919518259,0.0022853620665932014,0.08012427051168626,False,nan,nan,False,False
1146,5.73,0.005000194998501684,0.001402813000822789,5.690999387297779e-06,0.0008495040001434973,0.0009901289995468687,9.056000089913141e-05,0.0035256669998489087,0.00447213595842126,0.0020000000000000018,0.894427191684252,0.0012554184997681658,0.0801208437539286,False,nan,nan,False,False
1147,5.735,0.00500739800008887,0.0013711240007978631,5.781001163995825e-06,0.0003039109997189371,0.0009313589998782845,0.00010681999992812052,0.003544342000168399,0.004472135957533383,0.0020000000000000018,0.8944271915066765,0.0009759534059619363,0.08222189787105076,False,nan,nan,False,False
1148,5.74,0.0049917489996005315,0.0014296430017566308,6.231999577721581e-06,0.0008454569997411454,0.0009926630009431392,0.00010410600043542217,0.0034994379984709667,0.0044721359596289504,0.0020000000000000018,0.8944271919257899,0.002117723730491159,0.08125654226982956,False,nan,nan,False,False
1149,5.745,0.005006857001717435,0.0013021449994994327,5.960999260423705e-06,0.0003077470009884564,0.0008967329995357431,8.916699880501255e-05,0.0036191420003888197,0.004472135960419298,0.0020000000000000018,0.8944271920838596,0.0006674355144727981,0.08054963277833802,False,nan,nan,False,False
1150,5.75,0.0049994139990303665,0.001453607999792439,6.062000466044992e-06,0.000853382000059355,0.0010211469998466782,9.394600056111813e-05,0.003469011000561295,0.004472135956527212,0.0020000000000000018,0.8944271913054423,0.004131208889500998,0.08125844435093098,False,nan,nan,False,False
1151,5.755,0.005000465000193799,0.001301463000345393,6.161999408504926e-06,0.00031147399931796826,0.0008963719992607366,8.803499986242969e-05,0.0036167979997117072,0.0044721359554970135,0.0020000000000000018,0.8944271910994026,0.00200756561540214,0.0805812998831939,False,nan,nan,False,False
1152,5.76,0.004993983000531443,0.0016235769999184413,5.9610010794131085e-06,0.0008271220012829872,0.0011931490007555112,0.00010126000051968731,0.0033144409990200074,0.004472135956278613,0.0020000000000000018,0.8944271912557226,0.0016102382492485562,0.0807966899237219,False,nan,nan,False,False
1153,5.765,0.005032695999034331,0.0014218280011846218,7.304000973817892e-06,0.0003334049997647526,0.0009653519991843496,0.00011457499931566417,0.0034751429993775673,0.004472135955000484,0.0020000000000000018,0.8944271910000967,0.004391823371142188,0.08035795625552578,False,nan,nan,False,False
1154,5.7700000000000005,0.004978103001121781,0.0014317779987322865,6.492999091278762e-06,0.0008591019995947136,0.0010021220005000941,9.549899914418347e-05,0.003483587999653537,0.004472135955266807,0.0020000000000000018,0.8944271910533612,0.0020690586297430385,0.08296133194494339,False,nan,nan,False,False
1155,5.775,0.004992500998923788,0.0013231530010671122,6.041000233381055e-06,0.00030356999923242256,0.0008980350012279814,9.2502999905264e-05,0.0036004779994982528,0.004472135955216242,0.0020000000000000018,0.8944271910432485,0.00019470696111713467,0.08107412946984568,False,nan,nan,False,False
1156,5.78,0.004998491000151262,0.0014134030006971443,5.990999852656387e-06,0.0008517690002918243,0.0009960700008377898,9.37550012167776e-05,0.0035119219992338913,0.00447213595592613,0.0020000000000000018,0.8944271911852261,0.0018805375594715817,0.08041174258632082,False,nan,nan,False,False
1157,5.785,0.005002088999390253,0.0013476690000970848,6.522001058328897e-06,0.0003064150005229749,0.0009292339982494013,0.00010063899935630616,0.003574940001271898,0.004472135955804818,0.0020000000000000018,0.8944271911609635,0.0002467422098800806,0.08065630893022023,False,nan,nan,False,False
1158,5.79,0.004999172000680119,0.0013620169993373565,5.739999323850498e-06,0.000848522000524099,0.0009105300014198292,9.91059987427434e-05,0.003559411001333501,0.004472135955401086,0.0020000000000000018,0.894427191080217,0.0009975936723251304,0.08130042922144014,False,nan,nan,False,False
1159,5.795,0.004996969000785612,0.0013007309989916394,5.900999894947745e-06,0.0003050720006285701,0.0008951299987529637,9.69220000115456e-05,0.003626477000580053,0.004472135955697249,0.0020000000000000018,0.8944271911394498,0.0007627295803829009,0.08022437381080462,False,nan,nan,False,False
1160,5.8,0.0050041419999615755,0.0013893079994886648,5.870999302715063e-06,0.0008535319993825397,0.0009683080006652744,9.161199886875693e-05,0.0035319389990036143,0.004472135956044941,0.0020000000000000018,0.8944271912089881,0.0007080327028762489,0.08113177516160008,False,nan,nan,False,False
1161,5.805,0.0049943839985644445,0.0012777690008078935,5.6200005928985775e-06,0.00030413099921133835,0.0008794209988991497,8.749399967200588e-05,0.003649008000138565,0.004472135956231433,0.0020000000000000018,0.8944271912462864,0.00033085725333134185,0.08080691225428643,False,nan,nan,False,False
1162,5.8100000000000005,0.005000005001420504,0.0013806810002279235,5.840998710482381e-06,0.0008517380010744091,0.0009740679997776169,9.108099948207382e-05,0.0035467569996399106,0.004472135955291863,0.0020000000000000018,0.8944271910583725,0.002153485401466381,0.08172629451313995,False,nan,nan,False,False
1163,5.815,0.005002137999326806,0.0013356370000110473,5.569998393184505e-06,0.00029899100081820507,0.0008991670001705643,0.00012732899995171465,0.003589197000110289,0.004472135955232137,0.0020000000000000018,0.8944271910464272,0.00022089184846296782,0.0827765857143791,False,nan,nan,False,False
1164,5.82,0.0050022890009131515,0.0014975909998611314,5.900999894947745e-06,0.0007368730002781376,0.0010889639997913036,9.089999912248459e-05,0.0034241569992445875,0.004472135955045372,0.0020000000000000018,0.8944271910090744,0.0010147975209006928,0.08162697072655234,False,nan,nan,False,False
1165,5.825,0.004997599999114755,0.0012932970003021182,5.779998900834471e-06,0.0002764490000117803,0.000878969000041252,9.56900003075134e-05,0.0036293020002631238,0.004472135956114932,0.0020000000000000018,0.8944271912229864,0.0031857030633831033,0.08206244314124714,False,nan,nan,False,False
1166,5.83,0.005000125000151456,0.0014092950004851446,6.050999218132347e-06,0.0008407080003962619,0.0009868420002021594,9.357499948237091e-05,0.003517801998896175,0.004472135955118002,0.0020000000000000018,0.8944271910236004,0.0026933975267773,0.08269124477531883,False,nan,nan,False,False
1167,5.835,0.005003991000194219,0.0013126840003678808,5.920999683439732e-06,0.0003034999990632059,0.0009047690000443254,9.382700045534875e-05,0.003608101998906932,0.00447213595502446,0.0020000000000000018,0.8944271910048919,0.0018984547359318941,0.07971084076717458,False,nan,nan,False,False
1168,5.84,0.004994904998966376,0.0014343920011015143,5.690000762115233e-06,0.0008470899992971681,0.0010130810005648527,0.00010085999929287937,0.003494389000479714,0.004472135955262588,0.0020000000000000018,0.8944271910525176,0.002536713735071822,0.08218647529022545,False,nan,nan,False,False
1169,5.845,0.005006276000131038,0.001343621999694733,5.730000339099206e-06,0.0003002740013471339,0.0008884179987944663,0.00014326899872685317,0.003582975001336308,0.0044721359551242,0.0020000000000000018,0.8944271910248399,0.0006046285217591437,0.08045938156241253,False,nan,nan,False,False
1170,5.8500000000000005,0.005014823000237811,0.0014383090001501841,6.972999472054653e-06,0.0008581609999964712,0.0009619049997127149,9.527899965178221e-05,0.0034697129995038267,0.004472135955022047,0.0020000000000000018,0.8944271910044093,0.0019024086927512415,0.0823440863763048,False,nan,nan,False,False
1171,5.855,0.004985065999790095,0.0013218710009823553,5.871999746887013e-06,0.0003047219997824868,0.0008992880011646776,0.00010959499923046678,0.003599605999625055,0.004472135955794864,0.0020000000000000018,0.8944271911589726,0.003940574277114475,0.08005468533592029,False,nan,nan,False,False
1172,5.86,0.005000646000553388,0.001441214999431395,5.931999112362973e-06,0.000828275000458234,0.0010274180003762012,9.257399869966321e-05,0.0034850009997171583,0.004472135958372141,0.0020000000000000018,0.8944271916744281,0.0035736457009944776,0.08118071857413527,False,nan,nan,False,False
1173,5.865,0.005010533999666222,0.001341829000011785,6.653001037193462e-06,0.0003172350006934721,0.0009274109997932101,9.185199996863957e-05,0.0035697100011020666,0.004472135958491613,0.0020000000000000018,0.8944271916983224,0.00012198095405333259,0.08096611597135296,False,nan,nan,False,False
1174,5.87,0.004990216000805958,0.0014124709996394813,6.080999810365029e-06,0.0008492839988321066,0.000990117998298956,9.198299994750414e-05,0.0035069919995294185,0.004472135958246652,0.0020000000000000018,0.8944271916493302,0.00025245604822753695,0.0836327354761099,False,nan,nan,False,False
1175,5.875,0.004994924998754868,0.0013337840009626234,5.791000148747116e-06,0.0002940220001619309,0.0009189149986923439,9.093100015888922e-05,0.0035900879993278068,0.004472135958607552,0.0020000000000000018,0.8944271917215104,0.00036885139459000077,0.08138785965252845,False,nan,nan,False,False
1176,5.88,0.004999614000553265,0.001402091000272776,5.961999704595655e-06,0.0008429219997196924,0.0009796590002224548,0.00010343400026613381,0.00352405500052555,0.004472135960281166,0.0020000000000000018,0.894427192056233,0.0015082831683705116,0.08224942739175076,False,nan,nan,False,False
1177,5.885,0.00500519399975019,0.0013127740003255894,6.202000804478303e-06,0.0003100119993177941,0.0008995879998110468,9.087000034924131e-05,0.003605136000260245,0.004472135959007195,0.0020000000000000018,0.894427191801439,0.0011207689270453297,0.08314589915805559,False,nan,nan,False,False
1178,5.89,0.004991689000235056,0.0013379209995036945,5.850999514223076e-06,0.0008464989987260196,0.0009051190008904086,8.752400026423857e-05,0.0035878340004273923,0.004472135957109278,0.0020000000000000018,0.8944271914218554,0.00207845087954998,0.08240917755042955,False,nan,nan,False,False
1179,5.8950000000000005,0.0050000440005533164,0.001282326998989447,5.980999048915692e-06,0.0003005840007972438,0.000882287000422366,8.960900049714837e-05,0.0036465840003074845,0.004472135955827635,0.0020000000000000018,0.8944271911655269,0.002052278995129164,0.08415367664620343,False,nan,nan,False,False
1180,5.9,0.005005975999665679,0.001401900999553618,5.691001206287183e-06,0.0008530710001650732,0.0009793779991014162,9.202299952448811e-05,0.0035201869995944435,0.004472135955553109,0.0020000000000000018,0.8944271911106217,0.0006278982496454606,0.08149194000205638,False,nan,nan,False,False
1181,5.905,0.004997920999812777,0.0010390799998276634,5.9710000641644e-06,0.0002634450011100853,0.0007343580000451766,6.478100112872198e-05,0.0038777480003773235,0.00447213595527145,0.0020000000000000018,0.8944271910542898,0.0008420328609749035,0.08218154724055984,False,nan,nan,False,False
1182,5.91,0.004992640000637039,0.0014448120000452036,5.710000550607219e-06,0.000840497999888612,0.0009028340009535896,9.174200022243895e-05,0.0034865039997384883,0.004472135955222353,0.0020000000000000018,0.8944271910444705,0.000186966468357846,0.07938488992109072,False,nan,nan,False,False
1183,5.915,0.005007308000131161,0.0013171020000299904,5.951000275672413e-06,0.00030470199999399483,0.0009130640009971103,9.10300004761666e-05,0.003606528998716385,0.0044721359550222465,0.0020000000000000018,0.8944271910044491,0.0023549871376786036,0.07934793540774866,False,nan,nan,False,False
1184,5.92,0.004997940999601269,0.0013650519995280774,5.920999683439732e-06,0.001381161999233882,0.0008674180007801624,8.918700041249394e-05,0.003558198000973789,0.00447213595523555,0.0020000000000000018,0.8944271910471099,0.0024071129546414617,0.08040565242264877,False,nan,nan,False,False
1185,5.925,0.004997388999981922,0.0012402680004015565,6.09099879511632e-06,0.00027328299984219484,0.0008420899994234787,9.283399958803784e-05,0.0036864089997834526,0.00447213595696172,0.0020000000000000018,0.8944271913923438,0.0034614115717965066,0.08202476609411627,False,nan,nan,False,False
1186,5.93,0.00500005499998224,0.001406400000632857,5.751000571763143e-06,0.001399075999870547,0.000836990999232512,8.98689995665336e-05,0.0035194449992559385,0.004472135955513014,0.0020000000000000018,0.8944271911026026,0.0025883910595152783,0.08146684704539275,False,nan,nan,False,False
1187,5.9350000000000005,0.0050013969994324725,0.0012350580000202172,6.072001269785687e-06,0.0002649670004757354,0.0008401859995501582,8.698300007381476e-05,0.003687731001264183,0.00447213595906477,0.0020000000000000018,0.8944271918129538,0.004916685623137656,0.08140056894875011,False,nan,nan,False,False
1188,5.94,0.004994294000425725,0.0014302840008895146,5.739999323850498e-06,0.0013650220007548342,0.0008542630002921214,9.612100075173657e-05,0.0034986969985766336,0.004472135957306238,0.0020000000000000018,0.8944271914612475,0.001881886846693146,0.08168363137919989,False,nan,nan,False,False
1189,5.945,0.005003440999644226,0.0012254499997652601,5.931000487180427e-06,0.0002604589990369277,0.0008406780016230186,9.464799950364977e-05,0.0037010760006523924,0.004472135956745268,0.0020000000000000018,0.8944271913490536,0.0007472254451286822,0.08357305937964389,False,nan,nan,False,False
1190,5.95,0.005010132999814232,0.0014355750008689938,5.780999345006421e-06,0.0013883350002288353,0.0010141139991901582,8.751399946049787e-05,0.003527409999151132,0.004472135956244074,0.0020000000000000018,0.8944271912488148,0.0007780665585921457,0.08405800485419701,False,nan,nan,False,False
1191,5.955,0.005048015000284067,0.0012075160011590924,5.440000677481294e-06,0.00015221600006043445,0.0008319720000145026,8.423800136370119e-05,0.0036591479984053876,0.004472135956589963,0.0020000000000000018,0.8944271913179925,0.0005505546403850519,0.08191714859508174,False,nan,nan,False,False
1192,5.96,0.004939270000249962,0.0014321279995783698,5.571000656345859e-06,0.0012596639990078984,0.000850906999403378,8.889600030670408e-05,0.0035018830003537005,0.004472135957036795,0.0020000000000000018,0.8944271914073589,0.0006287544157114078,0.08479775279841441,False,nan,nan,False,False
1193,5.965,0.005015844000809011,0.001283338999201078,6.321999535430223e-06,0.00027664899971568957,0.0008866540010785684,9.350499931315426e-05,0.0036321869993116707,0.004472135955133789,0.0020000000000000018,0.8944271910267577,0.00401360780729871,0.08187464560737968,False,nan,nan,False,False
1194,5.97,0.004993051999917952,0.001482241999838152,6.100999598857015e-06,0.0013782369987893617,0.0008805230008874787,0.00010929500058409758,0.0034416290000081062,0.004472135955067618,0.0020000000000000018,0.8944271910135235,0.0003991314231945324,0.0817992426519621,False,nan,nan,False,False
1195,5.9750000000000005,0.005000895998819033,0.0012651540000661043,5.900999894947745e-06,0.0002627829999255482,0.0008617570001661079,9.08109996089479e-05,0.003657876000943361,0.0044721359550065,0.0020000000000000018,0.8944271910013,0.0006721136316416494,0.0812202099905218,False,nan,nan,False,False
1196,5.98,0.005001597000955371,0.001453568000215455,6.240999937290326e-06,0.0013813730001857039,0.0008798609997029416,9.250399853044655e-05,0.003469211998890387,0.004472135955003021,0.0020000000000000018,0.8944271910006041,9.281994061856032e-05,0.07957974581115408,False,nan,nan,False,False
1197,5.985,0.005000314999051625,0.0012576010012708139,6.270998710533604e-06,0.00025841500064416323,0.0008512770000379533,8.984899977804162e-05,0.003662212999188341,0.0044721359552536135,0.0020000000000000018,0.8944271910507225,0.0016848750464595467,0.080042751438105,False,nan,nan,False,False
1198,5.99,0.004992920999939088,0.0014395220005098963,5.670999598805793e-06,0.001326269000855973,0.0008622179993835744,9.006900108943228e-05,0.0034864240005845204,0.0044721359550541845,0.0020000000000000018,0.8944271910108368,0.0027906229144742663,0.08093922399382164,False,nan,nan,False,False
1199,5.995,0.004999614000553265,0.0012344770002528094,5.821000740979798e-06,0.00018142000044463202,0.0008401570012210868,8.932700075092725e-05,0.0036920599995937664,0.004472135955244911,0.0020000000000000018,0.894427191048982,0.0027576803076858184,0.0812722946532086,False,nan,nan,False,False
1200,6.0,0.005000936000215006,0.001297504999456578,5.91100069868844e-06,0.0012749329998769099,0.0008507459988322807,0.0001062400006048847,0.0036278389998187777,0.004472135955841772,0.0020000000000000018,0.8944271911683543,0.0015979366354113306,0.0792891051331091,False,nan,nan,False,False
1201,6.005,0.00500066600034188,0.001245286999619566,5.83099972573109e-06,0.00019936399985454045,0.0008476010007143486,8.94780005182838e-05,0.0036782040006073657,0.004472135955993949,0.0020000000000000018,0.8944271911987898,0.00030063476042338944,0.08022070584779738,False,nan,nan,False,False
1202,6.01,0.004996707999453065,0.001293627999984892,5.650999810313806e-06,0.001288518000365002,0.0008593429993197788,8.640200030640699e-05,0.00363228700007312,0.004472135955499953,0.0020000000000000018,0.8944271910999905,0.001096345283484114,0.08197397476278881,False,nan,nan,False,False
1203,6.015000000000001,0.0050006559995381394,0.0012875570009782678,5.91100069868844e-06,0.0001321480012848042,0.0009041069988597883,8.630199954495765e-05,0.003639360000306624,0.004472135955371103,0.0020000000000000018,0.8944271910742205,0.00037014030058541087,0.08195227035060419,False,nan,nan,False,False
1204,6.0200000000000005,0.005001427000024705,0.001266536999537493,5.6009994295891374e-06,0.0011954639994655736,0.0008512869990227045,8.866699863574468e-05,0.00372523200167052,0.00447213595540935,0.0020000000000000018,0.89442719108187,0.00011578177982877504,0.08183424228090515,False,nan,nan,False,False
1205,6.025,0.005110201000206871,0.0016027580004447373,8.655999408802018e-06,0.00019054800031881314,0.0011200019998796051,0.00012098699880880304,0.0032171789989661193,0.004472135955817434,0.0020000000000000018,0.8944271911634868,0.0009995392742544109,0.08247387800670444,False,nan,nan,False,False
1206,6.03,0.004894335999779287,0.001539189001050545,6.231999577721581e-06,0.001200443999550771,0.001128436999351834,9.522899927105755e-05,0.003444264999416191,0.004472135956645283,0.0020000000000000018,0.8944271913290566,0.0014318423575869442,0.08284560949087326,False,nan,nan,False,False
1207,6.035,0.005105603000629344,0.0016536839993932517,1.095100014936179e-05,0.0001861199998529628,0.0011680229999910807,0.00010233200009679422,0.0032989620012813248,0.004472135957452759,0.0020000000000000018,0.8944271914905517,0.001072143415277522,0.08483385917453572,False,nan,nan,False,False
1208,6.04,0.005073733000244829,0.001752408999891486,8.955999874160625e-06,0.0012918249994982034,0.0012659149997489294,0.00010648000170476735,0.003048360998946009,0.004472135956055586,0.0020000000000000018,0.894427191211117,0.0020376644447017474,0.0826602534150585,False,nan,nan,False,False
1209,6.045,0.004937706999044167,0.0018233330010843929,2.4635999579913914e-05,0.0023091240000212565,0.001314797998929862,0.00010371500138717238,0.003039003999219858,0.0044721359566700335,0.0020000000000000018,0.8944271913340065,0.0010018768475240592,0.0825563369572875,False,nan,nan,False,False
1210,6.05,0.004971911999746226,0.0017452160009270301,8.57600025483407e-06,0.00121378900075797,0.0012613170001714025,0.00011641899982350878,0.003146765999190393,0.004472135955169475,0.0020000000000000018,0.8944271910338949,0.003330068693762616,0.0820486377529968,False,nan,nan,False,False
1211,6.055,0.005027967001296929,0.0017528099997434765,2.495700027793646e-05,0.002324983999642427,0.0012655760001507588,0.00011633799840637948,0.0031119109989958815,0.004472135955559114,0.0020000000000000018,0.8944271911118227,0.0012704665092605628,0.08109192405831224,False,nan,nan,False,False
1212,6.0600000000000005,0.004974116000084905,0.0018162189990107436,8.545999662601389e-06,0.0011663789991871454,0.0013083959984214744,0.00010961599946313072,0.003074330001254566,0.004472135955801396,0.0020000000000000018,0.8944271911602791,0.0005576936457836489,0.08036248088704848,False,nan,nan,False,False
1213,6.065,0.005027526000048965,0.0019008979998034192,2.0919000235153362e-05,0.0023301340006582905,0.0013921230001869844,0.00010847399971680716,0.002966316998936236,0.004472135955974726,0.0020000000000000018,0.8944271911949451,0.00034823282671304565,0.08055139987896211,False,nan,nan,False,False
1214,6.07,0.004976128999260254,0.0017672369995125337,8.727000022190623e-06,0.001210161000926746,0.001248423001015908,0.00011874199844896793,0.003119976001471514,0.004472135956120727,0.0020000000000000018,0.8944271912241454,0.00026990722087439983,0.07944977213403576,False,nan,nan,False,False
1215,6.075,0.005024079999202513,0.0017316500016022474,2.4234999727923423e-05,0.0023176000013336306,0.0012000120004813652,0.00011210999946342781,0.0031299549991672393,0.004472135956038874,0.0020000000000000018,0.8944271912077747,0.00014899142815409097,0.08045815358007118,False,nan,nan,False,False
1216,6.08,0.004971451000528759,0.0017586510002729483,8.626999260741286e-06,0.0011881900009029778,0.0012802130004274659,0.00010574900079518557,0.0031310670001403196,0.004472135955609559,0.0020000000000000018,0.8944271911219117,0.0009020369499887764,0.08034311672766109,False,nan,nan,False,False
1217,6.085,0.005022527000619448,0.0019367049990250962,1.1059999451390468e-05,0.0023044049994496163,0.0012626299994735746,0.00011658900075417478,0.0029433440013235668,0.004472135956234547,0.0020000000000000018,0.8944271912469093,0.0012494380974813959,0.08161445054814552,False,nan,nan,False,False
1218,6.09,0.004988712998965639,0.0016657460000715218,8.815999535727315e-06,0.00108963499951642,0.0011873189996549627,0.00010527800077397842,0.003215045000615646,0.00447213595566764,0.0020000000000000018,0.894427191133528,0.0011119714119958764,0.08078020217312794,False,nan,nan,False,False
1219,6.095,0.004988994000086677,0.0017989360003412003,8.605999028077349e-06,0.0021880259992030915,0.0012779080007021548,0.0001285920006921515,0.003106129999650875,0.004472135955060349,0.0020000000000000018,0.8944271910120697,0.0021594742830190585,0.07950065249721107,False,nan,nan,False,False
1220,6.1000000000000005,0.0050139800005126745,0.0017628490004426567,8.6860000010347e-06,0.0011029500001313863,0.0012778079999407055,0.00010854399988602381,0.0031161389997578226,0.004472135955076152,0.0020000000000000018,0.8944271910152304,0.0001142615024662529,0.07840308077904817,False,nan,nan,False,False
1221,6.105,0.004992690999642946,0.0021917539997957647,1.1702000847435556e-05,0.0022057799997128313,0.0014732649997313274,0.00011555700075405184,0.0026934249999612803,0.004472135955404396,0.0020000000000000018,0.8944271910808791,0.0013601218047182761,0.08071542245422818,False,nan,nan,False,False
1222,6.11,0.004993112001102418,0.0018982319998031016,8.797000191407278e-06,0.0010438989993417636,0.001376853999317973,0.00011017699944204651,0.002993959999002982,0.004472135955803495,0.0020000000000000018,0.8944271911606989,0.0009849430317902736,0.07916979203659878,False,nan,nan,False,False
1223,6.115,0.0050023690000671195,0.0015743139992991928,8.596000043326057e-06,0.0004733480000140844,0.0010958170005324064,0.00011171000005560927,0.003339537999636377,0.004472135955027379,0.0020000000000000018,0.8944271910054756,0.002761162689118046,0.07936031008928636,False,nan,nan,False,False
1224,6.12,0.005024619998948765,0.001843940999606275,1.9225999494665302e-05,0.0010635660000843927,0.0013442130002658814,0.00010982599997078069,0.003028044000529917,0.004472135955014054,0.0020000000000000018,0.8944271910028107,0.00017562601067102604,0.0812493111938351,False,nan,nan,False,False
1225,6.125,0.0049813799996627495,0.0015153840013226727,8.667000656714663e-06,0.00042786299854924437,0.0010521840013097972,0.00010296300024492666,0.0033962340003199643,0.0044721359559201385,0.0020000000000000018,0.8944271911840276,0.003174527000208555,0.07673703517454575,False,nan,nan,False,False
1226,6.13,0.005021344000851968,0.0019231400001444854,2.0989000404370017e-05,0.0009586690011929022,0.001393145001202356,0.00010917500003415626,0.0029347479994612513,0.004472135955222292,0.0020000000000000018,0.8944271910444584,0.0018443293513227014,0.08107816228485883,False,nan,nan,False,False
1227,6.135,0.004966913000316708,0.0016154619988810737,8.6069994722493e-06,0.00031865799974184483,0.001108870999814826,0.00010381499851064291,0.0032795850002003135,0.004472135955559145,0.0020000000000000018,0.894427191111829,0.0010445463788632267,0.08086000217007124,False,nan,nan,False,False
1228,6.140000000000001,0.005004933000236633,0.0018562739987828536,8.57600025483407e-06,0.001412401001289254,0.0013355270002648467,0.00011870299931615591,0.003037592001419398,0.00447213595501061,0.0020000000000000018,0.8944271910021219,0.002432576179684252,0.08004009352187912,False,nan,nan,False,False
1229,6.1450000000000005,0.005002108999178745,0.0015837720002309652,8.597000487498008e-06,0.0002642660001583863,0.0011077790004492272,0.0001038350001181243,0.0033401990003767423,0.004472135955260182,0.0020000000000000018,0.8944271910520363,0.001533930678585793,0.08161108817535227,False,nan,nan,False,False
1230,6.15,0.005044016999818268,0.0016480630001751706,8.836001143208705e-06,0.0013905400010116864,0.0011876589996973053,0.00010350400043535046,0.003234370000427589,0.004472135955636364,0.0020000000000000018,0.8944271911272726,0.0010875911610078257,0.08220359887569637,False,nan,nan,False,False
1231,6.155,0.00500771800034272,0.0014910490008333,8.716000593267381e-06,0.0003187279999110615,0.0010412849987915251,0.00010308300079486798,0.0033808459993451834,0.004472135955917083,0.0020000000000000018,0.8944271911834164,0.0006048081831079436,0.08214141817867976,False,nan,nan,False,False
1232,6.16,0.004979998000635533,0.0018680159992072731,1.969699951587245e-05,0.00139297500027169,0.0013084759993944317,0.00015822699970158283,0.003008296000189148,0.004472135955407837,0.0020000000000000018,0.8944271910815673,0.0012064433770742873,0.08064104106742911,False,nan,nan,False,False
1233,6.165,0.004985366000255453,0.0016158229991560802,8.635999620310031e-06,0.00018554799862613436,0.001108911999835982,0.00012087700088159181,0.0032521640005143126,0.004472135955397489,0.0020000000000000018,0.8944271910794976,3.083147744081154e-05,0.08322770780155797,False,nan,nan,False,False
1234,6.17,0.004977762999260449,0.001866803999291733,8.716000593267381e-06,0.0012636720002774382,0.001351705999695696,0.0001170899995486252,0.003025748999789357,0.004472135955607353,0.0020000000000000018,0.8944271911214705,0.0005628999635311059,0.08122071992664937,False,nan,nan,False,False
1235,6.175,0.005017236999265151,0.0019187810012226691,1.0929999916697852e-05,0.002330283999981475,0.0014099269992584595,0.0001083229999494506,0.0031269189985323464,0.004472135955375105,0.0020000000000000018,0.8944271910750208,0.0006309906435435821,0.07895027121005525,False,nan,nan,False,False
1236,6.18,0.005156037001142977,0.0018544409995229216,8.475999493384734e-06,0.0010435490003146697,0.0013576479996117996,0.00010924500020337291,0.0029171250007493654,0.004472135955066795,0.0020000000000000018,0.894427191013359,0.001337453079566477,0.07893606577554865,False,nan,nan,False,False
1237,6.1850000000000005,0.004898794999462552,0.0019075899999734247,1.1161000657011755e-05,0.0022382809984264895,0.0013641099994856631,0.00010821300020324998,0.002883031000237679,0.004472135955021272,0.0020000000000000018,0.8944271910042543,0.0015378522837758305,0.07819290552887923,False,nan,nan,False,False
1238,6.19,0.004862817000685027,0.001511106000180007,5.681000402546488e-06,0.0009420679998584092,0.0010590869987936458,0.00010974599899782334,0.0034460479982953984,0.0044721359551026674,0.0020000000000000018,0.8944271910205335,0.0017716994970292629,0.07744989413943962,False,nan,nan,False,False
1239,6.195,0.005065897999884328,0.001750594999975874,8.847000572131947e-06,0.0021288660009304294,0.001201585000671912,0.00010277299952576868,0.0031405350000568433,0.004472135955037832,0.0020000000000000018,0.8944271910075664,0.001954433265412766,0.07557633332547437,False,nan,nan,False,False
1240,6.2,0.00500076599928434,0.0019007470000360627,8.556000466342084e-06,0.0010360350006521912,0.0013879550006095087,0.00012272999993001577,0.002989822000017739,0.004472135955079485,0.0020000000000000018,0.8944271910158968,0.0018091673509808607,0.07800871457811911,False,nan,nan,False,False
1241,6.205,0.005005574999813689,0.0017566469996381784,8.545999662601389e-06,0.0021175250003580004,0.0012791509998351103,0.00010885400115512311,0.003127109001070494,0.004472135956584175,0.0020000000000000018,0.8944271913168349,0.0036926973846700497,0.07482647982078146,False,nan,nan,False,False
1242,6.21,0.004992449999917881,0.0018729650000750553,8.696000804775394e-06,0.0009575269996275892,0.001353089000986074,0.00011701000039465725,0.003021672000613762,0.004472135955008084,0.0020000000000000018,0.8944271910016168,0.0051108054028976505,0.07626593945071783,False,nan,nan,False,False
1243,6.215,0.005004022001230624,0.0015296509991458151,8.344999514520168e-06,0.0003523819996189559,0.0010618830001476454,0.0001060089998645708,0.0034227939995616907,0.004472135955000288,0.0020000000000000018,0.8944271910000576,0.0004492356409731193,0.0775300885247403,False,nan,nan,False,False
1244,6.22,0.005074083999716095,0.001999592999709421,8.655999408802018e-06,0.000976773000729736,0.0014008189991727704,0.0001205870012199739,0.0028150130001449725,0.0044721359552010115,0.0020000000000000018,0.8944271910402022,0.0015973722666258016,0.07790774013455223,False,nan,nan,False,False
1245,6.2250000000000005,0.004927557998598786,0.0019129100001009647,8.865999916451983e-06,0.0020157030012342148,0.001398393998897518,0.00010976600060530473,0.0029757950014754897,0.004472135956156808,0.0020000000000000018,0.8944271912313613,0.0023716793392475296,0.08031405348855626,False,nan,nan,False,False
1246,6.23,0.004997760001060669,0.0016735110002628062,8.82700078363996e-06,0.0008969740010797977,0.001166699999885168,0.00011400400035199709,0.0032142229993041838,0.0044721359554131005,0.0020000000000000018,0.8944271910826199,0.0016368552681708696,0.07817501291689036,False,nan,nan,False,False
1247,6.235,0.004996006999135716,0.0015972480014170287,8.655999408802018e-06,0.0002548789998400025,0.0011000250015058555,0.00013665700134879444,0.003370605998497922,0.004472135955250193,0.0020000000000000018,0.8944271910500384,0.0005388595529768508,0.07770846322799624,False,nan,nan,False,False
1248,6.24,0.0050887110010080505,0.0016881480005395133,8.766999599174596e-06,0.0009017419997690013,0.0012248789989826037,0.00010443599967402406,0.0031164699994405964,0.004472135955202015,0.0020000000000000018,0.894427191040403,0.0001917382372970298,0.07789862770502572,False,nan,nan,False,False
1249,6.245,0.00491323200003535,0.0015252119992510416,8.636001439299434e-06,0.000271941000391962,0.0010557810001046164,0.00010324399954697583,0.003443653000431368,0.004472135955181066,0.0020000000000000018,0.894427191036213,9.047677878727526e-05,0.07948318857264244,False,nan,nan,False,False
1250,6.25,0.0050898419995064614,0.0017715550002321834,8.807000995147973e-06,0.0009215190002578311,0.0012872560000687372,0.00010502700024517253,0.003030559000762878,0.004472135955166292,0.0020000000000000018,0.8944271910332582,6.699045893354748e-05,0.07808627206015793,False,nan,nan,False,False
1251,6.255,0.0049115990004793275,0.0016229259999818169,8.466000508633442e-06,0.0002500589998817304,0.0011045329993066844,0.00011351300054229796,0.003265859999373788,0.004472135955398387,0.0020000000000000018,0.8944271910796773,0.000844396167645219,0.07892523169469867,False,nan,nan,False,False
1252,6.26,0.0049970489999395795,0.0018772829989757156,8.795999747235328e-06,0.0008078259998001158,0.0013643310012412257,0.0001257050007552607,0.003015490001416765,0.004472135956584415,0.0020000000000000018,0.8944271913168829,0.0023734031716317397,0.07817261931541676,False,nan,nan,False,False
1253,6.265000000000001,0.005001446999813197,0.0015697260005254066,8.896999133867212e-06,0.00025029900098161306,0.001088933999199071,0.00011721999908331782,0.0034077259988407604,0.004472135957459193,0.0020000000000000018,0.8944271914918385,0.001170500214067308,0.07766835309774628,False,nan,nan,False,False
1254,6.2700000000000005,0.005096585999126546,0.0016928969998843968,8.637000064481981e-06,0.0009035350012709387,0.0012180459998489823,0.00010542800009716302,0.0031020630012790207,0.0044721359578213295,0.0020000000000000018,0.894427191564266,0.00042176784507145577,0.07956467609411279,False,nan,nan,False,False
1255,6.275,0.004904415000055451,0.001517338001576718,8.55599864735268e-06,0.0002467130016157171,0.0010535469991737045,0.00010227199891232885,0.0033724389995768433,0.004472135956289534,0.0020000000000000018,0.8944271912579067,0.0020581068549152424,0.07695628741821667,False,nan,nan,False,False
1256,6.28,0.004999463000785909,0.0016772479993960587,8.6860000010347e-06,0.0007808150003256742,0.0011705670003721025,0.00011424399963289034,0.003299283000160358,0.0044721359565782996,0.0020000000000000018,0.8944271913156598,0.0004566412651770647,0.07776195406383525,False,nan,nan,False,False
1257,6.285,0.00509652599976107,0.0016143899993039668,8.705999789526686e-06,0.00020482400032051373,0.0011121479983557947,0.00013530399883165956,0.0031787560001248494,0.004472135955643143,0.0020000000000000018,0.8944271911286286,0.001718404735313094,0.0788646923719789,False,nan,nan,False,False
1258,6.29,0.004901880000033998,0.0019015289999515517,8.88700014911592e-06,0.0012409090013534296,0.0013801200002490077,0.00011368299965397455,0.0029597350003314205,0.004472135955608069,0.0020000000000000018,0.8944271911216137,8.385655428779035e-05,0.07639922285142275,False,nan,nan,False,False
1259,6.295,0.005000035000193748,0.0017345149990433129,1.155199970526155e-05,0.0016999909985315753,0.0011961950003751554,0.00011127800098620355,0.003127851001408999,0.004472135955074788,0.0020000000000000018,0.8944271910149575,0.003988337964923045,0.07732238791599785,False,nan,nan,False,False
1260,6.3,0.004979254999852856,0.0013172430008125957,9.33699993765913e-06,0.001076941000064835,0.0007441870002367068,0.00010870400001294911,0.0035448129983706167,0.004472135955525429,0.0020000000000000018,0.8944271911050856,0.003780642384816423,0.08176004353760682,False,nan,nan,False,False
1261,6.305,0.0050241600001754705,0.0011481349993118783,7.25399877410382e-06,3.363299947523046e-05,0.0007611989985889522,9.290500020142645e-05,0.0037168660001043463,0.00447213595500029,0.0020000000000000018,0.894427191000058,0.002642676401303233,0.08342784550518165,False,nan,nan,False,False
1262,6.3100000000000005,0.004966061000232003,0.0011949620002269512,8.015000275918283e-06,0.0010570550002739765,0.0007725389987172093,0.00012869199963461142,0.0036747979993378976,0.0044721359550957025,0.0020000000000000018,0.8944271910191404,0.0012733809487861197,0.07860265263278143,False,nan,nan,False,False
1263,6.315,0.0049570529990887735,0.001402603000315139,6.632999429712072e-06,0.0021093590003147256,0.0009963810007320717,0.00010264299999107607,0.0035150370003975695,0.004472135955052069,0.0020000000000000018,0.8944271910104137,0.0003061683699955378,0.0825345317766042,False,nan,nan,False,False
1264,6.32,0.005012618999899132,0.0012554860004456714,6.943000698811375e-06,0.0009401349998370279,0.0007942200008983491,9.29039997572545e-05,0.003639341000962304,0.0044721359550055255,0.0020000000000000018,0.894427191001105,0.0005750657182680675,0.08232662658588778,False,nan,nan,False,False
1265,6.325,0.0049687950013321824,0.0010837949994311202,6.022000889061019e-06,0.00040136300049198326,0.0007451589990523644,8.359700041182805e-05,0.003835868999885861,0.004472135955499798,0.0020000000000000018,0.8944271910999594,0.0023839348464376004,0.0823027849476711,False,nan,nan,False,False
1266,6.33,0.0050003460000880295,0.0012466489988582907,5.640000381390564e-06,0.0008413689993176376,0.0008781579999777023,8.873699880496133e-05,0.0036683850012195762,0.004472135955005777,0.0020000000000000018,0.8944271910011552,0.002377831814376081,0.08228258365121169,False,nan,nan,False,False
1267,6.335,0.004977411999789183,0.0010557109999353997,4.408000677358359e-06,0.0002302329994563479,0.0007310020009754226,8.294600047520362e-05,0.0038897209997230675,0.004472135955147359,0.0020000000000000018,0.8944271910294718,0.0011565298531549906,0.08239268850781502,False,nan,nan,False,False
1268,6.34,0.005011395998735679,0.0014678440002171556,5.841000529471785e-06,0.000793289000284858,0.0010475259987288155,9.105099888984114e-05,0.003524596000715974,0.00447213595528393,0.0020000000000000018,0.8944271910567859,0.0005630033189665492,0.08237051149919225,False,nan,nan,False,False
1269,6.345,0.005101534001369146,0.0017247069990844466,8.184999387594871e-06,0.00031737600147607736,0.0011869479985762155,0.00012534500092442613,0.003119035000054282,0.004472135955044417,0.0020000000000000018,0.8944271910088833,0.0028182357338236617,0.0819983970228253,False,nan,nan,False,False
1270,6.3500000000000005,0.004926636998789036,0.0012384849997033598,6.532000043080188e-06,0.001313725999352755,0.0008845400006975979,8.187400089809671e-05,0.003698161001011613,0.004472135955023914,0.0020000000000000018,0.8944271910047826,0.00021093297487488036,0.08122644152317972,False,nan,nan,False,False
1271,6.355,0.00502325799971004,0.0014819110001553781,6.661999577772804e-06,0.00014286799887486268,0.0010436590000608703,0.0001108879987441469,0.0034309100010432303,0.00447213595539208,0.0020000000000000018,0.8944271910784158,0.0017799414434112024,0.08200293477307093,False,nan,nan,False,False
1272,6.36,0.005013760001020273,0.002249020999443019,8.466000508633442e-06,0.0010833329997694818,0.0015422250016854377,0.0001475469998695189,0.0026305579995096195,0.004472135955115258,0.0020000000000000018,0.8944271910230515,0.0010833900132258805,0.08165527070299113,False,nan,nan,False,False
1273,6.365,0.0049437790003139526,0.0008523300002707401,7.173000994953327e-06,0.00219152300087444,0.00057559000015317,6.840900095994584e-05,0.004055060999235138,0.004472135955431591,0.0020000000000000018,0.8944271910863181,0.0011998197755558825,0.08185265927844301,False,nan,nan,False,False
1274,6.37,0.004969817999153747,0.0008521090003341669,4.6889999794075266e-06,0.0010125409989996115,0.0005775139998149825,6.539300011354499e-05,0.004093093000847148,0.004472135955236991,0.0020000000000000018,0.8944271910473982,0.0006432078602311572,0.08214978696203103,False,nan,nan,False,False
1275,6.375,0.005013460000554915,0.0006784329998481553,5.981999493087642e-06,0.0021566079994954634,0.00047934899885149207,6.0323000070638955e-05,0.004239937999955146,0.004472135955723823,0.0020000000000000018,0.8944271911447645,0.001376158461369638,0.0818449704803803,False,nan,nan,False,False
1276,6.38,0.004976640000677435,0.0009362179989693686,4.618999810190871e-06,0.0010302430000592722,0.0006510120001621544,7.075299981806893e-05,0.004009685000710306,0.004472135956058423,0.0020000000000000018,0.8944271912116843,0.0006732781148974297,0.0820107166639608,False,nan,nan,False,False
1277,6.385,0.005000144999939948,0.00116671999967366,4.5979995775269344e-06,0.002097325999784516,0.0008253189989773091,8.765400161792058e-05,0.0037967259995639324,0.004472135955089614,0.0020000000000000018,0.8944271910179227,0.0027575896535318063,0.08126304331031582,False,nan,nan,False,False
1278,6.390000000000001,0.005021344999477151,0.0009775639991858043,4.920000719721429e-06,0.0009725349991640542,0.0006527549994643778,8.260499998868909e-05,0.003969250001318869,0.004472135954999665,0.0020000000000000018,0.8944271909999328,0.001169111129916225,0.08059398349962407,False,nan,nan,False,False
1279,6.3950000000000005,0.005005593999158009,0.0006248830013646511,4.888999683316797e-06,0.0019852659988828236,0.0004405069994390942,5.152699850441422e-05,0.004289290998713113,0.004472135955185089,0.0020000000000000018,0.8944271910370177,0.0015953045446356721,0.08031342615518007,False,nan,nan,False,False
1280,6.4,0.004970550000507501,0.0007380150000244612,4.539000656222925e-06,0.0008414590010943357,0.0005033050001657102,5.8910000007017516e-05,0.004225960999974632,0.004472135955013937,0.0020000000000000018,0.8944271910027873,0.0011761165797586812,0.0808202120381518,False,nan,nan,False,False
1281,6.405,0.005048594999607303,0.0007209930008684751,6.673000825685449e-06,0.0002873089997592615,0.0005109489993628813,5.212799987930339e-05,0.004182851000223309,0.004472135954999608,0.0020000000000000018,0.8944271909999216,0.00047218527815439597,0.0806351933553936,False,nan,nan,False,False
1282,6.41,0.004973594999682973,0.00108631900002365,5.661000614054501e-06,0.0013448940007947385,0.0006861170004412998,7.714399907854386e-05,0.0038543940008821664,0.004472135955053377,0.0020000000000000018,0.8944271910106754,0.0008963640940494379,0.08038266674703072,False,nan,nan,False,False
1283,6.415,0.0050131190000684,0.0005342330005078111,3.8479993236251175e-06,0.00014061399997444823,0.0003548560016497504,5.42819998372579e-05,0.004394527999465936,0.004472135955115804,0.0020000000000000018,0.8944271910231606,0.002167050766601895,0.08143696066788964,False,nan,nan,False,False
1284,6.42,0.005020263000915293,0.0010986819997924613,7.0930000219959766e-06,0.0012905929997941712,0.0006730530003551394,0.00010203099918726366,0.003832832999250968,0.004472135955062807,0.0020000000000000018,0.8944271910125613,0.0003384520647365519,0.08215005302687611,False,nan,nan,False,False
1285,6.425,0.005030821999753243,0.000996329999907175,7.9849996836856e-06,0.00023214499924506526,0.0007424240011459915,7.13440003892174e-05,0.0038876569997228216,0.004472135955077604,0.0020000000000000018,0.8944271910155207,0.00010546451834013404,0.08115519172277381,False,nan,nan,False,False
1286,6.43,0.0049762300004658755,0.0008261299990408588,7.022999852779321e-06,0.0012392859989631688,0.0006024009999237023,6.038300125510432e-05,0.004080058000909048,0.004472135955085374,0.0020000000000000018,0.8944271910170748,5.1366554961341376e-05,0.08309268236070975,False,nan,nan,False,False
1287,6.4350000000000005,0.004995645998860709,0.0007662780008104164,6.522001058328897e-06,0.00020941299953847192,0.0005517950012290385,5.875999886484351e-05,0.004144839000218781,0.0044721359550428256,0.0020000000000000018,0.894427191008565,0.0003213747755352711,0.08162839387903827,False,nan,nan,False,False
1288,6.44,0.0050083000005543,0.0014592190000257688,7.754999387543648e-06,0.0012713960004475666,0.0008005729996511946,0.00025527900106681045,0.0035667140000441577,0.004472135955073203,0.0020000000000000018,0.8944271910146405,0.0018130842801067425,0.08320425632316304,False,nan,nan,False,False
1289,6.445,0.005134386999998242,0.001266997000129777,1.0219000614597462e-05,0.00018088999968313146,0.0008220520012400812,0.00011020700003427919,0.0035019829992961604,0.004472135955011301,0.0020000000000000018,0.8944271910022601,0.000616936696543215,0.08247691235028026,False,nan,nan,False,False
1290,6.45,0.004843419999815524,0.0012175049996585585,5.9710000641644e-06,0.0011630230001173913,0.0007540049991803244,0.00019740100105991587,0.0037614800003211712,0.0044721359549997845,0.0020000000000000018,0.8944271909999568,0.00046315411581353424,0.08441175494629083,False,nan,nan,False,False
1291,6.455,0.005061570000179927,0.0012232660010340624,6.472999302786775e-06,0.00013388099978328682,0.0007706559990765527,9.167200005322229e-05,0.0036535069993988145,0.004472135955377237,0.0020000000000000018,0.8944271910754473,0.0022711027998079006,0.08280708106432094,False,nan,nan,False,False
1292,6.46,0.0049579250007809605,0.0011991809988103341,6.571999620064162e-06,0.001235349000126007,0.0008129059988277731,0.000105618000816321,0.003749176999917836,0.0044721359551510775,0.0020000000000000018,0.8944271910302153,0.0008523532974641748,0.08436086920274506,False,nan,nan,False,False
1293,6.465,0.005030882999562891,0.0011246310004935367,6.571999620064162e-06,0.00012807100029021967,0.0007653760003449861,0.00010191099863732234,0.00374942700000247,0.0044721359555573706,0.0020000000000000018,0.8944271911114741,0.0013529026264410486,0.08204398006074967,False,nan,nan,False,False
1294,6.47,0.004954558999088476,0.0011211540004296694,6.672999006696045e-06,0.0011921479999728035,0.0007540049991803244,8.710399924893863e-05,0.0037988500007486437,0.004472135955074185,0.0020000000000000018,0.8944271910148369,0.001792063908089025,0.08304717385029568,False,nan,nan,False,False
1295,6.4750000000000005,0.004976891001206241,0.0010883630002354039,4.498000635067001e-06,8.546100070816465e-05,0.0007232179996208288,0.00012911199883092195,0.003842150999844307,0.004472135955086913,0.0020000000000000018,0.8944271910173824,8.467219394917881e-05,0.08079184090736169,False,nan,nan,False,False
1296,6.48,0.0049899360001290916,0.0010111470000992995,4.477999027585611e-06,0.0011857760000566486,0.0007013969989202451,6.923000000824686e-05,0.003956014999857871,0.004472135955093485,0.0020000000000000018,0.8944271910186969,4.130238788986932e-05,0.08215647161776388,False,nan,nan,False,False
1297,6.485,0.005020912998588756,0.0009871729998849332,4.368001100374386e-06,9.425700045539998e-05,0.0006860079993202817,7.000199911999516e-05,0.0039284230006160215,0.004472135955015221,0.0020000000000000018,0.8944271910030441,0.0006861545534757438,0.08253445861928459,False,nan,nan,False,False
1298,6.49,0.0049709300001268275,0.0009934850004356122,3.836999894701876e-06,0.0011836520006909268,0.0006877809992147377,7.849699977668934e-05,0.003973206999944523,0.0044721359550344425,0.0020000000000000018,0.8944271910068884,0.00023323493304446344,0.08200834462309646,False,nan,nan,False,False
1299,6.495,0.005019742000513361,0.0009784760004549753,3.7070003600092605e-06,9.124100142798852e-05,0.0006744960010109935,7.82469996920554e-05,0.003970982999817352,0.004472135955408008,0.0020000000000000018,0.8944271910816015,0.0017113183539708683,0.08256022758150194,False,nan,nan,False,False
1300,6.5,0.0050345889994787285,0.0014292730011220556,9.759000022313558e-06,0.0012400380001054145,0.0009133240000664955,0.00011342300058458932,0.0034961709989147494,0.004472135955113466,0.0020000000000000018,0.8944271910226931,0.0011410022778992723,0.08207916474248848,False,nan,nan,False,False
1301,6.505,0.0050643450013012625,0.0013772450001852121,1.1100999472546391e-05,0.0023091040002327645,0.000907622999875457,0.00010533700151427183,0.0034672379988478497,0.00447213595500985,0.0020000000000000018,0.8944271910019699,0.0016599380899565098,0.082405652574424,False,nan,nan,False,False
1302,6.51,0.0049165579985128716,0.0014321779999590944,6.242000381462276e-06,0.0010781830005726079,0.0009528190003038617,9.543899977870751e-05,0.003491874000246753,0.004472135954999939,0.0020000000000000018,0.8944271909999877,0.00045468847364717136,0.08474462311897223,False,nan,nan,False,False
1303,6.515000000000001,0.004984906001482159,0.0014964689999032998,5.40000110049732e-06,0.002182175998314051,0.0010694569991755998,9.497799874225166e-05,0.003470402998573263,0.004472135955430593,0.0020000000000000018,0.8944271910861185,0.0025549399926115155,0.0827293479492666,False,nan,nan,False,False
1304,6.5200000000000005,0.005062000998805161,0.0015958250005496666,7.6050000643590465e-06,0.0010974590004479978,0.000966974999755621,0.00023157400028139818,0.003282481000496773,0.004472135955664012,0.0020000000000000018,0.8944271911328022,0.0006000228187737406,0.08154203778826694,False,nan,nan,False,False
1305,6.525,0.004945100999975693,0.0015698370007157791,5.380001312005334e-06,0.0021628590002364945,0.0011526529997354373,9.317500007455237e-05,0.003360616999998456,0.0044721359550487704,0.0020000000000000018,0.894427191009754,0.002244592182992612,0.08202961239134846,False,nan,nan,False,False
1306,6.53,0.004991519001123379,0.0015923880000627832,4.899000487057492e-06,0.0009412260005774442,0.0009285630003432743,0.0003205209995940095,0.00335803300004045,0.004472135955159461,0.0020000000000000018,0.8944271910318922,0.0006736124619264558,0.08054008695193876,False,nan,nan,False,False
1307,6.535,0.005013108999264659,0.0015776510008436162,4.989000444766134e-06,0.002038046000961913,0.001170986999568413,9.218299965141341e-05,0.0033496169999125414,0.004472135955022105,0.0020000000000000018,0.8944271910044208,0.0009448924582008836,0.0800432263540849,False,nan,nan,False,False
1308,6.54,0.004985998000847758,0.0014994439989095554,4.829000317840837e-06,0.00103764699997555,0.0009282320006605005,9.191299977828749e-05,0.003438232999542379,0.004472135955120598,0.0020000000000000018,0.8944271910241195,0.0007482706113276852,0.08054347146252065,False,nan,nan,False,False
1309,6.545,0.004996396999558783,0.0015632550002919743,4.498000635067001e-06,0.0020131479996052803,0.0011623519985732855,9.790399963094387e-05,0.003379702999154688,0.00447213595526537,0.0020000000000000018,0.8944271910530739,0.003266280885729693,0.07957226958893096,False,nan,nan,False,False
1310,6.55,0.005012527999497252,0.0014459840003837598,5.399999281507917e-06,0.001061152001057053,0.000895651000973885,9.461799891141709e-05,0.00348531199961144,0.004472135955813858,0.0020000000000000018,0.8944271911627715,0.0014633510838715045,0.08001280264319174,False,nan,nan,False,False
1311,6.555,0.0049917090000235476,0.0014882340001349803,7.093998647178523e-06,0.0021862729990971275,0.0010533879994909512,8.914700083550997e-05,0.0034485520009184256,0.004472135955048897,0.0020000000000000018,0.8944271910097792,0.002573570081032535,0.07969999515603553,False,nan,nan,False,False
1312,6.5600000000000005,0.004997109001124045,0.0013919129996793345,4.920000719721429e-06,0.0010628250001900597,0.0008691809998708777,9.906599916575942e-05,0.003540153998983442,0.004472135955066343,0.0020000000000000018,0.8944271910132685,0.0001373689271821953,0.07852092167550327,False,nan,nan,False,False
1313,6.565,0.004979876999641419,0.0014628859989898046,3.8670004869345576e-06,0.0021290259992383653,0.0010799270003190031,0.00011107899990747683,0.003544593000697205,0.004472135955006384,0.0020000000000000018,0.8944271910012768,0.000665455399818368,0.07927327046324843,False,nan,nan,False,False
1314,6.57,0.005134346998602268,0.002054726001006202,1.1982001524302177e-05,0.0010272479994455352,0.001510644999143551,0.00015167499987001065,0.0028163259994471446,0.004472135955003192,0.0020000000000000018,0.8944271910006383,8.471653890657245e-05,0.07830103437891162,False,nan,nan,False,False
1315,6.575,0.004976500000339001,0.0020290180000301916,8.546001481590793e-06,0.002154953999706777,0.0014203460013959557,0.00012801000048057176,0.002845210001396481,0.004472135955055799,0.0020000000000000018,0.8944271910111596,0.0006696674252963891,0.0793991843802172,False,nan,nan,False,False
1316,6.58,0.004948687999785761,0.0013458060002449201,6.271999154705554e-06,0.0009811920008360175,0.0009281220009142999,0.00010204099999100436,0.003563858999768854,0.004472135955100935,0.0020000000000000018,0.8944271910201869,0.0003074029112771321,0.07890463642515795,False,nan,nan,False,False
1317,6.585,0.004993853000996751,0.001276204999157926,7.294000170077197e-06,0.0003048719991056714,0.000908274998437264,7.882799945946317e-05,0.0036341610011731973,0.004472135955065238,0.0020000000000000018,0.8944271910130474,0.0021736562988779085,0.08008650114219741,False,nan,nan,False,False
1318,6.59,0.004990475999875343,0.0015381869998236652,6.8329991336213425e-06,0.0013941070010332623,0.0010952760003419826,0.00010104000102728605,0.003382098000656697,0.004472135955062071,0.0020000000000000018,0.8944271910124141,0.0019149658312008194,0.07746812702009993,False,nan,nan,False,False
1319,6.595,0.004988492999473237,0.0013612050006486243,5.4109987104311585e-06,0.00021621599989885,0.0009322390014858684,0.00010569799997028895,0.0035813920003420208,0.0044721359553797566,0.0020000000000000018,0.8944271910759513,0.0013868609233841675,0.07872996713869773,False,nan,nan,False,False
1320,6.6000000000000005,0.0050329860005149385,0.001228216000527027,7.01300086802803e-06,0.001327701998889097,0.0007261330010805978,0.0001443010005459655,0.003715202999956091,0.004472135955010975,0.0020000000000000018,0.8944271910021949,0.001928733181960469,0.08014364874935691,False,nan,nan,False,False
1321,6.605,0.0050551789991004625,0.0014206460000423249,8.816999979899265e-06,0.00018763200023386162,0.0010128909998456948,9.163200047623832e-05,0.0034447950001776917,0.004472135955072896,0.0020000000000000018,0.894427191014579,0.0006205098911540971,0.08175280952153692,False,nan,nan,False,False
1322,6.61,0.0049721120012691244,0.0017320610004389891,8.425999112660065e-06,0.0012851720002799993,0.001251990001037484,0.00011144000018248335,0.003155621998303104,0.004472135955061998,0.0020000000000000018,0.8944271910123994,7.918989801712151e-05,0.08326312168487991,False,nan,nan,False,False
1323,6.615,0.004985497000234318,0.0014592890001949854,9.629000487620942e-06,0.0023213360000227112,0.001096707999749924,7.755499973427504e-05,0.003438723999352078,0.004472135955063682,0.0020000000000000018,0.8944271910127363,1.2665028287320865e-05,0.0804124278523688,False,nan,nan,False,False
1324,6.62,0.004996276999008842,0.0015679429998272099,7.352999091381207e-06,0.0009977629997592885,0.0010082329990837025,0.00011136899956909474,0.0033184080002683913,0.00447213595512821,0.0020000000000000018,0.8944271910256419,0.00039898440995215947,0.08223018451996554,False,nan,nan,False,False
1325,6.625,0.004939600999932736,0.0013241659999039257,4.188001184957102e-06,0.0021183459994063014,0.0009725960007926915,7.698399895161856e-05,0.003657154000393348,0.004472135955015488,0.0020000000000000018,0.8944271910030974,0.0018338340642895523,0.07911251342214985,False,nan,nan,False,False
1326,6.63,0.0051148500006092945,0.001639087000512518,1.1050999091821723e-05,0.001157030999820563,0.0012323229984758655,8.941799933381844e-05,0.003197440999429091,0.004472135955008098,0.0020000000000000018,0.8944271910016195,0.00012800320832174724,0.08016200863888757,False,nan,nan,False,False
1327,6.635,0.0049646779989416245,0.0016761460010457085,1.0339999789721332e-05,0.002265762001115945,0.0012839599985454697,9.053000030689873e-05,0.003192371999830357,0.004472135955140659,0.0020000000000000018,0.8944271910281315,0.0017699666758707688,0.07947248499602333,False,nan,nan,False,False
1328,6.640000000000001,0.004937708001307328,0.0014377179995790357,5.83099972573109e-06,0.0010764710004877998,0.0009677859998191707,9.491900163993705e-05,0.0035029749997192994,0.004472135955320368,0.0020000000000000018,0.8944271910640735,0.0007217102323572964,0.08064250690012807,False,nan,nan,False,False
1329,6.6450000000000005,0.005016274999434245,0.0013800199994875584,7.384000127785839e-06,0.002221348999228212,0.0009893980004562763,8.027999865589663e-05,0.003555934001269634,0.004472135954999754,0.0020000000000000018,0.8944271909999507,0.0020930768239861325,0.07952450024120143,False,nan,nan,False,False
1330,6.65,0.005034449000959285,0.0012397669997881167,7.954000466270372e-06,0.0010544189990469022,0.0008534220014553284,8.232400068663992e-05,0.0036476559998845914,0.004472135955011108,0.0020000000000000018,0.8944271910022215,0.0003566065126537883,0.08045861704851484,False,nan,nan,False,False
1331,6.655,0.004983843999070814,0.0019030420007766224,7.2830007411539555e-06,0.0022029249994375277,0.0013370689994189888,0.00010620899956848007,0.0030340039993461687,0.004472135955022287,0.0020000000000000018,0.8944271910044573,0.000163894580951354,0.08088082284667315,False,nan,nan,False,False
1332,6.66,0.00507013599963102,0.0012481129997468088,8.996999895316549e-06,0.0011219949992664624,0.0007766979997541057,0.00014713599921378773,0.0035773840008914704,0.004472135955030957,0.0020000000000000018,0.8944271910061912,0.00010004426895124591,0.08055269841575066,False,nan,nan,False,False
1333,6.665,0.0048951280004985165,0.001669572999162483,8.797000191407278e-06,0.002244092000182718,0.0012242970005900133,0.00011109899969596881,0.0032815290014696075,0.004472135955087813,0.0020000000000000018,0.8944271910175625,0.0004536163691647502,0.07991524824378864,False,nan,nan,False,False
1334,6.67,0.005042814000262297,0.0015871689993218752,7.463999281753786e-06,0.0010144139996555168,0.0009733370006870246,0.00010522800039325375,0.0033007160000124713,0.004472135955128616,0.0020000000000000018,0.894427191025723,0.0002352074665456117,0.08015270814385617,False,nan,nan,False,False
1335,6.675,0.004950651999024558,0.0014641580000898102,5.070000042906031e-06,0.0021008730000176,0.001017358999888529,0.0001027529997372767,0.00350127199999406,0.0044721359550100905,0.0020000000000000018,0.894427191002018,0.0009711049642900551,0.07879452083186965,False,nan,nan,False,False
1336,6.68,0.005069856000773143,0.0013826750000589527,8.597000487498008e-06,0.0010117080000782153,0.0009510250001767417,9.862499973678496e-05,0.003489319000436808,0.004472135955073632,0.0020000000000000018,0.8944271910147262,0.0014171976637091888,0.0791014088148606,False,nan,nan,False,False
1337,6.6850000000000005,0.004941504999806057,0.0012935970007674769,5.89099909120705e-06,0.0019987709983979585,0.000905049000721192,8.17440013634041e-05,0.0036334500000521075,0.004472135955298816,0.0020000000000000018,0.894427191059763,0.0010399477689027894,0.07739511773864391,False,nan,nan,False,False
1338,6.69,0.005003701000532601,0.0016221039986703545,6.551999831572175e-06,0.0009497829996689688,0.0011488359996292274,0.00010393499906058423,0.003302539000287652,0.004472135955014049,0.0020000000000000018,0.8944271910028097,0.001614373188962658,0.07979978347965705,False,nan,nan,False,False
1339,6.695,0.0049876510001922725,0.0013858410002285382,5.500000042957254e-06,0.0003521010003169067,0.0009490410011494532,0.00010785199992824346,0.003553058999386849,0.0044721359550119535,0.0020000000000000018,0.8944271910023905,0.0008757434496195829,0.07875988800696562,False,nan,nan,False,False
1340,6.7,0.0050137899997935165,0.0015237899988278514,5.710000550607219e-06,0.0008791299987933598,0.00109153900120873,9.650200081523508e-05,0.0034087780004483648,0.004472135955542501,0.0020000000000000018,0.8944271911085001,0.002366650971358189,0.07950662362041029,False,nan,nan,False,False
1341,6.705,0.005030731999795535,0.0012769370005116798,7.172999175963923e-06,0.0002845540002454072,0.0008975149994512321,8.632199933344964e-05,0.003612820999478572,0.004472135955825037,0.0020000000000000018,0.8944271911650072,0.0006495929535202483,0.0794440960977078,False,nan,nan,False,False
1342,6.71,0.0049605610001890454,0.001606734998858883,5.931000487180427e-06,0.0014004590011609253,0.0011592859991651494,9.71529989328701e-05,0.003323488001115038,0.004472135957523539,0.0020000000000000018,0.8944271915047077,0.0025729898606317637,0.08043650241440393,False,nan,nan,False,False
1343,6.715,0.0050023889998556115,0.001678209999226965,7.934999302960932e-06,0.002240253999843844,0.0012323930004640715,9.779399988474324e-05,0.0032692759996280074,0.004472135956640395,0.0020000000000000018,0.8944271913280788,0.0011642255274256913,0.08090081272846635,False,nan,nan,False,False
1344,6.72,0.005050388999734423,0.0015948130003380356,8.625998816569336e-06,0.0010755190014606342,0.001046414001393714,0.00013278899859869853,0.0032897849996516015,0.004472135955777927,0.0020000000000000018,0.8944271911555852,0.0015082833497516612,0.08176846705468344,False,nan,nan,False,False
1345,6.7250000000000005,0.004958335999617702,0.0015246220009430544,6.001999281579629e-06,0.0022291039986157557,0.001114460999815492,9.430699901713524e-05,0.003395552999791107,0.004472135955400668,0.0020000000000000018,0.8944271910801335,0.0009416756335083856,0.081724213234528,False,nan,nan,False,False
1346,6.73,0.004986789999747998,0.0013976730006106663,5.300000339047983e-06,0.0010502709992579184,0.0008751019995543174,9.221300024364609e-05,0.0035328909998497693,0.004472135955040956,0.0020000000000000018,0.8944271910081911,0.001626327954258708,0.07905764182213104,False,nan,nan,False,False
1347,6.735,0.005012137000449002,0.0015917769997031428,5.870999302715063e-06,0.0021628699996654177,0.0011574330001167255,0.00010978600039379671,0.0033472830000391696,0.004472135955044467,0.0020000000000000018,0.8944271910088932,0.0015709220503446592,0.08164826619121107,False,nan,nan,False,False
1348,6.74,0.005038907000198378,0.0016442960004496854,8.015000275918283e-06,0.0010369859992351849,0.0011433559993747622,0.00012485499973990954,0.0032302229992637876,0.004472135955257054,0.0020000000000000018,0.8944271910514108,0.0011180907779877593,0.08035649439710538,False,nan,nan,False,False
1349,6.745,0.004929181999614229,0.0010224790003121598,4.327999704401009e-06,0.0003915549987141276,0.0007057850016281009,6.991100053710397e-05,0.003915848999895388,0.004472135955285979,0.0020000000000000018,0.8944271910571957,0.00010495259391028527,0.08335734545090727,False,nan,nan,False,False
1350,6.75,0.004994623999664327,0.0010433180013933452,4.21799995820038e-06,0.0009498920007899869,0.0007132079990697093,7.394900057988707e-05,0.0038988779997453094,0.004472135955326464,0.0020000000000000018,0.8944271910652928,0.00013836388750021467,0.07929553063238977,False,nan,nan,False,False
1351,6.755,0.005002229001547676,0.001326238998444751,4.358000296633691e-06,0.002061969998976565,0.0008825260010780767,0.00011677900147333276,0.003646764000222902,0.0044721359556611695,0.0020000000000000018,0.8944271911322339,0.0009141325059815273,0.07992706718485329,False,nan,nan,False,False
1352,6.76,0.005073230999187217,0.001643375000639935,7.864999133744277e-06,0.0008078459995886078,0.001173463000668562,0.00011170900143042672,0.003231826000046567,0.004472135955135719,0.0020000000000000018,0.8944271910271437,0.0016812013069452477,0.08076354611234214,False,nan,nan,False,False
1353,6.765000000000001,0.004928922000544844,0.0010483569985808572,4.958999852533452e-06,0.00023359899932984263,0.0007185689992184052,7.249599912029225e-05,0.0038969640008872375,0.004472135955271323,0.0020000000000000018,0.8944271910542645,0.0005762233513042646,0.081643969876233,False,nan,nan,False,False
1354,6.7700000000000005,0.005014791999201407,0.0010864289997698506,5.350000719772652e-06,0.0014128319999144878,0.0007269439993251581,7.504099994548596e-05,0.00384128900077485,0.004472135956115183,0.0020000000000000018,0.8944271912230365,0.0020236325852304314,0.07953922506768539,False,nan,nan,False,False
1355,6.775,0.005008460000681225,0.0011172670001542429,6.200998541316949e-06,0.00024146299983840436,0.0007715889987593982,8.72330001584487e-05,0.003947528999560745,0.004472135955213519,0.0020000000000000018,0.8944271910427036,0.0057453868587877275,0.08018206029915546,False,nan,nan,False,False
1356,6.78,0.005424752000180888,0.0018278600000485312,2.2972999431658536e-05,0.0017330230002698954,0.0012321930007601622,0.00011846300003526267,0.0026893979993474204,0.004472135955260371,0.0020000000000000018,0.894427191052074,0.0036816065514088383,0.08012571951113734,False,nan,nan,False,False
1357,6.785,0.004669653999371803,0.0011180889996467158,6.733000191161409e-06,3.7118999898666516e-05,0.0007474629983335035,9.384599979966879e-05,0.003708300000653253,0.004472135956423697,0.0020000000000000018,0.8944271912847392,0.002582586613906427,0.07993415693128711,False,nan,nan,False,False
1358,6.79,0.004879579000771628,0.001066400998752215,4.538000212050974e-06,0.0010742869999376126,0.000695755999913672,0.00012490399967646226,0.0038947299999563256,0.004472135955414169,0.0020000000000000018,0.8944271910828338,0.0020786585376725837,0.07821400679928106,False,nan,nan,False,False
1359,6.795,0.005036351998569444,0.0013190460012992844,5.690999387297779e-06,0.002208343999882345,0.0009270310001738835,8.216399874072522e-05,0.003600697998990654,0.00447213595520756,0.0020000000000000018,0.8944271910415119,0.0007105883779691879,0.0818066738467096,False,nan,nan,False,False
1360,6.8,0.004994063001504401,0.0012093999994249316,6.902999302837998e-06,0.0009954990000551334,0.0008521389991074102,9.562000013829675e-05,0.003712106999955722,0.0044721359550129285,0.0020000000000000018,0.8944271910025856,0.0012881872125157046,0.0818747739116978,False,nan,nan,False,False
1361,6.805,0.004990496998289018,0.0015793239999766229,5.810999937239103e-06,0.0020595160003722413,0.001124831000197446,0.00012061599954904523,0.0033571310013940092,0.004472135955204679,0.0020000000000000018,0.8944271910409356,0.001276194963756869,0.08332775232988512,False,nan,nan,False,False
1362,6.8100000000000005,0.005004493001251831,0.0015097830000740942,5.640000381390564e-06,0.000937118998990627,0.0010611119996610796,0.00010477700016053859,0.0034211719994345913,0.0044721359549997714,0.0020000000000000018,0.8944271909999542,0.0016612443221556024,0.08286960584886807,False,nan,nan,False,False
1363,6.815,0.004996376999770291,0.0013509460004570428,5.5199998314492404e-06,0.000280025000392925,0.0009254369997506728,9.879499884846155e-05,0.003584947999115684,0.004472135954999685,0.0020000000000000018,0.8944271909999368,1.3811546164567423e-05,0.08293968414623813,False,nan,nan,False,False
1364,6.82,0.00501582399920153,0.0014936140014469856,6.080999810365029e-06,0.0013603139996121172,0.0010490789991308702,9.438699999009259e-05,0.0034231449990329565,0.004472135955009455,0.0020000000000000018,0.8944271910018908,0.0004140175331551982,0.08149729190941178,False,nan,nan,False,False
1365,6.825,0.004976981999789132,0.0010399820002930937,4.538000212050974e-06,0.0001703100006125169,0.0007241289986268384,7.031200038909446e-05,0.0038926859997445717,0.004472135955091545,0.0020000000000000018,0.8944271910183089,0.0015230564415975628,0.0813284556868926,False,nan,nan,False,False
1366,6.83,0.004997960000764579,0.001120823999372078,5.37999949301593e-06,0.0012451169986889,0.0007106139983079629,8.368699855054729e-05,0.0038080070007708855,0.004472135955932366,0.0020000000000000018,0.894427191186473,0.0025064207752553973,0.0802063226402388,False,nan,nan,False,False
1367,6.835,0.0049778529992181575,0.0009993760013458086,3.887000275426544e-06,0.00016693300131009892,0.0006901350006955909,6.861800102342386e-05,0.003956835998906172,0.004472135955413599,0.0020000000000000018,0.8944271910827196,0.0012195001401796811,0.08276417464124153,False,nan,nan,False,False
1368,6.84,0.005022106000978965,0.0010728540000854991,5.399999281507917e-06,0.0011936800001421943,0.0007164950002334081,8.463800077151973e-05,0.0038550449989998015,0.004472135955034567,0.0020000000000000018,0.8944271910069133,0.003141682803714735,0.08190596752787017,False,nan,nan,False,False
1369,6.845,0.004988753000361612,0.001041995999912615,4.15800059272442e-06,0.00013636599942401517,0.0007181879991549067,7.326800005102996e-05,0.0038982169990049442,0.004472135955016845,0.0020000000000000018,0.8944271910033689,0.00021054510347209864,0.08244505481396057,False,nan,nan,False,False
1370,6.8500000000000005,0.004999222999686026,0.0010826020006788895,4.338000508141704e-06,0.0012199900011182763,0.000728947999959928,8.249499842349906e-05,0.0038603659995715134,0.004472135955032393,0.0020000000000000018,0.8944271910064785,0.0011822543224875655,0.082191305586096,False,nan,nan,False,False
1371,6.855,0.005000215000109165,0.0010210969994659536,4.006999006378464e-06,0.00012698799946520012,0.0007032299999991665,7.511100011470262e-05,0.003919446000509197,0.004472135954999947,0.0020000000000000018,0.8944271909999892,0.0006130495371554402,0.08129273172049309,False,nan,nan,False,False
1372,6.86,0.004991277999579324,0.0009982539995689876,4.589001036947593e-06,0.0012003529991488904,0.0006927900012669852,7.749500036879908e-05,0.0040118300003086915,0.004472135955041687,0.0020000000000000018,0.8944271910083372,0.0008484180638945542,0.08029196448916026,False,nan,nan,False,False
1373,6.865,0.005072120000477298,0.0010318969998479588,4.518000423558988e-06,0.0001043049996951595,0.0007111649993021274,7.503999950131401e-05,0.0038469199989776826,0.004472135955055937,0.0020000000000000018,0.8944271910111873,0.0016742762218577626,0.0795156995752242,False,nan,nan,False,False
1374,6.87,0.004930564000460436,0.0009898279986373382,3.877999915857799e-06,0.0011712279992934782,0.0006926500009285519,6.758600102330092e-05,0.003996481000285712,0.004472135955002685,0.0020000000000000018,0.8944271910005368,0.0011087178552100796,0.08116058233510309,False,nan,nan,False,False
1375,6.875,0.005063503998826491,0.0011006759996234905,5.91100069868844e-06,0.00012018600136798341,0.0007636730006197467,7.985000047483481e-05,0.0038356990007741842,0.004472135955055246,0.0020000000000000018,0.8944271910110492,0.0011031956040817527,0.0806091276581066,False,nan,nan,False,False
1376,6.88,0.00501190700015286,0.001145669999459642,5.91100069868844e-06,0.0012479020006139763,0.0007568710007035406,9.032900015881751e-05,0.003766619000089122,0.004472135955303512,0.0020000000000000018,0.8944271910607023,0.00119302428250442,0.08259166590764096,False,nan,nan,False,False
1377,6.885,0.004986387999451836,0.0010896950007008854,6.181999196996912e-06,0.00012559500100906007,0.000753292999434052,7.905900019977707e-05,0.0038600349998887395,0.004472135955082044,0.0020000000000000018,0.8944271910164087,0.0009992230036664042,0.08241100404381767,False,nan,nan,False,False
1378,6.890000000000001,0.005038727000282961,0.0012279450002097292,6.513000698760152e-06,0.001275653999982751,0.0008001620008144528,9.540999963064678e-05,0.0036800170000788057,0.004472135955000243,0.0020000000000000018,0.8944271910000484,0.001183518598610729,0.0834339650286009,False,nan,nan,False,False
1379,6.8950000000000005,0.0049935429997276515,0.0011454089999460848,6.54199902783148e-06,0.00013838900122209452,0.0007688929999858374,0.00010983599895553198,0.003757182001209003,0.004472135955755776,0.0020000000000000018,0.8944271911511551,0.003386843113737162,0.08268824559910971,False,nan,nan,False,False
1380,6.9,0.004988312000932638,0.0013075539991405094,6.722999387420714e-06,0.0012593629999173572,0.0007869669989304384,9.42269998631673e-05,0.0036047760004294105,0.004472135955016833,0.0020000000000000018,0.8944271910033665,0.003786501437257865,0.08288192383587646,False,nan,nan,False,False
1381,6.905,0.005133184999067453,0.0011396690006222343,7.64399919717107e-06,7.431999983964488e-05,0.0007645050009159604,8.251500003098045e-05,0.003609965000578086,0.004472135955007721,0.0020000000000000018,0.8944271910015441,0.00015558702790305262,0.08280801998580614,False,nan,nan,False,False
1382,6.91,0.004824575000384357,0.0011662990000331774,6.021000444889069e-06,0.0009676259996922454,0.0007839810004952597,9.040899931278545e-05,0.0037438670005940367,0.004472135955202985,0.0020000000000000018,0.8944271910405969,0.002047392082202157,0.08166231952364934,False,nan,nan,False,False
1383,6.915,0.004963545999999042,0.0010253939999529393,4.679000994656235e-06,0.00032785499934107065,0.0007090510007401463,7.238599937409163e-05,0.0039195370009110775,0.004472135955496186,0.0020000000000000018,0.8944271910992371,0.0009597375295831707,0.08136428815862622,False,nan,nan,False,False
1384,6.92,0.004996908000975964,0.0010863890001928667,4.2479987314436585e-06,0.001398624999637832,0.0007008150005276548,7.875799929024652e-05,0.0038598549999733223,0.004472135955030121,0.0020000000000000018,0.8944271910060241,0.0020047792187700506,0.08138903168953883,False,nan,nan,False,False
1385,6.925,0.004997990999981994,0.0010139429996343097,3.877001290675253e-06,0.00025799399918469135,0.0006960559985600412,7.358800030488055e-05,0.00393362300019362,0.004472135955266142,0.0020000000000000018,0.8944271910532281,0.0012920392883747865,0.08228904484182185,False,nan,nan,False,False
1386,6.93,0.0049968789990089135,0.0011040419994969852,3.635999746620655e-06,0.00136718599969754,0.0006957659988984233,6.894899888720829e-05,0.0038451570017059566,0.0044721359550156875,0.0020000000000000018,0.8944271910031374,0.0014730474182473522,0.08327079399163415,False,nan,nan,False,False
1387,6.9350000000000005,0.004994143000658369,0.0009653519991843496,3.597000613808632e-06,0.00019499599875416607,0.0006675530003121821,6.488100007118192e-05,0.003990459999840823,0.004472135955236798,0.0020000000000000018,0.8944271910473595,0.0013624111621183546,0.08184234872742396,False,nan,nan,False,False
1388,6.94,0.00500427299994044,0.0010973389998980565,3.7370009522419423e-06,0.0012841999996453524,0.0006624230009038001,6.827799916209187e-05,0.003853091999189928,0.004472135955009474,0.0020000000000000018,0.8944271910018947,0.0014662511298960557,0.08282470240177321,False,nan,nan,False,False
1389,6.945,0.004996587000277941,0.0009707329991215374,3.848001142614521e-06,0.0001653199997235788,0.0006728429998474894,6.502200085378718e-05,0.003982784999607247,0.004472135955001807,0.0020000000000000018,0.8944271910003614,0.0005546544067238464,0.08227243360981097,False,nan,nan,False,False
1390,6.95,0.004999875000066822,0.0010110570001415908,3.7070003600092605e-06,0.0012863240008300636,0.0006705079995299457,7.690500024182256e-05,0.003963458999351133,0.004472135955069629,0.0020000000000000018,0.8944271910139256,0.0008227846857609619,0.08501958483890534,False,nan,nan,False,False
1391,6.955,0.005022576999181183,0.0009807599999476224,3.836999894701876e-06,0.00018907500088971574,0.0006809480000811163,7.11840002622921e-05,0.0039499640006397385,0.004472135955050664,0.0020000000000000018,0.8944271910101327,0.00014621481324197765,0.08232736105971315,False,nan,nan,False,False
1392,6.96,0.004976510001142742,0.0009658330000092974,3.3959986467380077e-06,0.001283378998778062,0.0006570030000148108,6.906999988132156e-05,0.004019342999526998,0.004472135955220468,0.0020000000000000018,0.8944271910440935,0.0009229427814113321,0.08345534061683178,False,nan,nan,False,False
1393,6.965,0.005029980999097461,0.0010359740008425433,4.248000550433062e-06,0.00021367100089264568,0.0007158829994295957,6.78569995216094e-05,0.0038900009985809447,0.004472135955109573,0.0020000000000000018,0.8944271910219145,0.0005233243608196382,0.08241703595395179,False,nan,nan,False,False
1394,6.97,0.004972561999238678,0.0009787779999896884,3.757000740733929e-06,0.0012875259999418631,0.0006605900016438682,7.254599950101692e-05,0.004008864001662005,0.004472135955723655,0.0020000000000000018,0.8944271911447309,0.0019644069290996936,0.0821554165364945,False,nan,nan,False,False
1395,6.9750000000000005,0.005033287001424469,0.0009629879987187451,3.6969995562685654e-06,0.00019675000112329144,0.0006635059999098303,6.465099977503996e-05,0.003964180001275963,0.004472135955189511,0.0020000000000000018,0.8944271910379021,0.004867663260808545,0.08041908296982846,False,nan,nan,False,False
1396,6.98,0.0049945539994951105,0.001040203000229667,5.019001036998816e-06,0.0005691780006600311,0.0007127979988581501,7.949000064400025e-05,0.003912743999535451,0.004472135955004134,0.0020000000000000018,0.8944271910008267,0.0019038502829891984,0.08170212374214181,False,nan,nan,False,False
1397,6.985,0.005146760999195976,0.0014682850014651194,1.6631000107736327e-05,5.6526001571910456e-05,0.0010265059991070302,0.00010941599975922145,0.003388709999853745,0.004472135955079434,0.0020000000000000018,0.8944271910158867,0.0008137875249969499,0.08213160702023993,False,nan,nan,False,False
1398,6.99,0.00497097900006338,0.001731340000333148,8.785998943494633e-06,0.0012343970010988414,0.001236320000316482,0.00011807199916802347,0.0032142929994734004,0.004472135955127311,0.0020000000000000018,0.894427191025462,0.00028300070226906413,0.0822666892613721,False,nan,nan,False,False
1399,6.995,0.005077740001070197,0.0017533909995108843,9.808998584048823e-06,0.0002146619990526233,0.0011714190004568081,0.0001260169992747251,0.002999529999215156,0.00447213595530251,0.0020000000000000018,0.8944271910605018,0.00343409319599272,0.07919637409958863,False,nan,nan,False,False
1400,7.0,0.0048311279988411115,0.0014700290012115147,6.03099942964036e-06,0.0011148719986522337,0.0009838360001594992,9.902599958877545e-05,0.003445546999500948,0.004472135954999583,0.0020000000000000018,0.8944271909999165,0.002084560710050197,0.08231154368017037,False,nan,nan,False,False
1401,7.005,0.0049868300011439715,0.001469086999350111,5.5300006351899356e-06,0.0021563979989878135,0.001046204000886064,9.256299927073997e-05,0.003457159000390675,0.004472135955058607,0.0020000000000000018,0.8944271910117212,0.0009166027951792668,0.08054244928297227,False,nan,nan,False,False
1402,7.01,0.004990325998733169,0.00147840499994345,5.219999366090633e-06,0.0009842780000326457,0.0010142829996766523,0.00010706099965318572,0.0034610660004545934,0.004472135955117929,0.0020000000000000018,0.8944271910235856,0.0022204573626668795,0.08200015419437215,False,nan,nan,False,False
1403,7.015000000000001,0.005005204000553931,0.001093201999537996,5.288999091135338e-06,0.00036032599928148557,0.0007702359998802422,8.036100007302593e-05,0.003842121001071064,0.004472135955318292,0.0020000000000000018,0.8944271910636582,0.003437040368061505,0.08323927049549637,False,nan,nan,False,False
1404,7.0200000000000005,0.005020864000471192,0.0013500539989763638,6.5420008468208835e-06,0.0008678600006533088,0.0008949790008045966,8.198399882530794e-05,0.003556775000106427,0.004472135955003467,0.0020000000000000018,0.8944271910006932,0.0023714039003779716,0.08172279305302449,False,nan,nan,False,False
1405,7.025,0.0049763099996198434,0.001050861999829067,5.500000042957254e-06,0.00028719900001306087,0.0007242089995997958,7.40590003260877e-05,0.00387510300060967,0.004472135955122092,0.0020000000000000018,0.8944271910244184,0.0010883309765606663,0.08327572343274231,False,nan,nan,False,False
1406,7.03,0.004976870999598759,0.0010274579999531852,4.427998646860942e-06,0.0008214919998863479,0.0006973190011194674,6.969100104470272e-05,0.003917633001037757,0.004472135955193965,0.0020000000000000018,0.8944271910387929,0.0003437740308989256,0.0836988415832267,False,nan,nan,False,False
1407,7.035,0.004994824999812408,0.0009813510005187709,4.1980001697083935e-06,0.00025817399910010863,0.0006862979989818996,6.831800055806525e-05,0.003983526999945752,0.004472135955004281,0.0020000000000000018,0.894427191000856,0.0014085805178685822,0.08212638218097518,False,nan,nan,False,False
1408,7.04,0.00504013899990241,0.0020604670007742243,6.121999831520952e-06,0.000813727001514053,0.0014223299986042548,0.00015078300020832103,0.0028942530007043388,0.004472135955128726,0.0020000000000000018,0.894427191025745,0.0011001821122505993,0.08143451397388385,False,nan,nan,False,False
1409,7.045,0.00504833600098209,0.0014144239994493546,7.164000635384582e-06,0.00032975900103338063,0.0009630269996705465,0.0001019810006255284,0.003458852001131163,0.004472135955199321,0.0020000000000000018,0.8944271910398641,0.00033122342044106376,0.08202730704218626,False,nan,nan,False,False
1410,7.05,0.004956482000125106,0.0015235800001391908,6.221000148798339e-06,0.0008549650010536425,0.0010595089988783002,0.00010825299978023395,0.0033949819990084507,0.004472135955003828,0.0020000000000000018,0.8944271910007654,0.0014442143483957173,0.08228834820508618,False,nan,nan,False,False
1411,7.055,0.0049805779999587685,0.0013252669996290933,5.109999619890004e-06,0.00027899299857381266,0.0008952810003393097,9.983800009649713e-05,0.003610247000324307,0.004472135955127495,0.0020000000000000018,0.894427191025499,0.001106498696572169,0.08142528806047926,False,nan,nan,False,False
1412,7.0600000000000005,0.004992050000510062,0.001050671999109909,4.469000487006269e-06,0.0013845590001437813,0.0007130880003387574,7.825700049579609e-05,0.0038858230000187177,0.004472135954999584,0.0020000000000000018,0.8944271909999167,0.0013576043284781907,0.08114256504755342,False,nan,nan,False,False
1413,7.065,0.00499444399974891,0.0015273159988282714,4.639001417672262e-06,0.00026861500009545125,0.0010834029999386985,0.00011114900007669348,0.003428705000260379,0.004472135955197545,0.0020000000000000018,0.8944271910395089,0.0016877846919172645,0.08147739424692067,False,nan,nan,False,False
1414,7.07,0.005019480999180814,0.0015827799998078262,5.189998773857951e-06,0.0013945270002295729,0.0011509399992064573,0.00010289399870089255,0.003350449000208755,0.004472135955080997,0.0020000000000000018,0.8944271910161993,0.0006037519413041247,0.08251351334957707,False,nan,nan,False,False
1415,7.075,0.004990655999790761,0.0014149460002954584,4.84999873151537e-06,0.0002585359998192871,0.0009893270016618771,8.904800051823258e-05,0.0035852990004059393,0.0044721359552542415,0.0020000000000000018,0.8944271910508481,0.000829623534043261,0.08270775679719532,False,nan,nan,False,False
1416,7.08,0.005108848999952897,0.001742059999742196,8.785998943494633e-06,0.0009269399997720029,0.0011553080003068317,0.00010380499952589162,0.003133681000690558,0.00447213595633412,0.0020000000000000018,0.8944271912668239,0.002461141710581843,0.08286943102067976,False,nan,nan,False,False
1417,7.085,0.0050117470000259345,0.0014786650008318247,9.86800114333164e-06,0.00038771700019424316,0.0010892749996855855,8.076100129983388e-05,0.0033709269991959445,0.004472135956216726,0.0020000000000000018,0.894427191243345,0.00019663710509784096,0.08271270257186097,False,nan,nan,False,False
1418,7.09,0.00492539400147507,0.001271365999855334,6.461999873863533e-06,0.0008893399990483886,0.0008245380013249815,8.331700155395083e-05,0.0036496899992926046,0.004472135955534676,0.0020000000000000018,0.894427191106935,0.001406287171073833,0.08268506713226535,False,nan,nan,False,False
1419,7.095,0.004996787998607033,0.001102981001167791,5.710000550607219e-06,0.0003166539991070749,0.000764464999519987,8.012999933271203e-05,0.0038270730001386255,0.004472135955628876,0.0020000000000000018,0.8944271911257751,0.0002337105737943942,0.08208012290628741,False,nan,nan,False,False
1420,7.1000000000000005,0.0050033410007017665,0.0012878670004283777,6.2519993662135676e-06,0.0014461240007221932,0.0007725900013610953,9.272399984183721e-05,0.003639721999206813,0.004472135955890777,0.0020000000000000018,0.8944271911781552,0.0005702841981275724,0.08238066986539602,False,nan,nan,False,False
1421,7.105,0.005029719999583904,0.0015750559996376978,8.245000572060235e-06,0.0003224749998480547,0.0010650189997249981,0.00015381899902422447,0.0032894040014070924,0.004472135955277598,0.0020000000000000018,0.8944271910555195,0.0015765864716769538,0.08137256231769212,False,nan,nan,False,False
1422,7.11,0.004929893000735319,0.0014765109990548808,5.821000740979798e-06,0.0014144650012895,0.001045311999405385,9.860499994829297e-05,0.0035199270005250582,0.004472135955038292,0.0020000000000000018,0.8944271910076582,0.0012503682649956228,0.08101036800586592,False,nan,nan,False,False
1423,7.115,0.005105271999127581,0.0015475050004170043,8.906999937607907e-06,0.0003750340001715813,0.0010586459993646713,0.00011989499944320414,0.0033941399997274857,0.004472135955076547,0.0020000000000000018,0.8944271910153092,0.0017937646733668098,0.08192237382360482,False,nan,nan,False,False
1424,7.12,0.005067411000709399,0.0017689899996184977,8.43599991640076e-06,0.0015496880005230196,0.0012885080013802508,0.0001087139989977004,0.0030533209992427146,0.004472135955094618,0.0020000000000000018,0.8944271910189235,0.00011672266254685244,0.08276686841212653,False,nan,nan,False,False
1425,7.125,0.004931546000079834,0.0016219839999394026,8.486000297125429e-06,0.0003726089998963289,0.001111847001084243,0.00010256300083710812,0.0032712299998820527,0.00447213595502424,0.0020000000000000018,0.8944271910048478,0.0017602281242332996,0.08274119051324716,False,nan,nan,False,False
1426,7.13,0.0050012069987133145,0.0019475550016068155,8.56600127008278e-06,0.0014353740007209126,0.0015192219998425571,8.943700049712788e-05,0.002891516998715815,0.004472135955428385,0.0020000000000000018,0.8944271910856769,0.003071221982391566,0.081828575643881,False,nan,nan,False,False
1427,7.135,0.0049202150003111456,0.0012568479996843962,7.544000254711136e-06,0.0022278809992712922,0.0009011410002131015,7.934899986139499e-05,0.003645733000666951,0.004472135955039097,0.0020000000000000018,0.8944271910078192,0.0017252187866616472,0.08339586327617352,False,nan,nan,False,False
1428,7.140000000000001,0.004963425000823918,0.0015190710000752006,4.829000317840837e-06,0.0010627649990055943,0.0008688109992363025,0.00010646999908203725,0.0034309700004087063,0.004472135956023899,0.0020000000000000018,0.8944271912047798,0.003076702850550268,0.08116352887903257,False,nan,nan,False,False
1429,7.1450000000000005,0.005025753000154509,0.0015218560001812875,6.080999810365029e-06,0.0021954099993308773,0.0010475859999132808,9.440700159757398e-05,0.003400382000108948,0.004472135955525191,0.0020000000000000018,0.894427191105038,0.0010860788975079584,0.08187523420441488,False,nan,nan,False,False
1430,7.15,0.004983773998901597,0.0014661220011475962,5.410000085248612e-06,0.000982895000561257,0.0010197939991485327,9.612000030756462e-05,0.003472446998785017,0.004472135955549307,0.0020000000000000018,0.8944271911098612,0.005547424363994228,0.07953896408687103,False,nan,nan,False,False
1431,7.155,0.0050017170015053125,0.001358359999358072,5.300000339047983e-06,0.0003502770014165435,0.000926878999962355,0.00010242200005450286,0.003576782999516581,0.004472135955644991,0.0020000000000000018,0.8944271911289979,0.0002343120722832692,0.08171228353702446,False,nan,nan,False,False
1432,7.16,0.0050006159999611555,0.0014360149998537963,5.25900031789206e-06,0.0008197890001611086,0.0009601820001989836,9.276499986299314e-05,0.0034958919986820547,0.004472135955103534,0.0020000000000000018,0.8944271910207067,0.0018194499384298747,0.07799183372244199,False,nan,nan,False,False
1433,7.165,0.0049933519985643215,0.0010724530002335086,5.009000233258121e-06,0.00021147599909454584,0.0007666990004508989,7.054299931041896e-05,0.0038690820001647808,0.004472135955474331,0.0020000000000000018,0.8944271910948661,0.0013868579400076145,0.07992175932919526,False,nan,nan,False,False
1434,7.17,0.005030782000176259,0.0017311900010099635,5.549998604692519e-06,0.0013408970007731114,0.0012908629996672971,0.00010015800035034772,0.0031939239997882396,0.004472135955835358,0.0020000000000000018,0.8944271911670716,0.0008518782348155012,0.08113298353949822,False,nan,nan,False,False
1435,7.175,0.004985568000847707,0.0012993689997529145,5.489999239216559e-06,0.00010271299834130332,0.0008896489998733159,9.104099990508985e-05,0.0037557880004897015,0.00447213595553677,0.0020000000000000018,0.8944271911073538,0.0006857668686789621,0.0822125740448453,False,nan,nan,False,False
1436,7.18,0.00518848799947591,0.001745546000165632,8.536000677850097e-06,0.0013742189985350706,0.001251059000423993,0.00010527800077397842,0.003074881000429741,0.004472135957002807,0.0020000000000000018,0.8944271914005614,0.002581582962553591,0.08108141641685634,False,nan,nan,False,False
1437,7.1850000000000005,0.004929721999360481,0.0016320130016538315,8.586001058574766e-06,0.00018165099936595652,0.0011155730007885722,0.00010721199942054227,0.0031797979991097236,0.004472135955053174,0.0020000000000000018,0.8944271910106347,0.006229981543625102,0.08125552955396255,False,nan,nan,False,False
1438,7.19,0.0048855200002435595,0.001335746999757248,5.881000106455758e-06,0.0011379259995010216,0.0008897799998521805,7.424900104524568e-05,0.00357135300146183,0.004472135955052426,0.0020000000000000018,0.8944271910104852,0.0017453663617420004,0.08201371544168676,False,nan,nan,False,False
1439,7.195,0.004953457000738126,0.0011197919993719552,3.9169990486698225e-06,0.0021568379997916054,0.0007835409996914677,7.593200098199304e-05,0.0038432830006058794,0.004472135954999667,0.0020000000000000018,0.8944271909999334,0.000904379605144197,0.08142247437510074,False,nan,nan,False,False
1440,7.2,0.0050396789993101265,0.001041094001266174,5.108999175718054e-06,0.0010392700005468214,0.0007136800013540778,7.430899859173223e-05,0.0038845209983264795,0.004472135955129277,0.0020000000000000018,0.8944271910258553,0.001397126151118645,0.08203475636453919,False,nan,nan,False,False
1441,7.205,0.004983954000636004,0.0011633640006039059,6.613001460209489e-06,0.002182487000027322,0.0008317110005009454,8.05609997769352e-05,0.003768532998947194,0.004472135955772179,0.0020000000000000018,0.8944271911544357,0.0019627659277821822,0.08142345665977956,False,nan,nan,False,False
1442,7.21,0.004988712998965639,0.0009913310004776577,4.07799961976707e-06,0.0010569839996605879,0.0006844340005045524,6.878999920445494e-05,0.003950735001126304,0.004472135955676856,0.0020000000000000018,0.894427191135371,0.00021187945266261951,0.08182947621540586,False,nan,nan,False,False
1443,7.215,0.005003311000109534,0.0011157940007251455,4.60900082543958e-06,0.0021773570006189402,0.0007686530007049441,8.667299880471546e-05,0.003838373999315081,0.004472135955005375,0.0020000000000000018,0.8944271910010748,0.002825352054518107,0.08093503387873377,False,nan,nan,False,False
1444,7.22,0.005038998000600259,0.001193730000522919,6.1709997680736706e-06,0.0010538579990679864,0.0008563779992982745,7.998000000952743e-05,0.0037079789999552304,0.0044721359550642225,0.0020000000000000018,0.8944271910128443,0.0012496906342057365,0.08134148812595353,False,nan,nan,False,False
1445,7.2250000000000005,0.004959107000104268,0.0011862669998663478,4.227998942951672e-06,0.002060658000118565,0.0008492540000588633,8.229400009440724e-05,0.0037526930009335047,0.004472135955683488,0.0020000000000000018,0.8944271911366976,0.002166667669493104,0.08076983699196477,False,nan,nan,False,False
1446,7.23,0.004988602999219438,0.0010231610012851888,4.128000000491738e-06,0.0009325709997938247,0.0006946829998923931,6.696600030409172e-05,0.003941286999179283,0.004472135955152063,0.0020000000000000018,0.8944271910304125,0.0016512597571932686,0.08271544596368273,False,nan,nan,False,False
1447,7.235,0.00503811600174231,0.0013689599982171785,5.9820013120770454e-06,0.00035530700006347615,0.0009297150008933386,9.164199946098961e-05,0.0035572860015236074,0.00447213595599394,0.0020000000000000018,0.8944271911987878,0.0052494762158470055,0.08023540080923591,False,nan,nan,False,False
1448,7.24,0.0049882629991770955,0.001437528000678867,5.389998477767222e-06,0.000822173000415205,0.001013361999866902,9.144100113189779e-05,0.0035032449995924253,0.004472135956234451,0.0020000000000000018,0.8944271912468902,0.0004315310374832025,0.08112649678601669,False,nan,nan,False,False
1449,7.245,0.005013590000089607,0.0013388429997576168,5.840998710482381e-06,0.00020799099911528174,0.0009213800003635697,0.00010257299982185941,0.0035898669993912335,0.004472135955945272,0.0020000000000000018,0.8944271911890542,0.0005250041372752384,0.07909206734183766,False,nan,nan,False,False
1450,7.25,0.00499594699977024,0.0013084050006000325,5.2299983508419245e-06,0.0012772669997502817,0.0008523599990439834,7.115399967005942e-05,0.003607991999160731,0.004472135956574133,0.0020000000000000018,0.8944271913148264,0.0010681029849848086,0.08070818912345633,False,nan,nan,False,False
1451,7.255,0.004978163000487257,0.0010482269990461646,5.158999556442723e-06,0.00013053499969828408,0.0007231470008264296,7.510999967053067e-05,0.0038895400011824677,0.004472135955674838,0.0020000000000000018,0.8944271911349675,0.0016382959405975353,0.08104042733880898,False,nan,nan,False,False
1452,7.26,0.004988912998669548,0.0009922030003508553,4.088000423507765e-06,0.001160487998276949,0.0006699980003759265,7.299699973373208e-05,0.004017260000182432,0.004472135956029942,0.0020000000000000018,0.8944271912059882,0.0007313501322131705,0.08025315888841698,False,nan,nan,False,False
1453,7.265000000000001,0.005063033000624273,0.0011375550002412638,4.207999154459685e-06,9.013999988383148e-05,0.000724489998901845,0.00010129099973710254,0.0037523629998759134,0.004472135955028286,0.0020000000000000018,0.8944271910056572,0.003199048995101224,0.08163697687976762,False,nan,nan,False,False
1454,7.2700000000000005,0.004940652999721351,0.0009910099997796351,4.09800122724846e-06,0.0010966279987769667,0.0006880410001031123,6.686599954264238e-05,0.003960804000598728,0.004472135955428028,0.0020000000000000018,0.8944271910856055,0.0018352564852490536,0.08245675053569429,False,nan,nan,False,False
1455,7.275,0.0050103740013582865,0.0011715289983840194,7.003000064287335e-06,0.0021938169993518386,0.0008258699999714736,9.462699927098583e-05,0.003762662001463468,0.004472135954999807,0.0020000000000000018,0.8944271909999614,0.0025328174650187402,0.08432781100096333,False,nan,nan,False,False
1456,7.28,0.004988151998986723,0.0009689489997981582,4.027999239042401e-06,0.001036925999869709,0.000676369998473092,6.535200009238906e-05,0.003975952000473626,0.004472135955027998,0.0020000000000000018,0.8944271910055994,0.0005810350605946863,0.08257674871790073,False,nan,nan,False,False
1457,7.285,0.005005364999306039,0.0010842450010386528,4.118001015740447e-06,0.0021589219995803433,0.0007771979999233736,6.896900049468968e-05,0.003861236999000539,0.0044721359550339125,0.0020000000000000018,0.8944271910067824,6.323188086061185e-05,0.08511213509932877,False,nan,nan,False,False
1458,7.29,0.005025542001021677,0.001761236000675126,5.580999641097151e-06,0.0010717519999161595,0.0012889699992228998,0.00010382500113337301,0.003188183000020217,0.004472135955047223,0.0020000000000000018,0.8944271910094445,0.00012477865672731302,0.08248300583446451,False,nan,nan,False,False
1459,7.295,0.005029689998991671,0.00120135500037577,7.434000508510508e-06,0.002167247001125361,0.0008678590002091369,7.312799971259665e-05,0.0036929710004187655,0.004472135955058005,0.0020000000000000018,0.894427191011601,8.86754689461062e-05,0.08050927380380363,False,nan,nan,False,False
1460,7.3,0.0049578860016481485,0.0014597789995605126,5.230000169831328e-06,0.0009648809991631424,0.0010235810004814994,0.00010821300020324998,0.003483788999801618,0.004472135956487125,0.0020000000000000018,0.8944271912974249,0.00552825895264007,0.08132946483266008,False,nan,nan,False,False
1461,7.305,0.005016985998736345,0.0012269529997865902,5.559999408433214e-06,0.0020518809997156495,0.0008776980012044078,7.87779990787385e-05,0.003696598001624807,0.004472135955236803,0.0020000000000000018,0.8944271910473605,0.002771385562075747,0.08072719126634993,False,nan,nan,False,False
1462,7.3100000000000005,0.004993763001039042,0.00152538299880689,5.781001163995825e-06,0.0008702230006747413,0.001085537000108161,9.913600115396548e-05,0.0034043289997498505,0.004472135955004975,0.0020000000000000018,0.8944271910009949,0.002120288000308321,0.07868837855095522,False,nan,nan,False,False
1463,7.315,0.005000535000363016,0.00152206699931412,5.43999885849189e-06,0.0002523540006222902,0.0010564130006969208,0.0001060089998645708,0.003404941000553663,0.004472135956709436,0.0020000000000000018,0.8944271913418871,0.005224443120962628,0.07992272639174025,False,nan,nan,False,False
1464,7.32,0.004992259999198723,0.001200692999191233,4.7389985411427915e-06,0.0013219120010035113,0.0007619300013175234,8.549099948140793e-05,0.0037439370007632533,0.0044721359551176555,0.0020000000000000018,0.894427191023531,0.003646766462828669,0.07902126974643388,False,nan,nan,False,False
1465,7.325,0.005038405999584938,0.001372978000290459,7.693999577895738e-06,0.00019620900093286764,0.0008800320010777796,0.00013139699876774102,0.0035433600005490007,0.0044721359551085135,0.0020000000000000018,0.8944271910217025,0.002548443615455815,0.08041753403447256,False,nan,nan,False,False
1466,7.33,0.004998462000003201,0.0012597740005730884,5.670999598805793e-06,0.0012400279993016738,0.0007520819999626838,9.115100147027988e-05,0.0037011770000390243,0.004472135955068658,0.0020000000000000018,0.8944271910137315,0.002242794785406823,0.07982521660386824,False,nan,nan,False,False
1467,7.335,0.005031984001107048,0.0011012569993908983,5.359999704523943e-06,0.00011144899872306269,0.0007438660013576737,8.892700134310871e-05,0.0037691649995394982,0.004472135955156493,0.0020000000000000018,0.8944271910312985,0.0005042622576166317,0.08134434762167432,False,nan,nan,False,False
1468,7.34,0.004952695999236312,0.001203989999339683,6.6020002122968435e-06,0.001123668998843641,0.0007667699992452981,0.00010457600001245737,0.0037190100010775495,0.004472135955567526,0.0020000000000000018,0.894427191113505,0.0013524131273326195,0.08175878042849678,False,nan,nan,False,False
1469,7.345,0.005012268000427866,0.0013264789995446336,1.0149000445380807e-05,0.0022898679999343585,0.0009491710006841458,9.45980009419145e-05,0.0035779249992629047,0.0044721359553796984,0.0020000000000000018,0.8944271910759396,0.0005185892352837455,0.08295239689543199,False,nan,nan,False,False
1470,7.3500000000000005,0.004968834999090177,0.0010562730003584875,4.909999915980734e-06,0.0010452019996591844,0.000723738001397578,8.6993999502738e-05,0.003877687999192858,0.004472135955291658,0.0020000000000000018,0.8944271910583315,0.0002878669012528151,0.08263852319795678,False,nan,nan,False,False
1471,7.355,0.005014792999645579,0.0012052520014549373,8.425999112660065e-06,0.0022212999992916593,0.0008556349985155975,8.830600017972756e-05,0.0037103439990460174,0.004472135955008481,0.0020000000000000018,0.8944271910016961,0.0016876368495757324,0.08163878470698674,False,nan,nan,False,False
1472,7.36,0.004982671000107075,0.0011991610008408315,6.131998816272244e-06,0.0010106669997185236,0.0008379330010939157,9.951599895430263e-05,0.003737564999028109,0.004472135955016435,0.0020000000000000018,0.8944271910032869,0.0008479024267050322,0.08227111145105385,False,nan,nan,False,False
1473,7.365,0.005017618001147639,0.0014369769996847026,5.339999916031957e-06,0.0020055040004081093,0.0010714010004448937,8.564000017940998e-05,0.003491613000733196,0.004472135955059582,0.0020000000000000018,0.8944271910119163,0.0004355436084511053,0.08016135093119704,False,nan,nan,False,False
1474,7.37,0.005010954999306705,0.0016014560005714884,6.963000487303361e-06,0.0008935770001698984,0.0011622210004134104,0.00010427599954709876,0.0033130480005638674,0.004472135955324741,0.0020000000000000018,0.894427191064948,0.0030837633892990646,0.08211174018323736,False,nan,nan,False,False
1475,7.375,0.004981950000001234,0.0013513070007320493,5.731000783271156e-06,0.00027718999990611337,0.0009341639997728635,9.835500168264844e-05,0.003645721999419038,0.004472135955814729,0.0020000000000000018,0.8944271911629458,0.0055726098302129115,0.08234209129062636,False,nan,nan,False,False
1476,7.38,0.005202444999667932,0.0016913340004975908,1.5730000086477958e-05,0.0006283900002017617,0.0011295200001768535,9.188200056087226e-05,0.003096402000664966,0.004472135956090538,0.0020000000000000018,0.8944271912181074,0.007366727814835909,0.08033375543351011,False,nan,nan,False,False
1477,7.385,0.0048489510008948855,0.0013259280003694585,5.190000592847355e-06,0.00010681999992812052,0.0009134539996011881,8.822500058158766e-05,0.0035509649987943703,0.004472135955257166,0.0020000000000000018,0.8944271910514331,0.0020313090450747363,0.07845645487299718,False,nan,nan,False,False
1478,7.390000000000001,0.004947895999066532,0.0015152040014072554,5.190000592847355e-06,0.001101186000596499,0.0009113599990087096,0.00022566299958270974,0.0034130259991798084,0.004472135955002688,0.0020000000000000018,0.8944271910005377,0.001709154491933725,0.0806442915471822,False,nan,nan,False,False
1479,7.3950000000000005,0.005006336999940686,0.0015792539998074062,6.643000233452767e-06,0.0021674079998774687,0.0011763879992940929,8.973799958766904e-05,0.0033423830009269295,0.004472135956446246,0.0020000000000000018,0.8944271912892492,0.004760846405800403,0.0803139031118432,False,nan,nan,False,False
1480,7.4,0.0049878010013344465,0.001127195999288233,5.170000804355368e-06,0.0007997400007297983,0.0008064739995461423,7.20450007065665e-05,0.0038073060004535364,0.0044721359567618975,0.0020000000000000018,0.8944271913523795,0.000471920982058401,0.08083367723737314,False,nan,nan,False,False
1481,7.405,0.004986218998965342,0.001021096000840771,4.357998477644287e-06,0.0002996830007759854,0.000714210000296589,7.084299977577757e-05,0.0039159199986897875,0.00447213595507421,0.0020000000000000018,0.894427191014842,0.003988543214174342,0.07849309662172513,False,nan,nan,False,False
1482,7.41,0.0049903760009328835,0.0011110249997727806,4.047999027534388e-06,0.0007948220008984208,0.0007182980007200968,6.999200013524387e-05,0.003833063999991282,0.004472135956907243,0.0020000000000000018,0.8944271913814485,0.004191531973869895,0.07994507347402963,False,nan,nan,False,False
1483,7.415,0.00499644799856469,0.0010511330001463648,4.2380015656817704e-06,0.00024878700060071424,0.0007384759992419276,7.70839997130679e-05,0.003905460000169114,0.004472135957275747,0.0020000000000000018,0.8944271914551493,0.01093230473086637,0.0815461714091986,False,nan,nan,False,False
1484,7.42,0.005029069001466269,0.0015784320003149332,5.629999577649869e-06,0.0008601539993833285,0.0011510799995448906,9.393700020154938e-05,0.0033547269995324314,0.0044721359600879956,0.0020000000000000018,0.894427192017599,0.0028260840390261074,0.08099270723335768,False,nan,nan,False,False
1485,7.425,0.005005103999792482,0.0013273509994178312,5.490001058205962e-06,0.00018413499856251292,0.0009242150008503813,8.746499952394515e-05,0.0035998660005134298,0.004472135955051379,0.0020000000000000018,0.8944271910102756,0.007672485852866473,0.08136722344456315,False,nan,nan,False,False
1486,7.43,0.004988030999811599,0.0012241080003150273,4.758998329634778e-06,0.001228716000696295,0.0007911649991001468,0.00015879899910942186,0.0037288989988155663,0.004472135955087073,0.0020000000000000018,0.8944271910174145,0.0019798940042398756,0.08176682428036357,False,nan,nan,False,False
1487,7.4350000000000005,0.005025692998970044,0.0013632090012833942,5.5510008678538725e-06,0.00011925400031032041,0.0009318489992438117,9.301499994762708e-05,0.003545163999660872,0.0044721359552809025,0.0020000000000000018,0.8944271910561804,0.0008875162300587614,0.07993618748281203,False,nan,nan,False,False
1488,7.44,0.004967804001353215,0.0010422059986012755,4.227998942951672e-06,0.0011847040004795417,0.0007084490007400746,8.55310008773813e-05,0.003932551000616513,0.004472135955009631,0.0020000000000000018,0.894427191001926,0.0016272877324887715,0.08120891998397428,False,nan,nan,False,False
1489,7.445,0.0050614699994184775,0.0011532740008988185,6.502999895019457e-06,0.00013799900079902727,0.0007741730005363934,0.0001018109996948624,0.0037297609997040126,0.004472135955059973,0.0020000000000000018,0.8944271910119946,0.0005504606583839832,0.08107479939274236,False,nan,nan,False,False
1490,7.45,0.004956221999236732,0.0013936860013927799,5.570998837356456e-06,0.001083023000319372,0.0007830899994587526,0.00027655899975798093,0.00353812999856018,0.004472135955186951,0.0020000000000000018,0.8944271910373901,0.0007078526553268424,0.08142959863136695,False,nan,nan,False,False
1491,7.455,0.0050008060006803134,0.0014699090006615734,8.395998520427383e-06,0.002184328999646823,0.001013972998407553,9.347500053991098e-05,0.003459232999375672,0.004472135957581534,0.0020000000000000018,0.8944271915163068,0.007716132222404526,0.0813659346634534,False,nan,nan,False,False
1492,7.46,0.005005535000236705,0.001719466999929864,5.900999894947745e-06,0.0010594279992801603,0.0012727679986710427,0.0001000279989966657,0.0032288700003846316,0.004472135955201758,0.0020000000000000018,0.8944271910403516,0.007779608311089673,0.08247479448308422,False,nan,nan,False,False
1493,7.465,0.005047733999163029,0.0023276990013982868,1.1522000932018273e-05,0.002187295000112499,0.001674913999522687,0.0001441509994037915,0.0025550449990987545,0.004472135955367302,0.0020000000000000018,0.8944271910734604,0.00059301537073367,0.0809589785216846,False,nan,nan,False,False
1494,7.47,0.004958567000358016,0.0015177580007730285,6.221998773980886e-06,0.0009766639996087179,0.0010760290006146533,9.932600005413406e-05,0.003401423999093822,0.004472135955337252,0.0020000000000000018,0.8944271910674503,9.572988871105344e-05,0.08341858354984723,False,nan,nan,False,False
1495,7.4750000000000005,0.0049789750009949785,0.0013207079991843784,5.309999323799275e-06,0.00033509800050524063,0.0009076539990928723,0.00010612900041451212,0.003624201999627985,0.0044721359551818975,0.0020000000000000018,0.8944271910363795,0.0005829929748941249,0.0824823017106209,False,nan,nan,False,False
1496,7.48,0.005011314999137539,0.0014711809999425896,5.670999598805793e-06,0.0008755639992159558,0.0010553009997238405,9.167200005322229e-05,0.0034727780002867803,0.004472135957394888,0.0020000000000000018,0.8944271914789774,0.007470070158308126,0.08155723077187252,False,nan,nan,False,False
1497,7.485,0.005039548999775434,0.00170015100047749,7.1829999797046185e-06,0.00022788800015405286,0.0010543180014792597,0.00017214299987244885,0.0032213060003414284,0.004472135955895135,0.0020000000000000018,0.8944271911790269,0.002274852596737757,0.08163363006063387,False,nan,nan,False,False
1498,7.49,0.005019330001232447,0.0013887169989175163,8.064998837653548e-06,0.0008112929990602424,0.0009606029998394661,8.634200094093103e-05,0.0035069820005446672,0.004472135956293531,0.0020000000000000018,0.894427191258706,0.0007232346151586806,0.08041402060354233,False,nan,nan,False,False
1499,7.495,0.004994494998754817,0.0019022800006496254,7.333999747061171e-06,0.0002558900014264509,0.001401880999765126,0.00010478700096427929,0.002973390999613912,0.004472135960284373,0.0020000000000000018,0.8944271920568746,0.004393345319922502,0.0799994482504568,False,nan,nan,False,False
1500,7.5,0.004947826000716304,0.0014111790005699731,6.051999662304297e-06,0.0008271120004792465,0.0009603420003259089,9.260400111088529e-05,0.0035311069987074006,0.00447213595500902,0.0020000000000000018,0.8944271910018039,0.009064016113385129,0.07847088656033359,False,nan,nan,False,False
1501,7.505,0.005036582999309758,0.001561761000630213,7.594999260618351e-06,0.00021785900025861338,0.0010878119992412394,0.00011977400026808027,0.00333053099893732,0.004472135957197251,0.0020000000000000018,0.89442719143945,0.005240591161965609,0.0781306470168264,False,nan,nan,False,False
1502,7.51,0.004961591999744996,0.0014856990001135273,5.83099972573109e-06,0.0012537829989014426,0.000933952000195859,9.524899905954953e-05,0.0034534309997980017,0.004472135955006658,0.0020000000000000018,0.8944271910013316,0.00592626004536691,0.07954424856807887,False,nan,nan,False,False
1503,7.515000000000001,0.005008130001442623,0.0013400249990809243,5.871001121704467e-06,0.00011683900083880872,0.0009216300004482036,9.342500015918631e-05,0.0035741379997489275,0.00447213595535546,0.0020000000000000018,0.8944271910710919,0.0019385531791575312,0.0808275181240786,False,nan,nan,False,False
1504,7.5200000000000005,0.0049751279984775465,0.0011728010013030143,4.839001121581532e-06,0.0011649560001387727,0.0007902529996499652,7.532100062235259e-05,0.0037707470000896137,0.0044721359575362815,0.0020000000000000018,0.8944271915072561,0.008281878481773499,0.0825532893562199,False,nan,nan,False,False
1505,7.525,0.005032275001212838,0.0014303440002549905,8.266000804724172e-06,0.002273407000757288,0.0009161599991784897,0.00019661900114442687,0.0035098579992336454,0.004472135956069197,0.0020000000000000018,0.8944271912138394,0.0021127111055939452,0.08409459750265119,False,nan,nan,False,False
1506,7.53,0.00505780200001027,0.0022745699989172863,9.277999197365716e-06,0.0012799120013369247,0.0016054429997893749,0.00013526399925467558,0.002699927001231117,0.004472135955040022,0.0020000000000000018,0.8944271910080044,0.004673153760141976,0.08248238361608505,False,nan,nan,False,False
1507,7.535,0.00506861400026537,0.00137250599982508,7.283999366336502e-06,0.0001575659989612177,0.0009453040001972113,0.00011431500024627894,0.0034143279990530573,0.004472135955154825,0.0020000000000000018,0.894427191030965,0.0022512460324652234,0.08304188019268374,False,nan,nan,False,False
1508,7.54,0.00485130499873776,0.0012674490008066641,5.46000046597328e-06,0.0011593460003496148,0.0008444250015600119,8.82360000105109e-05,0.00366700300037337,0.0044721359553691825,0.0020000000000000018,0.8944271910738364,0.0008093229362802546,0.08120672747190037,False,nan,nan,False,False
1509,7.545,0.00500719800038496,0.0014770020006835693,7.935001121950336e-06,0.002232009999715956,0.0010491289995115949,9.424700147064868e-05,0.0034514679991843877,0.0044721359568777146,0.0020000000000000018,0.8944271913755427,0.0028845228393492837,0.08064643836903754,False,nan,nan,False,False
1510,7.55,0.004990507000911748,0.001225719999638386,5.029000021750107e-06,0.0010519950010348111,0.0008387140005652327,0.00010376499994890764,0.0037761370003863703,0.0044721359554720334,0.0020000000000000018,0.8944271910944065,0.007784582638467696,0.08090160809506369,False,nan,nan,False,False
1511,7.555,0.005128053999214899,0.0018569050007499754,1.1821999578387477e-05,0.002258969001559308,0.0013027860004513059,0.00011325299965392333,0.0030144880001898855,0.004472135956150627,0.0020000000000000018,0.8944271912301254,0.0014583995428590012,0.08058263222024094,False,nan,nan,False,False
1512,7.5600000000000005,0.004982792999726371,0.0019412729998293798,8.877001164364628e-06,0.0010547000001679407,0.0013934050002717413,0.00012385199988784734,0.002946200000224053,0.004472135955487626,0.0020000000000000018,0.894427191097525,0.0014158394220280344,0.0802170777682626,False,nan,nan,False,False
1513,7.565,0.005005965000236756,0.0018638879992067814,8.90600131242536e-06,0.0021083470001030946,0.0012855229997512652,0.00020108799981244374,0.00298944100177323,0.004472135955072624,0.0020000000000000018,0.8944271910145246,0.003665160747608366,0.07990411342695747,False,nan,nan,False,False
1514,7.57,0.004926407000311883,0.0011734919989976333,5.951000275672413e-06,0.0009942959986801725,0.0008215720008593053,8.94879995030351e-05,0.0037439170009747613,0.00447213595510865,0.0020000000000000018,0.8944271910217299,0.0002269475131277531,0.07954027093481285,False,nan,nan,False,False
1515,7.575,0.004989674000171362,0.0012608469987753779,5.699999746866524e-06,0.002121612000337336,0.0009114010008488549,8.145199899445288e-05,0.003669507001177408,0.004472135955319662,0.0020000000000000018,0.8944271910639324,0.003389559850308654,0.0797192522367937,False,nan,nan,False,False
1516,7.58,0.005004452999855857,0.001184983999337419,5.5510008678538725e-06,0.0010128310004802188,0.0008399159996770322,8.735399933357257e-05,0.0037387980009953026,0.004472135958754506,0.0020000000000000018,0.894427191750901,0.00947072101234247,0.07870158888889435,False,nan,nan,False,False
1517,7.585,0.004996398000002955,0.0012357390005490743,5.730998964281753e-06,0.0021307989991328213,0.0008817040015856037,8.323600013682153e-05,0.0036796459990000585,0.004472135955328322,0.0020000000000000018,0.8944271910656644,0.005161498336899632,0.07939708268353547,False,nan,nan,False,False
1518,7.59,0.005007047000617604,0.002039086999502615,6.812999345129356e-06,0.000946116000704933,0.0014045669995539356,0.0001389600001857616,0.002873915000236593,0.004472135955177764,0.0020000000000000018,0.8944271910355526,0.0005721504622207066,0.08048144704778037,False,nan,nan,False,False
1519,7.595,0.004999142998713069,0.0012972750009794254,6.161000783322379e-06,0.0021153399993636413,0.0009257370002160314,8.484899990435224e-05,0.0035985239992442075,0.004472135955794768,0.0020000000000000018,0.8944271911589535,0.001776548896026116,0.08149791142039975,False,nan,nan,False,False
1520,7.6000000000000005,0.004973103999873274,0.0015391790002468042,6.080999810365029e-06,0.0009448130003875121,0.0010229199997411342,9.69320008152863e-05,0.0034042090010188986,0.004472135955029301,0.0020000000000000018,0.8944271910058601,0.002721255110481964,0.08109149299240319,False,nan,nan,False,False
1521,7.605,0.005062662001364515,0.001987650999581092,1.0579999070614576e-05,0.002123285999914515,0.0012715770008071559,0.0001430689990229439,0.0028824799992435146,0.004472135956498366,0.0020000000000000018,0.8944271912996731,0.003979153383680388,0.0816027037212185,False,nan,nan,False,False
1522,7.61,0.004942446999848471,0.001302533999478328,6.080999810365029e-06,0.0009260080005333293,0.0009247350008081412,0.00010710099923016969,0.0036208759993314743,0.004472135955192525,0.0020000000000000018,0.894427191038505,0.006292959893140288,0.08116079149447199,False,nan,nan,False,False
1523,7.615,0.005014440999730141,0.001270294000278227,5.930998668191023e-06,0.0020167950005998136,0.0009148370008915663,8.214400077122264e-05,0.0036302939988672733,0.00447213595526413,0.0020000000000000018,0.894427191052826,0.0002840620536455872,0.08239869384785949,False,nan,nan,False,False
1524,7.62,0.004965178999555064,0.0015010570004960755,5.6799999583745375e-06,0.0009106699999392731,0.0010490789991308702,9.851499999058433e-05,0.0034393459991406417,0.004472135955209101,0.0020000000000000018,0.8944271910418202,0.003677316024867,0.0814209890915388,False,nan,nan,False,False
1525,7.625,0.005008991000067908,0.0009926040002028458,3.847000698442571e-06,0.0003190790012013167,0.0006515629993373295,0.00010030800149252173,0.0039378999990731245,0.004472135955085215,0.0020000000000000018,0.894427191017043,0.0028385884232124607,0.08069598769107147,False,nan,nan,False,False
1526,7.63,0.0049925709990930045,0.0014271680011006538,5.300000339047983e-06,0.0008174840004357975,0.0008997089989861706,9.126200166065246e-05,0.003519535999657819,0.004472135955227204,0.0020000000000000018,0.8944271910454408,0.0029118458087009367,0.0792814292463659,False,nan,nan,False,False
1527,7.635,0.005048425000495627,0.0015770500012877164,8.344999514520168e-06,0.00023321799926634412,0.0012234459991304902,7.71650011301972e-05,0.003310713998871506,0.0044721359561560045,0.0020000000000000018,0.8944271912312008,0.002263250291140097,0.07996789985072444,False,nan,nan,False,False
1528,7.640000000000001,0.004961602000548737,0.0014800280005147215,5.449999662232585e-06,0.001323794000199996,0.001037707999785198,0.00010214200119662564,0.00343793299907702,0.004472135955845762,0.0020000000000000018,0.8944271911691525,0.007547963699117469,0.07880057597150154,False,nan,nan,False,False
1529,7.6450000000000005,0.004965480000464595,0.0013117719990987098,3.857001502183266e-06,0.00018241199904878158,0.0009074530007637804,9.251400115317665e-05,0.0036508520006464096,0.004472135955819248,0.0020000000000000018,0.8944271911638494,5.4954929072539675e-05,0.0781636438797354,False,nan,nan,False,False
1530,7.65,0.005024189998948714,0.0015209450011752779,5.300000339047983e-06,0.0012350680008239578,0.00089991900131281,9.285399937652983e-05,0.0034185559998149984,0.004472135956872811,0.0020000000000000018,0.8944271913745622,0.008602511063081188,0.07912947648360959,False,nan,nan,False,False
1531,7.655,0.005027406001318013,0.00157808199946885,8.324999726028182e-06,0.00013017399942327756,0.0011554789998626802,9.82549991022097e-05,0.003361889999723644,0.004472135955323412,0.0020000000000000018,0.8944271910646823,0.00302486116431754,0.07838815483972472,False,nan,nan,False,False
1532,7.66,0.005062532000010833,0.002107324999087723,8.867000360623933e-06,0.001208718000270892,0.0015318749992729863,0.00012677800077653956,0.0027379889997973805,0.004472135955160203,0.0020000000000000018,0.8944271910320406,0.0006366158357790856,0.08078244983767682,False,nan,nan,False,False
1533,7.665,0.004904694998913328,0.0013980740004626568,6.261998350964859e-06,0.0021586719994957093,0.0009226520014635753,0.00010038800064648967,0.00355196700002125,0.004472135967670134,0.0020000000000000018,0.8944271935340266,0.014981854236706312,0.08008192177301265,False,nan,nan,False,False
1534,7.67,0.005025512000429444,0.0014796069990552496,6.311998731689528e-06,0.0010407930003566435,0.000939022000238765,9.999800022342242e-05,0.003435078000620706,0.004472135955869052,0.0020000000000000018,0.8944271911738102,0.01699317685804172,0.08081041024346651,False,nan,nan,False,False
1535,7.675,0.004978314000254613,0.001445562998924288,5.661000614054501e-06,0.002159423000193783,0.001029793000270729,9.404699994775001e-05,0.0035032050000154413,0.004472135971852364,0.0020000000000000018,0.8944271943704726,0.012002448651331125,0.08341183834230836,False,nan,nan,False,False
1536,7.68,0.005027846998927998,0.0016688619998603826,6.3520001276629046e-06,0.0010213059995294316,0.0011579729998629773,0.00010572800056252163,0.0032740050010033883,0.004472135973356634,0.0020000000000000018,0.8944271946713268,0.031738054282261806,0.08159742519424619,False,nan,nan,False,False
1537,7.6850000000000005,0.005067621001217049,0.0020031799995194888,8.074999641394243e-06,0.0021142280002095504,0.0013970920008432586,0.0001066999993781792,0.0028421139995771227,0.004472135955493395,0.0020000000000000018,0.894427191098679,0.013549813160816854,0.08256353287983047,False,nan,nan,False,False
1538,7.69,0.004910455998469843,0.001468477001253632,5.37999949301593e-06,0.0008867939995980123,0.0010372979995736387,9.493799916526768e-05,0.003463539998847409,0.004472135955242887,0.0020000000000000018,0.8944271910485773,0.004524333006534023,0.08007052407893606,False,nan,nan,False,False
1539,7.695,0.0049919800003408454,0.0012361999997665407,5.219999366090633e-06,0.00031551199936075136,0.0008411590006289771,0.00010121999912371393,0.0037030800012871623,0.004472135955142381,0.0020000000000000018,0.8944271910284761,0.0004364507724732836,0.08105289471053644,False,nan,nan,False,False
1540,7.7,0.005005164000976947,0.0014398619987332495,5.420000888989307e-06,0.0008175640014087548,0.0009063719990081154,9.153199971478898e-05,0.003508265001073596,0.004472135955453143,0.0020000000000000018,0.8944271910906284,0.0011181794965119314,0.08008128248183,False,nan,nan,False,False
1541,7.705,0.005053544999100268,0.0019079110006714473,8.565999451093376e-06,0.00024563099941588007,0.0014535479986079736,0.00010303300041414332,0.0029774180002277717,0.0044721359550203696,0.0020000000000000018,0.8944271910040738,0.0020023113848413043,0.0797801561622859,False,nan,nan,False,False
1542,7.71,0.004947235000145156,0.0013144170006853528,5.129999408381991e-06,0.001286194001295371,0.00086989299961715,9.3284999820753e-05,0.003636905999883311,0.004472135955110572,0.0020000000000000018,0.8944271910221142,0.0007148938491682052,0.08050301930563303,False,nan,nan,False,False
1543,7.715,0.0050476240012358176,0.0017880859995784704,7.734999599051662e-06,0.00019826199968520086,0.0013057610012765508,0.00011838200043712277,0.0031169599988061236,0.004472135960571114,0.0020000000000000018,0.8944271921142227,0.010189636793943496,0.07977041846764595,False,nan,nan,False,False
1544,7.72,0.004983332999472623,0.0014676649989269208,6.4730011217761785e-06,0.0012088589992345078,0.0009805599984247237,9.83240006462438e-05,0.0034913520012196386,0.004472135955153955,0.0020000000000000018,0.894427191030791,0.010415682169564436,0.07812440033205537,False,nan,nan,False,False
1545,7.7250000000000005,0.0050241799999639625,0.0013006909994146554,5.5199998314492404e-06,0.00011322299906169064,0.0008910820015444187,9.055000009539071e-05,0.003592643000956741,0.004472135955131123,0.0020000000000000018,0.8944271910262245,0.00011431481530176308,0.0776447579584865,False,nan,nan,False,False
1546,7.73,0.0049958660001721,0.0014612830000260146,7.92500031820964e-06,0.0011700459999701707,0.0008576000000175554,0.00025149199973384384,0.0034246079994773027,0.004472135956235897,0.0020000000000000018,0.8944271912471794,0.00557828623112957,0.08106146553405925,False,nan,nan,False,False
1547,7.735,0.004974927998773637,0.001707164001345518,8.386001354665495e-06,0.0022080349990574177,0.001021516998662264,0.00010147000102733728,0.00322042399966449,0.0044721359558462645,0.0020000000000000018,0.8944271911692528,0.0007253599858971882,0.08162975778128993,False,nan,nan,False,False
1548,7.74,0.005021925000619376,0.0013805010003125062,7.704000381636433e-06,0.0010883920003834646,0.0009157089989457745,9.798400060390122e-05,0.0035092969992547296,0.004472135955341322,0.0020000000000000018,0.8944271910682644,0.0056923695396406,0.08239597834164028,False,nan,nan,False,False
1549,7.745,0.00495618300010392,0.0015037119992484804,5.350000719772652e-06,0.0021298669998941477,0.0010511230011616135,9.787399903871119e-05,0.0034270720007043565,0.004472135955139342,0.0020000000000000018,0.8944271910278684,0.0007972275048373967,0.08345053547119992,False,nan,nan,False,False
1550,7.75,0.004995004999727826,0.0014158770009089494,5.4299998737405986e-06,0.0009416280008736067,0.0009951270003512036,9.684199903858826e-05,0.003549821998603875,0.004472135956335864,0.0020000000000000018,0.8944271912671728,0.005787253881367715,0.08444377346080224,False,nan,nan,False,False
1551,7.755,0.00507827100045688,0.001955660000021453,9.438001143280417e-06,0.0020957039996574167,0.0013842380012647482,0.00010831400140887126,0.0029085789992677746,0.004472135958739159,0.0020000000000000018,0.8944271917478316,0.0029424743370286125,0.08247886114291225,False,nan,nan,False,False
1552,7.76,0.004937626999890199,0.001423691999661969,5.821000740979798e-06,0.0008714360010344535,0.0009651710006437497,9.31249996938277e-05,0.003497134001008817,0.004472135956793635,0.0020000000000000018,0.894427191358727,0.01238248172865644,0.08251952386493314,False,nan,nan,False,False
1553,7.765000000000001,0.004982811999070691,0.0013314390016603284,5.37999949301593e-06,0.00031375899925478734,0.0009138749992416706,0.00010401500003354158,0.0036052870000276016,0.004472135956378117,0.0020000000000000018,0.8944271912756233,0.009508606079203187,0.08309507243012218,False,nan,nan,False,False
1554,7.7700000000000005,0.00500087600084953,0.0014166790006129304,5.1489987527020276e-06,0.0008185669994418276,0.0009842370000114897,0.00010615999963192735,0.0035227619991928805,0.0044721359551059,0.0020000000000000018,0.89442719102118,0.005675098126492598,0.08123730151188624,False,nan,nan,False,False
1555,7.775,0.00501169699964521,0.0015092020003066864,5.500000042957254e-06,0.00024351700085389894,0.001102259000617778,9.473700083617587e-05,0.0034321719995205058,0.004472135955778973,0.0020000000000000018,0.8944271911557944,0.004573198693945342,0.0814068506353698,False,nan,nan,False,False
1556,7.78,0.005037885001001996,0.0015440579991263803,7.463999281753786e-06,0.0007856649990571896,0.0009792679993552156,0.00010305400064680725,0.003364203999808524,0.0044721359551261435,0.0020000000000000018,0.8944271910252287,0.004685522180811272,0.08090905336381846,False,nan,nan,False,False
1557,7.785,0.005018088999349857,0.0019386879994272022,8.225000783568248e-06,0.0002383579994784668,0.0013354160000744741,0.00010351400123909116,0.002950236999822664,0.004472135956613256,0.0020000000000000018,0.8944271913226511,0.006151322535112092,0.08228281234838225,False,nan,nan,False,False
1558,7.79,0.004981228999895393,0.0015821889992366778,7.554001058451831e-06,0.0012824469995393883,0.000970611001321231,0.00010417600060463883,0.0033679620009934297,0.0044721359614563645,0.0020000000000000018,0.8944271922912729,0.004807074387008769,0.07817223835992924,False,nan,nan,False,False
1559,7.795,0.005046532000051229,0.0014061389993003104,7.463999281753786e-06,0.00016345699987141415,0.0009345840007881634,0.00011547699978109449,0.003438093001022935,0.004472135956374467,0.0020000000000000018,0.8944271912748932,0.014048326165707843,0.07831915046543868,False,nan,nan,False,False
1560,7.8,0.004918721000649384,0.0013445139993564226,5.809999493067153e-06,0.0011958340001001488,0.0008494039993820479,9.606999992683996e-05,0.003638408999904641,0.0044721359568077115,0.0020000000000000018,0.8944271913615424,0.009522562892598074,0.07936239583613779,False,nan,nan,False,False
1561,7.805000000000001,0.005072369998742943,0.001696585000900086,6.761998520232737e-06,0.000150672998643131,0.0012053829996148124,0.00012349200005701277,0.003179608000209555,0.004472135955780888,0.0020000000000000018,0.8944271911561775,0.0017430097753638003,0.0788911399392393,False,nan,nan,False,False
1562,7.8100000000000005,0.004965400001310627,0.001559336998980143,6.851998477941379e-06,0.001165798001238727,0.0010609510009089718,0.00010212199958914425,0.003347342000779463,0.004472135963927683,0.0020000000000000018,0.8944271927855364,0.007959656080902534,0.08132507925121348,False,nan,nan,False,False
1563,7.815,0.005105643000206328,0.0017228729993803427,7.675000233575702e-06,0.00011203000030945987,0.0011316139989503426,0.00011248200098634697,0.0030755829993722728,0.0044721359935096395,0.0020000000000000018,0.8944271987019278,0.03477923048450446,0.08280274010462864,False,nan,nan,False,False
1564,7.82,0.004889225998340407,0.001547475001643761,7.1829999797046185e-06,0.0010505219997867243,0.0008930559997679666,0.000132368999402388,0.003364003998285625,0.004472135956942741,0.0020000000000000018,0.8944271913885481,0.028749104034695643,0.08258241945027578,False,nan,nan,False,False
1565,7.825,0.005095694001283846,0.0013219609991210746,8.905999493435957e-06,5.2088000302319415e-05,0.0008765249986026902,0.00010982699859596323,0.0034950099998241058,0.004472135955743971,0.0020000000000000018,0.8944271911487942,0.0020094830848881463,0.08175404389088275,False,nan,nan,False,False
1566,7.83,0.0049081519991887035,0.0015864180004427908,7.513999662478454e-06,0.0010755879993666895,0.0010577350003586616,9.982700066757388e-05,0.003300353999293293,0.004472135955005546,0.0020000000000000018,0.8944271910011092,0.0035559984550491103,0.08295260938052523,False,nan,nan,False,False
1567,7.835,0.004954949999955716,0.001513601000624476,5.641000825562514e-06,0.002136519999112352,0.0011173269995197188,9.320500066678505e-05,0.0034172539999417495,0.0044721359650646145,0.0020000000000000018,0.8944271930129228,0.012293757499049976,0.08163419170686488,False,nan,nan,False,False
1568,7.84,0.004990216000805958,0.0013980439998704242,4.858999091084115e-06,0.0009595109986548778,0.0009896379997371696,9.999800022342242e-05,0.003542880000168225,0.0044721359561180835,0.0020000000000000018,0.8944271912236166,0.008000791393370572,0.08127941021678975,False,nan,nan,False,False
1569,7.845,0.005004573000405799,0.0013942669993411982,5.240000973572023e-06,0.002035249999607913,0.0009852489984041313,9.951599895430263e-05,0.003554261000317638,0.004472135955281065,0.0020000000000000018,0.8944271910562127,0.006007879578648644,0.08110217628169901,False,nan,nan,False,False
1570,7.8500000000000005,0.005037915998400422,0.001645398000619025,6.742999175912701e-06,0.0009418370009370847,0.0012040500005241483,0.00011180000001331791,0.003288170999439899,0.004472135966004297,0.0020000000000000018,0.8944271932008593,0.014556414050082267,0.07946332944683476,False,nan,nan,False,False
1571,7.855,0.0050496270014264155,0.001703336998616578,9.207000402966514e-06,0.0021101000002090586,0.0012298980000196025,0.00010207100058323704,0.0031672650002292357,0.0044721359559386,0.0020000000000000018,0.89442719118772,0.008883564283402614,0.07939821907536829,False,nan,nan,False,False
1572,7.86,0.004962233999322052,0.0013904190000175731,7.894999725976959e-06,0.0008794309997028904,0.000930465999772423,0.00010285299867973663,0.003500941000311286,0.004447148276834898,0.0020000000000000018,0.8894296553669796,2.2606640600459174,0.07979325551316686,False,nan,nan,False,False
1573,7.865,0.004955750999215525,0.0013417590016615577,5.631000021821819e-06,0.0002432469991617836,0.0009421089998795651,9.330500142823439e-05,0.003588985999158467,0.004374236760841873,0.0020000000000000018,0.8748473521683746,6.9275065532200495,0.07835615483473977,False,nan,nan,False,False
1574,7.87,0.004992200001652236,0.0014380789998540422,5.2299983508419245e-06,0.0013238039991847472,0.0010081820000777952,0.00010210099935648032,0.0034978650000994094,0.004308676579227529,0.0020000000000000018,0.8617353158455057,6.7532003730480366,0.08002386921687461,False,nan,nan,False,False
1575,7.875,0.0050047929998982,0.001219508998474339,5.17999978910666e-06,0.0001608420006959932,0.0008360190004168544,9.912599853123538e-05,0.0037297500002750894,0.0042064015669834465,0.0020000000000000018,0.8412803133966893,12.00001191370224,0.07963863016190459,False,nan,nan,False,False
1576,7.88,0.005034148998674937,0.0015507000007346505,6.571999620064162e-06,0.0012716069995803991,0.001127956998971058,0.00010311399819329381,0.0033722499993018573,0.004154734354017297,0.0020000000000000018,0.8309468708034593,7.126387400702539,0.08080960323349556,False,nan,nan,False,False
1577,7.885,0.005016716000682209,0.0013349750006454997,7.534001269959845e-06,0.00019762100055231713,0.0009080939998966642,9.843400039244443e-05,0.003552557998773409,0.004083850346313772,0.0020000000000000018,0.8167700692627544,12.000000845976555,0.08119104549399397,False,nan,nan,False,False
1578,7.890000000000001,0.004951402999722632,0.0014498510008706944,5.018999218009412e-06,0.0012184169991087401,0.0010216679984296206,9.538899939798284e-05,0.0034806730000127573,0.004048017798050624,0.0020000000000000018,0.8096035596101248,8.066298479449207,0.07992688906070285,False,nan,nan,False,False
1579,7.8950000000000005,0.004990045999875292,0.0012690510011452716,4.958999852533452e-06,0.0001350029997411184,0.0008810540002741618,8.801599869912025e-05,0.0036712509991048137,0.004012911458093026,0.0020000000000000018,0.8025822916186051,12.000009050823962,0.08114794141414476,False,nan,nan,False,False
1580,7.9,0.0049997940004686825,0.00136881800062838,4.839001121581532e-06,0.0012207210002088686,0.0008441039990429999,0.00012203000005683862,0.003600778998588794,0.004048017792722272,0.0020000000000000018,0.8096035585444544,12.000004827172065,0.08065989886501627,False,nan,nan,False,False
1581,7.905,0.00506984499952523,0.0015583450003759935,9.33699993765913e-06,0.00020703899826912675,0.001071010001396644,0.00011946400081797037,0.003335519999382086,0.003872138732601099,0.0020000000000000018,0.7744277465202197,16.970563232421323,0.07722556149979377,False,nan,nan,False,False
1582,7.91,0.0049850360010168515,0.0019586669986892957,7.673999789403751e-06,0.0012697429992840625,0.0013737680001213448,0.00011749099940061569,0.002933916000984027,0.0040480177902651,0.0020000000000000018,0.80960355805302,16.970562775757294,0.0772690802888497,False,nan,nan,False,False
1583,7.915,0.004959077999956207,0.001319996999882278,6.161000783322379e-06,0.00015584200082230382,0.0009028650001710048,9.379600123793352e-05,0.0036065799995412817,0.003872138732407701,0.0020000000000000018,0.7744277464815402,16.97056281156502,0.07632662130270408,False,nan,nan,False,False
1584,7.92,0.004986107998774969,0.0014521060002152808,5.219999366090633e-06,0.0012226549988554325,0.0008414189996983623,9.518899969407357e-05,0.0034864829995058244,0.00393034861731802,0.0020000000000000018,0.7860697234636039,13.53757115257044,0.07261094474469015,False,nan,nan,False,False
1585,7.925,0.005000856001061038,0.0012466999996831873,5.100000635138713e-06,0.00012927200077683665,0.0008336050013895147,0.00010772200039355084,0.003694233999340213,0.0038079728159135656,0.0020000000000000018,0.7615945631827132,16.970563248936976,0.06996706675417985,False,nan,nan,False,False
1586,7.930000000000001,0.005000215000109165,0.0014217989992175717,5.210000381339341e-06,0.001206925000587944,0.0008773270001256606,9.377599963045213e-05,0.0035901179999200394,0.0038004887250100814,0.0020000000000000018,0.7600977450020163,1.1260335764096225,0.07079234321364976,False,nan,nan,False,False
1587,7.9350000000000005,0.005082158999357489,0.0020964649993402418,6.752999979653396e-06,0.00011784100024669897,0.0014956570012145676,0.0001002689987217309,0.002786159000606858,0.0037256549425493265,0.0020000000000000018,0.7451309885098654,16.970568841136203,0.06984970320353867,False,nan,nan,False,False
1588,7.94,0.004987881000488414,0.0016763269995863084,7.554001058451831e-06,0.0012066050003340933,0.0010318570002709748,0.00011311199887131806,0.00322813899947505,0.003809414890849933,0.0020000000000000018,0.7618829781699866,12.342157725529026,0.07099621955583944,False,nan,nan,False,False
1589,7.945,0.005033137000282295,0.002003910998610081,1.129100019170437e-05,0.002280329999848618,0.0014714619992446387,0.00010699100130295847,0.002872151000701706,0.003800676673971739,0.0020000000000000018,0.7601353347943478,16.970566922907224,0.07118333303305106,False,nan,nan,False,False
1590,7.95,0.004974525998477475,0.001596707001226605,7.705000825808384e-06,0.0010503710000193678,0.0011427249992266297,8.008100121514872e-05,0.0032971389991871547,0.003928236212012386,0.0020000000000000018,0.7856472424024771,12.471041558896916,0.07132141095533968,False,nan,nan,False,False
1591,7.955,0.005020884000259684,0.0020286680010030977,8.896999133867212e-06,0.00220286399962788,0.0014035549993423047,0.00010691100033000112,0.0028289689998928225,0.003981659803853775,0.0020000000000000018,0.7963319607707547,16.97058727433084,0.06988374800998948,False,nan,nan,False,False
1592,7.96,0.004922148000332527,0.0017795910007407656,5.739999323850498e-06,0.0009161199996015057,0.001185514998724102,0.0001243639999302104,0.0031766920001246035,0.004030137036840306,0.0020000000000000018,0.8060274073680611,14.50639391858194,0.07254392423944551,False,nan,nan,False,False
1593,7.965,0.005059315999460523,0.0014854680011922028,8.425999112660065e-06,0.00033152200012409594,0.001012920998618938,0.00010698000005504582,0.0033828289997472893,0.004004602451191835,0.0020000000000000018,0.8009204902383671,12.000012918030853,0.07171212661904859,False,nan,nan,False,False
1594,7.97,0.00493661600012274,0.0015956850002112333,5.489999239216559e-06,0.0006971679995331215,0.0011744240000552963,0.00010332399870094378,0.0033304799999314127,0.004011405200313169,0.0020000000000000018,0.8022810400626337,4.413540785140005,0.07182316012638607,False,nan,nan,False,False
1595,7.9750000000000005,0.004994042999896919,0.0013543620007112622,5.871001121704467e-06,0.00014333900071505923,0.0009059500007424504,0.00011209100011910778,0.0036037530007888563,0.004000000650588334,0.0020000000000000018,0.8000001301176668,12.000000258939885,0.07006418229058194,False,nan,nan,False,False
1596,7.98,0.005085024000436533,0.001842126999690663,9.388000762555748e-06,0.0006919380011822795,0.0012834589997510193,0.0001304950001213001,0.0030445450011029607,0.0040000372788050725,0.0020000000000000018,0.8000074557610144,0.5998720966145457,0.07043877639188789,False,nan,nan,False,False
1597,7.985,0.0049902259997907095,0.0022470570002042223,8.355000318260863e-06,0.002152078999642981,0.0015261750013451092,0.0001537079988338519,0.002639563999764505,0.004003416438301462,0.0020000000000000018,0.8006832876602925,7.304923287090954,0.06995060716841217,False,nan,nan,False,False
1598,7.99,0.004984365001291735,0.0015771399994264357,8.115999662550166e-06,0.0009521369993308326,0.001106396999603021,0.00010403499982203357,0.003311795999252354,0.004002141489490215,0.0020000000000000018,0.8004282978980429,1.3781080708802664,0.07097823330059826,False,nan,nan,False,False
1599,7.995,0.004992770998796914,0.0020548470001813257,8.385000910493545e-06,0.00032348700005968567,0.0014835740003036335,0.00012016599976050202,0.0028391380001266953,0.004006103449841532,0.0020000000000000018,0.8012206899683063,3.605926080349138,0.0712946640460026,False,nan,nan,False,False
1600,8.0,0.005000866000045789,0.0018369070003245724,9.637999028200284e-06,0.0008425319992966251,0.0011903140002686996,0.0001332299998466624,0.003075021999393357,0.00400645799908326,0.0020000000000000018,0.8012915998166521,0.2534596195250668,0.0710895314691567,False,nan,nan,False,False
1601,8.005,0.005009852000512183,0.0014377690004039323,7.503998858737759e-06,0.00028645699967455585,0.0009562650011503138,0.00010102899977937341,0.0034571189989947015,0.004008847005988842,0.0020000000000000018,0.8017694011977682,1.5518994345835702,0.06915060510328118,False,nan,nan,False,False
1602,8.01,0.004992942000171752,0.0016252000004897127,7.874999937484972e-06,0.0013126339999871561,0.001149387000623392,0.00010807299986481667,0.003252423999583698,0.004010388936079801,0.0020000000000000018,0.8020777872159601,0.8917605979255603,0.07120768059551047,False,nan,nan,False,False
1603,8.015,0.004942636000123457,0.0013845489993400406,5.660000169882551e-06,0.00016849600069690496,0.0009457050000492018,9.647099977883045e-05,0.0035491119997459464,0.004013558884543172,0.0020000000000000018,0.8027117769086345,1.6460329648913843,0.07323157197404732,False,nan,nan,False,False
1604,8.02,0.004996768999262713,0.0014790160003030906,5.089999831398018e-06,0.0012211320008645998,0.0009314879989688052,9.923600009642541e-05,0.003532299999278621,0.004016656709923403,0.0020000000000000018,0.8033313419846805,1.4316292413892322,0.07194724410391887,False,nan,nan,False,False
1605,8.025,0.005074283999420004,0.0013281220017233863,4.998999429517426e-06,0.00010865400145121384,0.0009019829994940665,0.00010378499973739963,0.0035247359992354177,0.004020617054607568,0.0020000000000000018,0.8041234109215136,1.6491021036516211,0.07415727907285107,False,nan,nan,False,False
1606,8.03,0.004917559001114569,0.0015510720004385803,5.29999852005858e-06,0.001144678999480675,0.0009814820004976355,0.00010101999941980466,0.0034145079989684746,0.004022453941072342,0.0020000000000000018,0.8044907882144684,0.7110928540337845,0.07478781379591787,False,nan,nan,False,False
1607,8.035,0.0050720300005195895,0.0020179579987598117,1.0149000445380807e-05,0.0022509049995278474,0.0013549730010709027,0.00011737100066966377,0.002875195999877178,0.004032072946499677,0.0020000000000000018,0.8064145892999354,3.325257350661511,0.07200297520352188,False,nan,nan,False,False
1608,8.040000000000001,0.004987891999917338,0.001741979000144056,7.64499964134302e-06,0.0010755479997897055,0.0011613289989327313,0.00011671899846987799,0.0031587089997628937,0.004026735846903913,0.0020000000000000018,0.8053471693807828,1.772282776461956,0.07487084680058823,False,nan,nan,False,False
1609,8.045,0.004998151000108919,0.0018104079990735045,7.283999366336502e-06,0.002127142000972526,0.0012928770011058077,0.0001253259997611167,0.003085521000684821,0.004045671773742318,0.0020000000000000018,0.8091343547484636,5.717382066481665,0.07525192369932507,False,nan,nan,False,False
1610,8.05,0.004969836998498067,0.0016119060001074104,4.829000317840837e-06,0.0008943889988586307,0.001119820999520016,0.00011388400162104517,0.003305793999970774,0.0040306856013148425,0.0020000000000000018,0.8061371202629685,4.390864804588743,0.07365919701309499,False,nan,nan,False,False
1611,8.055,0.004979025001375703,0.0011905749997822568,5.0600010581547394e-06,0.00029232899942144286,0.0008541229999536881,9.705299999041017e-05,0.0037792829989484744,0.004057273001550368,0.0020000000000000018,0.8114546003100734,7.315928556683742,0.0713019306769932,False,nan,nan,False,False
1612,8.06,0.005111884998768801,0.0024349600007553818,1.0118999853148125e-05,0.000790033000157564,0.0017241259993170388,0.00015235600039886776,0.0024130589990818407,0.00404183405000221,0.0020000000000000018,0.808366810000442,3.971799448608445,0.07338072908910973,False,nan,nan,False,False
1613,8.065,0.0049249230014538625,0.0014707209993503056,6.181999196996912e-06,0.00018699099928198848,0.0009937549984897487,0.0001108880005631363,0.003433653999309172,0.004066947121124312,0.0020000000000000018,0.8133894242248625,6.194763137876689,0.07283014301789358,False,nan,nan,False,False
1614,8.07,0.004986589998225099,0.0013119520008331165,6.2710005295230076e-06,0.0012096200007363223,0.0007557089993497357,0.00012083699948561843,0.003603944000133197,0.004062227024461351,0.0020000000000000018,0.8124454048922702,1.0635491672999986,0.07109941619260576,False,nan,nan,False,False
1615,8.075,0.004985887000657385,0.0012282860006962437,5.450001481221989e-06,0.00023351800155069213,0.0008573089999117656,0.00011771100071200635,0.003686889998789411,0.004084436673177374,0.0020000000000000018,0.8168873346354748,4.716414273823869,0.07347223058990829,False,nan,nan,False,False
1616,8.08,0.004972783999619423,0.0012788000003638444,4.978999641025439e-06,0.0012479119995987276,0.0008165330000338145,0.0001195739987451816,0.0036703990008390974,0.004074169682216073,0.0020000000000000018,0.8148339364432146,2.094038540438359,0.07238481029517004,False,nan,nan,False,False
1617,8.085,0.0050089010001102,0.0011033110004063928,4.397999873617664e-06,0.00014306800039776135,0.0007412509985442739,9.16619992494816e-05,0.0038295070007734466,0.004101972197216638,0.0020000000000000018,0.8203944394433275,5.40333928579243,0.07131307695991283,False,nan,nan,False,False
1618,8.09,0.00498823199995968,0.0010707500005082693,4.27799932367634e-06,0.001189501999760978,0.0007394679996650666,7.92480004747631e-05,0.003879121000863961,0.004095989754624186,0.0020000000000000018,0.819197950924837,1.0956945777500162,0.07248063147425604,False,nan,nan,False,False
1619,8.095,0.0050094020007236395,0.001038119000440929,4.499001079238951e-06,0.00013575499906437472,0.0007170560002123239,6.928000038897153e-05,0.003921128998626955,0.0041271705323467685,0.0020000000000000018,0.8254341064693538,5.4032110068445505,0.07375460586687008,False,nan,nan,False,False
1620,8.1,0.005071818999567768,0.0012545549998321803,7.544000254711136e-06,0.0012196500010759337,0.0008514080000168178,8.85560002643615e-05,0.0036860979998891708,0.004112385753909847,0.0020000000000000018,0.8224771507819695,2.4719101315811574,0.07430337142396826,False,nan,nan,False,False
1621,8.105,0.005011455999920145,0.0013391040010901634,5.670000973623246e-06,0.00011966499914706219,0.000902514000699739,0.00010331399971619248,0.0035460949984553736,0.004146202176082831,0.0020000000000000018,0.8292404352165663,5.459516845408222,0.07679444959335129,False,nan,nan,False,False
1622,8.11,0.004986478999853716,0.0013843289998476394,7.564000043203123e-06,0.001231330999871716,0.0010036429994215723,7.032199937384576e-05,0.00354475300082413,0.004148178401118134,0.0020000000000000018,0.8296356802236268,0.29938939680823534,0.07405567718209584,False,nan,nan,False,False
1623,8.115,0.005057803000454442,0.0017501149995950982,1.1009999070665799e-05,0.0023700579986325465,0.0012018050001643132,0.00010913400001300033,0.0031291129998862743,0.004184374519927063,0.0020000000000000018,0.8368749039854124,5.183973005014386,0.07671788315234636,False,nan,nan,False,False
1624,8.120000000000001,0.004988673999832827,0.001744994000546285,8.917000741348602e-06,0.0012009140009467956,0.0012704239998129196,0.00010479600132384803,0.003145443999528652,0.004142460464128198,0.0020000000000000018,0.8284920928256396,6.055538564774823,0.07616184093485982,False,nan,nan,False,False
1625,8.125,0.005033667001043796,0.0019571729990275344,2.3274000341189094e-05,0.0023400919999403413,0.0014141840001684614,0.00012086700007785112,0.0029057240008114604,0.0041967582426994795,0.0020000000000000018,0.8393516485398957,7.717238674790625,0.07775201080325529,False,nan,nan,False,False
1626,8.13,0.004973053999492549,0.0014430480005103163,8.696999429957941e-06,0.001146292001067195,0.0007501580003008712,0.00012031500045850407,0.0034410989992466057,0.004215525020393977,0.0020000000000000018,0.8431050040787954,2.428221057708569,0.07568623525439705,False,nan,nan,False,False
1627,8.135,0.0049770109999371925,0.0011853149990201928,7.403999916277826e-06,0.0023113080005714437,0.0007978679986990755,7.869799992477056e-05,0.0037919070000498323,0.004244411548775455,0.0020000000000000018,0.8488823097550909,3.554365145232717,0.0734519155930161,False,nan,nan,False,False
1628,8.14,0.005107535998831736,0.0016732410003896803,8.736000381759368e-06,0.0013703720014746068,0.0010704400010581594,0.00011123900003440212,0.0031330800011346582,0.004250640513420289,0.0020000000000000018,0.8501281026840577,0.7407852049843735,0.07530549382293876,False,nan,nan,False,False
1629,8.145,0.004915246001473861,0.0016169739992619725,8.536000677850097e-06,0.00017443699834984727,0.0011131380015285686,0.00010617999942041934,0.003269857999839587,0.004265408292514245,0.0020000000000000018,0.8530816585028489,1.7234419652170965,0.07257496448116002,False,nan,nan,False,False
1630,8.15,0.004994783999791252,0.0017730079998727888,8.655999408802018e-06,0.0012951009994139895,0.0012887990014860407,0.00011134899978060275,0.003108643999439664,0.004344689106460413,0.0020000000000000018,0.8689378212920825,8.594278537403708,0.07421059668185208,False,nan,nan,False,False
1631,8.155,0.004981980999218649,0.0015788430009706644,8.836999768391252e-06,0.0001648699999350356,0.0011120380004285835,0.00010230199950456154,0.0033314029988105176,0.004236595295011442,0.0020000000000000018,0.8473190590022883,12.000022739835927,0.07551397066856759,False,nan,nan,False,False
1632,8.16,0.0050198520002595615,0.001861614000517875,8.475999493384734e-06,0.001298227000006591,0.0013594310003099963,0.00010866400043596514,0.0031062799989740597,0.00434468909246381,0.0020000000000000018,0.868937818492762,12.000010310000102,0.07378331819304815,False,nan,nan,False,False
1633,8.165000000000001,0.005093589999887627,0.0015395789996546227,8.43599991640076e-06,0.0002788340007100487,0.0010702590006985702,0.00010395500066806562,0.003260219000367215,0.004103503343138611,0.0020000000000000018,0.8207006686277222,16.970563006762735,0.07555208325690912,False,nan,nan,False,False
1634,8.17,0.004908372000500094,0.0018332210001972271,8.596000043326057e-06,0.0007396279997919919,0.0013195859992265468,0.00012204900122014806,0.0030524989997502416,0.004344689087185898,0.0020000000000000018,0.8689378174371796,16.97056488314443,0.0761579295395614,False,nan,nan,False,False
1635,8.175,0.004983974000424496,0.0014851979995000875,7.845001164241694e-06,0.00017165300050692167,0.0009976530000130879,0.00011006699969584588,0.003364074000273831,0.004172556999197302,0.0020000000000000018,0.8345113998394603,12.760010153860279,0.07664106393607222,False,nan,nan,False,False
1636,8.18,0.0049307049994240515,0.0014910779991623713,6.431999281630851e-06,0.001210713000546093,0.0009412370000063675,9.913599933497608e-05,0.0034206200016342336,0.004422979369297376,0.0020000000000000018,0.8845958738594752,16.97057942298408,0.07778207017285131,False,nan,nan,False,False
1637,8.185,0.0049858780002978165,0.001654073999816319,1.732199962134473e-05,0.0021895200006838422,0.0012267830006749136,9.301499994762708e-05,0.0032960959997581085,0.004303514025291939,0.0020000000000000018,0.8607028050583879,12.000164537684594,0.0786262065045547,False,nan,nan,False,False
1638,8.19,0.005057692000264069,0.0015763390001666266,8.365999747184105e-06,0.0011568310001166537,0.0010766610012069577,9.757299994817004e-05,0.003421721999984584,0.004422979336806281,0.0020000000000000018,0.8845958673612563,12.000082686467145,0.07806098927010836,False,nan,nan,False,False
1639,8.195,0.0051441549985611346,0.0016796430008980678,1.090099976863712e-05,0.0023313960009545553,0.0012040389992762357,0.00011584700041566975,0.0031715820005047135,0.004303513903702791,0.0020000000000000018,0.8607027807405581,12.000002357420444,0.07926718199432245,False,nan,nan,False,False
1640,8.2,0.0049780429999373155,0.0017782580016501015,8.506000085617416e-06,0.0012169740002718754,0.0012597240001923637,0.00010775200098578352,0.0030279429993242957,0.004383871871293581,0.0020000000000000018,0.8767743742587162,8.257894767146457,0.07727544904424029,False,nan,nan,False,False
1641,8.205,0.0049455930002295645,0.0017975940008909674,2.117000076395925e-05,0.002322229000128573,0.0013161299993953435,0.00010429600115458015,0.0030614459992648335,0.004472135966372553,0.0020000000000000018,0.8944271932745104,8.241162300935965,0.07781905679470105,False,nan,nan,False,False
1642,8.21,0.004967924000084167,0.0018807699998433236,8.795999747235328e-06,0.0011865779997606296,0.0011478250016807579,0.00011613800052145962,0.0030134160006127786,0.004472136114900452,0.0020000000000000018,0.8944272229800903,0.06059394853452917,0.07941449978620932,False,nan,nan,False,False
1643,8.215,0.005029879999710829,0.001907711000967538,2.0198000129312277e-05,0.002325664998352295,0.0013954389996797545,0.00010954499884974211,0.0029532129992730916,0.00447213695891691,0.0020000000000000018,0.8944273917833818,0.16769832653452454,0.07848312636000308,False,nan,nan,False,False
1644,8.22,0.0049703190015861765,0.001637063000089256,8.867000360623933e-06,0.001197597999635036,0.001132916000642581,0.00010238200047751889,0.003253455999583821,0.004472136172442335,0.0020000000000000018,0.894427234488467,0.17564538848106742,0.07947538389528509,False,nan,nan,False,False
1645,8.225,0.005184690999158192,0.0015652180009055883,1.0940999345621094e-05,0.00010205100079474505,0.0010834229997271905,0.00010767200001282617,0.003142597999612917,0.004472138924167535,0.0020000000000000018,0.8944277848335068,0.2619175453483509,0.07782262577146802,False,nan,nan,False,False
1646,8.23,0.004816610000489163,0.0017746209996403195,8.725999578018673e-06,0.0011559289996512234,0.0012605160009115934,0.00011989499944320414,0.0031176520005828934,0.004296780950714602,0.0020000000000000018,0.8593561901429203,12.78063892849764,0.07832975155279183,False,nan,nan,False,False
1647,8.235,0.0051681400000234134,0.0014486189993476728,8.666000212542713e-06,0.00018883400116465054,0.0009929330008162651,0.00010946600013994612,0.0032724520006013336,0.004237924075434194,0.0020000000000000018,0.8475848150868389,12.780927670194776,0.07832801301685963,False,nan,nan,False,False
1648,8.24,0.004829464998692856,0.00166722900030436,8.707000233698636e-06,0.0012207510008011013,0.0011495580001792405,0.00010247200043522753,0.0032236000006378163,0.00434626356727132,0.0020000000000000018,0.8692527134542639,12.000739225071404,0.07939420234534456,False,nan,nan,False,False
1649,8.245000000000001,0.005027455001254566,0.0017870749998110114,2.5978999474318698e-05,0.0023364349999610567,0.0013059709999652114,0.00010518800081626978,0.0030775459999858867,0.0044721359698784826,0.0020000000000000018,0.8944271939756964,12.00060392475614,0.0780832741285147,False,nan,nan,False,False
1650,8.25,0.00497335500040208,0.0017166519992315443,8.475999493384734e-06,0.0012159630005044164,0.0012295970009290613,0.00010488699990673922,0.003196780000507715,0.004472136297005237,0.0020000000000000018,0.8944272594010474,0.08455199649007775,0.07746137808097137,False,nan,nan,False,False
1651,8.255,0.005055928999354364,0.001701985000181594,1.0809999366756529e-05,0.00233536300038395,0.0012367809995339485,0.00010392500007583294,0.0031316280001192354,0.004472136114467762,0.0020000000000000018,0.8944272228935525,0.022188323953940922,0.07656645930281608,False,nan,nan,False,False
1652,8.26,0.00494436000008136,0.0016472819988848642,8.666000212542713e-06,0.0012140990002080798,0.0011643750003713649,0.00011423400064813904,0.0032441290004499024,0.00447213597527017,0.0020000000000000018,0.8944271950540339,0.030739569529439997,0.07804847814986113,False,nan,nan,False,False
1653,8.265,0.005027597000662354,0.0017842279994511046,2.5387998903170228e-05,0.0017853609988378594,0.0012737799988826737,0.00010944599853246473,0.0030798909992881818,0.004472135974462465,0.0020000000000000018,0.894427194892493,0.033721220943953925,0.07889686315227577,False,nan,nan,False,False
1654,8.27,0.004986598998584668,0.0017337839999527205,8.777000402915291e-06,0.0012146600001869956,0.0012564790013129823,0.00010473700058355462,0.0031477280008402886,0.004472136609693365,0.0020000000000000018,0.8944273219386729,0.11348392850984991,0.07807455972329302,False,nan,nan,False,False
1655,8.275,0.00516780900034064,0.0015924090002954472,1.1440999514888972e-05,0.0001094959989131894,0.0011142819985252572,0.00010812300024554133,0.0031174109990388388,0.004472136389670019,0.0020000000000000018,0.8944272779340039,0.01792457871832347,0.07765140935199857,False,nan,nan,False,False
1656,8.28,0.004824134000955382,0.0016145609988598153,8.655999408802018e-06,0.0011999519992968999,0.0011140509996039327,0.00010226199992757756,0.003274856000643922,0.004472136172990086,0.0020000000000000018,0.894427234598017,0.023016514833405787,0.07841610058830153,False,nan,nan,False,False
1657,8.285,0.0050267349997739075,0.001749873999870033,3.198999911546707e-05,0.0018060700003843522,0.0012494040001911344,0.00011901399921043776,0.0031430999988515396,0.004472135967269516,0.0020000000000000018,0.8944271934539031,0.042602463709017914,0.07828315146629428,False,nan,nan,False,False
1658,8.290000000000001,0.005001937999622896,0.0017012829994200729,2.0116998712182976e-05,0.0012418509995768545,0.0010829829989233986,0.00011910300054296385,0.0031602010003553005,0.004472136360836503,0.0020000000000000018,0.8944272721673004,0.08946050323874467,0.07922559870416385,False,nan,nan,False,False
1659,8.295,0.005002318999686395,0.001785620999726234,1.1141000868519768e-05,0.002332537000256707,0.0012904120012535714,0.00010412500159873161,0.003070402999583166,0.004472135987935569,0.0020000000000000018,0.8944271975871136,0.0544989531512123,0.07994313617004198,False,nan,nan,False,False
1660,8.3,0.004965930000253138,0.0016970050000963965,8.74599936651066e-06,0.0012019159985356964,0.0011650969991023885,0.00010449699948367197,0.003140664999591536,0.004472137238629835,0.0020000000000000018,0.8944274477259669,0.15724572156398603,0.07990495155205889,False,nan,nan,False,False
1661,8.305,0.004946654000377748,0.0016096420004032552,9.448000128031708e-06,0.0022444820006057853,0.0011471339985291706,0.00010572800056252163,0.0032748259982327,0.004472135958347265,0.0020000000000000018,0.894427191669453,0.142456891288979,0.08144549940025657,False,nan,nan,False,False
1662,8.31,0.0049610919995757286,0.001532686999780708,6.280999514274299e-06,0.0011475339997559786,0.0009655020003265236,0.00010000800102716312,0.003483648000838002,0.004472136190599246,0.0020000000000000018,0.8944272381198491,0.06498729092615022,0.0798872971670146,False,nan,nan,False,False
1663,8.315,0.005094150999866542,0.0012188079999759793,5.940999471931718e-06,0.00015089299995452166,0.0007439159999194089,0.00013235799997346476,0.0036321469997346867,0.0044721361218035575,0.0020000000000000018,0.8944272243607114,0.00920772091443701,0.07991315763669576,False,nan,nan,False,False
1664,8.32,0.00495320600020932,0.001634528000067803,8.275001164292917e-06,0.0011412519997975323,0.001001039001494064,0.00011146999895572662,0.003350037999553024,0.004472136055868384,0.0020000000000000018,0.8944272111736767,0.010864359028221483,0.07957813166857243,False,nan,nan,False,False
1665,8.325,0.005125661000420223,0.0015468429992324673,1.1280999387963675e-05,0.000228208999033086,0.0010262560008413857,0.00011936400005652104,0.003224692000003415,0.004472135982712573,0.0020000000000000018,0.8944271965425145,0.018078922646888155,0.07813993760271287,False,nan,nan,False,False
1666,8.33,0.004879337999227573,0.0017007719998218818,7.824000931577757e-06,0.0012156319990026532,0.00122934799946961,0.00010929500058409758,0.0032343309994757874,0.004472135955039299,0.0020000000000000018,0.8944271910078597,0.019160814177569763,0.07974309284416851,False,nan,nan,False,False
1667,8.335,0.005012998999518459,0.0013860910003131721,6.051999662304297e-06,0.00013397099974099547,0.0009271599992644042,0.00010365499838371761,0.003478267999525997,0.004472136046250586,0.0020000000000000018,0.8944272092501171,0.03689083950045725,0.08180076706911317,False,nan,nan,False,False
1668,8.34,0.00494245600020804,0.0015845340003579622,6.172000212245621e-06,0.0012023359995509963,0.001149427000200376,0.00010742100130300969,0.0033708060000208206,0.004472136024907326,0.0020000000000000018,0.8944272049814652,0.004507230565277962,0.07928065373105818,False,nan,nan,False,False
1669,8.345,0.005033356999774696,0.001382585000101244,5.9710000641644e-06,0.00012974399942322634,0.0009340939996036468,0.00010227100028714631,0.0035021130006498424,0.00447213600704526,0.0020000000000000018,0.8944272014090521,0.00433836662413064,0.08081903402722086,False,nan,nan,False,False
1670,8.35,0.004962524000802659,0.0015419539995491505,6.120999387349002e-06,0.001176247000330477,0.0010932820005109534,9.689199941931292e-05,0.003422113000851823,0.004472135988566704,0.0020000000000000018,0.8944271977133407,0.00537391240876229,0.08032971914158982,False,nan,nan,False,False
1671,8.355,0.00504303500019887,0.0013153889995010104,5.97200050833635e-06,0.00013191799916967284,0.0009028950007632375,9.386700003233273e-05,0.003563087000657106,0.004472135968252052,0.0020000000000000018,0.8944271936504102,0.008145936988671911,0.07996659278324798,False,nan,nan,False,False
1672,8.36,0.004954859999998007,0.0017372099991916912,6.2519993662135676e-06,0.001198217998535256,0.0010396119996585185,9.51490001170896e-05,0.0031882540006336058,0.004472135973909871,0.0020000000000000018,0.8944271947819741,0.030222081253201864,0.08161833323120386,False,nan,nan,False,False
1673,8.365,0.005113376999361208,0.0013363680009206291,6.4420000853715464e-06,4.0245000491268e-05,0.0008980450002127327,0.00010350499906053301,0.0034775770000123885,0.004216633750359571,0.0020000000000000018,0.8433267500719144,16.970596089894293,0.08151769063277613,False,nan,nan,False,False
1674,8.370000000000001,0.004890870000963332,0.0015683129986427957,5.95099845668301e-06,0.0011790930002462119,0.0011507099989103153,9.519900049781427e-05,0.003402056001505116,0.004472135972166754,0.0020000000000000018,0.8944271944333507,16.970562816125486,0.08412934476306826,False,nan,nan,False,False
1675,8.375,0.0050483149989304366,0.0013581090006482555,6.172000212245621e-06,0.00013250799929664936,0.0009186240004055435,9.870500070974231e-05,0.0035133139990648488,0.0044721359672554445,0.0020000000000000018,0.8944271934510889,0.002430522678965039,0.08271000745603813,False,nan,nan,False,False
1676,8.38,0.004949629999828176,0.001547514000776573,6.301999746938236e-06,0.0012053329992340878,0.0011258929989708122,9.519800005364232e-05,0.0034135469995817402,0.004472135963569429,0.0020000000000000018,0.8944271927138856,0.0021691812027326137,0.0811064278883073,False,nan,nan,False,False
1677,8.385,0.0050392780012771254,0.00136718599969754,6.592001227545552e-06,0.00013295000098878518,0.000940796000577393,9.477799903834239e-05,0.0035173409996787086,0.004472135963477363,0.0020000000000000018,0.8944271926954727,5.964590074045194e-05,0.08146370708355045,False,nan,nan,False,False
1678,8.39,0.00496123099946999,0.0015481560003536288,5.931000487180427e-06,0.0011863959989568684,0.0011097030001110397,0.00011004599946318194,0.0033762669991119765,0.004472135955073497,0.0020000000000000018,0.8944271910146994,0.012043203677428024,0.08132981769670025,False,nan,nan,False,False
1679,8.395,0.005024660998969921,0.0015827210008865222,8.717001037439331e-06,0.002311749000000418,0.0011345900002197595,0.00010625899994920474,0.0033141099993372336,0.004472136086579321,0.0020000000000000018,0.8944272173158642,0.044422212608409166,0.08059023411932847,False,nan,nan,False,False
1680,8.4,0.004970629001036286,0.001585897000040859,6.150999979581684e-06,0.0010871509985008743,0.0009951579995686188,9.503799992671702e-05,0.003341621999425115,0.004472136067193404,0.0020000000000000018,0.8944272134386808,0.0033239514428583185,0.08042267149274429,False,nan,nan,False,False
1681,8.405,0.005036993999965489,0.0015426959998876555,8.085000445134938e-06,0.002170804000343196,0.0010869500001717824,0.00013799899898003787,0.0033499269993626513,0.004472136045628398,0.0020000000000000018,0.8944272091256794,0.004056254665825594,0.07983602295371686,False,nan,nan,False,False
1682,8.41,0.004969125999195967,0.001612247000593925,6.021000444889069e-06,0.0010498809988348512,0.0010098959992319578,0.0002020900010393234,0.0033108629995695082,0.004472136018338347,0.0020000000000000018,0.8944272036676694,0.00590653946861417,0.08033205706021287,False,nan,nan,False,False
1683,8.415000000000001,0.005030011001508683,0.0015447589994437294,8.025001079658978e-06,0.0022285519989964087,0.0009928939998644637,0.00019537700063665397,0.003347462999954587,0.004472135994343561,0.0020000000000000018,0.8944271988687121,0.006378413101384723,0.07834515565810388,False,nan,nan,False,False
1684,8.42,0.004966942999089952,0.001639355999941472,5.469999450724572e-06,0.001113960999646224,0.0010887329990509897,0.00019469600010779686,0.0032862480002222583,0.004472135960718773,0.0020000000000000018,0.8944271921437545,0.014681673699922283,0.07855247379941344,False,nan,nan,False,False
1685,8.425,0.005029800000556861,0.001555258999360376,8.266000804724172e-06,0.0022279310014710063,0.0010857679990294855,0.0001417659987055231,0.0033357810007146327,0.004472135956987761,0.0020000000000000018,0.8944271913975521,0.014380986548799083,0.07959166012494423,False,nan,nan,False,False
1686,8.43,0.004965449999872362,0.0016430929990747245,5.580001015914604e-06,0.0011166759995830944,0.0010459530003572581,0.00020299099924159236,0.0032861380004760576,0.004082891132535089,0.0020000000000000018,0.8165782265070176,20.784610261853445,0.0809324743322123,False,nan,nan,False,False
1687,8.435,0.0050128379989473615,0.0015636050011380576,7.673999789403751e-06,0.0021355179997044615,0.0010793860001285793,0.00013302999832376372,0.0033533929999975953,0.0037255872020488115,0.0020000000000000018,0.7451174404097624,20.784609691222396,0.08113251720568937,False,nan,nan,False,False
1688,8.44,0.004990907000319567,0.0016140999996423488,5.741001587011851e-06,0.0010336590003134916,0.0009882750000542728,0.00021193800057517365,0.003309200999865425,0.004082891132747508,0.0020000000000000018,0.8165782265495016,20.784609737661405,0.08257171049665826,False,nan,nan,False,False
1689,8.445,0.005090434000521782,0.0013137160003680037,6.361999112414196e-06,3.7620000512106344e-05,0.0008854320003592875,9.201200009556487e-05,0.0035211989998060744,0.0044721359550612206,0.0020000000000000018,0.8944271910122439,20.784609705823726,0.07981233454262454,False,nan,nan,False,False
1690,8.45,0.004911007999908179,0.001658442999541876,6.181999196996912e-06,0.001132936000431073,0.001003884000965627,9.318500087829307e-05,0.0032630740006425185,0.00447213595522764,0.0020000000000000018,0.8944271910455279,0.0008673749753225382,0.079126978683993,False,nan,nan,False,False
1691,8.455,0.005031774000599398,0.0015270659987436375,8.585999239585362e-06,0.0016102320005302317,0.0010897760002990253,0.00011733000064850785,0.0033626410004217178,0.004082891148934862,0.0020000000000000018,0.8165782297869723,20.784616201876318,0.07291111763044054,False,nan,nan,False,False
1692,8.46,0.004963775998476194,0.0014908980010659434,5.920999683439732e-06,0.0011006259992427658,0.0009893459991872078,9.746299838298e-05,0.0034354380004515406,0.0037288391144342037,0.0020000000000000018,0.7457678228868407,20.58721740740497,0.07439228637396388,False,nan,nan,False,False
1693,8.465,0.00500137700146297,0.0015541069988103118,7.613998604938388e-06,0.001661147000049823,0.0010965980000037234,0.00011148900011903606,0.0033751040009519784,0.004086492340094309,0.0020000000000000018,0.8172984680188619,20.784609840626334,0.07483955437454863,False,nan,nan,False,False
1694,8.47,0.005005884999263799,0.0016125370002555428,6.021000444889069e-06,0.0011374040004739072,0.001003483999738819,0.00018540800010669045,0.00330733800001326,0.0044721359587435745,0.0020000000000000018,0.8944271917487149,20.58721772832047,0.07078979075321606,False,nan,nan,False,False
1695,8.475,0.005009713000617921,0.001545139999507228,1.0408999514766037e-05,0.0016611779992672382,0.0010828619997482747,0.00011467500007711351,0.0033701449992804555,0.004472135959160783,0.0020000000000000018,0.8944271918321565,0.015036694567296645,0.06888404215028723,False,nan,nan,False,False
1696,8.48,0.004991689000235056,0.001533237998955883,5.6110002333298326e-06,0.001131123000959633,0.0009747389995027333,9.413699990545865e-05,0.0033867960009956732,0.004082891146937768,0.0020000000000000018,0.8165782293875535,20.784610559326854,0.06760660163696162,False,nan,nan,False,False
1697,8.485,0.005022606999773416,0.0015839030002098298,8.716999218449928e-06,0.002231477999885101,0.0011217749997740611,0.00012122800035285763,0.0033100919990829425,0.003727180510360153,0.0020000000000000018,0.7454361020720307,20.687281051237754,0.0710392777415188,False,nan,nan,False,False
1698,8.49,0.004958546000125352,0.0011319749992253492,4.949999492964707e-06,0.0011644460009847535,0.0007684719985263655,8.406799861404579e-05,0.0038145790003909497,0.004084656061651011,0.0020000000000000018,0.8169312123302022,20.784616572283387,0.0768248607239195,False,nan,nan,False,False
1699,8.495000000000001,0.005006907998904353,0.0009788970000954578,4.748999344883487e-06,0.00010026800009654835,0.0006757390001439489,6.69350010866765e-05,0.00393844199970772,0.004472135977618624,0.0020000000000000018,0.8944271955237248,20.68729256391449,0.07353774245800475,False,nan,nan,False,False
1700,8.5,0.004982652000762755,0.0010811190004460514,4.938998245052062e-06,0.001205802998811123,0.0007472520010196604,7.850700058043003e-05,0.0038805429994681617,0.004346262762559829,0.0020000000000000018,0.8692525525119656,12.000015658042557,0.07241936253837486,False,nan,nan,False,False
1701,8.505,0.005024590000175522,0.0010159569992538309,5.37999949301593e-06,0.00011395300134608988,0.0007119470010366058,6.784800098103005e-05,0.0038931070012040436,0.00447213595499998,0.0020000000000000018,0.8944271909999958,12.000000089939036,0.0753013802600838,False,nan,nan,False,False
1702,8.51,0.004975888999979361,0.0010879919991566567,4.708999767899513e-06,0.0012122349999117432,0.0007359009996434906,7.781600106682163e-05,0.003860586000882904,0.004472135956784705,0.0020000000000000018,0.8944271913569408,0.005129763791892483,0.07771934691964011,False,nan,nan,False,False
1703,8.515,0.005031364000387839,0.0013625069987028837,6.592001227545552e-06,0.0001352439994661836,0.0009306870015279856,9.251400115317665e-05,0.0035523170008673333,0.004346262764178175,0.0020000000000000018,0.869252552835635,12.000000000500497,0.08233192567016868,False,nan,nan,False,False
1704,8.52,0.004999462998966919,0.0015565510002488736,6.272000973694958e-06,0.0012432330004230607,0.0011282380000920966,0.00010574899897619616,0.0033621910006331746,0.004472135955652092,0.0020000000000000018,0.8944271911304182,12.000000148673466,0.07741124965367183,False,nan,nan,False,False
1705,8.525,0.005000524999559275,0.0013746300010097912,6.301999746938236e-06,0.00014124500012258068,0.0009378810009366134,9.212300028593745e-05,0.003539903998898808,0.004346262763740202,0.0020000000000000018,0.8692525527480404,12.00000006293255,0.07939870018806908,False,nan,nan,False,False
1706,8.53,0.005000234999897657,0.0015904650008451426,6.431999281630851e-06,0.0012555270004668273,0.0011110949999419972,0.00010385499990661629,0.003325130999655812,0.004472135955077432,0.0020000000000000018,0.8944271910154863,12.000001188279057,0.07988202930179028,False,nan,nan,False,False
1707,8.535,0.004991308000171557,0.0013211300010880223,5.83099972573109e-06,0.00013118600145389792,0.0009023940001497976,9.054000111063942e-05,0.0036020499992446275,0.004346262842936941,0.0020000000000000018,0.8692525685873881,12.000049649376008,0.08097702028204963,False,nan,nan,False,False
1708,8.540000000000001,0.004999404000045615,0.0015696250011387747,5.931000487180427e-06,0.0012411089992383495,0.0010263260010106023,9.480799963057507e-05,0.003355769000336295,0.004162609041564875,0.0020000000000000018,0.8325218083129751,21.30120772815646,0.07975490188430436,False,nan,nan,False,False
1709,8.545,0.004999343000235967,0.0013095970007270807,5.891000910196453e-06,0.00013181699978304096,0.0008942080003180308,8.832599996821955e-05,0.0036158169987174915,0.004237924028734995,0.0020000000000000018,0.8475848057469989,17.599466428985995,0.0797605813837988,False,nan,nan,False,False
1710,8.55,0.005000224000468734,0.0015381569992314326,6.492000466096215e-06,0.001203128000270226,0.0011077189992647618,0.00010722200022428297,0.00338824000027671,0.004216633737988821,0.0020000000000000018,0.8433267475977643,16.97057722953346,0.08012405604117265,False,nan,nan,False,False
1711,8.555,0.005173531000764342,0.0012357889991108095,5.870999302715063e-06,0.00011986500066996086,0.0009037759991770145,6.378900070558302e-05,0.00350811399948725,0.0043462627686826185,0.0020000000000000018,0.8692525537365237,20.784609787576795,0.07659360563442691,False,nan,nan,False,False
1712,8.56,0.004819724999833852,0.0016429739989689551,6.0709990066243336e-06,0.000986000999546377,0.0010014300005423138,9.452800077269785e-05,0.0032871300008991966,0.004472135956202802,0.0020000000000000018,0.8944271912405602,12.000001119341107,0.07552067627247899,False,nan,nan,False,False
1713,8.565,0.005035761998442467,0.0014599100013583666,1.888599945232272e-05,0.002334992001124192,0.0010403030009911163,9.679100003268104e-05,0.003441589999056305,0.004472135967016488,0.0020000000000000018,0.8944271934032976,0.017263395750137956,0.07690232773677565,False,nan,nan,False,False
1714,8.57,0.00497838400042383,0.00155872499999532,5.800999133498408e-06,0.0011494880000100238,0.0011321649999445071,0.00010403600026620552,0.003362901999935275,0.004216633733155855,0.0020000000000000018,0.843326746631171,16.970575831397767,0.07738793470667153,False,nan,nan,False,False
1715,8.575000000000001,0.005032495000705239,0.0014894460000505205,8.115999662550166e-06,0.002277363999382942,0.0010399019993201364,0.0001249149991053855,0.0034808830005204072,0.004472135957572574,0.0020000000000000018,0.8944271915145147,16.970562853785147,0.07609821097343292,False,nan,nan,False,False
1716,8.58,0.005218074000367778,0.0018321079987799749,1.701200017123483e-05,0.0012390760002745083,0.0012952710003446555,9.434700041310862e-05,0.002834439999787719,0.004472135960339642,0.0020000000000000018,0.8944271920679284,0.0026738095216932837,0.07863525672495252,False,nan,nan,False,False
1717,8.585,0.00475815999925544,0.0016031890008889604,6.141000994830392e-06,0.0021143890007806476,0.0011382659995433642,0.00013879099969926756,0.0033112450000771787,0.004082891143571564,0.0020000000000000018,0.8165782287143128,20.784620057407494,0.07860563722578308,False,nan,nan,False,False
1718,8.59,0.004991818999769748,0.0015964670001267223,5.961999704595655e-06,0.0010705390013754368,0.0009695399985503173,0.00022793799871578813,0.0033194099996762816,0.00423792402658416,0.0020000000000000018,0.8475848053168318,20.784609856927034,0.07796173160897972,False,nan,nan,False,False
1719,8.595,0.00500388200089219,0.0015533859987044707,1.0990999726345763e-05,0.0021979249995638384,0.0011103039996669395,0.0001191040009871358,0.003382698001587414,0.00434626276315293,0.0020000000000000018,0.869252552630586,12.000001600051444,0.08013738448038477,False,nan,nan,False,False
1720,8.6,0.00501171599898953,0.0015519930002483306,5.95099845668301e-06,0.001001539998469525,0.0009733169990795432,9.549999958835542e-05,0.0033481139998912113,0.0042166337303817,0.0020000000000000018,0.84332674607634,20.784611341040556,0.07807549681215493,False,nan,nan,False,False
1721,8.605,0.004975789001036901,0.00147497899888549,5.730000339099206e-06,0.0020364819993119454,0.0010411739986011526,0.00011303199971735012,0.0034589820006658556,0.004472135957960494,0.0020000000000000018,0.8944271915920987,16.97056280784078,0.07452572495073512,False,nan,nan,False,False
1722,8.61,0.00501250799970876,0.0015573830005450873,1.335500019195024e-05,0.0008572890001232736,0.000980930999503471,0.00018356400141783524,0.003356549999807612,0.004472135956015545,0.0020000000000000018,0.8944271912031089,0.010322503672788419,0.07639340421093498,False,nan,nan,False,False
1723,8.615,0.004988343000150053,0.0015340689988079248,6.001000656397082e-06,0.0019465630011836765,0.0011029409997718176,0.00011441500100772828,0.003454524001426762,0.004082891137657503,0.0020000000000000018,0.8165782275315007,20.784613158902385,0.07476168239687934,False,nan,nan,False,False
1724,8.620000000000001,0.005096995999338105,0.0018352150000282563,8.655999408802018e-06,0.0009348540006612893,0.0013214200007496402,0.00012559600145323202,0.003050575000088429,0.004237924020556667,0.0020000000000000018,0.8475848041113334,20.78461046161649,0.07402530485042233,False,nan,nan,False,False
1725,8.625,0.0049935829993046355,0.0019282990015199175,8.906999937607907e-06,0.002165854999475414,0.0013079950003884733,0.00021867100076633506,0.002967057998830569,0.004346262765409178,0.0020000000000000018,0.8692525530818356,12.00000336072713,0.07351632876103559,False,nan,nan,False,False
1726,8.63,0.005006185001548147,0.0017634499999985565,8.80699917615857e-06,0.0009627559993532486,0.0012582220006152056,0.00013513299927581102,0.003122561000054702,0.003967366889497599,0.0020000000000000018,0.7934733778995198,20.784614422419974,0.07415277584396426,False,nan,nan,False,False
1727,8.635,0.0049947349998547,0.0018978619991685264,8.655999408802018e-06,0.002167888998883427,0.0012905819985462585,0.00021731800006818958,0.002997876999870641,0.0042821846513825005,0.0020000000000000018,0.8564369302765,17.734893242361203,0.07342231846959202,False,nan,nan,False,False
1728,8.64,0.005005895998692722,0.0017225219999090768,8.416000127908774e-06,0.0010581660008028848,0.001244064998900285,0.00010382500113337301,0.0032414840006822487,0.004398222488696679,0.0020000000000000018,0.8796444977393357,12.000000893655615,0.07402032432792155,False,nan,nan,False,False
1729,8.645,0.005094171001474024,0.0017852099990705028,1.1080999684054404e-05,0.0022682070011796895,0.0012347579995548585,0.00010633899910317268,0.003085681999436929,0.004014611487700688,0.0020000000000000018,0.8029222975401377,20.78461146791442,0.07693164629401894,False,nan,nan,False,False
1730,8.65,0.00499204900006589,0.001753931999701308,8.646000424050726e-06,0.0011415730004955549,0.0010877909990085755,0.00028070699954696465,0.0030566169989469927,0.004211266557924236,0.0020000000000000018,0.8422533115848472,18.96512722672263,0.0737619858711819,False,nan,nan,False,False
1731,8.655,0.004920494999169023,0.001906949000840541,8.705999789526686e-06,0.0021832080001331633,0.0012962929995410377,0.00020261000099708326,0.0029747429998678854,0.004127287600685568,0.0020000000000000018,0.8254575201371135,12.000001511819793,0.07521523024924262,False,nan,nan,False,False
1732,8.66,0.004990677000023425,0.0017990970009122975,8.725999578018673e-06,0.0010532169999351026,0.001166370000646566,0.00010609899982227944,0.0030879159985488513,0.004063771625552153,0.0020000000000000018,0.8127543251104306,12.000000337296326,0.07531076961741814,False,nan,nan,False,False
1733,8.665000000000001,0.004994715000066208,0.0018777839995891554,8.626999260741286e-06,0.002150005000657984,0.001291594000576879,0.00021551400095631834,0.0030189660010364605,0.004021688308421419,0.0020000000000000018,0.8043376616842838,12.000005943602089,0.07329226706323068,False,nan,nan,False,False
1734,8.67,0.005005384000469348,0.0017600029987079324,8.736000381759368e-06,0.0009543710002617445,0.0012363109999569133,0.00015787699885549955,0.0032176190015889006,0.004012080277460264,0.0020000000000000018,0.8024160554920529,4.240047921254838,0.07234190128875882,False,nan,nan,False,False
1735,8.675,0.005202694999752566,0.0023201749991130782,9.687999408924952e-06,5.672699990100227e-05,0.0010384890010755043,0.0009238139991794014,0.0023417550000885967,0.004000015461257536,0.0020000000000000018,0.800003092251507,12.00007607532037,0.07265318055128335,False,nan,nan,False,False
1736,8.68,0.004772887999934028,0.0016357000004063593,8.636001439299434e-06,0.0010173499995289603,0.0011512610017234692,0.00010410499999125022,0.0032144329998118337,0.004012080246415585,0.0020000000000000018,0.802416049283117,12.000014193099299,0.07071225406079744,False,nan,nan,False,False
1737,8.685,0.004921596999338362,0.001538177000838914,5.571000656345859e-06,0.002019048999500228,0.0011044740003853804,9.892600064631552e-05,0.0033964249996643048,0.004000015442965933,0.0020000000000000018,0.8000030885931866,12.000006416204386,0.07019352578888502,False,nan,nan,False,False
1738,8.69,0.005003251000744058,0.0016181070004677167,5.620999218081124e-06,0.0008427119992120424,0.0011670909989334177,0.0001049170004989719,0.0033661079996818444,0.004012080365513797,0.0020000000000000018,0.8024160731027593,12.000128970978988,0.06985512988281924,False,nan,nan,False,False
1739,8.695,0.005093759998999303,0.0016153220003616298,8.756000170251355e-06,0.00033921700014616363,0.001129880000007688,0.00010392500007583294,0.0032754780004324857,0.0038587726517015906,0.0020000000000000018,0.771754530340318,16.970910136979633,0.06938106824930892,False,nan,nan,False,False
1740,8.700000000000001,0.004999824001060915,0.0016986379996524192,8.615999831818044e-06,0.0007909649993962375,0.0012223739995533833,0.00010506800026632845,0.0031942959994921694,0.004000214267997697,0.0020000000000000018,0.8000428535995394,12.06110913645689,0.06897787627797328,False,nan,nan,False,False
1741,8.705,0.0050013969994324725,0.0015112170003703795,8.585999239585362e-06,0.00028888199994980823,0.0010533169988775626,0.00010434599971631542,0.0033882890002132626,0.003858922299814734,0.0020000000000000018,0.7717844599629468,12.002161736399415,0.07227158220150182,False,nan,nan,False,False
1742,8.71,0.0050102440000046045,0.001594491999640013,8.425999112660065e-06,0.001414334999935818,0.0010838140005944297,0.00010255300003336743,0.00329208900075173,0.0040087161914598626,0.0020000000000000018,0.8017432382919725,16.970574093585277,0.0691201828613883,False,nan,nan,False,False
1743,8.715,0.004996146999474149,0.0016191390004678397,8.51500044518616e-06,0.00020886200036329683,0.0011198119991604472,0.00010924500020337291,0.003263845999754267,0.0038589222766231626,0.0020000000000000018,0.7717844553246325,16.970564387742815,0.07076973531648954,False,nan,nan,False,False
1744,8.72,0.004992010000933078,0.001748410999425687,8.786999387666583e-06,0.0013189250003051711,0.0012545449990284396,0.00011233099940000102,0.0031455440002901014,0.003915894372581476,0.0020000000000000018,0.7831788745162952,7.884459407937921,0.07021547397042124,False,nan,nan,False,False
1745,8.725,0.005004722999728983,0.0015734230000816751,8.356000762432814e-06,0.000295623998681549,0.0011042830010410398,0.00010262199975841213,0.0033159729991893983,0.0037825413366526115,0.0020000000000000018,0.7565082673305222,16.970562990093338,0.07203623503044118,False,nan,nan,False,False
1746,8.73,0.004998341000828077,0.0017113319991040044,8.756998795433901e-06,0.0013657830004376592,0.0012353089987300336,0.00010500700045668054,0.0031797579995327396,0.0038002412997032668,0.0020000000000000018,0.7600482599406534,3.2919389019384084,0.07087875651345289,False,nan,nan,False,False
1747,8.735,0.005000605999157415,0.0015254730005835881,8.615999831818044e-06,0.0002789840000332333,0.0010514429995964747,0.00010451600064698141,0.003365004999068333,0.003932189178697488,0.0020000000000000018,0.7864378357394977,12.000818176100179,0.0738622986612152,False,nan,nan,False,False
1748,8.74,0.0049998129998130025,0.0016301100004056934,8.51600088935811e-06,0.0013732379993598443,0.0011532640000950778,0.00010575799933576491,0.003259507999246125,0.0038256218221197924,0.0020000000000000018,0.7651243644239585,16.97058184615798,0.07262971528138504,False,nan,nan,False,False
1749,8.745000000000001,0.004999022999982117,0.0016228559998126002,8.586001058574766e-06,0.0002840029992512427,0.0011027590007870458,0.00010963600107061211,0.0032662499997968553,0.003690440346601631,0.0020000000000000018,0.7380880693203262,15.606854531319382,0.071651089557802,False,nan,nan,False,False
1750,8.75,0.004997019001166336,0.0019011679996765452,8.646000424050726e-06,0.0012302490013098577,0.0013755320014752215,0.00012342100126261357,0.0030220720000215806,0.0038322187439970784,0.0020000000000000018,0.7664437487994157,16.970563024725767,0.07285896144854402,False,nan,nan,False,False
1751,8.755,0.0050318239991611335,0.001568683999721543,1.8954999177367426e-05,0.00019591800082707778,0.0011037519998353673,0.00010500700045668054,0.0032945740003924584,0.0037598776924208,0.0020000000000000018,0.75197553848416,15.08551708672039,0.07080126065151288,False,nan,nan,False,False
1752,8.76,0.004973013999915565,0.0019107160005660262,8.637000064481981e-06,0.001270143999136053,0.0013774449998891214,0.00012045599942211993,0.003009387999554747,0.0038006125406971226,0.0020000000000000018,0.7601225081394244,15.463180587153033,0.06964945899626357,False,nan,nan,False,False
1753,8.765,0.005261635000351816,0.0016695640006219037,1.1893000191776082e-05,0.00014372999976330902,0.0010640470009093406,0.00010873400060518179,0.0029575409989774926,0.003741535430841798,0.0020000000000000018,0.7483070861683595,16.970562945355283,0.06929617168670842,False,nan,nan,False,False
1754,8.77,0.004736880999189452,0.0018904179996752646,9.076999049284495e-06,0.0010636059996613767,0.0013648220010509249,0.0001088640001398744,0.003002155001013307,0.003627329360330554,0.0020000000000000018,0.7254658720661108,13.572086233924553,0.06878016627806958,False,nan,nan,False,False
1755,8.775,0.00501614400127437,0.001915435999762849,1.1221000022487715e-05,0.0023033930010569748,0.00120164600048156,0.00011278200145170558,0.0029607159995066468,0.003741908770185727,0.0020000000000000018,0.7483817540371455,14.409729501008147,0.06852916670076468,False,nan,nan,False,False
1756,8.78,0.004985507999663241,0.0017259389987884788,8.726001397008076e-06,0.00115607999941858,0.0012348269992799032,0.0001166990005003754,0.003162004000841989,0.0037239309487617956,0.0020000000000000018,0.744786189752359,14.785211616309146,0.06806734061622756,False,nan,nan,False,False
1757,8.785,0.00515928300046653,0.0015939609984343406,1.1071000699303113e-05,0.00010551800005487166,0.0011146619999635732,0.00011930400069104508,0.0031361870005639503,0.00362491341729785,0.0020000000000000018,0.72498268345957,12.497529260345702,0.06814898375373041,False,nan,nan,False,False
1758,8.790000000000001,0.004839432998778648,0.0017443939996155677,8.716000593267381e-06,0.0010614129987516208,0.001137564999226015,0.0001067000011971686,0.0031446820012206445,0.0036789455239262933,0.0020000000000000018,0.7357891047852586,16.970566691574827,0.06822184589768579,False,nan,nan,False,False
1759,8.795,0.004998681999495602,0.0017499540008429904,8.49599928187672e-06,0.002083420000417391,0.0012588119989231927,0.00010497699986444786,0.0031858500005910173,0.003772221719886954,0.0020000000000000018,0.7544443439773908,12.34259949681074,0.06609995039010226,False,nan,nan,False,False
1760,8.8,0.005054186000052141,0.0015968970001267735,8.896999133867212e-06,0.001002721999611822,0.0011045129995181924,0.00010223200115433428,0.0032450510007038247,0.003673860765736361,0.0020000000000000018,0.7347721531472722,15.465592846755564,0.06683788000158748,False,nan,nan,False,False
1761,8.805,0.004949800000758842,0.0017910620008478872,8.606000847066753e-06,0.0020910249986627605,0.0012978159993508598,0.00010472699977981392,0.0031039349996717647,0.0037897801188698497,0.0020000000000000018,0.7579560237739699,16.626363811292084,0.06621337990313136,False,nan,nan,False,False
1762,8.81,0.005003902000680682,0.0017557549999764888,8.765999155002646e-06,0.0009498220006207703,0.0012656959988817107,0.00012014499952783808,0.003127239999230369,0.003854016500868419,0.0020000000000000018,0.7708033001736838,17.863380976375318,0.0665990971887188,False,nan,nan,False,False
1763,8.815,0.00499273099921993,0.0015723209999123355,8.646000424050726e-06,0.0003527930002746871,0.0011110949999419972,0.00010432599992782343,0.0033177269997395342,0.0038543312800372645,0.0020000000000000018,0.7708662560074528,13.017609479149295,0.06664682012827944,False,nan,nan,False,False
1764,8.82,0.004999343000235967,0.0016714670000510523,8.536000677850097e-06,0.0008292359998449683,0.0011867270004586317,0.00010683100117603317,0.003220243999749073,0.0038162162383754417,0.0020000000000000018,0.7632432476750883,4.851179718432987,0.06319050034717699,False,nan,nan,False,False
1765,8.825000000000001,0.005000875999030541,0.0015250520009431057,8.35599894344341e-06,0.0002770099999906961,0.0010621729998092633,0.00010342400128138252,0.0033583330005058087,0.0039014296226211804,0.0020000000000000018,0.780285924524236,18.803824847835397,0.06588601844949245,False,nan,nan,False,False
1766,8.83,0.004982051001206855,0.0017390129996783799,7.714999810559675e-06,0.001349583000774146,0.0010651690008671721,0.00011869300033140462,0.0031745289998070803,0.003969748034434406,0.0020000000000000018,0.7939496068868811,12.398655401207257,0.06876068861936371,False,nan,nan,False,False
1767,8.835,0.005024480000429321,0.001649344998440938,8.656999852973968e-06,0.00029101600011927076,0.0011317540011077654,0.00011719000031007454,0.003237336000893265,0.003998933163006914,0.0020000000000000018,0.7997866326013828,3.0249396248495537,0.06929157682184518,False,nan,nan,False,False
1768,8.84,0.004996177000066382,0.0017778969995561056,8.897000952856615e-06,0.0013712740001210477,0.0011675120003928896,0.0001074819992936682,0.0031116899990593083,0.004006005070266563,0.0020000000000000018,0.8012010140533127,17.488230689966016,0.07121055448476946,False,nan,nan,False,False
1769,8.845,0.004998992999389884,0.0016037799996411195,8.6069994722493e-06,0.00029603500115626957,0.0011211040000489447,0.00010879399997065775,0.0032524939997529145,0.004083995540226634,0.0020000000000000018,0.8167991080453268,12.169367480063167,0.07205095603456821,False,nan,nan,False,False
1770,8.85,0.004931093999402947,0.0010775530008686474,5.769999916083179e-06,0.0012897109991172329,0.0007252209998114267,7.638400165888015e-05,0.0038735199996153824,0.0040801840068607105,0.0020000000000000018,0.8160368013721421,9.220925044507279,0.07347186229622192,False,nan,nan,False,False
1771,8.855,0.005061740999735775,0.0015403310007968685,8.565999451093376e-06,0.00029231900043669157,0.001077913000699482,0.00010443599967402406,0.003425720000450383,0.004095568072266382,0.0020000000000000018,0.8191136144532764,17.020209941352753,0.07044166779923798,False,nan,nan,False,False
1772,8.86,0.0050914960011141375,0.0018053679996228311,8.725999578018673e-06,0.0014543199995387113,0.001290962998609757,0.00012472399976104498,0.003001523999046185,0.004095943319844439,0.0020000000000000018,0.8191886639688878,16.97056502882583,0.07148747637332563,False,nan,nan,False,False
1773,8.865,0.004916236999633838,0.0016469109996251063,8.225000783568248e-06,0.00029687700043723453,0.0011287790002825204,0.00012259000141057186,0.003241665001041838,0.004092949190453153,0.0020000000000000018,0.8185898380906305,16.97192392383438,0.07081949509172758,False,nan,nan,False,False
1774,8.870000000000001,0.004998010999770486,0.0017655940009717597,8.756000170251355e-06,0.0013707230009458726,0.0012770770008501131,0.00010550800107012037,0.0031265079996956047,0.0041879477785162,0.0020000000000000018,0.8375895557032402,12.153669999079716,0.0721861859249862,False,nan,nan,False,False
1775,8.875,0.005002459000024828,0.0015651470002921997,8.506000085617416e-06,0.0002964870000141673,0.001103040000089095,0.0001035149998642737,0.0033221960002265405,0.0042056051286911015,0.0020000000000000018,0.8411210257382203,16.970564455864338,0.07138641474428932,False,nan,nan,False,False
1776,8.88,0.00499686799957999,0.001648965000640601,8.675999197294004e-06,0.001373147000776953,0.001135712000177591,0.00010348399882786907,0.0032416849990113406,0.0041418076792137885,0.0020000000000000018,0.8283615358427578,4.587404393996107,0.07292501562015863,False,nan,nan,False,False
1777,8.885,0.005000005001420504,0.0015479049998248229,8.465000064461492e-06,0.0002893529999710154,0.0010680650011636317,0.00011333299880789127,0.003424246999202296,0.004127341918120455,0.0020000000000000018,0.825468383624091,13.432286815406052,0.07268742661164498,False,nan,nan,False,False
1778,8.89,0.0050966649996553315,0.001755064999088063,8.68700044520665e-06,0.0014842150012555066,0.0012726089989882894,0.00011050800094380975,0.0030405960005737143,0.004196450261810133,0.0020000000000000018,0.8392900523620265,12.066122415398766,0.07361777553641435,False,nan,nan,False,False
1779,8.895,0.004905787998723099,0.0016358400007447926,8.525999874109402e-06,0.0003137779985991074,0.001109161999920616,0.00011497500054247212,0.0032528859992453363,0.00407529923628135,0.0020000000000000018,0.8150598472562698,12.839670571979664,0.07286087051313328,False,nan,nan,False,False
1780,8.9,0.004996879000827903,0.0019141819993819809,8.777000402915291e-06,0.001383577000524383,0.001390690000334871,0.00011908399937965441,0.0029774280010315124,0.004206254781454896,0.0020000000000000018,0.8412509562909791,12.784752408845122,0.07452393248801532,False,nan,nan,False,False
1781,8.905,0.005000335000659106,0.0016018459991755662,8.666000212542713e-06,0.00029020500005572103,0.0011332070007483708,0.0001029030008794507,0.003287650999482139,0.003979089450590183,0.0020000000000000018,0.7958178901180366,16.977771199801058,0.07549542021772354,False,nan,nan,False,False
1782,8.91,0.004998751999664819,0.0018287019993294962,8.656001227791421e-06,0.0013779069995507598,0.0013269300015963381,0.00010970600123982877,0.0030790990003879415,0.004183270501575181,0.0020000000000000018,0.8366541003150362,15.606118825923625,0.0760006032214613,False,nan,nan,False,False
1783,8.915000000000001,0.0050171459988632705,0.0015422850010509137,8.675999197294004e-06,0.00032550099967920687,0.0010797770009958185,0.00010406499859527685,0.003416912999455235,0.0039423182704408765,0.0020000000000000018,0.7884636540881754,17.068215517514652,0.07516948417239402,False,nan,nan,False,False
1784,8.92,0.005083852000097977,0.0016354390008928021,8.666000212542713e-06,0.001478144000429893,0.0011552489995665383,0.00010710099923016969,0.0031567249989166157,0.00410369070996977,0.0020000000000000018,0.8207381419939539,12.406047818751627,0.0749545336718319,False,nan,nan,False,False
1785,8.925,0.004901719999907073,0.0016247800012934022,8.455999704892747e-06,0.0002174179990106495,0.0011062659996241564,0.00012213000081828795,0.0032657489991834154,0.003894679100428353,0.0020000000000000018,0.7789358200856706,13.530142521099442,0.0761209132148459,False,nan,nan,False,False
1786,8.93,0.004999654000130249,0.0017147580001619644,8.425999112660065e-06,0.0013062109992461046,0.0012384740002744365,0.00010609899982227944,0.0032388090003223624,0.004050592726876674,0.0020000000000000018,0.8101185453753348,11.555446964041707,0.07432898425445779,False,nan,nan,False,False
1787,8.935,0.005079533000753145,0.0015299820006475784,8.847000572131947e-06,0.00021262900008878205,0.0010953559994959505,0.00010108000060427003,0.0032876400000532158,0.003829587776457465,0.0020000000000000018,0.7659175552914929,13.887130386460651,0.07330978568319499,False,nan,nan,False,False
1788,8.94,0.004933791000439669,0.0020630919989343965,8.867000360623933e-06,0.0009287439988838742,0.0014207259991962928,0.00012064699876646046,0.0028255830002308358,0.0040015672446808955,0.0020000000000000018,0.8003134489361792,12.530868730268883,0.07468902990105893,False,nan,nan,False,False
1789,8.945,0.005008258998714155,0.0019527849999576574,9.288000001106411e-06,0.0021255390001897467,0.0014086240007600281,0.0001053079995472217,0.0029229560004750965,0.0037804229176527987,0.0020000000000000018,0.7560845835305597,13.87144917441425,0.07424974189936157,False,nan,nan,False,False
1790,8.950000000000001,0.004991288000383065,0.0015306429995689541,9.318000593339093e-06,0.0010252850006509107,0.0010339310010749614,9.934599984262604e-05,0.003351481000208878,0.0038816106476139956,0.0020000000000000018,0.776322129522799,7.531593392801305,0.07212398041657622,False,nan,nan,False,False
1791,8.955,0.004998442000214709,0.0019127100003970554,1.448700095352251e-05,0.002200820999860298,0.0013520680004148744,0.00010842400115507189,0.002972377998958109,0.003674898879639823,0.0020000000000000018,0.7349797759279647,13.540889087968429,0.07121310037925521,False,nan,nan,False,False
1792,8.96,0.005003219999707653,0.0017361789996357402,9.176999810733832e-06,0.0010938729992631124,0.001225681000505574,0.00010123999891220592,0.003145964999930584,0.00382219825529965,0.0020000000000000018,0.7644396510599301,12.32274255624174,0.07051711511606915,False,nan,nan,False,False
1793,8.965,0.004998571999749402,0.0018130930002371315,1.414700091117993e-05,0.002239473000372527,0.0013005010005144868,0.00011940399963350501,0.0030708539998158813,0.003632216534930632,0.0020000000000000018,0.7264433069861264,13.143090433417846,0.06842341668371914,False,nan,nan,False,False
1794,8.97,0.005009602000427549,0.0017035479995684,9.33800038183108e-06,0.000996351000139839,0.0012296280001464766,0.00010070899952552281,0.00317073100086418,0.0037705796125474846,0.0020000000000000018,0.754115922509497,12.26839021390561,0.06691446941918167,False,nan,nan,False,False
1795,8.975,0.004991798999981256,0.001884397001049365,1.4546998500009067e-05,0.0022143459991639247,0.0011742949991457863,0.00011655799971777014,0.003008887999385479,0.003580321830185142,0.0020000000000000018,0.7160643660370284,12.923954399230452,0.06792833769398354,False,nan,nan,False,False
1796,8.98,0.005002298999897903,0.0015823800004000077,8.726001397008076e-06,0.001052305000484921,0.0010663709999789717,0.00010308299897587858,0.003289854999820818,0.0036995062201921275,0.0020000000000000018,0.7399012440384255,11.978078036272459,0.06795234322799575,False,nan,nan,False,False
1797,8.985,0.004981879999832017,0.0018501829999877373,8.615999831818044e-06,0.0021557759991992498,0.001313785998718231,0.00011320200064801611,0.003046207000807044,0.003511138846765375,0.0020000000000000018,0.702227769353075,12.802600170426732,0.06725865053890892,False,nan,nan,False,False
1798,8.99,0.005004562999602058,0.0017209600009664427,8.867000360623933e-06,0.0010956660007650498,0.0012390960000630002,0.00010420500075269956,0.0031668240008002613,0.003603215206984678,0.0020000000000000018,0.7206430413969356,10.45521115941767,0.06598615235001315,False,nan,nan,False,False
1799,8.995000000000001,0.004997099000320304,0.0019664310002553975,8.716000593267381e-06,0.0021384540013968945,0.0014009199985594023,0.00010852299965335988,0.002922906000094372,0.003408311947489852,0.0020000000000000018,0.6816623894979704,13.032155358636166,0.06531074099554178,False,nan,nan,False,False
1800,9.0,0.004999263001081999,0.001709097999992082,8.725999578018673e-06,0.0010203050005657133,0.0010928110004897462,0.00010518700037209783,0.0032129999999597203,0.003483620596708913,0.0020000000000000018,0.6967241193417826,8.120044578362716,0.06554153291956195,False,nan,nan,False,False
1801,9.005,0.0050328359993727645,0.0018289630006620428,2.323300032003317e-05,0.002116712001225096,0.0012412500000209548,0.00019949499983340502,0.0030617369993706234,0.0032949162636439593,0.0020000000000000018,0.6589832527287918,12.95125536655621,0.06658257281489227,False,nan,nan,False,False
1802,9.01,0.005001067000193871,0.0018016809990513138,1.9405999410082586e-05,0.0010106570007337723,0.0013061720001132926,0.00010892499994952232,0.003055114000744652,0.003395558209181189,0.0020000000000000018,0.6791116418362378,10.807301303556288,0.06293064324564382,False,nan,nan,False,False
1803,9.015,0.004965558999174391,0.0018325900000490947,8.986999091575854e-06,0.002056088998870109,0.001323393998973188,0.00011863200052175671,0.003056397001273581,0.0032058942726962505,0.0020000000000000018,0.6411788545392502,12.929454186678118,0.0635375424502822,False,nan,nan,False,False
1804,9.02,0.004998432001229958,0.0017587209986231755,8.465998689644039e-06,0.0009419079997314839,0.0012654549991566455,0.00010587800170469563,0.0031353850008599693,0.0033046704319410567,0.0020000000000000018,0.6609340863882114,10.205076875339394,0.06119138532588303,False,nan,nan,False,False
1805,9.025,0.005004302000088501,0.0015749659996799892,8.466000508633442e-06,0.00038235799911490176,0.0011082399996666936,0.00010373500117566437,0.0033136199999717064,0.0031229995603564552,0.0020000000000000018,0.6245999120712911,12.84302286716583,0.06165481033166073,False,nan,nan,False,False
1806,9.03,0.004999984999813023,0.0017295159996137954,8.536000677850097e-06,0.0008572890001232736,0.0012435550015652552,0.00010597899927233811,0.0031584879998263204,0.0032239447515706,0.0020000000000000018,0.64478895031412,9.94207309853667,0.061200839156240715,False,nan,nan,False,False
1807,9.035,0.004997119000108796,0.0015215259991236962,8.435001291218214e-06,0.0002696559986361535,0.0010570039994490799,0.00010273299994878471,0.0033689530009723967,0.0030384517930794495,0.0020000000000000018,0.6076903586158898,13.042093212997353,0.05955955366543502,False,nan,nan,False,False
1808,9.040000000000001,0.004999913999199634,0.0018780549999064533,8.82600033946801e-06,0.0008268719993793638,0.0013850499999534804,0.00010963600107061211,0.0030137260000628885,0.0031475618006347053,0.0020000000000000018,0.6295123601269411,9.889644162550349,0.059801065278002614,False,nan,nan,False,False
1809,9.045,0.00500037500023609,0.0016293579992634477,8.566999895265326e-06,0.00025867499971354846,0.0011129289996461011,0.00012660699940170161,0.003259408000303665,0.0029689080133029374,0.0020000000000000018,0.5937816026605874,12.949313548904371,0.06072314078445524,False,nan,nan,False,False
1810,9.05,0.004996338000637479,0.001933829000336118,8.606000847066753e-06,0.000691447999997763,0.0014295830005721655,0.00011100899973826017,0.002962980999654974,0.0030816750422306568,0.0020000000000000018,0.6163350084461313,10.323587029972867,0.060145271418854555,False,nan,nan,False,False
1811,9.055,0.0050057449989253655,0.001574114001414273,8.756998795433901e-06,0.00026181100110989064,0.0010999639998772182,0.00010317399937775917,0.003315502999612363,0.0029082368696735214,0.0020000000000000018,0.5816473739347042,12.848314452769557,0.0580364723119919,False,nan,nan,False,False
1812,9.06,0.004998942000383977,0.0019116180010314565,8.786000762484036e-06,0.0008207199989556102,0.001403673999448074,0.00010736100011854433,0.002980824998303433,0.00302191826601319,0.0020000000000000018,0.6043836532026381,10.831066905518352,0.0563272716383745,False,nan,nan,False,False
1813,9.065,0.005001437000828446,0.0015606189990649,8.616001650807448e-06,0.0002521030000934843,0.001077913000699482,0.00010288400153513066,0.0033852140004455578,0.002841324679286299,0.0020000000000000018,0.5682649358572598,13.239026373390423,0.05560662071587722,False,nan,nan,False,False
1814,9.07,0.005065116998594021,0.0017881760013551684,8.305998562718742e-06,0.0013386629998421995,0.0012893300008727238,0.0001201250015583355,0.0030460469988611294,0.002930681161786095,0.0020000000000000018,0.586136232357219,7.728874326946724,0.05516889211138255,False,nan,nan,False,False
1815,9.075000000000001,0.00494364900077926,0.0016221240002778359,8.515999070368707e-06,0.00019445500038273167,0.0011188090011273744,0.00010821300020324998,0.003257984999436303,0.002755780369148365,0.0020000000000000018,0.551156073829673,13.293493063718318,0.05486953645403968,False,nan,nan,False,False
1816,9.08,0.004988962999050273,0.0017251880017283838,8.605999028077349e-06,0.0012614779989235103,0.0012331649995758198,0.00010480599848960992,0.0031654709982831264,0.0028861773518440675,0.0020000000000000018,0.5772354703688136,11.06449266327785,0.05365118154047245,False,nan,nan,False,False
1817,9.085,0.0050276060010219226,0.001788367000699509,3.107799966528546e-05,0.002401637000730261,0.0012765960000251653,0.00011931399967579637,0.0030750719997740816,0.0027071919570209697,0.0020000000000000018,0.5414383914041938,13.484583312982284,0.052838498516545165,False,nan,nan,False,False
1818,9.09,0.00497838400042383,0.0018415269987599459,8.88700014911592e-06,0.0011891419999301434,0.0013285129989526467,0.00011079799878643826,0.003150152000671369,0.002853001907569492,0.0020000000000000018,0.5706003815138984,11.768629445952156,0.051223051495384725,False,nan,nan,False,False
1819,9.095,0.005119870000271476,0.0015167459987424081,8.275999789475463e-06,0.00023878799947851803,0.001052325000273413,0.00011482599984447006,0.003241162999984226,0.002668712929491249,0.0020000000000000018,0.5337425858982497,13.646232775165597,0.051168619203921975,False,nan,nan,False,False
1820,9.1,0.004856574998484575,0.0016226550014835084,7.66500124882441e-06,0.0010600300010992214,0.0010737249995145248,0.00012533499830169603,0.0032605500000499887,0.0028445189702195847,0.0020000000000000018,0.5689037940439169,13.299137448423984,0.051036377838508604,False,nan,nan,False,False
1821,9.105,0.00497759200152359,0.0021181959982641274,8.306000381708145e-06,0.002176223999413196,0.001431014999980107,8.338600127899554e-05,0.002737758000876056,0.0026542270283745825,0.0020000000000000018,0.5308454056749164,13.720864349531144,0.05078987110531289,False,nan,nan,False,False
1822,9.11,0.00491143799990823,0.0010026119998656213,4.618999810190871e-06,0.0010175400002481183,0.0006976389995543286,7.02620000083698e-05,0.003941097000279115,0.0028549254739869364,0.0020000000000000018,0.5709850947973872,14.151495784915491,0.05086318306418962,False,nan,nan,False,False
1823,9.115,0.004998741998861078,0.001350425000055111,4.818999514100142e-06,0.002175132000047597,0.0010121699997398537,7.990000085555948e-05,0.0035945859999628738,0.002679213901936404,0.0020000000000000018,0.5358427803872807,12.272481557986445,0.05097477124087323,False,nan,nan,False,False
1824,9.120000000000001,0.004997971000193502,0.0009746689993335167,3.817000106209889e-06,0.0010638570001901826,0.000673734999509179,7.476099926861934e-05,0.0039830960013205186,0.0025001072140492194,0.0020000000000000018,0.5000214428098438,14.921756097961607,0.051863205758339616,False,nan,nan,False,False
1825,9.125,0.005041262000304414,0.0017900090006151004,6.733000191161409e-06,0.002220948001195211,0.001405368000632734,8.959899969340768e-05,0.0031185039988486096,0.002493597185051736,0.0020000000000000018,0.49871943701034716,7.34621947373987,0.05054531057722841,False,nan,nan,False,False
1826,9.13,0.004962003000400728,0.0009689380003692349,4.15800059272442e-06,0.0010556410015851725,0.0006695760002912721,6.783699973311741e-05,0.003977505999500863,0.002633920881145451,0.0020000000000000018,0.5267841762290902,13.914077990406739,0.050398499852518465,False,nan,nan,False,False
1827,9.135,0.005011706000004779,0.0013832559998263605,4.819001333089545e-06,0.002138142999683623,0.0009562750001350651,7.690500024182256e-05,0.0035483499996189494,0.0024433943755661097,0.0020000000000000018,0.48867887511322194,19.11071877118364,0.04810909447972726,False,nan,nan,False,False
1828,9.14,0.004984375000276486,0.0014467659984802594,3.9979986468097195e-06,0.0009587799995642854,0.0010210769996774616,9.224300083587877e-05,0.0035139450010319706,0.00243750036880495,0.0020000000000000018,0.48750007376099,6.032829099430795,0.04743679106311879,False,nan,nan,False,False
1829,9.145,0.00502857799983758,0.0017880559989862377,5.4299998737405986e-06,0.002003971998419729,0.001366575001156889,0.00010473599832039326,0.0031533490000583697,0.0025272320010074497,0.0020000000000000018,0.50544640020149,10.886190517153201,0.04648384880956498,False,nan,nan,False,False
1830,9.15,0.005015212998841889,0.0015276070007530507,5.500000042957254e-06,0.0009245260007446632,0.0011161450001964113,9.360599869978614e-05,0.0033893719992192928,0.002714679532760195,0.0020000000000000018,0.5429359065520389,16.120697457517117,0.045455650080218436,False,nan,nan,False,False
1831,9.155,0.004984215000149561,0.0013114710000081686,5.500000042957254e-06,0.00030760799927520566,0.0008911029999580933,9.761300134414341e-05,0.0036219480007275706,0.0027229765320071824,0.0020000000000000018,0.5445953064014366,5.890874699562446,0.044395811701289,False,nan,nan,False,False
1832,9.16,0.005003841999496217,0.0014956570012145676,5.4799984354758635e-06,0.0008102210013021249,0.0010924700000032317,8.869699922797736e-05,0.003468249000434298,0.002620989545143443,0.0020000000000000018,0.5241979090286886,10.337858461563656,0.04411486701734035,False,nan,nan,False,False
1833,9.165000000000001,0.005032565000874456,0.0013461470007314347,5.29999852005858e-06,0.00011973500113526825,0.000940756001000409,9.123099880525842e-05,0.00355048299934424,0.002521068112320949,0.0020000000000000018,0.5042136224641898,16.30277949981226,0.04470495006433021,False,nan,nan,False,False
1834,9.17,0.004963966999639524,0.0014962780005589593,5.160000000614673e-06,0.0006587959996977588,0.0009043879999808269,9.694199980003759e-05,0.0034332939994783374,0.0025243553173472516,0.0020000000000000018,0.5048710634694503,6.167268060942481,0.045907149042992784,False,nan,nan,False,False
1835,9.175,0.004993292001017835,0.0013265090001368662,4.5079996198182926e-06,0.00013858000056643505,0.0009214589990733657,9.511800089967437e-05,0.0037348400001064874,0.002654144481478633,0.0020000000000000018,0.5308288962957266,17.354864835607156,0.04526853561867823,False,nan,nan,False,False
1836,9.18,0.005417397000201163,0.001563093999720877,2.253299862786662e-05,0.0015473340008611558,0.001028650998705416,7.583300066471566e-05,0.002993588999743224,0.002574462332084416,0.0020000000000000018,0.5148924664168832,9.109891193012075,0.045302377659934986,False,nan,nan,False,False
1837,9.185,0.00464570999974967,0.0013416479996521957,5.780999345006421e-06,0.00013784899965685327,0.0009168409997073468,0.00010802200085890945,0.0035411560002103215,0.002508268235806383,0.0020000000000000018,0.5016536471612765,16.787553635246297,0.04519776251051347,False,nan,nan,False,False
1838,9.19,0.004949318999933894,0.0014388910003617639,5.521000275621191e-06,0.0011940410004172008,0.000954160001128912,8.98789985512849e-05,0.0035726149999391055,0.0025307131561390452,0.001998376726172868,0.506142631227809,5.355232064397504,0.047005840816544825,False,nan,nan,False,False
1839,9.195,0.0051250889991933946,0.0016283860004477901,2.2672000341117382e-05,0.00021468300110427663,0.00111060500057647,0.00011514600009832066,0.003235222999137477,0.0025333180306071823,0.001988602934204886,0.5066636061214366,8.669184926998783,0.046900669050235516,False,nan,nan,False,False
1840,9.200000000000001,0.004973193999830983,0.0017389639997418271,8.726001397008076e-06,0.0012959720006620046,0.0012544239998533158,0.00010352400022384245,0.003150934000586858,0.0025400492172606417,0.0019722118728313642,0.5080098434521284,8.800394902728833,0.04661022476460474,False,nan,nan,False,False
1841,9.205,0.005011045001083403,0.0016227460000663996,8.416000127908774e-06,0.00019304200031911023,0.0011297199998807628,0.00010309299977961928,0.0032554199988226173,0.002540720238759588,0.001941218980645365,0.5081440477519175,9.69697237297602,0.0455172038408245,False,nan,nan,False,False
1842,9.21,0.004986829999324982,0.0017201589998876443,8.736000381759368e-06,0.0012864439995610155,0.0012424119995557703,0.0001056889996107202,0.0031700090003141668,0.0024944985485753947,0.0019481602489455074,0.49889970971507885,12.40566265505021,0.04538903467620809,False,nan,nan,False,False
1843,9.215,0.005009603000871721,0.0015938209999148967,8.937000529840589e-06,0.00019172999964212067,0.0010889829991356237,0.00012588599929586053,0.0033116449994849972,0.0024866590514066277,0.0019237999270740325,0.49733181028132556,4.640508129896552,0.04472845666674445,False,nan,nan,False,False
1844,9.22,0.005015211998397717,0.0016830390013637953,8.62600063555874e-06,0.0013140160008333623,0.001205954000397469,0.00010334399848943576,0.0031929130000207806,0.0024847582494885866,0.0018983668256120634,0.4969516498977173,9.197774042696786,0.044347889705348136,False,nan,nan,False,False
1845,9.225,0.0049918800013983855,0.0016437349986517802,9.347999366582371e-06,0.00019122899902868085,0.0011323650014674058,0.00010726199980126694,0.003238879000491579,0.002312880194432815,0.0016630818740006603,0.46257603888656296,20.1483429309368,0.04387910048869671,False,nan,nan,False,False
1846,9.23,0.004999933998988126,0.0017667060001258506,9.467999916523695e-06,0.0013124440010869876,0.0012899609992018668,0.00010216200098511763,0.0031351739999081474,0.002349648786968559,0.0016907434428858892,0.4699297573937118,12.267917778366678,0.043459237931459525,False,nan,nan,False,False
1847,9.235,0.005011436000131653,0.0015610099999321392,1.8434999219607562e-05,0.00019466500089038163,0.0011148530011269031,0.00010000800102716312,0.0033079180011554854,0.0024328105947339874,0.0017124862962687448,0.48656211894679746,12.468627328054415,0.04366638524432777,False,nan,nan,False,False
1848,9.24,0.004985687000953476,0.0017247169998881873,9.617999239708297e-06,0.00130937699941569,0.0012411190000420902,0.00010196199946221896,0.0031933439986460144,0.002440631269113185,0.0017267363477444508,0.488126253822637,3.021694277554028,0.041190482176677666,False,nan,nan,False,False
1849,9.245000000000001,0.0050511409990576794,0.0015091420009412104,9.237999620381743e-06,0.00024468000083288644,0.001055852000718005,0.00011097800052084494,0.0033590039984119358,0.002404307657107766,0.0017362109971712503,0.48086153142155313,9.003051908891665,0.04066903677011057,False,nan,nan,False,False
1850,9.25,0.005002038000384346,0.0017131650001829257,9.377999958815053e-06,0.0013588100009656046,0.0012453879990061978,0.00010644899884937331,0.0031848679991526296,0.0023813718588899806,0.001739890739390848,0.47627437177799614,8.100750909920759,0.04061855978286256,False,nan,nan,False,False
1851,9.255,0.005029029000070295,0.001689491000433918,9.266999768442474e-06,0.00022311899920168798,0.0011568519985303283,0.00010834299973794259,0.0031139139991864795,0.0023631446568448777,0.0017322098919616558,0.47262893136897555,10.175974902922638,0.0424789320893186,False,nan,nan,False,False
1852,9.26,0.004920023999147816,0.0017614560001675272,9.166999006993137e-06,0.0011999819998891326,0.0012729800000670366,0.00010227200073131826,0.003119946000879281,0.0023619108824211002,0.0017190808210307829,0.47238217648422004,10.625535115317799,0.04276663451656527,False,nan,nan,False,False
1853,9.265,0.005010093000237248,0.0019730530002561864,2.7181000405107625e-05,0.002331646999664372,0.0012535329988168087,0.0001099559995054733,0.002900555000451277,0.0023491467697748145,0.001728476729603079,0.4698293539549629,12.007690567642776,0.04291530565180872,False,nan,nan,False,False
1854,9.27,0.004990417000954039,0.001763829999617883,9.227000191458501e-06,0.001113140000597923,0.0012837389986088965,0.00011332299982313998,0.003160170999763068,0.0023499354603886383,0.0017156824969917217,0.46998709207772765,7.301945072343377,0.04259052425175248,False,nan,nan,False,False
1855,9.275,0.005051610998634715,0.0018447720012773061,1.4687000657431781e-05,0.002136630000677542,0.001347108000118169,0.00010613999984343536,0.003022783999767853,0.0023278485288617703,0.0017049442540721937,0.465569705772354,6.855433693540913,0.040808964932374577,False,nan,nan,False,False
1856,9.28,0.004988263000996085,0.0016111029999592574,8.68700044520665e-06,0.0009705020002002129,0.0011099230014224304,0.00010291299986420199,0.0032273779997922247,0.002305797957218487,0.0016905674397085235,0.4611595914436974,10.866294738162264,0.041172832076939586,False,nan,nan,False,False
1857,9.285,0.004947544999595266,0.0016757249995862367,8.725999578018673e-06,0.0003621399991970975,0.0011497579998831498,0.00010402599946246482,0.0032189520006795647,0.0023162241782768837,0.001660980763469766,0.46324483565537666,12.244501619221438,0.04026729705715087,False,nan,nan,False,False
1858,9.290000000000001,0.005010954999306705,0.001793186000213609,9.487999705015682e-06,0.0008978749992820667,0.0013137959995219717,0.00010380499952589162,0.003091082000537426,0.002314792255257682,0.0016658308730919114,0.4629584510515365,1.36659682374677,0.040797459434305246,False,nan,nan,False,False
1859,9.295,0.005000696000934113,0.001600764000613708,9.14699921850115e-06,0.0003165439993608743,0.0011472730002424214,0.00010121000013896264,0.003282992000094964,0.0022782413200361537,0.001642066103283213,0.4556482640072308,12.11760469870926,0.04040309126065479,False,nan,nan,False,False
1860,9.3,0.005001125999115175,0.0017676080005912809,9.53800008574035e-06,0.0013907200009271037,0.001149446999988868,0.00011567699948500376,0.0030694510005560005,0.002228973865462029,0.0015936831862122247,0.4457947730924058,8.245973804881844,0.04098560271490953,False,nan,nan,False,False
1861,9.305,0.005044067000198993,0.0014883940002619056,7.895001544966362e-06,4.88519999635173e-05,0.0009683480002422584,0.00018861399985325988,0.003284024000095087,0.0022192749016144066,0.001588556416958431,0.4438549803228813,9.962612140185652,0.04147622064433286,False,nan,nan,False,False
1862,9.31,0.004846646999794757,0.0015185700012807501,6.201998985488899e-06,0.0011258029990131035,0.0009696689994598273,0.00010079899948323146,0.0034025559998553945,0.002216356212852015,0.0015859820082431142,0.443271242570403,7.368423486819008,0.04149081687433233,False,nan,nan,False,False
1863,9.315,0.004985668001609156,0.0014573949993064161,1.0989999282173812e-05,0.002174842000385979,0.0010406530000182102,9.27339988265885e-05,0.0034788190005201614,0.0022120475524124534,0.0015770320211354605,0.44240951048249066,12.031762916110047,0.04131473511095145,False,nan,nan,False,False
1864,9.32,0.005000053999538068,0.0014638169996032957,5.5199998314492404e-06,0.0010932519999187207,0.0009283019990107277,9.255400073016062e-05,0.0034718070000963053,0.002198415447478171,0.0015772216584155618,0.4396830894956342,8.223531233024918,0.041255515359887494,False,nan,nan,False,False
1865,9.325000000000001,0.004999292999855243,0.0014460340007644845,8.014998456928879e-06,0.002156477999960771,0.0010152449995075585,0.00010128999929293059,0.003491242998279631,0.001942341790887158,0.0013443843729927796,0.38846835817743164,18.471060870348754,0.04205910700631157,False,nan,nan,False,False
1866,9.33,0.005003561000194168,0.0014924610004527494,5.20000139658805e-06,0.001097038999432698,0.0009542410007270519,0.00010806300088006537,0.003460224999798811,0.0019826055657526246,0.0013840342312458898,0.3965211131505249,12.957483798174502,0.039584927193562026,False,nan,nan,False,False
1867,9.335,0.005050268999184482,0.0016966340008366387,1.2182001228211448e-05,0.002174801998990006,0.0012474309987737797,9.87049988907529e-05,0.003186320998793235,0.002019993450990468,0.0014337275401949956,0.4039986901980936,7.8858261582299525,0.03871641284520763,False,nan,nan,False,False
1868,9.34,0.0049495700004627,0.001322702000834397,5.449999662232585e-06,0.0009742390011524549,0.000892735999514116,9.877599950414151e-05,0.003610115998526453,0.0020418765062202534,0.0014599022654830929,0.4083753012440507,9.627476665825986,0.038442575833017925,False,nan,nan,False,False
1869,9.345,0.005004972999813617,0.0014471060003415914,7.78499997977633e-06,0.0022425189999921713,0.0010107669986609835,9.334499918622896e-05,0.003476204999969923,0.0020566299007076082,0.0014804609191774176,0.41132598014152166,7.6362317285426515,0.037542164710405314,False,nan,nan,False,False
1870,9.35,0.004992580999896745,0.0013560950010287343,5.6200005928985775e-06,0.0011475539995444706,0.0009196470000460977,9.172200043394696e-05,0.003648607998911757,0.0020734008530605514,0.0014914130152490213,0.4146801706121103,11.720761762365976,0.036841308444298906,False,nan,nan,False,False
1871,9.355,0.005070966999483062,0.0012383550001686672,5.469999450724572e-06,0.00011463500050012954,0.000841238999782945,9.751299876370467e-05,0.0036247930001991335,0.0020498314037351224,0.0014842451087409003,0.40996628074702446,10.052072045388135,0.03646366228073881,False,nan,nan,False,False
1872,9.36,0.004927719000988873,0.0014149559992802097,5.560999852605164e-06,0.0011004950010828907,0.000876795998919988,0.00010762200145109091,0.0035895670007448643,0.0019901329214885737,0.0014265240089532671,0.39802658429771476,17.169437706909083,0.036627896958412565,False,nan,nan,False,False
1873,9.365,0.005072370000561932,0.0012387149999995017,5.8010009524878114e-06,0.00011548700058483519,0.000841238999782945,8.806600089883432e-05,0.003624792998380144,0.002058233340815778,0.0014295748287016519,0.41164666816315554,12.15508059750068,0.037229907229800324,False,nan,nan,False,False
1874,9.370000000000001,0.004925253999317647,0.001445292999051162,5.6510016293032095e-06,0.0011524739984452026,0.0009163499998976476,9.179200060316361e-05,0.0034924250012409175,0.002153267816129497,0.0014304056175478141,0.4306535632258993,11.821663838136327,0.03612945482120298,False,nan,nan,False,False
1875,9.375,0.005011346000173944,0.0014535579994117143,7.634000212419778e-06,0.0022440020002250094,0.0010321670015400741,8.846600030665286e-05,0.0034833280005841516,0.0020358310868966805,0.0014262905402553372,0.4071662173793361,12.151365823403268,0.035622001197667646,False,nan,nan,False,False
1876,9.38,0.005044527999416459,0.001677387999734492,7.153999831643887e-06,0.0011533950000739424,0.0010740759989857906,0.00011973500113526825,0.0032230390006589005,0.0020162762164893018,0.0011834268819197469,0.4032552432978604,19.78475415748045,0.03408502030108369,False,nan,nan,False,False
1877,9.385,0.005125730000145268,0.0013736380005866522,6.551999831572175e-06,6.042299901309889e-05,0.0009529180006211391,9.759399836184457e-05,0.0033881599993037526,0.002083051687868578,0.0012168860009560412,0.41661033757371563,12.324168948448204,0.035123597689888965,False,nan,nan,False,False
1878,9.39,0.004832160000660224,0.0015279479994205758,5.650999810313806e-06,0.0010843849995580968,0.0009148980007012142,9.813399992708582e-05,0.003401574000235996,0.0021520359784728896,0.0012457186421059863,0.4304071956945779,12.13675895264607,0.037119182951116464,False,nan,nan,False,False
1879,9.395,0.005128775999764912,0.0013484709998010658,1.8374001228949055e-05,5.64560014026938e-05,0.0009183640013361583,9.295499876316171e-05,0.00346345000070869,0.002095669681103621,0.0012738336107873671,0.4191339362207242,6.918181441414643,0.036944654184188346,False,nan,nan,False,False
1880,9.4,0.004905526999209542,0.0016431439998996211,7.264001396833919e-06,0.0010992430015903665,0.0010055669990833849,0.00011262199950579088,0.003255640000134008,0.002044667878300939,0.0012936330875656932,0.4089335756601878,8.158090126445636,0.03772319789359891,False,nan,nan,False,False
1881,9.405,0.004971931000909535,0.0017835879989434034,5.40000110049732e-06,0.002114478998919367,0.001361124999675667,9.996699918701779e-05,0.003135725000902312,0.002011842965769775,0.0013108376141941491,0.402368593153955,7.956131875365222,0.036002768705565055,False,nan,nan,False,False
1882,9.41,0.004991277999579324,0.0016715879992261762,5.361000148695894e-06,0.0006985710006119916,0.0012355989983916515,9.124099960899912e-05,0.003258937000282458,0.001993551233048259,0.0013213872804258564,0.3987102466096519,9.390637646018778,0.03541227852188416,False,nan,nan,False,False
1883,9.415000000000001,0.004998983000405133,0.0014853379998385208,5.1699989853659645e-06,0.00015187499957391992,0.0010391999985586153,9.838500045589171e-05,0.0034455370005161967,0.001998088072264027,0.0013141068829782832,0.3996176144528054,10.345470508435339,0.037652360980749075,False,nan,nan,False,False
1884,9.42,0.0049988020000455435,0.0015085209997778293,5.150001015863381e-06,0.0006673719999525929,0.0011028400003851857,8.895700011635199e-05,0.0034230750006827293,0.0018550898762632968,0.0011158633980716814,0.3710179752526594,20.773591737474494,0.036876441115755956,False,nan,nan,False,False
1885,9.425,0.004999093000151333,0.0013312880000739824,5.339999916031957e-06,0.00015542100118182134,0.0009291549995396053,9.13420008146204e-05,0.0036023819993715733,0.0019015815166342884,0.0011514636380216547,0.38031630332685773,12.107051383858655,0.037680820758896956,False,nan,nan,False,False
1886,9.43,0.005001175999495899,0.0015168070003710454,5.078998583485372e-06,0.0006974190000619274,0.0011068169987993315,8.90970004547853e-05,0.0034178149999206653,0.0019659017676358103,0.0011825612620348647,0.3931803535271621,12.16673809658374,0.03511204611500978,False,nan,nan,False,False
1887,9.435,0.005007218000173452,0.0013121930005581817,5.590000000665896e-06,0.00014859900147712324,0.0009057999996002764,9.12609993974911e-05,0.003613341999880504,0.0019888490646436585,0.0012088624886312793,0.39776981292873165,3.4024605717303023,0.03543235492196903,False,nan,nan,False,False
1888,9.44,0.004995535999114509,0.0015223570007947274,5.330000931280665e-06,0.0006965269985812483,0.0011058460004278459,8.850599988363683e-05,0.003406464000363485,0.0019207927098415757,0.001229983829578174,0.3841585419683151,11.78471046968187,0.03422539515317482,False,nan,nan,False,False
1889,9.445,0.004995987001166213,0.001430344998880173,5.1489987527020276e-06,0.00015424000048369635,0.000998313000309281,9.694199980003759e-05,0.0035054090003541205,0.0018900344674442082,0.0012299385898082438,0.37800689348884164,12.011892527575778,0.0324678767109934,False,nan,nan,False,False
1890,9.450000000000001,0.005005454999263748,0.0015487470009247772,5.150001015863381e-06,0.0006663610001851339,0.0009864020012173569,9.759299973666202e-05,0.003381164999154862,0.0019042932189740486,0.0012367291052901574,0.3808586437948097,20.856388145901455,0.03363871425795617,False,nan,nan,False,False
1891,9.455,0.004997268999431981,0.0012801630000467412,5.080000846646726e-06,0.00015855800120334607,0.0008872349990269868,8.865599920682143e-05,0.0036501110007520765,0.0021681554960532893,0.0015367291052901244,0.43363109921065784,16.880751374341322,0.03446992821326411,False,nan,nan,False,False
1892,9.46,0.004998862001230009,0.0014991139996709535,5.310001142788678e-06,0.0006882120014779503,0.0010929509990091901,8.779500058153644e-05,0.0034932759990624618,0.002127402699937242,0.0015252561229013306,0.42548053998744845,9.097857689754273,0.03592652935151428,False,nan,nan,False,False
1893,9.465,0.005060798999693361,0.0013242950008134358,5.009000233258121e-06,0.00011692900079651736,0.0009134840001934208,8.921799962990917e-05,0.003546415999153396,0.002032176521672303,0.0014056960563528786,0.4064353043344606,10.609681940613704,0.03457388157726532,False,nan,nan,False,False
1894,9.47,0.004937916999551817,0.001509293000708567,4.849000106332824e-06,0.0006988610002736095,0.0010936830003629439,9.615099952497985e-05,0.0035071729998890078,0.0019581912174918615,0.0012749141976302614,0.3916382434983723,10.860891998105636,0.03540549541753189,False,nan,nan,False,False
1895,9.475,0.005117284999869298,0.0013069329997961177,4.989999069948681e-06,0.00015420899944729172,0.0008727380009077024,0.00010130000009667128,0.00350169200100936,0.0019496002014279374,0.0012429236105224728,0.3899200402855874,12.070784486321326,0.03508147601480655,False,nan,nan,False,False
1896,9.48,0.0048705919998610625,0.0013381210010265931,4.948999048792757e-06,0.0005730650009354576,0.0008927960006985813,9.218299965141341e-05,0.0036841239998466335,0.0017674477843157427,0.0010962183085065913,0.35348955686314854,16.975247931423752,0.034733072202262065,False,nan,nan,False,False
1897,9.485,0.005119217001265497,0.0013444340002024546,5.2389987104106694e-06,0.00015017199984868057,0.000938110999413766,8.351599899469875e-05,0.0035752699986915104,0.0018433016404912545,0.001114289732673024,0.3686603280982509,13.029985222521637,0.03638497441947736,False,nan,nan,False,False
1898,9.49,0.005027907998737646,0.0017441630006942432,1.8845999875338748e-05,0.0007531330011261161,0.0012621690002561081,0.0001052370007528225,0.0032762390001153108,0.0018107177479537693,0.0011126427716598997,0.3621435495907539,17.40883340902907,0.037324555181047214,False,nan,nan,False,False
1899,9.495000000000001,0.005129256000145688,0.001573694000398973,8.545999662601389e-06,0.0002504700005374616,0.0011005659998772899,0.00010276200009684544,0.0031538090006506536,0.0017884515630146563,0.001103948579580516,0.35769031260293127,17.01412710642991,0.035983272640840155,False,nan,nan,False,False
1900,9.5,0.004836317000808776,0.001715940999929444,8.416000127908774e-06,0.0006919879997440148,0.0011760479992517503,0.00010397500045655761,0.0031780949993844843,0.0018024916322231326,0.0010901000418390705,0.3604983264446265,14.309576642481373,0.034593309550324844,False,nan,nan,False,False
1901,9.505,0.0050038919998769416,0.0015883809992374154,8.766999599174596e-06,0.00026002799859270453,0.0011058350009989226,0.0001146159993368201,0.0033026090004568687,0.0016574261120363596,0.0010785468825129652,0.33148522240727196,12.281178506466649,0.03194384086580402,False,nan,nan,False,False
1902,9.51,0.005000715998903615,0.0016383950005547376,8.4550010797102e-06,0.0007633529985469067,0.0011368340001354227,0.00010347399984311778,0.0032507409996469505,0.0015913153735493777,0.0010549167888431743,0.3182630747098756,16.629145659131783,0.03162087835784507,False,nan,nan,False,False
1903,9.515,0.0049990320003416855,0.0015640159999747993,8.766999599174596e-06,0.0002874290003092028,0.001092190999770537,0.00010411500079499092,0.00337038600082451,0.0013840538367979897,0.001094748686938196,0.276810767359598,26.835192879813675,0.03185665866408931,False,nan,nan,False,False
1904,9.52,0.00505386599979829,0.0016572600015933858,8.405000698985532e-06,0.0008774369998718612,0.0011939699998038122,0.00010549800026637968,0.003178225999363349,0.0015081176562368023,0.001160225594885527,0.3016235312473604,18.400576174256067,0.03281452468691323,False,nan,nan,False,False
1905,9.525,0.004946013001244864,0.0016355899988411693,8.484999852953479e-06,0.0002680929992493475,0.0011059959997510305,0.00011206000090169255,0.003253326000049128,0.0015880621220861852,0.0011435809471829206,0.3176124244172371,18.00447743906328,0.03221695114453098,False,nan,nan,False,False
1906,9.53,0.004996396999558783,0.0019377669996174518,8.446000720141456e-06,0.0006883519999973942,0.0014349240009323694,0.00011805200119852088,0.002958383000077447,0.0017200681521421502,0.0013639709109454223,0.3440136304284301,15.623879116872398,0.028744353968062523,False,nan,nan,False,False
1907,9.535,0.0050057259995810455,0.0015745950004202314,8.525999874109402e-06,0.00025961699975596275,0.001102128999264096,0.00011243100016145036,0.0033144209992315155,0.0018010322214313487,0.0015535351834090605,0.36020644428626974,19.052650366763434,0.026176484591578536,False,nan,nan,False,False
1908,9.540000000000001,0.0049980000003415626,0.0019587970000429777,8.506000085617416e-06,0.0007446880008501466,0.0014247039998736,0.00011715999971784186,0.002942633000202477,0.0016831806193504787,0.0012535351834090935,0.3366361238700958,17.61704414374005,0.02474531614409455,False,nan,nan,False,False
1909,9.545,0.005017557999963174,0.001530171999547747,9.127001248998567e-06,0.0002865679998649284,0.0010736549993453082,9.997800043493044e-05,0.0034214610004710266,0.0015207086992646973,0.0009535351834091266,0.30414173985293946,13.892058649864104,0.023990330888058048,False,nan,nan,False,False
1910,9.55,0.005079112999737845,0.0018523960006859852,9.367999155074358e-06,0.0009358070001326269,0.0013575780012615724,0.00010669099901861046,0.002948072999060969,0.0016964775100213878,0.0012535351834090935,0.33929550200427755,21.218355262350524,0.02584603829220411,False,nan,nan,False,False
1911,9.555,0.004916867999781971,0.001675515000897576,9.117000445257872e-06,0.0002653179999470012,0.0011625119987002108,0.00010532799933571368,0.0032061469992186176,0.0018174574877704902,0.001407324173476887,0.363491497554098,11.807991031505887,0.02519939975101425,False,nan,nan,False,False
1912,9.56,0.004997620000722236,0.002018007000515354,9.448000128031708e-06,0.0008190670014300849,0.0014830740001343656,0.00011961400014115497,0.0028827509995608125,0.0015830153328604318,0.0011073241734769201,0.31660306657208637,14.490469144343333,0.027537727798673833,False,nan,nan,False,False
1913,9.565,0.005016445000364911,0.001623987998755183,2.2201998945092782e-05,0.0003330750005261507,0.0011562299987417646,0.00011397299931559246,0.0032445600008941256,0.0013958501336601406,0.0008081290797262389,0.27917002673202806,21.040581701238626,0.02741277653679312,False,nan,nan,False,False
1914,9.57,0.004983673999959137,0.0019219669993617572,9.248000424122438e-06,0.0006920889991306467,0.0014468450008280342,0.0001054579988704063,0.002949125000668573,0.0012934907985417807,0.0008874929082731669,0.2586981597083562,10.375842872454987,0.030685940762599728,False,nan,nan,False,False
1915,9.575000000000001,0.004986848998669302,0.0015362940011982573,9.266999768442474e-06,0.0002740840009209933,0.0010714609998103697,0.00010155999916605651,0.0034348369990766514,0.0014374146702896586,0.0008950612673812586,0.2874829340579317,14.305894251948198,0.030031951280494552,False,nan,nan,False,False
1916,9.58,0.005100764001326752,0.0018261169989273185,9.707999197416939e-06,0.0009437219996470958,0.0013271410007291706,0.00011779200031014625,0.002966688000014983,0.0018361856875723983,0.0011950612673812255,0.3672371375144796,19.48437095676963,0.030818348429964105,False,nan,nan,False,False
1917,9.585,0.004901319000055082,0.0016484339994349284,8.536000677850097e-06,0.00028178899992781226,0.0011338579988660058,0.00010927500079560559,0.003241022999645793,0.0019355552012952088,0.0011307135119096312,0.3871110402590418,12.646627172782228,0.028574768169797544,False,nan,nan,False,False
1918,9.59,0.004998290998628363,0.0019483870000840398,8.836999768391252e-06,0.0008120950005832128,0.001418391999322921,0.0001302939999732189,0.0029465309999068268,0.0018193665011242087,0.0011991691892754286,0.3638733002248417,12.323368922280572,0.028543063147586496,False,nan,nan,False,False
1919,9.595,0.005003752001357498,0.0015744449992780574,8.645998605061322e-06,0.00026883399914368056,0.0011042730002372991,0.00010423599997011479,0.003315211999506573,0.0013409008772420157,0.0008991691892754616,0.26818017544840317,20.810036410364873,0.02927828518938097,False,nan,nan,False,False
1920,9.6,0.004999703000066802,0.0019014289991901023,8.896999133867212e-06,0.000816091000160668,0.0013804499994876096,0.00010970600123982877,0.0029894010003772564,0.0010419376561896655,0.0006061403557008306,0.20838753123793308,14.870113662386883,0.03141300176046529,False,nan,nan,False,False
1921,9.605,0.005000605999157415,0.0015232389996526763,8.536000677850097e-06,0.0002691249992494704,0.0010614719994919142,0.00010405499961052556,0.0033639840003161225,0.0010731962803789204,0.0006704554534814108,0.21463925607578407,17.174588819132875,0.030980160023040892,False,nan,nan,False,False
1922,9.61,0.004996498000764404,0.0017976839990296867,8.575998435844667e-06,0.0008273729999928037,0.0012999099999433383,0.00011928399908356369,0.00309553999977652,0.0013988034220738012,0.0008896101063731177,0.2797606844147602,17.263804053692866,0.028725421669967242,False,nan,nan,False,False
1923,9.615,0.005002338999474887,0.0016360999998141779,8.486000297125429e-06,0.0002773100004560547,0.001122355999541469,0.00012324099952820688,0.0032519540000066627,0.001277784636047824,0.0009280867585193565,0.2555569272095648,18.040160926938796,0.02611188960977958,False,nan,nan,False,False
1924,9.620000000000001,0.004997669000658789,0.0019295219990453916,8.66699883772526e-06,0.0008068639999692095,0.0014373279991559684,0.00010909500088018831,0.002963201999591547,0.0012849507614119482,0.0009807048467293886,0.2569901522823896,13.526689323819506,0.023163380686780113,False,nan,nan,False,False
1925,9.625,0.0050014179996651364,0.0015773800005263183,8.576998880016617e-06,0.00027427399982116185,0.0011043820013583172,0.00010353399920859374,0.0033108139996329555,0.0013450888759582098,0.0010025192291970506,0.269017775191642,13.187927555619597,0.02271758605306448,False,nan,nan,False,False
1926,9.63,0.004997328998797457,0.0018996550006704638,8.385000910493545e-06,0.0006347409998852527,0.0014023019994056085,0.00011435400119808037,0.0029963239994685864,0.0013279638129616547,0.0009693772775002081,0.265592762592331,12.190649465819059,0.022978055451850818,False,nan,nan,False,False
1927,9.635,0.005006146000596345,0.0015393890007544542,8.495000656694174e-06,0.0002687539999897126,0.0010749869998107897,0.0001034540000546258,0.003345398999954341,0.0014737959692607432,0.0010702861544240605,0.29475919385214866,17.158924039691207,0.022975075368549952,False,nan,nan,False,False
1928,9.64,0.004993131000446738,0.0018659329998627072,8.416000127908774e-06,0.0007261129994731164,0.0013582599985966226,0.00011793200064857956,0.0030411169991566567,0.0015563319056249012,0.0012136054844271715,0.31126638112498023,13.897396283840612,0.021431572369695874,False,nan,nan,False,False
1929,9.645,0.0050258730007044505,0.0016992900000332156,2.583900095487479e-05,0.00020866200065938756,0.0012020260001008864,0.00010079899948323146,0.003165420999721391,0.0013727463078751223,0.0010648618044901692,0.27454926157502446,11.221681624394902,0.019795832304148497,False,nan,nan,False,False
1930,9.65,0.0049743059989850735,0.0018984329999511829,8.43599991640076e-06,0.0007905330003268318,0.0013874440010113176,0.0001156269991042791,0.0029955129994050367,0.0012537438501646046,0.0009316319062577794,0.25074877003292095,13.352954669315478,0.01928490771511831,False,nan,nan,False,False
1931,9.655,0.005003762000342249,0.0015826300004846416,8.76600097399205e-06,0.00029268900107126683,0.0011214339992875466,0.00010311400001228321,0.0033060149999073474,0.0012449790018176623,0.0008279230864356446,0.24899580036353247,12.821372832766778,0.021355143589837235,False,nan,nan,False,False
1932,9.66,0.004997228999854997,0.0019317759997647954,8.596000043326057e-06,0.0006237910001800628,0.001430685000741505,0.00012039600005664397,0.0029618990010931157,0.0013084597722720893,0.0008168419679126515,0.26169195445441784,13.00428497935882,0.021440989731927155,False,nan,nan,False,False
1933,9.665000000000001,0.005002108000553562,0.0015603189985995414,8.596000043326057e-06,0.0003208519992767833,0.0010877519998757634,0.00011425400043663103,0.0033387560015398776,0.001492940957914457,0.0010108804891433287,0.2985881915828914,23.20219537631309,0.022559799531256843,False,nan,nan,False,False
1934,9.67,0.005008049998650677,0.0016338160003215307,8.775999958743341e-06,0.0009298459990532137,0.0010910780001722742,0.00013008399946556892,0.0032507819996681064,0.0018338883185161868,0.0013108804891432957,0.36677766370323733,20.376691875393078,0.02464515350295981,False,nan,nan,False,False
1935,9.675,0.005010263001167914,0.0016172359992197016,8.737000825931318e-06,0.00039984099930734374,0.0011031209996872349,0.00011243100016145036,0.0032560210001975065,0.0014953101465721788,0.0010108804891433287,0.29906202931443576,16.750229602209444,0.02390114861892574,False,nan,nan,False,False
1936,9.68,0.004991087998860166,0.0018902580013673287,8.666000212542713e-06,0.0009281820002797758,0.0013542519991460722,0.0001374080002278788,0.0029948409992357483,0.001182487232284797,0.0007108804891431397,0.23649744645695941,18.762585322970267,0.025887159617220407,False,nan,nan,False,False
1937,9.685,0.0049954260011872975,0.0016217739994317526,8.896000508684665e-06,0.00038121499892440625,0.0011566110006242525,0.00010086899965244811,0.0032687450002413243,0.0014677078723714734,0.0010108804891433287,0.2935415744742947,20.889688393125677,0.029274537190754606,False,nan,nan,False,False
1938,9.69,0.005007728999771643,0.001866282998889801,9.438001143280417e-06,0.0008841489998303587,0.001385310000841855,0.00010751199988590088,0.0030125140001473483,0.0011406100726975936,0.0007628082745570076,0.22812201453951872,15.83607769801783,0.028769628856544605,False,nan,nan,False,False
1939,9.695,0.004987209998944309,0.0015000260009401245,8.536000677850097e-06,0.00038013300036254805,0.001048037000145996,0.00010214199937763624,0.0034210310004709754,0.0009633238863021034,0.0006863997887556206,0.19266477726042072,20.881556139212385,0.02579286029011402,False,nan,nan,False,False
1940,9.700000000000001,0.005050929999924847,0.0017694710004434455,9.577999662724324e-06,0.0009628370007703779,0.0012814749989047414,0.00010595899948384613,0.003078719000768615,0.0011373423142724169,0.0007628082745570076,0.2274684628544834,21.19326507632054,0.023973194883402958,False,nan,nan,False,False
1941,9.705,0.00496463800118363,0.0016842810000525787,9.137000233749859e-06,0.0003751340009330306,0.001155848998678266,0.00011678900045808405,0.0031973309996828903,0.0009993428840532437,0.0006462354229836986,0.19986857681064873,6.254398181624599,0.02383428033232908,False,nan,nan,False,False
1942,9.71,0.004998151000108919,0.0019289499996375525,9.327000952907838e-06,0.0009297650012740633,0.0014338310011225985,0.00010812199980136938,0.002949556999737979,0.0008500649735103811,0.0006589609988980616,0.17001299470207623,20.851596567369885,0.019591851610261796,False,nan,nan,False,False
1943,9.715,0.004994974999135593,0.0016162940009962767,9.186998795485124e-06,0.00037239899938867893,0.001163382999948226,0.00010132000170415267,0.0032701969994377578,0.0004559968779671448,0.00035896099889809463,0.09119937559342896,26.16600337829722,0.019241085302622155,False,nan,nan,False,False
1944,9.72,0.005002439000236336,0.0018559929994808044,9.14699921850115e-06,0.0009143770002992824,0.0013699410010303836,0.00010811300126079004,0.0030301170008897316,0.0007460458118916234,0.0005408369307411398,0.14920916237832466,20.158415332708362,0.019369443381304266,False,nan,nan,False,False
1945,9.725,0.005003710999517352,0.0015569120005238801,9.376999514643103e-06,0.00037105599949427415,0.0010912779998761835,0.0001018209986796137,0.0033602069997868966,0.0011784799363770157,0.0008408369307411068,0.23569598727540314,21.973034503561788,0.017444214411320907,False,nan,nan,False,False
1946,9.73,0.005045510000854847,0.0017212910006492166,9.197001418215223e-06,0.0009789170017029392,0.0010807480011862935,0.00011430499944253825,0.0031325089985330123,0.0016761817469270752,0.0011408369307410737,0.335236349385415,23.180452039331016,0.01579828757624999,False,nan,nan,False,False
1947,9.735,0.004971701000613393,0.0014641580000898102,2.348400084883906e-05,0.0004125949999433942,0.0009903589998430107,0.00010640899927238934,0.003400001998670632,0.0017711171386223603,0.0011537645770163252,0.3542234277244721,23.794251881633343,0.011760763682313201,False,nan,nan,False,False
1948,9.74,0.004981469999620458,0.0018991239994647913,9.297998985857703e-06,0.0009205380010826048,0.0014161280014377553,0.00010711100003391039,0.0029844719992979662,0.001983680377905651,0.0014537645770162921,0.39673607558113017,27.04855073618217,0.011418270878465147,False,nan,nan,False,False
1949,9.745000000000001,0.005000895998819033,0.0016337360011675628,9.307001164415851e-06,0.0003706859988596989,0.0011508200004755054,0.00010361400018155109,0.0032523649988434045,0.0021379617139610147,0.0017518305688333236,0.427592342792203,13.371137020113887,0.015111049178219732,False,nan,nan,False,False
1950,9.75,0.005003551001209416,0.001767337000273983,9.367000529891811e-06,0.0009307069994974881,0.0011510809999890625,0.00011215999984415248,0.0031113799996091984,0.001978016300224534,0.0014518305688333566,0.3956032600449068,25.35093928191292,0.018770587827276117,False,nan,nan,False,False
1951,9.755,0.004994904998966376,0.0015277070015145,9.237000995199196e-06,0.00036887199894408695,0.0010704690012062201,0.00010101900079462212,0.0034013139993476216,0.0022815903113338034,0.0016969032419447139,0.4563180622667607,19.341376624067404,0.024783743087153292,False,nan,nan,False,False
1952,9.76,0.005058164000729448,0.0017800799996621208,9.428000339539722e-06,0.0009919320000335574,0.0012957710005139234,0.00010745100007625297,0.0030474499999399995,0.0019221843140755296,0.001396903241944747,0.3844368628151059,25.575378439672388,0.024111535640415457,False,nan,nan,False,False
1953,9.765,0.0049440689999755705,0.0017186749992106343,9.33699993765913e-06,0.00036837100014963653,0.0011825290002889233,0.00011932400047953706,0.0031632469999749446,0.0015380913342868813,0.001096903241944558,0.30761826685737625,25.447561831086045,0.02713786049789505,False,nan,nan,False,False
1954,9.77,0.00499816099909367,0.0019993620007880963,9.19800004339777e-06,0.0009267790010198951,0.001423923000402283,0.00010667000060493592,0.002893691000281251,0.0013855802290679861,0.0010223985600614771,0.2771160458135972,12.699166436125617,0.03348013648387204,False,nan,nan,False,False
1955,9.775,0.005011346000173944,0.0016396370010625105,2.5278000975959003e-05,0.0003367219997016946,0.0011502590004965896,0.00010147099965251982,0.0033574409990251297,0.0010244397125649086,0.0007223985600615102,0.20488794251298179,24.137604731236824,0.03451186390057678,False,nan,nan,False,False
1956,9.78,0.0053226190011628205,0.0019021400003111921,2.251299883937463e-05,0.0008776269987720298,0.0013891079997847555,7.969000034790952e-05,0.0026479399984964402,0.0012501572459994545,0.0008250813622858039,0.2500314491998909,13.914431593722847,0.033563268684181226,False,nan,nan,False,False
1957,9.785,0.004667240000344464,0.0015511909987253603,9.518000297248363e-06,0.00027978499929304235,0.0010876420001295628,0.00010262300020258408,0.0033900230009749066,0.0012376701165987768,0.0008394829974234241,0.24753402331975533,15.323919927351204,0.031372399552433594,False,nan,nan,False,False
1958,9.790000000000001,0.005075876999399043,0.0017776959994080244,9.286999556934461e-06,0.0014428279991989257,0.001303605999055435,0.0001068599995051045,0.003042411000933498,0.0008082287736560713,0.0005394829974234572,0.16164575473121426,24.25377699054965,0.027885711230387644,False,nan,nan,False,False
1959,9.795,0.00492890100031218,0.0016304199998558033,8.865999916451983e-06,0.00028653800109168515,0.0011101630007033236,0.00012787999912688974,0.003244568999434705,0.0004566824036780672,0.00032980474081998473,0.09133648073561343,17.540840735862588,0.02644683958827759,False,nan,nan,False,False
1960,9.8,0.004984253999282373,0.0019053670002904255,8.797000191407278e-06,0.001351146000160952,0.0013969119991088519,0.0001103369995689718,0.0029854829990654252,0.00040767027135404964,0.0002701868997887283,0.08153405427080992,7.453447828142074,0.026265888211408035,False,nan,nan,False,False
1961,9.805,0.005000766999728512,0.0015764680010761367,8.56600127008278e-06,0.0002751769989117747,0.0011028600001736777,0.00010440600090078078,0.0033148919992527226,0.0006315624849869475,0.0004845585721044987,0.1263124969973895,16.23836495037783,0.02444029773635196,False,nan,nan,False,False
1962,9.81,0.005003090000172961,0.001848969999628025,8.635999620310031e-06,0.0013551640004152432,0.0013379310003074352,0.00011076800001319498,0.0031034040002850816,0.0003395546184545238,0.0002460524934205961,0.06791092369090476,21.714331161072337,0.017198413269371566,False,nan,nan,False,False
1963,9.815,0.0050766280000971165,0.0015338789999077562,8.496001100866124e-06,0.00035707999995793216,0.0010797169998113532,0.00010598900007607881,0.0033431240008212626,0.0003787045928855689,0.00025421217850429834,0.07574091857711379,17.395053310811843,0.014292263334673738,False,nan,nan,False,False
1964,9.82,0.005002218000299763,0.0017771359998732805,8.565999451093376e-06,0.001430725000318489,0.0012856120010837913,0.00010905500130320434,0.0030480509994958993,0.0004685206261404544,0.00042846157230580495,0.09370412522809089,8.0798809151865,0.009414766361945685,False,nan,nan,False,False
1965,9.825000000000001,0.004934041000524303,0.0016490749985678121,8.605999028077349e-06,0.00029013400126132183,0.0011350300010235514,0.00012261000119906384,0.00322263800080691,0.0004231499780163284,0.0003125584532479575,0.08462999560326569,13.123558484035458,0.007821078740217096,False,nan,nan,False,False
1966,9.83,0.004981158999726176,0.0018739570004981942,8.556000466342084e-06,0.0013512160003301688,0.0013555639998230617,0.00011308200009807479,0.0030208299995138077,0.0005646515637765815,0.0005322540141310395,0.11293031275531631,13.971647041185697,0.004814167551949076,False,nan,nan,False,False
1967,9.835,0.005004482000003918,0.0015881309991527814,8.725999578018673e-06,0.00028112799918744713,0.0011092019994976,0.0001043860011122888,0.0032973289999063127,0.0005916165407217179,0.0004339005730766843,0.11832330814434358,20.628587204921878,0.003181580525358069,False,nan,nan,False,False
1968,9.84,0.004995457000404713,0.0018305349985894281,8.455999704892747e-06,0.0013515869995899266,0.0013349150012800237,0.00010982599997078069,0.0030600430000049528,0.0004500302094527971,0.00036301304630725895,0.09000604189055943,12.65642329678022,0.003182103659159898,False,nan,nan,False,False
1969,9.845,0.005000013999961084,0.0015473039984499337,8.736999006941915e-06,0.00027073800083599053,0.0010834929998964071,0.00010347399984311778,0.0033410000014555408,0.00034877829991236697,0.00029452699858811826,0.06975565998247339,4.6524804733955145,0.0027038690806936356,False,nan,nan,False,False
1970,9.85,0.004996997999114683,0.001680384000792401,8.727000022190623e-06,0.0013483900002029259,0.001188942000226234,0.00012006600081804208,0.0032121690001076786,0.0004936670453100776,0.00039762744705207353,0.09873340906201551,13.491721695467577,0.00577603673750431,False,nan,nan,False,False
1971,9.855,0.005001478000849602,0.0016226849984377623,8.847000572131947e-06,0.00027365399910195265,0.0011123469994345214,0.00011533699944266118,0.0032654090009600623,0.0007504114116077132,0.0006976274470520405,0.15008228232154264,17.511716319847814,0.006066693169827121,False,nan,nan,False,False
1972,9.86,0.004997590000130003,0.0017733779986883746,8.807000995147973e-06,0.0013526689999707742,0.0012673689998337068,0.00010682999891287182,0.003120467001281213,0.0007685669518827625,0.0007237871382448358,0.15371339037655252,5.0509652454314775,0.008070200090570868,False,nan,nan,False,False
1973,9.865,0.00501464099943405,0.0015944229999149684,8.756000170251355e-06,0.00028213900077389553,0.0011294899995846208,0.00010454599942022469,0.003284824999354896,0.0008525601756394043,0.0007462891378995362,0.17051203512788088,12.924178286749449,0.009370583707361732,False,nan,nan,False,False
1974,9.870000000000001,0.004987782000171137,0.0018578669987618923,8.244998753070831e-06,0.0013515059999917867,0.0013603130009869346,0.00011079800060542766,0.0030354370010172715,0.0008524616885977046,0.0006637921464596186,0.1704923377195409,8.995788178161437,0.009461780750947934,False,nan,nan,False,False
1975,9.875,0.005002419000447844,0.0015725009998277528,8.556000466342084e-06,0.0002787429984891787,0.0010982420008076588,0.00011425400043663103,0.003313318999062176,0.0008016663553579632,0.0007341882184257464,0.16033327107159265,12.411680099107311,0.007651984504141133,False,nan,nan,False,False
1976,9.88,0.004994322998754797,0.0017751020004652673,8.666000212542713e-06,0.0013460460013448028,0.0012716069995803991,0.00012061599954904523,0.0031199559998640325,0.0009005112985238458,0.0006662833308901384,0.18010225970476917,13.21921376890314,0.008268492679646761,False,nan,nan,False,False
1977,9.885,0.005007870000554249,0.0016197000004467554,8.565999451093376e-06,0.00027206100094190333,0.0011052749996451894,0.00011447500037320424,0.0032651479996275157,0.0010866897846873206,0.0007683073557238629,0.21733795693746416,12.192778141136845,0.009983588189079256,False,nan,nan,False,False
1978,9.89,0.004993081000066013,0.0017305679994024104,8.775999958743341e-06,0.0013487220003298717,0.0012490339995565591,0.00010501700126042124,0.003162025001074653,0.0012903847386331133,0.0010227205654227411,0.2580769477266226,10.314030508413204,0.010951015707276305,False,nan,nan,False,False
1979,9.895,0.005001006000384223,0.0016034499985835282,8.6860000010347e-06,0.0002748159986367682,0.0011254929995629936,0.00011222099965380039,0.003288362000603229,0.0010966595124421137,0.0007499809351991793,0.21933190248842277,12.225507904233867,0.011024164638136132,False,nan,nan,False,False
1980,9.9,0.00500145799924212,0.001854009000453516,8.787001206655987e-06,0.0013516769995476352,0.0013428400015982334,0.00012046600022586063,0.003038413000467699,0.0012807183313308427,0.0010227205654227411,0.2561436662661685,15.770222327503586,0.012205136044523944,False,nan,nan,False,False
1981,9.905,0.0050017970006592805,0.0015352919999713777,8.57600025483407e-06,0.00027357299950381275,0.0010694379998312797,0.00010364399895479437,0.003353793999849586,0.0015163942013773433,0.001322720565422708,0.30327884027546864,13.02985850994413,0.013502583964558433,False,nan,nan,False,False
1982,9.91,0.005004091999580851,0.001790500999049982,8.635999620310031e-06,0.0013568360009230673,0.0012602759998117108,0.00011696000001393259,0.0031081430006452138,0.0012484202919773467,0.0010227205654227411,0.24968405839546937,12.26002242751947,0.013911641052024375,False,nan,nan,False,False
1983,9.915000000000001,0.005007007999665802,0.0016266630009340588,8.756000170251355e-06,0.0002847050000127638,0.00111966100121208,0.00011499600077513605,0.0032507209998584585,0.001534666825977959,0.0012761788563113718,0.3069333651955919,18.05014578259555,0.014182679908793884,False,nan,nan,False,False
1984,9.92,0.004987419999451959,0.0017580200001248159,8.586001058574766e-06,0.0013484410010278225,0.0012748129993269686,0.00010589799967419822,0.003132949999780976,0.0013086729780244027,0.001169924778373188,0.2617345956048805,17.564070702029042,0.016900227388980445,False,nan,nan,False,False
1985,9.925,0.004999484001018573,0.001567572000567452,8.696999429957941e-06,0.00027341299937688746,0.0011064069985877723,0.00010343400026613381,0.003324138999232673,0.0012416091061058735,0.0010688596420618257,0.24832182122117472,14.633387570966072,0.017984723016655272,False,nan,nan,False,False
1986,9.93,0.005000195000320673,0.0019194219985365635,8.727000022190623e-06,0.001346287001069868,0.0013618160010082647,0.0001674249997449806,0.002973932001623325,0.0011942211605547118,0.0010935815911714553,0.23884423211094238,12.343087200414509,0.019376865561658078,False,nan,nan,False,False
1987,9.935,0.00500389099943277,0.0015299320002668537,8.55599864735268e-06,0.00027383400083635934,0.0010537279995332938,0.00010332399870094378,0.0033556380003574304,0.0015369617791656312,0.0013935815911716443,0.3073923558331263,19.938821605319664,0.020411185853295915,False,nan,nan,False,False
1988,9.94,0.004995245999452891,0.0018063000006804941,8.697001248947345e-06,0.001351205999526428,0.001307433998590568,0.0001096460000553634,0.003110218000074383,0.001518946903888479,0.0013750506848173583,0.30378938077769574,13.973680939185593,0.019874072592741644,False,nan,nan,False,False
1989,9.945,0.00502557199979492,0.0016317230001732241,8.695998985785991e-06,0.00031105400012165774,0.0011215239992452553,0.00011084799916716293,0.003232577000744641,0.0013048961245302319,0.0012422258540916165,0.2609792249060464,14.706199138915908,0.018907376061700502,False,nan,nan,False,False
1990,9.950000000000001,0.004974146000677138,0.0016648550008540042,8.515999070368707e-06,0.0013492920006683562,0.00114925699926971,0.00010289300007571,0.003226875998734613,0.0011465680973734673,0.0010718647708944928,0.22931361947469345,14.444426244625342,0.02095696686973316,False,nan,nan,False,False
1991,9.955,0.00500118600029964,0.0015740849994472228,8.506000085617416e-06,0.0002726719994825544,0.001108971999201458,0.00010469599874340929,0.0033149219998449553,0.0010257775080526274,0.0009371165679823434,0.20515550161052548,17.842410209225314,0.022387983999675985,False,nan,nan,False,False
1992,9.96,0.004997920999812777,0.001832789999753004,8.536000677850097e-06,0.0013526990005630068,0.001329394999629585,0.00011017699944204651,0.003060323999307002,0.0011633801928898433,0.0009852410440112092,0.2326760385779687,13.052076303788764,0.02338932205014418,False,nan,nan,False,False
1993,9.965,0.005002800000511343,0.0015911359987512697,8.707000233698636e-06,0.00027305200092087034,0.0011148129997309297,0.00011350299973855726,0.0032980400010274025,0.00113544251106745,0.0010159899026569441,0.22708850221349,9.429949251873804,0.021417799119641593,False,nan,nan,False,False
1994,9.97,0.0050005949997284915,0.001674893999734195,9.157000022241846e-06,0.001316760999543476,0.001182330001029186,0.00010626999937812798,0.0032571529991400894,0.0010843961394220861,0.0009989325226105183,0.21687922788441724,16.530587141294287,0.020063390835054432,False,nan,nan,False,False
1995,9.975,0.005057522999777575,0.001639377000174136,8.43499947222881e-06,0.0002102050002577016,0.0011505789989314508,0.0001073319999704836,0.0031898659999569645,0.0008073918987535688,0.0006989325226105514,0.16147837975071375,12.725470442037302,0.019146555172361523,False,nan,nan,False,False
1996,9.98,0.004939469999953872,0.0018458049999026116,8.496001100866124e-06,0.0012682399992627325,0.0013328009990800638,0.00011117899884993676,0.0030568469992431346,0.0008537968341235428,0.000766598235882654,0.17075936682470857,12.691108188125238,0.020403326693269823,False,nan,nan,False,False
1997,9.985,0.00501069500023732,0.0015863469998294022,8.767001418164e-06,0.00017033999938576017,0.0011036920004698914,0.00010346400085836649,0.0032957259991235333,0.0009243749134110632,0.0008224392408768821,0.1848749826822126,7.584997739145049,0.020594660584028368,False,nan,nan,False,False
1998,9.99,0.004991607998817926,0.0017028670008585323,8.336000973940827e-06,0.0012768260003213072,0.001228465000167489,0.00010473699876456521,0.0032083810001495294,0.000836425032470655,0.0007532468188129471,0.167285006494131,13.677726023991072,0.01836447801046313,False,nan,nan,False,False
1999,9.995000000000001,0.005020633001549868,0.0015340499994636048,8.525999874109402e-06,0.00018271299995831214,0.0010556919987720903,0.00010842400115507189,0.0033272239998041186,0.0006651311641582985,0.0005250102817211388,0.1330262328316597,15.328731115168722,0.01635185975717327,False,nan,nan,False,False
