label,status,method,noise_channel,noise_profile,noise_level,trial,seed,tau,duration_s,task_gain,position_weight,drift_weight,pcg_max_iters,mean_position_error_m,max_position_error_m,final_position_error_m,mean_joint_drift_norm_rad,max_abs_joint_drift_rad,final_joint_drift_norm_rad,mean_elncp_residual_norm,max_elncp_residual_norm,mean_stationarity_norm,mean_ncp_residual_norm,mean_pcg_iterations,max_pcg_iterations,mean_active_iterations,max_active_iterations,min_boundary_slack,mean_noise_norm,max_noise_norm,theta_initial_rad,theta_final_rad,theta_delta_rad,num_samples,wall_clock_run_s,result_dir
Method3 TVQP ELNCP PCG noise robustness offline sensor constant level=0 trial=0,ok,Method 3: continuous TVQP + ELNCP + PCG,sensor,constant,0.0,0,20360509,0.005,20.0,198.0,15000.0,0.0005,8,0.00020433668773123088,0.0003074013271522352,6.079975503728618e-07,0.31012090517219704,0.4125530800102486,4.6671803940884594e-07,1.9095206686859357e-08,1.4811182048296623e-07,1.905586282222095e-08,8.670080869261876e-11,9.51525,13,1.5305,2,1.8596598459274203,0.0,0.0,"[0.0, -1.5707963267948966, 1.5707963267948966, 0.0, 1.5707963267948966, 0.0]","[3.733707487205825e-09, -1.5707960593673411, 1.5707966859614881, 1.3078456194913931e-07, 1.570796340544376, -5.16095083272482e-15]","[3.733707487205825e-09, 2.674275554337413e-07, 3.591665915791964e-07, 1.3078456194913931e-07, 1.3749479332858527e-08, -5.16095083272482e-15]",4000,1.6940878999885172,C:\Users\lyx\Desktop\sci\code\project_method3_tvqp_elncp_pcg_noise_robustness\results\offline_20s_full\representative\sensor_baseline_trial0
Method3 TVQP ELNCP PCG noise robustness offline sensor constant level=0 trial=1,ok,Method 3: continuous TVQP + ELNCP + PCG,sensor,constant,0.0,1,20360510,0.005,20.0,198.0,15000.0,0.0005,8,0.00020433668773123088,0.0003074013271522352,6.079975503728618e-07,0.31012090517219704,0.4125530800102486,4.6671803940884594e-07,1.9095206686859357e-08,1.4811182048296623e-07,1.905586282222095e-08,8.670080869261876e-11,9.51525,13,1.5305,2,1.8596598459274203,0.0,0.0,"[0.0, -1.5707963267948966, 1.5707963267948966, 0.0, 1.5707963267948966, 0.0]","[3.733707487205825e-09, -1.5707960593673411, 1.5707966859614881, 1.3078456194913931e-07, 1.570796340544376, -5.16095083272482e-15]","[3.733707487205825e-09, 2.674275554337413e-07, 3.591665915791964e-07, 1.3078456194913931e-07, 1.3749479332858527e-08, -5.16095083272482e-15]",4000,1.892773900006432,C:\Users\lyx\Desktop\sci\code\project_method3_tvqp_elncp_pcg_noise_robustness\results\offline_20s_full\representative\sensor_baseline_trial1
Method3 TVQP ELNCP PCG noise robustness offline sensor constant level=0 trial=2,ok,Method 3: continuous TVQP + ELNCP + PCG,sensor,constant,0.0,2,20360511,0.005,20.0,198.0,15000.0,0.0005,8,0.00020433668773123088,0.0003074013271522352,6.079975503728618e-07,0.31012090517219704,0.4125530800102486,4.6671803940884594e-07,1.9095206686859357e-08,1.4811182048296623e-07,1.905586282222095e-08,8.670080869261876e-11,9.51525,13,1.5305,2,1.8596598459274203,0.0,0.0,"[0.0, -1.5707963267948966, 1.5707963267948966, 0.0, 1.5707963267948966, 0.0]","[3.733707487205825e-09, -1.5707960593673411, 1.5707966859614881, 1.3078456194913931e-07, 1.570796340544376, -5.16095083272482e-15]","[3.733707487205825e-09, 2.674275554337413e-07, 3.591665915791964e-07, 1.3078456194913931e-07, 1.3749479332858527e-08, -5.16095083272482e-15]",4000,1.904381000000285,C:\Users\lyx\Desktop\sci\code\project_method3_tvqp_elncp_pcg_noise_robustness\results\offline_20s_full\representative\sensor_baseline_trial2
Method3 TVQP ELNCP PCG noise robustness offline sensor constant level=0 trial=3,ok,Method 3: continuous TVQP + ELNCP + PCG,sensor,constant,0.0,3,20360512,0.005,20.0,198.0,15000.0,0.0005,8,0.00020433668773123088,0.0003074013271522352,6.079975503728618e-07,0.31012090517219704,0.4125530800102486,4.6671803940884594e-07,1.9095206686859357e-08,1.4811182048296623e-07,1.905586282222095e-08,8.670080869261876e-11,9.51525,13,1.5305,2,1.8596598459274203,0.0,0.0,"[0.0, -1.5707963267948966, 1.5707963267948966, 0.0, 1.5707963267948966, 0.0]","[3.733707487205825e-09, -1.5707960593673411, 1.5707966859614881, 1.3078456194913931e-07, 1.570796340544376, -5.16095083272482e-15]","[3.733707487205825e-09, 2.674275554337413e-07, 3.591665915791964e-07, 1.3078456194913931e-07, 1.3749479332858527e-08, -5.16095083272482e-15]",4000,1.8668247000023257,C:\Users\lyx\Desktop\sci\code\project_method3_tvqp_elncp_pcg_noise_robustness\results\offline_20s_full\representative\sensor_baseline_trial3
Method3 TVQP ELNCP PCG noise robustness offline sensor constant level=0 trial=4,ok,Method 3: continuous TVQP + ELNCP + PCG,sensor,constant,0.0,4,20360513,0.005,20.0,198.0,15000.0,0.0005,8,0.00020433668773123088,0.0003074013271522352,6.079975503728618e-07,0.31012090517219704,0.4125530800102486,4.6671803940884594e-07,1.9095206686859357e-08,1.4811182048296623e-07,1.905586282222095e-08,8.670080869261876e-11,9.51525,13,1.5305,2,1.8596598459274203,0.0,0.0,"[0.0, -1.5707963267948966, 1.5707963267948966, 0.0, 1.5707963267948966, 0.0]","[3.733707487205825e-09, -1.5707960593673411, 1.5707966859614881, 1.3078456194913931e-07, 1.570796340544376, -5.16095083272482e-15]","[3.733707487205825e-09, 2.674275554337413e-07, 3.591665915791964e-07, 1.3078456194913931e-07, 1.3749479332858527e-08, -5.16095083272482e-15]",4000,1.9009090999898035,C:\Users\lyx\Desktop\sci\code\project_method3_tvqp_elncp_pcg_noise_robustness\results\offline_20s_full\representative\sensor_baseline_trial4
Method3 TVQP ELNCP PCG noise robustness offline sensor constant level=1e-06 trial=0,ok,Method 3: continuous TVQP + ELNCP + PCG,sensor,constant,1e-06,0,20638958,0.005,20.0,198.0,15000.0,0.0005,8,0.00020432672649309792,0.0003074730067923271,6.190877056862591e-07,0.31012106778386084,0.4125536970221877,1.0463201454741402e-06,2.0275823701016672e-08,1.565778754080676e-07,2.02359681090903e-08,8.67008110306512e-11,9.5655,13,1.53925,2,1.859659945166585,1.0000000000000002e-06,1e-06,"[0.0, -1.5707963267948966, 1.5707963267948966, 0.0, 1.5707963267948966, 0.0]","[2.620421632919967e-07, -1.5707954423729609, 1.5707959957878008, 3.07781900598652e-07, 1.5707961402243362, 6.938026673409356e-08]","[2.620421632919967e-07, 8.84421935687385e-07, -3.310070957329714e-07, 3.07781900598652e-07, -1.865705603343315e-07, 6.938026673409356e-08]",4000,1.9153210000076797,C:\Users\lyx\Desktop\sci\code\project_method3_tvqp_elncp_pcg_noise_robustness\results\offline_20s_full\representative\sensor_constant_1e-06_trial0
Method3 TVQP ELNCP PCG noise robustness offline sensor constant level=1e-06 trial=1,ok,Method 3: continuous TVQP + ELNCP + PCG,sensor,constant,1e-06,1,20578426,0.005,20.0,198.0,15000.0,0.0005,8,0.00020434744496219536,0.00030751922737362424,4.452520604754235e-07,0.3101206847245117,0.4125522286301737,9.654541002787552e-07,1.9397488428461477e-08,1.4731429328482996e-07,1.935763303937351e-08,8.670080758195724e-11,9.5745,12,1.5385,2,1.8596599336541775,1.0000000000000002e-06,1e-06,"[0.0, -1.5707963267948966, 1.5707963267948966, 0.0, 1.5707963267948966, 0.0]","[-8.955524682502983e-08, -1.5707969107477642, 1.5707967943279064, 4.848982747534764e-07, 1.570796335773103, -3.5956427179769704e-07]","[-8.955524682502983e-08, -5.839528676165884e-07, 4.6753300986246416e-07, 4.848982747534764e-07, 8.978206400556132e-09, -3.5956427179769704e-07]",4000,1.8253982000169344,C:\Users\lyx\Desktop\sci\code\project_method3_tvqp_elncp_pcg_noise_robustness\results\offline_20s_full\representative\sensor_constant_1e-06_trial1
Method3 TVQP ELNCP PCG noise robustness offline sensor constant level=1e-06 trial=2,ok,Method 3: continuous TVQP + ELNCP + PCG,sensor,constant,1e-06,2,20941017,0.005,20.0,198.0,15000.0,0.0005,8,0.00020433018567693579,0.00030744302082550713,8.485663045459596e-07,0.3101211298063845,0.41255397351978473,1.2428897282757423e-06,1.892515470972886e-08,1.496317612930196e-07,1.8885127754762536e-08,8.670080885455849e-11,9.58775,14,1.5455,2,1.8596594224892233,1.0000000000000002e-06,1e-06,"[0.0, -1.5707963267948966, 1.5707963267948966, 0.0, 1.5707963267948966, 0.0]","[-3.487509257435825e-07, -1.5707951658563606, 1.5707964673186705, 1.744241668437531e-07, 1.5707962431275717, 1.349016007022893e-07]","[-3.487509257435825e-07, 1.160938535971212e-06, 1.4052377395046278e-07, 1.744241668437531e-07, -8.366732484610395e-08, 1.349016007022893e-07]",4000,1.8954150000063237,C:\Users\lyx\Desktop\sci\code\project_method3_tvqp_elncp_pcg_noise_robustness\results\offline_20s_full\representative\sensor_constant_1e-06_trial2
Method3 TVQP ELNCP PCG noise robustness offline sensor constant level=1e-06 trial=3,ok,Method 3: continuous TVQP + ELNCP + PCG,sensor,constant,1e-06,3,20276367,0.005,20.0,198.0,15000.0,0.0005,8,0.00020433422440821415,0.0003074520358633006,9.532631523477157e-07,0.31012104090540843,0.41255379912861323,1.3540390001569362e-06,1.9123519731195245e-08,1.6321968899828284e-07,1.9083530217469965e-08,8.670080795517e-11,9.588,13,1.54525,2,1.859659239019343,1.0000000000000004e-06,1.0000000000000002e-06,"[0.0, -1.5707963267948966, 1.5707963267948966, 0.0, 1.5707963267948966, 0.0]","[-5.999704553468069e-07, -1.5707953402806911, 1.5707969234508443, 3.7971965684370277e-07, 1.570796332696095, -5.160154566227045e-09]","[-5.999704553468069e-07, 9.86514205436606e-07, 5.966559477599276e-07, 3.7971965684370277e-07, 5.9011984188117594e-09, -5.160154566227045e-09]",4000,1.9029999999911524,C:\Users\lyx\Desktop\sci\code\project_method3_tvqp_elncp_pcg_noise_robustness\results\offline_20s_full\representative\sensor_constant_1e-06_trial3
Method3 TVQP ELNCP PCG noise robustness offline sensor constant level=1e-06 trial=4,ok,Method 3: continuous TVQP + ELNCP + PCG,sensor,constant,1e-06,4,21243076,0.005,20.0,198.0,15000.0,0.0005,8,0.0002043358944681111,0.00030756721200178995,8.022092129675708e-07,0.3101207111396161,0.4125527911795106,1.3026606818030156e-06,1.9141167177659866e-08,1.487364969928711e-07,1.9100605785338035e-08,8.670081231531414e-11,9.602,12,1.5485,2,1.8596598563545739,1.0000000000000002e-06,1e-06,"[0.0, -1.5707963267948966, 1.5707963267948966, 0.0, 1.5707963267948966, 0.0]","[9.914730205151578e-08, -1.5707963482038616, 1.5707973912300766, 6.513836250177312e-07, 1.5707959797311408, -9.412858611199827e-08]","[9.914730205151578e-08, -2.1408965045210948e-08, 1.0644351799982132e-06, 6.513836250177312e-07, -3.470637557345668e-07, -9.412858611199827e-08]",4000,1.8789431999903172,C:\Users\lyx\Desktop\sci\code\project_method3_tvqp_elncp_pcg_noise_robustness\results\offline_20s_full\representative\sensor_constant_1e-06_trial4
Method3 TVQP ELNCP PCG noise robustness offline sensor constant level=5e-06 trial=0,ok,Method 3: continuous TVQP + ELNCP + PCG,sensor,constant,5e-06,0,20635932,0.005,20.0,198.0,15000.0,0.0005,8,0.00020438430752707,0.00030713320744042607,9.006688957248643e-07,0.31012033605662565,0.4125506528301355,5.074496859531137e-06,1.955238685780182e-08,1.4156184802394913e-07,1.951122868703839e-08,8.670080842293302e-11,9.61575,13,1.55425,2,1.8596589077555095,5.000000000000001e-06,5e-06,"[0.0, -1.5707963267948966, 1.5707963267948966, 0.0, 1.5707963267948966, 0.0]","[-1.3673657322031812e-06, -1.570798486555864, 1.5707996885969369, -1.1662545835299384e-06, 1.5707971915315553, -2.4096949381090746e-06]","[-1.3673657322031812e-06, -2.1597609674017804e-06, 3.361802040302564e-06, -1.1662545835299384e-06, 8.647366587233307e-07, -2.4096949381090746e-06]",4000,1.7929830999928527,C:\Users\lyx\Desktop\sci\code\project_method3_tvqp_elncp_pcg_noise_robustness\results\offline_20s_full\representative\sensor_constant_5e-06_trial0
Method3 TVQP ELNCP PCG noise robustness offline sensor constant level=5e-06 trial=1,ok,Method 3: continuous TVQP + ELNCP + PCG,sensor,constant,5e-06,1,20372208,0.005,20.0,198.0,15000.0,0.0005,8,0.0002043818576569611,0.000307614911196654,5.764133696042023e-07,0.31012050767422034,0.41255110053808175,4.857058987608555e-06,1.9447169950915347e-08,1.4689153251962616e-07,1.940643337887489e-08,8.670080799435789e-11,9.59825,13,1.54975,2,1.8596588321858127,5.000000000000001e-06,5e-06,"[0.0, -1.5707963267948966, 1.5707963267948966, 0.0, 1.5707963267948966, 0.0]","[-2.3950575128464957e-06, -1.5707980388390392, 1.570795069883064, 2.717649210751555e-06, 1.570793943423783, 5.269951803251177e-07]","[-2.3950575128464957e-06, -1.712044142676561e-06, -1.256911832614449e-06, 2.717649210751555e-06, -2.3833711135790026e-06, 5.269951803251177e-07]",4000,1.8178049999987707,C:\Users\lyx\Desktop\sci\code\project_method3_tvqp_elncp_pcg_noise_robustness\results\offline_20s_full\representative\sensor_constant_5e-06_trial1
Method3 TVQP ELNCP PCG noise robustness offline sensor constant level=5e-06 trial=2,ok,Method 3: continuous TVQP + ELNCP + PCG,sensor,constant,5e-06,2,20702001,0.005,20.0,198.0,15000.0,0.0005,8,0.0002043886600915204,0.0003080827582181857,8.247139778630627e-07,0.31012020585491623,0.41254965034779145,4.8209308218194304e-06,1.9125040621074716e-08,1.6478769439147243e-07,1.9083702468165673e-08,8.670081036791546e-11,9.65,13,1.563,2,1.8596599025167662,5.000000000000001e-06,5e-06,"[0.0, -1.5707963267948966, 1.5707963267948966, 0.0, 1.5707963267948966, 0.0]","[4.691554312668045e-07, -1.570799489026308, 1.5707962578165093, 3.749801253413992e-07, 1.5707999087482283, -2.1401375646549086e-07]","[4.691554312668045e-07, -3.1622314113910477e-06, -6.897838722430549e-08, 3.749801253413992e-07, 3.5819533317216212e-06, -2.1401375646549086e-07]",4000,1.8848851999791805,C:\Users\lyx\Desktop\sci\code\project_method3_tvqp_elncp_pcg_noise_robustness\results\offline_20s_full\representative\sensor_constant_5e-06_trial2
Method3 TVQP ELNCP PCG noise robustness offline sensor constant level=5e-06 trial=3,ok,Method 3: continuous TVQP + ELNCP + PCG,sensor,constant,5e-06,3,20674267,0.005,20.0,198.0,15000.0,0.0005,8,0.00020429452663358837,0.0003088332774659167,2.76821478082522e-06,0.3101211903884909,0.412556395400689,5.446846276447984e-06,1.8466897614762e-08,1.6762099064656294e-07,1.842516437707516e-08,8.670080870139932e-11,9.68575,13,1.5725,2,1.8596596512374768,5.000000000000001e-06,5e-06,"[0.0, -1.5707963267948966, 1.5707963267948966, 0.0, 1.5707963267948966, 0.0]","[1.6996600907085145e-07, -1.5707927439881735, 1.5708003198717237, 4.664492212967656e-07, 1.5707955273128846, -3.651011888756313e-08]","[1.6996600907085145e-07, 3.5828067230792016e-06, 3.993076827191189e-06, 4.664492212967656e-07, -7.994820119261448e-07, -3.651011888756313e-08]",4000,1.8489823999989312,C:\Users\lyx\Desktop\sci\code\project_method3_tvqp_elncp_pcg_noise_robustness\results\offline_20s_full\representative\sensor_constant_5e-06_trial3
Method3 TVQP ELNCP PCG noise robustness offline sensor constant level=5e-06 trial=4,ok,Method 3: continuous TVQP + ELNCP + PCG,sensor,constant,5e-06,4,20399942,0.005,20.0,198.0,15000.0,0.0005,8,0.00020436152967343789,0.0003088337601249502,1.2574979227034085e-06,0.31012004699857015,0.41254958579007983,4.781607962203956e-06,1.815898266700736e-08,1.461757262815917e-07,1.8116352569254962e-08,8.670080989682898e-11,9.719,13,1.5845,2,1.8596575839928091,5.000000000000001e-06,5e-06,"[0.0, -1.5707963267948966, 1.5707963267948966, 0.0, 1.5707963267948966, 0.0]","[1.6929616478067822e-06, -1.5707995535831336, 1.5707956526088682, 1.3004775050062076e-06, 1.5707941071097533, -1.5851569510619277e-06]","[1.6929616478067822e-06, -3.2267882370540235e-06, -6.741860283376866e-07, 1.3004775050062076e-06, -2.2196851432454423e-06, -1.5851569510619277e-06]",4000,1.911816000007093,C:\Users\lyx\Desktop\sci\code\project_method3_tvqp_elncp_pcg_noise_robustness\results\offline_20s_full\representative\sensor_constant_5e-06_trial4
Method3 TVQP ELNCP PCG noise robustness offline sensor constant level=1e-05 trial=0,ok,Method 3: continuous TVQP + ELNCP + PCG,sensor,constant,1e-05,0,20487125,0.005,20.0,198.0,15000.0,0.0005,8,0.00020423378922482206,0.00031035339802315526,3.5099764456253423e-06,0.3101211337426834,0.4125571144117892,1.0172435058991766e-05,1.8688024739517268e-08,1.3911192937017734e-07,1.8646223267011677e-08,8.670080886380072e-11,9.6605,13,1.568,2,1.8596537502663242,1.0000000000000003e-05,1e-05,"[0.0, -1.5707963267948966, 1.5707963267948966, 0.0, 1.5707963267948966, 0.0]","[8.91589355012829e-06, -1.5707920249711702, 1.5707981834806852, -1.5664636346314322e-07, 1.5707976370056282, -5.395530531292981e-07]","[8.91589355012829e-06, 4.301823726349241e-06, 1.8566857886703758e-06, -1.5664636346314322e-07, 1.3102107316864675e-06, -5.395530531292981e-07]",4000,1.8475320000143256,C:\Users\lyx\Desktop\sci\code\project_method3_tvqp_elncp_pcg_noise_robustness\results\offline_20s_full\representative\sensor_constant_1e-05_trial0
Method3 TVQP ELNCP PCG noise robustness offline sensor constant level=1e-05 trial=1,ok,Method 3: continuous TVQP + ELNCP + PCG,sensor,constant,1e-05,1,20587084,0.005,20.0,198.0,15000.0,0.0005,8,0.00020442936319158822,0.00030685318427061715,2.574372871576567e-06,0.3101211553453149,0.4125526700149589,1.0135768715509921e-05,1.9020046928371178e-08,1.6426146087220954e-07,1.897838588521176e-08,8.670081051097691e-11,9.6455,13,1.5625,2,1.8596549135273026,1.0000000000000003e-05,1e-05,"[0.0, -1.5707963267948966, 1.5707963267948966, 0.0, 1.5707963267948966, 0.0]","[-5.6401976714269736e-06, -1.5707964693626868, 1.5708023024019955, -4.7487572036922614e-06, 1.5707970389561061, -3.483662345587577e-06]","[-5.6401976714269736e-06, -1.4256779024002242e-07, 5.97560709891809e-06, -4.7487572036922614e-06, 7.121612095595253e-07, -3.483662345587577e-06]",4000,1.753942500014091,C:\Users\lyx\Desktop\sci\code\project_method3_tvqp_elncp_pcg_noise_robustness\results\offline_20s_full\representative\sensor_constant_1e-05_trial1
Method3 TVQP ELNCP PCG noise robustness offline sensor constant level=1e-05 trial=2,ok,Method 3: continuous TVQP + ELNCP + PCG,sensor,constant,1e-05,2,20932359,0.005,20.0,198.0,15000.0,0.0005,8,0.0002043576737227613,0.00030797975803738205,2.892229386686607e-07,0.31012049066690667,0.4125510001132233,9.949989774138997e-06,1.933527859199415e-08,1.471621327565057e-07,1.9295503514879588e-08,8.6700809060008e-11,9.586,13,1.54425,2,1.859659335509996,1.0000000000000003e-05,1e-05,"[0.0, -1.5707963267948966, 1.5707963267948966, 0.0, 1.5707963267948966, 0.0]","[-1.2792797571430932e-06, -1.5707981392604875, 1.5707966666344184, 5.212031358047997e-07, 1.5707897380046898, -7.090938463415992e-06]","[-1.2792797571430932e-06, -1.812465590944612e-06, 3.3983952185678845e-07, 5.212031358047997e-07, -6.588790206762951e-06, -7.090938463415992e-06]",4000,1.8627201000053901,C:\Users\lyx\Desktop\sci\code\project_method3_tvqp_elncp_pcg_noise_robustness\results\offline_20s_full\representative\sensor_constant_1e-05_trial2
Method3 TVQP ELNCP PCG noise robustness offline sensor constant level=1e-05 trial=3,ok,Method 3: continuous TVQP + ELNCP + PCG,sensor,constant,1e-05,3,20653153,0.005,20.0,198.0,15000.0,0.0005,8,0.00020447892606702012,0.0003082635080588911,2.2077083588781424e-06,0.31011872839426624,0.4125444387048991,9.867623689621872e-06,1.7774531424757243e-08,1.629238962146431e-07,1.773113506994143e-08,8.670081125343605e-11,9.72475,13,1.5885,2,1.8596595315434783,1.0000000000000003e-05,1.0000000000000003e-05,"[0.0, -1.5707963267948966, 1.5707963267948966, 0.0, 1.5707963267948966, 0.0]","[-1.6986432230328462e-06, -1.570804700679089, 1.570797699572899, 3.904304333296061e-06, 1.5707989448483526, 6.167303640491682e-07]","[-1.6986432230328462e-06, -8.373884192502956e-06, 1.3727780023842229e-06, 3.904304333296061e-06, 2.6180534560271695e-06, 6.167303640491682e-07]",4000,1.898496600013459,C:\Users\lyx\Desktop\sci\code\project_method3_tvqp_elncp_pcg_noise_robustness\results\offline_20s_full\representative\sensor_constant_1e-05_trial3
Method3 TVQP ELNCP PCG noise robustness offline sensor constant level=1e-05 trial=4,ok,Method 3: continuous TVQP + ELNCP + PCG,sensor,constant,1e-05,4,20654728,0.005,20.0,198.0,15000.0,0.0005,8,0.00020428921103829163,0.00030892770297601433,1.7038887471991646e-06,0.3101211369289978,0.41255387595796456,9.94212239221902e-06,1.8695792565639927e-08,1.6250625576992705e-07,1.865352150800139e-08,8.670081205397715e-11,9.66,13,1.56925,2,1.8596560035084437,1.0000000000000003e-05,1e-05,"[0.0, -1.5707963267948966, 1.5707963267948966, 0.0, 1.5707963267948966, 0.0]","[2.726134324204464e-06, -1.5707952634282312, 1.5707947145180827, -4.2165672248813895e-07, 1.570786984188055, -4.708578686944226e-07]","[2.726134324204464e-06, 1.063366665388088e-06, -1.6122768138338017e-06, -4.2165672248813895e-07, -9.342606841489243e-06, -4.708578686944226e-07]",4000,1.8823281000077259,C:\Users\lyx\Desktop\sci\code\project_method3_tvqp_elncp_pcg_noise_robustness\results\offline_20s_full\representative\sensor_constant_1e-05_trial4
Method3 TVQP ELNCP PCG noise robustness offline sensor constant level=5e-05 trial=0,ok,Method 3: continuous TVQP + ELNCP + PCG,sensor,constant,5e-05,0,20843778,0.005,20.0,198.0,15000.0,0.0005,8,0.00020411407385470887,0.0003162745406343713,9.768553930896453e-06,0.31012552927822357,0.4125761268761934,5.010777103885169e-05,1.7637986296925958e-08,1.4108554674259473e-07,1.759523399912705e-08,8.67008186122887e-11,9.7445,13,1.5905,2,1.8596446903833677,5.0000000000000016e-05,5e-05,"[0.0, -1.5707963267948966, 1.5707963267948966, 0.0, 1.5707963267948966, 0.0]","[3.1807004271781356e-05, -1.5707730125044457, 1.570797286154711, -1.2124408788654133e-05, 1.5708247317490895, -8.854242345965218e-07]","[3.1807004271781356e-05, 2.331429045088207e-05, 9.593598144785886e-07, -1.2124408788654133e-05, 2.8404954192984277e-05, -8.854242345965218e-07]",4000,1.9659652000118513,C:\Users\lyx\Desktop\sci\code\project_method3_tvqp_elncp_pcg_noise_robustness\results\offline_20s_full\representative\sensor_constant_5e-05_trial0
Method3 TVQP ELNCP PCG noise robustness offline sensor constant level=5e-05 trial=1,ok,Method 3: continuous TVQP + ELNCP + PCG,sensor,constant,5e-05,1,21213481,0.005,20.0,198.0,15000.0,0.0005,8,0.00020463839282435737,0.00030524632861535407,4.965228511760508e-06,0.31012299424241657,0.41255147885265653,5.000569390475217e-05,1.7705151442911097e-08,1.6477998804560032e-07,1.7662630078176203e-08,8.67008127287915e-11,9.73575,13,1.58925,2,1.8596486251540363,5.0000000000000016e-05,4.9999999999999996e-05,"[0.0, -1.5707963267948966, 1.5707963267948966, 0.0, 1.5707963267948966, 0.0]","[-1.859111348300851e-05, -1.5707976605220386, 1.5708067597556825, -2.0106195305414087e-05, 1.5707746971713683, 3.4237621410862394e-05]","[-1.859111348300851e-05, -1.3337271420610364e-06, 1.0432960785955459e-05, -2.0106195305414087e-05, -2.162962352825204e-05, 3.4237621410862394e-05]",4000,1.8807242999901064,C:\Users\lyx\Desktop\sci\code\project_method3_tvqp_elncp_pcg_noise_robustness\results\offline_20s_full\representative\sensor_constant_5e-05_trial1
Method3 TVQP ELNCP PCG noise robustness offline sensor constant level=5e-05 trial=2,ok,Method 3: continuous TVQP + ELNCP + PCG,sensor,constant,5e-05,2,21162787,0.005,20.0,198.0,15000.0,0.0005,8,0.00020480153684720553,0.0003089421029952185,7.807699595214701e-06,0.31011735265144263,0.4125393682481806,4.988789810568702e-05,1.6590284061366213e-08,1.5821831845959418e-07,1.654742880850136e-08,8.670081613122335e-11,9.76475,14,1.59675,2,1.8596521604985414,5.0000000000000016e-05,5e-05,"[0.0, -1.5707963267948966, 1.5707963267948966, 0.0, 1.5707963267948966, 0.0]","[-7.941691750926737e-06, -1.5708097711402131, 1.5707796282763271, 2.9377434577836184e-05, 1.5708175006334795, -2.5588588539049977e-05]","[-7.941691750926737e-06, -1.3444345316582229e-05, -1.669851856944682e-05, 2.9377434577836184e-05, 2.1173838582910776e-05, -2.5588588539049977e-05]",4000,1.832726199994795,C:\Users\lyx\Desktop\sci\code\project_method3_tvqp_elncp_pcg_noise_robustness\results\offline_20s_full\representative\sensor_constant_5e-05_trial2
Method3 TVQP ELNCP PCG noise robustness offline sensor constant level=5e-05 trial=3,ok,Method 3: continuous TVQP + ELNCP + PCG,sensor,constant,5e-05,3,20911422,0.005,20.0,198.0,15000.0,0.0005,8,0.0002048318432052286,0.00031941037176336717,1.3533774557744444e-05,0.3101144842126225,0.4125303414874184,4.978746584817157e-05,1.6957665685936953e-08,1.6044994823403476e-07,1.691660508379386e-08,8.670082340580346e-11,9.8355,14,1.60275,2,1.859640939673189,5.0000000000000016e-05,5e-05,"[0.0, -1.5707963267948966, 1.5707963267948966, 0.0, 1.5707963267948966, 0.0]","[1.541802532764344e-05, -1.5708187978920622, 1.5707729725650574, 3.0104613597859126e-05, 1.5707895732218493, -1.5453397121335446e-05]","[1.541802532764344e-05, -2.2471097165688292e-05, -2.3354229839123164e-05, 3.0104613597859126e-05, -6.753573047246775e-06, -1.5453397121335446e-05]",4000,1.9036578999948688,C:\Users\lyx\Desktop\sci\code\project_method3_tvqp_elncp_pcg_noise_robustness\results\offline_20s_full\representative\sensor_constant_5e-05_trial3
Method3 TVQP ELNCP PCG noise robustness offline sensor constant level=5e-05 trial=4,ok,Method 3: continuous TVQP + ELNCP + PCG,sensor,constant,5e-05,4,20607788,0.005,20.0,198.0,15000.0,0.0005,8,0.00020410942683799104,0.0003177836029355187,1.2766889934753547e-05,0.31012560615926527,0.4125845926038345,5.0205806831747434e-05,1.686080147213225e-08,1.6320633489281535e-07,1.681794982276067e-08,8.670082120820702e-11,9.79725,14,1.60175,2,1.8596505772948047,5.0000000000000016e-05,5e-05,"[0.0, -1.5707963267948966, 1.5707963267948966, 0.0, 1.5707963267948966, 0.0]","[1.8649106056572545e-05, -1.5707645467778268, 1.570798225415513, 8.540040648016826e-06, 1.5708001850850992, -3.273287247039077e-05]","[1.8649106056572545e-05, 3.178001706971578e-05, 1.8986206165028108e-06, 8.540040648016826e-06, 3.8582902026629284e-06, -3.273287247039077e-05]",4000,1.8172994000196923,C:\Users\lyx\Desktop\sci\code\project_method3_tvqp_elncp_pcg_noise_robustness\results\offline_20s_full\representative\sensor_constant_5e-05_trial4
Method3 TVQP ELNCP PCG noise robustness offline sensor constant level=0.0001 trial=0,ok,Method 3: continuous TVQP + ELNCP + PCG,sensor,constant,0.0001,0,21217747,0.005,20.0,198.0,15000.0,0.0005,8,0.00020700745043694265,0.00032484527084589577,2.8498328874516928e-05,0.3100977660312649,0.4124910129902195,9.999752063779293e-05,1.7473702638070742e-08,1.4572627618036467e-07,1.7431308735562334e-08,8.670091395018909e-11,9.851,14,1.61125,2,1.859604786377154,0.00010000000000000003,0.00010000000000000002,"[0.0, -1.5707963267948966, 1.5707963267948966, 0.0, 1.5707963267948966, 0.0]","[5.338794457907054e-05, -1.5708581263983756, 1.5708241551256865, 4.6622862599974267e-05, 1.5708033096753806, -1.8253015798246988e-05]","[5.338794457907054e-05, -6.179960347907354e-05, 2.78283307899585e-05, 4.6622862599974267e-05, 6.9828804840632586e-06, -1.8253015798246988e-05]",4000,1.914733499987051,C:\Users\lyx\Desktop\sci\code\project_method3_tvqp_elncp_pcg_noise_robustness\results\offline_20s_full\representative\sensor_constant_0.0001_trial0
Method3 TVQP ELNCP PCG noise robustness offline sensor constant level=0.0001 trial=1,ok,Method 3: continuous TVQP + ELNCP + PCG,sensor,constant,0.0001,1,21158521,0.005,20.0,198.0,15000.0,0.0005,8,0.00020493402027107,0.000304857399031865,7.283796633481337e-06,0.31012598835525185,0.412548418322634,9.997004471292807e-05,1.798954927070044e-08,1.58013910451097e-07,1.7947234680951267e-08,8.670081545825128e-11,9.7215,13,1.5845,2,1.8596437146718217,0.00010000000000000003,0.00010000000000000002,"[0.0, -1.5707963267948966, 1.5707963267948966, 0.0, 1.5707963267948966, 0.0]","[-1.4970361459992958e-05, -1.5708007210601032, 1.5708110490303724, -5.407896038839541e-05, 1.5708058007958343, 8.074375321405396e-05]","[-1.4970361459992958e-05, -4.394265206597581e-06, 1.4722235475828072e-05, -5.407896038839541e-05, 9.474000937759186e-06, 8.074375321405396e-05]",4000,1.844640099996468,C:\Users\lyx\Desktop\sci\code\project_method3_tvqp_elncp_pcg_noise_robustness\results\offline_20s_full\representative\sensor_constant_0.0001_trial1
Method3 TVQP ELNCP PCG noise robustness offline sensor constant level=0.0001 trial=2,ok,Method 3: continuous TVQP + ELNCP + PCG,sensor,constant,0.0001,2,20915688,0.005,20.0,198.0,15000.0,0.0005,8,0.00020856819871974575,0.000287838449690886,3.1792158541996266e-05,0.3101254052249253,0.41254688403695106,0.0001000380098811698,1.912700247655264e-08,1.5134282338277125e-07,1.9085131312459162e-08,8.670090645499094e-11,9.656,13,1.5675,2,1.8595800922925672,0.00010000000000000003,0.0001,"[0.0, -1.5707963267948966, 1.5707963267948966, 0.0, 1.5707963267948966, 0.0]","[-8.65505232478288e-05, -1.570802255340147, 1.5708165353560208, -1.5084077157686592e-05, 1.5708351526479767, 1.8387509453769906e-05]","[-8.65505232478288e-05, -5.928545250499795e-06, 2.020856112427971e-05, -1.5084077157686592e-05, 3.882585308012665e-05, 1.8387509453769906e-05]",4000,1.8683938999893144,C:\Users\lyx\Desktop\sci\code\project_method3_tvqp_elncp_pcg_noise_robustness\results\offline_20s_full\representative\sensor_constant_0.0001_trial2
Method3 TVQP ELNCP PCG noise robustness offline sensor constant level=0.0001 trial=3,ok,Method 3: continuous TVQP + ELNCP + PCG,sensor,constant,0.0001,3,20460580,0.005,20.0,198.0,15000.0,0.0005,8,0.00020658085542757092,0.0003200512578308181,3.561244753344879e-05,0.310119556599222,0.41259064840865745,0.00010036795073670575,1.6834478404233276e-08,1.5599638233166496e-07,1.6791358741243356e-08,8.670089745345919e-11,9.7255,13,1.59275,2,1.8596221835308813,0.00010000000000000003,0.0001,"[0.0, -1.5707963267948966, 1.5707963267948966, 0.0, 1.5707963267948966, 0.0]","[-3.499352886590237e-05, -1.5707584909778836, 1.5708466279630373, 6.636399206484279e-05, 1.5708136117482006, 1.3582078402351578e-05]","[-3.499352886590237e-05, 3.7835817012998874e-05, 5.0301168140753916e-05, 6.636399206484279e-05, 1.7284953303997597e-05, 1.3582078402351578e-05]",4000,1.861875600006897,C:\Users\lyx\Desktop\sci\code\project_method3_tvqp_elncp_pcg_noise_robustness\results\offline_20s_full\representative\sensor_constant_0.0001_trial3
Method3 TVQP ELNCP PCG noise robustness offline sensor constant level=0.0001 trial=4,ok,Method 3: continuous TVQP + ELNCP + PCG,sensor,constant,0.0001,4,20981757,0.005,20.0,198.0,15000.0,0.0005,8,0.00020703671115674538,0.00033740268711995283,3.499398532194052e-05,0.310107287501216,0.41254971445813027,0.00010029106729903418,1.780410842650257e-08,1.707018255514863e-07,1.7761505896196174e-08,8.670091264950942e-11,9.72125,13,1.58675,2,1.8596076848980339,0.00010000000000000003,0.0001,"[0.0, -1.5707963267948966, 1.5707963267948966, 0.0, 1.5707963267948966, 0.0]","[6.188818399213511e-05, -1.5707994249222246, 1.570869594071741, 2.660881363426809e-05, 1.570800709690952, 1.1100444682132702e-05]","[6.188818399213511e-05, -3.098127328016176e-06, 7.326727684442425e-05, 2.660881363426809e-05, 4.382896055421526e-06, 1.1100444682132702e-05]",4000,1.7588669000251684,C:\Users\lyx\Desktop\sci\code\project_method3_tvqp_elncp_pcg_noise_robustness\results\offline_20s_full\representative\sensor_constant_0.0001_trial4
Method3 TVQP ELNCP PCG noise robustness offline sensor constant level=0.0005 trial=0,ok,Method 3: continuous TVQP + ELNCP + PCG,sensor,constant,0.0005,0,21050268,0.005,20.0,198.0,15000.0,0.0005,8,0.00025418910641340276,0.0004351525958059844,0.00015480702206161628,0.3100322634801057,0.41241178837783843,0.0005001662948947324,1.6200784114737787e-08,1.4006925577636632e-07,1.615895100362241e-08,8.67032554157716e-11,9.916,14,1.621,2,1.8593485568393235,0.0005000000000000002,0.0005,"[0.0, -1.5707963267948966, 1.5707963267948966, 0.0, 1.5707963267948966, 0.0]","[0.0002915494054323825, -1.570937351031448, 1.5710516562414725, 0.00023021895722923966, 1.5706567206628876, -8.714163640233557e-05]","[0.0002915494054323825, -0.0001410242365513792, 0.0002553294465759137, 0.00023021895722923966, -0.00013960613200891814, -8.714163640233557e-05]",4000,1.9307136999850627,C:\Users\lyx\Desktop\sci\code\project_method3_tvqp_elncp_pcg_noise_robustness\results\offline_20s_full\representative\sensor_constant_0.0005_trial0
Method3 TVQP ELNCP PCG noise robustness offline sensor constant level=0.0005 trial=1,ok,Method 3: continuous TVQP + ELNCP + PCG,sensor,constant,0.0005,1,21023941,0.005,20.0,198.0,15000.0,0.0005,8,0.00023252417863323216,0.0003597507240422086,9.880676588769485e-05,0.31001552504623636,0.41226026092031587,0.0005001112744050518,1.646073529262531e-08,1.625734565124459e-07,1.6420587380444646e-08,8.670284248546656e-11,9.943,14,1.6125,2,1.859536665134443,0.0005000000000000002,0.0005,"[0.0, -1.5707963267948966, 1.5707963267948966, 0.0, 1.5707963267948966, 0.0]","[3.694016365978326e-05, -1.57108887845545, 1.5711111445384052, 0.00017402635756610179, 1.5706523822457148, 0.00011421391775327238]","[3.694016365978326e-05, -0.0002925516605534195, 0.0003148177435086108, 0.00017402635756610179, -0.00014394454918176258, 0.00011421391775327238]",4000,1.9159662000020035,C:\Users\lyx\Desktop\sci\code\project_method3_tvqp_elncp_pcg_noise_robustness\results\offline_20s_full\representative\sensor_constant_0.0005_trial1
Method3 TVQP ELNCP PCG noise robustness offline sensor constant level=0.0005 trial=2,ok,Method 3: continuous TVQP + ELNCP + PCG,sensor,constant,0.0005,2,20352327,0.005,20.0,198.0,15000.0,0.0005,8,0.0002497744949158383,0.00042627508597079157,0.00015808922201320712,0.3100689965536268,0.41223884469767125,0.0004997146111134336,1.6085912957394704e-08,1.3644050109579634e-07,1.6045340316208862e-08,8.670255350751817e-11,9.97025,14,1.623,2,1.853615907122341,0.0005000000000000002,0.0005,"[0.0, -1.5707963267948966, 1.5707963267948966, 0.0, 1.5707963267948966, 0.0]","[5.194069904433726e-05, -1.5711102946775701, 1.5705885202873788, 8.949520868573237e-05, 1.5710983413208854, 7.768728428645133e-05]","[5.194069904433726e-05, -0.00031396788267357145, -0.0002078065075177271, 8.949520868573237e-05, 0.0003020145259888807, 7.768728428645133e-05]",4000,1.9391174000047613,C:\Users\lyx\Desktop\sci\code\project_method3_tvqp_elncp_pcg_noise_robustness\results\offline_20s_full\representative\sensor_constant_0.0005_trial2
Method3 TVQP ELNCP PCG noise robustness offline sensor constant level=0.0005 trial=3,ok,Method 3: continuous TVQP + ELNCP + PCG,sensor,constant,0.0005,3,20982624,0.005,20.0,198.0,15000.0,0.0005,8,0.0002773273353928739,0.0004452557979106232,0.00019182274973158348,0.31015472735186617,0.41240968642569586,0.0004996834804131455,1.6630813181567387e-08,1.4743858939664514e-07,1.6590013852531557e-08,8.670346549466587e-11,9.87875,14,1.609,2,1.8593694134785814,0.0005000000000000002,0.0005,"[0.0, -1.5707963267948966, 1.5707963267948966, 0.0, 1.5707963267948966, 0.0]","[-0.0003473271523772464, -1.5709394529599225, 1.5704925699319965, -8.161370607689162e-05, 1.5708868370204196, -3.796315320837058e-05]","[-0.0003473271523772464, -0.0001431261650259863, -0.0003037568629000731, -8.161370607689162e-05, 9.05102255230883e-05, -3.796315320837058e-05]",4000,1.8692422999884002,C:\Users\lyx\Desktop\sci\code\project_method3_tvqp_elncp_pcg_noise_robustness\results\offline_20s_full\representative\sensor_constant_0.0005_trial3
Method3 TVQP ELNCP PCG noise robustness offline sensor constant level=0.0005 trial=4,ok,Method 3: continuous TVQP + ELNCP + PCG,sensor,constant,0.0005,4,21091585,0.005,20.0,198.0,15000.0,0.0005,8,0.00022458255387431246,0.0003313905398797581,7.884437481820644e-05,0.31011808238412314,0.41236873556169895,0.0004999603190042893,1.6994980846458184e-08,1.557772053430395e-07,1.695265579623264e-08,8.670152059019711e-11,9.834,14,1.6065,2,1.8594790982247869,0.0005000000000000002,0.0005,"[0.0, -1.5707963267948966, 1.5707963267948966, 0.0, 1.5707963267948966, 0.0]","[-0.0002225642475127028, -1.5709804038164379, 1.5709932279188927, -0.0003159034616626765, 1.5708637066555526, -0.00015308831145778776]","[-0.0002225642475127028, -0.000184077021541329, 0.00019690112399617377, -0.0003159034616626765, 6.737986065608048e-05, -0.00015308831145778776]",4000,1.7743498999916483,C:\Users\lyx\Desktop\sci\code\project_method3_tvqp_elncp_pcg_noise_robustness\results\offline_20s_full\representative\sensor_constant_0.0005_trial4
Method3 TVQP ELNCP PCG noise robustness offline sensor constant level=0.001 trial=0,ok,Method 3: continuous TVQP + ELNCP + PCG,sensor,constant,0.001,0,20471967,0.005,20.0,198.0,15000.0,0.0005,8,0.0003090418222302131,0.0005304022527073362,0.0002476701991401585,0.31030145640884255,0.4128103575333555,0.0009997285710434613,1.7097023794883248e-08,1.6561943573501214e-07,1.7056014526749744e-08,8.671118870557756e-11,9.89275,14,1.61075,2,1.6986123191198836,0.0010000000000000005,0.001,"[0.0, -1.5707963267948966, 1.5707963267948966, 0.0, 1.5707963267948966, 0.0]","[0.0002851004986390529, -1.570538781849181, 1.5700386495293395, -0.0005224302715983491, 1.5707408992921745, 4.2012937177888344e-05]","[0.0002851004986390529, 0.00025754494571561537, -0.0007576772655570885, -0.0005224302715983491, -5.5427502722027455e-05, 4.2012937177888344e-05]",4000,1.9501685999857727,C:\Users\lyx\Desktop\sci\code\project_method3_tvqp_elncp_pcg_noise_robustness\results\offline_20s_full\representative\sensor_constant_0.001_trial0
Method3 TVQP ELNCP PCG noise robustness offline sensor constant level=0.001 trial=1,ok,Method 3: continuous TVQP + ELNCP + PCG,sensor,constant,0.001,1,20775601,0.005,20.0,198.0,15000.0,0.0005,8,0.0003567303741141005,0.0006113628679959289,0.000307695347065801,0.31009963738936325,0.4127395712770692,0.0010002632713450852,1.630024806812919e-08,1.7596781612470149e-07,1.6260617619266234e-08,8.670742262749183e-11,9.94725,14,1.6135,2,1.790167154194595,0.0010000000000000005,0.001,"[0.0, -1.5707963267948966, 1.5707963267948966, 0.0, 1.5707963267948966, 0.0]","[0.0003608668984709586, -1.570609568123429, 1.571408211623478, 1.1679815232971371e-05, 1.5701289455761076, 0.00012444171124393396]","[0.0003608668984709586, 0.00018675867146766834, 0.0006118848285814327, 1.1679815232971371e-05, -0.0006673812187889538, 0.00012444171124393396]",4000,2.0188914999889676,C:\Users\lyx\Desktop\sci\code\project_method3_tvqp_elncp_pcg_noise_robustness\results\offline_20s_full\representative\sensor_constant_0.001_trial1
Method3 TVQP ELNCP PCG noise robustness offline sensor constant level=0.001 trial=2,ok,Method 3: continuous TVQP + ELNCP + PCG,sensor,constant,0.001,2,20405898,0.005,20.0,198.0,15000.0,0.0005,8,0.0002959272497467002,0.0005122146478325874,0.00022542397021692095,0.31003082798480186,0.4121704521399059,0.0009998933160440045,1.6365737155216747e-08,1.7064339770161188e-07,1.6327190541166348e-08,8.670506111806852e-11,9.9995,14,1.61825,2,1.8028866365845209,0.0010000000000000005,0.001,"[0.0, -1.5707963267948966, 1.5707963267948966, 0.0, 1.5707963267948966, 0.0]","[0.0005903762409939636, -1.5711786872487192, 1.5707506426255171, 1.379731103237862e-05, 1.571383761810936, 0.0003970966049953819]","[0.0005903762409939636, -0.00038236045382267214, -4.5684169379445194e-05, 1.379731103237862e-05, 0.0005874350160395281, 0.0003970966049953819]",4000,1.8609564999933355,C:\Users\lyx\Desktop\sci\code\project_method3_tvqp_elncp_pcg_noise_robustness\results\offline_20s_full\representative\sensor_constant_0.001_trial2
Method3 TVQP ELNCP PCG noise robustness offline sensor constant level=0.001 trial=3,ok,Method 3: continuous TVQP + ELNCP + PCG,sensor,constant,0.001,3,20811486,0.005,20.0,198.0,15000.0,0.0005,8,0.00039376813021791524,0.0007068445034667225,0.0003558578374476327,0.3100987026721672,0.41277706829574745,0.0010003874165781315,1.6094111780779857e-08,1.5908298998910354e-07,1.605245390069919e-08,8.670879554576634e-11,9.911,14,1.61725,2,1.6744900935699336,0.0010000000000000005,0.001,"[0.0, -1.5707963267948966, 1.5707963267948966, 0.0, 1.5707963267948966, 0.0]","[6.0956527127195555e-05, -1.5705720710774391, 1.5717189984667548, -6.249489609129114e-06, 1.570566064050996, -0.00020587777159631064]","[6.0956527127195555e-05, 0.00022425571745743333, 0.0009226716718582217, -6.249489609129114e-06, -0.00023026274390058887, -0.00020587777159631064]",4000,1.9162140999978874,C:\Users\lyx\Desktop\sci\code\project_method3_tvqp_elncp_pcg_noise_robustness\results\offline_20s_full\representative\sensor_constant_0.001_trial3
Method3 TVQP ELNCP PCG noise robustness offline sensor constant level=0.001 trial=4,ok,Method 3: continuous TVQP + ELNCP + PCG,sensor,constant,0.001,4,20707957,0.005,20.0,198.0,15000.0,0.0005,8,0.0003201793059669597,0.0005441553408381737,0.0002596872706320058,0.31003754301615,0.4123521031632491,0.0009999498770036667,1.672764440920009e-08,1.69751951325026e-07,1.668888343608669e-08,8.670651484722487e-11,9.98875,14,1.616,2,1.729214114106465,0.0010000000000000005,0.001,"[0.0, -1.5707963267948966, 1.5707963267948966, 0.0, 1.5707963267948966, 0.0]","[0.0007231944094621371, -1.5709970362135883, 1.5706927578190455, 0.0002764045923072172, 1.5709423639783588, 0.000572845914299662]","[0.0007231944094621371, -0.00020070941869176906, -0.00010356897585106495, 0.0002764045923072172, 0.00014603718346228867, 0.000572845914299662]",4000,1.8687035999901127,C:\Users\lyx\Desktop\sci\code\project_method3_tvqp_elncp_pcg_noise_robustness\results\offline_20s_full\representative\sensor_constant_0.001_trial4
Method3 TVQP ELNCP PCG noise robustness offline sensor linear level=1e-06 trial=0,ok,Method 3: continuous TVQP + ELNCP + PCG,sensor,linear,1e-06,0,20349727,0.005,20.0,198.0,15000.0,0.0005,8,0.00020434362668620586,0.0003073802106057217,5.071077907783414e-07,0.31012079917722063,0.4125528619488288,9.925055153638788e-07,1.9982641533249406e-08,1.3909796553281083e-07,1.9942966934005147e-08,8.670083306230492e-11,9.55175,13,1.5355,2,1.8596598293372488,4.998749999999999e-07,9.9975e-07,"[0.0, -1.5707963267948966, 1.5707963267948966, 0.0, 1.5707963267948966, 0.0]","[-3.589138976907286e-07, -1.5707964955517204, 1.5707968513337238, -3.722207945122365e-07, 1.570796937819003, -2.0181522904365814e-07]","[-3.589138976907286e-07, -1.6875682384842605e-07, 5.24538827262333e-07, -3.722207945122365e-07, 6.11024106422775e-07, -2.0181522904365814e-07]",4000,1.9575798000150826,C:\Users\lyx\Desktop\sci\code\project_method3_tvqp_elncp_pcg_noise_robustness\results\offline_20s_full\representative\sensor_linear_1e-06_trial0
Method3 TVQP ELNCP PCG noise robustness offline sensor linear level=1e-06 trial=1,ok,Method 3: continuous TVQP + ELNCP + PCG,sensor,linear,1e-06,1,20867657,0.005,20.0,198.0,15000.0,0.0005,8,0.00020433978589641877,0.0003073613980672361,7.336732890503912e-07,0.3101208460592575,0.41255315164704376,1.1732360467807803e-06,1.8619637217812803e-08,1.6578986630785875e-07,1.857932062971937e-08,8.67008376588314e-11,9.56975,13,1.5445,2,1.8596598081809113,4.99875e-07,9.9975e-07,"[0.0, -1.5707963267948966, 1.5707963267948966, 0.0, 1.5707963267948966, 0.0]","[-7.717337621514342e-07, -1.5707959160830334, 1.570796800275844, 1.714799661378449e-07, 1.5707961740955305, 5.790672712143472e-07]","[-7.717337621514342e-07, 4.1071186318575315e-07, 4.73480947338345e-07, 1.714799661378449e-07, -1.526993660405651e-07, 5.790672712143472e-07]",4000,1.8748167000012472,C:\Users\lyx\Desktop\sci\code\project_method3_tvqp_elncp_pcg_noise_robustness\results\offline_20s_full\representative\sensor_linear_1e-06_trial1
Method3 TVQP ELNCP PCG noise robustness offline sensor linear level=1e-06 trial=2,ok,Method 3: continuous TVQP + ELNCP + PCG,sensor,linear,1e-06,2,20651786,0.005,20.0,198.0,15000.0,0.0005,8,0.0002043349185639398,0.00030746850086229313,8.068214950638119e-07,0.3101208937660306,0.41255311953259866,1.2836788994472166e-06,1.9296457077253428e-08,1.7101320586980365e-07,1.925612697750057e-08,8.670083610889299e-11,9.57525,12,1.54425,2,1.8596598559375035,4.99875e-07,9.9975e-07,"[0.0, -1.5707963267948966, 1.5707963267948966, 0.0, 1.5707963267948966, 0.0]","[2.0704262717929854e-07, -1.570795980306767, 1.5707971340160167, 4.274833963038439e-07, 1.5707958737664187, -6.67329042390953e-07]","[2.0704262717929854e-07, 3.464881295212052e-07, 8.07221120169288e-07, 4.274833963038439e-07, -4.530284778425653e-07, -6.67329042390953e-07]",4000,1.7963065000076313,C:\Users\lyx\Desktop\sci\code\project_method3_tvqp_elncp_pcg_noise_robustness\results\offline_20s_full\representative\sensor_linear_1e-06_trial2
Method3 TVQP ELNCP PCG noise robustness offline sensor linear level=1e-06 trial=3,ok,Method 3: continuous TVQP + ELNCP + PCG,sensor,linear,1e-06,3,20933726,0.005,20.0,198.0,15000.0,0.0005,8,0.00020433419789881281,0.0003074508658860199,7.334041195656119e-07,0.3101209312781122,0.4125531463108789,1.2097672309286617e-06,1.9722507892602654e-08,1.5655526003573614e-07,1.9683001551760655e-08,8.670083671490188e-11,9.5435,13,1.5355,2,1.859659849585218,4.998750000000001e-07,9.997500000000003e-07,"[0.0, -1.5707963267948966, 1.5707963267948966, 0.0, 1.5707963267948966, 0.0]","[8.15862061802893e-08, -1.5707959268016434, 1.5707968343751455, 4.789683534042984e-07, 1.5707955046205864, 3.6587819336656076e-07]","[8.15862061802893e-08, 3.999932531861816e-07, 5.075802489429293e-07, 4.789683534042984e-07, -8.221743101888279e-07, 3.6587819336656076e-07]",4000,1.9235581000102684,C:\Users\lyx\Desktop\sci\code\project_method3_tvqp_elncp_pcg_noise_robustness\results\offline_20s_full\representative\sensor_linear_1e-06_trial3
Method3 TVQP ELNCP PCG noise robustness offline sensor linear level=1e-06 trial=4,ok,Method 3: continuous TVQP + ELNCP + PCG,sensor,linear,1e-06,4,20935301,0.005,20.0,198.0,15000.0,0.0005,8,0.00020433558062861261,0.00030756289113592736,4.4937534164655555e-07,0.31012095023859526,0.4125529681053517,9.038644080451715e-07,1.9789318865458595e-08,1.581489756137295e-07,1.9749303510027526e-08,8.670083384731922e-11,9.5645,13,1.5415,2,1.8596598710997834,4.99875e-07,9.9975e-07,"[0.0, -1.5707963267948966, 1.5707963267948966, 0.0, 1.5707963267948966, 0.0]","[4.958987636304846e-07, -1.5707962831973978, 1.5707962604131915, 2.1348286241732645e-07, 1.5707963272301475, -7.205365290635123e-07]","[4.958987636304846e-07, 4.3597498722292016e-08, -6.638170502171192e-08, 2.1348286241732645e-07, 4.3525094639562667e-10, -7.205365290635123e-07]",4000,1.8739481999946292,C:\Users\lyx\Desktop\sci\code\project_method3_tvqp_elncp_pcg_noise_robustness\results\offline_20s_full\representative\sensor_linear_1e-06_trial4
Method3 TVQP ELNCP PCG noise robustness offline sensor linear level=5e-06 trial=0,ok,Method 3: continuous TVQP + ELNCP + PCG,sensor,linear,5e-06,0,20907254,0.005,20.0,198.0,15000.0,0.0005,8,0.0002042932252221829,0.00030763836968196353,1.3584310667677913e-06,0.31012182396285454,0.4125547940373866,5.077564787723274e-06,1.9954144383843026e-08,1.7081687730638647e-07,1.9914654734685785e-08,8.670083568324863e-11,9.5455,12,1.535,2,1.8596599170400205,2.4993749999999997e-06,4.99875e-06,"[0.0, -1.5707963267948966, 1.5707963267948966, 0.0, 1.5707963267948966, 0.0]","[1.4154524825949956e-06, -1.5707926308193154, 1.570794797525936, 6.412886111528475e-07, 1.570794556873864, 2.0580057940509538e-06]","[1.4154524825949956e-06, 3.695975581141653e-06, -1.5292689605761467e-06, 6.412886111528475e-07, -1.7699210326238557e-06, 2.0580057940509538e-06]",4000,1.7602038999903016,C:\Users\lyx\Desktop\sci\code\project_method3_tvqp_elncp_pcg_noise_robustness\results\offline_20s_full\representative\sensor_linear_5e-06_trial0
Method3 TVQP ELNCP PCG noise robustness offline sensor linear level=5e-06 trial=1,ok,Method 3: continuous TVQP + ELNCP + PCG,sensor,linear,5e-06,1,21166955,0.005,20.0,198.0,15000.0,0.0005,8,0.00020434402507623817,0.00030735505531724453,1.23039516995447e-06,0.3101212029859383,0.4125534723754114,4.800306547311942e-06,2.0232375951678057e-08,1.4804686755041778e-07,2.0192303876194333e-08,8.670083522311888e-11,9.5595,13,1.5405,2,1.85965970918808,2.499375e-06,4.998749999999999e-06,"[0.0, -1.5707963267948966, 1.5707963267948966, 0.0, 1.5707963267948966, 0.0]","[-2.7417134575780885e-06, -1.5707952745252578, 1.5707937838186754, -1.697424288599634e-06, 1.5707962070125963, 2.2486337620218063e-06]","[-2.7417134575780885e-06, 1.0522696387571528e-06, -2.5429762211537366e-06, -1.697424288599634e-06, -1.1978230030074144e-07, 2.2486337620218063e-06]",4000,1.9890169999853242,C:\Users\lyx\Desktop\sci\code\project_method3_tvqp_elncp_pcg_noise_robustness\results\offline_20s_full\representative\sensor_linear_5e-06_trial1
Method3 TVQP ELNCP PCG noise robustness offline sensor linear level=5e-06 trial=2,ok,Method 3: continuous TVQP + ELNCP + PCG,sensor,linear,5e-06,2,20536658,0.005,20.0,198.0,15000.0,0.0005,8,0.00020435417955047376,0.0003076951502959764,4.6245085243822873e-07,0.3101208699575895,0.41255228983859515,4.813728194789515e-06,1.9068647829511303e-08,1.3206028514847962e-07,1.902812283184373e-08,8.67008385555435e-11,9.57675,13,1.54625,2,1.859659834072491,2.499375e-06,4.998750000000001e-06,"[0.0, -1.5707963267948966, 1.5707963267948966, 0.0, 1.5707963267948966, 0.0]","[-2.484883396509426e-07, -1.5707976399621697, 1.5707962095665966, -3.3426589598884788e-06, 1.570798642615187, 2.1990200947591104e-06]","[-2.484883396509426e-07, -1.313167273142568e-06, -1.1722829995619577e-07, -3.3426589598884788e-06, 2.315820290421655e-06, 2.1990200947591104e-06]",4000,1.8738055000139866,C:\Users\lyx\Desktop\sci\code\project_method3_tvqp_elncp_pcg_noise_robustness\results\offline_20s_full\representative\sensor_linear_5e-06_trial2
Method3 TVQP ELNCP PCG noise robustness offline sensor linear level=5e-06 trial=3,ok,Method 3: continuous TVQP + ELNCP + PCG,sensor,linear,5e-06,3,20839610,0.005,20.0,198.0,15000.0,0.0005,8,0.00020431368840115956,0.0003075777737668412,1.4788200919799467e-06,0.3101213385776773,0.4125543258524218,5.154840136695202e-06,1.9609046191767338e-08,1.7711425119245027e-07,1.9569368337795485e-08,8.670083642755883e-11,9.5455,13,1.53775,2,1.8596598009742173,2.499375e-06,4.99875e-06,"[0.0, -1.5707963267948966, 1.5707963267948966, 0.0, 1.5707963267948966, 0.0]","[-9.128027776330193e-07, -1.5707935673494886, 1.5707964869943296, 1.2427317444549405e-06, 1.5707923871903637, -1.0169066046169773e-06]","[-9.128027776330193e-07, 2.7594454079515884e-06, 1.6019943305245476e-07, 1.2427317444549405e-06, -3.9396045328210505e-06, -1.0169066046169773e-06]",4000,1.9080325000104494,C:\Users\lyx\Desktop\sci\code\project_method3_tvqp_elncp_pcg_noise_robustness\results\offline_20s_full\representative\sensor_linear_5e-06_trial3
Method3 TVQP ELNCP PCG noise robustness offline sensor linear level=5e-06 trial=4,ok,Method 3: continuous TVQP + ELNCP + PCG,sensor,linear,5e-06,4,21234599,0.005,20.0,198.0,15000.0,0.0005,8,0.00020430964871915398,0.00030791173692450564,2.593817113055905e-06,0.3101210638293622,0.41255457241495574,5.418572929418653e-06,1.9265424160478075e-08,1.6211933961795867e-07,1.9225466605801132e-08,8.670083801621584e-11,9.54775,13,1.54125,2,1.8596599013200537,2.499375e-06,4.99875e-06,"[0.0, -1.5707963267948966, 1.5707963267948966, 0.0, 1.5707963267948966, 0.0]","[1.1008445425047238e-06, -1.570793074160475, 1.570799319524149, 2.703404894087202e-06, 1.570795639689228, 9.124158069540971e-07]","[1.1008445425047238e-06, 3.2526344215799696e-06, 2.9927292524156712e-06, 2.703404894087202e-06, -6.871056685842092e-07, 9.124158069540971e-07]",4000,1.7213503000093624,C:\Users\lyx\Desktop\sci\code\project_method3_tvqp_elncp_pcg_noise_robustness\results\offline_20s_full\representative\sensor_linear_5e-06_trial4
Method3 TVQP ELNCP PCG noise robustness offline sensor linear level=1e-05 trial=0,ok,Method 3: continuous TVQP + ELNCP + PCG,sensor,linear,1e-05,0,21197894,0.005,20.0,198.0,15000.0,0.0005,8,0.00020434591739419288,0.0003071995855774643,7.291375141324319e-07,0.31012036108671187,0.4125533290604375,9.998709407535758e-06,1.9807579095947134e-08,1.5320230479177317e-07,1.9768255759068517e-08,8.67008381068897e-11,9.52775,13,1.53275,2,1.8596597742031213,4.99875e-06,9.9975e-06,"[0.0, -1.5707963267948966, 1.5707963267948966, 0.0, 1.5707963267948966, 0.0]","[-1.442812277437986e-06, -1.5707955610004372, 1.5707929859468879, 8.38206043307126e-06, 1.5707980962604993, -3.5713905351322577e-06]","[-1.442812277437986e-06, 7.65794459400837e-07, -3.3408480086816184e-06, 8.38206043307126e-06, 1.7694656027078537e-06, -3.5713905351322577e-06]",4000,1.7556195000070147,C:\Users\lyx\Desktop\sci\code\project_method3_tvqp_elncp_pcg_noise_robustness\results\offline_20s_full\representative\sensor_linear_1e-05_trial0
Method3 TVQP ELNCP PCG noise robustness offline sensor linear level=1e-05 trial=1,ok,Method 3: continuous TVQP + ELNCP + PCG,sensor,linear,1e-05,1,20876315,0.005,20.0,198.0,15000.0,0.0005,8,0.0002043569720107648,0.00030794128674930805,2.0065062969712784e-06,0.3101213690094605,0.4125528898577455,9.753384578498724e-06,1.9362554996684944e-08,1.5772726455618012e-07,1.932226395899425e-08,8.670083549017788e-11,9.55575,13,1.54325,2,1.859659630078535,4.99875e-06,9.9975e-06,"[0.0, -1.5707963267948966, 1.5707963267948966, 0.0, 1.5707963267948966, 0.0]","[-4.359951733885806e-06, -1.5707964396750504, 1.5707905929530186, -9.257006845703329e-07, 1.5707904139346478, 2.722280096700414e-06]","[-4.359951733885806e-06, -1.1288015389077088e-07, -5.733841877963997e-06, -9.257006845703329e-07, -5.912860248757923e-06, 2.722280096700414e-06]",4000,1.8208633000031114,C:\Users\lyx\Desktop\sci\code\project_method3_tvqp_elncp_pcg_noise_robustness\results\offline_20s_full\representative\sensor_linear_1e-05_trial1
Method3 TVQP ELNCP PCG noise robustness offline sensor linear level=1e-05 trial=2,ok,Method 3: continuous TVQP + ELNCP + PCG,sensor,linear,1e-05,2,21246018,0.005,20.0,198.0,15000.0,0.0005,8,0.00020434695023878598,0.0003076084520987319,3.1477488688831942e-06,0.3101202004037122,0.41255435127545725,1.0262740576000775e-05,1.931995601064985e-08,1.5511030038581463e-07,1.9279555306032986e-08,8.670083492777836e-11,9.57825,13,1.54475,2,1.8596596091031405,4.99875e-06,9.997499999999999e-06,"[0.0, -1.5707963267948966, 1.5707963267948966, 0.0, 1.5707963267948966, 0.0]","[-4.739351727750843e-06, -1.5707935164798061, 1.5707999608331151, 6.13131934812882e-06, 1.5707926509287735, -3.2639264615228666e-06]","[-4.739351727750843e-06, 2.8103150904179586e-06, 3.6340382185695574e-06, 6.13131934812882e-06, -3.675866123042937e-06, -3.2639264615228666e-06]",4000,1.8602888999739662,C:\Users\lyx\Desktop\sci\code\project_method3_tvqp_elncp_pcg_noise_robustness\results\offline_20s_full\representative\sensor_linear_1e-05_trial2
Method3 TVQP ELNCP PCG noise robustness offline sensor linear level=1e-05 trial=3,ok,Method 3: continuous TVQP + ELNCP + PCG,sensor,linear,1e-05,3,21130250,0.005,20.0,198.0,15000.0,0.0005,8,0.0002044021233015963,0.0003075093686541587,1.5916346289896472e-06,0.31011996787756746,0.41255117796851004,9.851835057521735e-06,2.0104829244819834e-08,1.560771549568947e-07,2.006538980729383e-08,8.670083756498808e-11,9.53525,13,1.53225,2,1.8596595519047427,4.998749999999999e-06,9.9975e-06,"[0.0, -1.5707963267948966, 1.5707963267948966, 0.0, 1.5707963267948966, 0.0]","[-5.882302743176403e-06, -1.5707998638963239, 1.5707945064015318, 2.7736232648908556e-06, 1.570790404258631, -1.96540787002671e-06]","[-5.882302743176403e-06, -3.5371014273088974e-06, -1.8203933647154003e-06, 2.7736232648908556e-06, -5.922536265634548e-06, -1.96540787002671e-06]",4000,1.8501230000110809,C:\Users\lyx\Desktop\sci\code\project_method3_tvqp_elncp_pcg_noise_robustness\results\offline_20s_full\representative\sensor_linear_1e-05_trial3
Method3 TVQP ELNCP PCG noise robustness offline sensor linear level=1e-05 trial=4,ok,Method 3: continuous TVQP + ELNCP + PCG,sensor,linear,1e-05,4,20943959,0.005,20.0,198.0,15000.0,0.0005,8,0.00020434425630448032,0.00030784059375750576,2.6837197876632557e-06,0.31012043752680607,0.4125533662338454,1.0237763902754357e-05,1.8927592192754803e-08,1.45773169591309e-07,1.8887620063885926e-08,8.670083525168672e-11,9.56275,13,1.53875,2,1.8596597456640727,4.99875e-06,9.9975e-06,"[0.0, -1.5707963267948966, 1.5707963267948966, 0.0, 1.5707963267948966, 0.0]","[-2.0508278692122564e-06, -1.5707954869149126, 1.5708023209006192, 1.9333959795393655e-06, 1.5707900627857034, -4.582071779465721e-06]","[-2.0508278692122564e-06, 8.398799840048099e-07, 5.994105722662013e-06, 1.9333959795393655e-06, -6.264009193124309e-06, -4.582071779465721e-06]",4000,1.8740869000030216,C:\Users\lyx\Desktop\sci\code\project_method3_tvqp_elncp_pcg_noise_robustness\results\offline_20s_full\representative\sensor_linear_1e-05_trial4
Method3 TVQP ELNCP PCG noise robustness offline sensor linear level=5e-05 trial=0,ok,Method 3: continuous TVQP + ELNCP + PCG,sensor,linear,5e-05,0,20571497,0.005,20.0,198.0,15000.0,0.0005,8,0.00020473601797211442,0.0003049283120144376,1.4893146049744684e-05,0.3101190937521894,0.4125578387820772,5.004593587068487e-05,1.9321231338479622e-08,1.5975255646700758e-07,1.9281762251673573e-08,8.67008357062321e-11,9.52125,13,1.53175,2,1.8596578901069991,2.4993749999999998e-05,4.9987499999999995e-05,"[0.0, -1.5707963267948966, 1.5707963267948966, 0.0, 1.5707963267948966, 0.0]","[-3.9225262538907116e-05, -1.5707865408590613, 1.5708014131796735, -1.1782572526850346e-05, 1.5708011216516538, 2.6125063808227102e-05]","[-3.9225262538907116e-05, 9.785935835227022e-06, 5.086384776920028e-06, -1.1782572526850346e-05, 4.794856757195376e-06, 2.6125063808227102e-05]",4000,1.9065859999973327,C:\Users\lyx\Desktop\sci\code\project_method3_tvqp_elncp_pcg_noise_robustness\results\offline_20s_full\representative\sensor_linear_5e-05_trial0
Method3 TVQP ELNCP PCG noise robustness offline sensor linear level=5e-05 trial=1,ok,Method 3: continuous TVQP + ELNCP + PCG,sensor,linear,5e-05,1,20502712,0.005,20.0,198.0,15000.0,0.0005,8,0.00020426894120567141,0.00030713645413388285,6.70745688045914e-06,0.31012194800132725,0.41256275081061333,5.0051195203939465e-05,1.8867898269240494e-08,1.6471885097115532e-07,1.8827418454006005e-08,8.670083397660769e-11,9.5835,13,1.548,2,1.8596590070613481,2.499375e-05,4.99875e-05,"[0.0, -1.5707963267948966, 1.5707963267948966, 0.0, 1.5707963267948966, 0.0]","[-1.6830606938973428e-05, -1.5707767144521565, 1.5707791173845507, 3.450266306276713e-05, 1.5707776313210795, 1.0442794333529471e-06]","[-1.6830606938973428e-05, 1.961234274006074e-05, -1.720941034588641e-05, 3.450266306276713e-05, -1.8695473817054165e-05, 1.0442794333529471e-06]",4000,1.8789061999996193,C:\Users\lyx\Desktop\sci\code\project_method3_tvqp_elncp_pcg_noise_robustness\results\offline_20s_full\representative\sensor_linear_5e-05_trial1
Method3 TVQP ELNCP PCG noise robustness offline sensor linear level=5e-05 trial=2,ok,Method 3: continuous TVQP + ELNCP + PCG,sensor,linear,5e-05,2,20873556,0.005,20.0,198.0,15000.0,0.0005,8,0.00020435283623481627,0.00031039619269505403,9.629001688466821e-06,0.310123175403716,0.4125518445200296,5.0091767108712515e-05,1.9602801000345242e-08,1.6542512722225247e-07,1.9562930704110162e-08,8.670083704318574e-11,9.551,13,1.539,2,1.8596608610103216,2.4993749999999998e-05,4.99875e-05,"[0.0, -1.5707963267948966, 1.5707963267948966, 0.0, 1.5707963267948966, 0.0]","[2.0342605629552174e-05, -1.570798531429905, 1.5708214059281382, -2.3439012255259914e-05, 1.5707829260945367, 2.70661065349862e-05]","[2.0342605629552174e-05, -2.204635008551392e-06, 2.5079133241678875e-05, -2.3439012255259914e-05, -1.3400700359822437e-05, 2.70661065349862e-05]",4000,1.840055000007851,C:\Users\lyx\Desktop\sci\code\project_method3_tvqp_elncp_pcg_noise_robustness\results\offline_20s_full\representative\sensor_linear_5e-05_trial2
Method3 TVQP ELNCP PCG noise robustness offline sensor linear level=5e-05 trial=3,ok,Method 3: continuous TVQP + ELNCP + PCG,sensor,linear,5e-05,3,20568781,0.005,20.0,198.0,15000.0,0.0005,8,0.00020509160840919156,0.00030278779420505,1.540664600229878e-05,0.3101133318819661,0.4125457993795867,4.991868801235939e-05,2.0325984794732135e-08,1.6209928379048463e-07,2.0286409942832624e-08,8.670083474219184e-11,9.53425,13,1.5325,2,1.8596577989281216,2.4993749999999998e-05,4.9987499999999995e-05,"[0.0, -1.5707963267948966, 1.5707963267948966, 0.0, 1.5707963267948966, 0.0]","[-4.102528281505579e-05, -1.5708106224890352, 1.5707954328061942, 2.814292795306829e-06, 1.570818743189531, 9.655076579960407e-06]","[-4.102528281505579e-05, -1.4295694138688475e-05, -8.939887023995396e-07, 2.814292795306829e-06, 2.2416394634516834e-05, 9.655076579960407e-06]",4000,1.8449331999872811,C:\Users\lyx\Desktop\sci\code\project_method3_tvqp_elncp_pcg_noise_robustness\results\offline_20s_full\representative\sensor_linear_5e-05_trial3
Method3 TVQP ELNCP PCG noise robustness offline sensor linear level=5e-05 trial=4,ok,Method 3: continuous TVQP + ELNCP + PCG,sensor,linear,5e-05,4,20570356,0.005,20.0,198.0,15000.0,0.0005,8,0.0002044025794148729,0.00031132189367656974,2.1938033765579775e-05,0.31011989313540905,0.4125665565716703,5.044716875681979e-05,1.9312037532389966e-08,1.7009575879284757e-07,1.927179365729481e-08,8.67008361989334e-11,9.56575,13,1.54325,2,1.8596593980896516,2.4993749999999998e-05,4.99875e-05,"[0.0, -1.5707963267948966, 1.5707963267948966, 0.0, 1.5707963267948966, 0.0]","[-8.972421551510951e-06, -1.570769103036506, 1.570834809079655, 1.4265460863564658e-05, 1.5707932183982247, 5.406266959444156e-06]","[-8.972421551510951e-06, 2.722375839048219e-05, 3.848228475833437e-05, 1.4265460863564658e-05, -3.1083966718359335e-06, 5.406266959444156e-06]",4000,1.811977899982594,C:\Users\lyx\Desktop\sci\code\project_method3_tvqp_elncp_pcg_noise_robustness\results\offline_20s_full\representative\sensor_linear_5e-05_trial4
Method3 TVQP ELNCP PCG noise robustness offline sensor linear level=0.0001 trial=0,ok,Method 3: continuous TVQP + ELNCP + PCG,sensor,linear,0.0001,0,20506978,0.005,20.0,198.0,15000.0,0.0005,8,0.00020492052493500154,0.00030564790496153223,1.5823537430273323e-05,0.31012151624776163,0.4125506564691146,9.987943690717364e-05,1.935737919403616e-08,1.455649113479187e-07,1.9317525805600644e-08,8.670083685234987e-11,9.545,12,1.5385,2,1.8596588496614908,4.9987499999999995e-05,9.9975e-05,"[0.0, -1.5707963267948966, 1.5707963267948966, 0.0, 1.5707963267948966, 0.0]","[-2.0010612419971455e-05, -1.5708009080587806, 1.5707941365565754, -6.442945662492934e-05, 1.5708562223439873, -4.2556556521103056e-05]","[-2.0010612419971455e-05, -4.581263884029241e-06, -2.1902383211536147e-06, -6.442945662492934e-05, 5.9895549090693834e-05, -4.2556556521103056e-05]",4000,1.9979987000115216,C:\Users\lyx\Desktop\sci\code\project_method3_tvqp_elncp_pcg_noise_robustness\results\offline_20s_full\representative\sensor_linear_0.0001_trial0
Method3 TVQP ELNCP PCG noise robustness offline sensor linear level=0.0001 trial=1,ok,Method 3: continuous TVQP + ELNCP + PCG,sensor,linear,0.0001,1,20869290,0.005,20.0,198.0,15000.0,0.0005,8,0.0002055466117847559,0.00032349468065004096,2.9443206585392953e-05,0.31011461250680783,0.41251982351666516,9.973700167147181e-05,1.929062538259377e-08,1.401001399164261e-07,1.925042845477001e-08,8.670083744767108e-11,9.557,13,1.541,2,1.8596613971371392,4.998750000000001e-05,9.997500000000003e-05,"[0.0, -1.5707963267948966, 1.5707963267948966, 0.0, 1.5707963267948966, 0.0]","[3.111791791894595e-05, -1.5708625809976697, 1.5707799350264224, -8.855270242281118e-06, 1.5708186121588015, 6.120279382959814e-05]","[3.111791791894595e-05, -6.625420277317495e-05, -1.639176847412216e-05, -8.855270242281118e-06, 2.2285363904916977e-05, 6.120279382959814e-05]",4000,1.8399649999919347,C:\Users\lyx\Desktop\sci\code\project_method3_tvqp_elncp_pcg_noise_robustness\results\offline_20s_full\representative\sensor_linear_0.0001_trial1
Method3 TVQP ELNCP PCG noise robustness offline sensor linear level=0.0001 trial=2,ok,Method 3: continuous TVQP + ELNCP + PCG,sensor,linear,0.0001,2,20499587,0.005,20.0,198.0,15000.0,0.0005,8,0.00020593660573827856,0.00029970656119553374,2.6504262743640246e-05,0.310105680824633,0.41254279714566056,9.994970837190226e-05,1.9338928895806543e-08,1.7240347500000383e-07,1.929892152096357e-08,8.670083674607651e-11,9.55725,13,1.54075,2,1.859655911681534,4.99875e-05,9.997500000000002e-05,"[0.0, -1.5707963267948966, 1.5707963267948966, 0.0, 1.5707963267948966, 0.0]","[-7.884083215893652e-05, -1.5708166268188601, 1.5707832331147698, 5.210501488081085e-05, 1.5708145910585636, 1.1917048833561834e-05]","[-7.884083215893652e-05, -2.0300023963581992e-05, -1.3093680126807783e-05, 5.210501488081085e-05, 1.8264263667022718e-05, 1.1917048833561834e-05]",4000,1.952004399994621,C:\Users\lyx\Desktop\sci\code\project_method3_tvqp_elncp_pcg_noise_robustness\results\offline_20s_full\representative\sensor_linear_0.0001_trial2
Method3 TVQP ELNCP PCG noise robustness offline sensor linear level=0.0001 trial=3,ok,Method 3: continuous TVQP + ELNCP + PCG,sensor,linear,0.0001,3,20803221,0.005,20.0,198.0,15000.0,0.0005,8,0.0002043982706993837,0.000312139627538051,3.678066609595641e-05,0.31013151983051096,0.4125923021686104,0.00010027792991306863,1.9528574942771896e-08,1.4133494160447332e-07,1.94887707937834e-08,8.670083761698163e-11,9.56425,13,1.539,2,1.8596584661692823,4.9987499999999995e-05,9.997499999999999e-05,"[0.0, -1.5707963267948966, 1.5707963267948966, 0.0, 1.5707963267948966, 0.0]","[-2.7680881365365852e-05, -1.5707176057762917, 1.5708320212371805, -3.247260516738017e-05, 1.5707863956379995, 2.579228742614295e-05]","[-2.7680881365365852e-05, 7.87210186048437e-05, 3.5694442283906724e-05, -3.247260516738017e-05, -9.93115689706947e-06, 2.579228742614295e-05]",4000,1.7474246000056155,C:\Users\lyx\Desktop\sci\code\project_method3_tvqp_elncp_pcg_noise_robustness\results\offline_20s_full\representative\sensor_linear_0.0001_trial3
Method3 TVQP ELNCP PCG noise robustness offline sensor linear level=0.0001 trial=4,ok,Method 3: continuous TVQP + ELNCP + PCG,sensor,linear,0.0001,4,20801646,0.005,20.0,198.0,15000.0,0.0005,8,0.00020527242301172493,0.0003257774659988135,3.018951579227289e-05,0.31012031189082884,0.4125306924648391,9.972221483735486e-05,1.9582677694547502e-08,1.5637841686133822e-07,1.9542486172316455e-08,8.670083510186683e-11,9.559,13,1.5415,2,1.8596616568903326,4.9987499999999995e-05,9.9975e-05,"[0.0, -1.5707963267948966, 1.5707963267948966, 0.0, 1.5707963267948966, 0.0]","[3.6323635031893204e-05, -1.5708408392130024, 1.5707477855301186, 2.802092383427292e-05, 1.570777683381096, 5.6167204555675275e-05]","[3.6323635031893204e-05, -4.45124181058798e-05, -4.8541264777934856e-05, 2.802092383427292e-05, -1.8643413800534248e-05, 5.6167204555675275e-05]",4000,1.7935591000132263,C:\Users\lyx\Desktop\sci\code\project_method3_tvqp_elncp_pcg_noise_robustness\results\offline_20s_full\representative\sensor_linear_0.0001_trial4
Method3 TVQP ELNCP PCG noise robustness offline sensor linear level=0.0005 trial=0,ok,Method 3: continuous TVQP + ELNCP + PCG,sensor,linear,0.0005,0,21215611,0.005,20.0,198.0,15000.0,0.0005,8,0.0002040835261943027,0.0003241381382246637,6.170933367513426e-05,0.31018641045347284,0.41269799442434874,0.0004999404049502857,1.9314678290477162e-08,1.587664530864944e-07,1.9274734549247917e-08,8.670083888597683e-11,9.562,13,1.53875,2,1.859669731475524,0.00024993750000000005,0.000499875,"[0.0, -1.5707963267948966, 1.5707963267948966, 0.0, 1.5707963267948966, 0.0]","[0.00019782821926334337, -1.5705061855851477, 1.5705807958210998, 0.00016497147672971406, 1.5709986147501864, 0.00010969447075792709]","[0.00019782821926334337, 0.00029014120974890645, -0.00021553097379678476, 0.00016497147672971406, 0.00020228795528987042, 0.00010969447075792709]",4000,1.9647444000001997,C:\Users\lyx\Desktop\sci\code\project_method3_tvqp_elncp_pcg_noise_robustness\results\offline_20s_full\representative\sensor_linear_0.0005_trial0
Method3 TVQP ELNCP PCG noise robustness offline sensor linear level=0.0005 trial=1,ok,Method 3: continuous TVQP + ELNCP + PCG,sensor,linear,0.0005,1,20858598,0.005,20.0,198.0,15000.0,0.0005,8,0.00022410453784426704,0.00040105316960590924,0.00015214898151430197,0.3101170284604145,0.4124249952163679,0.0004997259108814889,1.984587922542605e-08,1.433662804503313e-07,1.98062171540002e-08,8.670083180488606e-11,9.54975,12,1.5365,2,1.8596760692382253,0.00024993750000000005,0.000499875,"[0.0, -1.5707963267948966, 1.5707963267948966, 0.0, 1.5707963267948966, 0.0]","[0.00032511923267401934, -1.5710522620296208, 1.570734912344462, -4.5816211604213416e-05, 1.570931248173122, 0.0002333366407324067]","[0.00032511923267401934, -0.00025593523472422497, -6.141445043450489e-05, -4.5816211604213416e-05, 0.00013492137822535, 0.0002333366407324067]",4000,1.8337861000036355,C:\Users\lyx\Desktop\sci\code\project_method3_tvqp_elncp_pcg_noise_robustness\results\offline_20s_full\representative\sensor_linear_0.0005_trial1
Method3 TVQP ELNCP PCG noise robustness offline sensor linear level=0.0005 trial=2,ok,Method 3: continuous TVQP + ELNCP + PCG,sensor,linear,0.0005,2,20517670,0.005,20.0,198.0,15000.0,0.0005,8,0.00020636965791464353,0.00030770708714013956,5.4789224616688523e-05,0.31011803416714234,0.41256466011710424,0.0004999590086603416,1.9949672088769438e-08,1.6580519733834109e-07,1.99098186551644e-08,8.670081891567028e-11,9.5535,13,1.5385,2,1.8596559303036257,0.00024993750000000005,0.000499875,"[0.0, -1.5707963267948966, 1.5707963267948966, 0.0, 1.5707963267948966, 0.0]","[-7.857731390444443e-05, -1.5707729015690903, 1.5709577925656992, -0.00019803416913875555, 1.5709147490897604, 0.0004048744344459559]","[-7.857731390444443e-05, 2.342522580622841e-05, 0.00016146577080267122, -0.00019803416913875555, 0.00011842229486380695, 0.0004048744344459559]",4000,1.832219999982044,C:\Users\lyx\Desktop\sci\code\project_method3_tvqp_elncp_pcg_noise_robustness\results\offline_20s_full\representative\sensor_linear_0.0005_trial2
Method3 TVQP ELNCP PCG noise robustness offline sensor linear level=0.0005 trial=3,ok,Method 3: continuous TVQP + ELNCP + PCG,sensor,linear,0.0005,3,20556539,0.005,20.0,198.0,15000.0,0.0005,8,0.00021244498145399964,0.0003282098721185322,9.512381667531328e-05,0.31019622187738377,0.4126322792792614,0.0004997503054036963,1.9149893164924827e-08,1.646793476873575e-07,1.9110445168276753e-08,8.67008377030582e-11,9.5435,13,1.5355,2,1.8596590307236474,0.00024993750000000005,0.0004998750000000001,"[0.0, -1.5707963267948966, 1.5707963267948966, 0.0, 1.5707963267948966, 0.0]","[-1.6541932193380592e-05, -1.5706376430108955, 1.5705878652956635, -0.00039295451353584725, 1.570920523027053, -0.00010489060240524898]","[-1.6541932193380592e-05, 0.00015868378400107908, -0.00020846149923303692, -0.00039295451353584725, 0.00012419623215653708, -0.00010489060240524898]",4000,1.729663600010099,C:\Users\lyx\Desktop\sci\code\project_method3_tvqp_elncp_pcg_noise_robustness\results\offline_20s_full\representative\sensor_linear_0.0005_trial3
Method3 TVQP ELNCP PCG noise robustness offline sensor linear level=0.0005 trial=4,ok,Method 3: continuous TVQP + ELNCP + PCG,sensor,linear,0.0005,4,20451601,0.005,20.0,198.0,15000.0,0.0005,8,0.0002119398650219036,0.00031516529891762764,0.0001321721035424309,0.3101660350605014,0.41270003931295407,0.0005000600555916108,1.927607556081845e-08,1.376744472619077e-07,1.9235847137528308e-08,8.670086109109556e-11,9.5725,13,1.54375,2,1.8596483179652692,0.00024993750000000005,0.000499875,"[0.0, -1.5707963267948966, 1.5707963267948966, 0.0, 1.5707963267948966, 0.0]","[-0.00023103004037989158, -1.5705021044118674, 1.5708263166968863, -8.020281479005677e-05, 1.57056540542058, 0.00022240009471031724]","[-0.00023103004037989158, 0.00029422238302911907, 2.9989901989768697e-05, -8.020281479005677e-05, -0.00023092137431657278, 0.00022240009471031724]",4000,1.716373500006739,C:\Users\lyx\Desktop\sci\code\project_method3_tvqp_elncp_pcg_noise_robustness\results\offline_20s_full\representative\sensor_linear_0.0005_trial4
Method3 TVQP ELNCP PCG noise robustness offline sensor linear level=0.001 trial=0,ok,Method 3: continuous TVQP + ELNCP + PCG,sensor,linear,0.001,0,20814608,0.005,20.0,198.0,15000.0,0.0005,8,0.00023758550832868135,0.0003776814880448147,0.00020436503368323147,0.31016834075989597,0.41269929154729335,0.0009996897334364871,1.945370347559429e-08,1.3960552584244077e-07,1.9413706013659912e-08,8.67007950006956e-11,9.56225,12,1.54075,2,1.8596462617317624,0.000499875,0.0009997499999999998,"[0.0, -1.5707963267948966, 1.5707963267948966, 0.0, 1.5707963267948966, 0.0]","[-0.00027277274739783233, -1.5705035886477738, 1.5702600956838757, -2.2071762866337725e-06, 1.5714233220326654, -0.0003982552754149462]","[-0.00027277274739783233, 0.0002927381471227175, -0.0005362311110208573, -2.2071762866337725e-06, 0.0006269952377688792, -0.0003982552754149462]",4000,1.853789200016763,C:\Users\lyx\Desktop\sci\code\project_method3_tvqp_elncp_pcg_noise_robustness\results\offline_20s_full\representative\sensor_linear_0.001_trial0
Method3 TVQP ELNCP PCG noise robustness offline sensor linear level=0.001 trial=1,ok,Method 3: continuous TVQP + ELNCP + PCG,sensor,linear,0.001,1,20402776,0.005,20.0,198.0,15000.0,0.0005,8,0.00022943292150654076,0.00039020896552213405,0.00015263350754095712,0.31007480212034194,0.4123162690221671,0.0009996275500354327,1.9887795884627108e-08,1.563216571296121e-07,1.9848644296068244e-08,8.670080672873089e-11,9.519,12,1.52825,2,1.8596495227845913,0.000499875,0.00099975,"[0.0, -1.5707963267948966, 1.5707963267948966, 0.0, 1.5707963267948966, 0.0]","[-0.00020668408917189223, -1.571269757828405, 1.5709940428640268, -0.0006330327164424976, 1.5707054733188033, 0.0005332199962371102]","[-0.00020668408917189223, -0.0004734310335083869, 0.000197716069130216, -0.0006330327164424976, -9.085347609327776e-05, 0.0005332199962371102]",4000,1.9339059000194538,C:\Users\lyx\Desktop\sci\code\project_method3_tvqp_elncp_pcg_noise_robustness\results\offline_20s_full\representative\sensor_linear_0.001_trial1
Method3 TVQP ELNCP PCG noise robustness offline sensor linear level=0.001 trial=2,ok,Method 3: continuous TVQP + ELNCP + PCG,sensor,linear,0.001,2,21116667,0.005,20.0,198.0,15000.0,0.0005,8,0.00024139189685539977,0.00045942071723250054,0.00026751465301040335,0.31005506126959326,0.4126460001737742,0.0009999710700193982,1.9936226464749333e-08,1.6938205871740392e-07,1.989737182532341e-08,8.67008328856864e-11,9.51175,13,1.52625,2,1.8596259335048864,0.0004998750000000001,0.00099975,"[0.0, -1.5707963267948966, 1.5707963267948966, 0.0, 1.5707963267948966, 0.0]","[-0.0006796639307599915, -1.570610195051266, 1.5710167784082816, 0.00020480969210794547, 1.5708273603777008, -0.0006417515477391725]","[-0.0006796639307599915, 0.0001861317436304688, 0.00022045161338501984, 0.00020480969210794547, 3.103358280420743e-05, -0.0006417515477391725]",4000,1.8529505000042263,C:\Users\lyx\Desktop\sci\code\project_method3_tvqp_elncp_pcg_noise_robustness\results\offline_20s_full\representative\sensor_linear_0.001_trial2
Method3 TVQP ELNCP PCG noise robustness offline sensor linear level=0.001 trial=3,ok,Method 3: continuous TVQP + ELNCP + PCG,sensor,linear,0.001,3,20957542,0.005,20.0,198.0,15000.0,0.0005,8,0.0002216102829337169,0.0003393836279669131,0.00011248676345250993,0.3100089250467492,0.41231392632467845,0.0009997560835871032,1.971139595555854e-08,1.5884880196467808e-07,1.9671945469477998e-08,8.670084864816015e-11,9.5265,13,1.5335,2,1.8596520766090578,0.0004998750000000001,0.00099975,"[0.0, -1.5707963267948966, 1.5707963267948966, 0.0, 1.5707963267948966, 0.0]","[-0.0001554875033210594, -1.5712744339067548, 1.571069375221545, 1.6619672765044823e-05, 1.5708322129904342, 0.0008189200063026917]","[-0.0001554875033210594, -0.0004781071118582503, 0.00027304842664843676, 1.6619672765044823e-05, 3.588619553762662e-05, 0.0008189200063026917]",4000,1.8941514999896754,C:\Users\lyx\Desktop\sci\code\project_method3_tvqp_elncp_pcg_noise_robustness\results\offline_20s_full\representative\sensor_linear_0.001_trial3
Method3 TVQP ELNCP PCG noise robustness offline sensor linear level=0.001 trial=4,ok,Method 3: continuous TVQP + ELNCP + PCG,sensor,linear,0.001,4,20418726,0.005,20.0,198.0,15000.0,0.0005,8,0.0002576335635809302,0.00045662066320559854,0.00033031858255077164,0.3103011662502264,0.4130191299954531,0.0010001271490054932,1.988209069715899e-08,1.648134645421641e-07,1.9842141833355607e-08,8.670087445397715e-11,9.56275,12,1.53975,2,1.8596708576423553,0.000499875,0.00099975,"[0.0, -1.5707963267948966, 1.5707963267948966, 0.0, 1.5707963267948966, 0.0]","[0.00022018149691753139, -1.569863837819073, 1.5708762865851822, -6.953587272617309e-05, 1.5708966954285368, 0.0002468523126961646]","[0.00022018149691753139, 0.0009324889758235422, 7.995979028563305e-05, -6.953587272617309e-05, 0.00010036863364026871, 0.0002468523126961646]",4000,1.8218565999995917,C:\Users\lyx\Desktop\sci\code\project_method3_tvqp_elncp_pcg_noise_robustness\results\offline_20s_full\representative\sensor_linear_0.001_trial4
Method3 TVQP ELNCP PCG noise robustness offline sensor quadratic level=1e-06 trial=0,ok,Method 3: continuous TVQP + ELNCP + PCG,sensor,quadratic,1e-06,0,20454692,0.005,20.0,198.0,15000.0,0.0005,8,0.00020436984400431325,0.0003073906965028348,7.639867043503963e-07,0.31012084181562255,0.4125530800125714,1.2354887130055814e-06,1.972826282821364e-08,1.54897414198967e-07,1.9688325160393327e-08,8.67008353812461e-11,9.5595,12,1.53675,2,1.8596593555435765,3.33333375e-07,1e-06,"[0.0, -1.5707963267948966, 1.5707963267948966, 0.0, 1.5707963267948966, 0.0]","[-7.818457646236359e-07, -1.5707961587985657, 1.5707970344777589, 5.881867981820948e-07, 1.5707962994149485, 1.9849027282175918e-07]","[-7.818457646236359e-07, 1.6799633084652044e-07, 7.076828623109321e-07, 5.881867981820948e-07, -2.7379948086547756e-08, 1.9849027282175918e-07]",4000,1.989517399983015,C:\Users\lyx\Desktop\sci\code\project_method3_tvqp_elncp_pcg_noise_robustness\results\offline_20s_full\representative\sensor_quadratic_1e-06_trial0
Method3 TVQP ELNCP PCG noise robustness offline sensor quadratic level=1e-06 trial=1,ok,Method 3: continuous TVQP + ELNCP + PCG,sensor,quadratic,1e-06,1,21064751,0.005,20.0,198.0,15000.0,0.0005,8,0.0002043455920212944,0.00030740466266323293,5.221927357817423e-07,0.310120901638766,0.4125530800179291,1.0495503148387494e-06,1.9864815145317108e-08,1.4520028769719045e-07,1.9825124518928197e-08,8.670083542294678e-11,9.55,12,1.5345,2,1.8596598599309333,3.33333375e-07,1e-06,"[0.0, -1.5707963267948966, 1.5707963267948966, 0.0, 1.5707963267948966, 0.0]","[-2.7695516537458057e-07, -1.5707966812061545, 1.5707968291366938, 6.143155573221277e-07, 1.5707959986949946, 4.0232316505213065e-07]","[-2.7695516537458057e-07, -3.5441125789681394e-07, 5.023417972704891e-07, 6.143155573221277e-07, -3.2809990191395855e-07, 4.0232316505213065e-07]",4000,2.0267721000127494,C:\Users\lyx\Desktop\sci\code\project_method3_tvqp_elncp_pcg_noise_robustness\results\offline_20s_full\representative\sensor_quadratic_1e-06_trial1
Method3 TVQP ELNCP PCG noise robustness offline sensor quadratic level=1e-06 trial=2,ok,Method 3: continuous TVQP + ELNCP + PCG,sensor,quadratic,1e-06,2,20695048,0.005,20.0,198.0,15000.0,0.0005,8,0.00020430406772445133,0.000307432730713644,5.288866240619846e-07,0.3101209371408749,0.4125530800109287,9.511947976901202e-07,1.932984749004827e-08,1.4443744373717484e-07,1.9289925761468235e-08,8.670083445807813e-11,9.5585,12,1.5395,2,1.8596592310208202,3.33333375e-07,9.999999999999997e-07,"[0.0, -1.5707963267948966, 1.5707963267948966, 0.0, 1.5707963267948966, 0.0]","[8.249397303212547e-07, -1.5707965654923746, 1.5707965783324416, 2.375590813118577e-07, 1.5707964134404109, -2.0014144914649952e-07]","[8.249397303212547e-07, -2.38697478005534e-07, 2.51537545015168e-07, 2.375590813118577e-07, 8.66455143189171e-08, -2.0014144914649952e-07]",4000,1.850410400016699,C:\Users\lyx\Desktop\sci\code\project_method3_tvqp_elncp_pcg_noise_robustness\results\offline_20s_full\representative\sensor_quadratic_1e-06_trial2
Method3 TVQP ELNCP PCG noise robustness offline sensor quadratic level=1e-06 trial=3,ok,Method 3: continuous TVQP + ELNCP + PCG,sensor,quadratic,1e-06,3,20522336,0.005,20.0,198.0,15000.0,0.0005,8,0.00020436025080338696,0.0003073921154768746,5.827883175448763e-07,0.31012091307947476,0.4125530800490971,1.0773837441947023e-06,1.8860963036677937e-08,1.4493854348923152e-07,1.8820110151188143e-08,8.670083691476552e-11,9.58675,12,1.549,2,1.8596595302690022,3.33333375e-07,1e-06,"[0.0, -1.5707963267948966, 1.5707963267948966, 0.0, 1.5707963267948966, 0.0]","[-5.287555227934269e-07, -1.5707962183456756, 1.570796443225213, 9.202264107189577e-07, 1.5707963921619765, -6.904038759961718e-08]","[-5.287555227934269e-07, 1.0844922093689036e-07, 1.164303164991054e-07, 9.202264107189577e-07, 6.536707997106816e-08, -6.904038759961718e-08]",4000,1.8554874999972526,C:\Users\lyx\Desktop\sci\code\project_method3_tvqp_elncp_pcg_noise_robustness\results\offline_20s_full\representative\sensor_quadratic_1e-06_trial3
Method3 TVQP ELNCP PCG noise robustness offline sensor quadratic level=1e-06 trial=4,ok,Method 3: continuous TVQP + ELNCP + PCG,sensor,quadratic,1e-06,4,20997107,0.005,20.0,198.0,15000.0,0.0005,8,0.00020430451278390587,0.0003074297671923076,5.201154664344121e-07,0.31012095813593976,0.41255308001503654,9.398314062522574e-07,1.8511988079731893e-08,1.6438456758198267e-07,1.8470810265720366e-08,8.670083712683281e-11,9.604,12,1.55675,2,1.8596593677052624,3.33333375e-07,1e-06,"[0.0, -1.5707963267948966, 1.5707963267948966, 0.0, 1.5707963267948966, 0.0]","[6.16418206446243e-07, -1.5707961711657663, 1.5707962315601414, 3.7097918748989195e-07, 1.5707958164557752, 2.682349823790882e-07]","[6.16418206446243e-07, 1.5562913024957936e-07, -9.523475519301883e-08, 3.7097918748989195e-07, -5.103391214067443e-07, 2.682349823790882e-07]",4000,1.7971344999969006,C:\Users\lyx\Desktop\sci\code\project_method3_tvqp_elncp_pcg_noise_robustness\results\offline_20s_full\representative\sensor_quadratic_1e-06_trial4
Method3 TVQP ELNCP PCG noise robustness offline sensor quadratic level=5e-06 trial=0,ok,Method 3: continuous TVQP + ELNCP + PCG,sensor,quadratic,5e-06,0,20881901,0.005,20.0,198.0,15000.0,0.0005,8,0.00020450178598029333,0.0003073568783182768,1.749040280410829e-06,0.3101206295027484,0.412553080014493,5.178900203125869e-06,2.028905392391744e-08,1.4984483211684889e-07,2.0249041822174838e-08,8.670083842746083e-11,9.553,12,1.5385,2,1.8596571623775053,1.6666668750000007e-06,5.000000000000001e-06,"[0.0, -1.5707963267948966, 1.5707963267948966, 0.0, 1.5707963267948966, 0.0]","[-2.8019886760196503e-06, -1.570795867192095, 1.570798649898023, 3.2105175620849695e-07, 1.5707997193538068, 1.3226086768282898e-06]","[-2.8019886760196503e-06, 4.596028015946274e-07, 2.32310312653361e-06, 3.2105175620849695e-07, 3.3925589102423714e-06, 1.3226086768282898e-06]",4000,1.860924900014652,C:\Users\lyx\Desktop\sci\code\project_method3_tvqp_elncp_pcg_noise_robustness\results\offline_20s_full\representative\sensor_quadratic_5e-06_trial0
Method3 TVQP ELNCP PCG noise robustness offline sensor quadratic level=5e-06 trial=1,ok,Method 3: continuous TVQP + ELNCP + PCG,sensor,quadratic,5e-06,1,20578267,0.005,20.0,198.0,15000.0,0.0005,8,0.00020431122035480392,0.00030748176246454855,1.6434632698885417e-06,0.31012053658854244,0.412553080013212,5.216151046565647e-06,1.9529182729075547e-08,1.476574699646154e-07,1.9489843607412208e-08,8.670083771747523e-11,9.558,12,1.54025,2,1.859659875058107,1.6666668750000007e-06,5e-06,"[0.0, -1.5707963267948966, 1.5707963267948966, 0.0, 1.5707963267948966, 0.0]","[5.552903065357355e-07, -1.570794903509343, 1.5707999271398951, -3.362443443880367e-06, 1.5707962533221373, -7.74747946393285e-07]","[5.552903065357355e-07, 1.4232855536366884e-06, 3.6003449985777536e-06, -3.362443443880367e-06, -7.347275920999152e-08, -7.74747946393285e-07]",4000,1.8655767000163905,C:\Users\lyx\Desktop\sci\code\project_method3_tvqp_elncp_pcg_noise_robustness\results\offline_20s_full\representative\sensor_quadratic_5e-06_trial1
Method3 TVQP ELNCP PCG noise robustness offline sensor quadratic level=5e-06 trial=2,ok,Method 3: continuous TVQP + ELNCP + PCG,sensor,quadratic,5e-06,2,20947970,0.005,20.0,198.0,15000.0,0.0005,8,0.00020425765993873973,0.00030753573430876646,9.897698913879557e-07,0.31012133034556616,0.41255308001131685,4.768411083784899e-06,1.9264610349116946e-08,1.605126330370797e-07,1.9223752504521842e-08,8.670083681015338e-11,9.64475,13,1.56175,2,1.8596577180040252,1.6666668749999999e-06,4.9999999999999996e-06,"[0.0, -1.5707963267948966, 1.5707963267948966, 0.0, 1.5707963267948966, 0.0]","[2.4012345258855604e-06, -1.5707983885312093, 1.5707954142155895, -1.1377131186694574e-06, 1.5707974768648276, -3.0448657464454884e-06]","[2.4012345258855604e-06, -2.0617363127861665e-06, -9.125793070108301e-07, -1.1377131186694574e-06, 1.1500699310662554e-06, -3.0448657464454884e-06]",4000,1.9184271999984048,C:\Users\lyx\Desktop\sci\code\project_method3_tvqp_elncp_pcg_noise_robustness\results\offline_20s_full\representative\sensor_quadratic_5e-06_trial2
Method3 TVQP ELNCP PCG noise robustness offline sensor quadratic level=5e-06 trial=3,ok,Method 3: continuous TVQP + ELNCP + PCG,sensor,quadratic,5e-06,3,20644336,0.005,20.0,198.0,15000.0,0.0005,8,0.00020436613249981647,0.00030745282385831484,3.617020196459458e-07,0.3101213251207346,0.4125530800104251,4.818800141469755e-06,1.9642634437512752e-08,1.516665853476836e-07,1.9602957717315297e-08,8.670083911909892e-11,9.55125,12,1.53625,2,1.8596595317351943,1.6666668750000007e-06,5e-06,"[0.0, -1.5707963267948966, 1.5707963267948966, 0.0, 1.5707963267948966, 0.0]","[8.200733296717124e-08, -1.570797367827877, 1.570795598898244, -1.9026650222345485e-06, 1.5707985332428902, 3.6210467356929246e-06]","[8.200733296717124e-08, -1.0410329804866336e-06, -7.278966525081643e-07, -1.9026650222345485e-06, 2.2064479936467762e-06, 3.6210467356929246e-06]",4000,1.8329662999894936,C:\Users\lyx\Desktop\sci\code\project_method3_tvqp_elncp_pcg_noise_robustness\results\offline_20s_full\representative\sensor_quadratic_5e-06_trial3
Method3 TVQP ELNCP PCG noise robustness offline sensor quadratic level=5e-06 trial=4,ok,Method 3: continuous TVQP + ELNCP + PCG,sensor,quadratic,5e-06,4,20645911,0.005,20.0,198.0,15000.0,0.0005,8,0.00020437280318685408,0.0003074291598661702,1.5038463263832663e-06,0.31012075264151917,0.4125530800163395,5.153293853319746e-06,1.8955225466566624e-08,1.6005913381630873e-07,1.891440895531046e-08,8.670083461340237e-11,9.61875,14,1.55775,2,1.8596586884248862,1.6666668750000007e-06,5e-06,"[0.0, -1.5707963267948966, 1.5707963267948966, 0.0, 1.5707963267948966, 0.0]","[-1.1588983386975732e-07, -1.5707940001432046, 1.5707982148148698, -3.2661964916310762e-06, 1.5707989494243098, 1.3731354267150222e-07]","[-1.1588983386975732e-07, 2.3266516919751012e-06, 1.8880199732507208e-06, -3.2661964916310762e-06, 2.6226294131959094e-06, 1.3731354267150222e-07]",4000,1.7199866999872029,C:\Users\lyx\Desktop\sci\code\project_method3_tvqp_elncp_pcg_noise_robustness\results\offline_20s_full\representative\sensor_quadratic_5e-06_trial4
Method3 TVQP ELNCP PCG noise robustness offline sensor quadratic level=1e-05 trial=0,ok,Method 3: continuous TVQP + ELNCP + PCG,sensor,quadratic,1e-05,0,20463350,0.005,20.0,198.0,15000.0,0.0005,8,0.0002045275592062664,0.0003073966711986736,2.314675961491029e-06,0.31012202766336966,0.4125530800173631,9.808618301887817e-06,1.845892100938467e-08,1.5985890628613856e-07,1.8416385976888933e-08,8.670083549877788e-11,9.67475,13,1.5765,2,1.8596562793508125,3.3333337500000006e-06,1e-05,"[0.0, -1.5707963267948966, 1.5707963267948966, 0.0, 1.5707963267948966, 0.0]","[-4.175007078932352e-06, -1.5707941931832952, 1.5707923120516842, -6.396145341706715e-06, 1.5707963765510289, 4.1466488218269585e-06]","[-4.175007078932352e-06, 2.1336116013959128e-06, -4.0147432123216475e-06, -6.396145341706715e-06, 4.975613232538478e-08, 4.1466488218269585e-06]",4000,1.800721200008411,C:\Users\lyx\Desktop\sci\code\project_method3_tvqp_elncp_pcg_noise_robustness\results\offline_20s_full\representative\sensor_quadratic_1e-05_trial0
Method3 TVQP ELNCP PCG noise robustness offline sensor quadratic level=1e-05 trial=1,ok,Method 3: continuous TVQP + ELNCP + PCG,sensor,quadratic,1e-05,1,20833053,0.005,20.0,198.0,15000.0,0.0005,8,0.00020397754883543767,0.000307684947253198,3.3504244062965915e-06,0.31012035322174175,0.4125530800085482,1.0136352970864604e-05,1.789823112497203e-08,1.5073398838138795e-07,1.7855475791608083e-08,8.670083591771648e-11,9.6825,12,1.57975,2,1.8596527086507724,3.333333750000001e-06,1e-05,"[0.0, -1.5707963267948966, 1.5707963267948966, 0.0, 1.5707963267948966, 0.0]","[7.821478302119547e-06, -1.5707916599409808, 1.5707964235415175, 2.0049387679149563e-06, 1.5707938692488452, 3.1180011677775137e-06]","[7.821478302119547e-06, 4.66685391575794e-06, 9.674662093672737e-08, 2.0049387679149563e-06, -2.4575460513265313e-06, 3.1180011677775137e-06]",4000,1.8485693999973591,C:\Users\lyx\Desktop\sci\code\project_method3_tvqp_elncp_pcg_noise_robustness\results\offline_20s_full\representative\sensor_quadratic_1e-05_trial1
Method3 TVQP ELNCP PCG noise robustness offline sensor quadratic level=1e-05 trial=2,ok,Method 3: continuous TVQP + ELNCP + PCG,sensor,quadratic,1e-05,2,20543215,0.005,20.0,198.0,15000.0,0.0005,8,0.00020407908876498413,0.00030770924306533205,3.93318122158566e-06,0.31011950931036814,0.4125530800082018,1.0292618949579052e-05,1.9519265901229724e-08,1.6184340242342857e-07,1.9478609301669308e-08,8.670083767064853e-11,9.58175,12,1.54625,2,1.8596538139298642,3.3333337500000006e-06,1e-05,"[0.0, -1.5707963267948966, 1.5707963267948966, 0.0, 1.5707963267948966, 0.0]","[6.853970051362648e-06, -1.57079534679464, 1.5708030715315477, 3.039437015751325e-06, 1.5707981011802452, 3.5015088378436465e-07]","[6.853970051362648e-06, 9.800002565008015e-07, 6.744736651187466e-06, 3.039437015751325e-06, 1.774385348651819e-06, 3.5015088378436465e-07]",4000,1.95540209999308,C:\Users\lyx\Desktop\sci\code\project_method3_tvqp_elncp_pcg_noise_robustness\results\offline_20s_full\representative\sensor_quadratic_1e-05_trial2
Method3 TVQP ELNCP PCG noise robustness offline sensor quadratic level=1e-05 trial=3,ok,Method 3: continuous TVQP + ELNCP + PCG,sensor,quadratic,1e-05,3,20530994,0.005,20.0,198.0,15000.0,0.0005,8,0.00020437472095509665,0.000307495547751511,2.7486148695826764e-06,0.31012043628360403,0.41255308001372626,1.0169321527123631e-05,1.8166054213728534e-08,1.7977793754775198e-07,1.812405376738172e-08,8.670083670012845e-11,9.71125,13,1.5835,2,1.8596583115641188,3.3333337500000006e-06,1e-05,"[0.0, -1.5707963267948966, 1.5707963267948966, 0.0, 1.5707963267948966, 0.0]","[-2.0968746681636635e-06, -1.5707912632632186, 1.5707989541851437, -2.593899662305752e-06, 1.570792525480526, -6.7303326798386035e-06]","[-2.0968746681636635e-06, 5.063531677951261e-06, 2.6273902471452004e-06, -2.593899662305752e-06, -3.801314370610598e-06, -6.7303326798386035e-06]",4000,1.929793499992229,C:\Users\lyx\Desktop\sci\code\project_method3_tvqp_elncp_pcg_noise_robustness\results\offline_20s_full\representative\sensor_quadratic_1e-05_trial3
Method3 TVQP ELNCP PCG noise robustness offline sensor quadratic level=1e-05 trial=4,ok,Method 3: continuous TVQP + ELNCP + PCG,sensor,quadratic,1e-05,4,20988449,0.005,20.0,198.0,15000.0,0.0005,8,0.00020395586880916322,0.00030768537181481367,2.963821466262128e-06,0.3101213094753602,0.4125530800377539,9.887121508056248e-06,1.9490223333283813e-08,1.6696105366371915e-07,1.9449520803388358e-08,8.67008379421456e-11,9.56925,12,1.54775,2,1.859651435264702,3.3333337500000014e-06,1e-05,"[0.0, -1.5707963267948966, 1.5707963267948966, 0.0, 1.5707963267948966, 0.0]","[8.57966241875955e-06, -1.57079582050284, 1.5707940064973158, -1.961306224865403e-06, 1.570793642274239, -2.729666411311646e-06]","[8.57966241875955e-06, 5.062920565013229e-07, -2.320297580737929e-06, -1.961306224865403e-06, -2.684520657547651e-06, -2.729666411311646e-06]",4000,1.9619721999915782,C:\Users\lyx\Desktop\sci\code\project_method3_tvqp_elncp_pcg_noise_robustness\results\offline_20s_full\representative\sensor_quadratic_1e-05_trial4
Method3 TVQP ELNCP PCG noise robustness offline sensor quadratic level=5e-05 trial=0,ok,Method 3: continuous TVQP + ELNCP + PCG,sensor,quadratic,5e-05,0,21089747,0.005,20.0,198.0,15000.0,0.0005,8,0.00020452532968813134,0.00030802211294514995,1.0981301503341638e-05,0.31011551421616673,0.4125530800211692,5.01993962525868e-05,1.8177011989617935e-08,1.6512870860733212e-07,1.8135637288232307e-08,8.670084576635912e-11,9.68425,13,1.57575,2,1.8596565879873084,1.6666668750000004e-05,5.000000000000001e-05,"[0.0, -1.5707963267948966, 1.5707963267948966, 0.0, 1.5707963267948966, 0.0]","[-9.714978888143269e-06, -1.570802383783917, 1.5708329267270866, 7.381293371899758e-06, 1.5707710788075868, 1.890534479933644e-05]","[-9.714978888143269e-06, -6.0569890203421295e-06, 3.65999321900734e-05, 7.381293371899758e-06, -2.5247987309739983e-05, 1.890534479933644e-05]",4000,1.857085299998289,C:\Users\lyx\Desktop\sci\code\project_method3_tvqp_elncp_pcg_noise_robustness\results\offline_20s_full\representative\sensor_quadratic_5e-05_trial0
Method3 TVQP ELNCP PCG noise robustness offline sensor quadratic level=5e-05 trial=1,ok,Method 3: continuous TVQP + ELNCP + PCG,sensor,quadratic,5e-05,1,20429696,0.005,20.0,198.0,15000.0,0.0005,8,0.000203715988461586,0.00030841211734591016,1.019303974842376e-05,0.3101264590134764,0.41255308000997815,4.973559308904359e-05,1.8748498060469454e-08,1.545651221804316e-07,1.8706249816465165e-08,8.670085230589141e-11,9.65175,13,1.5725,2,1.8596456116027589,1.6666668750000004e-05,5.000000000000001e-05,"[0.0, -1.5707963267948966, 1.5707963267948966, 0.0, 1.5707963267948966, 0.0]","[2.163344029831887e-05, -1.5707855159500963, 1.5707582520120624, -6.0793999909685745e-06, 1.5708137277954786, 9.965244709057214e-06]","[2.163344029831887e-05, 1.0810844800257513e-05, -3.8074782834129905e-05, -6.0793999909685745e-06, 1.7401000582006887e-05, 9.965244709057214e-06]",4000,1.9238467999966815,C:\Users\lyx\Desktop\sci\code\project_method3_tvqp_elncp_pcg_noise_robustness\results\offline_20s_full\representative\sensor_quadratic_5e-05_trial1
Method3 TVQP ELNCP PCG noise robustness offline sensor quadratic level=5e-05 trial=2,ok,Method 3: continuous TVQP + ELNCP + PCG,sensor,quadratic,5e-05,2,20916818,0.005,20.0,198.0,15000.0,0.0005,8,0.00020383382293481732,0.0003087252364893933,1.6877852620042044e-05,0.3101137230476534,0.4125530800113928,5.0309020932544796e-05,1.7269707138751737e-08,1.541432034998983e-07,1.7226291660973632e-08,8.670085512058383e-11,9.722,13,1.59325,2,1.8596449438397986,1.6666668750000004e-05,5e-05,"[0.0, -1.5707963267948966, 1.5707963267948966, 0.0, 1.5707963267948966, 0.0]","[2.1619326273584638e-05, -1.5707812060577964, 1.570823937977981, 2.229775573193363e-05, 1.5708166202630185, -1.2789583175347181e-05]","[2.1619326273584638e-05, 1.5120737100193793e-05, 2.7611183084363944e-05, 2.229775573193363e-05, 2.0293468121934666e-05, -1.2789583175347181e-05]",4000,1.9126714000012726,C:\Users\lyx\Desktop\sci\code\project_method3_tvqp_elncp_pcg_noise_robustness\results\offline_20s_full\representative\sensor_quadratic_5e-05_trial2
Method3 TVQP ELNCP PCG noise robustness offline sensor quadratic level=5e-05 trial=3,ok,Method 3: continuous TVQP + ELNCP + PCG,sensor,quadratic,5e-05,3,21157391,0.005,20.0,198.0,15000.0,0.0005,8,0.00020514281962432813,0.0003071579077836028,7.960867313435777e-06,0.3101235738948336,0.41255308000967106,4.988606868766794e-05,1.727096335455523e-08,1.648706295170364e-07,1.7227732179568087e-08,8.670084492991373e-11,9.7675,14,1.60025,2,1.8596467485861177,1.6666668750000004e-05,5e-05,"[0.0, -1.5707963267948966, 1.5707963267948966, 0.0, 1.5707963267948966, 0.0]","[-2.0756710120194332e-05, -1.5707943783231662, 1.5708009950399813, -4.0911046336652284e-05, 1.5707808135401236, 1.0854261551573639e-05]","[-2.0756710120194332e-05, 1.9484717304063537e-06, 4.66824508471575e-06, -4.0911046336652284e-05, -1.5513254773003027e-05, 1.0854261551573639e-05]",4000,1.84538889999385,C:\Users\lyx\Desktop\sci\code\project_method3_tvqp_elncp_pcg_noise_robustness\results\offline_20s_full\representative\sensor_quadratic_5e-05_trial3
Method3 TVQP ELNCP PCG noise robustness offline sensor quadratic level=5e-05 trial=4,ok,Method 3: continuous TVQP + ELNCP + PCG,sensor,quadratic,5e-05,4,20853757,0.005,20.0,198.0,15000.0,0.0005,8,0.00020421330247016124,0.0003081953974937361,9.40324903874553e-06,0.3101260900943862,0.4125530800134094,4.973446582509976e-05,1.8878616275627615e-08,1.5146266621474097e-07,1.8836146691099774e-08,8.670084297733782e-11,9.67475,13,1.578,2,1.8596540095886192,1.6666668750000004e-05,5e-05,"[0.0, -1.5707963267948966, 1.5707963267948966, 0.0, 1.5707963267948966, 0.0]","[1.5098592820458489e-05, -1.5707968692311098, 1.5707682047415665, -9.668514519271689e-06, 1.5708320129424216, -9.350089145047459e-06]","[1.5098592820458489e-05, -5.424362132799843e-07, -2.8122053330026375e-05, -9.668514519271689e-06, 3.568614752502697e-05, -9.350089145047459e-06]",4000,1.8827201999956742,C:\Users\lyx\Desktop\sci\code\project_method3_tvqp_elncp_pcg_noise_robustness\results\offline_20s_full\representative\sensor_quadratic_5e-05_trial4
Method3 TVQP ELNCP PCG noise robustness offline sensor quadratic level=0.0001 trial=0,ok,Method 3: continuous TVQP + ELNCP + PCG,sensor,quadratic,0.0001,0,21095588,0.005,20.0,198.0,15000.0,0.0005,8,0.0002046257235503544,0.0003092452621768282,2.5644770554944637e-05,0.3101270409431843,0.4125530800104038,9.973344343026351e-05,1.606365246665252e-08,1.710545183398056e-07,1.6022397914244085e-08,8.670089625635732e-11,9.89875,14,1.62175,2,1.8596363500596589,3.333333750000001e-05,0.00010000000000000003,"[0.0, -1.5707963267948966, 1.5707963267948966, 0.0, 1.5707963267948966, 0.0]","[2.7104675124373463e-05, -1.5708653806864197, 1.570797354895922, -1.5718420995974807e-05, 1.570857290849095, 2.18841206298083e-05]","[2.7104675124373463e-05, -6.90538915231187e-05, 1.0281010254242773e-06, -1.5718420995974807e-05, 6.0964054198420214e-05, 2.18841206298083e-05]",4000,1.9819774000206962,C:\Users\lyx\Desktop\sci\code\project_method3_tvqp_elncp_pcg_noise_robustness\results\offline_20s_full\representative\sensor_quadratic_0.0001_trial0
Method3 TVQP ELNCP PCG noise robustness offline sensor quadratic level=0.0001 trial=1,ok,Method 3: continuous TVQP + ELNCP + PCG,sensor,quadratic,0.0001,1,20912552,0.005,20.0,198.0,15000.0,0.0005,8,0.00020475061162111605,0.00030725581471913806,1.143716653763058e-05,0.310125529118593,0.4125530800101569,9.987998564358278e-05,1.680676874206776e-08,1.6168687687787613e-07,1.6765863783331085e-08,8.670086503274252e-11,9.8465,14,1.60825,2,1.8596458454534313,3.3333337499999994e-05,0.0001,"[0.0, -1.5707963267948966, 1.5707963267948966, 0.0, 1.5707963267948966, 0.0]","[7.827303266531062e-06, -1.570764230979822, 1.5707897144342766, -7.75858081826635e-05, 1.5708424073491354, 2.6417893314046526e-05]","[7.827303266531062e-06, 3.209581507457315e-05, -6.61236061993975e-06, -7.75858081826635e-05, 4.60805542388254e-05, 2.6417893314046526e-05]",4000,1.900660000013886,C:\Users\lyx\Desktop\sci\code\project_method3_tvqp_elncp_pcg_noise_robustness\results\offline_20s_full\representative\sensor_quadratic_0.0001_trial1
Method3 TVQP ELNCP PCG noise robustness offline sensor quadratic level=0.0001 trial=2,ok,Method 3: continuous TVQP + ELNCP + PCG,sensor,quadratic,0.0001,2,21161657,0.005,20.0,198.0,15000.0,0.0005,8,0.0002050377426861039,0.00030896422301770674,2.503473825458336e-05,0.3101336230932769,0.41255308001496527,9.963747721788151e-05,1.7620685915590495e-08,1.5834006804546868e-07,1.757759559319622e-08,8.670088314936747e-11,9.70275,13,1.594,2,1.8596568504938324,3.333333750000001e-05,0.00010000000000000002,"[0.0, -1.5707963267948966, 1.5707963267948966, 0.0, 1.5707963267948966, 0.0]","[-1.903963697790438e-05, -1.5708013169587005, 1.5707126582187958, 2.7918777948357246e-05, 1.570756390936473, 1.2862961494907865e-05]","[-1.903963697790438e-05, -4.990163803952896e-06, -8.36685761007594e-05, 2.7918777948357246e-05, -3.993585842354541e-05, 1.2862961494907865e-05]",4000,1.8896684999926947,C:\Users\lyx\Desktop\sci\code\project_method3_tvqp_elncp_pcg_noise_robustness\results\offline_20s_full\representative\sensor_quadratic_0.0001_trial2
Method3 TVQP ELNCP PCG noise robustness offline sensor quadratic level=0.0001 trial=3,ok,Method 3: continuous TVQP + ELNCP + PCG,sensor,quadratic,0.0001,3,21214611,0.005,20.0,198.0,15000.0,0.0005,8,0.00020359441743201306,0.0003101946509686426,3.0113188807755246e-05,0.31013068951089234,0.4125530800184567,9.965176448434083e-05,1.7172937441373805e-08,1.5384279015267882e-07,1.713365936597722e-08,8.670091130613502e-11,9.93225,14,1.61375,2,1.8596181760590313,3.333333750000001e-05,0.0001,"[0.0, -1.5707963267948966, 1.5707963267948966, 0.0, 1.5707963267948966, 0.0]","[3.466506394683799e-05, -1.5708538047095606, 1.5707756681001253, -3.4534089517412585e-05, 1.5707933336184432, -6.161779546970287e-05]","[3.466506394683799e-05, -5.7477914664039176e-05, -2.0658694771302777e-05, -3.4534089517412585e-05, -2.9931764533586147e-06, -6.161779546970287e-05]",4000,1.7884372000116855,C:\Users\lyx\Desktop\sci\code\project_method3_tvqp_elncp_pcg_noise_robustness\results\offline_20s_full\representative\sensor_quadratic_0.0001_trial3
Method3 TVQP ELNCP PCG noise robustness offline sensor quadratic level=0.0001 trial=4,ok,Method 3: continuous TVQP + ELNCP + PCG,sensor,quadratic,0.0001,4,20859598,0.005,20.0,198.0,15000.0,0.0005,8,0.00020318734418793577,0.00030843161498445823,1.5277483950106907e-05,0.31012291378812445,0.4125530800237627,9.994689278825e-05,1.653991991266067e-08,1.4619748734700363e-07,1.649703189907875e-08,8.670090997897068e-11,9.9155,14,1.62225,2,1.859643180107025,3.3333337499999994e-05,9.999999999999999e-05,"[0.0, -1.5707963267948966, 1.5707963267948966, 0.0, 1.5707963267948966, 0.0]","[2.8408458284175972e-05, -1.5707377802243485, 1.570764418767851, -1.5167428759052299e-05, 1.570786875239746, 6.646153002401694e-05]","[2.8408458284175972e-05, 5.8546570548045906e-05, -3.190802704566842e-05, -1.5167428759052299e-05, -9.45155515053031e-06, 6.646153002401694e-05]",4000,1.896844200004125,C:\Users\lyx\Desktop\sci\code\project_method3_tvqp_elncp_pcg_noise_robustness\results\offline_20s_full\representative\sensor_quadratic_0.0001_trial4
Method3 TVQP ELNCP PCG noise robustness offline sensor quadratic level=0.0005 trial=0,ok,Method 3: continuous TVQP + ELNCP + PCG,sensor,quadratic,0.0005,0,20804299,0.005,20.0,198.0,15000.0,0.0005,8,0.00019744586829583132,0.0003182376042930195,0.00011839571934522382,0.3101180730858213,0.4125530800163011,0.0004997255355907567,1.522287937374541e-08,1.4898474719407983e-07,1.5181196178661038e-08,8.670265389437509e-11,10.003,14,1.6395,2,1.859358505435388,0.0001666666875,0.0005,"[0.0, -1.5707963267948966, 1.5707963267948966, 0.0, 1.5707963267948966, 0.0]","[0.00030673496080094436, -1.570567472689672, 1.5706829890257086, 7.92727265554677e-05, 1.5706154062692985, -0.00022672278576052728]","[0.00030673496080094436, 0.00022885410522466287, -0.00011333776918798222, 7.92727265554677e-05, -0.0001809205255980384, -0.00022672278576052728]",4000,1.9451526000048034,C:\Users\lyx\Desktop\sci\code\project_method3_tvqp_elncp_pcg_noise_robustness\results\offline_20s_full\representative\sensor_quadratic_0.0005_trial0
Method3 TVQP ELNCP PCG noise robustness offline sensor quadratic level=0.0005 trial=1,ok,Method 3: continuous TVQP + ELNCP + PCG,sensor,quadratic,0.0005,1,20269910,0.005,20.0,198.0,15000.0,0.0005,8,0.0002258574844458107,0.00037962972050446076,0.00019006050188243335,0.310192579481826,0.412553080014205,0.0004993184820147962,1.5601109472270258e-08,1.682686161558024e-07,1.556184619305253e-08,8.670299655301078e-11,10.07275,14,1.63975,2,1.8594782169965074,0.0001666666875,0.0005,"[0.0, -1.5707963267948966, 1.5707963267948966, 0.0, 1.5707963267948966, 0.0]","[-0.00011898910538930805, -1.5711440000907102, 1.570505570696583, 8.356334523083596e-05, 1.5706993702449699, -0.00011559111000360248]","[-0.00011898910538930805, -0.00034767329581364415, -0.00029075609831363813, 8.356334523083596e-05, -9.695654992669667e-05, -0.00011559111000360248]",4000,1.9561397999932524,C:\Users\lyx\Desktop\sci\code\project_method3_tvqp_elncp_pcg_noise_robustness\results\offline_20s_full\representative\sensor_quadratic_0.0005_trial1
Method3 TVQP ELNCP PCG noise robustness offline sensor quadratic level=0.0005 trial=2,ok,Method 3: continuous TVQP + ELNCP + PCG,sensor,quadratic,0.0005,2,21106358,0.005,20.0,198.0,15000.0,0.0005,8,0.00020262162778302952,0.0003164065485054299,9.545673761168576e-05,0.3101016638681538,0.412553080003935,0.000499723833563559,1.6285543239366072e-08,1.5847507254590261e-07,1.624399851754387e-08,8.670155655025337e-11,9.99575,14,1.633,2,1.8595440546084625,0.0001666666875,0.0005,"[0.0, -1.5707963267948966, 1.5707963267948966, 0.0, 1.5707963267948966, 0.0]","[0.0002070536123290558, -1.5706337918540327, 1.5710012215528844, -0.0003132427680396158, 1.5709923695214008, -4.3582797709016115e-05]","[0.0002070536123290558, 0.00016253494086382325, 0.00020489475798779466, -0.0003132427680396158, 0.00019604272650419752, -4.3582797709016115e-05]",4000,1.8387730999966152,C:\Users\lyx\Desktop\sci\code\project_method3_tvqp_elncp_pcg_noise_robustness\results\offline_20s_full\representative\sensor_quadratic_0.0005_trial2
Method3 TVQP ELNCP PCG noise robustness offline sensor quadratic level=0.0005 trial=3,ok,Method 3: continuous TVQP + ELNCP + PCG,sensor,quadratic,0.0005,3,20967851,0.005,20.0,198.0,15000.0,0.0005,8,0.00020264444884179422,0.00031568882814449884,8.69484240730904e-05,0.3101010773581965,0.4125530799943651,0.000499698567554727,1.537150325667347e-08,1.6280711219902502e-07,1.53307752494298e-08,8.670142496803735e-11,9.9805,14,1.63625,2,1.859566215987682,0.0001666666875,0.0005,"[0.0, -1.5707963267948966, 1.5707963267948966, 0.0, 1.5707963267948966, 0.0]","[9.582664767295688e-05, -1.57070100547481, 1.5710330835144128, -0.0002770131647243099, 1.5706654335177483, -0.0002854937307187107]","[9.582664767295688e-05, 9.532132008649441e-05, 0.00023675671951628452, -0.0002770131647243099, -0.00013089327714821408, -0.0002854937307187107]",4000,1.777491299988469,C:\Users\lyx\Desktop\sci\code\project_method3_tvqp_elncp_pcg_noise_robustness\results\offline_20s_full\representative\sensor_quadratic_0.0005_trial3
Method3 TVQP ELNCP PCG noise robustness offline sensor quadratic level=0.0005 trial=4,ok,Method 3: continuous TVQP + ELNCP + PCG,sensor,quadratic,0.0005,4,20337554,0.005,20.0,198.0,15000.0,0.0005,8,0.00020340840609850137,0.0003143318144903294,7.727003240608327e-05,0.3101656214612142,0.4125530800198056,0.0004994108295376608,1.6723396585350126e-08,1.401673850045202e-07,1.6681614757790445e-08,8.670172528570015e-11,9.92975,14,1.62375,2,1.8595903812988477,0.0001666666875,0.0004999999999999999,"[0.0, -1.5707963267948966, 1.5707963267948966, 0.0, 1.5707963267948966, 0.0]","[5.6612986980984455e-05, -1.5707058118706778, 1.5704686971640311, 7.415963171568522e-05, 1.5706561749929258, -0.0003248535689589793]","[5.6612986980984455e-05, 9.051492421874308e-05, -0.0003276296308654114, 7.415963171568522e-05, -0.00014015180197080035, -0.0003248535689589793]",4000,1.8049046999949496,C:\Users\lyx\Desktop\sci\code\project_method3_tvqp_elncp_pcg_noise_robustness\results\offline_20s_full\representative\sensor_quadratic_0.0005_trial4
Method3 TVQP ELNCP PCG noise robustness offline sensor quadratic level=0.001 trial=0,ok,Method 3: continuous TVQP + ELNCP + PCG,sensor,quadratic,0.001,0,21225998,0.005,20.0,198.0,15000.0,0.0005,8,0.00023724508476509753,0.0004794441284114343,0.0002401821243508067,0.3102220794218596,0.41255308000790514,0.0009989260932972812,1.5915196527963253e-08,1.6419858782405796e-07,1.5876392801034167e-08,8.670440890546466e-11,10.02625,14,1.63275,2,1.7953649602391333,0.000333333375,0.001,"[0.0, -1.5707963267948966, 1.5707963267948966, 0.0, 1.5707963267948966, 0.0]","[-1.9702031424512627e-06, -1.5713538915390122, 1.5707804000113013, -0.0006514248189963515, 1.5712286624019032, -0.0002746797771280877]","[-1.9702031424512627e-06, -0.0005575647441156129, -1.59267835952992e-05, -0.0006514248189963515, 0.00043233560700661755, -0.0002746797771280877]",4000,1.9911242999951355,C:\Users\lyx\Desktop\sci\code\project_method3_tvqp_elncp_pcg_noise_robustness\results\offline_20s_full\representative\sensor_quadratic_0.001_trial0
Method3 TVQP ELNCP PCG noise robustness offline sensor quadratic level=0.001 trial=1,ok,Method 3: continuous TVQP + ELNCP + PCG,sensor,quadratic,0.001,1,20529632,0.005,20.0,198.0,15000.0,0.0005,8,0.00023532462510918262,0.0003546507844306219,0.00017766555963531427,0.31019111248633036,0.41255307998416946,0.0009989726485713504,1.5908804545684916e-08,1.425574071099903e-07,1.5868146299803702e-08,8.670332223804695e-11,10.04375,14,1.6385,2,1.8479554610014994,0.000333333375,0.0009999999999999998,"[0.0, -1.5707963267948966, 1.5707963267948966, 0.0, 1.5707963267948966, 0.0]","[-0.0004029933168545942, -1.5712681569119895, 1.5710357345256731, -0.0007263005929325583, 1.5706638742565415, 0.00010269757544253642]","[-0.0004029933168545942, -0.00047183011709295286, 0.00023940773077657518, -0.0007263005929325583, -0.00013245253835503235, 0.00010269757544253642]",4000,1.9777767999912612,C:\Users\lyx\Desktop\sci\code\project_method3_tvqp_elncp_pcg_noise_robustness\results\offline_20s_full\representative\sensor_quadratic_0.001_trial1
Method3 TVQP ELNCP PCG noise robustness offline sensor quadratic level=0.001 trial=2,ok,Method 3: continuous TVQP + ELNCP + PCG,sensor,quadratic,0.001,2,20544577,0.005,20.0,198.0,15000.0,0.0005,8,0.00023119189282300252,0.0003063959449576059,0.00014783100630599947,0.3100984549304785,0.4125530800283015,0.0009992696989462634,1.611372196511255e-08,1.5578013755725832e-07,1.6071806481560727e-08,8.670428671041263e-11,9.9465,14,1.63,2,1.7846543724674957,0.0003333333749999999,0.0009999999999999998,"[0.0, -1.5707963267948966, 1.5707963267948966, 0.0, 1.5707963267948966, 0.0]","[-0.00012817026481837132, -1.5708227080308048, 1.571047462138564, 0.00013020918392584368, 1.571696499843849, -0.00030179700853829515]","[-0.00012817026481837132, -2.638123590825714e-05, 0.00025113534366738577, 0.00013020918392584368, 0.0009001730489524018, -0.00030179700853829515]",4000,1.9028441999980714,C:\Users\lyx\Desktop\sci\code\project_method3_tvqp_elncp_pcg_noise_robustness\results\offline_20s_full\representative\sensor_quadratic_0.001_trial2
Method3 TVQP ELNCP PCG noise robustness offline sensor quadratic level=0.001 trial=3,ok,Method 3: continuous TVQP + ELNCP + PCG,sensor,quadratic,0.001,3,20831691,0.005,20.0,198.0,15000.0,0.0005,8,0.00019835139639617043,0.0004021631581802359,0.0002019784776054233,0.31014820604655813,0.4125530800158219,0.0009992633614839901,1.5439840973285504e-08,1.4624424421513116e-07,1.539777452406806e-08,8.670707567491966e-11,10.0425,14,1.6455,2,1.7700052865023037,0.000333333375,0.001,"[0.0, -1.5707963267948966, 1.5707963267948966, 0.0, 1.5707963267948966, 0.0]","[0.00042676939686416763, -1.5705175579377753, 1.570522447949371, 8.6204351569414e-05, 1.5700211836248112, -0.00023536211551114975]","[0.00042676939686416763, 0.00027876885712130317, -0.00027387884552565467, 8.6204351569414e-05, -0.0007751431700853129, -0.00023536211551114975]",4000,1.9724985999928322,C:\Users\lyx\Desktop\sci\code\project_method3_tvqp_elncp_pcg_noise_robustness\results\offline_20s_full\representative\sensor_quadratic_0.001_trial3
Method3 TVQP ELNCP PCG noise robustness offline sensor quadratic level=0.001 trial=4,ok,Method 3: continuous TVQP + ELNCP + PCG,sensor,quadratic,0.001,4,20461988,0.005,20.0,198.0,15000.0,0.0005,8,0.00020886582603122812,0.00045147108929923923,0.00022622443595284928,0.3102305681936409,0.4125530800490409,0.000999040328371657,1.6232806838898233e-08,1.5725650591275354e-07,1.61906063325233e-08,8.670652837089813e-11,9.8665,13,1.613,2,1.7398513356792977,0.00033333337499999997,0.0009999999999999998,"[0.0, -1.5707963267948966, 1.5707963267948966, 0.0, 1.5707963267948966, 0.0]","[0.0005100843943328223, -1.5706297367145636, 1.5700043744095675, 0.00010206138514525461, 1.5710293171892846, -0.00013510589425527457]","[0.0005100843943328223, 0.000166590080332929, -0.0007919523853290311, 0.00010206138514525461, 0.00023299039438806624, -0.00013510589425527457]",4000,1.8912469999922905,C:\Users\lyx\Desktop\sci\code\project_method3_tvqp_elncp_pcg_noise_robustness\results\offline_20s_full\representative\sensor_quadratic_0.001_trial4
Method3 TVQP ELNCP PCG noise robustness offline actuator constant level=0 trial=0,ok,Method 3: continuous TVQP + ELNCP + PCG,actuator,constant,0.0,0,20360509,0.005,20.0,198.0,15000.0,0.0005,8,0.00020433668773123088,0.0003074013271522352,6.079975503728618e-07,0.31012090517219704,0.4125530800102486,4.6671803940884594e-07,1.9095206686859357e-08,1.4811182048296623e-07,1.905586282222095e-08,8.670080869261876e-11,9.51525,13,1.5305,2,1.8596598459274203,0.0,0.0,"[0.0, -1.5707963267948966, 1.5707963267948966, 0.0, 1.5707963267948966, 0.0]","[3.733707487205825e-09, -1.5707960593673411, 1.5707966859614881, 1.3078456194913931e-07, 1.570796340544376, -5.16095083272482e-15]","[3.733707487205825e-09, 2.674275554337413e-07, 3.591665915791964e-07, 1.3078456194913931e-07, 1.3749479332858527e-08, -5.16095083272482e-15]",4000,1.9572005000081845,C:\Users\lyx\Desktop\sci\code\project_method3_tvqp_elncp_pcg_noise_robustness\results\offline_20s_full\representative\actuator_baseline_trial0
Method3 TVQP ELNCP PCG noise robustness offline actuator constant level=0 trial=1,ok,Method 3: continuous TVQP + ELNCP + PCG,actuator,constant,0.0,1,20360510,0.005,20.0,198.0,15000.0,0.0005,8,0.00020433668773123088,0.0003074013271522352,6.079975503728618e-07,0.31012090517219704,0.4125530800102486,4.6671803940884594e-07,1.9095206686859357e-08,1.4811182048296623e-07,1.905586282222095e-08,8.670080869261876e-11,9.51525,13,1.5305,2,1.8596598459274203,0.0,0.0,"[0.0, -1.5707963267948966, 1.5707963267948966, 0.0, 1.5707963267948966, 0.0]","[3.733707487205825e-09, -1.5707960593673411, 1.5707966859614881, 1.3078456194913931e-07, 1.570796340544376, -5.16095083272482e-15]","[3.733707487205825e-09, 2.674275554337413e-07, 3.591665915791964e-07, 1.3078456194913931e-07, 1.3749479332858527e-08, -5.16095083272482e-15]",4000,1.870983700006036,C:\Users\lyx\Desktop\sci\code\project_method3_tvqp_elncp_pcg_noise_robustness\results\offline_20s_full\representative\actuator_baseline_trial1
Method3 TVQP ELNCP PCG noise robustness offline actuator constant level=0 trial=2,ok,Method 3: continuous TVQP + ELNCP + PCG,actuator,constant,0.0,2,20360511,0.005,20.0,198.0,15000.0,0.0005,8,0.00020433668773123088,0.0003074013271522352,6.079975503728618e-07,0.31012090517219704,0.4125530800102486,4.6671803940884594e-07,1.9095206686859357e-08,1.4811182048296623e-07,1.905586282222095e-08,8.670080869261876e-11,9.51525,13,1.5305,2,1.8596598459274203,0.0,0.0,"[0.0, -1.5707963267948966, 1.5707963267948966, 0.0, 1.5707963267948966, 0.0]","[3.733707487205825e-09, -1.5707960593673411, 1.5707966859614881, 1.3078456194913931e-07, 1.570796340544376, -5.16095083272482e-15]","[3.733707487205825e-09, 2.674275554337413e-07, 3.591665915791964e-07, 1.3078456194913931e-07, 1.3749479332858527e-08, -5.16095083272482e-15]",4000,2.033206899999641,C:\Users\lyx\Desktop\sci\code\project_method3_tvqp_elncp_pcg_noise_robustness\results\offline_20s_full\representative\actuator_baseline_trial2
Method3 TVQP ELNCP PCG noise robustness offline actuator constant level=0 trial=3,ok,Method 3: continuous TVQP + ELNCP + PCG,actuator,constant,0.0,3,20360512,0.005,20.0,198.0,15000.0,0.0005,8,0.00020433668773123088,0.0003074013271522352,6.079975503728618e-07,0.31012090517219704,0.4125530800102486,4.6671803940884594e-07,1.9095206686859357e-08,1.4811182048296623e-07,1.905586282222095e-08,8.670080869261876e-11,9.51525,13,1.5305,2,1.8596598459274203,0.0,0.0,"[0.0, -1.5707963267948966, 1.5707963267948966, 0.0, 1.5707963267948966, 0.0]","[3.733707487205825e-09, -1.5707960593673411, 1.5707966859614881, 1.3078456194913931e-07, 1.570796340544376, -5.16095083272482e-15]","[3.733707487205825e-09, 2.674275554337413e-07, 3.591665915791964e-07, 1.3078456194913931e-07, 1.3749479332858527e-08, -5.16095083272482e-15]",4000,1.773479800001951,C:\Users\lyx\Desktop\sci\code\project_method3_tvqp_elncp_pcg_noise_robustness\results\offline_20s_full\representative\actuator_baseline_trial3
Method3 TVQP ELNCP PCG noise robustness offline actuator constant level=0 trial=4,ok,Method 3: continuous TVQP + ELNCP + PCG,actuator,constant,0.0,4,20360513,0.005,20.0,198.0,15000.0,0.0005,8,0.00020433668773123088,0.0003074013271522352,6.079975503728618e-07,0.31012090517219704,0.4125530800102486,4.6671803940884594e-07,1.9095206686859357e-08,1.4811182048296623e-07,1.905586282222095e-08,8.670080869261876e-11,9.51525,13,1.5305,2,1.8596598459274203,0.0,0.0,"[0.0, -1.5707963267948966, 1.5707963267948966, 0.0, 1.5707963267948966, 0.0]","[3.733707487205825e-09, -1.5707960593673411, 1.5707966859614881, 1.3078456194913931e-07, 1.570796340544376, -5.16095083272482e-15]","[3.733707487205825e-09, 2.674275554337413e-07, 3.591665915791964e-07, 1.3078456194913931e-07, 1.3749479332858527e-08, -5.16095083272482e-15]",4000,1.7833156999840867,C:\Users\lyx\Desktop\sci\code\project_method3_tvqp_elncp_pcg_noise_robustness\results\offline_20s_full\representative\actuator_baseline_trial4
Method3 TVQP ELNCP PCG noise robustness offline actuator constant level=1e-05 trial=0,ok,Method 3: continuous TVQP + ELNCP + PCG,actuator,constant,1e-05,0,20520769,0.005,20.0,198.0,15000.0,0.0005,8,0.00020433658465818816,0.0003074054517156506,6.079074063291286e-07,0.31012090282617155,0.41255307058007396,4.6920059110948607e-07,1.969858899049356e-08,1.5453374215818297e-07,1.9658460285768512e-08,8.670083723594742e-11,9.5685,13,1.544,2,1.8596524370645025,9.999999999999999e-06,9.999999999999999e-06,"[0.0, -1.5707963267948966, 1.5707963267948966, 0.0, 1.5707963267948966, 0.0]","[2.4719486395499463e-08, -1.5707960685137607, 1.570796702122567, 1.0625239817525938e-07, 1.5707963525056703, 2.7423215614326926e-09]","[2.4719486395499463e-08, 2.5828113581205514e-07, 3.753276704987485e-07, 1.0625239817525938e-07, 2.5710773732257053e-08, 2.7423215614326926e-09]",4000,1.9163871000055224,C:\Users\lyx\Desktop\sci\code\project_method3_tvqp_elncp_pcg_noise_robustness\results\offline_20s_full\representative\actuator_constant_1e-05_trial0
Method3 TVQP ELNCP PCG noise robustness offline actuator constant level=1e-05 trial=1,ok,Method 3: continuous TVQP + ELNCP + PCG,actuator,constant,1e-05,1,20553440,0.005,20.0,198.0,15000.0,0.0005,8,0.00020433651901109634,0.00030740508819475035,6.12402661983045e-07,0.31012090750531934,0.41255308566362126,4.7670341958940257e-07,2.0553794619156207e-08,1.6515740435926975e-07,2.0514754269338865e-08,8.670083793239534e-11,9.51125,13,1.5275,2,1.8596587622950886,1.0000000000000003e-05,1e-05,"[0.0, -1.5707963267948966, 1.5707963267948966, 0.0, 1.5707963267948966, 0.0]","[3.4653596163284448e-09, -1.5707960545890554, 1.5707967034938983, 1.0462029514457513e-07, 1.5707963167892964, -1.3800921090834733e-08]","[3.4653596163284448e-09, 2.7220584120080105e-07, 3.766990017695093e-07, 1.0462029514457513e-07, -1.0005600126206105e-08, -1.3800921090834733e-08]",4000,1.838842700002715,C:\Users\lyx\Desktop\sci\code\project_method3_tvqp_elncp_pcg_noise_robustness\results\offline_20s_full\representative\actuator_constant_1e-05_trial1
Method3 TVQP ELNCP PCG noise robustness offline actuator constant level=1e-05 trial=2,ok,Method 3: continuous TVQP + ELNCP + PCG,actuator,constant,1e-05,2,20454700,0.005,20.0,198.0,15000.0,0.0005,8,0.0002043368147118834,0.0003074011261595472,6.116746642171294e-07,0.3101209036394266,0.412553073605445,4.781336344290895e-07,1.9164831957165507e-08,1.709046095559553e-07,1.912519363518684e-08,8.670083907643247e-11,9.548,13,1.5365,2,1.8596644141156722,1.0000000000000003e-05,1e-05,"[0.0, -1.5707963267948966, 1.5707963267948966, 0.0, 1.5707963267948966, 0.0]","[-1.1040112875572478e-08, -1.570796066266633, 1.5707967072137576, 1.2302526236939046e-07, 1.5707963228336432, 2.730376451736945e-08]","[-1.1040112875572478e-08, 2.6052826362921166e-07, 3.804188610789794e-07, 1.2302526236939046e-07, -3.961253325357461e-09, 2.730376451736945e-08]",4000,1.7384702000126708,C:\Users\lyx\Desktop\sci\code\project_method3_tvqp_elncp_pcg_noise_robustness\results\offline_20s_full\representative\actuator_constant_1e-05_trial2
Method3 TVQP ELNCP PCG noise robustness offline actuator constant level=1e-05 trial=3,ok,Method 3: continuous TVQP + ELNCP + PCG,actuator,constant,1e-05,3,20619509,0.005,20.0,198.0,15000.0,0.0005,8,0.00020433695382454642,0.00030740911458575866,5.979653248318834e-07,0.31012090248587165,0.41255305743823656,4.456027242801245e-07,1.9240115161162116e-08,1.4055937662285813e-07,1.919964457087162e-08,8.670083506981564e-11,9.5655,13,1.545,2,1.859658348567474,1.0000000000000003e-05,1.0000000000000003e-05,"[0.0, -1.5707963267948966, 1.5707963267948966, 0.0, 1.5707963267948966, 0.0]","[7.776302208425996e-09, -1.5707960821350868, 1.5707966809101734, 1.1402858886615666e-07, 1.5707963423317335, 1.1631016786276094e-09]","[7.776302208425996e-09, 2.446598097449737e-07, 3.5411527687934097e-07, 1.1402858886615666e-07, 1.553683692812058e-08, 1.1631016786276094e-09]",4000,1.7859211000031792,C:\Users\lyx\Desktop\sci\code\project_method3_tvqp_elncp_pcg_noise_robustness\results\offline_20s_full\representative\actuator_constant_1e-05_trial3
Method3 TVQP ELNCP PCG noise robustness offline actuator constant level=1e-05 trial=4,ok,Method 3: continuous TVQP + ELNCP + PCG,actuator,constant,1e-05,4,20756759,0.005,20.0,198.0,15000.0,0.0005,8,0.00020433703604319088,0.0003073972583820629,6.074016951289255e-07,0.31012090227985845,0.41255306711670614,4.685435226866351e-07,1.9309727219442786e-08,1.4750112023862178e-07,1.9269718244748578e-08,8.670083554028508e-11,9.566,13,1.5435,2,1.8596672651960906,1.0000000000000003e-05,1e-05,"[0.0, -1.5707963267948966, 1.5707963267948966, 0.0, 1.5707963267948966, 0.0]","[-1.6003648890462334e-08, -1.5707960721626082, 1.570796694852387, 1.368471556866299e-07, 1.5707963418205897, -4.48127432031239e-09]","[-1.6003648890462334e-08, 2.5463228836564156e-07, 3.680574904851852e-07, 1.368471556866299e-07, 1.502569313416302e-08, -4.48127432031239e-09]",4000,1.8107644999981858,C:\Users\lyx\Desktop\sci\code\project_method3_tvqp_elncp_pcg_noise_robustness\results\offline_20s_full\representative\actuator_constant_1e-05_trial4
Method3 TVQP ELNCP PCG noise robustness offline actuator constant level=5e-05 trial=0,ok,Method 3: continuous TVQP + ELNCP + PCG,actuator,constant,5e-05,0,20894372,0.005,20.0,198.0,15000.0,0.0005,8,0.00020433717575454874,0.00030739167306592977,6.202391823064165e-07,0.3101209079551918,0.412553103926631,5.389838925798629e-07,1.960125395352909e-08,1.5278366438739917e-07,1.9561428132667465e-08,8.670083259126208e-11,9.54325,13,1.53725,2,1.8596838607826254,5.0000000000000016e-05,4.9999999999999996e-05,"[0.0, -1.5707963267948966, 1.5707963267948966, 0.0, 1.5707963267948966, 0.0]","[-5.2568156681799585e-08, -1.570796033679928, 1.570796681575641, 1.8827860484359506e-07, 1.570796390440382, -1.9093161908866198e-07]","[-5.2568156681799585e-08, 2.93114968519248e-07, 3.547807443382567e-07, 1.8827860484359506e-07, 6.364548554849137e-08, -1.9093161908866198e-07]",4000,1.930200299975695,C:\Users\lyx\Desktop\sci\code\project_method3_tvqp_elncp_pcg_noise_robustness\results\offline_20s_full\representative\actuator_constant_5e-05_trial0
Method3 TVQP ELNCP PCG noise robustness offline actuator constant level=5e-05 trial=1,ok,Method 3: continuous TVQP + ELNCP + PCG,actuator,constant,5e-05,1,21198006,0.005,20.0,198.0,15000.0,0.0005,8,0.00020433578598998814,0.00030742121731315905,6.417086673989389e-07,0.3101209093744242,0.4125531495950354,5.784832170048683e-07,1.9497028945133257e-08,1.6205507846022164e-07,1.9457082267848755e-08,8.670079491324325e-11,9.561,13,1.54025,2,1.8596515553076205,5.0000000000000016e-05,5e-05,"[0.0, -1.5707963267948966, 1.5707963267948966, 0.0, 1.5707963267948966, 0.0]","[4.564605030503852e-08, -1.5707959847951711, 1.5707967082158327, 1.7583684015008216e-07, 1.570796483342173, 1.2119357896060768e-07]","[4.564605030503852e-08, 3.4199972542836576e-07, 3.8142093616855277e-07, 1.7583684015008216e-07, 1.5654727647529398e-07, 1.2119357896060768e-07]",4000,1.937735999992583,C:\Users\lyx\Desktop\sci\code\project_method3_tvqp_elncp_pcg_noise_robustness\results\offline_20s_full\representative\actuator_constant_5e-05_trial1
Method3 TVQP ELNCP PCG noise robustness offline actuator constant level=5e-05 trial=2,ok,Method 3: continuous TVQP + ELNCP + PCG,actuator,constant,5e-05,2,20876203,0.005,20.0,198.0,15000.0,0.0005,8,0.00020433800228674648,0.00030740453146382293,5.935396445598421e-07,0.31012087804338934,0.4125529925475213,4.715331181258283e-07,1.9922736242389365e-08,1.510641845122516e-07,1.9882833483078937e-08,8.670083720381642e-11,9.5615,13,1.53925,2,1.8596677603758076,5.0000000000000016e-05,5e-05,"[0.0, -1.5707963267948966, 1.5707963267948966, 0.0, 1.5707963267948966, 0.0]","[-1.1332528265720492e-08, -1.5707961438016413, 1.5707966958591577, 2.163057967627211e-07, 1.5707964024914498, -1.3889174768073214e-09]","[-1.1332528265720492e-08, 1.8299325521553556e-07, 3.6906426115201896e-07, 2.163057967627211e-07, 7.56965532477949e-08, -1.3889174768073214e-09]",4000,1.803304000000935,C:\Users\lyx\Desktop\sci\code\project_method3_tvqp_elncp_pcg_noise_robustness\results\offline_20s_full\representative\actuator_constant_5e-05_trial2
Method3 TVQP ELNCP PCG noise robustness offline actuator constant level=5e-05 trial=3,ok,Method 3: continuous TVQP + ELNCP + PCG,actuator,constant,5e-05,3,21245906,0.005,20.0,198.0,15000.0,0.0005,8,0.00020433665820240719,0.0003074172407971181,6.143750612605501e-07,0.3101208905404028,0.41255301881176654,5.337822750939778e-07,1.9996053853607256e-08,1.7251687263352775e-07,1.9956354403111e-08,8.67008864587885e-11,9.55725,13,1.53675,2,1.8596379012487037,5.0000000000000016e-05,5e-05,"[0.0, -1.5707963267948966, 1.5707963267948966, 0.0, 1.5707963267948966, 0.0]","[6.663315727823825e-08, -1.5707961194981779, 1.5707968056562072, -1.648574362389739e-09, 1.5707963882322697, 6.652959164797539e-08]","[6.663315727823825e-08, 2.0729671867947275e-07, 4.788613106043726e-07, -1.648574362389739e-09, 6.143737318886622e-08, 6.652959164797539e-08]",4000,1.8073392999940552,C:\Users\lyx\Desktop\sci\code\project_method3_tvqp_elncp_pcg_noise_robustness\results\offline_20s_full\representative\actuator_constant_5e-05_trial3
Method3 TVQP ELNCP PCG noise robustness offline actuator constant level=5e-05 trial=4,ok,Method 3: continuous TVQP + ELNCP + PCG,actuator,constant,5e-05,4,21130362,0.005,20.0,198.0,15000.0,0.0005,8,0.00020433571191413397,0.0003074383479072857,6.487470437418232e-07,0.31012089269035603,0.41255308501122756,5.766800764430696e-07,1.9479087111379462e-08,1.4402437537366546e-07,1.9439238311688265e-08,8.670083467955909e-11,9.53725,12,1.5375,2,1.8596444013906082,5.0000000000000016e-05,5.000000000000001e-05,"[0.0, -1.5707963267948966, 1.5707963267948966, 0.0, 1.5707963267948966, 0.0]","[3.302400306135032e-08, -1.570796054968305, 1.570796815176535, 1.2693771613617222e-07, 1.5707962725023088, -1.4616129767387293e-09]","[3.302400306135032e-08, 2.7182659145807975e-07, 4.88381638463764e-07, 1.2693771613617222e-07, -5.429258775890844e-08, -1.4616129767387293e-09]",4000,1.824172599997837,C:\Users\lyx\Desktop\sci\code\project_method3_tvqp_elncp_pcg_noise_robustness\results\offline_20s_full\representative\actuator_constant_5e-05_trial4
Method3 TVQP ELNCP PCG noise robustness offline actuator constant level=0.0001 trial=0,ok,Method 3: continuous TVQP + ELNCP + PCG,actuator,constant,0.0001,0,21193740,0.005,20.0,198.0,15000.0,0.0005,8,0.00020433537147617658,0.00030743493316395224,5.927514456712564e-07,0.31012090012964405,0.4125531287873043,6.368791931564437e-07,1.9084369984055263e-08,1.497824838402396e-07,1.9044291104504554e-08,8.670082596383231e-11,9.567,13,1.5445,2,1.8596030908220256,0.00010000000000000003,0.00010000000000000002,"[0.0, -1.5707963267948966, 1.5707963267948966, 0.0, 1.5707963267948966, 0.0]","[1.9815267628880415e-07, -1.5707959997040146, 1.5707965233692205, 2.9615409733186645e-07, 1.5707966602373902, 1.4774832576403907e-07]","[1.9815267628880415e-07, 3.270908819352769e-07, 1.9657432392961027e-07, 2.9615409733186645e-07, 3.334424936163316e-07, 1.4774832576403907e-07]",4000,1.9260262999741826,C:\Users\lyx\Desktop\sci\code\project_method3_tvqp_elncp_pcg_noise_robustness\results\offline_20s_full\representative\actuator_constant_0.0001_trial0
Method3 TVQP ELNCP PCG noise robustness offline actuator constant level=0.0001 trial=1,ok,Method 3: continuous TVQP + ELNCP + PCG,actuator,constant,0.0001,1,21192165,0.005,20.0,198.0,15000.0,0.0005,8,0.0002043366497415553,0.00030742078621653473,6.2698292832462e-07,0.3101208799587113,0.4125530228302774,7.00194859383941e-07,1.980153029501865e-08,1.5340454513123132e-07,1.976179781735776e-08,8.670083429602232e-11,9.56225,13,1.5385,2,1.8596623077047598,0.00010000000000000003,0.0001,"[0.0, -1.5707963267948966, 1.5707963267948966, 0.0, 1.5707963267948966, 0.0]","[-4.101328089342159e-08, -1.5707961217526814, 1.5707967852336882, 2.1075307868191552e-07, 1.5707960898717193, -3.6855510324312496e-07]","[-4.101328089342159e-08, 2.0504221520667443e-07, 4.5843879159512824e-07, 2.1075307868191552e-07, -2.3692317729917534e-07, -3.6855510324312496e-07]",4000,1.8197434000030626,C:\Users\lyx\Desktop\sci\code\project_method3_tvqp_elncp_pcg_noise_robustness\results\offline_20s_full\representative\actuator_constant_0.0001_trial1
Method3 TVQP ELNCP PCG noise robustness offline actuator constant level=0.0001 trial=2,ok,Method 3: continuous TVQP + ELNCP + PCG,actuator,constant,0.0001,2,20393347,0.005,20.0,198.0,15000.0,0.0005,8,0.00020433735774040316,0.00030744226972716134,5.680730641991232e-07,0.3101208696641937,0.41255298044868804,5.796799967285906e-07,1.913575471936317e-08,1.7140303236795649e-07,1.9095112471670322e-08,8.670086601035796e-11,9.58125,12,1.54825,2,1.8596492040528982,0.00010000000000000003,0.0001,"[0.0, -1.5707963267948966, 1.5707963267948966, 0.0, 1.5707963267948966, 0.0]","[2.886135670313767e-09, -1.570796161296776, 1.5707965752060118, 3.91935599885078e-07, 1.5707961580945222, -2.546557048160022e-07]","[2.886135670313767e-09, 1.654981205412298e-07, 2.4841111523343784e-07, 3.91935599885078e-07, -1.6870037433669438e-07, -2.546557048160022e-07]",4000,1.873712800006615,C:\Users\lyx\Desktop\sci\code\project_method3_tvqp_elncp_pcg_noise_robustness\results\offline_20s_full\representative\actuator_constant_0.0001_trial2
Method3 TVQP ELNCP PCG noise robustness offline actuator constant level=0.0001 trial=3,ok,Method 3: continuous TVQP + ELNCP + PCG,actuator,constant,0.0001,3,21126096,0.005,20.0,198.0,15000.0,0.0005,8,0.00020433662821232496,0.0003074141294284671,6.310956252801034e-07,0.3101209082025334,0.4125530661646839,7.083202366670501e-07,2.0026028752426467e-08,1.455396682241163e-07,1.9986812260478627e-08,8.670086376209928e-11,9.5315,13,1.5305,2,1.8596850424187203,0.00010000000000000003,0.0001,"[0.0, -1.5707963267948966, 1.5707963267948966, 0.0, 1.5707963267948966, 0.0]","[-1.1526807925654365e-07, -1.570796084365728, 1.5707968100597014, 5.250947345495313e-08, 1.5707959666276088, 2.522624313045469e-07]","[-1.1526807925654365e-07, 2.4242916851768825e-07, 4.832648048402888e-07, 5.250947345495313e-08, -3.601672877717732e-07, 2.522624313045469e-07]",4000,1.9261482000001706,C:\Users\lyx\Desktop\sci\code\project_method3_tvqp_elncp_pcg_noise_robustness\results\offline_20s_full\representative\actuator_constant_0.0001_trial3
Method3 TVQP ELNCP PCG noise robustness offline actuator constant level=0.0001 trial=4,ok,Method 3: continuous TVQP + ELNCP + PCG,actuator,constant,0.0001,4,20948113,0.005,20.0,198.0,15000.0,0.0005,8,0.00020433650882395907,0.0003074149830223112,6.597450098394331e-07,0.31012091767279676,0.4125531435615011,7.179299793843026e-07,1.9175412827933863e-08,1.6074457891831165e-07,1.9135333392356086e-08,8.670085251157635e-11,9.55,12,1.54025,2,1.8596957437273964,0.00010000000000000003,0.0001,"[0.0, -1.5707963267948966, 1.5707963267948966, 0.0, 1.5707963267948966, 0.0]","[-1.0546041341066108e-07, -1.5707959989233649, 1.570796801237397, 1.0316913101317699e-07, 1.5707962334298724, 3.903142729747065e-07]","[-1.0546041341066108e-07, 3.278715317023284e-07, 4.744425003977426e-07, 1.0316913101317699e-07, -9.33650241563555e-08, 3.903142729747065e-07]",4000,1.8234896000067238,C:\Users\lyx\Desktop\sci\code\project_method3_tvqp_elncp_pcg_noise_robustness\results\offline_20s_full\representative\actuator_constant_0.0001_trial4
Method3 TVQP ELNCP PCG noise robustness offline actuator constant level=0.0005 trial=0,ok,Method 3: continuous TVQP + ELNCP + PCG,actuator,constant,0.0005,0,20538486,0.005,20.0,198.0,15000.0,0.0005,8,0.00020433650778733055,0.0003074322928688898,4.926246517238766e-07,0.31012096126422134,0.41255353444111464,2.3764263972604077e-06,1.971113258988366e-08,1.666344278867602e-07,1.967208202160814e-08,8.670082119265414e-11,9.529,13,1.52925,2,1.8597372836753001,0.0005000000000000002,0.0005,"[0.0, -1.5707963267948966, 1.5707963267948966, 0.0, 1.5707963267948966, 0.0]","[-1.6636967202653958e-07, -1.5707955891327652, 1.5707952599030535, 1.94764264918645e-06, 1.570796528406132, -3.2149797774456296e-07]","[-1.6636967202653958e-07, 7.376621313781584e-07, -1.0668918430933871e-06, 1.94764264918645e-06, 2.0161123548412263e-07, -3.2149797774456296e-07]",4000,1.9313934999809135,C:\Users\lyx\Desktop\sci\code\project_method3_tvqp_elncp_pcg_noise_robustness\results\offline_20s_full\representative\actuator_constant_0.0005_trial0
Method3 TVQP ELNCP PCG noise robustness offline actuator constant level=0.0005 trial=1,ok,Method 3: continuous TVQP + ELNCP + PCG,actuator,constant,0.0005,1,20842120,0.005,20.0,198.0,15000.0,0.0005,8,0.00020432976235456237,0.00030771671552588364,6.425382594827652e-07,0.3101207808454808,0.41255265691495646,1.6699213536812247e-06,2.082909733729433e-08,1.447545678527342e-07,2.0789875917395494e-08,8.670087759519443e-11,9.53625,13,1.53125,2,1.8593187235144253,0.0005000000000000002,0.0005,"[0.0, -1.5707963267948966, 1.5707963267948966, 0.0, 1.5707963267948966, 0.0]","[6.909806908679443e-07, -1.5707965172515121, 1.5707969104837172, -4.8537920573433955e-08, 1.5707949373358097, -3.555512205454436e-08]","[6.909806908679443e-07, -1.9045661558969584e-07, 5.836888206101065e-07, -4.8537920573433955e-08, -1.389459086897915e-06, -3.555512205454436e-08]",4000,1.7423475999967195,C:\Users\lyx\Desktop\sci\code\project_method3_tvqp_elncp_pcg_noise_robustness\results\offline_20s_full\representative\actuator_constant_0.0005_trial1
Method3 TVQP ELNCP PCG noise robustness offline actuator constant level=0.0005 trial=2,ok,Method 3: continuous TVQP + ELNCP + PCG,actuator,constant,0.0005,2,20840545,0.005,20.0,198.0,15000.0,0.0005,8,0.00020433961149838304,0.0003074636564858314,7.400344300358831e-07,0.31012093491977893,0.41255278290766295,2.5352698125206524e-06,1.9135011323353907e-08,1.5205573989507253e-07,1.9095137546064288e-08,8.670083467117187e-11,9.559,12,1.541,2,1.859737458579911,0.0005000000000000002,0.0005,"[0.0, -1.5707963267948966, 1.5707963267948966, 0.0, 1.5707963267948966, 0.0]","[-2.697045440323387e-07, -1.5707963859475589, 1.5707980137275548, -1.7735298287329008e-06, 1.5707958466904022, 3.601434039588045e-07]","[-2.697045440323387e-07, -5.915266232392469e-08, 1.6869326582291677e-06, -1.7735298287329008e-06, -4.801044943825161e-07, 3.601434039588045e-07]",4000,1.8782795000006445,C:\Users\lyx\Desktop\sci\code\project_method3_tvqp_elncp_pcg_noise_robustness\results\offline_20s_full\representative\actuator_constant_0.0005_trial2
Method3 TVQP ELNCP PCG noise robustness offline actuator constant level=0.0005 trial=3,ok,Method 3: continuous TVQP + ELNCP + PCG,actuator,constant,0.0005,3,21144179,0.005,20.0,198.0,15000.0,0.0005,8,0.00020434294815728442,0.00030734467802026057,7.858684051657017e-07,0.31012101530596337,0.41255308826204207,2.258410703316698e-06,1.937729685051135e-08,1.64427937514235e-07,1.9338021448394755e-08,8.670083493227894e-11,9.54375,13,1.533,2,1.8599382573982917,0.0005000000000000002,0.0005,"[0.0, -1.5707963267948966, 1.5707963267948966, 0.0, 1.5707963267948966, 0.0]","[-7.946890900877283e-07, -1.570796081231091, 1.5707975702551389, -1.2091980708754467e-06, 1.5707958213933504, -1.0699544385827765e-06]","[-7.946890900877283e-07, 2.4556380551210566e-07, 1.2434602423283536e-06, -1.2091980708754467e-06, -5.054015461691819e-07, -1.0699544385827765e-06]",4000,1.9093747999868356,C:\Users\lyx\Desktop\sci\code\project_method3_tvqp_elncp_pcg_noise_robustness\results\offline_20s_full\representative\actuator_constant_0.0005_trial3
Method3 TVQP ELNCP PCG noise robustness offline actuator constant level=0.0005 trial=4,ok,Method 3: continuous TVQP + ELNCP + PCG,actuator,constant,0.0005,4,20774476,0.005,20.0,198.0,15000.0,0.0005,8,0.0002043328697685358,0.00030737712881438267,6.45454089354881e-07,0.31012109891134104,0.41255369565140954,2.3215816799595605e-06,1.9747310298325687e-08,1.4281492252230794e-07,1.9707400959259334e-08,8.670083586768412e-11,9.5675,13,1.53975,2,1.8595973413191487,0.0005000000000000002,0.0005,"[0.0, -1.5707963267948966, 1.5707963267948966, 0.0, 1.5707963267948966, 0.0]","[4.599615844365314e-07, -1.570795400163021, 1.570796291751207, -5.024121020533406e-07, 1.5707982670907887, 5.48758667626624e-07]","[4.599615844365314e-07, 9.266318754530545e-07, -3.504368950579817e-08, -5.024121020533406e-07, 1.9402958921777014e-06, 5.48758667626624e-07]",4000,1.9201816999993753,C:\Users\lyx\Desktop\sci\code\project_method3_tvqp_elncp_pcg_noise_robustness\results\offline_20s_full\representative\actuator_constant_0.0005_trial4
Method3 TVQP ELNCP PCG noise robustness offline actuator constant level=0.001 trial=0,ok,Method 3: continuous TVQP + ELNCP + PCG,actuator,constant,0.001,0,20710198,0.005,20.0,198.0,15000.0,0.0005,8,0.00020435000845009965,0.00030794547217754485,1.7824569799294626e-07,0.3101209862537719,0.4125526049510442,3.655159271738073e-06,2.0314402933879667e-08,1.3443822732501184e-07,2.0274694503769338e-08,8.670082514159364e-11,9.55925,13,1.535,2,1.8595565073057791,0.0010000000000000005,0.001,"[0.0, -1.5707963267948966, 1.5707963267948966, 0.0, 1.5707963267948966, 0.0]","[5.181419368334564e-07, -1.5707965071770977, 1.570794631900596, -2.911704075840799e-08, 1.5707979236019838, -2.7633083669678143e-06]","[5.181419368334564e-07, -1.803822011758882e-07, -1.6948943004635453e-06, -2.911704075840799e-08, 1.5968070872229845e-06, -2.7633083669678143e-06]",4000,1.9087379999982659,C:\Users\lyx\Desktop\sci\code\project_method3_tvqp_elncp_pcg_noise_robustness\results\offline_20s_full\representative\actuator_constant_0.001_trial0
Method3 TVQP ELNCP PCG noise robustness offline actuator constant level=0.001 trial=1,ok,Method 3: continuous TVQP + ELNCP + PCG,actuator,constant,0.001,1,21079901,0.005,20.0,198.0,15000.0,0.0005,8,0.00020433723401197252,0.0003078086226259714,1.3290698268952979e-06,0.31012059941604136,0.41255274289132293,3.570283178108172e-06,1.9570485189762573e-08,1.5858463566910003e-07,1.952978808908614e-08,8.670083665267443e-11,9.6095,13,1.5495,2,1.8598380786722508,0.0010000000000000005,0.001,"[0.0, -1.5707963267948966, 1.5707963267948966, 0.0, 1.5707963267948966, 0.0]","[-7.543814399331708e-07, -1.5707964189299581, 1.5707991763330102, 6.810343625555901e-07, 1.5707946099384495, 7.987931029956181e-07]","[-7.543814399331708e-07, -9.213506158012308e-08, 2.8495381136917075e-06, 6.810343625555901e-07, -1.7168564470093628e-06, 7.987931029956181e-07]",4000,1.7837058999866713,C:\Users\lyx\Desktop\sci\code\project_method3_tvqp_elncp_pcg_noise_robustness\results\offline_20s_full\representative\actuator_constant_0.001_trial1
Method3 TVQP ELNCP PCG noise robustness offline actuator constant level=0.001 trial=2,ok,Method 3: continuous TVQP + ELNCP + PCG,actuator,constant,0.001,2,20439542,0.005,20.0,198.0,15000.0,0.0005,8,0.0002043730734768081,0.0003075205374039554,4.326363849772019e-07,0.3101206639616827,0.4125516611984288,3.1560509673125804e-06,1.9737644887223082e-08,1.5403817705518743e-07,1.9696871905762224e-08,8.670086097307229e-11,9.59475,12,1.5495,2,1.8601417907119813,0.0010000000000000005,0.001,"[0.0, -1.5707963267948966, 1.5707963267948966, 0.0, 1.5707963267948966, 0.0]","[-1.2029487066688215e-06, -1.5707974595137466, 1.570795688423925, 1.3147451686731532e-06, 1.5707969488449387, -2.1696777440968064e-06]","[-1.2029487066688215e-06, -1.1327188500498409e-06, -6.383709716395458e-07, 1.3147451686731532e-06, 6.220500421427744e-07, -2.1696777440968064e-06]",4000,1.7502459999814164,C:\Users\lyx\Desktop\sci\code\project_method3_tvqp_elncp_pcg_noise_robustness\results\offline_20s_full\representative\actuator_constant_0.001_trial2
Method3 TVQP ELNCP PCG noise robustness offline actuator constant level=0.001 trial=3,ok,Method 3: continuous TVQP + ELNCP + PCG,actuator,constant,0.001,3,20743176,0.005,20.0,198.0,15000.0,0.0005,8,0.00020433749582855055,0.0003077034580356437,7.011929433563593e-07,0.310120626823852,0.41255193349149333,4.396914615825522e-06,2.0248659175138268e-08,1.4041459020232893e-07,2.020910074279688e-08,8.670087583134749e-11,9.55575,13,1.5335,2,1.8591931137427076,0.0010000000000000005,0.001,"[0.0, -1.5707963267948966, 1.5707963267948966, 0.0, 1.5707963267948966, 0.0]","[1.3249250297276073e-06, -1.5707971818970787, 1.5707980622732225, -1.5403937082902773e-06, 1.5707972266022587, 3.263721951566972e-06]","[1.3249250297276073e-06, -8.551021821734395e-07, 1.7354783259371231e-06, -1.5403937082902773e-06, 8.998073621757641e-07, 3.263721951566972e-06]",4000,1.827562599995872,C:\Users\lyx\Desktop\sci\code\project_method3_tvqp_elncp_pcg_noise_robustness\results\offline_20s_full\representative\actuator_constant_0.001_trial3
Method3 TVQP ELNCP PCG noise robustness offline actuator constant level=0.001 trial=4,ok,Method 3: continuous TVQP + ELNCP + PCG,actuator,constant,0.001,4,20741601,0.005,20.0,198.0,15000.0,0.0005,8,0.00020436132300693128,0.0003070600059918184,8.369420381300056e-07,0.31012066814013234,0.41255254894225546,3.5614995369731495e-06,1.9087657901918345e-08,1.4452586212149336e-07,1.9047170361640885e-08,8.670083774738833e-11,9.57875,12,1.54325,2,1.860279303269183,0.0010000000000000005,0.001,"[0.0, -1.5707963267948966, 1.5707963267948966, 0.0, 1.5707963267948966, 0.0]","[-1.6481810977519705e-06, -1.5707965658989738, 1.5707966623688578, 2.4387559263466565e-06, 1.5707964275276685, -1.9596733957521307e-06]","[-1.6481810977519705e-06, -2.391040772042885e-07, 3.3557396128536254e-07, 2.4387559263466565e-06, 1.0073277190159047e-07, -1.9596733957521307e-06]",4000,1.8910029999969993,C:\Users\lyx\Desktop\sci\code\project_method3_tvqp_elncp_pcg_noise_robustness\results\offline_20s_full\representative\actuator_constant_0.001_trial4
Method3 TVQP ELNCP PCG noise robustness offline actuator constant level=0.005 trial=0,ok,Method 3: continuous TVQP + ELNCP + PCG,actuator,constant,0.005,0,21233577,0.005,20.0,198.0,15000.0,0.0005,8,0.0002045605882235632,0.00030679157606219344,2.6314132588726993e-06,0.31011942016143607,0.4125433351950627,1.6607382876994285e-05,1.793580911359341e-08,1.6061295111979115e-07,1.789307525867506e-08,8.67009507899714e-11,9.703,13,1.58275,2,1.8585173456792536,0.005,0.005,"[0.0, -1.5707963267948966, 1.5707963267948966, 0.0, 1.5707963267948966, 0.0]","[-7.640366071141173e-06, -1.5708058524617625, 1.5708030782029592, -5.823880891197851e-06, 1.5707967447375792, -6.856957600277629e-06]","[-7.640366071141173e-06, -9.525666865961568e-06, 6.751408062610764e-06, -5.823880891197851e-06, 4.17942682684469e-07, -6.856957600277629e-06]",4000,1.9750004999805242,C:\Users\lyx\Desktop\sci\code\project_method3_tvqp_elncp_pcg_noise_robustness\results\offline_20s_full\representative\actuator_constant_0.005_trial0
Method3 TVQP ELNCP PCG noise robustness offline actuator constant level=0.005 trial=1,ok,Method 3: continuous TVQP + ELNCP + PCG,actuator,constant,0.005,1,20774563,0.005,20.0,198.0,15000.0,0.0005,8,0.00020429550896656522,0.00031045183877082965,4.982984844703375e-06,0.31012019672187774,0.4125568356514686,1.7244515285432033e-05,1.8754584363959613e-08,1.6259090087773187e-07,1.871164203473029e-08,8.670095001306635e-11,9.7075,13,1.58225,2,1.8595883786495468,0.005,0.005,"[0.0, -1.5707963267948966, 1.5707963267948966, 0.0, 1.5707963267948966, 0.0]","[-1.151547062685096e-06, -1.5707923630371214, 1.5708044806794812, 8.840802806496238e-06, 1.5707878058708373, -7.942549728267791e-06]","[-1.151547062685096e-06, 3.96375777511615e-06, 8.153884584638504e-06, 8.840802806496238e-06, -8.520924059229884e-06, -7.942549728267791e-06]",4000,1.8639494999952149,C:\Users\lyx\Desktop\sci\code\project_method3_tvqp_elncp_pcg_noise_robustness\results\offline_20s_full\representative\actuator_constant_0.005_trial1
Method3 TVQP ELNCP PCG noise robustness offline actuator constant level=0.005 trial=2,ok,Method 3: continuous TVQP + ELNCP + PCG,actuator,constant,0.005,2,20299646,0.005,20.0,198.0,15000.0,0.0005,8,0.00020435243574143207,0.00031005562573591745,3.4198665133278e-06,0.3101194001842455,0.4125465419914873,1.8530781891451674e-05,1.751262432971849e-08,1.778851604145319e-07,1.7470254066234822e-08,8.670097675228112e-11,9.72,13,1.58575,2,1.8565666160093521,0.005,0.005,"[0.0, -1.5707963267948966, 1.5707963267948966, 0.0, 1.5707963267948966, 0.0]","[6.711889451900066e-06, -1.570802845460625, 1.5708037284933012, -8.024967162957774e-06, 1.5707874020772112, 7.550602069455222e-06]","[6.711889451900066e-06, -6.518665728538764e-06, 7.401698404629897e-06, -8.024967162957774e-06, -8.924717685321326e-06, 7.550602069455222e-06]",4000,1.8715640000009444,C:\Users\lyx\Desktop\sci\code\project_method3_tvqp_elncp_pcg_noise_robustness\results\offline_20s_full\representative\actuator_constant_0.005_trial2
Method3 TVQP ELNCP PCG noise robustness offline actuator constant level=0.005 trial=3,ok,Method 3: continuous TVQP + ELNCP + PCG,actuator,constant,0.005,3,20301221,0.005,20.0,198.0,15000.0,0.0005,8,0.0002044080457143154,0.0003064541983465142,3.848658487372086e-06,0.31012237039556095,0.41255961173563427,1.9233755215353647e-05,1.7798561572918966e-08,1.4857340152575183e-07,1.7756695545507744e-08,8.670100850030804e-11,9.752,13,1.58725,2,1.8586671254487745,0.005,0.005,"[0.0, -1.5707963267948966, 1.5707963267948966, 0.0, 1.5707963267948966, 0.0]","[-5.699944785683705e-06, -1.570789267311661, 1.570794022491837, 5.057568268027073e-06, 1.5708056706583626, -1.3015954506804559e-05]","[-5.699944785683705e-06, 7.059483235538622e-06, -2.3043030594749325e-06, 5.057568268027073e-06, 9.343863466071411e-06, -1.3015954506804559e-05]",4000,1.8882036999857519,C:\Users\lyx\Desktop\sci\code\project_method3_tvqp_elncp_pcg_noise_robustness\results\offline_20s_full\representative\actuator_constant_0.005_trial3
Method3 TVQP ELNCP PCG noise robustness offline actuator constant level=0.005 trial=4,ok,Method 3: continuous TVQP + ELNCP + PCG,actuator,constant,0.005,4,20997587,0.005,20.0,198.0,15000.0,0.0005,8,0.0002043330326086446,0.0003096013324702852,3.875594320847649e-06,0.3101196318771395,0.41255277437166593,1.9665695631265622e-05,1.9073905594112174e-08,1.51770232221107e-07,1.9033056728071895e-08,8.670096485307084e-11,9.60575,12,1.554,2,1.8600910255396397,0.005,0.005,"[0.0, -1.5707963267948966, 1.5707963267948966, 0.0, 1.5707963267948966, 0.0]","[-3.1194098495337017e-06, -1.5707965682570342, 1.570805425644271, 6.855706157101342e-06, 1.570783585762921, 9.210152020366274e-06]","[-3.1194098495337017e-06, -2.4146213761788715e-07, 9.098849374389317e-06, 6.855706157101342e-06, -1.2741031975460615e-05, 9.210152020366274e-06]",4000,1.87691970000742,C:\Users\lyx\Desktop\sci\code\project_method3_tvqp_elncp_pcg_noise_robustness\results\offline_20s_full\representative\actuator_constant_0.005_trial4
Method3 TVQP ELNCP PCG noise robustness offline actuator constant level=0.01 trial=0,ok,Method 3: continuous TVQP + ELNCP + PCG,actuator,constant,0.01,0,20656355,0.005,20.0,198.0,15000.0,0.0005,8,0.00020460446149752685,0.00030814597843574173,4.361032127346975e-06,0.310115804225656,0.41253653788948097,3.251544383598463e-05,1.7646180961594417e-08,1.7378391465509366e-07,1.7603627569247946e-08,8.670142426389141e-11,9.7285,13,1.58875,2,1.8578396271392772,0.01,0.01,"[0.0, -1.5707963267948966, 1.5707963267948966, 0.0, 1.5707963267948966, 0.0]","[3.361334003159279e-06, -1.5708119262501654, 1.5708062889678525, 5.900049199330627e-06, 1.5708129447516583, -1.9809102942615183e-05]","[3.361334003159279e-06, -1.5599455268855422e-05, 9.962172955901849e-06, 5.900049199330627e-06, 1.6617956761777464e-05, -1.9809102942615183e-05]",4000,1.9899791999778245,C:\Users\lyx\Desktop\sci\code\project_method3_tvqp_elncp_pcg_noise_robustness\results\offline_20s_full\representative\actuator_constant_0.01_trial0
Method3 TVQP ELNCP PCG noise robustness offline actuator constant level=0.01 trial=1,ok,Method 3: continuous TVQP + ELNCP + PCG,actuator,constant,0.01,1,20863088,0.005,20.0,198.0,15000.0,0.0005,8,0.00020433144281874983,0.00030742014782727406,5.66298199818524e-06,0.3101253593390302,0.41256998276190804,3.936275774950656e-05,1.7973306339277965e-08,1.64858610225565e-07,1.7931124500050847e-08,8.670133116278884e-11,9.77275,14,1.59475,2,1.8578958729209025,0.01,0.01,"[0.0, -1.5707963267948966, 1.5707963267948966, 0.0, 1.5707963267948966, 0.0]","[-1.0836238635749886e-05, -1.5707796324598957, 1.5707866542206455, 9.226611199385785e-06, 1.5707813377494344, 2.738505574251495e-05]","[-1.0836238635749886e-05, 1.6694335000844163e-05, -9.672574251107235e-06, 9.226611199385785e-06, -1.4989045462154849e-05, 2.738505574251495e-05]",4000,1.9171415999880992,C:\Users\lyx\Desktop\sci\code\project_method3_tvqp_elncp_pcg_noise_robustness\results\offline_20s_full\representative\actuator_constant_0.01_trial1
Method3 TVQP ELNCP PCG noise robustness offline actuator constant level=0.01 trial=2,ok,Method 3: continuous TVQP + ELNCP + PCG,actuator,constant,0.01,2,20354296,0.005,20.0,198.0,15000.0,0.0005,8,0.00020465561396060516,0.0003040434867764011,5.450165944653068e-06,0.31012081608626596,0.412551179085513,4.159018105420926e-05,1.907910626122297e-08,1.4721597089108423e-07,1.9039077068653057e-08,8.670138585249654e-11,9.567,13,1.5405,2,1.8533344360553845,0.01,0.01,"[0.0, -1.5707963267948966, 1.5707963267948966, 0.0, 1.5707963267948966, 0.0]","[-2.529555361622464e-05, -1.5707987054481982, 1.5707967822214701, 1.5841099669419402e-05, 1.5707674916345433, -1.2672060384637406e-06]","[-2.529555361622464e-05, -2.378653301660094e-06, 4.5542657356456573e-07, 1.5841099669419402e-05, -2.8835160353235523e-05, -1.2672060384637406e-06]",4000,1.9793837999750394,C:\Users\lyx\Desktop\sci\code\project_method3_tvqp_elncp_pcg_noise_robustness\results\offline_20s_full\representative\actuator_constant_0.01_trial2
Method3 TVQP ELNCP PCG noise robustness offline actuator constant level=0.01 trial=3,ok,Method 3: continuous TVQP + ELNCP + PCG,actuator,constant,0.01,3,21165147,0.005,20.0,198.0,15000.0,0.0005,8,0.00020454997630546719,0.00030803119932777727,7.895014996057052e-06,0.31012281541733516,0.4125577716204909,3.868131769953428e-05,1.817161331944292e-08,1.544906471514499e-07,1.812947105266051e-08,8.670142826704017e-11,9.72575,13,1.58475,2,1.85727459625227,0.010000000000000005,0.010000000000000002,"[0.0, -1.5707963267948966, 1.5707963267948966, 0.0, 1.5707963267948966, 0.0]","[-8.084537775500988e-06, -1.5707910309725228, 1.5708174364663918, -2.2698477101750504e-05, 1.570815007224419, 9.645792491967972e-06]","[-8.084537775500988e-06, 5.295822373740933e-06, 2.1109671495267435e-05, -2.2698477101750504e-05, 1.868042952235527e-05, 9.645792491967972e-06]",4000,1.8271906999871135,C:\Users\lyx\Desktop\sci\code\project_method3_tvqp_elncp_pcg_noise_robustness\results\offline_20s_full\representative\actuator_constant_0.01_trial3
Method3 TVQP ELNCP PCG noise robustness offline actuator constant level=0.01 trial=4,ok,Method 3: continuous TVQP + ELNCP + PCG,actuator,constant,0.01,4,20420365,0.005,20.0,198.0,15000.0,0.0005,8,0.0002047446962441367,0.0003032198857111621,7.752642833356834e-06,0.3101239273127818,0.41255956003678573,3.359140203421332e-05,1.809142368780585e-08,1.5598138365118039e-07,1.8049714703046125e-08,8.670136665536363e-11,9.742,13,1.5865,2,1.8523935700102225,0.01,0.01,"[0.0, -1.5707963267948966, 1.5707963267948966, 0.0, 1.5707963267948966, 0.0]","[-2.5716220690637794e-05, -1.5707901787515475, 1.5707925245673064, 5.632911961861129e-06, 1.5707796499335236, -1.024477964243829e-05]","[-2.5716220690637794e-05, 6.148043349085697e-06, -3.8022275901106184e-06, 5.632911961861129e-06, -1.66768613729662e-05, -1.024477964243829e-05]",4000,1.8927447999885771,C:\Users\lyx\Desktop\sci\code\project_method3_tvqp_elncp_pcg_noise_robustness\results\offline_20s_full\representative\actuator_constant_0.01_trial4
Method3 TVQP ELNCP PCG noise robustness offline actuator linear level=1e-05 trial=0,ok,Method 3: continuous TVQP + ELNCP + PCG,actuator,linear,1e-05,0,21191557,0.005,20.0,198.0,15000.0,0.0005,8,0.0002043367513222173,0.0003074014855204485,6.115706677486647e-07,0.3101209023443073,0.412553078189579,4.787305172411904e-07,1.913798595919944e-08,1.4946527157481622e-07,1.9097110274792888e-08,8.670083509481433e-11,9.60375,13,1.557,2,1.8596596748938823,4.99875e-06,9.9975e-06,"[0.0, -1.5707963267948966, 1.5707963267948966, 0.0, 1.5707963267948966, 0.0]","[1.0105256565685753e-08, -1.5707960620677892, 1.5707966997558949, 1.327373461358208e-07, 1.570796367200396, -2.546835026625656e-08]","[1.0105256565685753e-08, 2.6472710734637417e-07, 3.729609983071924e-07, 1.327373461358208e-07, 4.040549939077209e-08, -2.546835026625656e-08]",4000,1.9284357999858912,C:\Users\lyx\Desktop\sci\code\project_method3_tvqp_elncp_pcg_noise_robustness\results\offline_20s_full\representative\actuator_linear_1e-05_trial0
Method3 TVQP ELNCP PCG noise robustness offline actuator linear level=1e-05 trial=1,ok,Method 3: continuous TVQP + ELNCP + PCG,actuator,linear,1e-05,1,20561260,0.005,20.0,198.0,15000.0,0.0005,8,0.00020433651813810935,0.00030740295870482643,6.072919375901202e-07,0.3101209092078296,0.4125530863345128,4.6447090026363515e-07,1.9711164833330207e-08,1.608063968558728e-07,1.9670895019902757e-08,8.670084023643827e-11,9.5855,13,1.55,2,1.8596593105626538,4.99875e-06,9.9975e-06,"[0.0, -1.5707963267948966, 1.5707963267948966, 0.0, 1.5707963267948966, 0.0]","[1.4156025881455598e-08, -1.5707960466516366, 1.5707966703402558, 1.3268789073863759e-07, 1.5707963451676499, -3.294737853687892e-08]","[1.4156025881455598e-08, 2.801432599230935e-07, 3.435453592715021e-07, 1.3268789073863759e-07, 1.837275331872945e-08, -3.294737853687892e-08]",4000,1.8919083999935538,C:\Users\lyx\Desktop\sci\code\project_method3_tvqp_elncp_pcg_noise_robustness\results\offline_20s_full\representative\actuator_linear_1e-05_trial1
Method3 TVQP ELNCP PCG noise robustness offline actuator linear level=1e-05 trial=2,ok,Method 3: continuous TVQP + ELNCP + PCG,actuator,linear,1e-05,2,20815008,0.005,20.0,198.0,15000.0,0.0005,8,0.00020433685937776112,0.00030740070647925817,6.075041557706735e-07,0.31012090038935125,0.41255307422619025,4.7012446007440164e-07,1.9327933112813232e-08,1.6684823816858926e-07,1.928773834932173e-08,8.670083406496656e-11,9.551,12,1.5415,2,1.8596599465372405,4.99875e-06,9.9975e-06,"[0.0, -1.5707963267948966, 1.5707963267948966, 0.0, 1.5707963267948966, 0.0]","[4.880597888510772e-09, -1.5707960699819503, 1.5707966904074213, 1.457144041646246e-07, 1.5707963648772894, -1.1969711158070194e-08]","[4.880597888510772e-09, 2.5681294624213535e-07, 3.6361252475636263e-07, 1.457144041646246e-07, 3.808239279479153e-08, -1.1969711158070194e-08]",4000,1.764641899993876,C:\Users\lyx\Desktop\sci\code\project_method3_tvqp_elncp_pcg_noise_robustness\results\offline_20s_full\representative\actuator_linear_1e-05_trial2
Method3 TVQP ELNCP PCG noise robustness offline actuator linear level=1e-05 trial=3,ok,Method 3: continuous TVQP + ELNCP + PCG,actuator,linear,1e-05,3,21259201,0.005,20.0,198.0,15000.0,0.0005,8,0.0002043368768442091,0.0003074007802937088,6.09536631730131e-07,0.310120900098752,0.41255307218334836,4.7462197632505156e-07,1.934978254990747e-08,1.4828704482629007e-07,1.9309651510752883e-08,8.670083546775434e-11,9.547,12,1.54275,2,1.8596600789481519,4.998749999999999e-06,9.997499999999999e-06,"[0.0, -1.5707963267948966, 1.5707963267948966, 0.0, 1.5707963267948966, 0.0]","[1.4753246587451388e-10, -1.5707960746345004, 1.5707967063764692, 1.3026430349305104e-07, 1.5707963481638823, -1.3173484297755899e-08]","[1.4753246587451388e-10, 2.521603961191943e-07, 3.795815726181928e-07, 1.3026430349305104e-07, 2.136898569204959e-08, -1.3173484297755899e-08]",4000,1.7744175999832805,C:\Users\lyx\Desktop\sci\code\project_method3_tvqp_elncp_pcg_noise_robustness\results\offline_20s_full\representative\actuator_linear_1e-05_trial3
Method3 TVQP ELNCP PCG noise robustness offline actuator linear level=1e-05 trial=4,ok,Method 3: continuous TVQP + ELNCP + PCG,actuator,linear,1e-05,4,21260242,0.005,20.0,198.0,15000.0,0.0005,8,0.00020433655907669973,0.00030740258767034963,6.063366114768607e-07,0.3101209091015675,0.4125530846689458,4.6166373486951665e-07,1.964529052296285e-08,1.44889549878698e-07,1.9605215648010464e-08,8.670083916513739e-11,9.585,13,1.54775,2,1.8596597116075027,4.998750000000001e-06,9.997500000000002e-06,"[0.0, -1.5707963267948966, 1.5707963267948966, 0.0, 1.5707963267948966, 0.0]","[5.752919161496636e-09, -1.5707960505203047, 1.5707966748392028, 1.2021366732872322e-07, 1.570796334687414, 3.352910874250022e-08]","[5.752919161496636e-09, 2.7627459187051784e-07, 3.48044306264228e-07, 1.2021366732872322e-07, 7.892517528418352e-09, 3.352910874250022e-08]",4000,1.8485033999895677,C:\Users\lyx\Desktop\sci\code\project_method3_tvqp_elncp_pcg_noise_robustness\results\offline_20s_full\representative\actuator_linear_1e-05_trial4
Method3 TVQP ELNCP PCG noise robustness offline actuator linear level=5e-05 trial=0,ok,Method 3: continuous TVQP + ELNCP + PCG,actuator,linear,5e-05,0,20817954,0.005,20.0,198.0,15000.0,0.0005,8,0.00020433610077939075,0.000307408838768843,6.260877310165016e-07,0.3101209084000679,0.41255310737984185,5.523917832665121e-07,1.8648035775496274e-08,1.4330582426111635e-07,1.8606992070739702e-08,8.67008365702212e-11,9.59275,13,1.554,2,1.8596566235553156,2.499375e-05,4.998750000000001e-05,"[0.0, -1.5707963267948966, 1.5707963267948966, 0.0, 1.5707963267948966, 0.0]","[5.656358921522491e-08, -1.5707960027151286, 1.5707966293055773, 3.2386060796102026e-07, 1.5707963224193067, 2.218097149676778e-08]","[5.656358921522491e-08, 3.240797679104901e-07, 3.02510680727508e-07, 3.2386060796102026e-07, -4.375589890415199e-09, 2.218097149676778e-08]",4000,1.922731400001794,C:\Users\lyx\Desktop\sci\code\project_method3_tvqp_elncp_pcg_noise_robustness\results\offline_20s_full\representative\actuator_linear_5e-05_trial0
Method3 TVQP ELNCP PCG noise robustness offline actuator linear level=5e-05 trial=1,ok,Method 3: continuous TVQP + ELNCP + PCG,actuator,linear,5e-05,1,20819529,0.005,20.0,198.0,15000.0,0.0005,8,0.0002043375467096683,0.00030741424234515197,5.700073928242629e-07,0.3101208910066181,0.4125530461161484,4.216058509823499e-07,1.8121387444009362e-08,1.4624526967906612e-07,1.8080290241273497e-08,8.67008519874999e-11,9.6795,13,1.57275,2,1.8596619675376709,2.4993749999999998e-05,4.99875e-05,"[0.0, -1.5707963267948966, 1.5707963267948966, 0.0, 1.5707963267948966, 0.0]","[-4.125873381671642e-08, -1.570796128024981, 1.5707965967213002, 2.403648968444797e-07, 1.5707962912821603, -6.813978007459893e-08]","[-4.125873381671642e-08, 1.987699156380529e-07, 2.699264036731819e-07, 2.403648968444797e-07, -3.55127363071972e-08, -6.813978007459893e-08]",4000,1.9227698000031523,C:\Users\lyx\Desktop\sci\code\project_method3_tvqp_elncp_pcg_noise_robustness\results\offline_20s_full\representative\actuator_linear_5e-05_trial1
Method3 TVQP ELNCP PCG noise robustness offline actuator linear level=5e-05 trial=2,ok,Method 3: continuous TVQP + ELNCP + PCG,actuator,linear,5e-05,2,20515895,0.005,20.0,198.0,15000.0,0.0005,8,0.00020433750346413187,0.0003073931368249926,6.005707639022713e-07,0.31012088869123045,0.41255306168190975,4.974425973745495e-07,1.8249742430104287e-08,1.4506534181777204e-07,1.8209273589960263e-08,8.670082932442626e-11,9.74375,13,1.57625,2,1.8596644100876618,2.4993749999999998e-05,4.9987499999999995e-05,"[0.0, -1.5707963267948966, 1.5707963267948966, 0.0, 1.5707963267948966, 0.0]","[-7.759465882607582e-08, -1.5707960962186596, 1.5707966862855527, 1.6564535208031892e-07, 1.5707963333551618, 1.7761715555336533e-07]","[-7.759465882607582e-08, 2.3057623699251906e-07, 3.5949065613216646e-07, 1.6564535208031892e-07, 6.560265219945904e-09, 1.7761715555336533e-07]",4000,1.8723479000036605,C:\Users\lyx\Desktop\sci\code\project_method3_tvqp_elncp_pcg_noise_robustness\results\offline_20s_full\representative\actuator_linear_5e-05_trial2
Method3 TVQP ELNCP PCG noise robustness offline actuator linear level=5e-05 trial=3,ok,Method 3: continuous TVQP + ELNCP + PCG,actuator,linear,5e-05,3,20885598,0.005,20.0,198.0,15000.0,0.0005,8,0.00020433665567671326,0.0003074114743037114,5.925470348936842e-07,0.3101209047283579,0.412553082608486,4.94342164061836e-07,1.8919956977312328e-08,1.611965024258493e-07,1.888087051336552e-08,8.670083420390688e-11,9.6805,13,1.5575,2,1.8596581611975773,2.4993749999999998e-05,4.9987499999999995e-05,"[0.0, -1.5707963267948966, 1.5707963267948966, 0.0, 1.5707963267948966, 0.0]","[4.034789041041251e-08, -1.5707960516649957, 1.5707965913117898, 2.5065452230568517e-07, 1.5707963936452451, -1.7258016998528877e-07]","[4.034789041041251e-08, 2.7512990086187017e-07, 2.6451689327799954e-07, 2.5065452230568517e-07, 6.685034859010841e-08, -1.7258016998528877e-07]",4000,1.8593785999983083,C:\Users\lyx\Desktop\sci\code\project_method3_tvqp_elncp_pcg_noise_robustness\results\offline_20s_full\representative\actuator_linear_5e-05_trial3
Method3 TVQP ELNCP PCG noise robustness offline actuator linear level=5e-05 trial=4,ok,Method 3: continuous TVQP + ELNCP + PCG,actuator,linear,5e-05,4,20581964,0.005,20.0,198.0,15000.0,0.0005,8,0.00020433678945112446,0.00030741463076419895,5.748798338261624e-07,0.3101209126754639,0.412553070424698,4.222058610732411e-07,1.822955430100707e-08,1.5826309073448154e-07,1.8189697800910953e-08,8.670083687541239e-11,9.7045,13,1.56725,2,1.8596603922137525,2.499375e-05,4.99875e-05,"[0.0, -1.5707963267948966, 1.5707963267948966, 0.0, 1.5707963267948966, 0.0]","[-1.5110074368085779e-09, -1.5707960795927838, 1.570796618478202, 6.099765565805084e-08, 1.5707963595814671, -1.6514174971907552e-07]","[-1.5110074368085779e-09, 2.472021127797319e-07, 2.91683305508883e-07, 6.099765565805084e-08, 3.278657056959844e-08, -1.6514174971907552e-07]",4000,1.8571284999779891,C:\Users\lyx\Desktop\sci\code\project_method3_tvqp_elncp_pcg_noise_robustness\results\offline_20s_full\representative\actuator_linear_5e-05_trial4
Method3 TVQP ELNCP PCG noise robustness offline actuator linear level=0.0001 trial=0,ok,Method 3: continuous TVQP + ELNCP + PCG,actuator,linear,0.0001,0,20554048,0.005,20.0,198.0,15000.0,0.0005,8,0.00020433724539167884,0.0003074017746209515,6.090044413171151e-07,0.3101208912096979,0.41255304550471084,6.777950448143797e-07,1.8774693455393463e-08,1.535717056076726e-07,1.8734675202189565e-08,8.670083453156358e-11,9.7015,13,1.5665,2,1.8596562504854295,4.99875e-05,9.997500000000002e-05,"[0.0, -1.5707963267948966, 1.5707963267948966, 0.0, 1.5707963267948966, 0.0]","[1.1711665439283499e-07, -1.5707961188160249, 1.5707968074163055, -6.664103781841533e-08, 1.5707967124118265, 1.352635121015935e-07]","[1.1711665439283499e-07, 2.0797887168022555e-07, 4.806214088937111e-07, -6.664103781841533e-08, 3.8561692994321106e-07, 1.352635121015935e-07]",4000,1.9632611999986693,C:\Users\lyx\Desktop\sci\code\project_method3_tvqp_elncp_pcg_noise_robustness\results\offline_20s_full\representative\actuator_linear_0.0001_trial0
Method3 TVQP ELNCP PCG noise robustness offline actuator linear level=0.0001 trial=1,ok,Method 3: continuous TVQP + ELNCP + PCG,actuator,linear,0.0001,1,21184345,0.005,20.0,198.0,15000.0,0.0005,8,0.00020433629258216426,0.0003074366126800447,5.915096806534017e-07,0.3101209148445229,0.41255304726487596,5.829068436345123e-07,1.922404147859909e-08,1.7267561334584633e-07,1.9184446242192787e-08,8.670083332109345e-11,9.71475,13,1.56275,2,1.8596527594998082,4.9987499999999995e-05,9.9975e-05,"[0.0, -1.5707963267948966, 1.5707963267948966, 0.0, 1.5707963267948966, 0.0]","[7.836055886412041e-08, -1.5707961327249025, 1.5707966731012244, 2.0530697336483102e-07, 1.570796007023691, -1.7788816341195206e-07]","[7.836055886412041e-08, 1.940699940750079e-07, 3.463063278363876e-07, 2.0530697336483102e-07, -3.197712055147406e-07, -1.7788816341195206e-07]",4000,1.8516043999989051,C:\Users\lyx\Desktop\sci\code\project_method3_tvqp_elncp_pcg_noise_robustness\results\offline_20s_full\representative\actuator_linear_0.0001_trial1
Method3 TVQP ELNCP PCG noise robustness offline actuator linear level=0.0001 trial=2,ok,Method 3: continuous TVQP + ELNCP + PCG,actuator,linear,0.0001,2,20889864,0.005,20.0,198.0,15000.0,0.0005,8,0.00020433738965505298,0.0003074082829553713,5.83491854886089e-07,0.31012089897993855,0.412553043295091,6.343678913176847e-07,1.8298587791145794e-08,1.5969654695556084e-07,1.8258364140143074e-08,8.6700838082755e-11,9.6955,13,1.568,2,1.8596653814528812,4.9987499999999995e-05,9.997499999999999e-05,"[0.0, -1.5707963267948966, 1.5707963267948966, 0.0, 1.5707963267948966, 0.0]","[-1.5431512755149974e-07, -1.570796145361264, 1.5707966798038486, 1.692658531082323e-07, 1.5707959067033226, 1.2628586669555332e-07]","[-1.5431512755149974e-07, 1.8143363256228895e-07, 3.530089520697999e-07, 1.692658531082323e-07, -4.200915739716038e-07, 1.2628586669555332e-07]",4000,1.8395138999912888,C:\Users\lyx\Desktop\sci\code\project_method3_tvqp_elncp_pcg_noise_robustness\results\offline_20s_full\representative\actuator_linear_0.0001_trial2
Method3 TVQP ELNCP PCG noise robustness offline actuator linear level=0.0001 trial=3,ok,Method 3: continuous TVQP + ELNCP + PCG,actuator,linear,0.0001,3,20486404,0.005,20.0,198.0,15000.0,0.0005,8,0.00020433624413029256,0.0003074374307935728,5.91162480897674e-07,0.3101209188450776,0.4125530408917617,5.785010467936425e-07,1.9307638762349085e-08,1.583752190381115e-07,1.9268999935479104e-08,8.670083452561951e-11,9.681,13,1.55625,2,1.8596513289819525,4.9987499999999995e-05,9.997499999999999e-05,"[0.0, -1.5707963267948966, 1.5707963267948966, 0.0, 1.5707963267948966, 0.0]","[1.2305884227657807e-07, -1.5707961431435484, 1.5707967322494927, 3.9643246641449976e-08, 1.5707961430985993, 2.933987366271767e-07]","[1.2305884227657807e-07, 1.836513481290325e-07, 4.054545961196254e-07, 3.9643246641449976e-08, -1.836962972845413e-07, 2.933987366271767e-07]",4000,1.952294599992456,C:\Users\lyx\Desktop\sci\code\project_method3_tvqp_elncp_pcg_noise_robustness\results\offline_20s_full\representative\actuator_linear_0.0001_trial3
Method3 TVQP ELNCP PCG noise robustness offline actuator linear level=0.0001 trial=4,ok,Method 3: continuous TVQP + ELNCP + PCG,actuator,linear,0.0001,4,20587805,0.005,20.0,198.0,15000.0,0.0005,8,0.00020433603870727328,0.00030740153429925757,6.211599450819691e-07,0.310120914996701,0.4125531329635652,6.845465866035254e-07,1.924886112783872e-08,1.6118841788794073e-07,1.9208214222368987e-08,8.670084042804376e-11,9.61425,13,1.555,2,1.8596635498626273,4.9987499999999995e-05,9.9975e-05,"[0.0, -1.5707963267948966, 1.5707963267948966, 0.0, 1.5707963267948966, 0.0]","[-1.0221577590282871e-07, -1.570795959782025, 1.5707965348057649, 4.421984647501847e-07, 1.5707960378185826, -3.379649127595723e-08]","[-1.0221577590282871e-07, 3.670128716493082e-07, 2.0801086830779525e-07, 4.421984647501847e-07, -2.889763139890533e-07, -3.379649127595723e-08]",4000,1.8339037999976426,C:\Users\lyx\Desktop\sci\code\project_method3_tvqp_elncp_pcg_noise_robustness\results\offline_20s_full\representative\actuator_linear_0.0001_trial4
Method3 TVQP ELNCP PCG noise robustness offline actuator linear level=0.0005 trial=0,ok,Method 3: continuous TVQP + ELNCP + PCG,actuator,linear,0.0005,0,20980923,0.005,20.0,198.0,15000.0,0.0005,8,0.00020434081404785342,0.0003073617530463311,7.626767765357358e-07,0.3101208513181891,0.41255303325366555,2.1699913353365317e-06,1.8643434326352543e-08,1.4449854501217194e-07,1.8603471663921586e-08,8.670084251953267e-11,9.65325,13,1.5645,2,1.8597050387259149,0.00024993750000000005,0.000499875,"[0.0, -1.5707963267948966, 1.5707963267948966, 0.0, 1.5707963267948966, 0.0]","[-7.572091233076041e-07, -1.5707961645860617, 1.5707975365683284, -1.2256814215122525e-06, 1.5707964872194258, 1.0571671106487831e-06]","[-7.572091233076041e-07, 1.6220883480855264e-07, 1.2097734318761155e-06, -1.2256814215122525e-06, 1.6042452921638528e-07, 1.0571671106487831e-06]",4000,1.9175078000116628,C:\Users\lyx\Desktop\sci\code\project_method3_tvqp_elncp_pcg_noise_robustness\results\offline_20s_full\representative\actuator_linear_0.0005_trial0
Method3 TVQP ELNCP PCG noise robustness offline actuator linear level=0.0005 trial=1,ok,Method 3: continuous TVQP + ELNCP + PCG,actuator,linear,0.0005,1,20611220,0.005,20.0,198.0,15000.0,0.0005,8,0.00020432900483418796,0.00030748587782639873,8.004715114052378e-07,0.310121028159103,0.41255332304656567,2.2771341298538725e-06,1.840969993323989e-08,1.6210918513107085e-07,1.8369287464277664e-08,8.670084583134404e-11,9.718,13,1.578,2,1.8596083261400858,0.00024993750000000005,0.0004998750000000001,"[0.0, -1.5707963267948966, 1.5707963267948966, 0.0, 1.5707963267948966, 0.0]","[1.1259402400310835e-06, -1.5707955268414953, 1.5707968002671102, -2.0798696942438327e-07, 1.5707978999783687, 7.316640098743729e-07]","[1.1259402400310835e-06, 7.999534012981258e-07, 4.734722136578995e-07, -2.0798696942438327e-07, 1.5731834721588456e-06, 7.316640098743729e-07]",4000,1.789357800007565,C:\Users\lyx\Desktop\sci\code\project_method3_tvqp_elncp_pcg_noise_robustness\results\offline_20s_full\representative\actuator_linear_0.0005_trial1
Method3 TVQP ELNCP PCG noise robustness offline actuator linear level=0.0005 trial=2,ok,Method 3: continuous TVQP + ELNCP + PCG,actuator,linear,0.0005,2,20914854,0.005,20.0,198.0,15000.0,0.0005,8,0.0002043416565437321,0.0003075273677639632,2.8656981330919616e-07,0.3101209158173526,0.41255272303546775,1.9725820514330856e-06,1.8990677656509986e-08,1.7813531287818057e-07,1.8950914134535085e-08,8.670083492317948e-11,9.69775,13,1.56325,2,1.8596670948818776,0.0002499375,0.000499875,"[0.0, -1.5707963267948966, 1.5707963267948966, 0.0, 1.5707963267948966, 0.0]","[-7.85557744711443e-08, -1.5707967903279108, 1.5707969221607543, -1.796321961512886e-06, 1.5707966002822962, 1.183960851470767e-07]","[-7.85557744711443e-08, -4.635330141944394e-07, 5.953658577251275e-07, -1.796321961512886e-06, 2.734873996157461e-07, 1.183960851470767e-07]",4000,1.8218341000028886,C:\Users\lyx\Desktop\sci\code\project_method3_tvqp_elncp_pcg_noise_robustness\results\offline_20s_full\representative\actuator_linear_0.0005_trial2
Method3 TVQP ELNCP PCG noise robustness offline actuator linear level=0.0005 trial=3,ok,Method 3: continuous TVQP + ELNCP + PCG,actuator,linear,0.0005,3,20913279,0.005,20.0,198.0,15000.0,0.0005,8,0.0002043379940716889,0.0003075388312806708,6.714431294480288e-07,0.31012081671000247,0.41255287978882427,1.684649673610665e-06,1.8762232855049814e-08,1.5879882508775483e-07,1.872280334995153e-08,8.670082113039118e-11,9.7025,13,1.563,2,1.8596141224043552,0.00024993750000000005,0.0004998749999999999,"[0.0, -1.5707963267948966, 1.5707963267948966, 0.0, 1.5707963267948966, 0.0]","[7.643531685503383e-07, -1.570796439478885, 1.5707965462859779, 1.4525008276815636e-06, 1.5707962676862153, -2.822804454738645e-07]","[7.643531685503383e-07, -1.1268398836250526e-07, 2.194910813102524e-07, 1.4525008276815636e-06, -5.910868128289337e-08, -2.822804454738645e-07]",4000,1.8757774000114296,C:\Users\lyx\Desktop\sci\code\project_method3_tvqp_elncp_pcg_noise_robustness\results\offline_20s_full\representative\actuator_linear_0.0005_trial3
Method3 TVQP ELNCP PCG noise robustness offline actuator linear level=0.0005 trial=4,ok,Method 3: continuous TVQP + ELNCP + PCG,actuator,linear,0.0005,4,21216913,0.005,20.0,198.0,15000.0,0.0005,8,0.0002043321789426028,0.0003076022998738698,4.761165201558096e-07,0.3101210850536926,0.41255299092158726,1.6643153414591477e-06,1.8913634655348087e-08,1.5271661834118423e-07,1.887304198209087e-08,8.670084238014726e-11,9.62325,13,1.55875,2,1.8596287778722727,0.00024993750000000005,0.000499875,"[0.0, -1.5707963267948966, 1.5707963267948966, 0.0, 1.5707963267948966, 0.0]","[3.728021859753827e-07, -1.5707962871589771, 1.570796604907568, -9.374005357648778e-07, 1.5707950340081944, 4.504664486884485e-08]","[3.728021859753827e-07, 3.9635919435454525e-08, 2.781126713369275e-07, -9.374005357648778e-07, -1.2927867021339523e-06, 4.504664486884485e-08]",4000,1.926862499996787,C:\Users\lyx\Desktop\sci\code\project_method3_tvqp_elncp_pcg_noise_robustness\results\offline_20s_full\representative\actuator_linear_0.0005_trial4
Method3 TVQP ELNCP PCG noise robustness offline actuator linear level=0.001 trial=0,ok,Method 3: continuous TVQP + ELNCP + PCG,actuator,linear,0.001,0,20497791,0.005,20.0,198.0,15000.0,0.0005,8,0.00020434936144235707,0.0003072137753136596,7.200055663214579e-07,0.31012065892252644,0.4125531455504423,3.725607285987151e-06,1.8853419713423947e-08,1.4801778950181882e-07,1.881354843336947e-08,8.67008274938642e-11,9.65275,13,1.56175,2,1.8597463373406449,0.0004998750000000001,0.00099975,"[0.0, -1.5707963267948966, 1.5707963267948966, 0.0, 1.5707963267948966, 0.0]","[-1.1378062543922548e-06, -1.5707958534092563, 1.570795245092349, 1.8258537953732764e-06, 1.57079890694218, -1.0956596757727252e-06]","[-1.1378062543922548e-06, 4.7338564024279606e-07, -1.0817025475340358e-06, 1.8258537953732764e-06, 2.5801472833819616e-06, -1.0956596757727252e-06]",4000,1.8884557999845129,C:\Users\lyx\Desktop\sci\code\project_method3_tvqp_elncp_pcg_noise_robustness\results\offline_20s_full\representative\actuator_linear_0.001_trial0
Method3 TVQP ELNCP PCG noise robustness offline actuator linear level=0.001 trial=1,ok,Method 3: continuous TVQP + ELNCP + PCG,actuator,linear,0.001,1,20801425,0.005,20.0,198.0,15000.0,0.0005,8,0.00020434021704942087,0.0003077749407272457,2.0011438298108515e-07,0.3101210964413401,0.41255255283673065,3.408704681019013e-06,1.8615334439104208e-08,1.6292038489794518e-07,1.8576029775226778e-08,8.670082307859932e-11,9.6815,13,1.56425,2,1.8596540319609114,0.000499875,0.00099975,"[0.0, -1.5707963267948966, 1.5707963267948966, 0.0, 1.5707963267948966, 0.0]","[2.995348663096186e-08, -1.5707971815470074, 1.5707963760248238, -3.1813768249294547e-06, 1.5707956092871465, -4.993693629099195e-07]","[2.995348663096186e-08, -8.547521108681622e-07, 4.922992724587516e-08, -3.1813768249294547e-06, -7.175077501031524e-07, -4.993693629099195e-07]",4000,1.757157099986216,C:\Users\lyx\Desktop\sci\code\project_method3_tvqp_elncp_pcg_noise_robustness\results\offline_20s_full\representative\actuator_linear_0.001_trial1
Method3 TVQP ELNCP PCG noise robustness offline actuator linear level=0.001 trial=2,ok,Method 3: continuous TVQP + ELNCP + PCG,actuator,linear,0.001,2,20799850,0.005,20.0,198.0,15000.0,0.0005,8,0.00020433838088624912,0.00030745435158345427,5.151989418474636e-07,0.3101207976011766,0.4125531558933946,4.842687986252132e-06,1.8561631934390035e-08,1.41994117952707e-07,1.8521218602785926e-08,8.670082378898617e-11,9.63775,13,1.56325,2,1.859624770712227,0.0004998750000000001,0.00099975,"[0.0, -1.5707963267948966, 1.5707963267948966, 0.0, 1.5707963267948966, 0.0]","[1.1374531970901098e-06, -1.5707957825317758, 1.5707955466635943, 1.7527895339783493e-06, 1.5708001283065978, 1.9311234032074446e-06]","[1.1374531970901098e-06, 5.442631207941417e-07, -7.801313022248735e-07, 1.7527895339783493e-06, 3.8015117012069055e-06, 1.9311234032074446e-06]",4000,1.7791867000050843,C:\Users\lyx\Desktop\sci\code\project_method3_tvqp_elncp_pcg_noise_robustness\results\offline_20s_full\representative\actuator_linear_0.001_trial2
Method3 TVQP ELNCP PCG noise robustness offline actuator linear level=0.001 trial=3,ok,Method 3: continuous TVQP + ELNCP + PCG,actuator,linear,0.001,3,21103484,0.005,20.0,198.0,15000.0,0.0005,8,0.00020433037458446695,0.0003077033323802827,5.357606989372988e-07,0.31012105194236733,0.4125531421190407,4.374806140476477e-06,1.91458977439909e-08,1.535529391999595e-07,1.9106847770102624e-08,8.670082566677624e-11,9.598,13,1.5495,2,1.8596139272124224,0.0004998750000000001,0.00099975,"[0.0, -1.5707963267948966, 1.5707963267948966, 0.0, 1.5707963267948966, 0.0]","[3.961004434249927e-07, -1.570795993234552, 1.5707950290960797, 2.659777310770022e-06, 1.570793464296121, -1.3850754130387369e-06]","[3.961004434249927e-07, 3.335603444565294e-07, -1.2976988168489356e-06, 2.659777310770022e-06, -2.862498775568767e-06, -1.3850754130387369e-06]",4000,1.8258066000125837,C:\Users\lyx\Desktop\sci\code\project_method3_tvqp_elncp_pcg_noise_robustness\results\offline_20s_full\representative\actuator_linear_0.001_trial3
Method3 TVQP ELNCP PCG noise robustness offline actuator linear level=0.001 trial=4,ok,Method 3: continuous TVQP + ELNCP + PCG,actuator,linear,0.001,4,20733781,0.005,20.0,198.0,15000.0,0.0005,8,0.0002043318661689171,0.0003073483078719722,7.084543727802692e-07,0.3101209503993691,0.41255374759538377,4.839564270839858e-06,1.8324591042598454e-08,1.661331412422711e-07,1.8283965306149132e-08,8.670085156757287e-11,9.63575,13,1.56475,2,1.8596752091476063,0.0004998750000000001,0.00099975,"[0.0, -1.5707963267948966, 1.5707963267948966, 0.0, 1.5707963267948966, 0.0]","[1.483332556896291e-07, -1.5707946307166432, 1.5707946570037763, 2.6273835419876467e-06, 1.5707991263165608, -1.7303265369542945e-06]","[1.483332556896291e-07, 1.6960782533992358e-06, -1.6697911202623317e-06, 2.6273835419876467e-06, 2.7995216642651144e-06, -1.7303265369542945e-06]",4000,1.8760076999897137,C:\Users\lyx\Desktop\sci\code\project_method3_tvqp_elncp_pcg_noise_robustness\results\offline_20s_full\representative\actuator_linear_0.001_trial4
Method3 TVQP ELNCP PCG noise robustness offline actuator linear level=0.005 trial=0,ok,Method 3: continuous TVQP + ELNCP + PCG,actuator,linear,0.005,0,21241397,0.005,20.0,198.0,15000.0,0.0005,8,0.000204480842826269,0.00030637151143146776,3.2933203197292767e-06,0.31011839554686577,0.4125497193211647,1.2936152464558281e-05,1.913476424496068e-08,1.634016712912065e-07,1.9095001628025022e-08,8.67007259999667e-11,9.6665,13,1.563,2,1.860128433075466,0.0024993750000000003,0.004998750000000001,"[0.0, -1.5707963267948966, 1.5707963267948966, 0.0, 1.5707963267948966, 0.0]","[-8.710912061554836e-06, -1.570802625357287, 1.5707995761376075, -2.763104989319988e-08, 1.5708027118142855, -6.816885866055982e-07]","[-8.710912061554836e-06, -6.29856239053872e-06, 3.249342710898162e-06, -2.763104989319988e-08, 6.385019388988056e-06, -6.816885866055982e-07]",4000,1.9769655000127386,C:\Users\lyx\Desktop\sci\code\project_method3_tvqp_elncp_pcg_noise_robustness\results\offline_20s_full\representative\actuator_linear_0.005_trial0
Method3 TVQP ELNCP PCG noise robustness offline actuator linear level=0.005 trial=1,ok,Method 3: continuous TVQP + ELNCP + PCG,actuator,linear,0.005,1,20278046,0.005,20.0,198.0,15000.0,0.0005,8,0.00020423595924476818,0.0003082323997031332,3.1018221475935355e-06,0.31012326238211346,0.4125567297683599,1.6393083629054745e-05,1.945035500040458e-08,1.6153425661223197e-07,1.941110588011872e-08,8.670104954213473e-11,9.66725,13,1.5625,2,1.8593288041734932,0.0024993750000000007,0.0049987500000000015,"[0.0, -1.5707963267948966, 1.5707963267948966, 0.0, 1.5707963267948966, 0.0]","[4.0861928816386474e-06, -1.57078909345071, 1.570792520708832, 3.886006948984845e-06, 1.5707832999528657, -6.549778984759023e-07]","[4.0861928816386474e-06, 7.233344186508006e-06, -3.806086064539471e-06, 3.886006948984845e-06, -1.3026842030861019e-05, -6.549778984759023e-07]",4000,1.8408270000072662,C:\Users\lyx\Desktop\sci\code\project_method3_tvqp_elncp_pcg_noise_robustness\results\offline_20s_full\representative\actuator_linear_0.005_trial1
Method3 TVQP ELNCP PCG noise robustness offline actuator linear level=0.005 trial=2,ok,Method 3: continuous TVQP + ELNCP + PCG,actuator,linear,0.005,2,20939338,0.005,20.0,198.0,15000.0,0.0005,8,0.00020429730064967525,0.00030945793794609684,3.7731120479092434e-06,0.3101219973646753,0.41255361425720616,1.627267252364966e-05,1.828696414671032e-08,1.5542548076943837e-07,1.8246071010249677e-08,8.670082099512616e-11,9.67725,13,1.574,2,1.8590307301387554,0.0024993750000000007,0.004998750000000001,"[0.0, -1.5707963267948966, 1.5707963267948966, 0.0, 1.5707963267948966, 0.0]","[1.0504659641489372e-05, -1.5707949262175653, 1.570790058236085, 1.0136343736923778e-05, 1.5707935170106846, -1.5984989122603486e-06]","[1.0504659641489372e-05, 1.4005773312231184e-06, -6.268558811584057e-06, 1.0136343736923778e-05, -2.809784211965649e-06, -1.5984989122603486e-06]",4000,1.919246600009501,C:\Users\lyx\Desktop\sci\code\project_method3_tvqp_elncp_pcg_noise_robustness\results\offline_20s_full\representative\actuator_linear_0.005_trial2
Method3 TVQP ELNCP PCG noise robustness offline actuator linear level=0.005 trial=3,ok,Method 3: continuous TVQP + ELNCP + PCG,actuator,linear,0.005,3,20580105,0.005,20.0,198.0,15000.0,0.0005,8,0.0002043294532563993,0.00030859865741964904,1.7823305823183517e-06,0.3101212072294551,0.41255241100178663,2.3217828509161974e-05,1.95025850642665e-08,1.6498382329780038e-07,1.946149092728859e-08,8.670081614480769e-11,9.61475,12,1.5605,2,1.8592957181816223,0.002499375,0.00499875,"[0.0, -1.5707963267948966, 1.5707963267948966, 0.0, 1.5707963267948966, 0.0]","[7.6260676983150345e-06, -1.5707971154599567, 1.5707946360708531, -6.207664220903058e-07, 1.57080568054326, -1.9737075578122314e-05]","[7.6260676983150345e-06, -7.886650601474088e-07, -1.6907240434349546e-06, -6.207664220903058e-07, 9.353748363416514e-06, -1.9737075578122314e-05]",4000,1.8411414999864064,C:\Users\lyx\Desktop\sci\code\project_method3_tvqp_elncp_pcg_noise_robustness\results\offline_20s_full\representative\actuator_linear_0.005_trial3
Method3 TVQP ELNCP PCG noise robustness offline actuator linear level=0.005 trial=4,ok,Method 3: continuous TVQP + ELNCP + PCG,actuator,linear,0.005,4,20637279,0.005,20.0,198.0,15000.0,0.0005,8,0.00020440915569582785,0.0003070865200778753,2.0315963083437293e-06,0.3101194576424519,0.4125509114297985,2.1471902471200206e-05,1.8387061132212037e-08,1.6154476976119904e-07,1.8345549757791723e-08,8.670083235842167e-11,9.633,12,1.5655,2,1.8598579504367836,0.0024993750000000003,0.004998750000000001,"[0.0, -1.5707963267948966, 1.5707963267948966, 0.0, 1.5707963267948966, 0.0]","[-1.665438961979266e-06, -1.5708000888327582, 1.5708049693056216, -9.613364590264347e-06, 1.5708096766263082, 9.939225866528923e-06]","[-1.665438961979266e-06, -3.7620378616765038e-06, 8.642510725076491e-06, -9.613364590264347e-06, 1.3349831411657576e-05, 9.939225866528923e-06]",4000,1.9513160999922547,C:\Users\lyx\Desktop\sci\code\project_method3_tvqp_elncp_pcg_noise_robustness\results\offline_20s_full\representative\actuator_linear_0.005_trial4
Method3 TVQP ELNCP PCG noise robustness offline actuator linear level=0.01 trial=0,ok,Method 3: continuous TVQP + ELNCP + PCG,actuator,linear,0.01,0,20341829,0.005,20.0,198.0,15000.0,0.0005,8,0.0002045263041338322,0.00030604174967390196,4.665245210067245e-06,0.3101189048072607,0.4125479340218492,4.3726302705201076e-05,1.8292345784660363e-08,1.358640081263001e-07,1.825116890156162e-08,8.670091777444069e-11,9.6215,12,1.5635,2,1.8588938954110446,0.00499875,0.009997500000000001,"[0.0, -1.5707963267948966, 1.5707963267948966, 0.0, 1.5707963267948966, 0.0]","[-2.2846336871078163e-05, -1.570807372327944, 1.5708076856733983, -1.3883827621040477e-05, 1.570767942776834, 1.1857207425389751e-05]","[-2.2846336871078163e-05, -1.1045533047537859e-05, 1.1358878501788183e-05, -1.3883827621040477e-05, -2.838401806259938e-05, 1.1857207425389751e-05]",4000,1.8914398000051733,C:\Users\lyx\Desktop\sci\code\project_method3_tvqp_elncp_pcg_noise_robustness\results\offline_20s_full\representative\actuator_linear_0.01_trial0
Method3 TVQP ELNCP PCG noise robustness offline actuator linear level=0.01 trial=1,ok,Method 3: continuous TVQP + ELNCP + PCG,actuator,linear,0.01,1,21038195,0.005,20.0,198.0,15000.0,0.0005,8,0.00020431352485321736,0.00030790539967456593,2.400416220738074e-06,0.31012064669500966,0.4125553093133638,4.8842921808880846e-05,1.8721677680726283e-08,1.6928877076212243e-07,1.868045917492627e-08,8.670092980102715e-11,9.64425,12,1.5675,2,1.8595741398970038,0.00499875,0.009997500000000001,"[0.0, -1.5707963267948966, 1.5707963267948966, 0.0, 1.5707963267948966, 0.0]","[-2.0648854192603716e-06, -1.57079186883089, 1.5707827480518124, 3.979846281821277e-05, 1.5707722517024845, 3.6856254368105418e-06]","[-2.0648854192603716e-06, 4.457964006610027e-06, -1.3578743084163847e-05, 3.979846281821277e-05, -2.407509241209027e-05, 3.6856254368105418e-06]",4000,1.8480791999900248,C:\Users\lyx\Desktop\sci\code\project_method3_tvqp_elncp_pcg_noise_robustness\results\offline_20s_full\representative\actuator_linear_0.01_trial1
Method3 TVQP ELNCP PCG noise robustness offline actuator linear level=0.01 trial=2,ok,Method 3: continuous TVQP + ELNCP + PCG,actuator,linear,0.01,2,20407898,0.005,20.0,198.0,15000.0,0.0005,8,0.00020429808813593654,0.0003102927637776929,5.412490104757573e-06,0.31012374318512304,0.4125566493070534,3.761947516699553e-05,1.8341026305741526e-08,1.674351628742805e-07,1.829851580104639e-08,8.670102547677143e-11,9.67825,12,1.5795,2,1.8595652444276212,0.00499875,0.009997500000000001,"[0.0, -1.5707963267948966, 1.5707963267948966, 0.0, 1.5707963267948966, 0.0]","[1.3631343263720632e-06, -1.5707890938994908, 1.5707664906726269, 1.69906951624337e-05, 1.570791587165749, -1.2637642266120033e-05]","[1.3631343263720632e-06, 7.232895405717699e-06, -2.9836122269699672e-05, 1.69906951624337e-05, -4.739629147598734e-06, -1.2637642266120033e-05]",4000,1.9604982999735512,C:\Users\lyx\Desktop\sci\code\project_method3_tvqp_elncp_pcg_noise_robustness\results\offline_20s_full\representative\actuator_linear_0.01_trial2
Method3 TVQP ELNCP PCG noise robustness offline actuator linear level=0.01 trial=3,ok,Method 3: continuous TVQP + ELNCP + PCG,actuator,linear,0.01,3,21111545,0.005,20.0,198.0,15000.0,0.0005,8,0.0002041783406033461,0.00030926148962159735,6.91816747376611e-06,0.3101239263478202,0.41256142874254564,4.0874804142106265e-05,1.8542033100451896e-08,1.6454610472305205e-07,1.8500408328548617e-08,8.670141790088992e-11,9.641,12,1.56725,2,1.8589658047070952,0.00499875,0.009997500000000001,"[0.0, -1.5707963267948966, 1.5707963267948966, 0.0, 1.5707963267948966, 0.0]","[1.5149940011302872e-05, -1.5707787032715028, 1.5707979622702746, 3.43564752640583e-07, 1.5708166749856094, -2.6717010924922444e-05]","[1.5149940011302872e-05, 1.7623523393739404e-05, 1.6354753780145614e-06, 3.43564752640583e-07, 2.0348190712837777e-05, -2.6717010924922444e-05]",4000,1.8412365000112914,C:\Users\lyx\Desktop\sci\code\project_method3_tvqp_elncp_pcg_noise_robustness\results\offline_20s_full\representative\actuator_linear_0.01_trial3
Method3 TVQP ELNCP PCG noise robustness offline actuator linear level=0.01 trial=4,ok,Method 3: continuous TVQP + ELNCP + PCG,actuator,linear,0.01,4,21105839,0.005,20.0,198.0,15000.0,0.0005,8,0.00020446505581126517,0.00030609576072191194,5.34519872643777e-06,0.3101189126816964,0.4125551399641141,4.210610680272373e-05,1.875368899813266e-08,1.5258376506397357e-07,1.8711883403875475e-08,8.670099456608899e-11,9.65525,13,1.5735,2,1.8589185893454123,0.0049987500000000015,0.009997500000000001,"[0.0, -1.5707963267948966, 1.5707963267948966, 0.0, 1.5707963267948966, 0.0]","[-2.0625980655884354e-05, -1.5707921628168682, 1.5707836338810077, 3.095813933562693e-05, 1.5707821246506748, 2.989495682446209e-06]","[-2.0625980655884354e-05, 4.163978028381976e-06, -1.2692913888834312e-05, 3.095813933562693e-05, -1.4202144221764357e-05, 2.989495682446209e-06]",4000,1.7749441000050865,C:\Users\lyx\Desktop\sci\code\project_method3_tvqp_elncp_pcg_noise_robustness\results\offline_20s_full\representative\actuator_linear_0.01_trial4
Method3 TVQP ELNCP PCG noise robustness offline actuator quadratic level=1e-05 trial=0,ok,Method 3: continuous TVQP + ELNCP + PCG,actuator,quadratic,1e-05,0,20274800,0.005,20.0,198.0,15000.0,0.0005,8,0.00020433740764262104,0.0003074007937496882,6.101144528737662e-07,0.31012090438597134,0.4125530800095363,4.736191183269666e-07,1.970118522489906e-08,1.4766016009303231e-07,1.966142489676936e-08,8.67008348599654e-11,9.549,13,1.5395,2,1.859663181815822,3.3333337500000014e-06,1e-05,"[0.0, -1.5707963267948966, 1.5707963267948966, 0.0, 1.5707963267948966, 0.0]","[-1.569957673223981e-08, -1.5707960669341403, 1.570796707521658, 1.0707805151803429e-07, 1.5707963310941815, -1.0194118186163199e-08]","[-1.569957673223981e-08, 2.598607562465105e-07, 3.807267614508447e-07, 1.0707805151803429e-07, 4.299284928066527e-09, -1.0194118186163199e-08]",4000,1.9123552000091877,C:\Users\lyx\Desktop\sci\code\project_method3_tvqp_elncp_pcg_noise_robustness\results\offline_20s_full\representative\actuator_quadratic_1e-05_trial0
Method3 TVQP ELNCP PCG noise robustness offline actuator quadratic level=1e-05 trial=1,ok,Method 3: continuous TVQP + ELNCP + PCG,actuator,quadratic,1e-05,1,20799409,0.005,20.0,198.0,15000.0,0.0005,8,0.00020433601750561182,0.0003074020629114325,6.031733595106485e-07,0.3101209059429788,0.4125530800114785,4.58718654145696e-07,2.0317433198085505e-08,1.6897783546278503e-07,2.0277389683668434e-08,8.670083679873604e-11,9.552,13,1.54125,2,1.8596573005827053,3.3333337500000006e-06,1e-05,"[0.0, -1.5707963267948966, 1.5707963267948966, 0.0, 1.5707963267948966, 0.0]","[1.4277161640120463e-08, -1.5707960752917862, 1.5707966819203631, 1.4421383826135037e-07, 1.5707963203623507, 3.470734095466023e-09]","[1.4277161640120463e-08, 2.5150311033783623e-07, 3.5512546658900135e-07, 1.4421383826135037e-07, -6.432545829326841e-09, 3.470734095466023e-09]",4000,1.8813656000129413,C:\Users\lyx\Desktop\sci\code\project_method3_tvqp_elncp_pcg_noise_robustness\results\offline_20s_full\representative\actuator_quadratic_1e-05_trial1
Method3 TVQP ELNCP PCG noise robustness offline actuator quadratic level=1e-05 trial=2,ok,Method 3: continuous TVQP + ELNCP + PCG,actuator,quadratic,1e-05,2,20495775,0.005,20.0,198.0,15000.0,0.0005,8,0.00020433655784967444,0.00030740129833156085,6.089873171861134e-07,0.31012090594965475,0.4125530800437234,4.6769988445233194e-07,1.9030318325696868e-08,1.5955708100232474e-07,1.8990531182407285e-08,8.670083698330855e-11,9.62875,13,1.55475,2,1.8596597364447027,3.333333750000001e-06,1e-05,"[0.0, -1.5707963267948966, 1.5707963267948966, 0.0, 1.5707963267948966, 0.0]","[3.610680429577592e-09, -1.5707960428864267, 1.5707966704864431, 1.381019512395479e-07, 1.5707963320839693, 3.003536670933566e-08]","[3.610680429577592e-09, 2.8390846984471807e-07, 3.43691546556002e-07, 1.381019512395479e-07, 5.289072735337186e-09, 3.003536670933566e-08]",4000,1.7102461000031326,C:\Users\lyx\Desktop\sci\code\project_method3_tvqp_elncp_pcg_noise_robustness\results\offline_20s_full\representative\actuator_quadratic_1e-05_trial2
Method3 TVQP ELNCP PCG noise robustness offline actuator quadratic level=1e-05 trial=3,ok,Method 3: continuous TVQP + ELNCP + PCG,actuator,quadratic,1e-05,3,20865478,0.005,20.0,198.0,15000.0,0.0005,8,0.00020433680444093338,0.00030740156917060963,6.036288384338339e-07,0.3101209080828151,0.4125530800126054,4.554359151030974e-07,1.939572300197903e-08,1.489739512327852e-07,1.9356399634058907e-08,8.670083573107243e-11,9.548,13,1.53725,2,1.8596611293653598,3.3333337499999997e-06,9.999999999999999e-06,"[0.0, -1.5707963267948966, 1.5707963267948966, 0.0, 1.5707963267948966, 0.0]","[-6.3237208812935996e-09, -1.5707960605946978, 1.5707966786754988, 1.1145405173558907e-07, 1.5707963151401294, 1.189705991640939e-08]","[-6.3237208812935996e-09, 2.662001987729923e-07, 3.5188060221180706e-07, 1.1145405173558907e-07, -1.1654767151370038e-08, 1.189705991640939e-08]",4000,1.79798220001976,C:\Users\lyx\Desktop\sci\code\project_method3_tvqp_elncp_pcg_noise_robustness\results\offline_20s_full\representative\actuator_quadratic_1e-05_trial3
Method3 TVQP ELNCP PCG noise robustness offline actuator quadratic level=1e-05 trial=4,ok,Method 3: continuous TVQP + ELNCP + PCG,actuator,quadratic,1e-05,4,20510790,0.005,20.0,198.0,15000.0,0.0005,8,0.00020433646270156218,0.0003074015420495477,6.069773461374275e-07,0.31012090441692425,0.4125530800477506,4.6877818351058216e-07,1.9673052832381216e-08,1.6619564458890815e-07,1.9633859091075514e-08,8.670083638412556e-11,9.5945,13,1.5455,2,1.8596580094713326,3.3333337500000014e-06,1.0000000000000003e-05,"[0.0, -1.5707963267948966, 1.5707963267948966, 0.0, 1.5707963267948966, 0.0]","[1.6561896080135848e-08, -1.5707960683407522, 1.5707966886876317, 1.4025538215446746e-07, 1.5707963642567115, -2.5275139786990253e-08]","[1.6561896080135848e-08, 2.5845414430847313e-07, 3.6189273511233466e-07, 1.4025538215446746e-07, 3.7461814983430486e-08, -2.5275139786990253e-08]",4000,1.917881800007308,C:\Users\lyx\Desktop\sci\code\project_method3_tvqp_elncp_pcg_noise_robustness\results\offline_20s_full\representative\actuator_quadratic_1e-05_trial4
Method3 TVQP ELNCP PCG noise robustness offline actuator quadratic level=5e-05 trial=0,ok,Method 3: continuous TVQP + ELNCP + PCG,actuator,quadratic,5e-05,0,20648403,0.005,20.0,198.0,15000.0,0.0005,8,0.0002043325322806752,0.0003074049651098321,5.911590626496205e-07,0.3101209072139534,0.41255308001333924,4.5905320954314915e-07,1.822032982166664e-08,1.5542748217224215e-07,1.8180134934719715e-08,8.67008477104874e-11,9.7005,13,1.569,2,1.8596432692265947,1.6666668750000004e-05,5e-05,"[0.0, -1.5707963267948966, 1.5707963267948966, 0.0, 1.5707963267948966, 0.0]","[8.07014883120199e-08, -1.5707961125906709, 1.5707966570726606, 2.0711480459130228e-07, 1.570796261498259, -4.571732814090934e-08]","[8.07014883120199e-08, 2.142042256902954e-07, 3.3027776402683173e-07, 2.0711480459130228e-07, -6.529663765242333e-08, -4.571732814090934e-08]",4000,1.8269336000084877,C:\Users\lyx\Desktop\sci\code\project_method3_tvqp_elncp_pcg_noise_robustness\results\offline_20s_full\representative\actuator_quadratic_5e-05_trial0
Method3 TVQP ELNCP PCG noise robustness offline actuator quadratic level=5e-05 trial=1,ok,Method 3: continuous TVQP + ELNCP + PCG,actuator,quadratic,5e-05,1,20952037,0.005,20.0,198.0,15000.0,0.0005,8,0.00020433864300520687,0.0003074006850684419,6.222459910182041e-07,0.3101208954148717,0.41255308001063606,5.416337309155345e-07,1.925059103953442e-08,1.407075052912382e-07,1.921102705804334e-08,8.670083634939759e-11,9.679,13,1.56,2,1.8596633220956462,1.6666668750000004e-05,5.000000000000001e-05,"[0.0, -1.5707963267948966, 1.5707963267948966, 0.0, 1.5707963267948966, 0.0]","[5.261250507428076e-09, -1.570796066279045, 1.570796719018215, 1.961163346501813e-07, 1.570796498681144, -6.021028522004129e-08]","[5.261250507428076e-09, 2.6051585155784096e-07, 3.922233184905366e-07, 1.961163346501813e-07, 1.7188624745756442e-07, -6.021028522004129e-08]",4000,1.9723979999835137,C:\Users\lyx\Desktop\sci\code\project_method3_tvqp_elncp_pcg_noise_robustness\results\offline_20s_full\representative\actuator_quadratic_5e-05_trial1
Method3 TVQP ELNCP PCG noise robustness offline actuator quadratic level=5e-05 trial=2,ok,Method 3: continuous TVQP + ELNCP + PCG,actuator,quadratic,5e-05,2,21122172,0.005,20.0,198.0,15000.0,0.0005,8,0.00020433707775036042,0.00030740130400346444,6.073214088473555e-07,0.31012089983437363,0.4125530800109991,5.161233049588226e-07,1.833953826237058e-08,1.6301189352161e-07,1.8298938089310294e-08,8.670084065436152e-11,9.72825,13,1.57325,2,1.8596563852992944,1.6666668750000004e-05,5.000000000000001e-05,"[0.0, -1.5707963267948966, 1.5707963267948966, 0.0, 1.5707963267948966, 0.0]","[4.044277438691725e-08, -1.570796116425542, 1.57079674263358, 1.2179317071468388e-07, 1.5707964850834601, 8.76454567269392e-08]","[4.044277438691725e-08, 2.1036935460294615e-07, 4.158386834873795e-07, 1.2179317071468388e-07, 1.5828856358979237e-07, 8.76454567269392e-08]",4000,1.84277970000403,C:\Users\lyx\Desktop\sci\code\project_method3_tvqp_elncp_pcg_noise_robustness\results\offline_20s_full\representative\actuator_quadratic_5e-05_trial2
Method3 TVQP ELNCP PCG noise robustness offline actuator quadratic level=5e-05 trial=3,ok,Method 3: continuous TVQP + ELNCP + PCG,actuator,quadratic,5e-05,3,21123747,0.005,20.0,198.0,15000.0,0.0005,8,0.00020433496625349,0.00030740422918628643,5.815835787581622e-07,0.31012091243121104,0.41255308001809277,4.5829457227253245e-07,1.7919102931771198e-08,1.5631182142621196e-07,1.787865915767074e-08,8.670084600992254e-11,9.729,13,1.5715,2,1.8596539443145552,1.6666668750000004e-05,5.000000000000001e-05,"[0.0, -1.5707963267948966, 1.5707963267948966, 0.0, 1.5707963267948966, 0.0]","[2.3307083118687383e-08, -1.570796104846179, 1.5707966025778644, 2.677376196653215e-07, 1.5707962610983164, -9.040875310295294e-08]","[2.3307083118687383e-08, 2.219487176269297e-07, 2.7578296779573463e-07, 2.677376196653215e-07, -6.56965801759668e-08, -9.040875310295294e-08]",4000,1.8132080000068527,C:\Users\lyx\Desktop\sci\code\project_method3_tvqp_elncp_pcg_noise_robustness\results\offline_20s_full\representative\actuator_quadratic_5e-05_trial3
Method3 TVQP ELNCP PCG noise robustness offline actuator quadratic level=5e-05 trial=4,ok,Method 3: continuous TVQP + ELNCP + PCG,actuator,quadratic,5e-05,4,20820113,0.005,20.0,198.0,15000.0,0.0005,8,0.00020433856486068636,0.00030740343997486273,5.651451107833965e-07,0.3101209241006875,0.4125530800164454,3.966237693399841e-07,1.8948185684452356e-08,1.6195147678615457e-07,1.8908676448003386e-08,8.670084115277876e-11,9.67475,13,1.55775,2,1.8596637383618473,1.6666668750000004e-05,5e-05,"[0.0, -1.5707963267948966, 1.5707963267948966, 0.0, 1.5707963267948966, 0.0]","[-2.089190636829953e-10, -1.57079611750528, 1.570796624911093, 5.898014687870093e-08, 1.570796458746983, 6.119599493771345e-08]","[-2.089190636829953e-10, 2.0928961652622036e-07, 2.981161963955259e-07, 5.898014687870093e-08, 1.319520863685142e-07, 6.119599493771345e-08]",4000,1.8334365999908186,C:\Users\lyx\Desktop\sci\code\project_method3_tvqp_elncp_pcg_noise_robustness\results\offline_20s_full\representative\actuator_quadratic_5e-05_trial4
Method3 TVQP ELNCP PCG noise robustness offline actuator quadratic level=0.0001 trial=0,ok,Method 3: continuous TVQP + ELNCP + PCG,actuator,quadratic,0.0001,0,20947771,0.005,20.0,198.0,15000.0,0.0005,8,0.00020433885913498376,0.00030740070946767535,6.178921616068504e-07,0.31012089241510254,0.41255308001040514,6.696723768295326e-07,1.8687363689398336e-08,1.5989375176109787e-07,1.8647347126171887e-08,8.670082963303957e-11,9.70125,13,1.56525,2,1.8596728161614597,3.333333750000001e-05,9.999999999999999e-05,"[0.0, -1.5707963267948966, 1.5707963267948966, 0.0, 1.5707963267948966, 0.0]","[-9.639906248064407e-08, -1.5707962287219113, 1.5707969381341846, -4.17425187851325e-08, 1.5707961550715566, -1.5678945778839397e-07]","[-9.639906248064407e-08, 9.807298528841102e-08, 6.113392880813251e-07, -4.17425187851325e-08, -1.7172333999226908e-07, -1.5678945778839397e-07]",4000,2.019467900012387,C:\Users\lyx\Desktop\sci\code\project_method3_tvqp_elncp_pcg_noise_robustness\results\offline_20s_full\representative\actuator_quadratic_0.0001_trial0
Method3 TVQP ELNCP PCG noise robustness offline actuator quadratic level=0.0001 trial=1,ok,Method 3: continuous TVQP + ELNCP + PCG,actuator,quadratic,0.0001,1,20946196,0.005,20.0,198.0,15000.0,0.0005,8,0.00020434105939892447,0.0003074024429851787,5.630872908700435e-07,0.3101209203818871,0.41255308001731783,5.622852800287483e-07,1.8743388698426968e-08,1.7007425142584762e-07,1.8703655961855793e-08,8.670082738482562e-11,9.69175,13,1.563,2,1.859683341067524,3.333333750000001e-05,0.00010000000000000002,"[0.0, -1.5707963267948966, 1.5707963267948966, 0.0, 1.5707963267948966, 0.0]","[-1.5710897756549153e-07, -1.5707962551503347, 1.5707967819697166, -3.4230850459585806e-08, 1.5707961128821648, 1.7953840068840726e-07]","[-1.5710897756549153e-07, 7.164456183872403e-08, 4.5517482005763554e-07, -3.4230850459585806e-08, -2.1391273175019876e-07, 1.7953840068840726e-07]",4000,1.7710932999907527,C:\Users\lyx\Desktop\sci\code\project_method3_tvqp_elncp_pcg_noise_robustness\results\offline_20s_full\representative\actuator_quadratic_0.0001_trial1
Method3 TVQP ELNCP PCG noise robustness offline actuator quadratic level=0.0001 trial=2,ok,Method 3: continuous TVQP + ELNCP + PCG,actuator,quadratic,0.0001,2,21249830,0.005,20.0,198.0,15000.0,0.0005,8,0.00020434043188906432,0.0003074040406301626,6.958593680258862e-07,0.31012087276719785,0.41255308001776614,7.111753782631547e-07,1.856096093434845e-08,1.5336153058812717e-07,1.852122114578583e-08,8.67008324947643e-11,9.6915,13,1.563,2,1.8596825138908197,3.333333750000001e-05,9.999999999999999e-05,"[0.0, -1.5707963267948966, 1.5707963267948966, 0.0, 1.5707963267948966, 0.0]","[-1.4256669190684568e-07, -1.5707959356850996, 1.5707968303324038, 1.857092865264487e-07, 1.5707961695575783, 1.4041634213232156e-07]","[-1.4256669190684568e-07, 3.911097969933053e-07, 5.035375072459658e-07, 1.857092865264487e-07, -1.5723731827677057e-07, 1.4041634213232156e-07]",4000,1.8179376999905799,C:\Users\lyx\Desktop\sci\code\project_method3_tvqp_elncp_pcg_noise_robustness\results\offline_20s_full\representative\actuator_quadratic_0.0001_trial2
Method3 TVQP ELNCP PCG noise robustness offline actuator quadratic level=0.0001 trial=3,ok,Method 3: continuous TVQP + ELNCP + PCG,actuator,quadratic,0.0001,3,20880127,0.005,20.0,198.0,15000.0,0.0005,8,0.000204340985515298,0.0003074005153731601,5.902627762503664e-07,0.3101209034807488,0.4125530800100692,5.758417264197268e-07,1.8975396924819646e-08,1.867752248694688e-07,1.893502724352559e-08,8.670082399796389e-11,9.7255,13,1.56925,2,1.8596693646388274,3.333333750000001e-05,0.00010000000000000002,"[0.0, -1.5707963267948966, 1.5707963267948966, 0.0, 1.5707963267948966, 0.0]","[-1.6372673025717272e-08, -1.5707961516010858, 1.57079666240724, 3.0793328940312447e-07, 1.5707965937698167, -1.4798173640923052e-07]","[-1.6372673025717272e-08, 1.75193810791896e-07, 3.356123434716807e-07, 3.0793328940312447e-07, 2.669749201711369e-07, -1.4798173640923052e-07]",4000,1.850541299994802,C:\Users\lyx\Desktop\sci\code\project_method3_tvqp_elncp_pcg_noise_robustness\results\offline_20s_full\representative\actuator_quadratic_0.0001_trial3
Method3 TVQP ELNCP PCG noise robustness offline actuator quadratic level=0.0001 trial=4,ok,Method 3: continuous TVQP + ELNCP + PCG,actuator,quadratic,0.0001,4,21194082,0.005,20.0,198.0,15000.0,0.0005,8,0.00020433276069302227,0.00030740804150115446,5.475511024783373e-07,0.31012092310576894,0.4125530800146926,4.94364399836865e-07,1.841737843749925e-08,1.470580275334497e-07,1.8377336628342733e-08,8.670084441320903e-11,9.702,13,1.5655,2,1.859639486287393,3.333333750000001e-05,0.0001,"[0.0, -1.5707963267948966, 1.5707963267948966, 0.0, 1.5707963267948966, 0.0]","[1.1960128894660741e-07, -1.5707961436523887, 1.5707964917747754, 3.781068064305286e-07, 1.5707963980349364, -1.4591865046831978e-07]","[1.1960128894660741e-07, 1.8314250782580643e-07, 1.6497987886943122e-07, 3.781068064305286e-07, 7.124003986724858e-08, -1.4591865046831978e-07]",4000,1.8504247999808285,C:\Users\lyx\Desktop\sci\code\project_method3_tvqp_elncp_pcg_noise_robustness\results\offline_20s_full\representative\actuator_quadratic_0.0001_trial4
Method3 TVQP ELNCP PCG noise robustness offline actuator quadratic level=0.0005 trial=0,ok,Method 3: continuous TVQP + ELNCP + PCG,actuator,quadratic,0.0005,0,20411989,0.005,20.0,198.0,15000.0,0.0005,8,0.00020435465022123017,0.0003073998146644209,7.474127043508811e-07,0.31012084888421965,0.41255308001540225,2.4054118324701478e-06,1.8823734902663138e-08,1.633548863490409e-07,1.8782740196376122e-08,8.670079287213608e-11,9.65325,13,1.5675,2,1.859697481316906,0.0001666666875,0.0005,"[0.0, -1.5707963267948966, 1.5707963267948966, 0.0, 1.5707963267948966, 0.0]","[-1.775355033900415e-08, -1.5707960943302257, 1.5707973629613747, -6.07002655203649e-07, 1.5707976713054936, 1.575388565552054e-06]","[-1.775355033900415e-08, 2.3246467084625522e-07, 1.036166478174394e-06, -6.07002655203649e-07, 1.3445105970788518e-06, 1.575388565552054e-06]",4000,1.862426100007724,C:\Users\lyx\Desktop\sci\code\project_method3_tvqp_elncp_pcg_noise_robustness\results\offline_20s_full\representative\actuator_quadratic_0.0005_trial0
Method3 TVQP ELNCP PCG noise robustness offline actuator quadratic level=0.0005 trial=1,ok,Method 3: continuous TVQP + ELNCP + PCG,actuator,quadratic,0.0005,1,20596151,0.005,20.0,198.0,15000.0,0.0005,8,0.00020436781460142362,0.0003074018005658759,4.3325610801688096e-07,0.31012097570502656,0.41255308002832103,1.7725993772406568e-06,1.8714856998317597e-08,1.5632290240662455e-07,1.8673760120826764e-08,8.670076658557938e-11,9.66275,13,1.569,2,1.8597901670038672,0.0001666666875,0.0004999999999999999,"[0.0, -1.5707963267948966, 1.5707963267948966, 0.0, 1.5707963267948966, 0.0]","[-7.370737302644943e-07, -1.5707966861607816, 1.5707963147430355, 9.211824027979625e-07, 1.5707961769477028, -1.2643221824169222e-06]","[-7.370737302644943e-07, -3.593658850498116e-07, -1.2051861064676928e-08, 9.211824027979625e-07, -1.4984719376442968e-07, -1.2643221824169222e-06]",4000,1.7655331999994814,C:\Users\lyx\Desktop\sci\code\project_method3_tvqp_elncp_pcg_noise_robustness\results\offline_20s_full\representative\actuator_quadratic_0.0005_trial1
Method3 TVQP ELNCP PCG noise robustness offline actuator quadratic level=0.0005 trial=2,ok,Method 3: continuous TVQP + ELNCP + PCG,actuator,quadratic,0.0005,2,20594576,0.005,20.0,198.0,15000.0,0.0005,8,0.0002043137069999152,0.0003074182771169909,7.214521655815778e-07,0.31012082738376734,0.4125530800240831,2.1336620318775206e-06,1.8361271800062944e-08,1.594810577255752e-07,1.8319738387887952e-08,8.67008472702893e-11,9.686,13,1.5745,2,1.8595360862908816,0.0001666666875,0.0005,"[0.0, -1.5707963267948966, 1.5707963267948966, 0.0, 1.5707963267948966, 0.0]","[7.420841227014729e-07, -1.5707961316877745, 1.5707966854093216, 1.1067340561450182e-06, 1.5707969854219972, -1.4752978673733044e-06]","[7.420841227014729e-07, 1.951071220140932e-07, 3.5861442504447893e-07, 1.1067340561450182e-06, 6.586271006359112e-07, -1.4752978673733044e-06]",4000,1.8185783999797422,C:\Users\lyx\Desktop\sci\code\project_method3_tvqp_elncp_pcg_noise_robustness\results\offline_20s_full\representative\actuator_quadratic_0.0005_trial2
Method3 TVQP ELNCP PCG noise robustness offline actuator quadratic level=0.0005 trial=3,ok,Method 3: continuous TVQP + ELNCP + PCG,actuator,quadratic,0.0005,3,20898210,0.005,20.0,198.0,15000.0,0.0005,8,0.0002043876814634943,0.0003073808903649164,6.324973195131686e-07,0.3101209476553718,0.412553080021385,1.5392072818213914e-06,1.8627931744649604e-08,1.6390747783121013e-07,1.8587499233301964e-08,8.670075281735743e-11,9.746,13,1.573,2,1.859889886633364,0.0001666666875,0.0005,"[0.0, -1.5707963267948966, 1.5707963267948966, 0.0, 1.5707963267948966, 0.0]","[-1.319826231732121e-06, -1.570796531259122, 1.5707968834528572, 3.379122904876257e-08, 1.5707958064233598, 6.013057772513469e-08]","[-1.319826231732121e-06, -2.04464225550538e-07, 5.566579606153255e-07, 3.379122904876257e-08, -5.203715367496642e-07, 6.013057772513469e-08]",4000,1.8311399999947753,C:\Users\lyx\Desktop\sci\code\project_method3_tvqp_elncp_pcg_noise_robustness\results\offline_20s_full\representative\actuator_quadratic_0.0005_trial3
Method3 TVQP ELNCP PCG noise robustness offline actuator quadratic level=0.0005 trial=4,ok,Method 3: continuous TVQP + ELNCP + PCG,actuator,quadratic,0.0005,4,21175999,0.005,20.0,198.0,15000.0,0.0005,8,0.00020437343651090345,0.00030739328073916866,8.234195880632622e-07,0.31012081677165587,0.41255308000827484,1.9031010847061988e-06,1.8982367182502558e-08,1.501409287546469e-07,1.8941993635622996e-08,8.670075513958273e-11,9.6755,13,1.569,2,1.8597987237935856,0.0001666666875,0.0005,"[0.0, -1.5707963267948966, 1.5707963267948966, 0.0, 1.5707963267948966, 0.0]","[-6.848124897304598e-07, -1.5707963738933022, 1.5707977779087396, -5.651238938548145e-07, 1.5707968748291987, 6.520501018760335e-07]","[-6.848124897304598e-07, -4.7098405620005224e-08, 1.4511138430872705e-06, -5.651238938548145e-07, 5.480343021613265e-07, 6.520501018760335e-07]",4000,1.8821458000165876,C:\Users\lyx\Desktop\sci\code\project_method3_tvqp_elncp_pcg_noise_robustness\results\offline_20s_full\representative\actuator_quadratic_0.0005_trial4
Method3 TVQP ELNCP PCG noise robustness offline actuator quadratic level=0.001 trial=0,ok,Method 3: continuous TVQP + ELNCP + PCG,actuator,quadratic,0.001,0,20956167,0.005,20.0,198.0,15000.0,0.0005,8,0.00020437726321746028,0.0003074115102977844,1.1899841809679637e-06,0.3101207233929,0.4125530800139334,4.3982240731159665e-06,1.8748424607185334e-08,1.3704457177363513e-07,1.8707384508356955e-08,8.670077035623757e-11,9.6475,12,1.5645,2,1.859810619988447,0.000333333375,0.0010000000000000002,"[0.0, -1.5707963267948966, 1.5707963267948966, 0.0, 1.5707963267948966, 0.0]","[-6.523663163103276e-07, -1.570795258681906, 1.570797800930615, -4.575260762291886e-07, 1.5707974412011356, 3.7621297603747463e-06]","[-6.523663163103276e-07, 1.068112990498804e-06, 1.4741357183822856e-06, -4.575260762291886e-07, 1.1144062390666676e-06, 3.7621297603747463e-06]",4000,1.9119385000085458,C:\Users\lyx\Desktop\sci\code\project_method3_tvqp_elncp_pcg_noise_robustness\results\offline_20s_full\representative\actuator_quadratic_0.001_trial0
Method3 TVQP ELNCP PCG noise robustness offline actuator quadratic level=0.001 trial=1,ok,Method 3: continuous TVQP + ELNCP + PCG,actuator,quadratic,0.001,1,20563276,0.005,20.0,198.0,15000.0,0.0005,8,0.00020426597203899316,0.00030749308116243186,6.030156399421926e-07,0.3101211707437605,0.4125530800154682,2.7161821421603427e-06,1.857127533579903e-08,1.720579251807142e-07,1.8530378777621376e-08,8.670096375046036e-11,9.6615,13,1.566,2,1.8593393161174536,0.00033333337499999997,0.001,"[0.0, -1.5707963267948966, 1.5707963267948966, 0.0, 1.5707963267948966, 0.0]","[1.685985343824984e-06, -1.5707970552943764, 1.5707953813861415, -5.878825980118988e-08, 1.5707960794840818, -1.7452710233497148e-06]","[1.685985343824984e-06, -7.28499479851763e-07, -9.454087550597734e-07, -5.878825980118988e-08, -2.4731081471607297e-07, -1.7452710233497148e-06]",4000,1.7899464999791235,C:\Users\lyx\Desktop\sci\code\project_method3_tvqp_elncp_pcg_noise_robustness\results\offline_20s_full\representative\actuator_quadratic_0.001_trial1
Method3 TVQP ELNCP PCG noise robustness offline actuator quadratic level=0.001 trial=2,ok,Method 3: continuous TVQP + ELNCP + PCG,actuator,quadratic,0.001,2,21193573,0.005,20.0,198.0,15000.0,0.0005,8,0.00020435169020879018,0.00030742148472156323,2.5412879568319394e-07,0.3101210992476855,0.412553080010603,4.583959096870796e-06,1.8949341814630836e-08,1.732448758052333e-07,1.8907419880105848e-08,8.670083472308508e-11,9.6665,13,1.57225,2,1.8597854933631788,0.000333333375,0.0010000000000000002,"[0.0, -1.5707963267948966, 1.5707963267948966, 0.0, 1.5707963267948966, 0.0]","[-9.777774535207796e-07, -1.5707964671245551, 1.5707956005718995, 7.895569352894346e-07, 1.5707941208259257, -3.744307779058178e-06]","[-9.777774535207796e-07, -1.4032965856003443e-07, -7.262229970717016e-07, 7.895569352894346e-07, -2.205968970825367e-06, -3.744307779058178e-06]",4000,1.8099894000042696,C:\Users\lyx\Desktop\sci\code\project_method3_tvqp_elncp_pcg_noise_robustness\results\offline_20s_full\representative\actuator_quadratic_0.001_trial2
Method3 TVQP ELNCP PCG noise robustness offline actuator quadratic level=0.001 trial=3,ok,Method 3: continuous TVQP + ELNCP + PCG,actuator,quadratic,0.001,3,20497207,0.005,20.0,198.0,15000.0,0.0005,8,0.00020430363272506017,0.00030743940370469924,6.373067524980873e-07,0.3101208878014688,0.4125530800144308,3.705571098400874e-06,1.9377861772295857e-08,1.5241238852900318e-07,1.9337351401952698e-08,8.670082536262225e-11,9.66,13,1.5665,2,1.859410844914032,0.00033333337499999997,0.001,"[0.0, -1.5707963267948966, 1.5707963267948966, 0.0, 1.5707963267948966, 0.0]","[1.6917053341337782e-06, -1.570797193648771, 1.5707968875434257, 5.701257870593539e-07, 1.5707991286321794, -1.2760016075604912e-06]","[1.6917053341337782e-06, -8.668538744593945e-07, 5.607485291658776e-07, 5.701257870593539e-07, 2.801837282850883e-06, -1.2760016075604912e-06]",4000,1.915077299985569,C:\Users\lyx\Desktop\sci\code\project_method3_tvqp_elncp_pcg_noise_robustness\results\offline_20s_full\representative\actuator_quadratic_0.001_trial3
Method3 TVQP ELNCP PCG noise robustness offline actuator quadratic level=0.001 trial=4,ok,Method 3: continuous TVQP + ELNCP + PCG,actuator,quadratic,0.001,4,20495632,0.005,20.0,198.0,15000.0,0.0005,8,0.00020428604197236683,0.00030745984121392556,1.1769861227918534e-06,0.3101206104260758,0.41255308001887614,3.5958265966528937e-06,1.89694575987626e-08,1.6939255115625153e-07,1.8928080723021264e-08,8.670085546037561e-11,9.67,13,1.573,2,1.859436818858569,0.0003333333750000001,0.0010000000000000002,"[0.0, -1.5707963267948966, 1.5707963267948966, 0.0, 1.5707963267948966, 0.0]","[1.0875281567858514e-06, -1.5707968983457077, 1.570799205541267, -7.837678513547295e-07, 1.570795853775215, 1.5150448054762389e-06]","[1.0875281567858514e-06, -5.715508111237e-07, 2.87874637039387e-06, -7.837678513547295e-07, -4.7301968164603636e-07, 1.5150448054762389e-06]",4000,1.8727772000129335,C:\Users\lyx\Desktop\sci\code\project_method3_tvqp_elncp_pcg_noise_robustness\results\offline_20s_full\representative\actuator_quadratic_0.001_trial4
Method3 TVQP ELNCP PCG noise robustness offline actuator quadratic level=0.005 trial=0,ok,Method 3: continuous TVQP + ELNCP + PCG,actuator,quadratic,0.005,0,20479546,0.005,20.0,198.0,15000.0,0.0005,8,0.0002040867615557119,0.0003076880470616087,3.6344614151778905e-06,0.3101198919120376,0.4125530800247412,2.1007813273829327e-05,1.728673542855298e-08,1.779174895926678e-07,1.7244518338114924e-08,8.670128415407286e-11,9.79825,13,1.6,2,1.8584406986766036,0.001666666875,0.005,"[0.0, -1.5707963267948966, 1.5707963267948966, 0.0, 1.5707963267948966, 0.0]","[7.271872976899017e-06, -1.570788217323648, 1.5707937458485597, 1.153895812964185e-05, 1.5708014184866803, -1.2527984438575394e-05]","[7.271872976899017e-06, 8.109471248518574e-06, -2.580946336872003e-06, 1.153895812964185e-05, 5.0916917837540154e-06, -1.2527984438575394e-05]",4000,2.0363213999953587,C:\Users\lyx\Desktop\sci\code\project_method3_tvqp_elncp_pcg_noise_robustness\results\offline_20s_full\representative\actuator_quadratic_0.005_trial0
Method3 TVQP ELNCP PCG noise robustness offline actuator quadratic level=0.005 trial=1,ok,Method 3: continuous TVQP + ELNCP + PCG,actuator,quadratic,0.005,1,21175912,0.005,20.0,198.0,15000.0,0.0005,8,0.0002041422440528175,0.0003077423229874067,2.971213869443795e-06,0.31012234123733223,0.4125530800095394,1.889844370760444e-05,1.841006693622239e-08,1.4426244296803633e-07,1.8367718589203803e-08,8.670138444062466e-11,9.6845,12,1.57725,2,1.858863302389738,0.001666666875,0.005,"[0.0, -1.5707963267948966, 1.5707963267948966, 0.0, 1.5707963267948966, 0.0]","[3.6043183527393505e-06, -1.5708021642023546, 1.5707974433975191, -1.5965570812877295e-05, 1.5707910116100885, 5.068263569346659e-06]","[3.6043183527393505e-06, -5.837407458075816e-06, 1.1166026225861714e-06, -1.5965570812877295e-05, -5.315184808063478e-06, 5.068263569346659e-06]",4000,1.8430270999961067,C:\Users\lyx\Desktop\sci\code\project_method3_tvqp_elncp_pcg_noise_robustness\results\offline_20s_full\representative\actuator_quadratic_0.005_trial1
Method3 TVQP ELNCP PCG noise robustness offline actuator quadratic level=0.005 trial=2,ok,Method 3: continuous TVQP + ELNCP + PCG,actuator,quadratic,0.005,2,20545615,0.005,20.0,198.0,15000.0,0.0005,8,0.0002040218084133329,0.00030765014020923774,2.421516956774281e-06,0.31012148167944464,0.4125530800092423,1.966625711620343e-05,1.8777583824194934e-08,1.4974452275954763e-07,1.873610485440068e-08,8.670159189879893e-11,9.6705,13,1.57025,2,1.858358870888662,0.001666666875,0.005,"[0.0, -1.5707963267948966, 1.5707963267948966, 0.0, 1.5707963267948966, 0.0]","[6.398593864669505e-06, -1.570798536256831, 1.5708012373409588, -1.7031914575024488e-05, 1.5707915526021832, 1.9863158587878635e-06]","[6.398593864669505e-06, -2.2094619345214284e-06, 4.910546062220078e-06, -1.7031914575024488e-05, -4.774192713385972e-06, 1.9863158587878635e-06]",4000,1.88293920000433,C:\Users\lyx\Desktop\sci\code\project_method3_tvqp_elncp_pcg_noise_robustness\results\offline_20s_full\representative\actuator_quadratic_0.005_trial2
Method3 TVQP ELNCP PCG noise robustness offline actuator quadratic level=0.005 trial=3,ok,Method 3: continuous TVQP + ELNCP + PCG,actuator,quadratic,0.005,3,20547190,0.005,20.0,198.0,15000.0,0.0005,8,0.00020471578623723784,0.0003073545853578328,4.609891664798398e-06,0.31012044099547054,0.41255308000995883,1.6307487549826617e-05,1.7381994807476255e-08,1.484418136777218e-07,1.7339022959487425e-08,8.670047898522528e-11,9.839,14,1.613,2,1.861073308908511,0.001666666875,0.005,"[0.0, -1.5707963267948966, 1.5707963267948966, 0.0, 1.5707963267948966, 0.0]","[-8.403830513707784e-06, -1.5707898668304041, 1.5708000699466693, -4.422991432372116e-06, 1.5707967909393543, -1.0944824035065532e-05]","[-8.403830513707784e-06, 6.45996449244457e-06, 3.7431517727615216e-06, -4.422991432372116e-06, 4.641444577568876e-07, -1.0944824035065532e-05]",4000,1.8753184000088368,C:\Users\lyx\Desktop\sci\code\project_method3_tvqp_elncp_pcg_noise_robustness\results\offline_20s_full\representative\actuator_quadratic_0.005_trial3
Method3 TVQP ELNCP PCG noise robustness offline actuator quadratic level=0.005 trial=4,ok,Method 3: continuous TVQP + ELNCP + PCG,actuator,quadratic,0.005,4,21243556,0.005,20.0,198.0,15000.0,0.0005,8,0.00020421305677079202,0.00030770555029435237,4.344234367599018e-06,0.3101193101347765,0.4125530800110555,1.9682651803691935e-05,1.7455324285994164e-08,1.6242449523690865e-07,1.7411620222540095e-08,8.670093695802084e-11,9.772,13,1.6035,2,1.858784867808249,0.0016666668750000002,0.005,"[0.0, -1.5707963267948966, 1.5707963267948966, 0.0, 1.5707963267948966, 0.0]","[6.114214825603958e-06, -1.5707934868879456, 1.5708083804632298, -8.21649068698502e-06, 1.5708067976996067, -4.417759913709163e-06]","[6.114214825603958e-06, 2.8399069509355e-06, 1.2053668333233958e-05, -8.21649068698502e-06, 1.0470904710180307e-05, -4.417759913709163e-06]",4000,1.914936699991813,C:\Users\lyx\Desktop\sci\code\project_method3_tvqp_elncp_pcg_noise_robustness\results\offline_20s_full\representative\actuator_quadratic_0.005_trial4
Method3 TVQP ELNCP PCG noise robustness offline actuator quadratic level=0.01 trial=0,ok,Method 3: continuous TVQP + ELNCP + PCG,actuator,quadratic,0.01,0,20986822,0.005,20.0,198.0,15000.0,0.0005,8,0.00020390590937860144,0.00030774759627399316,3.318436130068661e-06,0.3101219859713004,0.4125530800148842,4.565881845629958e-05,1.776713613939903e-08,1.533773786523198e-07,1.7724670832306124e-08,8.670194208880781e-11,9.674,13,1.5775,2,1.8568134416169546,0.00333333375,0.01,"[0.0, -1.5707963267948966, 1.5707963267948966, 0.0, 1.5707963267948966, 0.0]","[1.9866813043428582e-05, -1.57079089873772, 1.5707897592609452, -9.977049546183116e-06, 1.5708275721477198, 2.3272892916643863e-05]","[1.9866813043428582e-05, 5.428057176626311e-06, -6.567533951340465e-06, -9.977049546183116e-06, 3.124535282328367e-05, 2.3272892916643863e-05]",4000,1.858854899997823,C:\Users\lyx\Desktop\sci\code\project_method3_tvqp_elncp_pcg_noise_robustness\results\offline_20s_full\representative\actuator_quadratic_0.01_trial0
Method3 TVQP ELNCP PCG noise robustness offline actuator quadratic level=0.01 trial=1,ok,Method 3: continuous TVQP + ELNCP + PCG,actuator,quadratic,0.01,1,20617119,0.005,20.0,198.0,15000.0,0.0005,8,0.000204766445245539,0.0003075785220275679,5.59950252964219e-06,0.31012368457453054,0.41255308001304347,4.254810918939073e-05,1.781924077734801e-08,1.3979197175439937e-07,1.7776106886523116e-08,8.670051142942495e-11,9.785,13,1.602,2,1.8606103058325103,0.00333333375,0.01,"[0.0, -1.5707963267948966, 1.5707963267948966, 0.0, 1.5707963267948966, 0.0]","[-1.713406394576859e-06, -1.5708060991422232, 1.570799470250173, -3.395997419251195e-05, 1.5708195906750602, -2.7455023853264248e-06]","[-1.713406394576859e-06, -9.772347326686415e-06, 3.1434552765219337e-06, -3.395997419251195e-05, 2.3263880163604256e-05, -2.7455023853264248e-06]",4000,1.8617302000056952,C:\Users\lyx\Desktop\sci\code\project_method3_tvqp_elncp_pcg_noise_robustness\results\offline_20s_full\representative\actuator_quadratic_0.01_trial1
Method3 TVQP ELNCP PCG noise robustness offline actuator quadratic level=0.01 trial=2,ok,Method 3: continuous TVQP + ELNCP + PCG,actuator,quadratic,0.01,2,20600265,0.005,20.0,198.0,15000.0,0.0005,8,0.00020433617958784148,0.0003077923090848228,6.104945242323053e-06,0.31012154170731515,0.41255308000917457,3.178887707269123e-05,1.7832847091559738e-08,1.606928354667332e-07,1.7790845935653446e-08,8.670024595285937e-11,9.80075,14,1.602,2,1.858809999759972,0.00333333375,0.01,"[0.0, -1.5707963267948966, 1.5707963267948966, 0.0, 1.5707963267948966, 0.0]","[5.726934842127554e-06, -1.5708144327963172, 1.5707967538592782, 1.006325222948729e-05, 1.5708084679720993, -2.00261834138624e-05]","[5.726934842127554e-06, -1.810600142060359e-05, 4.2706438163619964e-07, 1.006325222948729e-05, 1.2141177202718012e-05, -2.00261834138624e-05]",4000,1.9615129999874625,C:\Users\lyx\Desktop\sci\code\project_method3_tvqp_elncp_pcg_noise_robustness\results\offline_20s_full\representative\actuator_quadratic_0.01_trial2
Method3 TVQP ELNCP PCG noise robustness offline actuator quadratic level=0.01 trial=3,ok,Method 3: continuous TVQP + ELNCP + PCG,actuator,quadratic,0.01,3,20919178,0.005,20.0,198.0,15000.0,0.0005,8,0.00020410133976687633,0.00030754229302745555,4.087906577673253e-06,0.3101220031387829,0.4125530800124264,3.378864095951692e-05,1.6613130587425455e-08,1.5041052954594873e-07,1.6568284844178477e-08,8.670223846752725e-11,9.8315,13,1.6225,2,1.8595398923947108,0.00333333375,0.01,"[0.0, -1.5707963267948966, 1.5707963267948966, 0.0, 1.5707963267948966, 0.0]","[-2.8796860485512545e-06, -1.5707828087796423, 1.5707857533256113, -6.687998224069532e-07, 1.570767690235715, -4.283090245796927e-06]","[-2.8796860485512545e-06, 1.3518015254287974e-05, -1.0573469285235504e-05, -6.687998224069532e-07, -2.8636559181505206e-05, -4.283090245796927e-06]",4000,1.810254200012423,C:\Users\lyx\Desktop\sci\code\project_method3_tvqp_elncp_pcg_noise_robustness\results\offline_20s_full\representative\actuator_quadratic_0.01_trial3
Method3 TVQP ELNCP PCG noise robustness offline actuator quadratic level=0.01 trial=4,ok,Method 3: continuous TVQP + ELNCP + PCG,actuator,quadratic,0.01,4,20298206,0.005,20.0,198.0,15000.0,0.0005,8,0.0002044990078700884,0.00030752868323872775,3.912109791098529e-06,0.31011943171201367,0.41255308005344227,4.5188419073006936e-05,1.7356480420790107e-08,1.62660001951725e-07,1.731251954465176e-08,8.670027057473214e-11,9.75675,13,1.60175,2,1.859347511136482,0.0033333337500000004,0.01,"[0.0, -1.5707963267948966, 1.5707963267948966, 0.0, 1.5707963267948966, 0.0]","[5.772652620582502e-06, -1.570800094214431, 1.570816060668755, -1.9310207406603952e-05, 1.5708269520017228, 1.715409774358227e-05]","[5.772652620582502e-06, -3.7674195343395667e-06, 1.97338738583408e-05, -1.9310207406603952e-05, 3.062520682628467e-05, 1.715409774358227e-05]",4000,1.8682245000090916,C:\Users\lyx\Desktop\sci\code\project_method3_tvqp_elncp_pcg_noise_robustness\results\offline_20s_full\representative\actuator_quadratic_0.01_trial4
