step,time_s,cycle_period_s,cycle_work_s,state_read_s,state_age_s,controller_step_s,publish_s,sleep_s,command_step_norm_rad,command_step_max_abs_rad,command_velocity_norm_rad_s,command_accel_norm_rad_s2,feedback_velocity_norm_rad_s,tcp_pose_used,tcp_pose_age_s,tcp_fk_error_norm_m,deadline_miss,period_overrun
0,0.0,nan,0.0017434250003134366,4.9600002967054024e-06,0.0014521900002364418,0.0012880129997938639,4.88519999635173e-05,0.003366896999978053,0.0,0.0,0.0,0.0,2.6528486264131e-17,False,nan,nan,False,False
1,0.005,0.005200610999963828,0.0014966939997975715,6.7129994931747206e-06,0.0005228589998296229,0.0010838299995157286,5.2789000619668514e-05,0.0034078930002579,3.0429750382221552e-05,2.0676414800080423e-05,0.00608595007644431,1.217190015288862,8.283943967043727e-19,False,nan,nan,False,False
2,0.01,0.004985128000043915,0.0015396850003526197,6.45199997961754e-06,0.0016258549994745408,0.0011380519999875105,4.885099951934535e-05,0.003388948000065284,1.9569047431514247e-05,1.1756307629839924e-05,0.0039138094863028485,0.5032125031842399,4.5711361781840614e-21,False,nan,nan,False,False
3,0.015,0.005009123000490945,0.0013778309994449955,6.421999387384858e-06,0.0005141339997862815,0.0009838320002018008,4.610599989973707e-05,0.0035332590005054954,1.6552364723258732e-05,1.0200879030142218e-05,0.0033104729446517467,0.1217910181655459,1.4274102340772947e-22,False,nan,nan,False,False
4,0.02,0.004993533999368083,0.001436700999875029,6.401999598892871e-06,0.0009845139993558405,0.0010379539999121334,4.533399987849407e-05,0.0034856090005632723,1.0531227625098898e-05,6.324544341351768e-06,0.0021062455250197795,0.24943188372951255,7.876546382893157e-25,False,nan,nan,False,False
5,0.025,0.004988394000065455,0.0013344700000743615,6.082000254536979e-06,0.0004980330004400457,0.0009458119993723813,5.309999960445566e-05,0.0035844040003212285,2.1631985170228128e-05,1.6555441976207064e-05,0.004326397034045626,1.17181058727304,2.4595777067345308e-26,False,nan,nan,False,False
6,0.03,0.004979097000614274,0.00139900099929946,4.739000360132195e-06,0.0015886159999354277,0.0010151409996979055,4.3711999751394615e-05,0.003548867000063183,1.745607635812992e-05,1.3247588050324666e-05,0.0034912152716259836,0.17679613077063258,1.3572116188650564e-28,False,nan,nan,False,False
7,0.035,0.005023709999477433,0.0013429059999907622,6.090999704611022e-06,0.0005089539999971748,0.0009590859999661916,4.5405000491882674e-05,0.0035810680001304718,1.3623107907537106e-05,1.0116438017959695e-05,0.002724621581507421,0.16104663032798147,4.2381104053360235e-30,False,nan,nan,False,False
8,0.04,0.005003162000321026,0.00153051699999196,6.262000169954263e-06,0.0016250839998974698,0.0011171219994139392,4.827000066143228e-05,0.0033966319997489336,7.515825082008762e-06,6.173227699983255e-06,0.0015031650164017522,0.35307013132597026,2.3386177990965213e-32,False,nan,nan,False,False
9,0.045,0.005006999000215728,0.001334910999503336,6.262000169954263e-06,0.0005168879997654585,0.0009615909993954119,4.554499992082128e-05,0.003585104999729083,7.532773699947513e-06,6.750831023935345e-06,0.0015065547399895022,0.12520507409230258,7.302708144960574e-34,False,nan,nan,False,False
10,0.05,0.004997720999199373,0.0015090870001586154,6.200999450811651e-06,0.0016262569997707033,0.0011164520001329947,4.771000021719374e-05,0.0034106190005331882,2.5355045339099026e-05,1.670327889424783e-05,0.005071009067819806,1.0035053571365589,4.029683456762742e-36,False,nan,nan,False,False
11,0.055,0.0049952570007008035,0.0013822089995301212,5.550000423681922e-06,0.0005163369996807887,0.001002336999590625,4.618700040737167e-05,0.0035398210002313135,1.5132668520210603e-05,9.07792386373174e-06,0.0030265337040421207,0.481780216744507,1.2583329503199277e-37,False,nan,nan,False,False
12,0.06,0.004999445000066771,0.001517101999525039,6.052000571798999e-06,0.0016232710004260298,0.001124485999753233,6.0803999986092094e-05,0.003419605999624764,1.5762236314232545e-05,9.619776475844333e-06,0.003152447262846509,0.03004498766112495,6.943560007591258e-40,False,nan,nan,False,False
13,0.065,0.0050133609993281425,0.0013640850002047955,5.83099972573109e-06,0.0005236609995336039,0.000955400000748341,6.485199992312118e-05,0.0035494390003805165,1.267863719051921e-05,7.432905758442132e-06,0.0025357274381038416,0.1453477479629623,2.1682291138497895e-41,False,nan,nan,False,False
14,0.07,0.004991831000552338,0.0014950400000088848,5.781000254501123e-06,0.001615625999875192,0.001112263000322855,4.5886000407335814e-05,0.003424464999625343,2.482184543829356e-05,2.019986569352349e-05,0.004964369087658712,0.6119964581713325,1.1911036946760945e-43,False,nan,nan,False,False
15,0.075,0.004997471000024234,0.0013557689999288414,6.131999725766946e-06,0.0005129810006110347,0.0009540069995637168,7.989899950189283e-05,0.0035650179997901432,2.3025610756805178e-05,1.8036203715816034e-05,0.004605122151361035,0.0966602379393516,4.203895392974451e-45,False,nan,nan,False,False
16,0.08,0.004998572999284079,0.0014857330006634584,6.201999894983601e-06,0.001626778000172635,0.001069502999598626,4.56750003650086e-05,0.0034357059994363226,2.177563463396335e-05,1.3580168589655273e-05,0.00435512692679267,0.5031056346728306,0.0,False,nan,nan,False,False
17,0.085,0.004996419000235619,0.0013128790005794144,5.982000402582344e-06,0.00047260599967557937,0.000949367999965034,5.3480999667954165e-05,0.003610703999584075,1.3041278164211762e-05,8.580735181507038e-06,0.0026082556328423526,0.36224056570943247,0.0,False,nan,nan,False,False
18,0.09,0.005000216000553337,0.0015446239995071664,6.080999810365029e-06,0.0015889659998720163,0.0011495629996716161,5.611500000668457e-05,0.0033867439997266047,1.830115574785633e-05,1.4145169634200107e-05,0.003660231149571266,0.4872861239766945,0.0,False,nan,nan,False,False
19,0.095,0.005006848999983049,0.0012734349993479555,5.8910000007017516e-06,0.0004869620006502373,0.0009202139999615611,4.486399939196417e-05,0.00365252200026589,1.449615897897413e-05,9.157298829271028e-06,0.002899231795794826,0.22427324297788395,0.0,False,nan,nan,False,False
20,0.1,0.005002359999707551,0.0014627099999415805,5.910999789193738e-06,0.0015936049994706991,0.0010399580005469033,4.537499989964999e-05,0.003450043000157166,2.2469083671053177e-05,1.4419659023495067e-05,0.004493816734210635,1.0692684120254183,0.0,False,nan,nan,False,False
21,0.105,0.004987753000023076,0.0014772169997741003,5.699999746866524e-06,0.0004802799994649831,0.0011102090002168552,4.517500019574072e-05,0.0034694389996730024,1.7939690114455798e-05,1.3704044275337089e-05,0.0035879380228911596,0.2529855417117024,0.0,False,nan,nan,False,False
22,0.11,0.005020343999603938,0.0015118219998839777,5.961000169918407e-06,0.001614924999557843,0.0011330719999023131,4.429300042829709e-05,0.0033956710003621993,2.612361190853085e-05,2.0314578768936557e-05,0.00522472238170617,0.9356864267751237,0.0,False,nan,nan,False,False
23,0.115,0.004980630000318342,0.0012770920002367347,5.670000064128544e-06,0.00048744299965619575,0.0009259940006813849,4.5836000026611146e-05,0.0036503880000964273,2.7559135105783117e-05,2.1088213980197895e-05,0.005511827021156624,0.0644429137154451,0.0,False,nan,nan,False,False
24,0.12,0.005000766999728512,0.0015027549998194445,5.590000000665896e-06,0.0015953079991959385,0.0011287039997114334,4.3801999709103256e-05,0.003422321000471129,2.8096089676829015e-05,2.551220276880634e-05,0.005619217935365802,0.6107144732745196,0.0,False,nan,nan,False,False
25,0.125,0.005001739000363159,0.001306967999880726,5.730000339099206e-06,0.0004833960001633386,0.0009300619994974113,5.718700049328618e-05,0.0036300399997344357,2.7990655942786213e-05,2.5412448435701502e-05,0.005598131188557241,0.021406500627844317,0.0,False,nan,nan,False,False
26,0.13,0.005006587999559997,0.0014000529999975697,5.689999852620531e-06,0.001041811000504822,0.0010299099994881544,4.657699992094422e-05,0.0035258950001662015,2.5659415842601042e-05,2.3096830289575842e-05,0.005131883168520208,0.16241150803412643,0.0,False,nan,nan,False,False
27,0.135,0.004992813000171736,0.0012604009998540278,4.978999641025439e-06,0.00048437699933856493,0.0009057869992830092,4.533500032266602e-05,0.0036794520001421915,4.579693752567824e-05,2.6829012876378752e-05,0.009159387505135648,1.2723076961044886,0.0,False,nan,nan,False,False
28,0.14,0.005014813000343565,0.001562716999615077,5.790000614069868e-06,0.0016072010002972092,0.0011486720004540985,4.929300030198647e-05,0.0033561669997652643,4.2940468557026334e-05,2.693096522566888e-05,0.008588093711405266,0.16142368159369194,0.0,False,nan,nan,False,False
29,0.145,0.004995727999812516,0.001312749000135227,6.1920000007376075e-06,0.0004889259998890338,0.0009194119993480854,8.107200028462103e-05,0.0036019170001964085,3.968521565090886e-05,2.5769866218279624e-05,0.007937043130181771,0.14438424703748573,0.0,False,nan,nan,False,False
30,0.15,0.0049874819997057784,0.0015104600006452529,6.1110004025977105e-06,0.0015782260006744764,0.001129876999584667,4.5464999857358634e-05,0.003420616999392223,3.6715373459481855e-05,2.4972201029813053e-05,0.007343074691896371,0.14529973075045138,0.0,False,nan,nan,False,False
31,0.155,0.005003172000215272,0.0013838220002071466,5.449999662232585e-06,0.00022499100032291608,0.0010166640004172223,4.748899937112583e-05,0.0035411939998084563,3.009833146862968e-05,2.222599078744603e-05,0.006019666293725936,0.3123795087313556,0.0,False,nan,nan,False,False
32,0.16,0.004995778000193241,0.0016010789995561936,5.439999767986592e-06,0.001369865999549802,0.0012025930000163498,5.630599935102509e-05,0.0033309800001006806,0.00010504263316258198,8.912328746828557e-05,0.021008526632516393,3.06922107133425,0.0,False,nan,nan,False,False
33,0.165,0.005009172999962175,0.0012703299998975126,5.4299998737405986e-06,0.0002618909993543639,0.0009182100002362859,4.578499920171453e-05,0.003654234999885375,8.826878605785606e-05,7.488780137936973e-05,0.01765375721157121,0.6713481067974142,0.0,False,nan,nan,False,False
34,0.17,0.004991429999790853,0.0014454580004894524,4.988999535271432e-06,0.0013655990005645435,0.0010220250005659182,4.947300021740375e-05,0.003481430999272561,8.526925113104754e-05,7.227495036160376e-05,0.01705385022620951,0.12045944210232239,0.0,False,nan,nan,False,False
35,0.17500000000000002,0.004993133000425587,0.0013752059994658339,5.521000275621191e-06,0.0002487760002622963,0.0009905349998007296,5.451200013339985e-05,0.003554908999831241,8.021021641424154e-05,6.769976469992888e-05,0.01604204328284831,0.20666608067390752,0.0,False,nan,nan,False,False
36,0.18,0.004997801999707008,0.0016155559997059754,5.038999915996101e-06,0.001359134999802336,0.0012596999995366787,4.6065999413258396e-05,0.003326230000311625,7.58171833025934e-05,6.378733345012576e-05,0.01516343666051868,0.17852401768508572,0.0,False,nan,nan,False,False
37,0.185,0.005013611000322271,0.0013292399999045301,5.541000064113177e-06,0.0002596459999040235,0.0009710989997984143,5.357000009098556e-05,0.0035958660000687814,5.980731971878135e-05,4.960979144919217e-05,0.011961463943756271,0.6485273573510899,3.9010235042269414e-08,False,nan,nan,False,False
38,0.19,0.004999194999982137,0.001376417999381374,5.4299998737405986e-06,0.0013706769996133517,0.0009766100001797895,4.4584000534086954e-05,0.0035420650001469767,4.260005935660566e-05,3.767602950109347e-05,0.008520011871321133,0.832909772196671,3.713437109892359e-12,False,nan,nan,False,False
39,0.195,0.004984796999451646,0.0012450020003598183,4.899000487057492e-06,0.00024289500015584053,0.0009017989996209508,4.547499975160463e-05,0.003698567999890656,6.954623208283638e-05,5.588348749076464e-05,0.013909246416567274,1.2681472580268276,3.448835472245171e-18,False,nan,nan,False,False
40,0.2,0.005018019000090135,0.0015716050002083648,5.80100004299311e-06,0.0013754060000792379,0.0011496939996504807,4.697799977293471e-05,0.003351196999574313,6.703079079560111e-05,5.4459621450711124e-05,0.01340615815912022,0.11940647119215075,3.2030876641157755e-24,False,nan,nan,False,False
41,0.20500000000000002,0.004994586000066192,0.0014281949997894117,6.090999704611022e-06,0.0002464419994794298,0.0010134780004591448,4.5836000026611146e-05,0.003505467000650242,6.646636288124435e-05,5.900185765244461e-05,0.013293272576248872,1.3679475075379528,3.049062954475874e-28,False,nan,nan,False,False
42,0.21,0.005005666999750247,0.0015852290007387637,5.599999894911889e-06,0.001372291000734549,0.0011940759995923145,4.7558999540342484e-05,0.003343853999467683,6.263053403888413e-05,5.4771853059929514e-05,0.012526106807776827,0.7933477953530754,2.831801018208171e-34,False,nan,nan,False,False
43,0.215,0.005002290000447829,0.0013468529996316647,5.920999683439732e-06,0.00026073899971379433,0.0009765189997779089,4.561599962471519e-05,0.0035742350000873557,7.337124635034668e-05,5.61130352504088e-05,0.014674249270069339,0.9893413110177481,2.6956304919335564e-38,False,nan,nan,False,False
44,0.22,0.0049943049998546485,0.0014547350001521409,5.540000529435929e-06,0.0013309229998412775,0.001076587000170548,4.5365000005404e-05,0.0034731959995042416,6.754830643930428e-05,5.727482746171688e-05,0.013509661287860856,0.6736810561882624,2.5223372357846707e-44,False,nan,nan,False,False
45,0.225,0.005000787000426499,0.0013956039992990554,5.660000169882551e-06,0.0002619910001158132,0.0009955250006896676,5.317000068316702e-05,0.003589895000004617,8.623397480583997e-05,7.584467557910439e-05,0.017246794961167995,0.8840746623315149,0.0,False,nan,nan,False,False
46,0.23,0.005095003999485925,0.0017479640000601648,8.085000445134938e-06,0.0014768869996260037,0.001321935999840207,6.236599983822089e-05,0.003145591999782482,8.242061832346045e-05,7.020465590919815e-05,0.01648412366469209,0.5241877851243217,0.0,False,nan,nan,False,False
47,0.23500000000000001,0.005003102000046056,0.0015943959997457569,8.23600021249149e-06,0.00033441599953221157,0.001136910000241187,5.410100038716337e-05,0.0032924480001383927,9.068057178978085e-05,8.061002174726754e-05,0.018136114357956166,1.0067943906238521,0.0,False,nan,nan,False,False
48,0.24,0.004995917999622179,0.0017653970007813768,8.365000212506857e-06,0.0014708160006193793,0.0013486260004356154,5.354000040824758e-05,0.0030753510000067763,8.964336065634258e-05,7.895808299510299e-05,0.017928672131268517,0.4164603271699643,0.00015417519898619503,False,nan,nan,False,False
49,0.245,0.004922080000142159,0.0014232960002118489,6.532000043080188e-06,0.0002901230000134092,0.0010244190007142606,5.037399932916742e-05,0.0035971280003650463,0.0001366860089031489,0.0001186492800010782,0.027337201780629785,2.0670858220788935,0.0001446881506126374,False,nan,nan,False,False
50,0.25,0.005129158000272582,0.0017384259999744245,7.964999895193614e-06,0.00151476700011699,0.0013063970000075642,5.2798999604419805e-05,0.0031044349998410325,0.00013122435730975697,0.00011458931610991137,0.026244871461951393,0.27307259146752433,0.00015835135127417743,False,nan,nan,False,False
51,0.255,0.004951574999722652,0.001708600000711158,8.586000149080064e-06,0.00033737200010364177,0.0012680459994953708,5.283900009089848e-05,0.0031267869999282993,0.00012576748220216512,0.00011047221412682778,0.025153496440433024,0.2940043294509907,0.00016979720385279506,False,nan,nan,False,False
52,0.26,0.004920056000628392,0.0016922699996939627,6.48199966235552e-06,0.0013883410001653829,0.0012811999995392398,6.065399975341279e-05,0.00321528299991769,0.00012140499892508685,0.00010672716620419863,0.024280999785017368,0.2018635559653172,0.00018406356684863567,False,nan,nan,False,False
53,0.265,0.004978264999408566,0.0014832580000074813,5.7309998737764545e-06,0.0002534949999244418,0.001065095000740257,6.054299956304021e-05,0.003447368000706774,0.0001129080811042672,9.954051313085336e-05,0.022581616220853442,0.4641300189396676,0.000516328087542206,False,nan,nan,False,False
54,0.27,0.005004444000405783,0.0016490289999637753,5.7309998737764545e-06,0.0013681529999303166,0.001263096000002406,5.015399983676616e-05,0.0032894119995035,0.00011300185367972505,9.959508449277325e-05,0.022600370735945008,0.011380150562834838,0.0015272238524630666,False,nan,nan,False,False
55,0.275,0.005007759999898553,0.0012602010001501185,5.449999662232585e-06,0.0002397089992882684,0.000909283000510186,4.6967999878688715e-05,0.0036660369996752706,0.00011231029041347938,9.930031788703422e-05,0.022462058082695878,0.25386817879480045,0.0015523198526352644,False,nan,nan,False,False
56,0.28,0.005001468999580538,0.0014626700003645965,5.9710000641644e-06,0.0013851650001015514,0.0010897710008066497,4.6486999963235576e-05,0.003456313999777194,0.00014965082344921954,0.00012937424096861222,0.029930164689843906,1.7216236695777325,0.0014278986491262913,False,nan,nan,False,False
57,0.28500000000000003,0.004992923000827432,0.0013874689993826905,5.280000550555997e-06,0.0002621809999254765,0.0009900850000121864,5.357099962566281e-05,0.003539399000146659,0.0001461398776062089,0.00012703499569577053,0.02922797552124178,0.205283142097568,0.0017723269993439317,False,nan,nan,False,False
58,0.29,0.005003050999221159,0.001614063000488386,5.280000550555997e-06,0.0013783330005026073,0.0012292219998926157,4.865200025960803e-05,0.0033046709995687706,0.0001409403203951678,0.00012361217807459478,0.028188064079033556,0.35010360520983347,0.002291214419528842,False,nan,nan,False,False
59,0.295,0.004984156000318762,0.0013911759997426998,5.25900031789206e-06,0.0002335070003027795,0.0009959050003089942,4.738899951917119e-05,0.0036032699999850593,0.00013419858282281028,0.00011833229177964083,0.026839716564562056,0.46007282673660765,0.0020176993966262258,False,nan,nan,False,False
60,0.3,0.005104691999804345,0.001743366000482638,8.174999493348878e-06,0.001447170999199443,0.0013263150003695046,5.267899996397318e-05,0.0031495089997406467,0.00014020057277883287,0.00012243878001395685,0.028040114555766573,0.45852145644095976,0.0024367943406159148,False,nan,nan,False,False
61,0.305,0.005002500000045984,0.0016634270004942664,8.275999789475463e-06,0.00036475300021265866,0.001136640000368061,5.3359000048658345e-05,0.0033021749995896243,0.0001423327339124335,0.00012536736027955002,0.028466546782486696,0.5501569508001544,0.002377634169533854,False,nan,nan,False,False
62,0.31,0.005075658000350813,0.001680297999882896,8.476000402879436e-06,0.0015402349999931175,0.0012182620002931799,5.429199973150389e-05,0.003078405999985989,0.00014405124975931685,0.000127011952727708,0.02881024995186337,0.1960105233876933,0.001983776455745101,False,nan,nan,False,False
63,0.315,0.004865904999860504,0.0016324680000252556,6.692999704682734e-06,0.000316773000122339,0.0010660059997462668,5.860900000698166e-05,0.0032595149996268447,0.00013795336478634275,0.00012005254478441365,0.02759067295726855,0.5225425454848599,0.001999093219637871,False,nan,nan,False,False
64,0.32,0.004968395999640052,0.0015542119999736315,6.331999429676216e-06,0.0013889920001020073,0.0011387829999875976,4.938199981552316e-05,0.0033623080007600947,0.000141498638394817,0.00012410834312810367,0.0282997276789634,0.2964393021606461,0.002655561314895749,False,nan,nan,False,False
65,0.325,0.00498447700010729,0.0014284560002124636,5.200000487093348e-06,0.0002661580001586117,0.001018017000205873,4.650699975172756e-05,0.0034997450002265396,0.00018561145184824547,0.00016028616934138606,0.03712229036964909,2.472845007499614,0.0022144936956465244,False,nan,nan,False,False
66,0.33,0.005000477000066894,0.0015931440002532327,5.130000317876693e-06,0.0013868380001440528,0.0011963099996137316,4.765899939229712e-05,0.0033431720003136434,0.00018168870759368436,0.00015777001183819872,0.036337741518736866,0.34920534612040777,0.002238467102870345,False,nan,nan,False,False
67,0.335,0.005009393000364071,0.0013736729997617658,5.881000106455758e-06,0.00028077600018150406,0.0009916070002873312,6.0043000303267036e-05,0.0035512419999577105,0.00017790526493238838,0.00015496553620518232,0.03558105298647767,0.27181137635682734,0.003062881762161851,False,nan,nan,False,False
68,0.34,0.005000917999495869,0.0014610460002586478,5.900999894947745e-06,0.001345972000308393,0.0010779590002130135,4.4444000195653643e-05,0.0034683769999901415,0.00017363436644254448,0.0001516082957541472,0.034726873288508896,0.26160242781612675,0.004234072134050164,False,nan,nan,False,False
69,0.34500000000000003,0.0050082010002370225,0.0013810569998895517,5.380000402510632e-06,0.0002705570004764013,0.0009646270000303048,5.4693000492989086e-05,0.0035368349999771453,0.00016660697468433473,0.0001457191411506704,0.03332139493686695,0.6947320254168436,0.00408982727903962,False,nan,nan,False,False
70,0.35000000000000003,0.004990919000192662,0.0016604100001131883,5.580000106419902e-06,0.0013455309999699239,0.001280789000702498,4.8271000196109526e-05,0.003263502999288903,0.00019198305145974107,0.0001688261448803464,0.038396610291948206,1.4199515057329914,0.003204090851094706,False,nan,nan,False,False
71,0.355,0.004990528000234917,0.00140634399940609,5.17999978910666e-06,0.00024641100026201457,0.0010244080003758427,4.835099935007747e-05,0.003526264999891282,0.00019019932302804284,0.00016750918009810932,0.03803986460560856,0.2603239236048149,0.004793949350230726,False,nan,nan,False,False
72,0.36,0.005005766000067524,0.0015674259993829764,5.019000127504114e-06,0.001354117000119004,0.0011588310007937253,4.728800013253931e-05,0.0033599240005059983,0.0001875988746535513,0.00016473354139705178,0.03751977493071026,0.6567280899614981,0.004696019941908106,False,nan,nan,False,False
73,0.365,0.005002079999940179,0.0013625120000142488,5.9419999161036685e-06,0.00023096299992175773,0.000995764999970561,4.578500011120923e-05,0.003627123999649484,0.00018493701597717998,0.00016238790992575172,0.036987403195435996,0.21884269281360239,0.003266598920187224,False,nan,nan,False,False
74,0.37,0.005099451999740268,0.001875623000159976,8.566000360588077e-06,0.0014743920000910293,0.0014237169998523314,6.69250002829358e-05,0.003013816000020597,0.00017873093722081841,0.000153521037998959,0.035746187444163684,1.1642286259306553,0.004777240299629706,False,nan,nan,False,False
75,0.375,0.004998303000320448,0.0016162569991138298,8.214999979827553e-06,0.00036127600014879135,0.001137430999733624,5.739700009144144e-05,0.0032713980008338694,0.00017122510071330277,0.00014882701757657174,0.03424502014266055,0.9864992250076328,0.004558942475713475,False,nan,nan,False,False
76,0.38,0.00499748099991848,0.0018885169993154705,8.535999768355396e-06,0.0014486640002360218,0.0014337350003188476,5.634500030282652e-05,0.0030075540007601376,0.00019224932316458878,0.00016412842296812736,0.03844986463291775,1.2780650263331494,0.002548114078792672,False,nan,nan,False,False
77,0.385,0.005007318999560084,0.0016125310003189952,8.335000529768877e-06,0.0003663159995994647,0.0011618159996942268,5.411199981608661e-05,0.0032177570001294953,0.0001884860113088718,0.00016161015305117706,0.03769720226177436,0.35956304324861355,0.0036348621637748565,False,nan,nan,False,False
78,0.39,0.004912913000225672,0.0016356239993911004,6.902999302837998e-06,0.0013929590004408965,0.0012158580002505914,5.1355999858060386e-05,0.0033356180001646862,0.0001757025998645085,0.00015076761989169505,0.035140519972901706,0.8378667765011045,0.005930573676871771,False,nan,nan,False,False
79,0.395,0.005080205999547616,0.00161610700070014,8.134999916364904e-06,0.0003604749999794876,0.0010813050002980162,5.35099998160149e-05,0.0032760869999037823,0.0001744971316510121,0.0001465154759088404,0.034899426330202425,1.2852758616676696,0.003329977224096745,False,nan,nan,False,False
80,0.4,0.005001198000172735,0.001639221000004909,8.396000339416787e-06,0.0014626900001530885,0.0012224390002302243,5.2487999710137956e-05,0.003253783999753068,0.00017409173188729412,0.0001483181715686416,0.03481834637745882,0.6784174955983187,0.004051612927244172,False,nan,nan,False,False
81,0.405,0.0050011080002150265,0.0016669420001562685,8.295000043290202e-06,0.0003669079997052904,0.0011654030004137894,5.426099960459396e-05,0.003223207999326405,0.00015744294391716927,0.00013124254217252102,0.03148858878343385,1.4812780472602196,0.005722535289005711,False,nan,nan,False,False
82,0.41000000000000003,0.004999875000066822,0.001692460999947798,8.485999387630727e-06,0.0014845000005152542,0.0012422769996192073,5.369100017560413e-05,0.003198069999598374,0.00017333042798944135,0.00014690641363403645,0.03466608559788827,1.046702898205059,0.00500476199282156,False,nan,nan,False,False
83,0.41500000000000004,0.004999765999855299,0.001594606999788084,8.385000000998843e-06,0.00036572499993781094,0.0011362189998180838,5.3079000281286426e-05,0.0032937599999058875,0.00017074577461111557,0.00014382173092735437,0.03414915492222312,0.26631460009516106,0.003621067357974557,False,nan,nan,False,False
84,0.42,0.004997660999833897,0.0016622439998172922,8.20600052975351e-06,0.0014734099995621364,0.001250923000043258,5.2819000302406494e-05,0.003229970000575122,0.00019367459403617142,0.00016992368718103375,0.038734918807234286,1.6825736475113273,0.004678685299970051,False,nan,nan,False,False
85,0.425,0.005001599000024726,0.001531980000436306,8.304999937536195e-06,0.0003611269994507893,0.0010781790006149095,5.3780000598635525e-05,0.003385440999409184,0.00018368102260768313,0.00015915225219529142,0.03673620452153663,0.6647712367497999,0.0036164969042307596,False,nan,nan,False,False
86,0.43,0.005026595999879646,0.0017673600004854961,8.285000149044208e-06,0.0015014829996289336,0.0013186100004531909,5.5884999710542616e-05,0.0031014599999252823,0.00018110964540765675,0.0001555274447233953,0.036221929081531344,0.708841400078478,0.005071064392323351,False,nan,nan,False,False
87,0.435,0.004978394999852753,0.0016142640006364672,8.394999895244837e-06,0.00036772900057258084,0.001132271000642504,5.6075000429700594e-05,0.003269273999649158,0.0001629341709046186,0.00013481215661362267,0.03258683418092372,1.896953403707583,0.005454581211481854,False,nan,nan,False,False
88,0.44,0.004993733999981487,0.0017820180000853725,8.335000529768877e-06,0.0014763850003873813,0.0013185000007069902,5.3669999942940194e-05,0.003104043999883288,0.0001714349397664482,0.00014450122338784197,0.03428698795328965,0.8328520399815391,0.004152062694937258,False,nan,nan,False,False
89,0.445,0.004995878000045195,0.0016038450003179605,8.334999620274175e-06,0.0003668370000013965,0.0011589610003284179,5.368999973143218e-05,0.0032893910001803306,0.00018008559535148856,0.0001512353992075174,0.03601711907029772,1.0399076428723264,0.004583434944583056,False,nan,nan,False,False
90,0.45,0.005001819999961299,0.0019087050004600314,8.545999662601389e-06,0.001470144000450091,0.0014710360001117806,5.519400019693421e-05,0.0029891389995100326,0.0002420961857223031,0.0001985102119965601,0.048419237144460614,4.265022518679464,0.004556145353530471,False,nan,nan,False,False
91,0.455,0.005008371000258194,0.0015535600005023298,8.304999937536195e-06,0.00036238799930288224,0.0011159910000060336,5.2819000302406494e-05,0.0033706039994285675,0.0002287578899401527,0.00018924900903194192,0.045751577988030534,0.6934472732591292,0.004290385816037581,False,nan,nan,False,False
92,0.46,0.005033889000515046,0.001720612999633886,8.345999958692119e-06,0.0015219010001601418,0.0012480770001275232,5.340000006981427e-05,0.0031324580004366,0.00021275638062940357,0.0001780572673343747,0.042551276125880715,0.9266031066891558,0.003856211897276224,False,nan,nan,False,False
93,0.465,0.004963256999872101,0.001646824999625096,8.275000254798215e-06,0.0003591919994505588,0.0011446039998190827,6.0272999689914286e-05,0.0032430139999632956,0.00019797749793870465,0.0001657947264042921,0.03959549958774093,1.5479716464374667,0.0061749619143177635,False,nan,nan,False,False
94,0.47000000000000003,0.004999013999622548,0.0019462560003375984,8.60599993757205e-06,0.0014861640001981868,0.00150412699986191,5.59049994990346e-05,0.0029475310002453625,0.00019105777985012232,0.0001600600850808026,0.03821155597002446,1.3279425240149432,0.005256156728510398,False,nan,nan,False,False
95,0.47500000000000003,0.005004344000553829,0.0018726979997154558,8.426000022154767e-06,0.0003646729992397013,0.0013239999998404528,5.511299968929961e-05,0.0030147369998303475,0.00020782093598768287,0.00017159964605090194,0.04156418719753658,1.955377611381451,0.005300627640860294,False,nan,nan,False,False
96,0.48,0.004997070999706921,0.0018539220000093337,8.195000191335566e-06,0.0013785630007987493,0.0014026570006535621,6.992099952185526e-05,0.0030510050000884803,0.00018863272785579635,0.00015572226748293365,0.03772654557115927,1.4638763398545427,0.004807473865195314,False,nan,nan,False,False
97,0.485,0.005014201999983925,0.0015343140003096778,8.424999577982817e-06,0.0002746049995039357,0.0010987380001097335,5.350099945644615e-05,0.0033896289996846463,0.0002247160327962316,0.00018696374037047788,0.04494320655924632,1.8965930094096564,0.005217850114608167,False,nan,nan,False,False
98,0.49,0.005032676999690011,0.0016494390001753345,8.365999747184105e-06,0.0013973080003779614,0.0012143240001023514,7.326800005102996e-05,0.003193753000232391,0.00020273851965991156,0.00016544472178226617,0.04054770393198231,1.131639138343045,0.0049106893836360814,False,nan,nan,False,False
99,0.495,0.004954069000632444,0.0016420669999206439,8.46599959913874e-06,0.00025308499971288256,0.001152339000327629,5.558500015467871e-05,0.0032511389999854146,0.0002338621630620758,0.0001998689698219237,0.04677243261241516,1.4840551338419656,0.005002230909861033,False,nan,nan,False,False
100,0.5,0.005002150999644073,0.0017473219995736144,8.125000022118911e-06,0.001444595999601006,0.0013174180003261426,5.340000006981427e-05,0.0031373270003314246,0.00021041839744239687,0.0001719501031329279,0.042083679488479374,1.2335349326897205,0.004717722347052999,False,nan,nan,False,False
101,0.505,0.004994093999812321,0.001632878999771492,8.164999599102885e-06,0.00034997599959751824,0.0011897579997821595,5.333999979484361e-05,0.0032562490005147993,0.00026165433770474107,0.0002038077888688876,0.05233086754094821,3.5032243391094564,0.004404778476426209,False,nan,nan,False,False
102,0.51,0.004998784000235901,0.0016971889999695122,8.416000127908774e-06,0.0014609469999413704,0.001243368999894301,5.349100047169486e-05,0.003201567000360228,0.00024348931685201197,0.0001946289050813357,0.04869786337040238,1.2403064640898032,0.0059946545684181765,False,nan,nan,False,False
103,0.515,0.005013891000089643,0.0016642279997540754,8.85700046637794e-06,0.00024248399950010935,0.0011653720002868795,5.4352000006474555e-05,0.0032833400000527035,0.00022362442041707844,0.00018245189537028218,0.044724884083415684,1.6445318374685778,0.003888525951922239,False,nan,nan,False,False
104,0.52,0.005062663999524375,0.0016886230005184188,9.076999958779197e-06,0.001448152999728336,0.0012814510000680457,5.235800017544534e-05,0.0031077809999260353,0.0002484783348866194,0.00019051882109813716,0.04969566697732388,1.9369661525662634,0.006312786642622008,False,nan,nan,False,False
105,0.525,0.004924634000417427,0.0017068279994418845,1.1652000466710888e-05,0.0025152309999612044,0.001256955000826565,5.34310001967242e-05,0.0031900950007184292,0.00024287935716659902,0.00019555435047388637,0.04857587143331981,1.6098799159032626,0.005980130873165629,False,nan,nan,False,False
106,0.53,0.005012739999983751,0.0018586010000944952,9.037000381795224e-06,0.0014632510001320043,0.0014511489998767502,5.281799985823454e-05,0.002963672000078077,0.0002781478929092691,0.00023308527254362272,0.05562957858185383,1.7083630955533515,0.006475167904969178,False,nan,nan,False,False
107,0.535,0.004898375999800919,0.001691647999905399,6.301999746938236e-06,0.0002544670005590888,0.0011332029998811777,5.116499960422516e-05,0.0032259930003419868,0.0002462188687832329,0.00019027784561015848,0.049243773756646576,2.420234019040454,0.006893746704232041,False,nan,nan,False,False
108,0.54,0.0050240999999005,0.001538823000373668,6.150999979581684e-06,0.0013635739996971097,0.0011545620000106283,6.0633999964920804e-05,0.0033953399997699307,0.0002769380706887419,0.00022785610462486608,0.055387614137748384,2.4796188008930558,0.005738827379498252,False,nan,nan,False,False
109,0.545,0.00503462100004981,0.0012356440001894953,6.3220004449249245e-06,0.00016864600002008956,0.0008789969997451408,5.9761999182228465e-05,0.0036144309997325763,0.00026310504678981407,0.00020994465557662195,0.05262100935796281,1.1067868065910198,0.005834094148389358,False,nan,nan,False,False
110,0.55,0.004914856000141299,0.0014223750004020985,5.169999894860666e-06,0.001122182000472094,0.0010579019999568118,4.6457000280497596e-05,0.0035687249992406578,0.000299862594531802,0.00025364607585876605,0.059972518906360406,2.14705036569939,0.005565085568927967,False,nan,nan,False,False
111,0.555,0.005084505000013451,0.001323909000348067,5.689999852620531e-06,0.00016990799940685974,0.0009510210002190433,5.677700028172694e-05,0.0035302429996590945,0.0002721218065611625,0.00021946908519522492,0.054424361312232494,1.5428067487417325,0.006455606709062497,False,nan,nan,False,False
112,0.56,0.004916889999549312,0.0014831480002612807,5.4299998737405986e-06,0.0012069710001014755,0.0010230259995296365,5.5403999795089476e-05,0.0034732060003079823,0.00032773201417352977,0.0002661158931237947,0.06554640283470595,2.46868471672575,0.0057431510192647375,False,nan,nan,False,False
113,0.5650000000000001,0.005038718000832887,0.0014475909993052483,6.262000169954263e-06,0.00016146300004038494,0.0010468909995324793,4.564600021694787e-05,0.0034528980004324694,0.0002916633250126434,0.0002314507021966704,0.05833266500252867,1.7458987142118494,0.008109466409418637,False,nan,nan,False,False
114,0.5700000000000001,0.004978154999662365,0.0016350519999832613,6.362000021908898e-06,0.001237969000612793,0.001093267000214837,4.4193000576342456e-05,0.0033427119997213595,0.0003279775924500101,0.00026544577901951166,0.06559551849000202,2.4122208547297417,0.007943764037097139,False,nan,nan,False,False
115,0.5750000000000001,0.005088742000225466,0.0016396309993069735,7.194000318122562e-06,0.0001879519995782175,0.0010147009998036083,7.70740007283166e-05,0.0031920290002744878,0.00030681927546154133,0.0002471077678586151,0.06136385509230826,2.2567826061564307,0.008045308716982103,False,nan,nan,False,False
116,0.58,0.004897103000075731,0.0014242879997254931,5.169999894860666e-06,0.0011869640002259985,0.0010638120002113283,4.635700042854296e-05,0.003624578999733785,0.0003189429244578169,0.0002419777683031767,0.06378858489156339,2.8003845326212558,0.006843844393596294,False,nan,nan,False,False
117,0.585,0.005159544999514765,0.0012640069999179104,6.201999894983601e-06,0.0001715319995128084,0.0008988839999801712,4.584600083035184e-05,0.003517709999869112,0.00031415882414471497,0.0002465774801538188,0.062831764828943,1.6833375852201833,0.007854741115594994,False,nan,nan,False,False
118,0.59,0.004858330000388378,0.001693471999715257,6.211999789229594e-06,0.0012050180002916022,0.0013229779997345759,4.4282999624556396e-05,0.0032228270001724013,0.0003483740354946185,0.0002811028045449748,0.06967480709892371,3.4784665656940037,0.008280929236727139,False,nan,nan,False,False
119,0.595,0.004996990000108781,0.0013919369994255248,4.407999767863657e-06,0.00013781899997411529,0.0010148909996132716,4.37320004493813e-05,0.0035425960004431545,0.0003350069961563427,0.00026882611810792796,0.06700139923126854,1.4026744434523504,0.00838401666198202,False,nan,nan,False,False
120,0.6,0.005010705999666243,0.0015936649997456698,5.650999810313806e-06,0.0012525160000222968,0.001236035999681917,4.500500017456943e-05,0.003358461000061652,0.0003243414552126112,0.0002491512241300643,0.06486829104252224,2.9785342645120343,0.008042938412892463,False,nan,nan,False,False
121,0.605,0.005061189999651106,0.0013753970006291638,5.601000339083839e-06,0.00016795499959698645,0.0010195409995503724,4.9002000196196605e-05,0.0034790469999279594,0.00034028430702694347,0.0002693299499151084,0.06805686140538869,2.7161774504209255,0.008557673496458586,False,nan,nan,False,False
122,0.61,0.004929334000735253,0.0015423689992530853,6.102000043028966e-06,0.0011170319994562306,0.0011662049992082757,4.5124000280338805e-05,0.003465191000032064,0.0003332774852613494,0.0002546891312671313,0.06665549705226988,2.083481944531509,0.00805732671743651,False,nan,nan,False,False
123,0.615,0.0051147009999112925,0.0014475309999397723,5.410000085248612e-06,0.00016592000065429602,0.0010323540000172216,5.6195000070147216e-05,0.0034295440000278177,0.0003536243351770186,0.0002804646525048156,0.0707248670354037,3.1779987452278116,0.0071787860139056435,False,nan,nan,False,False
124,0.62,0.004991218999748526,0.0018329329996049637,8.756000170251355e-06,0.0013953429997854983,0.0014289259997894987,5.258800047158729e-05,0.0030017930002941284,0.0003442607874154479,0.00026849424950087545,0.06885215748308958,1.7249728479877862,0.007159507598232382,False,nan,nan,False,False
125,0.625,0.0049312169994664146,0.0013618110006063944,7.503999768232461e-06,0.0005482469996422878,0.0009591259995431756,6.648499947914388e-05,0.0035316949997650227,0.0003740858857188275,0.00030211765103831914,0.0748171771437655,1.6861187710443066,0.0065421074053261695,False,nan,nan,False,False
126,0.63,0.004973766000148316,0.0015161110004555667,5.950999366177712e-06,0.0011101290001533926,0.0011389540004529408,4.8631000026944093e-05,0.0033943580001505325,0.00035393647211842184,0.00026558838957528824,0.07078729442368437,2.5779884679431113,0.008071697649213895,False,nan,nan,False,False
127,0.635,0.004986551000001782,0.001247666999915964,5.840999619977083e-06,0.0005663609999828623,0.0008917200002542813,4.702900059783133e-05,0.003682168000523234,0.0003732498912956648,0.00029276865600779377,0.07464997825913296,2.5397676976926076,0.007207919546616201,False,nan,nan,False,False
128,0.64,0.005014643000322394,0.0015563159995508613,6.312000550678931e-06,0.0011022449998563388,0.0011689290004142094,4.8892000449995976e-05,0.003355415000442008,0.00036318112538508547,0.00026513914053600445,0.0726362250770171,3.275405745157985,0.008075485293962834,False,nan,nan,False,False
129,0.645,0.004987502999938442,0.0012234209998496226,6.070999916119035e-06,0.0005328679999365704,0.0008805900006336742,4.6146999920892995e-05,0.0036809250004807836,0.00038216756057536037,0.0002948781932636674,0.07643351211507207,2.62423206624947,0.007550771862989972,False,nan,nan,False,False
130,0.65,0.004987070999959542,0.0014632410002377583,6.131000191089697e-06,0.001089039999897068,0.0010894099996221485,5.065500045020599e-05,0.003469839999524993,0.000378368572941488,0.0002903435634594321,0.0756737145882976,0.7559507646488484,0.009658345249136085,False,nan,nan,False,False
131,0.655,0.005014452999603236,0.001724140000078478,7.503999768232461e-06,0.002207886000178405,0.001190841000607179,4.875100057688542e-05,0.0031903660001262324,0.0004957386485684619,0.0004031801916501909,0.09914772971369237,5.401458402555312,0.008979738324935652,False,nan,nan,False,False
132,0.66,0.004977925000275718,0.0013336080000954098,5.310000233293977e-06,0.0012074220003341907,0.0009818690004976816,5.835900083184242e-05,0.0036103219999858993,0.00046794780620605745,0.000375376715057153,0.09358956124121147,1.2507933166429896,0.009023800198789778,False,nan,nan,False,False
133,0.665,0.005052163000073051,0.0012087639997844235,5.8910000007017516e-06,0.00014596399978472618,0.0008690079994266853,4.700800036516739e-05,0.003711012000167102,0.00042266080433703057,0.0003310860016420649,0.08453216086740611,2.1027797136592747,0.009922432390494666,False,nan,nan,False,False
134,0.67,0.0049978719998762244,0.001602712000021711,6.121999831520952e-06,0.0012656599992624251,0.0012211879993628827,4.7448999794141855e-05,0.0032912349997786805,0.00041629169518662685,0.00032059567575339586,0.08325833903732538,1.7597632681854432,0.011759817057111785,False,nan,nan,False,False
135,0.675,0.004959440000675386,0.0013489969996953732,5.469999450724572e-06,0.0005163679998076987,0.0009435870006200275,6.523200045194244e-05,0.0035968169995612698,0.0004902583165408425,0.0003847839613287515,0.09805166330816849,4.789985497269827,0.01232201964255204,False,nan,nan,False,False
136,0.68,0.0050224779997734,0.0016691769997123629,5.871000212209765e-06,0.0011008310002580401,0.0012972810000064783,4.4643999899562914e-05,0.0033666660001472337,0.00046447872502760777,0.00036168335725755493,0.09289574500552154,1.713374847491908,0.01099807362534664,False,nan,nan,False,False
137,0.685,0.005150526999386784,0.0015800600003785803,8.88700014911592e-06,0.00020244900042598601,0.0011610960000325576,5.3019000006315764e-05,0.0031926809997457894,0.00041967241846212357,0.0003207010518920675,0.0839344836924247,2.8484466878519004,0.011786278646153562,False,nan,nan,False,False
138,0.6900000000000001,0.0048616870008117985,0.0016054069992605946,6.702999598928727e-06,0.0011416589995860704,0.0012295529995753895,4.9623000450083055e-05,0.00330300800033001,0.00047463122848629205,0.00036955625240904207,0.09492624569725841,3.407365132464955,0.014335168747670858,False,nan,nan,False,False
139,0.6950000000000001,0.004995026999495167,0.00140655399991374,7.012999958533328e-06,0.0005745859998569358,0.0010410899994894862,4.688700028054882e-05,0.0035007180003958638,0.0004351474269012213,0.0003268798747433246,0.08702948538024426,2.4491217925252418,0.01316623819074969,False,nan,nan,False,False
140,0.7000000000000001,0.004975089000254229,0.0013981390002300031,5.650999810313806e-06,0.0014570590001312667,0.001046931000018958,4.4112999603385106e-05,0.003529129999151337,0.00048815862582839603,0.0003906346547264336,0.09763172516567921,2.606129139157267,0.012574713548584058,False,nan,nan,False,False
141,0.705,0.004993022999769892,0.0012282099996809848,5.210000381339341e-06,0.0004553819999273401,0.00088094100010494,4.760899992106715e-05,0.0037050600003567524,0.0004517122888707752,0.00034574441799040427,0.09034245777415503,1.8358834018126182,0.013508590762080273,False,nan,nan,False,False
142,0.71,0.004997920999812777,0.0015572080001220456,5.550999958359171e-06,0.0015784260003783857,0.0011144580003019655,5.9050999880128074e-05,0.0033760930000426015,0.0004296320081107471,0.0002961510684578012,0.08592640162214941,3.352807290997713,0.01401210674792484,False,nan,nan,False,False
143,0.715,0.0050021000006381655,0.0011861119992317981,5.28900000063004e-06,0.00041620000047259964,0.0008511350006301655,4.540499958238797e-05,0.0037428109999382286,0.00044824562521150366,0.00032922009101793697,0.08964912504230073,2.5040206249595727,0.013689548919604451,False,nan,nan,False,False
144,0.72,0.005002871999749914,0.0013775199995507137,5.49000014871126e-06,0.0014894309997544042,0.0009988809997594217,4.967299992131302e-05,0.003557953999916208,0.000398930360631318,0.00025495895807235757,0.07978607212626361,3.291916073759733,0.010933005945848088,False,nan,nan,False,False
145,0.725,0.00501264899958187,0.0013093020006635925,6.03199987381231e-06,0.00039414800085069146,0.0009169980003207456,7.376900066446979e-05,0.003612977999182476,0.0004433743214521879,0.0003151601549086359,0.08867486429043758,2.7131566619686223,0.010468795787159847,False,nan,nan,False,False
146,0.73,0.004997261000426079,0.001442300999769941,5.580000106419902e-06,0.0015124029996513855,0.0010663169996405486,5.182699987926753e-05,0.0035699370000656927,0.00040462890147671275,0.00026193299932153816,0.08092578029534254,2.187646311260901,0.012608285784334818,False,nan,nan,False,False
147,0.735,0.0052342939998197835,0.0022594829997615307,1.7333000869257376e-05,0.0006116759996075416,0.0016890739998416393,5.0224000005982816e-05,0.0024265150004794123,0.00046316351852095626,0.00033692261326900624,0.09263270370419126,3.073937868706914,0.010008629611793475,False,nan,nan,False,False
148,0.74,0.0047568609998052125,0.001351511000393657,5.590000000665896e-06,0.00140453099993465,0.0009734329996717861,4.742900000564987e-05,0.003575767999791424,0.000423805007558098,0.00028349063857504957,0.0847610015116196,2.1846174309181765,0.011839607657265641,False,nan,nan,False,False
149,0.745,0.005003631999898062,0.0012815110003430163,5.210000381339341e-06,0.0003095699994446477,0.0009129299996857299,5.9250999584037345e-05,0.003657311000097252,0.0004884676146499544,0.0003647113256118285,0.09769352292999088,3.4561197696808534,0.011186476210224634,False,nan,nan,False,False
150,0.75,0.0050074200007657055,0.001335621999714931,5.1200004236306995e-06,0.0014185970003381954,0.0009710189997349516,5.654600045090774e-05,0.003582550999453815,0.00044955982338023805,0.00031309370899609574,0.0899119646760476,2.2843021212072423,0.012485276433121683,False,nan,nan,False,False
151,0.755,0.004984886999409355,0.001281851000385359,5.199000042921398e-06,0.000260017000073276,0.0009163670001726132,5.847899956279434e-05,0.003671316999316332,0.0005238322237507727,0.00040195104474492977,0.10476644475015455,3.852013891834105,0.010880258507552157,False,nan,nan,False,False
152,0.76,0.0050274880004508304,0.0013993409993418027,5.571000656345859e-06,0.0013971770003990969,0.001004160999400483,4.5235000470711384e-05,0.0035170880000805482,0.0004903186714641885,0.00035959005031449337,0.09806373429283771,1.7268291162241929,0.012413990432210515,False,nan,nan,False,False
153,0.765,0.00498794299983274,0.0014714660001118318,5.380000402510632e-06,0.00016284499997709645,0.0010522109996600193,5.309900006977841e-05,0.0034582580001369934,0.00045636613975220903,0.00030972306098306455,0.09127322795044181,2.395596848810781,0.010177965166962248,False,nan,nan,False,False
154,0.77,0.005004284000278858,0.0016191029999390594,5.780999345006421e-06,0.0012374679999993532,0.0011735680000128923,4.5124000280338805e-05,0.0032955429996945895,0.000545867190098968,0.00040883722918812334,0.1091734380197936,4.926619525886751,0.013126603681181178,False,nan,nan,False,False
155,0.775,0.00497765399995842,0.0014373519998116535,1.2864000382251106e-05,0.00011897199965460459,0.0010163939996346016,4.4903999878442846e-05,0.0034990949998245924,0.0005126752714071661,0.0003705733254100391,0.10253505428143324,1.784244735540366,0.012665797951881322,False,nan,nan,False,False
156,0.78,0.005011105999983556,0.0016043649993662257,5.5199998314492404e-06,0.0010709359994507395,0.0012458129995138734,4.404300034366315e-05,0.003324728000734467,0.0004917912238273947,0.00035123638861286107,0.09835824476547891,3.3721193852699227,0.011791269644883064,False,nan,nan,False,False
157,0.785,0.0050021699998978875,0.0013316340000528726,5.491000592883211e-06,0.0004661229995690519,0.000989202999335248,5.128700013301568e-05,0.003736679999747139,0.0005467104208740363,0.0004018059571665208,0.10934208417480727,4.535541609992142,0.014294678078377277,False,nan,nan,False,False
158,0.79,0.005186124999454478,0.0018067440005324897,8.666999747219961e-06,0.0017139100000349572,0.0013595870004792232,5.423200036602793e-05,0.0030055500001253677,0.0005153498786955389,0.0003679186185389354,0.10306997573910778,3.143318265401882,0.015368986244601096,False,nan,nan,False,False
159,0.795,0.0049278710002909065,0.001677191000453604,8.88700014911592e-06,0.0003836390005744761,0.0011927440000363276,5.282900019665249e-05,0.0032038719991760445,0.0005597596745460213,0.0004107290762534986,0.11195193490920427,4.052591739639274,0.014016422539405214,False,nan,nan,False,False
160,0.8,0.004995987999791396,0.0019175719999111607,8.85600002220599e-06,0.001447150999410951,0.0014938280000933446,5.476199930853909e-05,0.0029734489999100333,0.0005440163822447884,0.0003937738464289751,0.10880327644895767,3.454385171270842,0.013643242404971511,False,nan,nan,False,False
161,0.805,0.005007129000659916,0.001882034999653115,9.08699985302519e-06,0.00028462299997045193,0.001268656000320334,5.159600004844833e-05,0.0029331340001590434,0.0005579702404550456,0.0004095847840096,0.11159404809100912,2.6482246745749083,0.013794876475278887,False,nan,nan,False,False
162,0.81,0.004892303999440628,0.0014357790005306015,6.463000318035483e-06,0.0012607619992195396,0.0010608269994918373,4.9743000090529677e-05,0.0034864109993577586,0.0005873741186940078,0.0004259289705728095,0.11747482373880155,3.6112082591652923,0.015565386994764419,False,nan,nan,False,False
163,0.8150000000000001,0.005009614000300644,0.0012505619997682516,6.0810007198597305e-06,0.00014617399938288145,0.0008973610001703491,5.363100081012817e-05,0.0036679009999716072,0.0005838539906374934,0.00042592949147296326,0.11677079812749867,2.1748923212984264,0.014285407177536302,False,nan,nan,False,False
164,0.8200000000000001,0.005008871999962139,0.001490683000156423,5.94100038142642e-06,0.0011445939999248367,0.0011294359992461978,4.619700030161766e-05,0.003403865000109363,0.0006009739794146518,0.0004424467538015962,0.12019479588293036,3.3133077458048232,0.014802175119666456,False,nan,nan,False,False
165,0.8250000000000001,0.004963507999491412,0.0011991960000159452,5.821000740979798e-06,0.0005305140002747066,0.0008581179999964661,4.961299964634236e-05,0.0037336940004024655,0.0006119577623651078,0.0004522965472601266,0.12239155247302154,4.375763656155597,0.015606761134445762,False,nan,nan,False,False
166,0.8300000000000001,0.004998202000024321,0.0016405730002588825,5.279999641061295e-06,0.0010918550005953875,0.0012658209998335224,4.592599998431979e-05,0.003290053000455373,0.0006135815709594092,0.0004548508134518156,0.12271631419188182,2.416038102013347,0.017806569458919883,False,nan,nan,False,False
167,0.835,0.00499647900051059,0.001184509000268008,4.83900021208683e-06,0.000539319999916188,0.0008520259998476831,4.760899992106715e-05,0.003760683999644243,0.0006021918478612058,0.00043408815922471285,0.12043836957224115,2.745732605039448,0.016627113253972786,False,nan,nan,False,False
168,0.84,0.0050254540001333226,0.0016496999996888917,6.011000550643075e-06,0.0011161510001329589,0.00128241199945478,4.582600013236515e-05,0.003258923999965191,0.0006635206848883139,0.0004963376181078582,0.13270413697766276,4.392396135038495,0.016568712319887692,False,nan,nan,False,False
169,0.845,0.004976090999662119,0.001176984999801789,5.019000127504114e-06,0.0005149639991941513,0.0008445419998679426,4.6457000280497596e-05,0.00376367900025798,0.0006123466949357623,0.0004414330188769683,0.12246933898715243,3.136058089089671,0.017037189541085553,False,nan,nan,False,False
170,0.85,0.0050168369998573326,0.0014634010003646836,6.041000233381055e-06,0.001018558999930974,0.0011044289994970313,4.46639996880549e-05,0.0034624660002009477,0.0007153852144022338,0.0005527667159324892,0.14307704288044676,4.901545722818644,0.01757845507945186,False,nan,nan,False,False
171,0.855,0.00500184900010936,0.0015443629999936093,6.090999704611022e-06,0.0004983529997844016,0.0011038980001103482,5.431199951999588e-05,0.003393246000086947,0.0006700298064503211,0.0005012535694046399,0.13400596129006423,2.218591306648735,0.018048865986738646,False,nan,nan,False,False
172,0.86,0.005014864000258967,0.0016921189999266062,5.961000169918407e-06,0.0010341669994886615,0.00130340099985915,4.533500032266602e-05,0.0032765679998192354,0.0006376781789069952,0.00046381723710315053,0.127535635781399,3.0250807660625156,0.016636495211622523,False,nan,nan,False,False
173,0.865,0.00508562599952711,0.0015781860001879977,8.635999620310031e-06,0.0004543209997791564,0.0011861920002047555,5.308899926603772e-05,0.003245930000048247,0.000695120745663476,0.0005178826670158036,0.1390241491326952,4.357176006132942,0.01923166820457161,False,nan,nan,False,False
174,0.87,0.004911761000585102,0.0016092440000647912,6.672999916190747e-06,0.001524075000816083,0.0012400030000208062,4.7528999857604504e-05,0.0033031679995474406,0.0006563388350014785,0.00047659921108205664,0.1312677670002957,3.602342193915486,0.017175289123568832,False,nan,nan,False,False
175,0.875,0.004993743999875733,0.0013825599999108817,6.441999175876845e-06,0.0003859630005536019,0.0010189380000156234,4.578600055538118e-05,0.003613998999753676,0.0007041271238093621,0.0005281249517520518,0.1408254247618724,3.641347301745725,0.016988040200826577,False,nan,nan,False,False
176,0.88,0.005111944999953266,0.0017063569994206773,8.6860000010347e-06,0.001620686000023852,0.0011163809995196061,6.310900062089786e-05,0.0031654990007154993,0.0006653924200763057,0.0004821687298969292,0.13307848401526112,3.24047031889449,0.018060442431035526,False,nan,nan,False,False
177,0.885,0.004986690999430721,0.0019094570006927825,8.735999472264666e-06,0.00031127300007938175,0.0011863930003528367,5.578499985858798e-05,0.002978859999529959,0.0007485745663657689,0.0005734672729169636,0.14971491327315375,4.433140316842031,0.01901857332481758,False,nan,nan,False,False
178,0.89,0.005002410000088275,0.0018339560001550126,8.756999704928603e-06,0.001280819000385236,0.0014221740002540173,5.274900013318984e-05,0.0030349549997481517,0.0006987228385188964,0.000515559868018719,0.13974456770377927,2.87961933170571,0.017087755943307158,False,nan,nan,False,False
179,0.895,0.004953549000674684,0.001502414999777102,6.923000000824686e-06,0.0001485780003349646,0.001094860999728553,4.8720999984652735e-05,0.0034220099996673525,0.0007329591695416738,0.000555908445235339,0.14659183390833477,1.6340728741262633,0.01571082827329181,False,nan,nan,False,False
180,0.9,0.005040130999987014,0.0016897049999897717,8.876999345375225e-06,0.0013453700003083213,0.001253497999641695,5.3501000365940854e-05,0.0031971489997886238,0.0007134549820614922,0.0004924228933718472,0.14269099641229843,3.1022092705151603,0.01805239719186869,False,nan,nan,False,False
181,0.905,0.005001348999940092,0.0016423859997303225,9.148000572167803e-06,0.00023300600059883436,0.0011443439998402027,5.184699966775952e-05,0.0032080589999168296,0.0007632330006624468,0.0005664422358116978,0.15264660013248937,3.162262978876757,0.01793452716562215,False,nan,nan,False,False
182,0.91,0.004938229999424948,0.0015177530003711581,7.333999747061171e-06,0.0012749990000884281,0.0011326510002618306,4.785999954037834e-05,0.00342721899960452,0.0007197897262429784,0.0005085338866774132,0.14395794524859568,2.336756427468995,0.018509304792173522,False,nan,nan,False,False
183,0.915,0.005059277000327711,0.0017118360001404653,8.85700046637794e-06,0.00023073200009093853,0.0011995060003755498,5.6926000070234295e-05,0.003176078999786114,0.0007922941568124179,0.0005981207025918516,0.15845883136248357,3.644065862053308,0.017273606179354282,False,nan,nan,False,False
184,0.92,0.005002609999792185,0.0017850640006145113,8.906999937607907e-06,0.0013596270000562072,0.0013649060001625912,6.0153000049467664e-05,0.003103011999883165,0.0007424602876170982,0.0005323769770050769,0.14849205752341965,2.6639704178394052,0.01873015987107938,False,nan,nan,False,False
185,0.925,0.00500249100059591,0.0015658229995096917,9.207999937643763e-06,0.0006085089999032789,0.0011296769998807576,5.406199943536194e-05,0.0033111720003944356,0.0008343529688092244,0.000641840969273659,0.16687059376184488,4.458374036933201,0.01727744047970297,False,nan,nan,False,False
186,0.93,0.004984536999472766,0.0018211010001323302,8.20600052975351e-06,0.0012385899999571848,0.0013858660004189005,5.555400002776878e-05,0.0031079520003913785,0.0007980370327273062,0.0005983766018102495,0.15960740654546124,1.7821549643185788,0.01965279266895642,False,nan,nan,False,False
187,0.935,0.005035973000303784,0.0015087559995663469,8.425000487477519e-06,0.000724057000297762,0.0011003009994965396,5.6756000049063005e-05,0.003386824000699562,0.0007523755404890315,0.0005472099594598543,0.1504751080978063,2.812031664790476,0.017616554057902457,False,nan,nan,False,False
188,0.9400000000000001,0.00500375299998268,0.0018153000000893371,8.545999662601389e-06,0.0012645090000660275,0.0013691949998246855,5.518400030268822e-05,0.0030394830000659567,0.0008798943840159173,0.0006697003983872239,0.17597887680318344,6.575458727344197,0.01902245366235444,False,nan,nan,False,False
189,0.9450000000000001,0.00496219500018924,0.0017460099998061196,8.204999176086858e-06,0.0006448679996537976,0.001133382999796595,6.282699996518204e-05,0.003149018999465625,0.0008429384260796434,0.0006300263087583302,0.1685876852159287,1.8541184794269643,0.019051240197879234,False,nan,nan,False,False
190,0.9500000000000001,0.005003050999221159,0.0018649340008778381,8.285000149044208e-06,0.0012331190000622883,0.0014024669999344042,5.53640002181055e-05,0.003027970999937679,0.0008000954677285042,0.0005900345600640244,0.16001909354570085,3.267460306131592,0.019446395002413578,False,nan,nan,False,False
191,0.9550000000000001,0.005000206000659091,0.0017233279995707562,8.195999726012815e-06,0.0006950320002943045,0.0011606139996729326,6.276699969021138e-05,0.003167404000123497,0.0008783335317791756,0.0006649471492621312,0.17566670635583512,4.99109119997476,0.02097415168009952,False,nan,nan,False,False
192,0.96,0.0049976519994743285,0.0017288580002059462,8.365999747184105e-06,0.001228150999850186,0.0013200719995438703,5.317999966791831e-05,0.003163366000080714,0.0008313438634241337,0.0006141493193264963,0.16626877268482673,3.505611199354142,0.020961940423299366,False,nan,nan,False,False
193,0.965,0.004999495000447496,0.0015029449996291078,8.26599989522947e-06,0.0006893809995744959,0.0010870969999814406,5.332000000635162e-05,0.003435534999880474,0.0008873602673575586,0.000675941472885546,0.17747205347151174,3.781998809143557,0.020112434291939287,False,nan,nan,False,False
194,0.97,0.005046471999776259,0.0016318469997713692,8.40600023366278e-06,0.001269527999284037,0.0012200850005683606,5.300900011206977e-05,0.003213710000636638,0.0008522709220438165,0.0006329395354283422,0.1704541844087633,4.0918856047743715,0.022624189435200538,False,nan,nan,False,False
195,0.975,0.00495360900004016,0.001676740999755566,8.265000360552222e-06,0.0006876780007587513,0.001141017999543692,5.4712000746803824e-05,0.0032143510006790166,0.0008717353615589432,0.0006548860436721713,0.17434707231178861,2.988125927014758,0.021271755146725777,False,nan,nan,False,False
196,0.98,0.004999744999622635,0.0018496850007068133,8.475999493384734e-06,0.0012356340002952493,0.0012261470001249108,6.308800038823392e-05,0.0030463969997072127,0.0008976689687102587,0.0006687360878528626,0.17953379374205175,5.197474283445296,0.023988154475504724,False,nan,nan,False,False
197,0.985,0.005013191000216466,0.0017546369999763556,8.245000572060235e-06,0.0007047099998089834,0.001144023000051675,6.223699983820552e-05,0.003127408000182186,0.000888909049428348,0.0006636391545197743,0.1777818098856696,3.3003223880633534,0.02149257083598863,False,nan,nan,False,False
198,0.99,0.004989857000509801,0.0018204199996034731,8.455999704892747e-06,0.0012299740001253667,0.001386226000249735,5.52139999854262e-05,0.003071903999625647,0.0008844781333739067,0.0006624059071814589,0.17689562667478134,2.288293463719269,0.021936295130044265,False,nan,nan,False,False
199,0.995,0.004999975999453454,0.001510219000010693,8.29599957796745e-06,0.0006890209997436614,0.0010825279996424797,5.577400042966474e-05,0.0034399830001348164,0.0009478904170895513,0.0007028055529358437,0.18957808341791027,5.647467685047395,0.02317448432099141,False,nan,nan,False,False
200,1.0,0.005056672000137041,0.001681048999671475,8.255000466306228e-06,0.0012969789995622705,0.0012420970006132848,5.801800034532789e-05,0.0031508510001003742,0.0009283143547732424,0.0006894078034829308,0.18566287095464845,3.2113106796788293,0.02269851378698736,False,nan,nan,False,False
201,1.0050000000000001,0.004951284000526357,0.0016554109997741762,8.244999662565533e-06,0.0006949119997443631,0.0011936569999306812,5.3731000662082806e-05,0.0032242899997072527,0.0008886035546197547,0.0006542907664076648,0.17772071092395095,2.9912580546631955,0.02158572790499591,False,nan,nan,False,False
202,1.01,0.004986530999303795,0.0018945190004160395,8.23499976831954e-06,0.0012233920006110566,0.001445537000108743,5.536299977393355e-05,0.003005159000167623,0.0009875168089307955,0.0007427896146243642,0.19750336178615907,6.621656086638784,0.02491216820315321,False,nan,nan,False,False
203,1.0150000000000001,0.005007550000300398,0.001542398999845318,8.386000445170794e-06,0.0006898320007167058,0.0011328219998176792,5.59150003027753e-05,0.0033462080000390415,0.000953443640022426,0.0007070879955662617,0.1906887280044852,2.4697392989699325,0.022487293855589587,False,nan,nan,False,False
204,1.02,0.004997119999643473,0.001826942000661802,8.40499978949083e-06,0.001229482999406173,0.0013907849997849553,5.501299983734498e-05,0.0031326579992310144,0.0009166567823871153,0.000666130712678464,0.18333135647742305,5.209280230868857,0.022932868249290844,False,nan,nan,False,False
205,1.025,0.0050667210007304675,0.0015004809993115487,8.40600023366278e-06,0.000760014000661613,0.0010787900000650552,5.392200000642333e-05,0.0033953290003410075,0.000947281507950783,0.0007033099926916052,0.18945630159015658,4.367358280359142,0.025045906275912272,False,nan,nan,False,False
206,1.03,0.005002499999136489,0.0017958950002139318,8.365999747184105e-06,0.0012657609995585517,0.0013526239999919198,5.564399998547742e-05,0.003027810999810754,0.0009286871150615066,0.0006760385642688039,0.18573742301230134,3.4121858687919837,0.02305350967864665,False,nan,nan,False,False
207,1.035,0.004930867000439321,0.001580170000124781,8.23499976831954e-06,0.000693648999913421,0.001126981000197702,6.073299937270349e-05,0.003311421999569575,0.000985014423536365,0.0007369092545357675,0.19700288470727298,4.81460876108516,0.022285359946373234,False,nan,nan,False,False
208,1.04,0.004999083999791765,0.0018489630001568003,8.225999408750795e-06,0.001229141999829153,0.0012263569997230661,6.306799969024723e-05,0.003150462000121479,0.0009560317311061342,0.0006987285377471012,0.19120634622122681,3.3978835593049386,0.023005410908580028,False,nan,nan,False,False
209,1.045,0.0051067960002910695,0.0017586339999979828,8.316000275954138e-06,0.00022680399979435606,0.0011147579998578294,5.9161000535823405e-05,0.0030274809996626573,0.0009418881286110208,0.0006841681225665105,0.18837762572220415,1.407143164767834,0.023450372422533755,False,nan,nan,False,False
210,1.05,0.0048929449994830065,0.0018751730003714329,8.344999514520168e-06,0.0011806620004790602,0.0014166730006763828,6.539299920405028e-05,0.0030998160000308417,0.0011022014533529655,0.0008208700393798549,0.22044029067059315,7.4492224008818475,0.022545744257926357,False,nan,nan,False,False
211,1.055,0.005081118000816787,0.0015525680000791908,8.485999387630727e-06,0.0007654230003026896,0.001116572000682936,6.554300034622429e-05,0.0032557579997956054,0.0010630148960175682,0.0007806827111582273,0.21260297920351365,1.9201385858707476,0.022592937621883195,False,nan,nan,False,False
212,1.06,0.004915696999887587,0.0016003780001483392,8.296000487462152e-06,0.0012328390002949163,0.0011389430001145229,5.41219997103326e-05,0.00329112500003248,0.0009957322589833329,0.0007158199921884472,0.1991464517966666,3.7575532067362474,0.022120127364450678,False,nan,nan,False,False
213,1.065,0.004998663999685959,0.0017419929999960004,8.23499976831954e-06,0.0006886600003781496,0.0011423590003687423,0.00020535499970719684,0.0031576549999954295,0.0010147082177663722,0.0007574194199342034,0.20294164355327443,4.07901630399822,0.02562540220311786,False,nan,nan,False,False
214,1.07,0.005006567999771505,0.001889578999907826,8.044999958656263e-06,0.0012444610001693945,0.00144153000019287,5.530299949896289e-05,0.0030810620000920608,0.0010202855393416847,0.0007373492058195177,0.20405710786833697,4.8741930380884275,0.025175878317872942,False,nan,nan,False,False
215,1.075,0.005078402999970422,0.0015622860000803485,8.26599989522947e-06,0.00020458299968595384,0.0011259290004090872,6.178599960549036e-05,0.003256871000303363,0.0010043613022064231,0.0007327813394148973,0.20087226044128464,3.921412567538015,0.022542500363584395,False,nan,nan,False,False
216,1.08,0.004925616000036825,0.0018369010003880248,8.355000318260863e-06,0.0012393819997669198,0.0013997819996802718,5.628500002785586e-05,0.003143578000162961,0.001064278833046293,0.0007678912378161302,0.2128557666092586,5.7182499131553675,0.026419382696485885,False,nan,nan,False,False
217,1.085,0.005087209000521398,0.001683122999565967,8.506000085617416e-06,0.0007870140007071313,0.0010683919999792124,5.9420999605208635e-05,0.003117179000582837,0.0010345691896009865,0.0007504811095559415,0.20691383792019732,3.6312342558821045,0.025234655309805874,False,nan,nan,False,False
218,1.09,0.00490652099961153,0.0015721850004410953,8.154999704856891e-06,0.0012298239998926874,0.0011284140000498155,5.402100032370072e-05,0.0033138569997390732,0.0010377957545683126,0.0007650661142721629,0.2075591509136625,1.8699225454715849,0.025134077054224505,False,nan,nan,False,False
219,1.095,0.004992131000108202,0.0016361250000045402,8.03500006441027e-06,0.000676136000038241,0.0011627480007518898,6.911000036780024e-05,0.003260638000028848,0.0010660275287213967,0.0007385928686815656,0.21320550574427938,5.49634766804218,0.026324260698246116,False,nan,nan,False,False
220,1.1,0.005004423999707797,0.001654149000387406,8.275000254798215e-06,0.0012370770000416087,0.0012037240003337502,5.35810004294035e-05,0.0033055410003726138,0.0010824205942832016,0.0007920667169180641,0.2164841188566403,4.295078658208363,0.02572589228186959,False,nan,nan,False,False
221,1.105,0.005067192000751675,0.0016328179999618442,8.426000022154767e-06,0.00019942400012951111,0.0011893079999936162,5.487300040840637e-05,0.003193030999682378,0.0010346129529299297,0.0007312614222634121,0.20692259058598592,2.4818376693755804,0.02493116477122709,False,nan,nan,False,False
222,1.11,0.004933079999318579,0.001909076000629284,8.304999937536195e-06,0.0012369769992801594,0.0014505680001093424,5.4863000514160376e-05,0.0029943089994048933,0.0012065180696764286,0.0009212282465330991,0.24130361393528577,8.189502225415277,0.027861162287210643,False,nan,nan,False,False
223,1.115,0.005012249000174052,0.001509959000031813,8.134999916364904e-06,0.0006934400007594377,0.001103156000681338,5.5653999879723415e-05,0.0033867829997689114,0.0011621346717215016,0.0008700906747823589,0.2324269343443003,2.130790091741644,0.02781699697980496,False,nan,nan,False,False
224,1.12,0.005004554000151984,0.001791796999896178,8.245000572060235e-06,0.001238860999364988,0.0013448390000121435,5.530399994313484e-05,0.0030973920001997612,0.001097341862694266,0.0007960560188040745,0.2194683725388532,3.1488605131337084,0.02797466179656281,False,nan,nan,False,False
225,1.125,0.004997330999685801,0.0015961700000843848,8.676000106788706e-06,0.0006898730007378617,0.0011319399991407408,6.997099990257993e-05,0.003282208000200626,0.001129405572360679,0.000837620014279469,0.22588111447213577,1.6841572953705357,0.029030122423623725,False,nan,nan,False,False
226,1.1300000000000001,0.004985268000382348,0.001861978000306408,8.355999852938112e-06,0.0012351929999567801,0.0014278950002335478,5.5994999456743244e-05,0.003180837999934738,0.0010916407827814016,0.0007617693464686531,0.21832815655628035,4.613041448417408,0.029772695325240243,False,nan,nan,False,False
227,1.135,0.005150578000211681,0.001558178999403026,8.365000212506857e-06,0.00022088399964559358,0.0011047499992855592,5.4832999921927694e-05,0.003183081999850401,0.0011391941070177344,0.0008263843653148265,0.22783882140354686,4.168530747953995,0.027351247513474935,False,nan,nan,False,False
228,1.1400000000000001,0.004848030999710318,0.0018474709995643934,8.304999937536195e-06,0.001218713000525895,0.0014125059997240896,5.502299973159097e-05,0.003068808000534773,0.0011070992020783545,0.000784055855760005,0.2214198404156709,2.5762730942824104,0.029996588183849055,False,nan,nan,False,False
229,1.145,0.005024011000386963,0.0015215299999908893,8.214999979827553e-06,0.0007082370002535754,0.0010971249994327081,6.151500019768719e-05,0.0033754629994291463,0.0012063349060434819,0.0009002717098648451,0.24126698120869636,6.1888911821117,0.029349459044512433,False,nan,nan,False,False
230,1.1500000000000001,0.005004924999411742,0.0017505890000393265,8.275999789475463e-06,0.0012644690004890435,0.0011418780004532891,6.301799930952257e-05,0.003119263000371575,0.0011737376509417126,0.000861801248352537,0.2347475301883425,2.0091398960797924,0.02970151820130077,False,nan,nan,False,False
231,1.155,0.004976342000190925,0.0016474559997732285,8.146000254782848e-06,0.0006481340005848324,0.0011777959998653387,6.138499975349987e-05,0.00324245299998438,0.0011194089821063367,0.0007953439468417461,0.2238817964212673,3.6852825241188043,0.02799885864812931,False,nan,nan,False,False
232,1.16,0.004995336999854771,0.0016901859999052249,8.306000381708145e-06,0.001232458999766095,0.0012128320004194393,5.463299930852372e-05,0.0033014139999067993,0.0012133763509226197,0.0008978004594901827,0.24267527018452392,5.58218760156342,0.03025830635348745,False,nan,nan,False,False
233,1.165,0.005101315000501927,0.0017400799997631111,8.515999979863409e-06,0.0002222260000053211,0.0011099189996457426,5.926100038777804e-05,0.0030586089997086674,0.001164775995530296,0.0008402600238377501,0.2329551991060592,2.664009693770161,0.029910680632123498,False,nan,nan,False,False
234,1.17,0.004904867999357521,0.0017975270002352772,8.485999387630727e-06,0.0012305749996812665,0.0011798699997598305,6.250699971133145e-05,0.0030962900000304217,0.0012447099179810817,0.0009343049824762743,0.24894198359621636,4.038978302115476,0.02954073777461415,False,nan,nan,False,False
235,1.175,0.005000957999982347,0.0014991980006016092,8.116000572044868e-06,0.0006860849998702179,0.0010846719997061882,5.332000000635162e-05,0.0034261779992448282,0.0011862746243600053,0.0008603355024144072,0.23725492487200106,2.994336472260077,0.029423605625473838,False,nan,nan,False,False
236,1.18,0.005033297999943898,0.0016000969999367953,8.386000445170794e-06,0.0012602400001924252,0.0011504149997563218,5.383099960454274e-05,0.0032551370004512137,0.001295307978413266,0.0009610823538168702,0.25906159568265325,4.886555256615571,0.030743930231238566,False,nan,nan,False,False
237,1.185,0.004962235000675719,0.0016130509993672604,8.557000001019333e-06,0.0006924570006958675,0.0011522790000526584,6.034300076862564e-05,0.003282389000560215,0.001235382994765534,0.0008991712102615831,0.24707659895310677,2.820824109726947,0.030822196613916185,False,nan,nan,False,False
238,1.19,0.0050029409994749585,0.0018484330003047944,8.214999979827553e-06,0.0012389610001264373,0.0014021360002516303,5.516400051419623e-05,0.0031120789999476983,0.0012080260419915826,0.0008709579861873405,0.24160520839831653,1.9137524029587918,0.03242686027335957,False,nan,nan,False,False
239,1.195,0.005067603000497911,0.001552286999867647,8.445000275969505e-06,0.00019227000029786723,0.0011188050002601813,5.423099992185598e-05,0.0032682519995432813,0.0013154956425119099,0.0009685293740370922,0.263099128502382,5.093288722031587,0.032346934592864626,False,nan,nan,False,False
240,1.2,0.0049279199993179645,0.0018159420005758875,8.426000022154767e-06,0.0012229809999553254,0.0013798449999740114,5.76980000914773e-05,0.0031252939998012153,0.0012612125681672212,0.0009063600513451349,0.25224251363344424,2.6777577189886523,0.03149999890957516,False,nan,nan,False,False
241,1.205,0.005049529000643815,0.0017061059998013661,8.476000402879436e-06,0.0007367799998974078,0.001120128000366094,6.274799943639664e-05,0.0031406830003106734,0.0012698878062981215,0.0009285087043793844,0.2539775612596243,3.892078976788062,0.030951829187122987,False,nan,nan,False,False
242,1.21,0.004953588999342173,0.0017802450001909165,8.23600021249149e-06,0.0012342109994278871,0.0013519320000341395,5.5093999435484875e-05,0.0031140119999690796,0.0012829081925139747,0.0009346347244339227,0.256581638502795,4.299683397848098,0.03278781406326778,False,nan,nan,False,False
243,1.215,0.0050013580002996605,0.0015894079997451627,8.144999810610898e-06,0.0006899429999975837,0.0011408079999455367,5.940099981671665e-05,0.00330144300005486,0.001268129311310429,0.0009091106155937681,0.25362586226208583,3.514833123253064,0.030807203507465533,False,nan,nan,False,False
244,1.22,0.005008330999771715,0.0018654049999895506,1.2853999578510411e-05,0.001206840000122611,0.0014021570004842943,6.579300043085823e-05,0.0030186940002749907,0.001323427514809659,0.0009691143067678213,0.2646855029619318,7.083531503917939,0.031252304838504365,False,nan,nan,False,False
245,1.225,0.004992823000065982,0.001547449000099732,8.825999429973308e-06,0.0006684130003122846,0.0011426199998822995,5.669700021826429e-05,0.0033414489998904173,0.001305022149035224,0.0009489405211560754,0.2610044298070448,2.3317903813178833,0.03187437639128988,False,nan,nan,False,False
246,1.23,0.0049960180003836285,0.0018318209995413781,8.386000445170794e-06,0.0012330999998084735,0.0013849739998477162,5.594499998551328e-05,0.00306704600006924,0.0012957420450329439,0.0009335979647878672,0.25914840900658875,4.697314512534852,0.03290872330198995,False,nan,nan,False,False
247,1.235,0.005005897000046389,0.001508485999693221,1.1371000255167019e-05,0.0006952619996809517,0.0010899010003413423,5.543400038732216e-05,0.003374740999788628,0.0013093859585750342,0.0009520356488435574,0.2618771917150068,4.325201104060503,0.032750644169447854,False,nan,nan,False,False
248,1.24,0.004989596000086749,0.0018069849993480602,8.174999493348878e-06,0.0012297229995965608,0.0013603790002889582,5.5143000281532295e-05,0.0030902389999027946,0.0013285455408696483,0.0009661887322723346,0.2657091081739296,3.540488032911219,0.034101328968337466,False,nan,nan,False,False
249,1.245,0.005003562999263522,0.0016190130008908454,8.596999578003306e-06,0.0006868569998914609,0.0011582600000110688,5.843999952048762e-05,0.0032837209992067073,0.0013126165374926259,0.00095117108224297,0.26252330749852515,4.4352166405553985,0.03115365469956911,False,nan,nan,False,False
250,1.25,0.005009824000808294,0.0018185769995398005,8.195000191335566e-06,0.0012490300005083554,0.0014011339999342454,5.524400057765888e-05,0.0030682469996463624,0.0013448589382845245,0.0009825585977515042,0.26897178765690494,4.012354682238024,0.03506445872856863,False,nan,nan,False,False
251,1.2550000000000001,0.004995266999685555,0.0017615500000829343,8.054999852902256e-06,0.00068937099968025,0.001169099999970058,6.196600043040235e-05,0.0031280289995265775,0.0013203906273343677,0.0009496487506357731,0.26407812546687354,4.962442693376538,0.03507349737980271,False,nan,nan,False,False
252,1.26,0.0049958179997702246,0.0018694320006034104,8.195000191335566e-06,0.0012314159994275542,0.0014352979997056536,5.528399924514815e-05,0.003094966999924509,0.00133995412712138,0.0009730496886842539,0.26799082542427594,3.0825004686694557,0.03604171060438021,False,nan,nan,False,False
253,1.2650000000000001,0.0050725920000331826,0.0015380009999717004,8.496000191371422e-06,0.0007573490001959726,0.001089741000214417,5.371000042941887e-05,0.003355114000441972,0.001303593880618808,0.0009192482519742081,0.2607187761237616,2.717870090794424,0.03388263854935808,False,nan,nan,False,False
254,1.27,0.005000897000172699,0.001777079000021331,8.506000085617416e-06,0.0013073789996269625,0.001343707000160066,5.4582999837293755e-05,0.003048329999728594,0.0014254151440627274,0.0010537752085845557,0.2850830288125455,6.149909672542717,0.03611425678202737,False,nan,nan,False,False
255,1.2750000000000001,0.004931827999826055,0.001578407000124571,8.244999662565533e-06,0.0006921369995325222,0.0011257890000706539,6.033299996488495e-05,0.0033145380002679303,0.0013760739587983636,0.000995158058258885,0.27521479175967273,2.4791888021447126,0.03444889818193738,False,nan,nan,False,False
256,1.28,0.005000627000299573,0.0019240239998907782,8.324999726028182e-06,0.0012446820001059677,0.0014788400003453717,5.2288000006228685e-05,0.002906875000007858,0.0013481183056421816,0.000969371568244632,0.26962366112843633,2.373264855220494,0.035921802686348356,False,nan,nan,False,False
257,1.285,0.004910988999654364,0.001366229000268504,6.772000233468134e-06,0.0005922189993725624,0.000979063999693608,4.9963000492425635e-05,0.0035444289997030864,0.0014201629710134255,0.00103171375875751,0.2840325942026851,5.201627716571658,0.03673182359352059,False,nan,nan,False,False
258,1.29,0.004987852999875031,0.0015463469999303925,5.900999894947745e-06,0.0011275309998382,0.0011427700001149788,5.385100030252943e-05,0.003377917000761954,0.001367722097183832,0.0009748244300609877,0.27354441943676633,3.748829012544032,0.0332744190072102,False,nan,nan,False,False
259,1.295,0.0050048850007442525,0.00130171899945708,5.990999852656387e-06,0.0005902760003664298,0.0009309739998570876,5.584500013355864e-05,0.0036140889997113845,0.0014269065225585582,0.001048375570371714,0.2853813045117116,3.5709319918791422,0.03437189889016528,False,nan,nan,False,False
260,1.3,0.004992621999917901,0.001565231999848038,5.930999577685725e-06,0.001130027000726841,0.0011756820003938628,5.3499999921768904e-05,0.003360034000252199,0.001366189166522047,0.0009668186001846532,0.2732378333044094,3.915895918595683,0.0366039062249372,False,nan,nan,False,False
261,1.305,0.004998913999770593,0.0012586169996211538,6.231999577721581e-06,0.000575046999983897,0.0009049749996847822,4.6717999794054776e-05,0.0036888499998894986,0.00143827703311422,0.001052788619243166,0.28765540662284406,3.698859650897902,0.03572905938260709,False,nan,nan,False,False
262,1.31,0.005024080999646685,0.0015385520000563702,6.362000021908898e-06,0.0011539610004547285,0.001055026000358339,4.771000021719374e-05,0.003364381999745092,0.0013700936677432942,0.0009623096032187594,0.2740187335486588,3.7111205383943635,0.03497575104514049,False,nan,nan,False,False
263,1.315,0.00497545899997931,0.001259550000213494,5.951000275672413e-06,0.0005858069998794235,0.0009000559994092328,4.539499968814198e-05,0.003683679999994638,0.001455613378485854,0.0010660223257184052,0.29112267569717076,4.260547048689431,0.03489552824608515,False,nan,nan,False,False
264,1.32,0.005020986000090488,0.0015910399997665081,6.311999641184229e-06,0.0011476800000309595,0.0012209669994263095,4.610599989973707e-05,0.0033165020004162216,0.0014048154679624943,0.0009967310706887333,0.2809630935924988,2.796770105185175,0.03632720662611541,False,nan,nan,False,False
265,1.325,0.004979707000529743,0.0012590289998115622,5.8299992815591395e-06,0.0005768910004917416,0.0009059770000021672,4.62970001535723e-05,0.00367777900009969,0.0014821374607193781,0.0010942973918170035,0.29642749214387565,3.9777539090936127,0.03380920194930216,False,nan,nan,False,False
266,1.33,0.0050115579997509485,0.0015018929998404928,5.8910000007017516e-06,0.0011416790002840571,0.0011135859995192732,5.587499981629662e-05,0.003413534000173968,0.00142722983903793,0.0010173736003942987,0.285445967807586,3.2680112209937864,0.038498001812915995,False,nan,nan,False,False
267,1.335,0.004994684999473975,0.002397451000433648,6.061000021873042e-06,0.0005863189999217866,0.0010769470000013825,6.051299988030223e-05,0.0025238680000256863,0.0015120976100287265,0.0011121359394259556,0.3024195220057453,3.9591636940567985,0.03900479968408583,False,nan,nan,False,False
268,1.34,0.004994496000108484,0.0015444630007550586,6.041000233381055e-06,0.0016004479994080612,0.0011417579999033478,4.7499000174866524e-05,0.003384579999874404,0.0014574708675942375,0.0010441237561104669,0.29149417351884754,2.776207999181429,0.038085783016311346,False,nan,nan,False,False
269,1.345,0.005004634000215447,0.00129476500023884,6.171000677568372e-06,0.00045903899990662467,0.0009268869998777518,5.8169000112684444e-05,0.003626663999966695,0.0014947416333663977,0.0010862637885331282,0.29894832667327953,1.817823932762949,0.03827976620966928,False,nan,nan,False,False
270,1.35,0.00499817299987626,0.001497244000347564,6.3220004449249245e-06,0.0015938450005705818,0.0011137660003441852,4.7077999624889344e-05,0.0034283619997950154,0.0014484325766294488,0.0010084103254005723,0.28968651532588974,3.7286399567146344,0.04016717184454485,False,nan,nan,False,False
271,1.355,0.005000947000553424,0.0012800879994756542,5.77100036025513e-06,0.0004810410000573029,0.0009162460000879946,5.649600007018307e-05,0.0036417410001376993,0.001515147112175086,0.0010884097103714442,0.30302942243501724,3.913006107511108,0.037791346820103475,False,nan,nan,False,False
272,1.36,0.0049986029998763115,0.0014972849994592252,6.011000550643075e-06,0.0015939849999995204,0.0011094089995822287,4.6877999920980074e-05,0.003428422000069986,0.0014671251725140663,0.001024481795274014,0.29342503450281326,2.6194567527532806,0.039296620155024095,False,nan,nan,False,False
273,1.365,0.005002361000151723,0.0012941339991812129,5.509999937203247e-06,0.0004679470002884045,0.0009175579998554895,5.844999941473361e-05,0.003624840000156837,0.0015531298223668212,0.0011332479098449654,0.3106259644733642,4.419287120483059,0.03970552727806013,False,nan,nan,False,False
274,1.37,0.00499447499987582,0.001504879000094661,5.960999260423705e-06,0.0015797389996805578,0.0011250980005570455,4.618599996319972e-05,0.003422931999921275,0.0015050919163710622,0.0010714556593427148,0.30101838327421243,2.5094557276135507,0.039900919512530685,False,nan,nan,False,False
275,1.375,0.005002711000088311,0.0012675039997702697,5.962000614090357e-06,0.0004788070000358857,0.000912449999304954,4.66070005131769e-05,0.0036800529996980913,0.0015974151920961194,0.0011874354365372392,0.3194830384192238,4.821053803965584,0.039931916728953284,False,nan,nan,False,False
276,1.3800000000000001,0.005022246999942581,0.0015071629995873081,6.250999831536319e-06,0.0016117790000862442,0.0011174330002177157,5.634599983750377e-05,0.0033960720002141898,0.0015455635751124891,0.0011214530955562171,0.3091127150224978,2.692064300622129,0.04139273746433586,False,nan,nan,False,False
277,1.385,0.004978365000170015,0.0012522159995569382,5.951000275672413e-06,0.000466813999992155,0.0009035729999595787,4.418200023792451e-05,0.0036768970003322465,0.0015097787281597604,0.0010739710904869894,0.3019557456319521,1.9939768943587117,0.03892411089766643,False,nan,nan,False,False
278,1.3900000000000001,0.005003642999326985,0.0015061909998621559,5.881000106455758e-06,0.0015830249994905898,0.0011214710002604988,4.5263999709277414e-05,0.0034140750003643916,0.0016909842486056465,0.0012627789972113404,0.3381968497211293,8.133810639385294,0.040758739890849875,False,nan,nan,False,False
279,1.395,0.004995758000404749,0.0012914889994135592,5.881000106455758e-06,0.0004788369997186237,0.0009313049995398615,5.325999973138096e-05,0.0036311220001152833,0.0016552830407266534,0.001222614540905758,0.33105660814533067,1.6777300792494494,0.03993405835262335,False,nan,nan,False,False
280,1.4000000000000001,0.004997420999643509,0.0014794310000070254,5.599999894911889e-06,0.0015921519998300937,0.001108014999772422,4.5214999772724696e-05,0.0034455539998816676,0.0015975238012453576,0.0011586275018774343,0.31950476024907154,2.716602288542446,0.04070427745292908,False,nan,nan,False,False
281,1.405,0.004997881000235793,0.001257074999557517,5.961000169918407e-06,0.00047581099988747155,0.0009016490002977662,5.450200023915386e-05,0.003682859000036842,0.0015381913138552388,0.0011054278914476995,0.3076382627710478,2.6274582590966618,0.04021673711016821,False,nan,nan,False,False
282,1.41,0.005016586999772699,0.0015315390000978368,6.141999620012939e-06,0.001557366999804799,0.0011544529997991049,4.558599994197721e-05,0.0033810029999585822,0.0017385393580363314,0.0012947405863208278,0.3477078716072663,8.765815104565176,0.04082626925396413,False,nan,nan,False,False
283,1.415,0.004984877999959281,0.0012585470003614319,5.720999979530461e-06,0.00047323600028903456,0.0009007469998323359,4.4563999836100265e-05,0.0036734509994857945,0.001695494806047536,0.0012493130916265416,0.3390989612095072,1.9824648574350219,0.04017968077353556,False,nan,nan,False,False
284,1.42,0.00500878200000443,0.001464073000533972,5.810999937239103e-06,0.0015917210002953652,0.0010863749994314276,4.471400006877957e-05,0.003452736999861372,0.0016345128828140275,0.0011881434350677345,0.3269025765628055,2.777385303171273,0.044857871435975374,False,nan,nan,False,False
285,1.425,0.004990107000594435,0.0012579269996422227,5.7099996411125176e-06,0.00047759399967617355,0.0009110470000450732,4.424300004757242e-05,0.0036748530001204927,0.0015652437864618245,0.0011280972080694382,0.31304875729236487,3.1718812582738987,0.04334682388443915,False,nan,nan,False,False
286,1.43,0.005008922999877541,0.001493807999395358,6.0720003602909856e-06,0.0015535700003965758,0.0011171119995196932,4.488400008995086e-05,0.003427350000492879,0.0017524339985538614,0.0012938344358019958,0.35048679971077223,8.650204584481346,0.04176048753571292,False,nan,nan,False,False
287,1.435,0.004997291000108817,0.001306987999669218,5.8310006352257915e-06,0.0004769529996337951,0.0009378659997310024,6.213600045157364e-05,0.003612425999563129,0.0017154459870588551,0.001256259939569803,0.3430891974117711,1.7705716930022533,0.04311183547708235,False,nan,nan,False,False
288,1.44,0.0049943149997488945,0.0014582009998775902,5.560000317927916e-06,0.0015810720005902112,0.0010849820000657928,4.5464999857358634e-05,0.003470220000053814,0.0016666844764603543,0.0012100675576062307,0.33333689529207083,2.4044166857951255,0.0472214715470065,False,nan,nan,False,False
289,1.445,0.005002269999749842,0.0012626140005522757,5.740000233345199e-06,0.00047894699946482433,0.0009124389998760307,4.560499928629724e-05,0.0037337039993872168,0.0015813411193432332,0.0011369389459237045,0.3162682238686466,3.9265186623722728,0.044881147707069795,False,nan,nan,False,False
290,1.45,0.005071169000075315,0.0015376900000774185,5.750999662268441e-06,0.0016556009995838394,0.0011756419999073842,4.55150002380833e-05,0.003317744999549177,0.0017354544237450028,0.0012745157464089212,0.34709088474900057,7.475512988830298,0.04368721524345313,False,nan,nan,False,False
291,1.455,0.004931065999699058,0.0012528269999165786,5.900999894947745e-06,0.00047583099967596354,0.0009011180000015884,4.519400044955546e-05,0.0036768670006495086,0.0016925759283573742,0.001229873769141139,0.3385151856714748,2.199629341215945,0.043306582392916224,False,nan,nan,False,False
292,1.46,0.0050036630000249716,0.0014322120005090255,5.761000466009136e-06,0.0015766930000609136,0.0010250299992549117,4.513500061875675e-05,0.003488354999717558,0.0016336734600523842,0.0011732351559478951,0.32673469201047683,3.0053734352937216,0.04681011517291782,False,nan,nan,False,False
293,1.465,0.004997591000574175,0.001319400999818754,5.8910000007017516e-06,0.0004832360000364133,0.000944028000049002,5.382100061979145e-05,0.003601335999519506,0.0016268530070808155,0.0011803264132101976,0.3253706014161631,2.045967696165388,0.04296088449924802,False,nan,nan,False,False
294,1.47,0.004993503999685345,0.0015471380002054502,5.5499995141872205e-06,0.001578926999172836,0.0011762340000132099,4.478399932850152e-05,0.0033831669998107827,0.0016802432013160444,0.0011900840378542728,0.3360486402632089,5.406577374285919,0.04146415565900784,False,nan,nan,False,False
295,1.475,0.005003541999940353,0.001274778000151855,5.881000106455758e-06,0.00047147299937932985,0.0009111469998970279,5.476200021803379e-05,0.003670776000035403,0.0016574639062298525,0.0011789123462913192,0.3314927812459705,3.7281375801451433,0.042405146259091475,False,nan,nan,False,False
296,1.48,0.005036725000536535,0.0015847979993850458,7.273999472090509e-06,0.0015882649995546672,0.001196170000184793,4.881200038653333e-05,0.0033084770002460573,0.0016906804925894952,0.0012471308447376261,0.338136098517899,3.217614701260039,0.044454901851750134,False,nan,nan,False,False
297,1.485,0.004968806999386288,0.0013124480001351913,6.172000212245621e-06,0.0004813719997400767,0.0009390390005137306,5.701700047211489e-05,0.0036058249997950043,0.0016416337748416496,0.0011619787334750456,0.3283267549683299,3.557263757470475,0.04295837516505231,False,nan,nan,False,False
298,1.49,0.004992791999939072,0.0015483200004382525,5.810999937239103e-06,0.001587062999533373,0.0011540120003701304,4.7339000047941227e-05,0.0033878160002132063,0.0017937170427403367,0.0013255215994050183,0.35874340854806736,7.2000719482281355,0.043036202464214336,False,nan,nan,False,False
299,1.495,0.005040251000536955,0.001657445000091684,6.733000191161409e-06,0.0005141729998285882,0.0012657409997700597,4.364100004750071e-05,0.0032299999993483652,0.0017524347775672215,0.0012776055650866487,0.35048695551344433,2.0098515297217454,0.04493128313408094,False,nan,nan,False,False
300,1.5,0.004963587999554875,0.0015615250003975234,5.881000106455758e-06,0.0015787180000188528,0.0010544050001044525,4.798000009031966e-05,0.003364051000062318,0.001688096535982697,0.0012045534607866906,0.3376193071965394,3.152749509640854,0.046165591465273784,False,nan,nan,False,False
301,1.5050000000000001,0.005004784999982803,0.0013161850001779385,6.7129994931747206e-06,0.0004763019996971707,0.0009249519998775213,7.837700013624271e-05,0.0036080789996049134,0.0017499390802074737,0.0012752711779765828,0.3499878160414947,3.345926738188661,0.04437281322953077,False,nan,nan,False,False
302,1.51,0.004999073999897519,0.0015395430000353372,5.7309998737764545e-06,0.0015741879997221986,0.0011581590006244369,4.5926999518997036e-05,0.0033811439998316928,0.0016898532273426398,0.0011893418534318773,0.33797064546852795,3.7042864992945206,0.04469046049722543,False,nan,nan,False,False
303,1.5150000000000001,0.004995687000700855,0.0012698789996647974,5.910999789193738e-06,0.0004749890003949986,0.0009075600000869599,4.479400013224222e-05,0.0036703750001834123,0.0017602827949209838,0.0012726193702636349,0.35205655898419674,3.7198593405660905,0.0455733685201412,False,nan,nan,False,False
304,1.52,0.005018610999286466,0.0014406480004254263,6.021999979566317e-06,0.001601930000106222,0.0010376430000178516,4.601699947670568e-05,0.0034647800002858276,0.0017085068738809193,0.0012036729966291917,0.34170137477618384,2.8067903116429544,0.04812510667934475,False,nan,nan,False,False
305,1.5250000000000001,0.004978105000191135,0.0012662310000450816,5.631000021821819e-06,0.0004784460006703739,0.0009071190006579855,4.379199981485726e-05,0.0036703460000353516,0.001782358375182526,0.001298651275803267,0.35647167503650523,3.8873234103172614,0.04552277718942933,False,nan,nan,False,False
306,1.53,0.00501043500025844,0.0015275919995474396,5.961000169918407e-06,0.0015952979993016925,0.0011545629995453055,4.406300013215514e-05,0.0033887670006151893,0.0017342419183383909,0.0012333850659235583,0.3468483836676782,2.678359322114195,0.04647462754958322,False,nan,nan,False,False
307,1.5350000000000001,0.004990086999896448,0.0012749890001941822,5.650999810313806e-06,0.0004642589992727153,0.000920263999432791,4.578599964588648e-05,0.0036613980000765878,0.0018506963856359528,0.0013712898179512913,0.3701392771271905,5.658721324750374,0.04586424300210079,False,nan,nan,False,False
308,1.54,0.005006968999623496,0.0015087960000528255,5.491000592883211e-06,0.0015903990006336244,0.0010903929996857187,4.5775999751640484e-05,0.003411170000617858,0.0018041650053732294,0.0013142974250380246,0.3608330010746459,2.3333978189332916,0.04714752425026475,False,nan,nan,False,False
309,1.545,0.0050004069998976775,0.0012926510007673642,5.851000423717778e-06,0.0004831649994230247,0.0009230890000253567,5.8288999753131066e-05,0.00363245399967127,0.0017608210862527685,0.0012620838832563784,0.35216421725055364,2.202418819493012,0.04436072576788281,False,nan,nan,False,False
310,1.55,0.0050031110004056245,0.0015049889998408617,6.431999281630851e-06,0.0015975019996403717,0.0011076239998146775,4.771900057676248e-05,0.0034173820004070876,0.0019252635785321852,0.0014343145344472771,0.385052715706437,7.599209252200167,0.04760318787589061,False,nan,nan,False,False
311,1.555,0.004998333000003186,0.0012588879999384517,6.131999725766946e-06,0.00043080700015707407,0.0009069480001926422,4.610599989973707e-05,0.0036645039999712026,0.0018860730011826512,0.00138999194299088,0.37721460023653025,1.8834501803592283,0.047480201842920636,False,nan,nan,False,False
312,1.56,0.0049967900004048715,0.0014985059997343342,6.001000656397082e-06,0.0015883249998296378,0.0011139670004922664,4.589600030158181e-05,0.003423412999836728,0.0018196662084577384,0.0013184809546966103,0.36393324169154767,3.1739393316966367,0.04863561345239329,False,nan,nan,False,False
313,1.565,0.004997299999558891,0.0012578759997268207,6.221000148798339e-06,0.00047843699940131046,0.0008978719997685403,4.5384999793895986e-05,0.003686626000671822,0.0018894858392838794,0.0013951706119685221,0.37789716785677585,3.280901507498209,0.047470694204886865,False,nan,nan,False,False
314,1.57,0.005018370000470895,0.001432202999239962,6.041000233381055e-06,0.0016032530002121348,0.0010315330000594258,4.5836000026611146e-05,0.0034703410001384327,0.0018182969515966561,0.0013048967492317945,0.3636593903193312,3.9027349740696895,0.047462332639659544,False,nan,nan,False,False
315,1.575,0.004976190999514074,0.0012451829998099129,5.629999577649869e-06,0.00047022099988680566,0.0008958579992395244,4.507399989961414e-05,0.0036829890004810295,0.0019297089613516537,0.0014277561571856626,0.38594179227033076,5.404557657538798,0.04971426052063007,False,nan,nan,False,False
316,1.58,0.00500344300053257,0.0014899199995852541,6.001000656397082e-06,0.0015714529999968363,0.001112554000428645,4.511499992077006e-05,0.0034365179999440443,0.001881314942269131,0.0013689898917172393,0.37626298845382616,2.429286074816615,0.050443477990262796,False,nan,nan,False,False
317,1.585,0.004998912999326421,0.0012556030005725916,5.739999323850498e-06,0.00047307600016210927,0.0009046049999597017,4.420299956109375e-05,0.0036782189999939874,0.001914138710675081,0.00141514899283441,0.3828277421350162,1.8816341594840669,0.04810407496349509,False,nan,nan,False,False
318,1.59,0.0050089530004697735,0.0015289639995899051,6.092000148782972e-06,0.0015979129993866081,0.001132600999881106,6.239600043045357e-05,0.0033900099997481448,0.0019073870033928532,0.0013678424179517402,0.38147740067857067,2.595947622958297,0.049595082396121204,False,nan,nan,False,False
319,1.595,0.004997209999601182,0.0013158860001567518,5.931000487180427e-06,0.00047875699965516105,0.0009309340002801036,7.551199996669311e-05,0.003609661000155029,0.001960390193806353,0.0014529697083065438,0.3920780387612706,3.4646049680227193,0.051621058544451134,False,nan,nan,False,False
320,1.6,0.0050000870005533216,0.0014898699992045294,5.951000275672413e-06,0.0015505849996770849,0.0011014040001100511,4.485400040721288e-05,0.003429654000683513,0.0019120917652134665,0.0013815442256084332,0.3824183530426933,2.881791777527316,0.05001013468373437,False,nan,nan,False,False
321,1.605,0.004993913999896904,0.0012627950000023702,5.7609995565144345e-06,0.00047676299982413184,0.0009102650001295842,4.5365000005404e-05,0.003670525999950769,0.0019973457337464783,0.001485019024337876,0.3994691467492956,4.24417813786164,0.048583034776553,False,nan,nan,False,False
322,1.61,0.005008631999771751,0.001514536999820848,5.700999281543773e-06,0.0015925229999993462,0.0011365489999661804,4.517399975156877e-05,0.0034034649997920496,0.0019462160470928673,0.0014183347510918487,0.3892432094185735,2.6969803912687684,0.05007002445968969,False,nan,nan,False,False
323,1.615,0.0049917699998331955,0.001265130000319914,5.8910000007017516e-06,0.00047511999946436845,0.0009034120002979762,5.4982999245112296e-05,0.0036644940000769566,0.0020237029801267233,0.001509157822107636,0.4047405960253447,3.733516072535994,0.05050155879691637,False,nan,nan,False,False
324,1.62,0.005006198000046425,0.0014454869997280184,6.301999746938236e-06,0.0015693400000600377,0.001070514999810257,4.5806000343873166e-05,0.003473296000265691,0.0019557237346132382,0.0014185363258152825,0.3911447469226476,3.715277822118,0.051297652734167545,False,nan,nan,False,False
325,1.625,0.004994193999664276,0.001262555000721477,5.810999937239103e-06,0.00047080199965421343,0.0008992140001282678,4.570500004774658e-05,0.0036842609997620457,0.0020448890737823234,0.00152317733945595,0.4089778147564647,4.49640778941209,0.047763350095228495,False,nan,nan,False,False
326,1.6300000000000001,0.005022498000471387,0.0014872760002617724,6.150999979581684e-06,0.0016125499996633152,0.0011113720001958427,4.531400009000208e-05,0.003416308999476314,0.001991341014992428,0.001451934941592764,0.3982682029984856,3.1359740321048593,0.05083597745068108,False,nan,nan,False,False
327,1.635,0.0049785860001065885,0.0012735849995806348,6.142000529507641e-06,0.00048200299988820916,0.0009228389999407227,4.471400006877957e-05,0.003652532000160136,0.0020666217211920295,0.001547194919470099,0.41332434423840597,4.1054140042561516,0.052363813251375096,False,nan,nan,False,False
328,1.6400000000000001,0.005000436000045738,0.0015123829998628935,5.750000127591193e-06,0.0010356100001445157,0.0011440629996286589,4.655799966712948e-05,0.0034118610001314664,0.0020190249245137606,0.0014808736319954982,0.4038049849027521,3.2264310501818287,0.04995570877663696,False,nan,nan,False,False
329,1.645,0.004999214999770629,0.0012459939998734626,5.791000148747116e-06,0.00047421799990843283,0.0008967900002971874,4.538500070339069e-05,0.0036761050005225115,0.002121254667236611,0.0015939050538467323,0.42425093344732223,5.038019050683326,0.048840283945502355,False,nan,nan,False,False
330,1.6500000000000001,0.004999124000278243,0.001483127999563294,6.142000529507641e-06,0.0015905089994703303,0.0010965239998768084,4.681700011133216e-05,0.0034417970000504283,0.0020595638615133836,0.0015153789629454503,0.41191277230267664,4.085367940243776,0.05224666207605959,False,nan,nan,False,False
331,1.655,0.005001277999326703,0.0012433790006980416,5.940999471931718e-06,0.0004780450008183834,0.000895097000466194,4.4362999688019045e-05,0.0036785109996344545,0.002059839458956751,0.0015239717970605242,0.4119678917913502,2.901987992650558,0.055308130837383694,False,nan,nan,False,False
332,1.6600000000000001,0.004998182000235829,0.001602471999831323,5.560000317927916e-06,0.0015905199998087483,0.0012378279998301878,4.635599998437101e-05,0.0033241470000575646,0.002111403921166665,0.0015503731191710904,0.42228078423333293,5.8894752438069515,0.05449154839233028,False,nan,nan,False,False
333,1.665,0.005002451000109431,0.0012474360000851448,6.562999260495417e-06,0.0004674259998864727,0.0008990039996206178,4.4614000216824934e-05,0.0036941400003343006,0.0020899802040308824,0.0015391479657313883,0.4179960408061765,2.33932479087333,0.05258109182508429,False,nan,nan,False,False
334,1.67,0.005019332000301802,0.0015916510001261486,5.951000275672413e-06,0.0016059379995567724,0.0012074210007995134,4.5495999984268565e-05,0.0033107919998656143,0.00210187979485398,0.0015693060555936056,0.42037595897079605,4.1191214251118575,0.054937589169155934,False,nan,nan,False,False
335,1.675,0.0049752889999581384,0.0012566739997055265,5.699999746866524e-06,0.0004763120005009114,0.0009081309999601217,4.5365000005404e-05,0.0036812360003750655,0.002099176616136568,0.0015519096877492297,0.4198353232273136,2.895397490663456,0.05668200774892818,False,nan,nan,False,False
336,1.68,0.005018400000153633,0.0015496429996346706,6.080999810365029e-06,0.0016040350001276238,0.001165503000265744,4.603600064001512e-05,0.0033619679998082574,0.002153006273688339,0.0015942307327997465,0.43060125473766786,2.6610996134900238,0.0547950446848766,False,nan,nan,False,False
337,1.685,0.0049852489992190385,0.0012738350005747634,6.262000169954263e-06,0.0004668340006901417,0.0009171980000246549,4.6626999392174184e-05,0.003659846000118705,0.0021022105257255492,0.0015476318512407695,0.42044210514510977,3.1431644443218962,0.05258363059577327,False,nan,nan,False,False
338,1.69,0.005010024000512203,0.0014354989998537349,5.931000487180427e-06,0.0015959789998305496,0.0010275849999743514,4.6397000005526934e-05,0.003475860999969882,0.0022079606190445215,0.001633357764233189,0.4415921238089042,5.990261292175438,0.053594723268621,False,nan,nan,False,False
339,1.695,0.00498502800019196,0.0012613720000445028,5.781000254501123e-06,0.00047546000041620573,0.0009112569996432285,4.587600051308982e-05,0.0036975160001020413,0.0021670979342319884,0.0015970130929320904,0.43341958684639764,2.5604176402859324,0.05441250415910707,False,nan,nan,False,False
340,1.7,0.005033507999542053,0.0015511860001424793,6.121999831520952e-06,0.0016157660002136254,0.0011639309996098746,4.5916000090073794e-05,0.0033486720003566006,0.002110747831693161,0.0015605158318918975,0.42214956633863215,4.021004586539265,0.05796382541370581,False,nan,nan,False,False
341,1.705,0.004974127000423323,0.0012736769995171926,5.910999789193738e-06,0.00046593199931521667,0.0009178489999612793,4.578599964588648e-05,0.003658252000604989,0.002156905584681507,0.0015876914334220435,0.43138111693630143,3.6978464941989335,0.053489714728482934,False,nan,nan,False,False
342,1.71,0.005010105000110343,0.0015594509995935368,6.321999535430223e-06,0.001596359999894048,0.001177715999801876,4.585599981510313e-05,0.0033528710000609863,0.0021358703462422924,0.0015725217022167157,0.42717406924845847,5.11788638674845,0.05560053177271424,False,nan,nan,False,False
343,1.715,0.004988654999579012,0.0013065270004517515,5.930999577685725e-06,0.0004730970003947732,0.0009313339996879222,6.734699945809552e-05,0.003615271999478864,0.0021554273390107953,0.0015834434303572537,0.431085467802159,3.826633906148716,0.057818378173387905,False,nan,nan,False,False
344,1.72,0.004997361000278033,0.001531267999780539,6.211999789229594e-06,0.0015795789995536325,0.0011556350000319071,4.5124000280338805e-05,0.0033913520001078723,0.0021757688886330988,0.0016191304224410473,0.43515377772661973,2.2938906940132537,0.05745924685780141,False,nan,nan,False,False
345,1.725,0.00499602799936838,0.0012661720002142829,5.871000212209765e-06,0.0004605730000548647,0.0009044440002980991,4.440299926500302e-05,0.003686175000439107,0.0021649064419599147,0.0015820569549782615,0.43298128839198297,3.8981348074751336,0.05501263674872384,False,nan,nan,False,False
346,1.73,0.005030483000155073,0.0015019230004327255,6.2219996834755875e-06,0.0010619300001053489,0.0011244569996051723,4.6656999984406866e-05,0.003397745000256691,0.0022226383892595745,0.001659293872411212,0.4445276778519149,5.28224613880886,0.05634835710112343,False,nan,nan,False,False
347,1.735,0.0049727040004654555,0.001255993000086164,5.650999810313806e-06,0.0004788770002051024,0.0008936430003814166,4.5365000005404e-05,0.00369202599995333,0.002189379163750829,0.0016139565815338,0.4378758327501658,2.8129602225724772,0.055637031060536773,False,nan,nan,False,False
348,1.74,0.00502060500002699,0.0014854020000711898,5.5810005505918525e-06,0.0016087839994725073,0.0011172730000907904,4.5014000534138177e-05,0.0034180329994342173,0.0022470418611929047,0.0016610824766737503,0.449408372238581,4.167646810645735,0.0549448655534102,False,nan,nan,False,False
349,1.745,0.004974948999915796,0.0012429979997250484,5.740999768022448e-06,0.0004297049999877345,0.0008974409993243171,4.460299987840699e-05,0.0036997600000177044,0.0022084451891317266,0.0016274684582537786,0.44168903782634533,3.19580358056864,0.05335137986158687,False,nan,nan,False,False
350,1.75,0.00502273799975228,0.001526719999674242,6.021999979566317e-06,0.0015996859992810641,0.001133412999479333,4.658699981519021e-05,0.003383738000593439,0.0022787390592429986,0.0016730114566954647,0.45574781184859975,6.203139322099602,0.05607657066961373,False,nan,nan,False,False
351,1.7550000000000001,0.004985038000086206,0.0012584969999807072,5.5300006351899356e-06,0.00047438899946428137,0.0009050950002347236,4.7959999392332975e-05,0.0036840310003753984,0.002249947512596494,0.001653317892160118,0.44998950251929876,2.684260606736072,0.05301127914770841,False,nan,nan,False,False
352,1.76,0.005018539999582572,0.0016529870008525904,5.900999894947745e-06,0.0016047560002334649,0.0012288919997445191,4.663699928642018e-05,0.0032547359996897285,0.0022451573338728536,0.001662071940835317,0.44903146677457073,1.7603280291917744,0.05494011665461281,False,nan,nan,False,False
353,1.7650000000000001,0.004987122000784439,0.0012663719999181922,6.2219996834755875e-06,0.0004415869998410926,0.0009116170003835578,4.748900028062053e-05,0.00366236999980174,0.002287427393687019,0.0016410430205196641,0.45748547873740375,6.666922198131227,0.05496748294270023,False,nan,nan,False,False
354,1.77,0.005004894999729004,0.0014841900001556496,6.1410000853356905e-06,0.0015971920001902618,0.0011110010000265902,4.604599962476641e-05,0.003427689999625727,0.0022904952946496333,0.0016729949931433737,0.45809905892992664,3.7629299594097083,0.054504827884275873,False,nan,nan,False,False
355,1.7750000000000001,0.0049849070001073414,0.001251984999726119,5.710000550607219e-06,0.0004757819997394108,0.000899655000466737,4.609700044966303e-05,0.0036766969997188426,0.00228415276780323,0.0016802314782273647,0.45683055356064595,1.4638763794759457,0.05725402336253626,False,nan,nan,False,False
356,1.78,0.005007730999750493,0.0015178530002231128,5.8310006352257915e-06,0.001587042999744881,0.0011381220001567272,4.6316999942064285e-05,0.003402342999834218,0.002419277381914444,0.0017666595144256864,0.4838554763828888,6.622496277653872,0.06000379515257728,False,nan,nan,False,False
357,1.7850000000000001,0.004992621000383224,0.0012662319995797588,5.9910007621510886e-06,0.0004678759996750159,0.0009066980001080083,4.624700068234233e-05,0.003684903000248596,0.0023820697319039534,0.0017451006004411095,0.4764139463807906,2.2048527226454215,0.05702603476561246,False,nan,nan,False,False
358,1.79,0.005026795999583555,0.001484119999986433,6.332000339170918e-06,0.0016048059997046948,0.0011055810000470956,4.612700013240101e-05,0.003416069000195421,0.0023313123860623183,0.0017209614699313057,0.4662624772124636,3.3649955168955965,0.0604872982096938,False,nan,nan,False,False
359,1.795,0.004976932999852579,0.0012650489998122794,6.0720003602909856e-06,0.00047851600083959056,0.0009115369994106004,4.557600004773121e-05,0.0036665990000983584,0.0023993875668452697,0.0017604589846860197,0.47987751336905393,4.476818579935623,0.0629058985771088,False,nan,nan,False,False
360,1.8,0.005004043000553793,0.0014769869994779583,6.00099974690238e-06,0.0015957590003381483,0.0010960129993691226,4.578599964588648e-05,0.003441296000346483,0.0023666857601339357,0.0017497040107412355,0.4733371520267871,4.2248517469743385,0.0637330719078555,False,nan,nan,False,False
361,1.805,0.004991619999600516,0.0012374480002108612,5.921000592934433e-06,0.00047702299980301177,0.0008910589995139162,4.421199992066249e-05,0.003685994999614195,0.002364031391731874,0.0017384778222179487,0.4728062783463748,2.3698052504993887,0.05787040329298835,False,nan,nan,False,False
362,1.81,0.00499809200027812,0.001504629000010027,5.569999302679207e-06,0.001542849000543356,0.0011301869999442715,4.48239998149802e-05,0.0034262780000062776,0.0024011354227711184,0.0017891320016342888,0.4802270845542237,5.709616758011645,0.06191037316883488,False,nan,nan,False,False
363,1.815,0.005003151999517286,0.0012550609999379958,6.191000466060359e-06,0.00047067099967534887,0.0009040830000230926,4.56750003650086e-05,0.003679011000713217,0.00239321120813753,0.0017751083691580696,0.478642241627506,1.9148914092267826,0.06279665850902622,False,nan,nan,False,False
364,1.82,0.0050100250000468805,0.0015179830006673,5.9710000641644e-06,0.0015929540004435694,0.0011372299995855428,4.5556000259239227e-05,0.003401310999834095,0.0023895126537412745,0.0017587374201325848,0.4779025307482549,3.962427928679107,0.06194290826448385,False,nan,nan,False,False
365,1.825,0.00499303200012946,0.0012643689997275942,5.871000212209765e-06,0.0004778849997819634,0.0009024510000017472,4.4983999941905495e-05,0.0036654150007962016,0.0023735135571973437,0.0017549274784008292,0.47470271143946874,3.814685090945456,0.05930894819586253,False,nan,nan,False,False
366,1.83,0.005002359999707551,0.0014760460007892107,5.881000106455758e-06,0.0015506850004385342,0.001095902999622922,5.522399987967219e-05,0.003444701999796962,0.0024101616831470754,0.001776884343952921,0.4820323366294151,3.820691964194612,0.06054218108194157,False,nan,nan,False,False
367,1.835,0.004995358000087435,0.0012450320000425563,5.6110002333298326e-06,0.0004746189997604233,0.0008881439998731366,4.483400061872089e-05,0.003677999000501586,0.0023759232564511848,0.0017543890011149088,0.47518465129023696,3.286950527978951,0.06462977903665408,False,nan,nan,False,False
368,1.84,0.004997541000193451,0.0014810840002610348,5.881000106455758e-06,0.0015871830000833143,0.0011052810004912317,4.655699922295753e-05,0.00344898099956481,0.002457527808488759,0.0018062867966674723,0.49150556169775184,6.273347195205875,0.06555045242919384,False,nan,nan,False,False
369,1.845,0.005004493999877013,0.001272684000468871,5.951999810349662e-06,0.00047823600016272394,0.0009216870003001532,4.578599964588648e-05,0.0036782999995921273,0.0024308103272662664,0.0017901073873499776,0.4861620654532533,2.287446244364914,0.0625891266278163,False,nan,nan,False,False
370,1.85,0.00502508299996407,0.0015385120004793862,5.660999704559799e-06,0.0016086640007415554,0.0011536809997778619,5.572500049311202e-05,0.003362057000231289,0.002392415509305756,0.0017670027264459903,0.4784831018611512,2.1290185220621995,0.06468164479555953,False,nan,nan,False,False
371,1.855,0.004974337000021478,0.001253768999958993,5.921000592934433e-06,0.00047565100067004096,0.0009019590006573708,4.5435000174620654e-05,0.0036787110002478585,0.002492702198127114,0.001808677324866781,0.49854043962542277,6.751819513047699,0.06644612032057003,False,nan,nan,False,False
372,1.86,0.005010055000639113,0.0015109099995243014,5.7010001910384744e-06,0.0015984840001692646,0.0011145580001539201,4.6285999815154355e-05,0.0034062510003423085,0.0024620767703849226,0.0017940705745769503,0.49241535407698456,2.3762302259205526,0.06440018904202402,False,nan,nan,False,False
373,1.865,0.004993853999621933,0.0012591690001499956,5.5810005505918525e-06,0.00048311499995179474,0.0009063369998330018,4.717800038633868e-05,0.0036675800001830794,0.002427584597081623,0.0017805275055586475,0.48551691941632463,2.365758500407617,0.061921127112795626,False,nan,nan,False,False
374,1.87,0.005000606999601587,0.0015438120008184342,5.77100036025513e-06,0.0015909699995972915,0.0011661750004350324,4.495399934967281e-05,0.003374219999386696,0.002504854249016439,0.0018572969102019013,0.5009708498032879,3.7294004791400126,0.06431373100989607,False,nan,nan,False,False
375,1.875,0.004989115000171296,0.0012383399998725508,5.720999979530461e-06,0.00046134399963193573,0.0008961490002548089,4.521400023804745e-05,0.00369078299991088,0.002426081846483809,0.0017749844760875377,0.4852163692967618,3.872790156546409,0.0658824226694243,False,nan,nan,False,False
376,1.8800000000000001,0.0050047049999193405,0.0014602050005123601,5.641000825562514e-06,0.0015815520000614924,0.001088017999791191,4.472399996302556e-05,0.0034653610000532353,0.002576519263911897,0.0019024598008117732,0.5153038527823794,6.898423519627375,0.0651465575801763,False,nan,nan,False,False
377,1.885,0.004999174000658968,0.0012600609998116852,6.012000085320324e-06,0.00047758399978192756,0.0008991539998532971,4.527500004769536e-05,0.0036741819994858815,0.002534151169445733,0.0018612541478831984,0.5068302338891466,1.9728980775036902,0.06343633604891148,False,nan,nan,False,False
378,1.8900000000000001,0.005007789999581291,0.0015156199997363728,6.090999704611022e-06,0.0015987449996828218,0.0011443539997344487,4.548500055534532e-05,0.003403054000045813,0.002487227430977489,0.001821448934334488,0.49744548619549783,2.296827161184659,0.06520373905010775,False,nan,nan,False,False
379,1.895,0.004994896999960474,0.001262575000509969,5.810999937239103e-06,0.00046563200066884747,0.0009136409998973249,4.559499939205125e-05,0.0036681209994640085,0.002410357271453491,0.001758166652955133,0.4820714542906982,3.38518240674121,0.06756494319889286,False,nan,nan,False,False
380,1.9000000000000001,0.005005846999665664,0.00148690500009252,5.851000423717778e-06,0.0015923229993859422,0.0011048890000893152,5.490300009114435e-05,0.003434213000218733,0.0025429128613614683,0.00187393329314154,0.5085825722722936,5.709807945266318,0.06617372763246059,False,nan,nan,False,False
381,1.905,0.004996108000341337,0.0012483279997468344,5.83099972573109e-06,0.0004808200001207297,0.0008982019999166369,4.564600021694787e-05,0.003671708000183571,0.002504716123675584,0.001836422613962961,0.5009432247351168,1.7062458809106138,0.06276834853642954,False,nan,nan,False,False
382,1.9100000000000001,0.00499688000036258,0.0014741509994564694,5.841000529471785e-06,0.0015922630000204663,0.0010995590000675293,4.5464999857358634e-05,0.0034514449998823693,0.0024408122662063774,0.0017712330578612615,0.4881624532412755,2.9138521277467073,0.06580855925509305,False,nan,nan,False,False
383,1.915,0.004997551000087697,0.0012348729997029295,5.992000296828337e-06,0.00042954399941663723,0.000887281999894185,4.4964999688090757e-05,0.0036908840002070065,0.0025051781916509384,0.0018470376018764195,0.5010356383301876,3.111258471194087,0.06784234809042994,False,nan,nan,False,False
384,1.92,0.0050011479997920105,0.0015372190000562114,6.092000148782972e-06,0.0015825839991521207,0.0011625079996520071,4.454400004760828e-05,0.0033896200002345722,0.002456022184785828,0.0017824905109204148,0.4912044369571656,2.6062331496384914,0.06630161881889177,False,nan,nan,False,False
385,1.925,0.004998121999960858,0.001247657000021718,5.920999683439732e-06,0.0004744790003314847,0.0009015890000227955,4.400299985718448e-05,0.0036997910001446144,0.0025046142531736054,0.0018515741042772413,0.5009228506347211,2.951264442149095,0.05984694884965439,False,nan,nan,False,False
386,1.93,0.00502331999996386,0.0014568280003004475,6.080999810365029e-06,0.0016073110000434099,0.0010841209996215184,4.640699989977293e-05,0.0034491609994802275,0.002457032364226801,0.0017820990536808398,0.4914064728453602,3.0545254900220957,0.06611030228407569,False,nan,nan,False,False
387,1.935,0.004978455000127724,0.001930716999595461,5.339999916031957e-06,0.00045371000032901065,0.000977300999693398,0.00015521099976467667,0.0030775140003242996,0.0025318272347891954,0.0018728678166449117,0.5063654469578391,3.7577658285413573,0.06474834749748955,False,nan,nan,False,False
388,1.94,0.005082300000140094,0.0014989979999882053,5.450000571727287e-06,0.001578155999595765,0.0011235649999434827,4.432299920154037e-05,0.0033462479996160255,0.0024855046839254435,0.0018068868006193006,0.49710093678508877,2.7878149870971582,0.06442233660188429,False,nan,nan,False,False
389,1.945,0.004921447999549855,0.0012722439996650792,6.281999958446249e-06,0.0003913930004273425,0.000916156000130286,4.5294999836187344e-05,0.003661058000034245,0.002531603915352155,0.0018695149441201597,0.506320783070431,2.5056531138677216,0.06396157566685726,False,nan,nan,False,False
390,1.95,0.005007429999750457,0.0014532430004692287,5.83099972573109e-06,0.0014966640001148335,0.001079431999642111,4.558500040729996e-05,0.003463396999904944,0.0024951981885243564,0.0018032987589677724,0.49903963770487136,3.0317152704279446,0.06699254571874858,False,nan,nan,False,False
391,1.955,0.004996940000637551,0.0012656009994316264,6.190999556565657e-06,0.00037436100046761567,0.000909835000129533,4.441300006874371e-05,0.003657580999970378,0.0025556975483837087,0.0018824386531546208,0.5111395096767417,3.2596742905177525,0.06425112642788133,False,nan,nan,False,False
392,1.96,0.0049965999996857136,0.001458781999644998,5.4299998737405986e-06,0.0014353489996210556,0.001072239000677655,4.6426999688264914e-05,0.003465893000793585,0.0025220153450753913,0.0018260975458520776,0.5044030690150783,2.7417837503375164,0.06810149838742498,False,nan,nan,False,False
393,1.965,0.0050011679995805025,0.0012789250004061614,6.301999746938236e-06,0.000362910000148986,0.0009208749997924315,4.550599987851456e-05,0.0036417319997781306,0.0025669190314346647,0.001889994788378209,0.5133838062869329,2.767963823824957,0.067431240768823,False,nan,nan,False,False
394,1.97,0.004998252000405046,0.00147600499985856,5.769999916083179e-06,0.0014725390001331107,0.0010990580003635841,4.5744999624730553e-05,0.0034563939998406568,0.0025535843561624878,0.0018306074648038878,0.5107168712324975,4.480787972909287,0.06835480555821234,False,nan,nan,False,False
395,1.975,0.005006588000469492,0.0012465349991543917,5.8910000007017516e-06,0.00037623500065819826,0.0008995649995995336,4.4503999561129604e-05,0.0036789210007555084,0.0025680856891031876,0.0018602682079531113,0.5136171378206376,1.5927497082274225,0.06279830582891349,False,nan,nan,False,False
396,1.98,0.005008070999792835,0.0015119119998416863,6.411999493138865e-06,0.0014789299993935856,0.0011334729997543036,4.6766999730607495e-05,0.0033974839998336392,0.002612484938635664,0.0019163026149386295,0.5224969877271328,2.5848028384255146,0.06924004598811241,False,nan,nan,False,False
397,1.985,0.004984766999768908,0.0012816810003641876,5.690999387297779e-06,0.0003633010001067305,0.0009103749998757849,5.173699992155889e-05,0.003673330999845348,0.0025954100554701274,0.0018707520265424937,0.5190820110940255,3.4667216999289043,0.06706099667528292,False,nan,nan,False,False
398,1.99,0.005031886000324448,0.0015476789994863793,5.781000254501123e-06,0.0008537789999536471,0.0011727769997378346,4.471399915928487e-05,0.0033433220005463227,0.002672200778442445,0.001957159090737036,0.534440155688489,4.435993715897716,0.07037762234884237,False,nan,nan,False,False
399,1.995,0.0049654309996185475,0.0013097940000079689,5.7309998737764545e-06,0.00024075100009213202,0.0009139829999185167,7.626299975527218e-05,0.0036252600002626423,0.0026413740995296,0.00192514169645705,0.52827481990592,1.4741777646098284,0.0644690932921648,False,nan,nan,False,False
400,2.0,0.005012849999729951,0.0015562150001642294,6.121000296843704e-06,0.0013829010003973963,0.0011167819993715966,4.7589000132575165e-05,0.003360243999850354,0.0027252485610305384,0.0020000000000000018,0.5450497122061078,3.477581444923068,0.06517960940697612,False,nan,nan,False,False
401,2.005,0.005019532000005711,0.0012906980000479962,6.111999937274959e-06,0.00038364800002455013,0.0009068389999811188,7.632300003024284e-05,0.0036094910001338576,0.002683803347491782,0.001964719583320604,0.5367606694983563,1.7314279763083233,0.06616498732342144,False,nan,nan,False,False
402,2.0100000000000002,0.004974789000698365,0.0014571289993909886,6.020999535394367e-06,0.001484971999161644,0.001081115000488353,4.610599989973707e-05,0.00346398900001077,0.0027359196457217524,0.0020000000000000018,0.5471839291443504,3.807812319470015,0.06866989741579453,False,nan,nan,False,False
403,2.015,0.0049935429997276515,0.0012579869999171933,5.781000254501123e-06,0.0003594939998947666,0.0009055860000444227,4.455299949768232e-05,0.0036789309997402597,0.0027125871263174732,0.001989811098663169,0.5425174252634947,2.549361714949523,0.07185982296358147,False,nan,nan,False,False
404,2.02,0.0050133209997511585,0.0015344339999501244,6.092000148782972e-06,0.0014969240000937134,0.0011375310004950734,4.681700011133216e-05,0.0033796910001910874,0.0027596030961562503,0.0020000000000000018,0.5519206192312501,2.8640455580523594,0.07349214088165792,False,nan,nan,False,False
405,2.025,0.004989075000594312,0.001255531999959203,5.851000423717778e-06,0.0003513080000629998,0.000901940000403556,4.524399992078543e-05,0.003677057999993849,0.0027536937276353593,0.0020000000000000018,0.5507387455270719,0.7914221604272242,0.06986225653598034,False,nan,nan,False,False
406,2.0300000000000002,0.005007439999644703,0.0014278950002335478,6.242000381462276e-06,0.0014714859999003238,0.0010638029998517595,4.5435000174620654e-05,0.003486800999780826,0.0027276432467130437,0.0020000000000000018,0.5455286493426088,2.8623768866281902,0.07138815411301543,False,nan,nan,False,False
407,2.035,0.00498768299985386,0.0011964909999733209,5.480000254465267e-06,0.0003480519999357057,0.0008540090002497891,4.400200032250723e-05,0.003731599999809987,0.0027366650349771172,0.0020000000000000018,0.5473330069954234,1.7290951266121712,0.07233899225158016,False,nan,nan,False,False
408,2.04,0.005013050000343355,0.0016124799994940986,7.1739996201358736e-06,0.0014859230004731216,0.0012497910001911805,4.463299956114497e-05,0.0033132260005004355,0.002773905385200259,0.0020000000000000018,0.5547810770400519,4.460657985534762,0.07280178835834179,False,nan,nan,False,False
409,2.045,0.005006157000025269,0.0011976529995081364,6.0919992392882705e-06,0.00032072100020741345,0.0008604120002928539,4.5124999815016054e-05,0.003709788999913144,0.0027598171935570934,0.0020000000000000018,0.5519634387114186,1.7351569177789756,0.06866096933360365,False,nan,nan,False,False
410,2.05,0.004983093999726407,0.001426621999598865,5.981999493087642e-06,0.001129124999351916,0.0010536230001889635,4.6346999624802265e-05,0.003505988000142679,0.0027429827099897932,0.0020000000000000018,0.5485965419979586,3.1259978002949356,0.07212749673117683,False,nan,nan,False,False
411,2.055,0.0050046850001308485,0.001230134000252292,5.810999937239103e-06,0.00022586299928661902,0.000880159000189451,4.496500059758546e-05,0.003688819999297266,0.0027506359431476845,0.0020000000000000018,0.5501271886295368,1.4107702297171685,0.07420037382154333,False,nan,nan,False,False
412,2.06,0.004992610999579483,0.0016010300005291356,5.750000127591193e-06,0.0013633039998239838,0.0011793190005846554,4.610600080923177e-05,0.0033299870001428644,0.00277486796990205,0.0020000000000000018,0.5549735939804099,3.382116494312111,0.07200142244539924,False,nan,nan,False,False
413,2.065,0.005007089000173437,0.0012649899999814807,6.211000254552346e-06,0.0002116270006808918,0.0009077400000023772,4.686800002673408e-05,0.0036668390002887463,0.0027708352839198756,0.0020000000000000018,0.5541670567839752,0.8998948753751428,0.06997440270263643,False,nan,nan,False,False
414,2.07,0.005014393999772437,0.0016604000002189423,6.342000233416911e-06,0.0013698760003535426,0.001273746000151732,4.71480007036007e-05,0.003249456000048667,0.002766810199327118,0.0020000000000000018,0.5533620398654236,2.337838589981752,0.0725253649722763,False,nan,nan,False,False
415,2.075,0.004986320000170963,0.0012690370003838325,6.0109996411483735e-06,0.00025431700032640947,0.0009149540001089917,4.626699956133962e-05,0.003665705999992497,0.002772669410710076,0.0020000000000000018,0.5545338821420153,2.000774732041363,0.07482621976979908,False,nan,nan,False,False
416,2.08,0.005011477000152809,0.0014228749996618717,6.142000529507641e-06,0.0013741840002694516,0.0010090699997817865,4.767900009028381e-05,0.003487413000584638,0.0027691620828468096,0.0020000000000000018,0.5538324165693618,1.8814198547486458,0.07352661906650752,False,nan,nan,False,False
417,2.085,0.004984215999684238,0.0012814600004276144,5.932000021857675e-06,0.00020896200021525146,0.0009143130000666133,4.52150006822194e-05,0.0036571909995473106,0.002773818249496758,0.0020000000000000018,0.5547636498993516,1.5336528275761485,0.07095579923725322,False,nan,nan,False,False
418,2.09,0.005011416999877838,0.0016278390003208187,5.691000296792481e-06,0.0013709180002479116,0.0012322580005275086,4.568599979393184e-05,0.0032827800005179597,0.0027897730982408943,0.0020000000000000018,0.5579546196481787,1.223763621370663,0.07307227560365892,False,nan,nan,False,False
419,2.095,0.004985038000086206,0.0012690370003838325,6.032000783307012e-06,0.0002512010005375487,0.0009075699999812059,4.5234000026539434e-05,0.003671546999612474,0.0027870190121005688,0.0020000000000000018,0.5574038024201137,0.8592787062552394,0.07493186371438873,False,nan,nan,False,False
420,2.1,0.005019823000111501,0.0014795710003454587,5.930999577685725e-06,0.001380446000439406,0.001089800999579893,4.7669000196037814e-05,0.0034295240002393257,0.002798507328223279,0.0020000000000000018,0.5597014656446557,1.0326880007916917,0.07401323266600267,False,nan,nan,False,False
421,2.105,0.004981932000191591,0.0012558919997900375,6.051000127627049e-06,0.00022469099985755747,0.0009049549998962902,4.554499992082128e-05,0.003694500000165135,0.002798299302168233,0.0020000000000000018,0.5596598604336465,0.7635703676608496,0.06930979600721308,False,nan,nan,False,False
422,2.11,0.0050239399997735745,0.0014656560006187647,6.321000000752974e-06,0.0013650170003529638,0.0010900419993049582,4.657699992094422e-05,0.003439832999902137,0.002826093493884382,0.0020000000000000018,0.5652186987768764,1.753463938920322,0.07192632312428139,False,nan,nan,False,False
423,2.115,0.004979227000148967,0.0012754999997923733,6.0720003602909856e-06,0.00024047999977483414,0.0009096840003621764,4.409299981489312e-05,0.003661548000309267,0.002821108957007645,0.0020000000000000018,0.564221791401529,0.40399044938282247,0.0757843670326084,False,nan,nan,False,False
424,2.12,0.00501054500000464,0.0014918150000085006,6.051000127627049e-06,0.0013595459995485726,0.0010997700001098565,4.554499992082128e-05,0.0034539300004325924,0.002817779933433018,0.0020000000000000018,0.5635559866866037,0.6843162973237201,0.07494788447055638,False,nan,nan,False,False
425,2.125,0.005018931999984488,0.00124943999981042,5.7309998737764545e-06,0.00013929099986853544,0.0009020900006362353,4.4474000787886325e-05,0.0036574810001184233,0.0028177163897134703,0.0020000000000000018,0.563543277942694,0.03424909144822961,0.07245188631734167,False,nan,nan,False,False
426,2.13,0.004978726000445022,0.0014830179998170934,6.102000043028966e-06,0.0013519129997803248,0.0010741020005298196,4.542500028037466e-05,0.003431006999562669,0.0028561062080219865,0.0020000000000000018,0.5712212416043974,3.4229883255185283,0.07466114542409368,False,nan,nan,False,False
427,2.1350000000000002,0.004986950999409601,0.001284376000512566,6.131999725766946e-06,0.00024139200013451045,0.0009233199998561759,5.494299966812832e-05,0.0036564389993145596,0.0028459802115598965,0.0020000000000000018,0.5691960423119792,0.9234134115117976,0.0716578419469261,False,nan,nan,False,False
428,2.14,0.005014493000089715,0.0014768460005143424,5.820999831485096e-06,0.0012927710004078108,0.0011026259999198373,4.417299987835577e-05,0.003434102999563038,0.0028489597450633134,0.0020000000000000018,0.5697919490126626,1.0849993849099002,0.07397805079434273,False,nan,nan,False,False
429,2.145,0.004982333000043582,0.001256272999853536,5.881000106455758e-06,0.00016684199999872362,0.0008840660002533696,7.029100015643053e-05,0.0036962340000172844,0.002850805173710173,0.0020000000000000018,0.5701610347420346,0.3905619478411167,0.07473667789976594,False,nan,nan,False,False
430,2.15,0.005029099999774189,0.0014702940006827703,5.920999683439732e-06,0.0013402210006461246,0.0010858830000870512,4.697799977293471e-05,0.0034322189994782093,0.0028798136198591446,0.0020000000000000018,0.5759627239718289,2.0409473403579876,0.0745396558077482,False,nan,nan,False,False
431,2.1550000000000002,0.004974758000571455,0.001263406999896688,5.651000719808508e-06,0.0002479149998180219,0.0009137409997492796,4.520399943430675e-05,0.00367275000007794,0.002874270089117521,0.0020000000000000018,0.5748540178235041,0.44704543789390294,0.07070545514945602,False,nan,nan,False,False
432,2.16,0.005009733999941091,0.0014900309997756267,5.850999514223076e-06,0.0013573529995483113,0.0011004710004272056,5.725800019718008e-05,0.0034329609998167143,0.002876894922972572,0.0020000000000000018,0.5753789845945144,0.5679086601990408,0.07438131818070282,False,nan,nan,False,False
433,2.165,0.0050011479997920105,0.0013047740003457875,6.0810007198597305e-06,0.00024946800022007665,0.0009333380003226921,6.043299981683958e-05,0.00361583299945778,0.0028777948795795836,0.0020000000000000018,0.5755589759159168,0.1428451908362696,0.07422182378019884,False,nan,nan,False,False
434,2.17,0.004994445999727759,0.0014971740001783473,5.871000212209765e-06,0.0013559400003941846,0.0011111909998362535,4.6797000322840177e-05,0.0034269990001121187,0.0028945992511852058,0.0020000000000000018,0.5789198502370411,1.1796254519904832,0.07442232206073637,False,nan,nan,False,False
435,2.1750000000000003,0.00499850200048968,0.001263907999600633,6.091000614105724e-06,0.00024367599962715758,0.0009093939997910638,4.5365000005404e-05,0.003683620000629162,0.0028924727306468318,0.0020000000000000018,0.5784945461293663,0.13343133720405792,0.07245868171379208,False,nan,nan,False,False
436,2.18,0.005045181000241428,0.0015313489993786789,6.232000487216283e-06,0.001397628000631812,0.0011560859993551276,4.6065999413258396e-05,0.003345516000081261,0.0029028736431913763,0.0020000000000000018,0.5805747286382753,0.8744401198782227,0.07467319684109221,False,nan,nan,False,False
437,2.185,0.004949110999405093,0.0012603200002558879,6.270999620028306e-06,0.00023049199990055058,0.0009056069993675919,4.50550005552941e-05,0.0036912349996782723,0.00290220950461732,0.0020000000000000018,0.5804419009234639,0.09584279330973251,0.07237609923633827,False,nan,nan,False,False
438,2.19,0.005027126000641147,0.0015052299995659268,5.851000423717778e-06,0.0013504200005627354,0.0011285640002824948,4.649699985748157e-05,0.0033721259997037123,0.002912967772311723,0.0020000000000000018,0.5825935544623446,1.095801123853145,0.07695559760259034,False,nan,nan,False,False
439,2.195,0.0049732859997675405,0.001422073999492568,7.595000170113053e-06,0.00023521999992226483,0.000995755000076315,5.662700004904764e-05,0.003511026000523998,0.002910373600496141,0.0020000000000000018,0.5820747200992281,0.1908585013808236,0.07334290144064837,False,nan,nan,False,False
440,2.2,0.0050039629995808355,0.001424037000106182,5.541000064113177e-06,0.001352082999801496,0.0010399180000604247,4.9252000280830543e-05,0.0035030420003749896,0.0029069309814267106,0.0020000000000000018,0.5813861962853422,0.6544186310077966,0.07386407526701186,False,nan,nan,False,False
441,2.205,0.004994966000595014,0.001336423999418912,5.048999810242094e-06,0.00024052000026131282,0.000946352999562805,8.016999981919071e-05,0.003593421000005037,0.0029122602557013094,0.0020000000000000018,0.5824520511402619,0.5308897923662864,0.07571084521709671,False,nan,nan,False,False
442,2.21,0.004997019999791519,0.0014143999997031642,5.118999979458749e-06,0.001224112999807403,0.0010406890005469904,4.747900038637454e-05,0.003518941000038467,0.0029166167584866775,0.0020000000000000018,0.5833233516973355,0.5557178164947905,0.07826964690088277,False,nan,nan,False,False
443,2.215,0.004997191000256862,0.0013729109996347688,5.199999577598646e-06,0.0002237290000266512,0.0009806769994611386,5.100599992147181e-05,0.0036272349998398568,0.0029173913547881664,0.0020000000000000018,0.5834782709576332,0.20088335489501813,0.07448925325789621,False,nan,nan,False,False
444,2.22,0.005107225999381626,0.0018118640000466257,7.9849996836856e-06,0.001455976999750419,0.0013677220003955881,5.580499964707997e-05,0.0031515740001850645,0.002936228703919375,0.0020000000000000018,0.587245740783875,1.4109466008770828,0.07693893841756982,False,nan,nan,False,False
445,2.225,0.005070668999906047,0.0015227220001179376,8.025000170164276e-06,0.00041903500004991656,0.0010836000001290813,5.480299932969501e-05,0.003371194999999716,0.002933297610533909,0.0020000000000000018,0.5866595221067817,0.22849242633031233,0.07797726402266543,False,nan,nan,False,False
446,2.23,0.00500179900063813,0.0018121539997082436,7.995000487426296e-06,0.0015220810000755591,0.0013847949994669762,5.5092999900807627e-05,0.003066043000217178,0.0029356692673904073,0.0020000000000000018,0.5871338534780814,0.363109942988231,0.07794230535877422,False,nan,nan,False,False
447,2.235,0.004984766999768908,0.0016239219994531595,8.115000127872918e-06,0.00040144200011127396,0.0011449449993961025,5.626499932986917e-05,0.0032110750007632305,0.0029332430560978827,0.0020000000000000018,0.5866486112195765,0.18521994554059903,0.07298327207796966,False,nan,nan,False,False
448,2.24,0.004942728000060015,0.001848552999945241,8.115000127872918e-06,0.0014568890001100954,0.0014118349999989732,5.5483999858552124e-05,0.0030489410000882344,0.002950389715548245,0.0020000000000000018,0.590077943109649,1.2023331351740196,0.0739868155604654,False,nan,nan,False,False
449,2.245,0.0050044350000462146,0.0015930439994917833,8.054999852902256e-06,0.00035988399940833915,0.0011395439996704226,6.489199950010516e-05,0.003297156000371615,0.002948651017405979,0.0020000000000000018,0.5897302034811958,0.11881835277444713,0.07388656348700537,False,nan,nan,False,False
450,2.25,0.004997951999939687,0.0017701349997878424,8.316000275954138e-06,0.0014629809993493836,0.001168830000096932,6.294800004980061e-05,0.0031270380004571052,0.002951052169703555,0.0020000000000000018,0.5902104339407109,0.3371509012925918,0.07683568773220964,False,nan,nan,False,False
451,2.255,0.005004384000130813,0.0015687079994677333,8.074999641394243e-06,0.0003157219998684013,0.0011157099997944897,5.439199958345853e-05,0.0033158309997816104,0.0029526955672818517,0.0020000000000000018,0.5905391134563703,0.270105284760063,0.07311003216845223,False,nan,nan,False,False
452,2.2600000000000002,0.004993603000002622,0.0017402599996785284,7.97500069893431e-06,0.0014569189997928333,0.0011178029999427963,6.238699916139012e-05,0.003155280000100902,0.0029635411638519846,0.0020000000000000018,0.5927082327703969,0.7945346131688785,0.07514629467449044,False,nan,nan,False,False
453,2.265,0.005004854999242525,0.0015564350005661254,8.224999874073546e-06,0.00025248299971281085,0.0010374040002716356,5.496199992194306e-05,0.0033300180002697743,0.0029627913723577707,0.0020000000000000018,0.5925582744715542,0.14819670483716363,0.07724944168407229,False,nan,nan,False,False
454,2.27,0.004994015000193031,0.0018691510003918665,8.134999916364904e-06,0.001449145000151475,0.0014232559997253702,5.5544000133522786e-05,0.0030273800002760254,0.0029712185092422598,0.0020000000000000018,0.5942437018484519,0.6223555719403104,0.07774243669518206,False,nan,nan,False,False
455,2.275,0.005005075000553916,0.001568738000059966,7.964999895193614e-06,0.0003328729999338975,0.0011288640007478534,5.448199954116717e-05,0.003320780999274575,0.002970770948159865,0.0020000000000000018,0.594154189631973,0.06019521862323835,0.07427031794536791,False,nan,nan,False,False
456,2.2800000000000002,0.004998372000045492,0.0016622639996057842,8.074999641394243e-06,0.001550234000205819,0.0012074619999111746,5.44320000699372e-05,0.0033226539999304805,0.0029818963243518496,0.0020000000000000018,0.5963792648703699,1.0403823368262666,0.07620867523025811,False,nan,nan,False,False
457,2.285,0.005094572999951197,0.0015268600000126753,8.115000127872918e-06,0.0004923330006931792,0.0010703349998948397,5.378100013331277e-05,0.003296735999356315,0.0029778242224000545,0.0020000000000000018,0.5955648444800109,0.46422479773827025,0.07755648724723806,False,nan,nan,False,False
458,2.29,0.004932128999826091,0.0016067189999375842,8.195000191335566e-06,0.001521109999885084,0.0011739490000763908,5.277800028125057e-05,0.003258183000070858,0.002996912055334576,0.0020000000000000018,0.599382411066915,1.3858751447326776,0.07875497037599856,False,nan,nan,False,False
459,2.295,0.004972654000084731,0.0016372469999623718,8.025000170164276e-06,0.00037583399989671307,0.0011362590003045625,6.0072999986005016e-05,0.003254356000070402,0.002994687658920838,0.0020000000000000018,0.5989375317841675,0.1464034096678875,0.07453164992276598,False,nan,nan,False,False
460,2.3000000000000003,0.004998833999707131,0.0016816699999253615,8.085000445134938e-06,0.0015318800005843514,0.00125605299945164,5.2659000175481196e-05,0.0032077780006147805,0.0030001877494657695,0.0020000000000000018,0.6000375498931539,0.5784725536765812,0.07563151949713726,False,nan,nan,False,False
461,2.305,0.004995547000362421,0.00162808999994013,7.995000487426296e-06,0.0003790000000662985,0.0011776159999499214,5.39010006832541e-05,0.0032666589995642425,0.0029983077188435138,0.0020000000000000018,0.5996615437687026,0.17319906203228244,0.07699854397210734,False,nan,nan,False,False
462,2.31,0.005001499000172771,0.0016579149996687192,8.054999852902256e-06,0.0015359069993792218,0.001244962999408017,5.2288000006228685e-05,0.0032359609995182836,0.0030170400116009736,0.0020000000000000018,0.6034080023201948,1.2316202159275234,0.07565483938743167,False,nan,nan,False,False
463,2.315,0.005001267999432457,0.0015437120000569848,8.165000508597586e-06,0.00037691600027756067,0.0011237650005568867,5.3730999752588104e-05,0.003349313000398979,0.003014582415432292,0.0020000000000000018,0.6029164830864583,0.18515087549294854,0.07576538221861931,False,nan,nan,False,False
464,2.32,0.005000025000299502,0.0015726359997643158,8.246000106737483e-06,0.0014978859999246197,0.001152599000306509,5.275800049275858e-05,0.0033213010001418297,0.0030211005088939245,0.0020000000000000018,0.6042201017787848,0.5395605455354293,0.0761327039176523,False,nan,nan,False,False
465,2.325,0.005000797999855422,0.0015990949996194104,8.115000127872918e-06,0.00038369899993995205,0.001149071999861917,6.805800057918532e-05,0.0033020050004779478,0.0030214522159247854,0.0020000000000000018,0.604290443184957,0.0910377884059005,0.07179263024814642,False,nan,nan,False,False
466,2.33,0.005011066000406572,0.0016641879992675968,8.154999704856891e-06,0.001499037000030512,0.0011936060000152793,5.333999979484361e-05,0.0031913270004224614,0.0030408334531471935,0.0020000000000000018,0.6081666906294386,1.2844803008642525,0.07598982841847997,False,nan,nan,False,False
467,2.335,0.0049736959999791,0.0017792740000004414,1.01590003396268e-05,0.002541419999943173,0.0012888949995613075,5.057500038674334e-05,0.00306255599934957,0.003056076459813648,0.0020000000000000018,0.6112152919627297,0.951568417867155,0.07543049046906043,False,nan,nan,False,False
468,2.34,0.004912872999739193,0.001394873000208463,5.780999345006421e-06,0.001057290000062494,0.001025120000122115,4.670799989980878e-05,0.0035312039999553235,0.0030608046293222123,0.0020000000000000018,0.6121609258644424,0.4150801306337971,0.07410113661642109,False,nan,nan,False,False
469,2.345,0.004991689999769733,0.0012012509996566223,5.399999281507917e-06,0.0004743789995700354,0.0008568950006520026,4.5155000407248735e-05,0.0037287840004864847,0.0030589230589469166,0.0020000000000000018,0.6117846117893834,0.19206869981435093,0.07168304283805466,False,nan,nan,False,False
470,2.35,0.0049882539997270214,0.001428045000466227,4.86899989482481e-06,0.001358364000225265,0.0008974420006779837,4.455399994185427e-05,0.0035140319996571634,0.003072550264477586,0.0020000000000000018,0.6145100528955172,0.9971189689393075,0.073919578660597,False,nan,nan,False,False
471,2.355,0.004999775000214868,0.0012367270001050201,5.140000212122686e-06,0.00031763500010129064,0.0009005370002341806,4.406199968798319e-05,0.0037123230003999197,0.00307540570773049,0.0020000000000000018,0.6150811415460979,0.2955270354583432,0.07473847546734949,False,nan,nan,False,False
472,2.36,0.005009764000533323,0.0013918269996793242,4.748999344883487e-06,0.0013584640000772197,0.000916126000447548,4.528499994194135e-05,0.0035431369997240836,0.0030911643369710847,0.0020000000000000018,0.6182328673942169,1.1147404202248747,0.07628293571960826,False,nan,nan,False,False
473,2.365,0.00499666999985493,0.0012396419997457997,4.759000148624182e-06,0.00022130500019557076,0.0009004869998534559,4.2860000576183666e-05,0.0036964040000384557,0.0030928000258853266,0.0020000000000000018,0.6185600051770652,0.2561318697101863,0.07483992001690033,False,nan,nan,False,False
474,2.37,0.004996277999453014,0.001373052000417374,4.7579997044522315e-06,0.0012708100002782885,0.0010099219998664921,6.502199994429247e-05,0.0036055239997949684,0.003108805967233764,0.0020000000000000018,0.6217611934467528,1.1026533518360957,0.07865535254195165,False,nan,nan,False,False
475,2.375,0.005042826000135392,0.001181944000563817,5.140000212122686e-06,0.0001088640001398744,0.0008451730000160751,4.236000040691579e-05,0.003711361999194196,0.00310716347999729,0.0020000000000000018,0.621432695999458,0.22421794757247193,0.0766961046984649,False,nan,nan,False,False
476,2.38,0.004951144999722601,0.001456177000363823,4.458000148588326e-06,0.0009655089997977484,0.0011174530000062077,4.188899947621394e-05,0.0034863210003095446,0.0031244126421261387,0.0020000000000000018,0.6248825284252277,1.1296272812718804,0.07845712838142331,False,nan,nan,False,False
477,2.3850000000000002,0.005005295000046317,0.0011598130004131235,4.738999450637493e-06,0.00034659899938560557,0.0008290420000776066,4.1668000449135434e-05,0.003777646000344248,0.003123897560897953,0.0020000000000000018,0.6247795121795906,0.230409603818629,0.07570198246194941,False,nan,nan,False,False
478,2.39,0.0049970800000664894,0.001433395000276505,5.910999789193738e-06,0.0009066379998330376,0.001054506000400579,4.213899956084788e-05,0.0035068890001639375,0.003137501314360411,0.0020000000000000018,0.6275002628720822,0.907411827841572,0.07468443742383522,False,nan,nan,False,False
479,2.395,0.004996259000108694,0.0012053780001224368,4.397999873617664e-06,0.0002527329997974448,0.0008389009999518748,9.076000060304068e-05,0.003739474999747472,0.0031420933868604407,0.0020000000000000018,0.6284186773720882,0.4015479596836578,0.07633249179849351,False,nan,nan,False,False
480,2.4,0.005003803000363405,0.0014131970001471927,4.307999915909022e-06,0.0013457410004775738,0.0010587930000838242,4.420300047058845e-05,0.0035312549998707254,0.003162334496694688,0.0020000000000000018,0.6324668993389376,1.3028982846969805,0.07595725623046716,False,nan,nan,False,False
481,2.4050000000000002,0.005032786999436212,0.0012031740006932523,4.2279998524463736e-06,0.0001461140000174055,0.0008730050003578071,4.146699939155951e-05,0.0037054209997222642,0.003162863481361274,0.0020000000000000018,0.6325726962722548,0.12223939871774933,0.07801759894176291,False,nan,nan,False,False
482,2.41,0.0049681660002534045,0.0012146050003138953,4.788999831362162e-06,0.0011408770005800761,0.0008583579992773593,4.1308000618300866e-05,0.003724766999766871,0.003185268431808844,0.0020000000000000018,0.6370536863617687,1.4103137690103775,0.07556513655013881,False,nan,nan,False,False
483,2.415,0.005011406999983592,0.0015151480001804885,6.722999387420714e-06,0.0023530479993496556,0.0011402460004319437,4.488400008995086e-05,0.0034120720001737936,0.0032058976607977374,0.0020000000000000018,0.6411795321595475,1.255866975598272,0.07884390664765166,False,nan,nan,False,False
484,2.42,0.004984086000149546,0.0013905149999118294,4.9899999794433825e-06,0.0010698739997678786,0.001013748999866948,8.945700028561987e-05,0.003552363999915542,0.0032112720609807194,0.0020000000000000018,0.6422544121961438,0.3834497122885499,0.08033955232234445,False,nan,nan,False,False
485,2.4250000000000003,0.005006158000469441,0.0011810819996753708,5.030000465922058e-06,0.0004289329999664915,0.0008416259997829911,4.262999937054701e-05,0.003756696999516862,0.003212939601173246,0.0020000000000000018,0.6425879202346492,0.2149147353224411,0.07696837507366638,False,nan,nan,False,False
486,2.43,0.0049995939998552785,0.0014190880001478945,4.21799995820038e-06,0.0009260040005756309,0.0010186579993387568,7.699399975535925e-05,0.003519763999975112,0.003225825197932858,0.0020000000000000018,0.6451650395865716,0.8699592485696904,0.078115537864223,False,nan,nan,False,False
487,2.435,0.00499692999983381,0.001152619000095001,5.931000487180427e-06,0.00031570199917041464,0.000826178000352229,4.525500025920337e-05,0.0037879359997532447,0.0032290506928164125,0.0020000000000000018,0.6458101385632825,0.29119026116968194,0.08154216720236318,False,nan,nan,False,False
488,2.44,0.004998292999516707,0.0014081980007176753,4.739000360132195e-06,0.0013922580001235474,0.0010548959999141516,4.066600013175048e-05,0.003547654999238148,0.003252443151870593,0.0020000000000000018,0.6504886303741186,1.5798475139477544,0.07963807577666412,False,nan,nan,False,False
489,2.445,0.005028329000197118,0.0011575380003705504,4.4480002543423325e-06,0.00015219499982777052,0.0008437799997409456,4.0655999328009784e-05,0.0037545029999819235,0.003249246256435265,0.0020000000000000018,0.649849251287053,0.44516035583490665,0.08053650025669647,False,nan,nan,False,False
490,2.45,0.0049674339998091455,0.0013860770004612277,4.769000042870175e-06,0.0012485480001487304,0.0008610029999545077,4.799999987881165e-05,0.0036094910001338576,0.00325982177389859,0.0020000000000000018,0.651964354779718,0.6579865981339507,0.08264792601221833,False,nan,nan,False,False
491,2.455,0.005078984000647324,0.001193686000078742,4.618999810190871e-06,0.00013215799936006078,0.0008666840003570542,4.11770006394363e-05,0.003672608999295335,0.0032602253228305876,0.0020000000000000018,0.6520450645661174,0.399081686693865,0.08150862280531843,False,nan,nan,False,False
492,2.46,0.004921910000120988,0.001261602999875322,4.257000000507105e-06,0.0010969840004690923,0.0009060869997483678,4.15679996876861e-05,0.003714386999490671,0.003272775339867616,0.0020000000000000018,0.6545550679735233,0.880911094815637,0.08270528830888453,False,nan,nan,False,False
493,2.465,0.005036192999796185,0.0012467749993447796,4.828999408346135e-06,0.00010501699944143184,0.0009126400000241119,4.069599981448846e-05,0.003666679000161821,0.0032701981583771215,0.0020000000000000018,0.6540396316754243,0.21168382541694458,0.07798309100813325,False,nan,nan,False,False
494,2.47,0.004972695000105887,0.0013677209999514162,4.647999958251603e-06,0.001142018999416905,0.0010086599995702272,4.2119000681850594e-05,0.0035720919995583245,0.0032781229252842135,0.0020000000000000018,0.6556245850568427,0.6622861909501155,0.08888855217956992,False,nan,nan,False,False
495,2.475,0.005007549999390903,0.0012560720006149495,4.748999344883487e-06,0.0005254949992377078,0.0009045450005942257,4.121799975109752e-05,0.0036990389999118634,0.0032782228999968144,0.0020000000000000018,0.655644579999363,0.28490517242786445,0.08099537694112265,False,nan,nan,False,False
496,2.48,0.0050485060000937665,0.0014293169997472432,7.373000698862597e-06,0.0009471539997321088,0.0010421420001875958,4.930300019623246e-05,0.0034636980008144747,0.0032822479622483746,0.0020000000000000018,0.6564495924496748,0.5555615188054295,0.08205011082628785,False,nan,nan,False,False
497,2.485,0.004954660999828775,0.0012377180000839871,5.079999937152024e-06,0.0003727180001078523,0.0008998149996841676,4.5414999476633966e-05,0.00369584300005954,0.003282853786374695,0.0020000000000000018,0.656570757274939,0.2687004145440294,0.08035056011849784,False,nan,nan,False,False
498,2.49,0.0049945150003622985,0.001284406000195304,5.060000148660038e-06,0.001444094999897061,0.0009471839994148468,4.5525000132329296e-05,0.0036800540001422632,0.0033021460385424363,0.0020000000000000018,0.6604292077084873,1.2833974087732143,0.08033024872263408,False,nan,nan,False,False
499,2.495,0.005033929999626707,0.0013580130007539992,5.360000614018645e-06,0.0003250190002290765,0.000982530000328552,6.999100060056662e-05,0.003563524999663059,0.003302473149748362,0.0020000000000000018,0.6604946299496723,0.2830738859240966,0.07994992153719163,False,nan,nan,False,False
500,2.5,0.005021906000365561,0.0013993610000397894,7.3640003392938524e-06,0.0013462019996950403,0.0010236179996354622,4.7759999688423704e-05,0.0034886650000771624,0.0033125869951783436,0.0020000000000000018,0.6625173990356688,0.7005553138810506,0.08087766413192894,False,nan,nan,False,False
501,2.505,0.004948810000314552,0.001212701999975252,5.339999916031957e-06,0.00022422999973059632,0.0008692789997439831,4.4592999984161e-05,0.0037315599993235082,0.0033164743252294773,0.0020000000000000018,0.6632948650458954,0.385905474379008,0.08027901559428775,False,nan,nan,False,False
502,2.5100000000000002,0.005010414999560453,0.001569490000292717,5.610000698652584e-06,0.0013486070001818007,0.00114298999960738,5.232799958321266e-05,0.0034222610001961584,0.0033347559616576706,0.0020000000000000018,0.6669511923315341,1.127382530253992,0.0840174177684025,False,nan,nan,False,False
503,2.515,0.005105103000460076,0.0015940059993226896,8.746000276005361e-06,0.0003446059999987483,0.0011915509994651075,5.027399947721278e-05,0.003293569000561547,0.0033305530907714,0.0020000000000000018,0.66611061815428,0.3510211303845217,0.0827736823008666,False,nan,nan,False,False
504,2.52,0.005003091999242315,0.0016610910006420454,8.846999662637245e-06,0.0014697830001750845,0.0012295430005906383,4.907200036541326e-05,0.003229308999834757,0.0033451419080920866,0.0020000000000000018,0.6690283816184174,1.3098228361510005,0.08342058066474564,False,nan,nan,False,False
505,2.525,0.005004414000723045,0.001540935999400972,9.076999958779197e-06,0.00019728899951587664,0.0011293750003460445,5.18770002599922e-05,0.0032715980005377787,0.003343691114440888,0.0020000000000000018,0.6687382228881776,0.20283160559884092,0.08187163858243046,False,nan,nan,False,False
506,2.5300000000000002,0.0048757019994809525,0.0014861440004096949,5.439999767986592e-06,0.0009552589999657357,0.0011093579996668268,4.66070005131769e-05,0.003446435999649111,0.003351579533018815,0.0020000000000000018,0.670315906603763,0.835826274402889,0.08408798860169145,False,nan,nan,False,False
507,2.535,0.005001469000490033,0.002516092999940156,5.440000677481294e-06,0.0003584520000003977,0.0021162940001886454,5.4010999519960023e-05,0.002420734000224911,0.0033493387179905623,0.0020000000000000018,0.6698677435981124,0.2038940186958572,0.08119936920467499,False,nan,nan,False,False
508,2.54,0.005004463999284781,0.0014688710007249028,5.640999916067813e-06,0.0013897729995733243,0.0010686120003811084,4.4504000470624305e-05,0.0034598309994180454,0.0033619476603207353,0.0020000000000000018,0.6723895320641471,1.1259433530278047,0.08349395891620821,False,nan,nan,False,False
509,2.545,0.004987121000340267,0.0011862119999932474,4.769000042870175e-06,0.00018915500004368369,0.000861113000610203,4.270999943400966e-05,0.0037486720002561924,0.0033582144089976695,0.0020000000000000018,0.6716428817995339,0.30824719729555183,0.08441686787595683,False,nan,nan,False,False
510,2.5500000000000003,0.004992713000319782,0.0013894120002078125,4.577999789034948e-06,0.0012738859995806706,0.0008674549999341252,4.381200051284395e-05,0.003609640999457042,0.003372055032900171,0.0020000000000000018,0.6744110065800342,1.2694428862354854,0.0840638316830336,False,nan,nan,False,False
511,2.555,0.0051067949998468976,0.0012556619994938956,4.658999387174845e-06,0.0001630749993637437,0.000906528000086837,5.758799943578197e-05,0.0035847250001097564,0.0033714370323449793,0.0020000000000000018,0.6742874064689959,0.1978334702639874,0.08008860968488293,False,nan,nan,False,False
512,2.56,0.004899206999652961,0.0013963259998490685,4.628999704436865e-06,0.00113915400015685,0.0009152450002147816,4.370199985714862e-05,0.0035472840008878848,0.0033833796608437184,0.0020000000000000018,0.6766759321687437,1.1549473377982844,0.08674683725666182,False,nan,nan,False,False
513,2.565,0.004999816000236024,0.0011889670004165964,4.6080003812676296e-06,0.0005744760001107352,0.0008411460003117099,4.238899964548182e-05,0.003748270999494707,0.0033796364154474855,0.0020000000000000018,0.6759272830894971,0.29748231306310224,0.08431513171684259,False,nan,nan,False,False
514,2.57,0.004997660999833897,0.001252957000360766,4.788999831362162e-06,0.0011017440001523937,0.0008928329998525442,4.1506999878038187e-05,0.003689239999403071,0.003390080102763369,0.0020000000000000018,0.6780160205526738,0.9568362961234633,0.0845984368694858,False,nan,nan,False,False
515,2.575,0.005007049000596453,0.001171654999780003,4.458000148588326e-06,0.0004944060001434991,0.0008399630005442305,4.317099956097081e-05,0.00375865000023623,0.003392209205510121,0.0020000000000000018,0.6784418411020242,0.30177647089927634,0.08738952668330156,False,nan,nan,False,False
516,2.58,0.004989415999261837,0.0013303120003911317,5.661000614054501e-06,0.0015540109998255502,0.0009659890001785243,5.5313999837380834e-05,0.003616484000303899,0.0034020774903439225,0.0020000000000000018,0.6804154980687845,0.9494457861099274,0.08773690225041708,False,nan,nan,False,False
517,2.585,0.005005716000596294,0.0011660139998639352,4.63900050817756e-06,0.0003726680006366223,0.0008445519997621886,4.27999993917183e-05,0.003769600999476097,0.0033983243152484457,0.0020000000000000018,0.6796648630496891,0.34725995839142043,0.0875097098500031,False,nan,nan,False,False
518,2.59,0.004993464000108361,0.001305955999669095,5.0589997044880874e-06,0.0014472109996859217,0.0009615710005164146,4.691800040745875e-05,0.0036522310001601,0.003410373879842871,0.0020000000000000018,0.6820747759685741,1.021332290709509,0.08945280934672466,False,nan,nan,False,False
519,2.595,0.005017367999244016,0.0011670760004562908,4.849000106332824e-06,0.00022161500055517536,0.0008457339999949909,4.2179000047326554e-05,0.003757638000024599,0.003408281424950369,0.0020000000000000018,0.6816562849900738,0.39054316372453696,0.0846366464953296,False,nan,nan,False,False
520,2.6,0.004982381999980134,0.0013835120007570367,4.417999662109651e-06,0.001281609999750799,0.0010004139994634897,4.432300011103507e-05,0.003567581999959657,0.003415978048116584,0.0020000000000000018,0.6831956096233167,0.7131972730414881,0.08803750433112931,False,nan,nan,False,False
521,2.605,0.005014803999983997,0.0012350640008662594,4.859000000578817e-06,0.00012883099952887278,0.000895097000466194,4.222900042805122e-05,0.0036936879996574135,0.0034117066452585562,0.0020000000000000018,0.6823413290517112,0.3547042412311187,0.09070266405809274,False,nan,nan,False,False
522,2.61,0.004987983000319218,0.0013363630005187588,5.130000317876693e-06,0.0011689600005411194,0.0009933010005624965,5.464300011226442e-05,0.003604391999942891,0.0034155506588137404,0.0020000000000000018,0.683110131762748,0.6188828062999486,0.0906197866779029,False,nan,nan,False,False
523,2.615,0.004996138000024075,0.0011517880002429592,4.267999429430347e-06,0.0005487469998115557,0.0008215289999498054,4.050600000482518e-05,0.0037920029999440885,0.003416742649737945,0.0020000000000000018,0.683348529947589,0.3461391392106367,0.08549223145611042,False,nan,nan,False,False
524,2.62,0.0050150540000686306,0.0013204440001572948,4.619000719685573e-06,0.0015995659996406175,0.0009722009999677539,5.183700068300823e-05,0.0036130480002611876,0.00341909569854269,0.0020000000000000018,0.683819139708538,0.5048945258192437,0.09307505692636127,False,nan,nan,False,False
525,2.625,0.004997150999770383,0.0011670960002447828,5.820999831485096e-06,0.00044554499982041307,0.0008377489994018106,4.612599968822906e-05,0.0037674570003218832,0.0034205901411141445,0.0020000000000000018,0.6841180282228289,0.31594002781795866,0.09068806720718439,False,nan,nan,False,False
526,2.63,0.004993193000700558,0.001300144999731856,4.367999281384982e-06,0.0014982469992901315,0.0009515530000498984,5.227800011198269e-05,0.0036528419996102457,0.003426022894095118,0.0020000000000000018,0.6852045788190236,0.7294897158436358,0.09319601006548792,False,nan,nan,False,False
527,2.6350000000000002,0.005010364999179728,0.0011709840000548866,4.69899987365352e-06,0.000324618000377086,0.0008504930001436151,4.1187000533682294e-05,0.0037574480002149357,0.0034256926451757823,0.0020000000000000018,0.6851385290351564,0.27301202837169886,0.08640379453951888,False,nan,nan,False,False
528,2.64,0.004986509999980626,0.0013404520004769438,5.310000233293977e-06,0.0013255229996502749,0.0008666940002513002,5.573499947786331e-05,0.003602046000196424,0.003431238422368762,0.0020000000000000018,0.6862476844737524,0.6111737394973532,0.0858741735654431,False,nan,nan,False,False
529,2.645,0.004998343000806926,0.0011728769995897892,4.638999598682858e-06,0.00018933499995910097,0.0008510340003340389,4.159800027991878e-05,0.0037697409998145304,0.0034273099519651026,0.0020000000000000018,0.6854619903930205,0.46648125193909445,0.09058898215997,False,nan,nan,False,False
530,2.65,0.004999234000024444,0.0013581549992522923,4.387999979371671e-06,0.0012424369997461326,0.0010101720008606208,5.7358000049134716e-05,0.0036028580007041455,0.003438077901656412,0.0020000000000000018,0.6876155803312824,1.0149200506497176,0.09099625615713705,False,nan,nan,False,False
531,2.6550000000000002,0.005021585999202216,0.001230155000484956,5.350000719772652e-06,0.0006269240002438892,0.0008857299999363022,5.176700051379157e-05,0.0036939789997632033,0.0034393112647509837,0.0020000000000000018,0.6878622529501968,0.3694614038903728,0.08461706992519226,False,nan,nan,False,False
532,2.66,0.0049828440005512675,0.0013998220001667505,4.759000148624182e-06,0.0011082559994974872,0.0010522109996600193,4.3852000089827925e-05,0.0035489379997670767,0.0034497208720649835,0.0020000000000000018,0.6899441744129967,0.9880399077921943,0.08978649147326928,False,nan,nan,False,False
533,2.665,0.005017407999730494,0.0012642880001294543,5.449999662232585e-06,0.0004873330008194898,0.0008894860002328642,4.477400034375023e-05,0.0036607279998861486,0.00345028410936727,0.0020000000000000018,0.690056821873454,0.28283693712471797,0.08988105817894057,False,nan,nan,False,False
534,2.67,0.004986701000234461,0.0013046639996900922,6.431999281630851e-06,0.0015660529998058337,0.0009560509997754707,4.355099918029737e-05,0.003648142999736592,0.0034690808637668847,0.0020000000000000018,0.693816172753377,1.4417874714204713,0.09183537827334555,False,nan,nan,False,False
535,2.6750000000000003,0.005014413000026252,0.0012067699999533943,4.829000317840837e-06,0.0003872050001518801,0.0008649299998069182,4.8631000026944093e-05,0.0037137669996809564,0.003470290726057377,0.0020000000000000018,0.6940581452114755,0.39808301421819126,0.0851073139383022,False,nan,nan,False,False
536,2.68,0.0049775739998949575,0.001271510999686143,4.958999852533452e-06,0.0014331439997476991,0.0008940449997680844,5.31189998582704e-05,0.0036807350006711204,0.00348324450300364,0.0020000000000000018,0.6966489006007279,0.9948186894636758,0.08783203228371106,False,nan,nan,False,False
537,2.685,0.0050128189996030414,0.0012147260003985139,5.099999725644011e-06,0.0002512010005375487,0.000887281999894185,4.317099956097081e-05,0.0037177129997871816,0.0034846622908163436,0.0020000000000000018,0.6969324581632687,0.29955526195383864,0.09259981957673206,False,nan,nan,False,False
538,2.69,0.0049916900006792275,0.0013621019998026895,5.060000148660038e-06,0.0013036219997957232,0.0010037199999715085,5.6505999964429066e-05,0.003581307999411365,0.0034979997018735887,0.0020000000000000018,0.6995999403747178,1.0520728577542513,0.09179459721552276,False,nan,nan,False,False
539,2.695,0.005003051999665331,0.0011704019998433068,4.9390000640414655e-06,0.00010460600060469005,0.0008462550003969227,4.216900015308056e-05,0.0037666759999410715,0.0034984730945272964,0.0020000000000000018,0.6996946189054593,0.26573883149862576,0.08835271530832772,False,nan,nan,False,False
540,2.7,0.004996249000214448,0.00139259800016589,5.079000402474776e-06,0.0011798699997598305,0.001047141000526608,4.297099985706154e-05,0.0035479959997246624,0.003515927451177532,0.0020000000000000018,0.7031854902355064,1.3180818480210421,0.09144158717522813,False,nan,nan,False,False
541,2.705,0.004997680999622389,0.0012102070004402776,4.579000233206898e-06,0.0005484880002768477,0.0008728849998078658,4.185800025879871e-05,0.003745705999790516,0.003511719150369904,0.0020000000000000018,0.7023438300739808,0.41743903123369,0.09173850725575457,False,nan,nan,False,False
542,2.71,0.0050188610002805945,0.0013165159998607123,4.89899957756279e-06,0.0016212970003834926,0.0009628440002416028,5.561400030273944e-05,0.0036096009998800582,0.0035293991820448205,0.0020000000000000018,0.7058798364089641,1.2979974217648347,0.09103098914936324,False,nan,nan,False,False
543,2.715,0.004984156000318762,0.0011694399991029059,6.071999450796284e-06,0.00044063499990443233,0.0008376789992325939,4.720900051324861e-05,0.0037716950000685756,0.003534319370200533,0.0020000000000000018,0.7068638740401065,0.5320639711073185,0.08694228936150812,False,nan,nan,False,False
544,2.72,0.004996658999516512,0.0012497110001277179,4.458000148588326e-06,0.0014929769995433162,0.0009221170003002044,4.619699939212296e-05,0.003694359999826702,0.0035434142035761103,0.0020000000000000018,0.708682840715222,0.8138185015660746,0.09249382757854971,False,nan,nan,False,False
545,2.725,0.005003793000469159,0.0011927539999305736,4.939999598718714e-06,0.0002737120003075688,0.000869749000230513,4.162799996265676e-05,0.003744994999578921,0.0035492726188883286,0.0020000000000000018,0.7098545237776657,0.4972582052008193,0.09329057348033128,False,nan,nan,False,False
546,2.73,0.004994244999579678,0.001274768000257609,4.658999387174845e-06,0.0013607490000140388,0.0009463320002396358,4.2179000047326554e-05,0.0036726389998875675,0.0035663009338336446,0.0020000000000000018,0.713260186766729,1.2755969117792114,0.09460431291441251,False,nan,nan,False,False
547,2.735,0.005002760999559541,0.0011527190008564503,4.738999450637493e-06,0.00018298299983143806,0.0008352140002898523,4.078699930687435e-05,0.0037883359991610632,0.003564234940077672,0.0020000000000000018,0.7128469880155344,0.33136626908072764,0.08943912099757761,False,nan,nan,False,False
548,2.74,0.00499988600040524,0.0013366829998631147,4.5979995775269344e-06,0.0012429080006768345,0.0009835419996306882,5.478300045069773e-05,0.003607847999774094,0.0035847665847463825,0.0020000000000000018,0.7169533169492764,1.465169578544877,0.09331660300297868,False,nan,nan,False,False
549,2.745,0.0050020990001939936,0.001170912999441498,4.569000338960905e-06,0.0005790650002381881,0.0008375190000151633,4.221899962431053e-05,0.0037683890004700515,0.0035850287320838923,0.0020000000000000018,0.7170057464167784,0.391515326747538,0.09328814608297226,False,nan,nan,False,False
550,2.75,0.004996740000024147,0.0013132799995219102,4.798999725608155e-06,0.0010677200007194187,0.0009670619992903084,5.309900006977841e-05,0.0036496060001809383,0.003601693847000437,0.0020000000000000018,0.7203387694000873,1.2346878678701476,0.09460575085690982,False,nan,nan,False,False
551,2.755,0.005025482999371889,0.0012244340005054255,4.798999725608155e-06,0.0004987140000594081,0.0008815110004434246,4.231899947626516e-05,0.0036924159994669026,0.0036004885303837528,0.0020000000000000018,0.7200977060767505,0.3122927400304655,0.09089303523526245,False,nan,nan,False,False
552,2.7600000000000002,0.004974779000804119,0.0012900459996671998,6.0109996411483735e-06,0.001558810000460653,0.0009452200001760502,4.2069000301125925e-05,0.0036675900000773254,0.0036186294065836374,0.0020000000000000018,0.7237258813167275,1.3388909258504997,0.09280599010548413,False,nan,nan,False,False
553,2.765,0.005016225999497692,0.001183035999929416,4.4480002543423325e-06,0.00033837299997685477,0.0008519559996784665,4.222900042805122e-05,0.003749833999791008,0.003618082345043171,0.0020000000000000018,0.7236164690086342,0.31860149184076486,0.09532982677564324,False,nan,nan,False,False
554,2.77,0.0049907279999388265,0.0013220669998190715,5.070000042906031e-06,0.0014336260001073242,0.0008625450000181445,5.42819998372579e-05,0.003615712000282656,0.0036333869885425214,0.0020000000000000018,0.7266773977085043,1.1809632904985221,0.09771589002691006,False,nan,nan,False,False
555,2.775,0.004997451000235742,0.0011800909996964037,4.658999387174845e-06,0.0002372939998167567,0.0008477979999952368,4.197900034341728e-05,0.0037574779998976737,0.0036366285577828193,0.0020000000000000018,0.7273257115565639,0.4520023730269873,0.09067409931003197,False,nan,nan,False,False
556,2.7800000000000002,0.00499450600000273,0.0013300809996508178,4.368000190879684e-06,0.0013092220006001298,0.000993941000160703,5.524300013348693e-05,0.003617295999902126,0.0036544390678906412,0.0020000000000000018,0.7308878135781283,1.2577500155948111,0.0947961717086966,False,nan,nan,False,False
557,2.785,0.0050064879997080425,0.00115869000001112,4.9390000640414655e-06,0.00011776100018323632,0.0008315979994222289,4.092600011063041e-05,0.0037793090004925034,0.0036505536662663003,0.0020000000000000018,0.7301107332532601,0.4641766729668394,0.09840569736158082,False,nan,nan,False,False
558,2.79,0.004995868000150949,0.0013563800002884818,4.9090003813034855e-06,0.001130017000832595,0.001002578000225185,5.564399998547742e-05,0.0035866990001522936,0.003673140755912977,0.0020000000000000018,0.7346281511825953,1.519731888762785,0.09675281561624681,False,nan,nan,False,False
559,2.795,0.005000676999770803,0.0011659330002657953,4.919000275549479e-06,0.0005562820006161928,0.0008321880004587001,4.202899981464725e-05,0.0037891780002610176,0.0036607145455227973,0.0020000000000000018,0.7321429091045594,0.9037524120666314,0.09093643038183771,False,nan,nan,False,False
560,2.8000000000000003,0.005017117000534199,0.0013595069995062659,5.0199996621813625e-06,0.0016195739999602665,0.0009951040001396905,4.239900044922251e-05,0.0035807970007226686,0.00368230976433342,0.0020000000000000018,0.7364619528666839,1.4865389674694682,0.09346684646550374,False,nan,nan,False,False
561,2.805,0.005037175999859755,0.0013241199994808994,7.565000487375073e-06,0.0004947260003973497,0.0009426959995835205,4.940200051350985e-05,0.003569807000531,0.003680414218174947,0.0020000000000000018,0.7360828436349893,0.4630181419175134,0.09685978027831922,False,nan,nan,False,False
562,2.81,0.004956103000040457,0.0014032389999556472,5.2400000640773214e-06,0.00156675499965786,0.0009033719998114975,5.13360000695684e-05,0.003531333999490016,0.0036954506053217236,0.0020000000000000018,0.7390901210643448,1.1041478224696315,0.09758164710389368,False,nan,nan,False,False
563,2.815,0.0049897170001713675,0.001425559999916004,4.679000085161533e-06,0.00041818399949988816,0.001007577000564197,5.2347999371704645e-05,0.0035600780001914245,0.0036944078397998605,0.0020000000000000018,0.7388815679599721,0.4214964721941181,0.09327331791790404,False,nan,nan,False,False
564,2.82,0.005099831999359594,0.0016948649999903864,8.535999768355396e-06,0.0016501709997100988,0.0012870509999629576,5.997199968987843e-05,0.0032200020004893304,0.003715647603839949,0.0020000000000000018,0.7431295207679898,1.417256441986135,0.09865485573107631,False,nan,nan,False,False
565,2.825,0.005029411000577966,0.0015249970001605107,8.856999556883238e-06,0.0005643070007863571,0.0011112109996247455,5.473300006997306e-05,0.0033856820000437438,0.0037145638593873106,0.0020000000000000018,0.7429127718774621,0.5032665084230513,0.10058347865384543,False,nan,nan,False,False
566,2.83,0.005024602000048617,0.0017969860000448534,8.46599959913874e-06,0.0017004050005198224,0.0013693949995285948,5.2227999731258024e-05,0.0030677459999424173,0.0037332941920045102,0.0020000000000000018,0.7466588384009021,1.2996728088482343,0.1016060737107476,False,nan,nan,False,False
567,2.835,0.004979857999387605,0.001431080000656948,8.805999641481321e-06,0.0005672229999618139,0.0010297589997207979,4.97840001116856e-05,0.003447788999437762,0.003734563664091367,0.0020000000000000018,0.7469127328182734,0.3949811700254234,0.09443445080171706,False,nan,nan,False,False
568,2.84,0.00499301300078514,0.001893896999717981,8.797000191407278e-06,0.001687089999904856,0.001451708999411494,5.2628000048571266e-05,0.0029975050001667114,0.003753311141261221,0.0020000000000000018,0.7506622282522442,1.2608274348385982,0.09729522814909987,False,nan,nan,False,False
569,2.845,0.005004823999115615,0.0015671360006308532,8.596000043326057e-06,0.0005775830004495219,0.00117591199978051,4.9883999963640235e-05,0.003315119000035338,0.003744834755539327,0.0020000000000000018,0.7489669511078654,0.6704435068725819,0.09889094208651521,False,nan,nan,False,False
570,2.85,0.004996189000848972,0.0019252859992775484,8.575999345339369e-06,0.0016870099998413934,0.0014828570001554908,5.1435999921523035e-05,0.002974732000438962,0.0037600764781310788,0.0020000000000000018,0.7520152956262157,1.1568457582281488,0.0992692616094068,False,nan,nan,False,False
571,2.855,0.0050168969992228085,0.0015026250002847519,8.695999895280693e-06,0.00022110500049166149,0.0011003409999830183,5.997200059937313e-05,0.003371575000528537,0.0037555860250797182,0.0020000000000000018,0.7511172050159436,0.5045035155344699,0.09318269084793798,False,nan,nan,False,False
572,2.86,0.0049881540007845615,0.001736051999614574,8.586000149080064e-06,0.0016230699993684539,0.001143481999861251,5.611500000668457e-05,0.0031913069997244747,0.0037714738183044177,0.0020000000000000018,0.7542947636608835,1.1400238054312626,0.09499894198583173,False,nan,nan,False,False
573,2.865,0.0050422549993527355,0.0014520390004690853,8.676999641465954e-06,0.0004441920000317623,0.0010003540000980138,4.9632999434834346e-05,0.0033883469995998894,0.0037637671080358523,0.0020000000000000018,0.7527534216071703,0.7604907681367683,0.09699355994857664,False,nan,nan,False,False
574,2.87,0.004954801000167208,0.0017728800003169454,8.977000106824562e-06,0.0014868059997752425,0.0012161179993199767,5.2569000217772555e-05,0.0031083129997568903,0.0037896913618343615,0.0020000000000000018,0.7579382723668723,1.6672542562244483,0.10308303270747798,False,nan,nan,False,False
575,2.875,0.004987672000424936,0.0017412019997209427,8.174999493348878e-06,0.00028620599914574996,0.0011224720001337118,5.702699945686618e-05,0.0031528760000583134,0.003788572517129692,0.0020000000000000018,0.7577145034259384,0.4974520614152632,0.09256892338055006,False,nan,nan,False,False
576,2.88,0.005001679000088188,0.001702849999674072,8.295000043290202e-06,0.0014634409999416675,0.001280888999644958,5.1126000471413136e-05,0.0032385360000262153,0.003815464963018452,0.0020000000000000018,0.7630929926036903,1.7039748787677178,0.0981441662883884,False,nan,nan,False,False
577,2.8850000000000002,0.005049137999776576,0.0015305870001611765,8.314999831782188e-06,0.00039818599998397985,0.0010874070003410452,5.032399985793745e-05,0.0033185859992954647,0.0038066344264677454,0.0020000000000000018,0.761326885293549,0.7394490831635666,0.1014648008465089,False,nan,nan,False,False
578,2.89,0.00495597299959627,0.001642035999793734,8.224999874073546e-06,0.0014668180001535802,0.001223362000018824,6.084400047257077e-05,0.0032980480000333046,0.0038320326853446664,0.0020000000000000018,0.7664065370689334,1.5972367310176463,0.10033319873341091,False,nan,nan,False,False
579,2.895,0.005047675000241725,0.0016084729995782254,8.015000275918283e-06,0.0003958019997298834,0.0011305770003673388,5.5122999583545607e-05,0.0032394780000686296,0.003827986794641632,0.0020000000000000018,0.7655973589283263,0.5155776638370395,0.09316951016491398,False,nan,nan,False,False
580,2.9,0.004955493000124989,0.0016571939995628782,8.305999472213443e-06,0.0014628100007030298,0.001188305000141554,5.020400021749083e-05,0.0032248799998342292,0.003853619176383737,0.0020000000000000018,0.7707238352767474,1.5746607285379006,0.09793575514949146,False,nan,nan,False,False
581,2.9050000000000002,0.004990256999917619,0.0016770809997979086,8.054999852902256e-06,0.0003488140000627027,0.0011434319994805264,5.263900038698921e-05,0.0032139100003405474,0.003851030428441084,0.0020000000000000018,0.7702060856882168,0.4863593936275025,0.10084386447585451,False,nan,nan,False,False
582,2.91,0.004996748999474221,0.0017836020006143372,7.964999895193614e-06,0.0014721980005560908,0.0011778269999922486,5.977199998596916e-05,0.0031162659997789888,0.003872141821447598,0.0020000000000000018,0.7744283642895196,1.344028762103748,0.1030429021026914,False,nan,nan,False,False
583,2.915,0.0050072300000465475,0.0015331720005633542,8.216000423999503e-06,0.00033919499946932774,0.0010855640002773725,5.085500015411526e-05,0.0033299870001428644,0.0038624896787657383,0.0020000000000000018,0.7724979357531476,0.7530371457784812,0.09656039939635348,False,nan,nan,False,False
584,2.92,0.004969478000020899,0.001799912000024051,8.09499942988623e-06,0.0014248590005081496,0.0013713390007978887,5.2058000619581435e-05,0.0031259850002243184,0.0038878322215990693,0.0020000000000000018,0.7775664443198139,1.5358660599356488,0.10087106241695337,False,nan,nan,False,False
585,2.9250000000000003,0.005033969000578509,0.0016504919994986267,8.055000762396958e-06,0.00036202799947204767,0.0010456589998284471,5.6304999816347845e-05,0.0032395380003436003,0.003882470604028312,0.0020000000000000018,0.7764941208056624,0.5708866513486083,0.10311445610485379,False,nan,nan,False,False
586,2.93,0.004997371000172279,0.0017012169992085546,7.945000106701627e-06,0.0014688609999211621,0.001284175999899162,4.989299941371428e-05,0.0031885830003375304,0.0039029308617905775,0.0020000000000000018,0.7805861723581156,1.3126184635043798,0.10236692073016444,False,nan,nan,False,False
587,2.935,0.004996819999178115,0.0015952280000419705,8.23499976831954e-06,0.0003592930006561801,0.0011579699994399562,4.9823999688669574e-05,0.003294802000709751,0.003894006168556114,0.0020000000000000018,0.7788012337112228,0.7864730874360473,0.09482967263347257,False,nan,nan,False,False
588,2.94,0.0049985430005108356,0.0017931089996636729,8.015000275918283e-06,0.001416894000612956,0.0013648870008182712,5.2458000027399976e-05,0.0031189219998850604,0.003923090854883176,0.0020000000000000018,0.7846181709766352,1.7271113655290935,0.10283131360567375,False,nan,nan,False,False
589,2.945,0.0050196219999634195,0.00173956900016492,8.055000762396958e-06,0.000365464999958931,0.0010946700003842125,6.010200013406575e-05,0.0031429569999090745,0.00391461732114667,0.0020000000000000018,0.7829234642293339,0.79177516722759,0.10229564930060207,False,nan,nan,False,False
590,2.95,0.004989125999600219,0.0018117039999197004,7.95500000094762e-06,0.0012591579998115776,0.0013716499997826759,5.261899968900252e-05,0.0031658800007789978,0.003955254552410947,0.0020000000000000018,0.7910509104821895,2.3736188203528488,0.10234155758965222,False,nan,nan,False,False
591,2.955,0.005084813999928883,0.001611609000065073,8.074999641394243e-06,0.00024208299964811886,0.0011265610000918969,5.487300040840637e-05,0.003191929000422533,0.0039403944964617,0.0020000000000000018,0.7880788992923399,1.0845915063268827,0.09734329520901015,False,nan,nan,False,False
592,2.96,0.0049096669999926235,0.0019399840002733981,8.004999472177587e-06,0.0013357220004763803,0.0014407690005100449,5.275900002743583e-05,0.0029713960002482054,0.003969660422787099,0.0020000000000000018,0.7939320845574198,1.8175089723422655,0.1003757607561337,False,nan,nan,False,False
593,2.965,0.005020684000555775,0.001799951999601035,8.154999704856891e-06,0.0002458200006003608,0.0011270610002611647,5.9951999901386444e-05,0.0030717440004082164,0.003959822506567417,0.0020000000000000018,0.7919645013134834,0.9440072394631361,0.10368381605192167,False,nan,nan,False,False
594,2.97,0.0049786359995778184,0.0018661760004761163,8.085000445134938e-06,0.0014498359996650834,0.001422224000634742,5.351999971026089e-05,0.003068748000259802,0.0039760229786338225,0.0020000000000000018,0.7952045957267646,1.3488695908120325,0.1056155341339735,False,nan,nan,False,False
595,2.975,0.005048476999945706,0.0016073300002972246,7.854999239498284e-06,0.0001977499996428378,0.001101703999665915,5.092499941383721e-05,0.003232564999962051,0.00396889787747447,0.0020000000000000018,0.7937795754948939,0.7049987040209515,0.09697449194865301,False,nan,nan,False,False
596,2.98,0.004946746000314306,0.001651323000260163,7.945000106701627e-06,0.001264077000087127,0.0012120399997002096,5.10260006194585e-05,0.0032217849993685377,0.003985865789183285,0.0020000000000000018,0.797173157836657,1.397197024645466,0.10160561721205663,False,nan,nan,False,False
597,2.985,0.004980278000402905,0.001567826999234967,8.185000297089573e-06,0.0001782139997885679,0.001054786000167951,5.164699996385025e-05,0.0033550450007169275,0.003978481694288682,0.0020000000000000018,0.7956963388577362,0.7113413248475892,0.1052078667905763,False,nan,nan,False,False
598,2.99,0.005030583000007027,0.0019029349996344536,8.134999916364904e-06,0.0013352109999686945,0.0012797979998140363,5.637600042973645e-05,0.0029932070001450484,0.003989391803242695,0.0020000000000000018,0.7978783606485389,0.9078628526483942,0.10676404165074992,False,nan,nan,False,False
599,2.995,0.005004443999496289,0.00164736599981552,8.09499942988623e-06,0.000269655000010971,0.0011557050002011238,5.0844999350374565e-05,0.003232826000385103,0.003980250375773033,0.0020000000000000018,0.7960500751546065,0.8538770492548463,0.09798432500530492,False,nan,nan,False,False
600,3.0,0.004987291999896115,0.0019789470006799093,8.044999958656263e-06,0.001403768999807653,0.0015257180002663517,5.205799971008673e-05,0.0029162029995859484,0.003997387262404619,0.0020000000000000018,0.7994774524809237,1.3844676943648082,0.10530236291442129,False,nan,nan,False,False
601,3.005,0.005001759000151651,0.0018106320003425935,7.9849996836856e-06,0.0002581530006864341,0.0010857229999601259,6.016200040903641e-05,0.003082333999373077,0.003978349441532422,0.0020000000000000018,0.7956698883064843,1.6484830358211153,0.10675083037330164,False,nan,nan,False,False
602,3.0100000000000002,0.005001368999728584,0.001751230000081705,8.246000106737483e-06,0.0013184500003262656,0.0013360729999476462,5.128599968884373e-05,0.003228718000173103,0.0039968344077744335,0.0020000000000000018,0.7993668815548867,1.4977333677978273,0.09734351474575141,False,nan,nan,False,False
603,3.015,0.005086828000457899,0.0016504919994986267,8.26599989522947e-06,0.0002925179996964289,0.0010617889993227436,5.208799939282471e-05,0.003159027000037895,0.003979072513907678,0.0020000000000000018,0.7958145027815356,1.5879603450919861,0.09987934201111213,False,nan,nan,False,False
604,3.02,0.004918192000332056,0.0018636109998624306,8.125000022118911e-06,0.0013859869995940244,0.0014448970005105366,5.1807999625452794e-05,0.0030235639997044927,0.004006026948660689,0.0020000000000000018,0.8012053897321378,2.1893229745978218,0.10637000529665451,False,nan,nan,False,False
605,3.025,0.004994695999812393,0.0018290059997525532,8.03500006441027e-06,0.00024106199998641387,0.0011564770002223668,5.974200030323118e-05,0.00307317700026033,0.003977978592408024,0.0020000000000000018,0.7955957184816045,2.4461088698595272,0.10371157741390175,False,nan,nan,False,False
606,3.0300000000000002,0.005008791999898676,0.0017352209997625323,7.905000529717654e-06,0.001397878000716446,0.0013242799996078247,5.082500047137728e-05,0.003210793999642192,0.0040189893212858666,0.0020000000000000018,0.8037978642571733,3.389755204296254,0.10442411412391701,False,nan,nan,False,False
607,3.035,0.0050536270000520744,0.001768422000168357,8.166000043274835e-06,0.00019972399968537502,0.0011199580003449228,5.116600004839711e-05,0.003024044999619946,0.0039798293302602625,0.0020000000000000018,0.7959658660520524,3.4750836594309655,0.09703067121504005,False,nan,nan,False,False
608,3.04,0.004877135000242561,0.0016944739991231472,6.662000487267505e-06,0.0013553490007325308,0.0013104139998176834,4.800999977305764e-05,0.0032116960001076222,0.004041410260403595,0.0020000000000000018,0.808282052080719,5.144163222111429,0.10304420862010759,False,nan,nan,False,False
609,3.045,0.005011887999899045,0.001290526999582653,5.80100004299311e-06,0.00016023999978642678,0.0009191819999614381,6.0743000176444184e-05,0.0035960459999841987,0.003993483528949132,0.0020000000000000018,0.7986967057898264,4.229447241870177,0.10512000624866841,False,nan,nan,False,False
610,3.0500000000000003,0.004959439999765891,0.0013927489999332465,5.940999471931718e-06,0.001262565000615723,0.0009801360001802095,4.523499956121668e-05,0.0035552890003600623,0.004068214671950728,0.0020000000000000018,0.8136429343901455,6.223737256864141,0.10746683610966913,False,nan,nan,False,False
611,3.055,0.005019772999730776,0.0016372860000046785,5.74100067751715e-06,0.00017609000042284606,0.0010181570005443064,0.00021592500070255483,0.003282509000200662,0.003993360956749339,0.0020000000000000018,0.7986721913498678,6.483742163255884,0.09864239008419272,False,nan,nan,False,False
612,3.06,0.0049970700001722435,0.0017098119997172034,6.231999577721581e-06,0.0012771519996022107,0.0013310829999682028,4.612700013240101e-05,0.003203832000508555,0.0040936026651106645,0.0020000000000000018,0.8187205330221329,8.299252817004177,0.10285455612084111,False,nan,nan,False,False
613,3.065,0.005007288999877346,0.0012860389997513266,5.739999323850498e-06,0.00016611099999863654,0.0009109160000662087,7.00309992680559e-05,0.0036199410005792743,0.0040025857507597394,0.0020000000000000018,0.8005171501519479,7.674788628522688,0.10642069089055746,False,nan,nan,False,False
614,3.0700000000000003,0.004979067000022042,0.0015391830002045026,5.83099972573109e-06,0.001213943000038853,0.0011618260004979675,4.556499970931327e-05,0.003406159999940428,0.004097700974503318,0.0020000000000000018,0.8195401949006634,8.223707805908623,0.10732217444291918,False,nan,nan,False,False
615,3.075,0.005049839000093925,0.0013163049998183851,5.8809991969610564e-06,0.0001599690003786236,0.0009015890000227955,9.520799994788831e-05,0.0035573340001064935,0.0039949812720272634,0.0020000000000000018,0.7989962544054525,8.169354888204417,0.09986026636208364,False,nan,nan,False,False
616,3.08,0.004947006000293186,0.0015602429994032718,5.529999725695234e-06,0.0012557319996631122,0.001183055999717908,4.5746000068902504e-05,0.0033801409999796306,0.004094131784656542,0.0020000000000000018,0.8188263569313083,8.346958481415077,0.1037892240538678,False,nan,nan,False,False
617,3.085,0.005012879999412689,0.0012479280003390159,5.570999746851157e-06,0.00016446800054836785,0.0008965690003606142,4.685800013248809e-05,0.0037035870000181603,0.0039909152561965295,0.0020000000000000018,0.7981830512393059,8.172012024092044,0.10540666056712665,False,nan,nan,False,False
618,3.09,0.005029601000387629,0.0015907400002106442,6.031000339135062e-06,0.0012913290001961286,0.0012081929999112617,5.7207000281778164e-05,0.0032952020001175697,0.004092355725755542,0.0020000000000000018,0.8184711451511085,8.44947013728177,0.10237321525880626,False,nan,nan,False,False
619,3.095,0.0049811210001280415,0.0012980109995623934,5.710999175789766e-06,0.00016264499936369248,0.0009029009997902904,8.851600068737753e-05,0.003611475000070641,0.0039881660027416355,0.0020000000000000018,0.797633200548327,8.200794964804393,0.10570444734604864,False,nan,nan,False,False
620,3.1,0.004982753000149387,0.0015730159993836423,6.240999937290326e-06,0.0012064800002917764,0.0010052629995698226,4.7368999730679207e-05,0.003344374999869615,0.004086960434309135,0.0020000000000000018,0.8173920868618271,8.451584321910936,0.10448072299984759,False,nan,nan,False,False
621,3.105,0.004989475999536808,0.0012599399997270666,5.951999810349662e-06,0.00020657699951698305,0.0009040929999173386,4.726800034404732e-05,0.003686666000248806,0.00398649056472394,0.0020000000000000018,0.797298112944788,7.792095834182577,0.09891126276395613,False,nan,nan,False,False
622,3.11,0.005018771000322886,0.0015772440001455834,5.900999894947745e-06,0.001253467999958957,0.0010047019995909068,4.6658000428578816e-05,0.003353993000018818,0.004089700965115909,0.0020000000000000018,0.8179401930231817,8.478336231964882,0.10225861657818416,False,nan,nan,False,False
623,3.115,0.00500314199962304,0.0012508330000855494,5.931000487180427e-06,0.0001747169999362086,0.0008984730002339347,4.5495999984268565e-05,0.0036850019996563788,0.003998486837039181,0.0020000000000000018,0.7996973674078361,6.814424453553302,0.10580386851147301,False,nan,nan,False,False
624,3.12,0.005010865999793168,0.0015692890001446358,5.280000550555997e-06,0.0012874909998572548,0.0011902090000148746,4.4933999561180826e-05,0.003358271000251989,0.004099624342868716,0.0020000000000000018,0.8199248685737431,8.535158533141008,0.10500567113330846,False,nan,nan,False,False
625,3.125,0.004999413999939861,0.0013016880002396647,5.7099996411125176e-06,0.00013030500031163683,0.000915143999918655,7.507100053771865e-05,0.0035988820000056876,0.0040042943027716075,0.0020000000000000018,0.8008588605543215,6.875951720358924,0.1071863765743617,False,nan,nan,False,False
626,3.13,0.0049813110008471995,0.0015953379997881711,6.301999746938236e-06,0.0012551210002129665,0.00123166699995636,4.424300004757242e-05,0.003369942999597697,0.004100200868222814,0.0020000000000000018,0.8200401736445627,8.616240065894662,0.1089476423087308,False,nan,nan,False,False
627,3.1350000000000002,0.005066299999270996,0.001999555000111286,5.570999746851157e-06,0.00015887800054770196,0.0010539039994910127,0.00015070300014485838,0.0029255300005388563,0.003985999650522672,0.0020000000000000018,0.7971999301045344,8.272278151303208,0.09960525877241028,False,nan,nan,False,False
628,3.14,0.004999875000066822,0.0014662769999631564,5.86099940846907e-06,0.0013901840002290555,0.0010969550003210315,4.6086000111245085e-05,0.0034295940004085423,0.00408025836423871,0.0020000000000000018,0.8160516728477419,8.624588704646845,0.1050015811705159,False,nan,nan,False,False
629,3.145,0.004971373000444146,0.001266681999368302,6.231000043044332e-06,0.00012924200018460397,0.0008799079996606451,7.835600081307348e-05,0.0036107130008531385,0.003967232054670953,0.0020000000000000018,0.7934464109341907,8.241265422735962,0.10734563935784808,False,nan,nan,False,False
630,3.15,0.004954399999405723,0.0014464590003626654,6.1110004025977105e-06,0.0011782980000134557,0.0010800729996844893,4.650699975172756e-05,0.0034744080003292765,0.004057263552583756,0.0020000000000000018,0.8114527105167512,8.646255459990881,0.10570616726353733,False,nan,nan,False,False
631,3.1550000000000002,0.004991429000256176,0.0012031639998895116,5.640000381390564e-06,0.0005764100005762884,0.0008673740003359853,4.525499934970867e-05,0.0037227630000415957,0.00394518079638771,0.0020000000000000018,0.7890361592775418,8.2212001363477,0.09879346984009996,False,nan,nan,False,False
632,3.16,0.004998162999982014,0.001452970999707759,5.961000169918407e-06,0.0011000499998772284,0.0010836399997060653,4.553599956125254e-05,0.0034853290007959004,0.0040426858307819665,0.0020000000000000018,0.8085371661563933,8.725167018852694,0.10784133724897771,False,nan,nan,False,False
633,3.165,0.005014262000258896,0.0012097059998268378,6.021000444889069e-06,0.0005955360002189991,0.0008700600001247949,4.596700000547571e-05,0.00370564100012416,0.003924256939127785,0.0020000000000000018,0.7848513878255569,8.306130317237082,0.10170008870034532,False,nan,nan,False,False
634,3.17,0.004987813000298047,0.0014572199997928692,6.252000275708269e-06,0.0010830990004251362,0.0010938490004264168,4.592599998431979e-05,0.0034697089995461283,0.004018927227938065,0.0020000000000000018,0.8037854455876132,8.756416450455214,0.1017239052684647,False,nan,nan,False,False
635,3.1750000000000003,0.004998241999601305,0.0012005990001853206,5.580000106419902e-06,0.0005822109997097868,0.0008518459999322658,5.9953000345558394e-05,0.0037279529997249483,0.0038910441423381393,0.0020000000000000018,0.7782088284676278,8.409893009999,0.10643396998163294,False,nan,nan,False,False
636,3.18,0.00500991500030068,0.001454193999961717,6.332000339170918e-06,0.0010570100002951222,0.0010825769995790324,4.5865999709349126e-05,0.0034660519995668437,0.003986598745585214,0.0020000000000000018,0.7973197491170428,8.722124487677133,0.10024954927926678,False,nan,nan,False,False
637,3.185,0.004994975999579765,0.001260060000277008,5.760000021837186e-06,0.00048535999940213514,0.0009051959996213554,4.5945999772811774e-05,0.0036879379995298223,0.0038617382591811687,0.0020000000000000018,0.7723476518362337,8.422601169295072,0.100963308594898,False,nan,nan,False,False
638,3.19,0.005017649000365054,0.0013958639992779354,5.5810005505918525e-06,0.001048705000357586,0.0010397070000180975,4.4252999941818416e-05,0.0035124000005453127,0.003958768629874312,0.0020000000000000018,0.7917537259748624,8.641072834378992,0.10594446714131374,False,nan,nan,False,False
639,3.1950000000000003,0.004979135999747086,0.00121096899965778,5.640000381390564e-06,0.00041255299947806634,0.0008766820001255837,4.573499973048456e-05,0.0037172729998928844,0.0038187890271388384,0.0020000000000000018,0.7637578054277678,8.685765838770955,0.09990600292332019,False,nan,nan,False,False
640,3.2,0.005005015999813622,0.0014474310000878177,5.791000148747116e-06,0.001517101999525039,0.0010699949998524971,4.524500036495738e-05,0.00348829399990791,0.003923530492266301,0.0020000000000000018,0.7847060984532602,8.402673318139692,0.09927104419129631,False,nan,nan,False,False
641,3.205,0.005009513000004517,0.0012571050001497497,5.621000127575826e-06,0.0003963229992223205,0.0009050449998539989,4.732899924420053e-05,0.003670725000120001,0.003755288310090174,0.0020000000000000018,0.7510576620180347,9.60515072770902,0.102017815261434,False,nan,nan,False,False
642,3.21,0.0050011080002150265,0.0014413999997486826,5.6799999583745375e-06,0.001506632000200625,0.0010220049998679315,4.5183999645814765e-05,0.003462425000179792,0.003895890824424616,0.0020000000000000018,0.7791781648849232,8.668741547044315,0.10516576857713976,False,nan,nan,False,False
643,3.215,0.0049587780004003434,0.0008304859993586433,4.15800059272442e-06,0.00035608700000011595,0.0005962969999018242,3.143799949612003e-05,0.004108324999833712,0.003713234399346955,0.0020000000000000018,0.7426468798693909,9.525648796960942,0.09557984944109876,False,nan,nan,False,False
644,3.22,0.004998953999347577,0.0009413830002813484,4.969000656274147e-06,0.001474231999964104,0.0006727400004820083,1.896499998110812e-05,0.0039846339996074676,0.003853296899984264,0.0020000000000000018,0.7706593799968529,8.050227631796517,0.09993256196069573,False,nan,nan,False,False
645,3.225,0.004985929000213218,0.0007592929996462772,4.5589995352202095e-06,0.00033900500056915917,0.0006094609998399392,1.8635000742506236e-05,0.004186251000646735,0.0038059767307529347,0.0020000000000000018,0.7611953461505868,5.373582571708597,0.10740871769683845,False,nan,nan,False,False
646,3.23,0.005012700000406767,0.0011836769999717944,4.9689997467794456e-06,0.0014473309993263683,0.0007828459993106662,0.00011148900011903606,0.003769551000004867,0.0040014401985602336,0.0020000000000000018,0.8002880397120465,9.969784435967942,0.10005304043378234,False,nan,nan,False,False
647,3.235,0.00501591499960341,0.0009917779998431797,5.030000465922058e-06,0.00033182199967995984,0.0007035989992800751,3.7851000342925545e-05,0.003932585999791627,0.003746440687494696,0.0020000000000000018,0.7492881374989392,12.756049719817094,0.09940734879604299,False,nan,nan,False,False
648,3.24,0.0049838960003398824,0.0010747629994511954,4.948999958287459e-06,0.0014618180002798908,0.0007551449998572934,3.630800074461149e-05,0.0038637070001641405,0.003944970685619099,0.0020000000000000018,0.7889941371238197,10.088032317861797,0.1046942448829784,False,nan,nan,False,False
649,3.245,0.004995526999664435,0.0009819799997785594,4.258000444679055e-06,0.0003288060006525484,0.0006968549996599904,4.1588000385672785e-05,0.003971248000198102,0.0037079058397271954,0.0020000000000000018,0.741581167945439,12.938520736650798,0.10321091071977403,False,nan,nan,False,False
650,3.25,0.005033337999520882,0.0014640030003647553,6.121000296843704e-06,0.001492966000114393,0.0010837500003617606,4.564500068227062e-05,0.003466682999714976,0.003858065380228066,0.0020000000000000018,0.7716130760456131,7.976629317947406,0.09549892368792426,False,nan,nan,False,False
651,3.255,0.005005607000384771,0.0012573849999171216,5.951000275672413e-06,0.00039172299966594437,0.0008930619997045142,5.481300013343571e-05,0.0036819570004809066,0.0036254220578969035,0.0020000000000000018,0.7250844115793807,13.008655612859897,0.10448298937463185,False,nan,nan,False,False
652,3.2600000000000002,0.005013310000322235,0.0014505569997709244,5.811000846733805e-06,0.001513514999714971,0.0010596450001685298,4.607699975167634e-05,0.003459851000116032,0.0038680989193232668,0.0020000000000000018,0.7736197838646534,12.219140702545955,0.10678588471464152,False,nan,nan,False,False
653,3.265,0.004999153999960981,0.001286709999476443,6.261999260459561e-06,0.000403195000217238,0.0009220170004482497,5.6105000112438574e-05,0.003631653000411461,0.003619609832961841,0.0020000000000000018,0.7239219665923682,13.246042932375168,0.09527050742664775,False,nan,nan,False,False
654,3.27,0.004996429000129865,0.0014631809999627876,6.150999979581684e-06,0.0015105900001799455,0.0010815959994943114,4.572499983623857e-05,0.003451515000051586,0.003751163103424584,0.0020000000000000018,0.7502326206849168,6.505936931118782,0.09887981544839303,False,nan,nan,False,False
655,3.275,0.004989135999494465,0.001268906000404968,6.062000466044992e-06,0.000393346999771893,0.0009127499997703126,4.765900030179182e-05,0.0036625109996748506,0.0038572657915123226,0.0020000000000000018,0.7714531583024644,6.28749090415477,0.10254473859408096,False,nan,nan,False,False
656,3.2800000000000002,0.005004794000342372,0.001583505999406043,5.629999577649869e-06,0.001496003000283963,0.00102259600043908,4.5495999984268565e-05,0.0033335550006086123,0.003677247547416419,0.0020000000000000018,0.7354495094832838,12.219898249526862,0.10159554673002058,False,nan,nan,False,False
657,3.285,0.004988904999663646,0.0012394719997246284,5.559999408433214e-06,0.00023902799966890598,0.0008932229993661167,4.4503000026452355e-05,0.003685102000417828,0.0038523062783879774,0.0020000000000000018,0.7704612556775954,9.706633884870806,0.09301882333219227,False,nan,nan,False,False
658,3.29,0.005000627000299573,0.0015308279998862417,5.680999493051786e-06,0.001498296000136179,0.0011565670001800754,4.4532999709190335e-05,0.0033967219997066422,0.0036774492570215075,0.0020000000000000018,0.7354898514043015,10.569130217530049,0.09998699046555051,False,nan,nan,False,False
659,3.295,0.00500134799949592,0.0012546200005090213,5.359999704523943e-06,0.00021291899975039996,0.0008982819999800995,4.37320004493813e-05,0.0036700549999295617,0.003848823926955031,0.0020000000000000018,0.7697647853910062,9.318189353647844,0.09716009683191863,False,nan,nan,False,False
660,3.3000000000000003,0.005001879000701592,0.001574919999256963,5.629999577649869e-06,0.0013568120002673822,0.0009978890002457774,4.647700006898958e-05,0.0033499150003990508,0.0036885400187340344,0.0020000000000000018,0.737708003746807,10.07915892056447,0.10207860288791866,False,nan,nan,False,False
661,3.305,0.00499631899947417,0.0012602010001501185,5.650999810313806e-06,0.0003810029993474018,0.0009003870000015013,4.480400002648821e-05,0.0036733200004164246,0.003815791113819116,0.0020000000000000018,0.7631582227638233,8.402649578215593,0.092028685886985,False,nan,nan,False,False
662,3.31,0.0050064480001310585,0.0016022810004869825,5.369999598769937e-06,0.0013588649999292102,0.001023416999487381,4.691800040745875e-05,0.0033203699995283387,0.0037110753884768127,0.0020000000000000018,0.7422150776953625,8.187238730796857,0.10006023915995937,False,nan,nan,False,False
663,3.315,0.00499487599972781,0.0012509430007412448,5.931000487180427e-06,0.00032223400012298953,0.0009039039996423526,4.421199992066249e-05,0.003697876999467553,0.0037864279154580433,0.0020000000000000018,0.7572855830916086,8.374898692553998,0.0973086451870745,False,nan,nan,False,False
664,3.3200000000000003,0.005022047000238672,0.0016058580004028045,5.86099940846907e-06,0.001477547999456874,0.001223821999701613,4.638700011128094e-05,0.0033013539996318286,0.003715989901599547,0.0020000000000000018,0.7431979803199094,8.723006339688443,0.09798010217005827,False,nan,nan,False,False
665,3.325,0.004981391000001167,0.0012833339997087023,6.121999831520952e-06,0.000373290000425186,0.0009183500005747192,5.60649996259599e-05,0.0036392160000104923,0.0037161512693369195,0.0020000000000000018,0.7432302538673838,3.881194403110141,0.09357070655861126,False,nan,nan,False,False
666,3.33,0.0050020990001939936,0.0011441340002420475,5.990999852656387e-06,0.001509949000137567,0.0008277710003312677,3.483500040601939e-05,0.0037700209995819023,0.003751547242693784,0.0020000000000000018,0.7503094485387568,6.768332743731054,0.09614325044585728,False,nan,nan,False,False
667,3.335,0.004986691000340215,0.001335341999947559,5.94100038142642e-06,0.00036464300046645803,0.0009397900003023096,7.235599969135365e-05,0.0035994009995192755,0.0037061717260807045,0.0020000000000000018,0.741234345216141,9.921520643678983,0.0916247304481106,False,nan,nan,False,False
668,3.34,0.005012498999349191,0.0014230860006136936,5.809999493067153e-06,0.0014892600001985556,0.0010221140000794549,4.623699987860164e-05,0.0034957779998876504,0.003700484134098702,0.0020000000000000018,0.7400968268197405,5.285879592726482,0.09640733520561877,False,nan,nan,False,False
669,3.345,0.0049914900000658236,0.0012553209999168757,5.5199998314492404e-06,0.00038098400000308175,0.000895937999302987,4.296999941288959e-05,0.0036771579998458037,0.003704850111144401,0.0020000000000000018,0.7409700222288801,8.095943292226796,0.09413330381274014,False,nan,nan,False,False
670,3.35,0.005010846000004676,0.0014155509998090565,5.820999831485096e-06,0.0014828880002824008,0.0009977179997804342,4.647700006898958e-05,0.0035089030006929534,0.0036820496392716974,0.0020000000000000018,0.7364099278543395,11.57173453804249,0.09387957505759141,False,nan,nan,False,False
671,3.355,0.0050145430004704394,0.0012557419995573582,5.83099972573109e-06,0.0003954009998778929,0.0009047049998116563,4.6537000343960244e-05,0.003657281000414514,0.0037323538166150103,0.0020000000000000018,0.746470763323002,9.885952841671264,0.09234156474228718,False,nan,nan,False,False
672,3.36,0.004987120999430772,0.001519596999969508,5.961000169918407e-06,0.001438002999748278,0.0010823169996001525,4.860100034420611e-05,0.0034034750005957903,0.0036624261978706507,0.0020000000000000018,0.7324852395741301,8.197911379740518,0.0970973308604627,False,nan,nan,False,False
673,3.365,0.0050021400002151495,0.0012746980000883923,5.790000614069868e-06,0.0002530940000724513,0.0009074499994312646,4.668700057663955e-05,0.003649936999863712,0.0037378991659389937,0.0020000000000000018,0.7475798331877986,8.9700882743568,0.0930421245485304,False,nan,nan,False,False
674,3.37,0.005001337999601674,0.0014514290005536168,5.459999556478579e-06,0.001365277999866521,0.0010339569998905063,4.6716999349882826e-05,0.0034638580000319052,0.00365858549279227,0.0020000000000000018,0.7317170985584539,11.31372615195709,0.09439058674591203,False,nan,nan,False,False
675,3.375,0.0049876930006576,0.0012687769994954579,5.711000085284468e-06,0.00017756299985194346,0.0009032719999595429,5.411100028140936e-05,0.003666878000331053,0.0037378991395539546,0.0020000000000000018,0.7475798279107909,11.31371437618807,0.09279304881235138,False,nan,nan,False,False
676,3.38,0.005010365000089223,0.001513023999905272,5.619999683403876e-06,0.001279807000173605,0.0011420800001360476,4.5214999772724696e-05,0.0034034350001093117,0.0036585854929112715,0.0020000000000000018,0.7317170985822542,11.313714143560068,0.09723246854131651,False,nan,nan,False,False
677,3.3850000000000002,0.004989426000065578,0.001238048999766761,5.711000085284468e-06,0.0003455380001469166,0.0008919009997043759,4.486400030145887e-05,0.0037288539997462067,0.0036446959518897596,0.0020000000000000018,0.7289391903779519,8.470962509246679,0.0891969172292222,False,nan,nan,False,False
678,3.39,0.005043266000029689,0.0015309279997381964,5.7099996411125176e-06,0.0014161629997033742,0.0011529299999892828,4.409199937072117e-05,0.003351948999807064,0.003685325087919368,0.0020000000000000018,0.7370650175838737,8.386215762441397,0.09858834307578627,False,nan,nan,False,False
679,3.395,0.004957035999723303,0.0012677839995376416,6.371999916154891e-06,0.0002389370001765201,0.0009077499998966232,4.488400008995086e-05,0.0036680809998870245,0.003618288525445006,0.0020000000000000018,0.7236577050890012,10.1031932555947,0.09670088177077993,False,nan,nan,False,False
680,3.4,0.005009403000258317,0.0015332220000345842,5.591000444837846e-06,0.001365306999105087,0.001161435000540223,4.486400030145887e-05,0.0034083439995811204,0.0036797149964218805,0.0020000000000000018,0.735942999284376,8.194308623647723,0.09703409355551594,False,nan,nan,False,False
681,3.4050000000000002,0.005010725999454735,0.001262304000192671,5.2400000640773214e-06,0.0001854069996625185,0.0009046739996847464,4.34220000897767e-05,0.0036706060000142315,0.003603985792318079,0.0020000000000000018,0.7207971584636157,11.313708503141239,0.08988037060271585,False,nan,nan,False,False
682,3.41,0.005015014000491647,0.0015618949992131093,5.2999994295532815e-06,0.0013169970006856602,0.0011801509999713744,5.440099994302727e-05,0.003340728000694071,0.0036294545512200083,0.0020000000000000018,0.7258909102440017,4.374964896542014,0.09463061646803803,False,nan,nan,False,False
683,3.415,0.004994594999516266,0.001353004000520741,6.782000127714127e-06,0.0002736329997787834,0.0009678630003691069,4.688799981522607e-05,0.003545550999660918,0.0036020212641839897,0.0020000000000000018,0.7204042528367979,8.115530565151404,0.09686991543850189,False,nan,nan,False,False
684,3.42,0.004983564999747614,0.0015665440005250275,6.00099974690238e-06,0.001470645000154036,0.0011842189996968955,4.579599954013247e-05,0.0033497849999548635,0.003597838103587398,0.0020000000000000018,0.7195676207174795,8.287761999938562,0.09741310889164594,False,nan,nan,False,False
685,3.4250000000000003,0.0049917000005734735,0.0012732750001305249,6.111999937274959e-06,0.0003508869995130226,0.0009186099996441044,4.483400061872089e-05,0.0036533530001179315,0.003591161183089438,0.0020000000000000018,0.7182322366178875,1.0982426978339153,0.09107747281233872,False,nan,nan,False,False
686,3.43,0.004998943999453331,0.001579097000103502,5.720999979530461e-06,0.0014688310002384242,0.0012008090006929706,4.556600015348522e-05,0.003345076000186964,0.0035703882092211667,0.0020000000000000018,0.7140776418442333,6.628326253084894,0.09462266952340048,False,nan,nan,False,False
687,3.435,0.004998381999939738,0.0012761210000462597,5.580000106419902e-06,0.00034716000027401606,0.0009114670001508784,5.688700002792757e-05,0.003661037000711076,0.0035651648580536754,0.0020000000000000018,0.7130329716107351,8.096430884675588,0.09821570634078162,False,nan,nan,False,False
688,3.44,0.005013311000766407,0.0016090139997686492,6.231999577721581e-06,0.001488227999288938,0.0010076379994643503,4.6656999984406866e-05,0.003304259000287857,0.0035674768326967097,0.0020000000000000018,0.7134953665393419,2.8260659125316985,0.09701714711504802,False,nan,nan,False,False
689,3.4450000000000003,0.004986600999473012,0.001271500999791897,5.751000571763143e-06,0.0003632810003182385,0.000909082999896782,4.545600040728459e-05,0.0036588840002877987,0.003532705615899679,0.0020000000000000018,0.7065411231799358,6.398984609751416,0.08988608196339465,False,nan,nan,False,False
690,3.45,0.00500477400055388,0.0015557039996565436,6.052000571798999e-06,0.0014708649996464374,0.0010072160002891906,4.7188000280584674e-05,0.0033649329998297617,0.0035576421197377065,0.0020000000000000018,0.7115284239475413,9.67798914881627,0.09483620792532976,False,nan,nan,False,False
691,3.455,0.004992070999833231,0.0012670830001297873,5.369999598769937e-06,0.00035269100044388324,0.0009107769992624526,4.5095000132278074e-05,0.0036648649993367144,0.0035219452891449617,0.0020000000000000018,0.7043890578289923,7.463354811445548,0.09566560487674704,False,nan,nan,False,False
692,3.46,0.00500456400004623,0.0015735379993202514,5.691000296792481e-06,0.0014758839997739415,0.001002366999273363,4.493400047067553e-05,0.0033688000003166962,0.003548319667572629,0.0020000000000000018,0.7096639335145258,5.821549303421945,0.0949517692665951,False,nan,nan,False,False
693,3.465,0.005018740999730653,0.001310996000029263,6.061000021873042e-06,0.000369000999853597,0.0009332290001111687,6.817800021963194e-05,0.0035928589995819493,0.0035108135699166965,0.0020000000000000018,0.7021627139833392,11.313720734254321,0.086577956354569,False,nan,nan,False,False
694,3.47,0.0049803290003183065,0.0015671849996579112,5.910999789193738e-06,0.001340340000751894,0.001178737999907753,4.5153999963076785e-05,0.003358009999828937,0.003546938688136606,0.0020000000000000018,0.7093877376273212,8.712744500544261,0.09202540426244758,False,nan,nan,False,False
695,3.475,0.00499840199972823,0.0012660419997700956,5.699999746866524e-06,0.0002437170005578082,0.000911066000298888,4.4733999857271556e-05,0.003664885000034701,0.003509823661267267,0.0020000000000000018,0.7019647322534533,8.17091002554169,0.0934254861370835,False,nan,nan,False,False
696,3.48,0.005012089000047126,0.001636154000152601,5.871000212209765e-06,0.0015131239997572266,0.0010585330001049442,3.393400038476102e-05,0.003267551000135427,0.0035469158726253677,0.0020000000000000018,0.7093831745250735,8.359396830590821,0.09509986827523671,False,nan,nan,False,False
697,3.485,0.004976250999789045,0.0012446310001905658,5.631000021821819e-06,0.00034524700004112674,0.0008982919998743455,4.409299981489312e-05,0.0036889000002702232,0.0035108108519061503,0.0020000000000000018,0.70216217038123,9.040080297386696,0.08672446405616292,False,nan,nan,False,False
698,3.49,0.005007730000215815,0.0015520870001637377,5.590000000665896e-06,0.0013727109999308595,0.001176423000288196,4.441300006874371e-05,0.003378307999810204,0.0035266189744314488,0.0020000000000000018,0.7053237948862896,8.797774015127208,0.09162973197642674,False,nan,nan,False,False
699,3.495,0.005003121999834548,0.0012665920003200881,5.599999894911889e-06,0.00033878400063258596,0.0009051260003616335,4.6316999942064285e-05,0.0036710869999296847,0.0034950873664901286,0.0020000000000000018,0.6990174732980257,11.313709768820116,0.09255634250883826,False,nan,nan,False,False
700,3.5,0.005011627000385488,0.001556354999593168,5.660000169882551e-06,0.0013361530000111088,0.0011806820002675522,4.347200047050137e-05,0.003356207000251743,0.003522691861089971,0.0020000000000000018,0.7045383722179941,8.537692308133726,0.09211749948159174,False,nan,nan,False,False
701,3.505,0.004983985999388096,0.0012699190001512761,5.509999937203247e-06,0.0002361229999223724,0.0009197330000461079,4.4363000597513746e-05,0.003683840000121563,0.0034961120018903702,0.0020000000000000018,0.699222400378074,10.645014963372438,0.0861231797446476,False,nan,nan,False,False
702,3.5100000000000002,0.005026044000260299,0.0015454149997822242,5.7010001910384744e-06,0.001379202999487461,0.0011525090003488003,4.415199964569183e-05,0.003358661000675056,0.003506894740519257,0.0020000000000000018,0.7013789481038514,8.268247370190064,0.09379457519904129,False,nan,nan,False,False
703,3.515,0.0049749990002965205,0.001243067999894265,5.810999937239103e-06,0.0002533249999032705,0.000895947999197233,4.4954000259167515e-05,0.0036850030001005507,0.0034867623718779343,0.0020000000000000018,0.6973524743755868,11.31370956347849,0.09655916826857745,False,nan,nan,False,False
704,3.52,0.0050011280000035185,0.001587011999617971,5.8910000007017516e-06,0.0013542169999709586,0.001209905999530747,4.631600040738704e-05,0.0033436940002502524,0.003502108182383164,0.0020000000000000018,0.7004216364766328,8.874074649513469,0.09529761741924511,False,nan,nan,False,False
705,3.525,0.005004032999750052,0.0012567040002977592,5.761000466009136e-06,0.00026098900070792297,0.0009055560003616847,4.4784000237996224e-05,0.0036947909993614303,0.0034869330998198254,0.0020000000000000018,0.6973866199639649,11.313715406166633,0.08823541940202054,False,nan,nan,False,False
706,3.5300000000000002,0.005026105000069947,0.001562616000228445,5.49000014871126e-06,0.0013614500003313879,0.0011854499998662504,4.581599932862446e-05,0.0033380929999111686,0.0034941965400449885,0.0020000000000000018,0.6988393080089977,3.0487273587031822,0.09188723749286672,False,nan,nan,False,False
707,3.535,0.004974176999894553,0.0012553910000860924,5.550999958359171e-06,0.0002619010001581046,0.0009027710002555978,4.457399973034626e-05,0.0036775190001208102,0.0034846174327997537,0.0020000000000000018,0.6969234865599507,8.69627058633694,0.09069608871557931,False,nan,nan,False,False
708,3.54,0.0050057059997925535,0.0015156090003074496,5.790000614069868e-06,0.00138344200058782,0.0011446040007285774,4.539499968814198e-05,0.0034037659997920855,0.0034960502265272537,0.0020000000000000018,0.6992100453054506,8.116841440048841,0.09550801881609788,False,nan,nan,False,False
709,3.545,0.004992121000213956,0.0012793570003850618,5.500000042957254e-06,0.00021496299996215384,0.0009225189996868721,4.403300044941716e-05,0.003656257999864465,0.003488888511359137,0.0020000000000000018,0.6977777022718274,8.918312848754088,0.08924009157284553,False,nan,nan,False,False
710,3.5500000000000003,0.00500878200000443,0.0014191589998517884,5.691000296792481e-06,0.0013666799995917245,0.0010085190006066114,4.636699941329425e-05,0.0035010769997825264,0.0034966064558479494,0.0020000000000000018,0.6993212911695899,8.797823292906775,0.09103482258280252,False,nan,nan,False,False
711,3.555,0.004993343000023742,0.0012351240002317354,5.9710000641644e-06,0.00024561000009271083,0.0008904779997465084,4.449300013220636e-05,0.0036886889993184013,0.003497676027318543,0.0020000000000000018,0.6995352054637086,10.408706386341407,0.08785210377020172,False,nan,nan,False,False
712,3.56,0.004995567999685591,0.001605707000635448,5.83099972573109e-06,0.0013161649994799518,0.0010116539997397922,4.7618999815313146e-05,0.003328895999402448,0.0034901797290834507,0.0020000000000000018,0.69803594581669,4.098709562714726,0.09217777898837483,False,nan,nan,False,False
713,3.565,0.005010275000131514,0.001294794999921578,5.761000466009136e-06,0.00033650000023044413,0.0009306630008723005,5.628500002785586e-05,0.003626151999924332,0.003494185225179069,0.0020000000000000018,0.6988370450358137,8.937460623840385,0.08432685968253015,False,nan,nan,False,False
714,3.5700000000000003,0.0049978209999608225,0.0015189350006039604,5.94100038142642e-06,0.0014039190000403323,0.0011310179997963132,4.6066999857430346e-05,0.003406971999538655,0.003491667423679058,0.0020000000000000018,0.6983334847358115,8.697972227934848,0.09137726647476088,False,nan,nan,False,False
715,3.575,0.004999405000489787,0.0012496709996412392,6.0720003602909856e-06,0.00035756000033870805,0.0009003770001072553,4.510399958235212e-05,0.003691675000482064,0.0035005980578980355,0.0020000000000000018,0.700119611579607,9.587464637986672,0.09402086322383922,False,nan,nan,False,False
716,3.58,0.005016807000174595,0.0015607229997840477,5.991999387333635e-06,0.0013755569998465944,0.001010203000078036,4.573600017465651e-05,0.003348371999891242,0.003492813010383946,0.0020000000000000018,0.698562602076789,5.243617152764465,0.09177138495107096,False,nan,nan,False,False
717,3.585,0.004981230999874242,0.0012345619998086477,5.80100004299311e-06,0.0003469499997663661,0.0008911600007195375,4.415299918036908e-05,0.0036871259999315953,0.0034997700601959833,0.0020000000000000018,0.6999540120391966,6.171264862537501,0.08739084201254153,False,nan,nan,False,False
718,3.59,0.004994173999875784,0.0015200480002022232,5.781000254501123e-06,0.0012528659999588854,0.001147310000305879,4.525500025920337e-05,0.003408693999517709,0.0034963819602805133,0.0020000000000000018,0.6992763920561026,3.0773240942572473,0.0932838230610392,False,nan,nan,False,False
719,3.595,0.005002219999369117,0.0012506220000432222,5.40999917575391e-06,0.00022901900047145318,0.0008886840005288832,4.33510003858828e-05,0.003675505000501289,0.0035010604347333308,0.0020000000000000018,0.7002120869466661,3.0301106429143987,0.09486565343466351,False,nan,nan,False,False
720,3.6,0.005000186000870599,0.0015592809995723655,5.461000000650529e-06,0.001360668999950576,0.0010158920003959793,4.685800013248809e-05,0.0033685600001263083,0.0034996175802300415,0.0020000000000000018,0.6999235160460083,1.4718015299322162,0.09523277166561106,False,nan,nan,False,False
721,3.605,0.004998292999516707,0.001243038000211527,5.310000233293977e-06,0.00022659499973087804,0.0008921409998947638,4.4333000005281065e-05,0.0036839809999946738,0.00350137880475841,0.0020000000000000018,0.7002757609516819,0.920526866761242,0.08669036669150029,False,nan,nan,False,False
722,3.61,0.005000136000489874,0.0015549119998468086,5.80100004299311e-06,0.0013628330007122713,0.0011878350005645189,4.3991999518766534e-05,0.003398395999283821,0.003501517415831768,0.0020000000000000018,0.7003034831663534,0.4081136425304204,0.09072997794420946,False,nan,nan,False,False
723,3.615,0.0050247519993718015,0.0012437089999366435,5.529999725695234e-06,0.0001896049998322269,0.0008973599997261772,4.3680999624484684e-05,0.003664865000246209,0.0035029227864065908,0.0020000000000000018,0.7005845572813182,0.47489997026900915,0.09349650805214807,False,nan,nan,False,False
724,3.62,0.004980960000466439,0.0016147839996847324,5.9809999584103934e-06,0.0012883740000688704,0.0010300599997208337,6.108500019763596e-05,0.003312193999590818,0.0035036928140033444,0.0020000000000000018,0.7007385628006688,0.20765689694438672,0.09484960750478807,False,nan,nan,False,False
725,3.625,0.005000426000151492,0.0012547299993457273,5.4210004236665554e-06,0.00023445900023943977,0.0009041539997269865,4.6626999392174184e-05,0.003681135000078939,0.003504196166634734,0.0020000000000000018,0.7008392333269468,0.290167818055103,0.08499395589435343,False,nan,nan,False,False
726,3.63,0.005009342999983346,0.001572815999679733,6.012000085320324e-06,0.0013856759996997425,0.0010227869997834205,4.5556000259239227e-05,0.003344595000271511,0.0035053904855118488,0.0020000000000000018,0.7010780971023697,0.3721130473480518,0.09240504271101563,False,nan,nan,False,False
727,3.6350000000000002,0.004991599999812024,0.0012539290000859182,6.012000085320324e-06,0.0002628619995448389,0.0009035120001499308,4.5945999772811774e-05,0.003675854999528383,0.003505820028858077,0.0020000000000000018,0.7011640057716153,0.28421492403657234,0.09115371652534149,False,nan,nan,False,False
728,3.64,0.005004283999369363,0.001533232000838325,5.650999810313806e-06,0.0013810370001010597,0.0011618959997576894,4.500399973039748e-05,0.003410717999940971,0.0035072642317014015,0.0020000000000000018,0.7014528463402803,0.475963209894954,0.09325402209712817,False,nan,nan,False,False
729,3.645,0.005015925000407151,0.00124591399981,5.700999281543773e-06,0.00019006599995918805,0.0008919199999581906,5.491199954121839e-05,0.003662080000140122,0.003506461068484759,0.0020000000000000018,0.7012922136969517,0.9729434431920474,0.08628115638890829,False,nan,nan,False,False
730,3.65,0.004983775999789941,0.0015284620003512828,5.660000169882551e-06,0.0012732749992210302,0.0011564760006876895,4.397199973027455e-05,0.0033877659998324816,0.0035095565903654168,0.0020000000000000018,0.7019113180730833,1.5097611596452587,0.09344594653928887,False,nan,nan,False,False
731,3.6550000000000002,0.004987362000065332,0.0012430280003172811,5.640999916067813e-06,0.00020838999989791773,0.0008971010001914692,4.517399975156877e-05,0.003684200999487075,0.0035079519658217746,0.0020000000000000018,0.7015903931643549,1.5994825299732087,0.09602345829250693,False,nan,nan,False,False
732,3.66,0.004998782999791729,0.0015156990002651582,5.681000402546488e-06,0.0013480550005624536,0.001140996999311028,4.5043999307381455e-05,0.003417031000026327,0.0035101985087748876,0.0020000000000000018,0.7020397017549774,1.030077064595413,0.09235529955285932,False,nan,nan,False,False
733,3.665,0.005006568000681,0.0013346599998840247,5.6110002333298326e-06,0.00024391700026171748,0.0009312539996244595,8.672300009493483e-05,0.003601605999392632,0.003509718602738964,0.0020000000000000018,0.7019437205477927,1.1140610316376924,0.08469968556065587,False,nan,nan,False,False
734,3.67,0.005039259000113816,0.001710744999400049,9.838000551098958e-06,0.0014170549993650638,0.0012783550000676769,6.942999971215613e-05,0.003184044000590802,0.003512873943129347,0.0020000000000000018,0.7025747886258693,1.7869167895968188,0.09257269290550632,False,nan,nan,False,False
735,3.6750000000000003,0.004973535999852174,0.0013626529998873593,6.141999620012939e-06,0.00024669200047355844,0.0009433770001123776,4.8801000048115384e-05,0.0035510609995981213,0.0035105960879319082,0.0020000000000000018,0.7021192175863816,2.505896371750032,0.09255536745518718,False,nan,nan,False,False
736,3.68,0.004980179000085627,0.0016178099995158846,5.560000317927916e-06,0.0014748530002179905,0.001191923000078532,5.006300034438027e-05,0.0033159710001200438,0.0035173290987585725,0.0020000000000000018,0.7034658197517145,3.9239440252214215,0.09019800370316061,False,nan,nan,False,False
737,3.685,0.00500255999941146,0.001440527999875485,5.80100004299311e-06,0.00037813899962202413,0.0009960160004993668,4.93930001539411e-05,0.003488014000140538,0.0035116291907626887,0.0020000000000000018,0.7023258381525377,4.445069665392461,0.08638987462028391,False,nan,nan,False,False
738,3.69,0.005000467000172648,0.0015249360003508627,5.631000021821819e-06,0.001354887999696075,0.0011447940005382407,4.7047999942151364e-05,0.0034091059997081175,0.0035229106800523896,0.0020000000000000018,0.7045821360104778,6.161789926704741,0.09050826794985371,False,nan,nan,False,False
739,3.6950000000000003,0.0050056560003213235,0.00132752699937555,5.871000212209765e-06,0.00021348999962356174,0.0009042030005730339,0.00010255200049869018,0.003592359000322176,0.0035130838577233214,0.0020000000000000018,0.7026167715446643,6.533290558266913,0.09164742297521891,False,nan,nan,False,False
740,3.7,0.004988363999473222,0.001517562000117323,5.259999852569308e-06,0.001345210000181396,0.0011486909997984185,4.513500061875675e-05,0.0034171110000897897,0.0035299685138487683,0.0020000000000000018,0.7059937027697537,8.963807145794167,0.09010470832580955,False,nan,nan,False,False
741,3.705,0.005000637000193819,0.001320844000474608,5.2400000640773214e-06,0.00022833799994259607,0.0009231290005118353,6.501200005004648e-05,0.003610622999985935,0.003504565160485828,0.0020000000000000018,0.7009130320971656,10.143470611161192,0.08438114225495087,False,nan,nan,False,False
742,3.71,0.004997341000489541,0.0015193859999271808,5.199000042921398e-06,0.0013443279995044577,0.0011503750001793378,4.5325000428420026e-05,0.003415336999751162,0.0035386492060570027,0.0020000000000000018,0.7077298412114005,11.31371041615516,0.0944051969634648,False,nan,nan,False,False
743,3.715,0.005003791999115492,0.0012460440002541873,5.83099972573109e-06,0.0002278969996041269,0.0008919809997678385,5.1977000111946836e-05,0.003692998000587977,0.0035045651449888628,0.0020000000000000018,0.7009130289977725,11.313739525823392,0.09431092331068629,False,nan,nan,False,False
744,3.72,0.005007159000342654,0.0014925460000085877,5.330000021785963e-06,0.0013716599996769219,0.0011316899999656016,4.449300013220636e-05,0.0034339519997956813,0.003538649169497943,0.0020000000000000018,0.7077298338995887,11.313713273322278,0.09366529494933554,False,nan,nan,False,False
745,3.725,0.0049968399998761015,0.001272964000236243,5.680999493051786e-06,0.0002576829992904095,0.0009054860001924681,5.446199975267518e-05,0.0036692940002467367,0.0035045651428705993,0.0020000000000000018,0.7009130285741199,11.313711012571096,0.08744744572194275,False,nan,nan,False,False
746,3.73,0.005009393000364071,0.0015194259995041648,5.300000339047983e-06,0.0013613000000987086,0.0011451450000095065,4.537499989964999e-05,0.003397043999939342,0.0035386491725229083,0.0020000000000000018,0.7077298345045817,11.313713196367356,0.08972372229821252,False,nan,nan,False,False
747,3.735,0.004983955999705358,0.0023119400002542534,5.431000317912549e-06,0.00023330700059887022,0.0019211990002077073,5.484299981617369e-05,0.0026236749999952735,0.0035045651435443585,0.0020000000000000018,0.7009130287088717,11.313714294314428,0.09272009666125454,False,nan,nan,False,False
748,3.74,0.005004995000490453,0.0015047279994178098,5.97200050833635e-06,0.0013613800001621712,0.0011374200003047008,4.489399998419685e-05,0.003459671000200615,0.003538649174628433,0.0020000000000000018,0.7077298349256865,11.313715841150131,0.09310871306555962,False,nan,nan,False,False
749,3.745,0.005031996000070649,0.0012733749999824795,5.770999450760428e-06,0.00018374399951426312,0.0008861099995556287,6.519199996546376e-05,0.003620320999289106,0.003504565146510267,0.0020000000000000018,0.7009130293020535,11.313708686219309,0.0857572048880618,False,nan,nan,False,False
750,3.75,0.004958066999279254,0.0016129810001075384,5.310000233293977e-06,0.001262575000509969,0.0012619839999388205,4.4422999962989707e-05,0.0033433919998060446,0.0035386491797018025,0.0020000000000000018,0.7077298359403604,11.313709526817728,0.09141546353520097,False,nan,nan,False,False
751,3.755,0.005041142000663967,0.0014373730000443175,5.700999281543773e-06,0.00016327599951182492,0.0010155730005863006,4.7618999815313146e-05,0.003459859999566106,0.0035045651443166457,0.0020000000000000018,0.7009130288633292,11.31372074088927,0.09334833454642272,False,nan,nan,False,False
752,3.7600000000000002,0.00496224499966047,0.0014868859998387052,5.029999556427356e-06,0.001199006000206282,0.001125228000091738,4.457399973034626e-05,0.003447666999818466,0.0035386491742183685,0.0020000000000000018,0.7077298348436737,11.313716694357746,0.09005438893860569,False,nan,nan,False,False
753,3.765,0.005034531000092102,0.0012850369994339417,5.6200005928985775e-06,0.0001529869996375055,0.0009030809997057077,6.558199947903631e-05,0.0036201210004946915,0.0035045651422492942,0.0020000000000000018,0.7009130284498589,11.313711340964398,0.08298221625375658,False,nan,nan,False,False
754,3.77,0.004972443999577081,0.001521840000350494,5.180000698601361e-06,0.0012313460001678322,0.0011544830003913376,4.4562999391928315e-05,0.00341119000040635,0.0035386492044174427,0.0020000000000000018,0.7077298408834884,11.313725699676388,0.09294935732247986,False,nan,nan,False,False
755,3.775,0.005029421000472212,0.001270959999601473,5.208999937167391e-06,0.00015523099955316866,0.000889835999259958,5.334000070433831e-05,0.0036275649999879533,0.003504565365679914,0.0020000000000000018,0.7009130731359828,11.31392827216566,0.09147775175731455,False,nan,nan,False,False
756,3.7800000000000002,0.004967875000147615,0.0013526239999919198,5.6009994295891374e-06,0.001228641000125208,0.0009608189993741689,4.488400008995086e-05,0.003579745000024559,0.003538649174368892,0.0020000000000000018,0.7077298348737784,11.313861852315677,0.09559260108263934,False,nan,nan,False,False
757,3.785,0.005031644999689888,0.0012454429997887928,5.8610003179637715e-06,0.00014836799982731463,0.0008880129998942721,5.267899996397318e-05,0.0036688019999928656,0.003504565146020856,0.0020000000000000018,0.7009130292041712,11.313708732853451,0.08799960813235388,False,nan,nan,False,False
758,3.79,0.004980939999768452,0.0015285730005416553,5.060000148660038e-06,0.001208924999446026,0.0011532799999258714,4.542599981505191e-05,0.0034334619995206594,0.0035386491753544654,0.0020000000000000018,0.7077298350708929,11.313708873297522,0.08955494711262434,False,nan,nan,False,False
759,3.795,0.005051271999946039,0.0013009370004510856,5.439999767986592e-06,0.0001581070000611362,0.0008985929998743813,4.556599924399052e-05,0.0035660189996633562,0.0035045651494546447,0.0020000000000000018,0.700913029890929,11.31370850738131,0.0943468390063964,False,nan,nan,False,False
760,3.8000000000000003,0.004929733000608394,0.0015680979995522648,5.050000254414044e-06,0.0012154960004409077,0.0011398060005376465,4.680699930759147e-05,0.003389649000382633,0.003538649178111377,0.0020000000000000018,0.7077298356222753,11.313708669361784,0.09320272037897846,False,nan,nan,False,False
761,3.805,0.005027687999245245,0.0014918950000719633,5.520999366126489e-06,0.0001589880002939026,0.0010189489994445466,4.635699951904826e-05,0.0034179320000475855,0.003504565219406338,0.0020000000000000018,0.7009130438812676,11.31378065532436,0.08520451415756812,False,nan,nan,False,False
762,3.81,0.004975089000254229,0.0013724709997404716,5.37999949301593e-06,0.0012471660002120188,0.0009627429999454762,5.3730000217910856e-05,0.003573894000510336,0.0035386491773108535,0.0020000000000000018,0.7077298354621706,11.313779160375358,0.09024019983748315,False,nan,nan,False,False
763,3.815,0.005037296000409697,0.0012842950000049314,5.479999344970565e-06,0.0001574750003783265,0.0008869510002114112,5.807799971080385e-05,0.003611395000007178,0.0035045651464501865,0.0020000000000000018,0.7009130292900374,11.313709090671912,0.09518142434996428,False,nan,nan,False,False
764,3.8200000000000003,0.004962254999554716,0.0013695550005650148,5.220000275585335e-06,0.00118126300003496,0.0009761080000316724,4.448300023796037e-05,0.0036407600000529783,0.003538649169369214,0.0020000000000000018,0.7077298338738428,11.313708723373185,0.09722188105564053,False,nan,nan,False,False
765,3.825,0.005079975000626291,0.0012977509995835135,5.441000212158542e-06,0.00012783000056515448,0.000896929999726126,4.602599983627442e-05,0.0035562410002967226,0.003488662240706637,0.0020000000000000018,0.6977324481413275,11.3690105864788,0.08753900647195759,False,nan,nan,False,False
766,3.83,0.004917841999485972,0.0015360170000349171,5.310000233293977e-06,0.001196250999782933,0.0011618060007094755,4.4131999857199844e-05,0.0034265280000909115,0.00353864917405391,0.0020000000000000018,0.7077298348107819,11.369028562772025,0.09326412476204704,False,nan,nan,False,False
767,3.835,0.005030131999774312,0.0012322580005275086,5.099999725644011e-06,0.00014916999953129562,0.0008856590002324083,4.392299979372183e-05,0.003689520999614615,0.0033944039307229794,0.0020000000000000018,0.6788807861445958,13.856506380464168,0.0956767627160617,False,nan,nan,False,False
768,3.84,0.004991039000742603,0.0013502689998858841,5.230000169831328e-06,0.001250111000445031,0.0009531649993732572,4.4563999836100265e-05,0.003565067999261373,0.0035386491859228045,0.0020000000000000018,0.7077298371845608,13.856529697574642,0.09412553000445668,False,nan,nan,False,False
769,3.845,0.00498233199959941,0.001241316000232473,5.480000254465267e-06,0.00019223999970563455,0.0008930029998737155,5.056500049249735e-05,0.0037020239997218596,0.0032805454307910506,0.0020000000000000018,0.6561090861582101,16.000124997163393,0.08976519410587919,False,nan,nan,False,False
770,3.85,0.005016576999878453,0.0015790679999554413,5.560999852605164e-06,0.0013400200004980434,0.0010449580004205927,4.384200019558193e-05,0.0033414090003134334,0.0035386492031905673,0.0020000000000000018,0.7077298406381135,16.00002568910452,0.08634682477782134,False,nan,nan,False,False
771,3.855,0.004989897000086785,0.001308421000430826,5.660999704559799e-06,0.00024390699945797678,0.0009164869998130598,6.556300013471628e-05,0.003618306999669585,0.003594732125994849,0.0020000000000000018,0.7189464251989697,11.313741594261858,0.09405461741752534,False,nan,nan,False,False
772,3.86,0.00499160999970627,0.001368021999951452,5.610000698652584e-06,0.0012325190000410657,0.0009669210003266926,4.513499970926205e-05,0.003574686000320071,0.003566814355521303,0.0020000000000000018,0.7133628711042606,13.856714288017999,0.09206245498193871,False,nan,nan,False,False
773,3.865,0.005019232000449847,0.001501631999417441,6.411999493138865e-06,0.00025450700013607275,0.0010075680002046283,4.69879996671807e-05,0.003416530000322382,0.003768583449214088,0.0020000000000000018,0.7537166898428177,13.856669101290336,0.08381887666255458,False,nan,nan,False,False
774,3.87,0.004984266000064963,0.0015671549999751733,5.459999556478579e-06,0.0013077700004942017,0.0011922229996343958,4.5806000343873166e-05,0.0033698119996188325,0.003578027801191199,0.0018000000000000238,0.7156055602382397,17.88857271545708,0.0927965895928205,False,nan,nan,False,False
775,3.875,0.00500632700004644,0.001262374999896565,5.699999746866524e-06,0.0002520620000723284,0.0008990540000013425,5.450200023915386e-05,0.003681635999782884,0.0038661866942109233,0.0020000000000000018,0.7732373388421847,16.695436319616,0.09293774806966211,False,nan,nan,False,False
776,3.88,0.00501233900013176,0.001499578999755613,5.319999218045268e-06,0.0013649869997607311,0.0011237149992666673,4.445300055522239e-05,0.0034476479995646514,0.0040526553127649195,0.0020000000000000018,0.8105310625529839,11.334226362811968,0.09220771919054284,False,nan,nan,False,False
777,3.8850000000000002,0.005015604999243806,0.0012971600008313544,5.149000571691431e-06,0.00014133500008028932,0.0009074800000234973,6.678499994450249e-05,0.0036031389990967,0.004205755488184939,0.0020000000000000018,0.8411510976369877,9.876469994441258,0.08454847564182498,False,nan,nan,False,False
778,3.89,0.004971182000190311,0.0013889709998693434,5.279999641061295e-06,0.00125626299995929,0.0009888120002869982,4.5856000724597834e-05,0.003541214000506443,0.003996014246563262,0.0020000000000000018,0.7992028493126523,16.000003527783953,0.09701752009170506,False,nan,nan,False,False
779,3.895,0.00499979500000336,0.0012756690002788673,5.480000254465267e-06,0.00023435899947799044,0.0009082209999178303,5.3811000725545455e-05,0.0036660369996752706,0.004346018915964174,0.0020000000000000018,0.8692037831928349,16.000000428524,0.10353484416707275,False,nan,nan,False,False
780,3.9,0.005011897999793291,0.0016379380003854749,6.071999450796284e-06,0.001372300000184623,0.0012757900003634859,4.489399998419685e-05,0.0032820280002852087,0.0044280504733506445,0.0020000000000000018,0.8856100946701287,8.000000766907643,0.09915616920232155,False,nan,nan,False,False
781,3.9050000000000002,0.005016355999941879,0.0013427550002234057,5.279999641061295e-06,0.00015442999938386492,0.0009324470001956797,5.654599954141304e-05,0.0035560309997890727,0.004472135955152693,0.0020000000000000018,0.8944271910305385,4.024941007276705,0.09191883321334973,False,nan,nan,False,False
782,3.91,0.00496575200031657,0.0013524129999495926,5.008999323763419e-06,0.0011158010001963703,0.0009606090006855084,4.508399979386013e-05,0.0035830920005537337,0.004118252072042616,0.0020000000000000018,0.823650414408523,16.000007841155853,0.10685332588579068,False,nan,nan,False,False
783,3.915,0.005008001000533113,0.0013126079993526218,5.691000296792481e-06,0.00023705400053586345,0.0009095929999602959,6.40500002191402e-05,0.0036120060003668186,0.004323959083598498,0.0020000000000000018,0.8647918167196996,13.090626318111152,0.11586041748977804,False,nan,nan,False,False
784,3.92,0.004992311000023619,0.001507753999248962,5.420000888989307e-06,0.0011998879999737255,0.0011255890003667446,4.449300013220636e-05,0.0034288320002815453,0.004433879585866089,0.0020000000000000018,0.8867759171732178,8.355497470465338,0.10556837532736624,False,nan,nan,False,False
785,3.9250000000000003,0.005033988999457506,0.0012946349997946527,5.520000740943942e-06,0.00015575199995510047,0.0008991450004032231,6.968000070628477e-05,0.003612196000176482,0.004438714937626123,0.0020000000000000018,0.8877429875252246,0.44824411364228767,0.10002732613661555,False,nan,nan,False,False
786,3.93,0.004974067000148352,0.001666320999902382,5.389999387261923e-06,0.0012427980000211392,0.001293091999286844,5.2709000556205865e-05,0.0032618499999443884,0.004150142948024829,0.0020000000000000018,0.8300285896049656,14.013407197433803,0.11782190249479096,False,nan,nan,False,False
787,3.935,0.005023810000238882,0.0012472660000639735,5.040000360168051e-06,0.00015567199989163782,0.0008898160003809608,5.037499977333937e-05,0.0036701449998872704,0.004278583495774842,0.0020000000000000018,0.8557166991549685,14.088848345508854,0.11706733076849701,False,nan,nan,False,False
788,3.94,0.00498773299932509,0.0015411570002470398,5.550999958359171e-06,0.0012520849995780736,0.0011647009996522684,4.4051999793737195e-05,0.0034597100002429215,0.0043863425023376815,0.0020000000000000018,0.8772685004675363,8.40542582433569,0.10460152189466118,False,nan,nan,False,False
789,3.9450000000000003,0.005098360000374669,0.0012910380000903388,5.509999937203247e-06,0.00015197499942587456,0.0008880129998942721,4.48239998149802e-05,0.0035211360000175773,0.004034848391105451,0.0020000000000000018,0.8069696782210902,16.000196175644085,0.10128454076730146,False,nan,nan,False,False
790,3.95,0.004875491999882797,0.001525186999970174,4.66799974674359e-06,0.001237828999364865,0.00116556299963122,4.314099987823283e-05,0.003437028000007558,0.0040644804026538014,0.0020000000000000018,0.8128960805307602,16.00000362555591,0.11734698031071729,False,nan,nan,False,False
791,3.955,0.005028329000197118,0.0012983119995624293,5.158999556442723e-06,0.00016283499917335575,0.0009105350000027101,7.222499971248908e-05,0.003610864000620495,0.004076536340788699,0.0020000000000000018,0.8153072681577397,10.380683835708233,0.11557276673694236,False,nan,nan,False,False
792,3.96,0.004975079000359983,0.0016200749996642116,5.2699997468153015e-06,0.001249191000169958,0.0012574050006151083,4.5185000089986715e-05,0.0033231039997190237,0.0042322568572978145,0.0020000000000000018,0.8464513714595628,11.31373529048821,0.10572420456495028,False,nan,nan,False,False
793,3.9650000000000003,0.00503782699979638,0.0012935929999002838,5.360000614018645e-06,0.0001569340001879027,0.0008903779998945538,7.658300000912277e-05,0.0036036800001966185,0.003885633580132699,0.0020000000000000018,0.7771267160265398,16.000004752000102,0.10060348480062437,False,nan,nan,False,False
794,3.97,0.004963506999956735,0.0012430689994289423,5.019000127504114e-06,0.0012296730001253309,0.0009003369996207766,4.328100021666614e-05,0.003679061000184447,0.004014158983451973,0.0020000000000000018,0.8028317966903946,13.861177867636426,0.10695496979430011,False,nan,nan,False,False
795,3.975,0.004974958999810042,0.001027113000418467,4.09700078307651e-06,0.0002124780003214255,0.0006985080008234945,4.477399943425553e-05,0.003934129999834113,0.004042679659226775,0.0020000000000000018,0.808535931845355,11.313708912599116,0.1055519829337965,False,nan,nan,False,False
796,3.98,0.005032936999668891,0.0015437820002262015,5.539999619941227e-06,0.0014037790006113937,0.0011340040000504814,5.014399994252017e-05,0.003407451999919431,0.004186203328613799,0.0020000000000000018,0.8372406657227597,11.059564754759924,0.10415785306111455,False,nan,nan,False,False
797,3.985,0.0050292810001337784,0.0014629600000262144,5.761000466009136e-06,0.000282828999843332,0.0010079479998239549,4.623700078809634e-05,0.0034400439999444643,0.0041316411326992285,0.0020000000000000018,0.8263282265398456,8.000939192483862,0.1068098371369703,False,nan,nan,False,False
798,3.99,0.004977503000191064,0.0015263189998222515,5.380000402510632e-06,0.0013575430002674693,0.0011542520005605184,4.483399970922619e-05,0.003399578000426118,0.004186203523258272,0.0020000000000000018,0.8372407046516542,8.000357252475682,0.10597149647202779,False,nan,nan,False,False
799,3.995,0.004999906000193732,0.0014966429998821695,5.841000529471785e-06,0.00026209099996776786,0.0009927990004143794,0.0001266170002054423,0.003425906999837025,0.004249487999532444,0.0020000000000000018,0.8498975999064887,8.000108570767129,0.10699032766465488,False,nan,nan,False,False
800,4.0,0.004992561000108253,0.0014433839996854658,5.619999683403876e-06,0.0013625930005218834,0.0009935909993146197,4.627599992090836e-05,0.003490828999929363,0.004094422900790226,0.0020000000000000018,0.818884580158045,11.313780532819933,0.10909776802397919,False,nan,nan,False,False
801,4.005,0.005009232999327651,0.001399482000124408,5.910999789193738e-06,0.00023866699939389946,0.0009766499997567735,5.3701000069850124e-05,0.0035210450005251914,0.004059641276722657,0.0020000000000000018,0.8119282553445314,8.21504203275631,0.10120383037432513,False,nan,nan,False,False
802,4.01,0.00499055800082715,0.001408598999660171,5.850999514223076e-06,0.0012612820000867941,0.0010488750003787572,4.5043999307381455e-05,0.0035243310003352235,0.004107136237985244,0.0020000000000000018,0.8214272475970487,7.380419221466833,0.10857965980331433,False,nan,nan,False,False
803,4.015,0.005003551999834599,0.0012629359998754808,5.720999979530461e-06,0.0005924999995841063,0.0008882539996193373,5.357099962566281e-05,0.003677077999782341,0.004157085016604398,0.0020000000000000018,0.8314170033208796,8.000002842036807,0.1059281603569742,False,nan,nan,False,False
804,4.0200000000000005,0.005012419000195223,0.0013940319995526806,5.850999514223076e-06,0.0011137560004499392,0.0010106729996550712,5.527400026039686e-05,0.0035197630004404346,0.004215939232084952,0.0020000000000000018,0.8431878464169904,8.00000762229389,0.11088593718430674,False,nan,nan,False,False
805,4.025,0.004983544999959122,0.0012168599996584817,5.4000001910026185e-06,0.000529652000295755,0.0008721329995751148,5.561400030273944e-05,0.003724475999661081,0.004283331828197756,0.0020000000000000018,0.8566663656395511,8.000000230342797,0.10297353718714336,False,nan,nan,False,False
806,4.03,0.005021585999202216,0.0015250970000124653,6.541999937326182e-06,0.0016168089996426716,0.0011593110002650064,4.4102000174461864e-05,0.003384340000593511,0.0038385079914326995,0.0018000000000000238,0.7677015982865399,17.88854761264346,0.10683903236346556,False,nan,nan,False,False
807,4.035,0.004977173000042967,0.0011753020007745363,5.740999768022448e-06,0.000444031999904837,0.0008433299999524024,4.332099979365012e-05,0.003753430999495322,0.0033943122535601803,0.0016000000000000458,0.6788624507120361,17.88854382032451,0.11059840038065542,False,nan,nan,False,False
808,4.04,0.0049985630002993275,0.0013800449996779207,5.46000046597328e-06,0.0015725360008218559,0.0010189789991272846,4.390199956105789e-05,0.00355234400012705,0.0038385079920119154,0.0018000000000000238,0.7677015984023831,17.888543832565652,0.10256449458304215,False,nan,nan,False,False
809,4.045,0.0049978220004049945,0.0011634789998424822,4.979999175702687e-06,0.0004538100001809653,0.0008370879995709402,4.235899996274384e-05,0.003775381999730598,0.004111805219310914,0.0020000000000000018,0.8223610438621828,17.889056770145107,0.09801922008492492,False,nan,nan,False,False
810,4.05,0.005018399999244139,0.0015541310003754916,6.121000296843704e-06,0.0015982340000846307,0.0011848690000988427,4.336199981480604e-05,0.0033614260000831564,0.0039666297983626175,0.0020000000000000018,0.7933259596725233,11.313718183912453,0.10146506093420289,False,nan,nan,False,False
811,4.055,0.004985398000826535,0.001200548999804596,5.230000169831328e-06,0.0004657319996113074,0.0008672449994264753,4.6937999286456034e-05,0.003740176000064821,0.003973277958751738,0.0020000000000000018,0.7946555917503476,11.313719719521497,0.11498718688231167,False,nan,nan,False,False
812,4.0600000000000005,0.005019161999371136,0.0015407959999720333,6.633000339206774e-06,0.0015793679995113052,0.0011755720006476622,4.3491999349498656e-05,0.0033805920002123457,0.0038437152714964787,0.0020000000000000018,0.7687430542992956,11.313736016935149,0.10627574422666432,False,nan,nan,False,False
813,4.065,0.005000656999982311,0.0013414320001174929,6.291999852692243e-06,0.00043214000015723286,0.000937907000661653,4.533499941317132e-05,0.0035735040000872687,0.003926129096061483,0.0020000000000000018,0.7852258192122966,8.109693547473787,0.09031771328020834,False,nan,nan,False,False
814,4.07,0.004992051000044739,0.001658705999943777,6.061000021873042e-06,0.00148845799958508,0.0012491199995565694,4.372199964564061e-05,0.0032686829999875044,0.003910881092526246,0.0020000000000000018,0.7821762185052492,11.313840410657951,0.1006554329493551,False,nan,nan,False,False
815,4.075,0.004996718999791483,0.0014738410000063595,5.590000000665896e-06,0.00034516599953349214,0.001000864999696205,4.480400002648821e-05,0.0034473670002626022,0.0039548792493875684,0.0020000000000000018,0.7909758498775136,13.856452305707549,0.1043235913788374,False,nan,nan,False,False
816,4.08,0.004986731000826694,0.0013449289999698522,5.479999344970565e-06,0.0014336759995785542,0.000996275999568752,5.41320005140733e-05,0.003588701999433397,0.004175660020952219,0.0020000000000000018,0.8351320041904438,12.48468270374459,0.10251940952460242,False,nan,nan,False,False
817,4.085,0.004999193999537965,0.0011572080002224538,5.160000000614673e-06,0.0003274430000601569,0.0008311569999932544,4.26500000685337e-05,0.003775592000238248,0.004024583015383532,0.0020000000000000018,0.8049166030767065,11.313712717446773,0.09290168236367657,False,nan,nan,False,False
818,4.09,0.005000807000214991,0.0013453199999275967,5.3700005082646385e-06,0.001409841000167944,0.000979063999693608,7.353799992415588e-05,0.0035880209998140344,0.003888238726721507,0.0020000000000000018,0.7776477453443015,11.313715950770495,0.10348379093821507,False,nan,nan,False,False
819,4.095,0.004999464999855263,0.0011842479998449562,5.2699997468153015e-06,0.00023878699994384078,0.0008481489994665026,4.998399981559487e-05,0.0037577490002149716,0.003896936513654607,0.0020000000000000018,0.7793873027309213,11.313752026873617,0.10982885826069216,False,nan,nan,False,False
820,4.1,0.005016737000005378,0.0012647989997276454,5.83099972573109e-06,0.001336834000539966,0.0009538369995425455,3.480499981378671e-05,0.003651951000392728,0.00362406218675605,0.0018000000000000238,0.7248124373512099,17.888564983617822,0.10897636096899216,False,nan,nan,False,False
821,4.105,0.004989686000044458,0.0013185600000724662,5.431000317912549e-06,0.00026500600051804213,0.0009275780003008549,6.081399988033809e-05,0.003609160999985761,0.0033884421042310983,0.0018332263780169722,0.6776884208462197,17.88854382859597,0.09493717514335989,False,nan,nan,False,False
822,4.11,0.004993763999664225,0.0013761380005234969,5.199000042921398e-06,0.0013675620002686628,0.0010167840000576689,4.44329998572357e-05,0.0035604589993454283,0.0036313083463037224,0.0020000000000000018,0.7262616692607445,17.33508346653478,0.10168513628047407,False,nan,nan,False,False
823,4.115,0.0050072100002580555,0.0013024990003032144,5.810999937239103e-06,0.00026874300056078937,0.0009048149995578569,6.32680003036512e-05,0.0036251209994588862,0.00394659793664741,0.0020000000000000018,0.789319587329482,16.042868485952447,0.0956721480761583,False,nan,nan,False,False
824,4.12,0.004993794000256457,0.0013874279993615346,5.160000000614673e-06,0.0013651769995703944,0.0010278259996994166,4.322099994169548e-05,0.0035473650004860247,0.004076413460037399,0.0020000000000000018,0.8152826920074797,11.363566665678455,0.09870752785955005,False,nan,nan,False,False
825,4.125,0.005003362000024936,0.001268444999368512,5.389999387261923e-06,0.0002620209997985512,0.0009032020006998209,5.397099994297605e-05,0.003684913000142842,0.004223673719840979,0.0020000000000000018,0.8447347439681959,11.346484586677427,0.09585750476246455,False,nan,nan,False,False
826,4.13,0.0050213849999636295,0.0013681829996130546,4.929999704472721e-06,0.0013947830002507544,0.0009682740001153434,4.51340001745848e-05,0.0035423850004008273,0.004227319311674836,0.0020000000000000018,0.8454638623349673,1.2755071414579044,0.1056631308766491,False,nan,nan,False,False
827,4.135,0.0049856790001285844,0.001234522999766341,5.560000317927916e-06,0.00021872900015296182,0.0008913290002965368,4.620700019586366e-05,0.0036966640000173356,0.004188618863886876,0.0020000000000000018,0.8377237727773751,8.282077738088255,0.10871754908246503,False,nan,nan,False,False
828,4.14,0.005006718000004184,0.0014790109999012202,6.00200019107433e-06,0.0012354039999991073,0.0010934390002148575,5.0473999181122053e-05,0.003441154999563878,0.004133692272108283,0.0020000000000000018,0.8267384544216565,8.000000481572519,0.10530545601197921,False,nan,nan,False,False
829,4.1450000000000005,0.004992391999621759,0.0012315060002947575,6.150999979581684e-06,0.000623697999799333,0.0008790460005911882,5.207800040807342e-05,0.003700922999996692,0.004188618849117024,0.0020000000000000018,0.8377237698234047,8.000000977848174,0.09709591129310902,False,nan,nan,False,False
830,4.15,0.0050031410000883625,0.0013954639998701168,5.650999810313806e-06,0.0010949810002784943,0.001010491999295482,4.465299934963696e-05,0.003524241999912192,0.004252251632195311,0.0020000000000000018,0.8504503264390622,8.000001084880441,0.10462749009129617,False,nan,nan,False,False
831,4.155,0.004986310000276717,0.0012171899998065783,5.119000888953451e-06,0.0005191119998926297,0.0008768019997660303,4.9932999900192954e-05,0.0037231039996186155,0.004324206291917428,0.0020000000000000018,0.8648412583834856,8.000000315227695,0.1077264150198399,False,nan,nan,False,False
832,4.16,0.00500556599945412,0.001408117999744718,5.048999810242094e-06,0.001594557000316854,0.0010454779994688579,4.507399989961414e-05,0.0035288100007164758,0.004404074958944542,0.0020000000000000018,0.8808149917889084,8.000015849160821,0.11052527794522131,False,nan,nan,False,False
833,4.165,0.0050264460005564615,0.0012174399998912122,5.7609995565144345e-06,0.00048785400031192694,0.0008619049995104433,6.43599996692501e-05,0.0036931679996996536,0.004386342492802169,0.0020000000000000018,0.8772684985604338,10.17566101646369,0.10357958240669438,False,nan,nan,False,False
834,4.17,0.00498062899987417,0.0013610189998871647,5.531000169867184e-06,0.0015843279998080106,0.0010107030002473039,4.3711999751394615e-05,0.0035626540002340334,0.004308131891880719,0.0020000000000000018,0.8616263783761439,8.000000255519085,0.11502497592919385,False,nan,nan,False,False
835,4.175,0.004992131000108202,0.0011897589993168367,5.410000085248612e-06,0.00040869500026019523,0.0008456750001641922,4.531499962467933e-05,0.0037535100000241073,0.004386342478589048,0.0020000000000000018,0.8772684957178096,8.000000231367434,0.11312657343158065,False,nan,nan,False,False
836,4.18,0.005022837999604235,0.0015329019997807336,6.472999302786775e-06,0.0015105490001587896,0.00116580400026578,4.465300025913166e-05,0.003383076999853074,0.004472135984899695,0.0020000000000000018,0.8944271969799389,8.000000429070953,0.10928690506520108,False,nan,nan,False,False
837,4.1850000000000005,0.004997109999749227,0.0013423250002233544,6.482000571850222e-06,0.0003508970003167633,0.0009543369997118134,5.2258000323490705e-05,0.003572091000023647,0.0044721359791143195,0.0020000000000000018,0.8944271958228638,0.00210871533397139,0.10351162982065644,False,nan,nan,False,False
838,4.19,0.004995156999939354,0.0016558220004299073,6.522000148834195e-06,0.0014275040002758033,0.0012461649994293111,4.599600015353644e-05,0.003269523999733792,0.004472135971121058,0.0020000000000000018,0.8944271942242116,0.0033877223517480405,0.11704147270799793,False,nan,nan,False,False
839,4.195,0.00500661800015223,0.0016432480006187689,6.42200029687956e-06,0.0002581629996711854,0.0010913240002992097,4.565500057651661e-05,0.003259735999563418,0.004472135965261331,0.0020000000000000018,0.8944271930522661,0.0030708584869370927,0.12322719598341463,False,nan,nan,False,False
840,4.2,0.0049671440001475275,0.0013329769999472774,4.86899989482481e-06,0.0013190310000936734,0.0009720309999465826,6.341900007100776e-05,0.003602638999836927,0.004472135958508799,0.0020000000000000018,0.8944271917017597,0.00503174729517935,0.11473465277524823,False,nan,nan,False,False
841,4.205,0.005002992000299855,0.0012579159993038047,4.83900021208683e-06,0.00022607299979426898,0.0009078599996428238,4.952299968863372e-05,0.0036879880008200416,0.00447213596944158,0.0020000000000000018,0.894427193888316,0.007289673254005026,0.10860961561243018,False,nan,nan,False,False
842,4.21,0.005015974999878381,0.0014160230002744356,5.5499995141872205e-06,0.001379493999593251,0.00104871399980766,4.346100013208343e-05,0.003506777999973565,0.004118252083021377,0.0020000000000000018,0.8236504166042754,16.00003425530641,0.12024983957955017,False,nan,nan,False,False
843,4.215,0.004989666999790643,0.001223821999701613,4.989000444766134e-06,0.0002567110004747519,0.0008837949999360717,4.802999956154963e-05,0.003730057000211673,0.003773592479809982,0.0020000000000000018,0.7547184959619965,16.0000000144457,0.11883773136126634,False,nan,nan,False,False
844,4.22,0.0050224169999637525,0.001375106000523374,5.289999535307288e-06,0.0013968069997645216,0.000999783000224852,4.401200021675322e-05,0.0035345709993634955,0.004118252073300915,0.0020000000000000018,0.8236504146601829,16.000000305361354,0.11218602474178237,False,nan,nan,False,False
845,4.225,0.004980058000001009,0.0012446820001059677,5.840999619977083e-06,0.0002529740004320047,0.0008913500005292008,5.254799998510862e-05,0.003690964000270469,0.00447213595809729,0.0020000000000000018,0.8944271916194579,16.000002136344992,0.10479199200545462,False,nan,nan,False,False
846,4.23,0.0050019000000247615,0.0015499729997827671,5.439999767986592e-06,0.0013771889998679399,0.0011750710000342224,4.451299992069835e-05,0.0033793600005083135,0.00447213599750352,0.0020000000000000018,0.8944271995007039,0.03132120126696557,0.10872405719806257,False,nan,nan,False,False
847,4.235,0.004999153999960981,0.001242547000401828,5.109999619890004e-06,0.0002645249996930943,0.0008977509996839217,4.318100036471151e-05,0.0036973959995521,0.004118252057647157,0.0020000000000000018,0.8236504115294314,16.00001326199078,0.11912331875516075,False,nan,nan,False,False
848,4.24,0.005011977999856754,0.0014002530006109737,5.641000825562514e-06,0.001390565000292554,0.0010306909998689662,4.418299977260176e-05,0.0035276979997433955,0.0038914051191121183,0.0020000000000000018,0.7782810238224237,14.069063458840477,0.11662519246704248,False,nan,nan,False,False
849,4.245,0.004995648000658548,0.0012819309995393269,5.350000719772652e-06,0.00026755099952424644,0.0009105159997488954,5.5063000218069647e-05,0.0036487240004134947,0.004209513038639246,0.0020000000000000018,0.8419026077278492,14.9314412437757,0.10432831655640708,False,nan,nan,False,False
850,4.25,0.004997170000024198,0.0013971269991088775,5.009000233258121e-06,0.0013786130002699792,0.0010212830002274131,4.4252999941818416e-05,0.0035298420007165987,0.004472135955192088,0.0020000000000000018,0.8944271910384175,13.856407139186341,0.10418946443396086,False,nan,nan,False,False
851,4.255,0.004994845999135578,0.0014880070002618595,5.560999852605164e-06,0.0002658280000105151,0.0010132879997399868,4.656799956137547e-05,0.0034391220006000367,0.004209513036592971,0.0020000000000000018,0.841902607318594,13.856407209871065,0.11080797389172323,False,nan,nan,False,False
852,4.26,0.004993363000721729,0.0013987899992571329,5.259999852569308e-06,0.0013721400000576978,0.0010341269999116776,4.384200019558193e-05,0.0035364540008231415,0.0039597979751406455,0.0020000000000000018,0.7919595950281292,13.856406466047604,0.12173923569266094,False,nan,nan,False,False
853,4.265,0.0050054559997079195,0.0012732650002362789,5.560000317927916e-06,0.0002558389996920596,0.0009069489997273195,5.349000002752291e-05,0.0036726489997818135,0.004209513036117522,0.0020000000000000018,0.8419026072235044,13.856406503935046,0.11019913096725693,False,nan,nan,False,False
854,4.2700000000000005,0.005018509999899834,0.001394892999996955,5.580999641097151e-06,0.0013808760004394571,0.0009886009993351763,4.4983999941905495e-05,0.0035204940004405216,0.0044721359553772065,0.0020000000000000018,0.8944271910754411,13.856406963938014,0.10307054963568948,False,nan,nan,False,False
855,4.275,0.0049889250003616326,0.001310214000113774,5.6799999583745375e-06,0.0002279070004078676,0.0009217960005116765,5.643599979521241e-05,0.0036131379993094015,0.004472135960941407,0.0020000000000000018,0.8944271921882814,0.006896634393935031,0.10934032470554328,False,nan,nan,False,False
856,4.28,0.004993943999579642,0.0014203310001903446,5.599999894911889e-06,0.0012592690000019502,0.0010589329995127628,4.525499934970867e-05,0.0035172380003132275,0.0044721361497049575,0.0020000000000000018,0.8944272299409914,0.043565024741183,0.1223106765798937,False,nan,nan,False,False
857,4.285,0.005008111000279314,0.0012460839998311712,5.511000381375197e-06,0.0006268540000746725,0.0009003469995150226,5.136599975230638e-05,0.003690773000016634,0.004472136029950349,0.0020000000000000018,0.8944272059900698,0.02003563375133441,0.11046811107026501,False,nan,nan,False,False
858,4.29,0.005010254999433528,0.0013840620003975346,5.680999493051786e-06,0.0011120330000267131,0.001029408000249532,4.3852000089827925e-05,0.003527517999827978,0.004472135955019687,0.0020000000000000018,0.8944271910039372,0.03328706400319982,0.10800441314761626,False,nan,nan,False,False
859,4.295,0.004979497000022093,0.001191631999972742,5.339999916031957e-06,0.0005271879999781959,0.0008452029996988131,5.249799960438395e-05,0.003752640000129759,0.00411825206254967,0.0020000000000000018,0.823650412509934,16.000002845626707,0.11616040784515334,False,nan,nan,False,False
860,4.3,0.0050231790000907495,0.0015915820004011039,6.492000466096215e-06,0.0016180519996851217,0.0011664949997793883,4.507500034378609e-05,0.0033188360002895934,0.0037735924601212216,0.0020000000000000018,0.7547184920242443,16.000000004553417,0.11514090765592175,False,nan,nan,False,False
861,4.305,0.004983485000593646,0.0013243009998404887,5.541000064113177e-06,0.00046239600033004535,0.0009303830001954339,5.958200017630588e-05,0.0035983090001536766,0.004118252061647274,0.0020000000000000018,0.823650412329455,16.000000035653006,0.10847115221644213,False,nan,nan,False,False
862,4.3100000000000005,0.004988493999917409,0.0014438839998547337,5.480000254465267e-06,0.0015891359998931875,0.0010597549999147304,4.4733999857271556e-05,0.0034939950000989484,0.004472135954999692,0.0020000000000000018,0.8944271909999383,16.000002142674855,0.10656059482660851,False,nan,nan,False,False
863,4.315,0.0050039729994750815,0.001231657000062114,5.169999894860666e-06,0.0004837659998884192,0.0008852380005919258,5.0505000217526685e-05,0.003707395000674296,0.004298837260210777,0.0020000000000000018,0.8597674520421553,11.313834868479828,0.10951158179919782,False,nan,nan,False,False
864,4.32,0.005007610000575369,0.0013863969998055836,5.17999978910666e-06,0.00160852299995895,0.0010248090002278332,4.2810000195459e-05,0.003538136999850394,0.004308131987758052,0.0020000000000000018,0.8616263975516103,11.31371228869723,0.12222681214939303,False,nan,nan,False,False
865,4.325,0.004990358000213746,0.0012348829995971755,5.148999662196729e-06,0.0004862809992118855,0.0008876929996404215,4.8129999413504265e-05,0.0037030559997219825,0.004386342496679398,0.0020000000000000018,0.8772684993358796,8.00001604036802,0.10752600687315544,False,nan,nan,False,False
866,4.33,0.005005905999496463,0.001399521999701392,5.359999704523943e-06,0.0015982129998519667,0.001038344999869878,4.31909993494628e-05,0.00352972100063198,0.004472135960679163,0.0020000000000000018,0.8944271921358327,8.000023081042531,0.10539114566798576,False,nan,nan,False,False
867,4.335,0.004996169000150985,0.0023215179999169777,5.138999767950736e-06,0.0004907100001219078,0.0016970890001175576,5.7156999901053496e-05,0.002611922999676608,0.004472135971857974,0.0020000000000000018,0.8944271943715946,0.024547986529662617,0.11544966326161632,False,nan,nan,False,False
868,4.34,0.00500864100013132,0.001444085000002815,5.660000169882551e-06,0.0015154289994825376,0.0010627609999573906,4.3772000026365276e-05,0.003482203000203299,0.00420951303850162,0.0020000000000000018,0.841902607700324,13.8564098505599,0.11897154355513193,False,nan,nan,False,False
869,4.345,0.004996550000214484,0.0012122499992983649,5.2699997468153015e-06,0.0002837709998857463,0.0008761409999351599,4.79989994346397e-05,0.0037202390003585606,0.004137632175223066,0.0020000000000000018,0.8275264350446132,13.856406471756497,0.10587291694524761,False,nan,nan,False,False
870,4.3500000000000005,0.005001697999432508,0.0013773299997410504,5.339999916031957e-06,0.001341452999440662,0.0009073400005945587,4.442400040716166e-05,0.003549388999999792,0.004147288270696989,0.0020000000000000018,0.8294576541393978,11.313709449162387,0.11028988673847333,False,nan,nan,False,False
871,4.355,0.004997701999855053,0.0012138130005041603,5.500000042957254e-06,0.00015095300022949232,0.0008771330003582989,4.8860999413591344e-05,0.003715890999956173,0.004308131933287263,0.0020000000000000018,0.8616263866574526,11.313763859485496,0.11086165084004282,False,nan,nan,False,False
872,4.36,0.0049934930002564215,0.0014808240002821549,5.2400000640773214e-06,0.0012126910005463287,0.0011330320003253291,4.328100021666614e-05,0.003464159000031941,0.004298837090161441,0.0020000000000000018,0.8597674180322881,11.313714702328006,0.10998415110278695,False,nan,nan,False,False
873,4.365,0.005014913999730197,0.0012062890000379412,5.489999239216559e-06,0.000536515000021609,0.0008689080004842253,4.799999987881165e-05,0.003717043000506237,0.004472135982452333,0.0020000000000000018,0.8944271964904664,11.31370891787521,0.10487983996776139,False,nan,nan,False,False
874,4.37,0.004991429000256176,0.0014695830004711752,5.41099961992586e-06,0.001090533000024152,0.0011163609997311141,4.420299956109375e-05,0.0034603409994815593,0.004472136305399647,0.0020000000000000018,0.8944272610799293,0.0906342525310579,0.11503969489744793,False,nan,nan,False,False
875,4.375,0.0049985730001935735,0.0011945979995289235,5.20999947184464e-06,0.0005582659996434813,0.0008497219996570493,4.475399964576354e-05,0.0037366790002124617,0.0042988371609753405,0.0020000000000000018,0.8597674321950679,11.313754043780369,0.11781226072239383,False,nan,nan,False,False
876,4.38,0.004999173999749473,0.0017129990001194528,5.4210004236665554e-06,0.001124525999330217,0.001192634000290127,4.391200036479859e-05,0.0032548870003665797,0.0043081319399341615,0.0020000000000000018,0.8616263879868323,11.313708813827965,0.1177245465755763,False,nan,nan,False,False
877,4.385,0.005032656999901519,0.0011781869998230832,5.419999979494605e-06,0.00011408300088078249,0.0008394830001634546,4.3451000237837434e-05,0.0037219620007817866,0.0042379248983553525,0.0020000000000000018,0.8475849796710705,8.00131716925667,0.10357205178403553,False,nan,nan,False,False
878,4.39,0.0049679359999572625,0.0014669170004708576,5.4299998737405986e-06,0.0010392459998911363,0.0011169520003022626,4.263000028004171e-05,0.0034613239995451295,0.004127953918754576,0.0020000000000000018,0.8255907837509151,13.856447472433986,0.10991522749432596,False,nan,nan,False,False
879,4.3950000000000005,0.004992211000171665,0.0011606739999479032,5.40999917575391e-06,0.0005994729999656556,0.0008326600000145845,4.3371000174374785e-05,0.003782234000027529,0.004219004647782325,0.0020000000000000018,0.843800929556465,13.85652265612436,0.11593510777523384,False,nan,nan,False,False
880,4.4,0.005022917999667698,0.0017093120004574303,6.051999662304297e-06,0.0012319570005274727,0.0013015679996897234,4.3991999518766534e-05,0.0032139699997060234,0.0042190056124781624,0.0020000000000000018,0.8438011224956323,11.31450579508228,0.11542629160348242,False,nan,nan,False,False
881,4.405,0.005003633000342234,0.0016321270004482358,6.212000698724296e-06,0.0006861749998279265,0.0010691429997677915,4.6056000428507105e-05,0.003278700999544526,0.0043863432137323,0.0020000000000000018,0.87726864274646,11.313714264117394,0.10986212061082529,False,nan,nan,False,False
882,4.41,0.004975660000127391,0.001571552999848791,5.34999981027795e-06,0.0012303539997446933,0.0011930749997191015,4.286999956093496e-05,0.003367618000083894,0.004472136515551678,0.0020000000000000018,0.8944273031103355,8.000013422587546,0.11420276368582175,False,nan,nan,False,False
883,4.415,0.005012888999772258,0.001382780999847455,5.840999619977083e-06,0.00012888099990959745,0.0009762990002855076,4.328100021666614e-05,0.0035405910002737073,0.004472136309084082,0.0020000000000000018,0.8944272618168163,0.018380861310286788,0.1117674158097571,False,nan,nan,False,False
884,4.42,0.005021105000196258,0.0016080129998954362,5.37999949301593e-06,0.001253507999535941,0.0012419270005921135,4.314099987823283e-05,0.003407432000130939,0.004472136091353071,0.0020000000000000018,0.894427218270614,0.02701069738736327,0.11505979822433737,False,nan,nan,False,False
885,4.425,0.005089403999591013,0.0013498779999281396,6.190999556565657e-06,0.00013077499988867203,0.0009285700007239939,4.7108000217122026e-05,0.0034614840005815495,0.004472135976544848,0.0020000000000000018,0.8944271953089695,0.06173323565198518,0.10601317928357092,False,nan,nan,False,False
886,4.43,0.004877306000707904,0.0015176819997577695,5.380000402510632e-06,0.001140495999607083,0.001150615999904403,4.333100059739081e-05,0.003558745999725943,0.004209513069325242,0.0020000000000000018,0.8419026138650484,13.856460661100149,0.11038666780542658,False,nan,nan,False,False
887,4.4350000000000005,0.0051425619994915905,0.0012933429998156498,5.050000254414044e-06,0.00012090600012015784,0.000882211999851279,4.539499968814198e-05,0.0034990340000149445,0.0041376322012646955,0.0020000000000000018,0.827526440252939,13.856406589630087,0.11500111334085451,False,nan,nan,False,False
888,4.44,0.00486311900021974,0.0015533099995082011,5.279999641061295e-06,0.0011269509996054694,0.0011640510001598159,4.363100015325472e-05,0.003488274000119418,0.004298837068641484,0.0020000000000000018,0.8597674137282968,11.313709276343502,0.11154653536332221,False,nan,nan,False,False
889,4.445,0.005140348999702837,0.0013174270006857114,5.189999683352653e-06,0.00015391800025099656,0.0009028810000017984,4.468399947654689e-05,0.003467324999292032,0.004472135961817465,0.0020000000000000018,0.894427192363493,11.313709709626545,0.10507333708225998,False,nan,nan,False,False
890,4.45,0.00485187800040876,0.0015270499998223386,5.060000148660038e-06,0.0011188960006620619,0.001153399999566318,5.394100026023807e-05,0.0034089259997927,0.004472135955000418,0.0020000000000000018,0.8944271910000834,0.009768498119959864,0.11161432106883998,False,nan,nan,False,False
891,4.455,0.005006687999411952,0.0015652920001230086,7.293000635399949e-06,0.002335745999516803,0.0011569880007300526,4.483399970922619e-05,0.0033624090001467266,0.004472135973101798,0.0020000000000000018,0.8944271946203595,0.01620450617347955,0.12082549988551478,False,nan,nan,False,False
892,4.46,0.0049907290003829985,0.0014040699998076889,5.279999641061295e-06,0.0011320610001348541,0.0010128570002052584,4.2639999264793005e-05,0.003648423000413459,0.00420951303773686,0.0020000000000000018,0.841902607547372,13.85641100033231,0.12442995579056036,False,nan,nan,False,False
893,4.465,0.005150918000254023,0.00130846100000781,5.500000042957254e-06,0.00015355699997599004,0.0008881440007826313,4.4252999941818416e-05,0.0034775739995893673,0.003959797976814465,0.0020000000000000018,0.7919595953628931,13.856406465349005,0.10604180212274687,False,nan,nan,False,False
894,4.47,0.004853259999435977,0.0015471990000150981,5.128999873704743e-06,0.0011192869997103116,0.0011660540003504138,4.455399994185427e-05,0.0035012680000363616,0.004209513038292217,0.0020000000000000018,0.8419026076584435,13.85640646496229,0.11099538310012377,False,nan,nan,False,False
895,4.4750000000000005,0.005149476000042341,0.0013002360001337365,5.491000592883211e-06,0.00015650299974367954,0.0008911899994927808,4.468399947654689e-05,0.0034927420001622522,0.004472136434119528,0.0020000000000000018,0.8944272868239055,13.85662158011013,0.11559791332856839,False,nan,nan,False,False
896,4.48,0.004859362000388501,0.0015018639996924321,5.179000254429411e-06,0.0010853029998543207,0.001138712999818381,4.457400063984096e-05,0.003441055000621418,0.004209513766344364,0.0020000000000000018,0.8419027532688728,13.857601585431711,0.11719423638436081,False,nan,nan,False,False
897,4.485,0.005190412999581895,0.0014442649999182322,9.748999218572862e-06,5.088499983685324e-05,0.0009742749998622457,4.9802999456005637e-05,0.0032969950007100124,0.003959798640625813,0.0020000000000000018,0.7919597281251627,13.856408397029373,0.10703449636252749,False,nan,nan,False,False
898,4.49,0.004811081000298145,0.0016561630000069272,5.849999979545828e-06,0.0011512860000948422,0.0012492400001065107,4.7759000153746456e-05,0.003400057999897399,0.00420951308997646,0.0020000000000000018,0.841902617995292,13.85655840687252,0.1138668179339934,False,nan,nan,False,False
899,4.495,0.005163832999642182,0.0016096850004032603,8.076000085566193e-06,0.00018769200050883228,0.0011499740003273473,5.012400015402818e-05,0.003211565999663435,0.004308152089851517,0.0020000000000000018,0.8616304179703034,13.867527261097129,0.1041523801662644,False,nan,nan,False,False
900,4.5,0.004927400000269699,0.001845196000431315,8.01499936642358e-06,0.0013227680001364206,0.0011955400004808325,5.9922000218648463e-05,0.0030562949996237876,0.004386354620376427,0.0020000000000000018,0.8772709240752853,8.000823685045408,0.10152642584956596,False,nan,nan,False,False
901,4.505,0.005007640000258107,0.0015855290002946276,8.136000360536855e-06,0.00022957000055612298,0.001145534999523079,5.882099958398612e-05,0.003326901999571419,0.004472140237588244,0.0020000000000000018,0.8944280475176487,8.001720428167426,0.10790080838695186,False,nan,nan,False,False
902,4.51,0.0050205830002596485,0.0017966059995160322,8.195000191335566e-06,0.0013636949997817283,0.0013410620003924123,5.258800047158729e-05,0.0030967900001996895,0.0044721399545564495,0.0020000000000000018,0.8944279909112898,0.4868056261213394,0.11049715417374496,False,nan,nan,False,False
903,4.515,0.005002510999474907,0.0014686009999422822,8.557000001019333e-06,0.00025831399943854194,0.001039857999785454,5.066500034445198e-05,0.003396021000298788,0.00420951308753844,0.0020000000000000018,0.8419026175076879,13.858041730452824,0.11030452346537574,False,nan,nan,False,False
904,4.5200000000000005,0.004971452000063437,0.0018897899999501533,8.075000550888944e-06,0.0013444179994621663,0.0014362099991558352,6.326899983832845e-05,0.003008716000294953,0.0041376322196774624,0.0020000000000000018,0.8275264439354925,13.85640654466832,0.11398970309925567,False,nan,nan,False,False
905,4.525,0.005005316000278981,0.0017541649995109765,8.20600052975351e-06,0.0001856480002970784,0.001135145999796805,5.6645999393367674e-05,0.0031374469999718713,0.004298837260738265,0.0020000000000000018,0.859767452147653,11.3139802085226,0.10565144250062178,False,nan,nan,False,False
906,4.53,0.004998743000214745,0.001876444999652449,8.275000254798215e-06,0.001325191999967501,0.0014451170000029379,5.2798999604419805e-05,0.003017592000105651,0.004044749711154418,0.0020000000000000018,0.8089499422308835,13.856449584110248,0.10765116585534262,False,nan,nan,False,False
907,4.535,0.0050010069999189,0.0015361879995907657,8.515999979863409e-06,0.00023610199968970846,0.0010907739997492172,5.0675000238697976e-05,0.0033872750000227825,0.003989987493832382,0.0020000000000000018,0.7979974987664763,13.85640650267094,0.11319688106440921,False,nan,nan,False,False
908,4.54,0.0050298119995204615,0.0017796230004023528,8.314999831782188e-06,0.0013828310002281796,0.0013514709999071783,5.3278999985195696e-05,0.003116767999927106,0.004137632175839871,0.0020000000000000018,0.8275264351679742,11.313733820263138,0.11235531374676548,False,nan,nan,False,False
909,4.545,0.005003692000173032,0.0016597889998593018,8.246000106737483e-06,0.00022782699943491025,0.0010549759999776143,5.5393000366166234e-05,0.003199853999831248,0.003893584466828251,0.0020000000000000018,0.7787168933656501,13.856407467997771,0.10416625555850541,False,nan,nan,False,False
910,4.55,0.004967384999872593,0.0018438639999658335,8.20500008558156e-06,0.0013455600001179846,0.0012100669991923496,6.0042999393772334e-05,0.003047768999749678,0.003934587427792908,0.0020000000000000018,0.7869174855585815,11.371513049331922,0.10445646212192217,False,nan,nan,False,False
911,4.555,0.004998452999643632,0.0017740930006766575,8.275999789475463e-06,0.000239007999880414,0.001173697999547585,6.048300019756425e-05,0.0031192219994409243,0.0040758348235477885,0.0020000000000000018,0.8151669647095576,11.313711571813334,0.11122485568182446,False,nan,nan,False,False
912,4.5600000000000005,0.00500155800000357,0.0018452970007274416,8.085000445134938e-06,0.0013526030006687506,0.0014163830001052702,5.382100061979145e-05,0.0030472379994535004,0.0038367927016737394,0.0020000000000000018,0.7673585403347478,13.856407273446923,0.10610843240242421,False,nan,nan,False,False
913,4.565,0.0049995650006167125,0.001724900999761303,8.075000550888944e-06,0.00022131499918032205,0.0010905920007644454,5.631600015476579e-05,0.003211545999874943,0.004063534067555845,0.0020000000000000018,0.8127068135111689,13.073450362193556,0.09927303889409357,False,nan,nan,False,False
914,4.57,0.005042895999395114,0.0017621710003368207,8.354999408766162e-06,0.0013785119999738527,0.0011502040006234893,6.0493000091810245e-05,0.003132668000034755,0.004217732804597436,0.0020000000000000018,0.8435465609194871,11.313709159001357,0.10448780831090874,False,nan,nan,False,False
915,4.575,0.0050030710008286405,0.0014619189996665227,8.144999810610898e-06,0.0002827700000125333,0.0010350490001655999,5.0934999308083206e-05,0.003379019000021799,0.00396891792404983,0.0020000000000000018,0.7937835848099661,13.856414447772284,0.10046655562164125,False,nan,nan,False,False
916,4.58,0.004947987999912584,0.001868850999926508,8.216000423999503e-06,0.0013466820000758162,0.0014363509999384405,5.29690005350858e-05,0.0030307569995784434,0.004217732812188558,0.0020000000000000018,0.8435465624377115,13.856410613968933,0.10936079634926778,False,nan,nan,False,False
917,4.585,0.0050062279997291625,0.0015752609997434774,8.076000085566193e-06,0.0002378960007263231,0.0011348459993314464,5.040500036557205e-05,0.003311141999802203,0.0043716014101918745,0.0020000000000000018,0.8743202820383749,10.535149976029658,0.1011967922471079,False,nan,nan,False,False
918,4.59,0.0049932929996430175,0.0018683190000956529,8.154999704856891e-06,0.0012969190001967945,0.0014416000003620866,5.2539000535034575e-05,0.0030412770001930767,0.004369943902080104,0.0020000000000000018,0.8739887804160206,11.313770532568217,0.10170268555826074,False,nan,nan,False,False
919,4.595,0.005015946000639815,0.0015083649996086024,8.245999197242782e-06,0.00023746500028209994,0.001081184999748075,5.11759999426431e-05,0.0034305959998164326,0.004472135981735068,0.0020000000000000018,0.8944271963470135,8.13021092477092,0.11292959830596291,False,nan,nan,False,False
920,4.6000000000000005,0.005044918999374204,0.0017979880003622384,8.285999683721457e-06,0.0013981389993205084,0.0013661090006280574,5.377999968914082e-05,0.0030974020000940072,0.0044721359584327484,0.0020000000000000018,0.8944271916865496,0.012550961842356783,0.11253330964106445,False,nan,nan,False,False
921,4.605,0.00500250999994023,0.0016375780005546403,8.224999874073546e-06,0.0002964149998661014,0.0011628680003923364,5.6365999625995755e-05,0.003193270999872766,0.004386342515168445,0.0020000000000000018,0.877268503033689,8.000040627706015,0.10320243925829498,False,nan,nan,False,False
922,4.61,0.004938691000461404,0.0018939980000141077,7.974999789439607e-06,0.0013301010003488045,0.0014077969999561901,5.232800049270736e-05,0.002977287000248907,0.004472135991174453,0.0020000000000000018,0.8944271982348904,8.000005944455182,0.11609711377769948,False,nan,nan,False,False
923,4.615,0.004979768000339391,0.001573136999468261,8.244999662565533e-06,0.0005709689994546352,0.0011572080002224538,5.3109999498701654e-05,0.0032861250001587905,0.004472135967290362,0.0020000000000000018,0.8944271934580722,0.009490457059929121,0.11964104060123881,False,nan,nan,False,False
924,4.62,0.0049350239996783785,0.0014801629995417898,5.330000021785963e-06,0.0015879649999988033,0.0010805140000229585,4.848099979426479e-05,0.0034366570007478003,0.004472135959059948,0.0020000000000000018,0.8944271918119896,0.005639593315786683,0.11715545342535046,False,nan,nan,False,False
925,4.625,0.004981400999895413,0.00123166699995636,5.419999979494605e-06,0.00036365099913382437,0.0008887249996405444,5.009300002711825e-05,0.0036961730002076365,0.0042095130429940335,0.0020000000000000018,0.8419026085988067,13.856406620351109,0.11017124635155845,False,nan,nan,False,False
926,4.63,0.004986990999896079,0.0013954639998701168,4.978999641025439e-06,0.0014475110001512803,0.0010219039995718049,4.4704000174533576e-05,0.003548827000486199,0.004174269268370347,0.0020000000000000018,0.8348538536740694,12.103441297802062,0.11773530747800587,False,nan,nan,False,False
927,4.635,0.005004483999982767,0.0012541590003820602,4.69899987365352e-06,0.0002403800008323742,0.0009028710001075524,4.379199981485726e-05,0.0036850729993602727,0.0043383776974297815,0.0020000000000000018,0.8676755394859562,11.313818574297104,0.11691635747253823,False,nan,nan,False,False
928,4.64,0.005002951000278699,0.001349797999864677,5.0690005082287826e-06,0.0013145920001988998,0.0009967969999706838,5.494299966812832e-05,0.003594783999687934,0.004082220486261673,0.0020000000000000018,0.8164440972523345,13.856422112716595,0.11171759150134021,False,nan,nan,False,False
929,4.6450000000000005,0.005002980999961437,0.001177485999505734,4.628000169759616e-06,0.00013130600018484984,0.0008410660002482473,4.2609000047377776e-05,0.0037529190003624535,0.004023372693361376,0.0020000000000000018,0.8046745386722752,13.85640718489954,0.10412612331338814,False,nan,nan,False,False
930,4.65,0.004988573999980872,0.0014567789994544,4.919999810226727e-06,0.0011835870000140858,0.0010959530000036466,4.38919996668119e-05,0.003485890000774816,0.003942654955409417,0.0020000000000000018,0.7885309910818833,13.856746843012886,0.11455668636196459,False,nan,nan,False,False
931,4.655,0.00500288199964416,0.001215146000504319,4.378000085125677e-06,0.0005452820005302783,0.0008772430001044995,4.388200068206061e-05,0.0037235339996186667,0.0041882600548129745,0.0020000000000000018,0.8376520109625949,13.85642442252196,0.10650407819981643,False,nan,nan,False,False
932,4.66,0.005000445999939984,0.0013310029999047401,4.438000360096339e-06,0.0016124800004035933,0.0009789240002646693,5.382100061979145e-05,0.0036170350003885687,0.004308131864873232,0.0020000000000000018,0.8616263729746464,9.0826869895547,0.10043591814488687,False,nan,nan,False,False
933,4.665,0.005016437000449514,0.0012280099999770755,4.769000042870175e-06,0.0004665240003305371,0.0008817509997243178,4.4102000174461864e-05,0.003699087999848416,0.004237924092554969,0.0020000000000000018,0.8475848185109937,8.000141636142365,0.1032458878186402,False,nan,nan,False,False
934,4.67,0.004985077000128513,0.001328548999481427,4.538000212050974e-06,0.001496021999628283,0.0009562909999658586,5.804900047223782e-05,0.003618688000642578,0.004308131845707976,0.0020000000000000018,0.8616263691415951,8.000061698787682,0.11356913249963609,False,nan,nan,False,False
935,4.675,0.0050107959996239515,0.0012043060005453299,4.9390000640414655e-06,0.00028596499942068476,0.0008690880003996426,4.4222999349585734e-05,0.0037211299995760783,0.004386342478152136,0.0020000000000000018,0.8772684956304271,8.000033362630855,0.10912418801437933,False,nan,nan,False,False
936,4.68,0.004983515000276384,0.0013528339995900751,4.658000761992298e-06,0.0013596769995274371,0.000891589999810094,5.910100026085274e-05,0.003590375000385393,0.0043081318590711525,0.0020000000000000018,0.8616263718142304,8.00000576084383,0.1029920927978291,False,nan,nan,False,False
937,4.6850000000000005,0.004999884999961068,0.0011850499995489372,4.818999514100142e-06,0.00019206999968446326,0.0008517559999745572,4.185800025879871e-05,0.0037562160005109035,0.00438634244515285,0.0020000000000000018,0.87726848903057,8.000001550129735,0.11568290838490924,False,nan,nan,False,False
938,4.69,0.005000967999876593,0.001325952999650326,4.7890007408568636e-06,0.0012335909996181726,0.0009816090005188016,5.705700004909886e-05,0.003614901000219106,0.004308131848158031,0.0020000000000000018,0.8616263696316063,8.00000048329733,0.1172805949747465,False,nan,nan,False,False
939,4.695,0.004997660999833897,0.001160513999820978,4.66799974674359e-06,0.0005516829996849992,0.0008269090003523161,4.257000000507105e-05,0.0037820240004293737,0.004386342439894544,0.0020000000000000018,0.8772684879789088,8.000001983661388,0.10645219234361461,False,nan,nan,False,False
940,4.7,0.004999384000257123,0.0013412719999905676,4.859000000578817e-06,0.0011040879999200115,0.0009968280000975938,5.479300034494372e-05,0.0036057249999430496,0.004127953488793353,0.0020000000000000018,0.8255906977586706,13.856406826077196,0.11904427318664665,False,nan,nan,False,False
941,4.705,0.005008791999898676,0.0012102270002287696,5.030000465922058e-06,0.000498965000588214,0.0008693279996805359,4.4252999941818416e-05,0.0037246570000206702,0.004386342443253911,0.0020000000000000018,0.8772684886507821,13.856409978191763,0.11865746192348146,False,nan,nan,False,False
942,4.71,0.004992973000298662,0.0011100689998784219,6.182000106491614e-06,0.001563468999847828,0.00082518599992909,3.985500006820075e-05,0.0038263870001173927,0.004308131847332361,0.0020000000000000018,0.8616263694664723,8.00000028526294,0.11135408968433513,False,nan,nan,False,False
943,4.715,0.004993783999452717,0.001174630000605248,4.89899957756279e-06,0.0003717969993886072,0.0008544199999960256,4.123800044908421e-05,0.0037723159994129674,0.004054626992529182,0.0020000000000000018,0.8109253985058362,13.856407061382935,0.1030461688907516,False,nan,nan,False,False
944,4.72,0.005002700000659388,0.0013124689994583605,4.729000465886202e-06,0.0014235959997677128,0.0009641259994168649,4.671700025937753e-05,0.0036445269997784635,0.004225994258332668,0.0020000000000000018,0.8451988516665335,11.40772389890237,0.11447759627264983,False,nan,nan,False,False
945,4.7250000000000005,0.0050168779998784885,0.001171653999335831,4.83900021208683e-06,0.0002517319999242318,0.0008499619998474373,4.088700006832369e-05,0.003751578000446898,0.0041657705295492405,0.0020000000000000018,0.833154105909848,8.000125348582495,0.10925638912951216,False,nan,nan,False,False
946,4.73,0.004978394999852753,0.001305695999690215,4.558000000542961e-06,0.0013037520002399106,0.0009785230004126788,4.103699939150829e-05,0.0036627600002248073,0.004225998247136808,0.0020000000000000018,0.8451996494273616,8.004801969186207,0.10453445020620501,False,nan,nan,False,False
947,4.735,0.005026265000196872,0.0011747399994419538,5.179000254429411e-06,0.0001401919998897938,0.0008402240000577876,4.033599998365389e-05,0.003748310999981186,0.00397915135511691,0.0020000000000000018,0.7958302710233821,13.859601225889419,0.10374645965126336,False,nan,nan,False,False
948,4.74,0.004983263999747578,0.0013493779997588717,4.8790006985655054e-06,0.0011828260003312607,0.0009929199995895033,6.97109999237e-05,0.00359236799977225,0.0041143964612731085,0.0020000000000000018,0.8228792922546216,13.856595110433624,0.10975230876973768,False,nan,nan,False,False
949,4.745,0.0050003959995592595,0.0011936159999095253,4.83900021208683e-06,0.0005636959995172219,0.0008432399999946938,4.1506999878038187e-05,0.003747470000234898,0.004072208076265668,0.0020000000000000018,0.8144416152531336,8.000585199664757,0.10949973118593276,False,nan,nan,False,False
950,4.75,0.0050038930003211135,0.0013011569999434869,4.549000550468918e-06,0.0016197639997699298,0.0009616910001568613,4.1477999729977455e-05,0.003645128000243858,0.004045610179358004,0.0020000000000000018,0.8091220358716008,6.3090872870657195,0.10724801479280402,False,nan,nan,False,False
951,4.755,0.0050064580000253045,0.0011854399999720044,5.77100036025513e-06,0.00045233800028654514,0.0008546209992346121,3.984499926446006e-05,0.003739183999641682,0.0038268363354745922,0.0020000000000000018,0.7653672670949184,13.858644747139753,0.10112871324930932,False,nan,nan,False,False
952,4.76,0.004979647999789449,0.0012299230002099648,4.559000444714911e-06,0.0014861939998809248,0.0009663399996497901,3.183999979228247e-05,0.0037099390001458232,0.004045611085620185,0.0020000000000000018,0.8091222171240369,13.856646167074704,0.10694450562881269,False,nan,nan,False,False
953,4.765,0.004997310000362631,0.001188866999655147,4.679000085161533e-06,0.0002989799995702924,0.0008656619993416825,4.080600047018379e-05,0.0037853499998163898,0.00402052890896581,0.0020000000000000018,0.804105781793162,8.001739570009807,0.10891898133340637,False,nan,nan,False,False
954,4.7700000000000005,0.005070016999525251,0.0015421980006067315,7.183999514381867e-06,0.0013832510003339848,0.001129074999880686,4.91619994136272e-05,0.003357048999532708,0.0038108201370521755,0.0020000000000000018,0.7621640274104351,13.857329473705207,0.1110647578543089,False,nan,nan,False,False
955,4.775,0.00497941699995863,0.0012359350002952851,6.553000275744125e-06,0.00021531299989874242,0.0008873819997461396,4.6796999413345475e-05,0.0036764670003321953,0.003916005907841497,0.0020000000000000018,0.7832011815682994,11.340404158153193,0.1028061085117467,False,nan,nan,False,False
956,4.78,0.0049871520004671765,0.0015168609997999738,5.720000444853213e-06,0.0012834340004701517,0.001142230000368727,4.603600064001512e-05,0.0034067010001308518,0.004036042283985145,0.0020000000000000018,0.8072084567970291,11.313913163188948,0.105402528208949,False,nan,nan,False,False
957,4.785,0.005016715999772714,0.0011902900005225092,5.761000466009136e-06,0.0001426170001650462,0.0008484189993396285,4.2800000301213004e-05,0.003713606000019354,0.0038177347126652694,0.0020000000000000018,0.7635469425330539,13.856420744041476,0.10082566218953902,False,nan,nan,False,False
958,4.79,0.004978836000191222,0.0014076469997235108,6.092000148782972e-06,0.0012220280004839879,0.0010450270001456374,4.881099994236138e-05,0.0035175590001017554,0.0040360422752042996,0.0020000000000000018,0.8072084550408599,13.856412606378564,0.11051888034560417,False,nan,nan,False,False
959,4.795,0.004996228999516461,0.0011792690002039308,5.750999662268441e-06,0.0006549770005221944,0.000850542999614845,4.1507999412715435e-05,0.00374975400063704,0.004080351605724428,0.0020000000000000018,0.8160703211448855,8.037651289442696,0.10018351540300106,False,nan,nan,False,False
960,4.8,0.005004182999982731,0.0014408990000447375,6.080999810365029e-06,0.001230193999617768,0.0010460389994477737,7.779599945934024e-05,0.00348674100041535,0.00385317536917314,0.0020000000000000018,0.770635073834628,13.85642509436254,0.09871907757724546,False,nan,nan,False,False
961,4.805,0.004983315000572475,0.0009153539995168103,4.368000190879684e-06,0.0006293489996096469,0.0006600269998671138,3.1449000744032674e-05,0.004018597000140289,0.004080351615069017,0.0020000000000000018,0.8160703230138033,13.856407406629936,0.1073280907554737,False,nan,nan,False,False
962,4.8100000000000005,0.005007980000300449,0.0014200699997672928,6.1709997680736706e-06,0.0012092449996998766,0.0010535230003370089,5.35809995199088e-05,0.0035161059995516553,0.003950564689964578,0.0020000000000000018,0.7901129379929156,11.313841426402787,0.10410145124910282,False,nan,nan,False,False
963,4.815,0.005012288999751036,0.001216017999468022,5.751000571763143e-06,0.0006517809997603763,0.0008785749996604864,4.4082999920647126e-05,0.003708737000124529,0.003924876402626923,0.0020000000000000018,0.7849752805253845,13.856904882870195,0.10725983260809908,False,nan,nan,False,False
964,4.82,0.0049996349998764344,0.001488658000198484,5.900999894947745e-06,0.0012558720000015455,0.0009802660006243968,4.5695999688177835e-05,0.003435345000070811,0.004005289575205118,0.0020000000000000018,0.8010579150410235,11.314519433128115,0.10300886436760086,False,nan,nan,False,False
965,4.825,0.005013691000385734,0.001205367999318696,1.0648999705153983e-05,0.0006697850003547501,0.0008683269998073229,4.258899934939109e-05,0.003706152000631846,0.003805264306426983,0.0020000000000000018,0.7610528612853965,13.857027330064046,0.10485404721444735,False,nan,nan,False,False
966,4.83,0.004986990999896079,0.0014796619998378446,5.921000592934433e-06,0.001219775000208756,0.0011023659999409574,4.327100032242015e-05,0.003445153000029677,0.004005289591392731,0.0020000000000000018,0.8010579182785461,13.857043438370551,0.10934481836283667,False,nan,nan,False,False
967,4.835,0.004999003999728302,0.0012079429998266278,5.992000296828337e-06,0.0006512599993584445,0.000859380000292731,5.4121000175655354e-05,0.0037202280000201426,0.003805263906113804,0.0020000000000000018,0.7610527812227607,13.856599272295416,0.10635049984962258,False,nan,nan,False,False
968,4.84,0.005011897999793291,0.001455956999961927,6.493000000773463e-06,0.0012302539998927386,0.0010854930005734786,4.4533999243867584e-05,0.0034840859998439555,0.004004712857665073,0.0020000000000000018,0.8009425715330145,13.856425750517529,0.10452332540834822,False,nan,nan,False,False
969,4.845,0.0050327870003457065,0.001239070999872638,9.176999810733832e-06,0.00015377799991256325,0.0008826930006762268,4.397200063976925e-05,0.003647141999863379,0.003805265002251842,0.0020000000000000018,0.7610530004503684,13.85721901873322,0.10706194230309998,False,nan,nan,False,False
970,4.8500000000000005,0.004960702000062156,0.0014249890000428422,6.281000423769001e-06,0.0012225809996380121,0.0010635620001266943,4.3572000322456006e-05,0.003494405999845185,0.0036273590352170937,0.0020000000000000018,0.7254718070434187,13.858441881111478,0.10483969203703906,False,nan,nan,False,False
971,4.855,0.004991078999410092,0.001193445999888354,6.142000529507641e-06,0.0006619400001000031,0.0008612439996795729,4.31910002589575e-05,0.0037339540003813454,0.003825626360878449,0.0020000000000000018,0.7651252721756897,13.857489500953855,0.09565564309770164,False,nan,nan,False,False
972,4.86,0.005000916999961191,0.0017045930007952848,5.922000127611682e-06,0.0012339720005911659,0.001231136000569677,4.587500006891787e-05,0.0032246099999611033,0.0036705805505850586,0.0020000000000000018,0.7341161101170116,13.860798284782827,0.10008190347168602,False,nan,nan,False,False
973,4.865,0.005008512000131304,0.0012464550000004238,5.910999789193738e-06,0.0006633319999309606,0.0008780050002314965,4.397199973027455e-05,0.0036748729999089846,0.003728938080002189,0.0020000000000000018,0.7457876160004379,11.332134768492134,0.09742127673826034,False,nan,nan,False,False
974,4.87,0.00499748099991848,0.001367501000459015,6.151999514258932e-06,0.001180000999738695,0.001000062999992224,4.272999922250165e-05,0.0035563519995776005,0.003941613080541338,0.0020000000000000018,0.7883226161082676,13.857745680983056,0.09664739468017883,False,nan,nan,False,False
975,4.875,0.004983445000107167,0.0011637590005193488,4.63800006400561e-06,0.0006273750004766043,0.0008370079995074775,4.239999998389976e-05,0.003832909999800904,0.004070341188466723,0.0020000000000000018,0.8140682376933446,11.314755450976708,0.09432010210994485,False,nan,nan,False,False
976,4.88,0.005111494000630046,0.0019411759994909517,8.79600065673003e-06,0.0013244400006442447,0.0015111610000531073,4.992300000594696e-05,0.002953963000436488,0.003929018282563506,0.0020000000000000018,0.785803656512701,13.69388925770348,0.10189574142353054,False,nan,nan,False,False
977,4.885,0.005009592999158485,0.0018308800008526305,8.706999324203935e-06,0.0002257429996461724,0.0011968819999310654,5.2598999900510535e-05,0.0030628869999418384,0.004000244828031606,0.0020000000000000018,0.800048965606321,9.623494087136907,0.10406940783785738,False,nan,nan,False,False
978,4.89,0.0050071700006810715,0.0018186159995821072,8.617000275989994e-06,0.001302388999647519,0.0012288320003790432,5.679600053554168e-05,0.003059140000004845,0.004071578061599404,0.0020000000000000018,0.8143156123198809,13.531790559602822,0.1024911346939818,False,nan,nan,False,False
979,4.8950000000000005,0.004992240999854403,0.0016945540000961046,8.525999874109402e-06,0.00021634499989886535,0.0011197080002602888,5.315999987942632e-05,0.003275074000157474,0.004266911107688715,0.0020000000000000018,0.853382221537743,11.734425491590569,0.10117506686124102,False,nan,nan,False,False
980,4.9,0.00508517500020389,0.001776047000021208,8.625999726064038e-06,0.0006793630000174744,0.0013319350000529084,5.054499979451066e-05,0.0031069990000105463,0.004383976807714538,0.0020000000000000018,0.8767953615429074,8.7018279052799,0.10839893532872737,False,nan,nan,False,False
981,4.905,0.004997930999707023,0.0016100160000860342,8.686999535711948e-06,0.0008544809998056735,0.0010273540001435322,5.320900072547374e-05,0.003189715000189608,0.0044695574362268045,0.0020000000000000018,0.8939114872453607,8.000030095192015,0.10935992630754851,False,nan,nan,False,False
982,4.91,0.004914174999612442,0.0019408060006753658,8.716000593267381e-06,0.0013154640000720974,0.001512222000201291,4.950299990014173e-05,0.0029473209997377126,0.004472135956989174,0.0020000000000000018,0.8944271913978347,0.2314648129784273,0.11443837222084348,False,nan,nan,False,False
983,4.915,0.005002631000024849,0.001768693000485655,8.785999852989335e-06,0.000765172999308561,0.001171904999864637,5.237799996393733e-05,0.003117700000075274,0.004472135960192319,0.0020000000000000018,0.8944271920384637,0.0032844813864184434,0.10908696397950014,False,nan,nan,False,False
984,4.92,0.00499985500027833,0.0014625000003434252,8.816999979899265e-06,0.0013369839998631505,0.0008749090002311277,6.145499992271652e-05,0.003422089999730815,0.004472135957953497,0.0020000000000000018,0.8944271915906994,0.0021186957583933922,0.11374847212393266,False,nan,nan,False,False
985,4.925,0.004998272999728215,0.0016893239999262732,8.786999387666583e-06,0.00022247600008995505,0.0011152189999847906,5.338000028132228e-05,0.003232495000702329,0.004386342523380774,0.0020000000000000018,0.8772685046761549,8.000048062216973,0.11310343740626648,False,nan,nan,False,False
986,4.93,0.005036053000367247,0.0018349370002397336,8.79600065673003e-06,0.0013732020006500534,0.001416183000401361,4.997399992134888e-05,0.0029986069994265563,0.004308131864723194,0.0020000000000000018,0.8616263729446388,8.000020343586861,0.11439849887729332,False,nan,nan,False,False
987,4.9350000000000005,0.004976551999789081,0.002756351999778417,9.749000128067564e-06,0.0005342710001059459,0.002141711000149371,5.38200001756195e-05,0.0020856470000580885,0.0043863424543044895,0.0020000000000000018,0.8772684908608979,8.000000242064386,0.11115968312705812,False,nan,nan,False,False
988,4.94,0.0049575259999983246,0.0017622610002945294,8.867000360623933e-06,0.001391357000102289,0.001321715999438311,4.811999951925827e-05,0.0031540469999526977,0.004308131907306219,0.0020000000000000018,0.8616263814612437,8.000013909187148,0.11030694526160101,False,nan,nan,False,False
989,4.945,0.00503058200047235,0.001802466999833996,8.60599993757205e-06,0.00027962300009676255,0.0011970719997407286,5.108599998493446e-05,0.0030750699997952324,0.004386342769634049,0.0020000000000000018,0.8772685539268098,8.000590140603837,0.11386652313475827,False,nan,nan,False,False
990,4.95,0.004984626999430475,0.0017384370003128424,8.185000297089573e-06,0.001348716000393324,0.0013315139995029313,4.873099987889873e-05,0.0031543779996354715,0.004219004638249673,0.0020000000000000018,0.8438009276499345,11.31401198306629,0.11707934295672315,False,nan,nan,False,False
991,4.955,0.005000797000320745,0.0015358170003310079,8.105000233626924e-06,0.00017961599951377138,0.0011155190004501492,4.774900025950046e-05,0.0033677689998512506,0.0043863424421586176,0.0020000000000000018,0.8772684884317234,11.31372702885861,0.10955888413685672,False,nan,nan,False,False
992,4.96,0.005010996999772033,0.001816572000279848,7.985000593180303e-06,0.0013280779994602199,0.0013882010007364443,5.0765999731083866e-05,0.0030780759998378926,0.004219004623580531,0.0020000000000000018,0.8438009247161062,11.313713222202223,0.1148303749523329,False,nan,nan,False,False
993,4.965,0.005002300000342075,0.0016754179996496532,8.256000000983477e-06,0.00022889899992151186,0.0010812649998115376,5.3980999837222043e-05,0.0032062750005934504,0.004386342441900269,0.0020000000000000018,0.8772684883800537,11.313708515486399,0.11368353906200974,False,nan,nan,False,False
994,4.97,0.004987993000213464,0.001882024999758869,8.216000423999503e-06,0.001311216000431159,0.0014330949998111464,5.102499926579185e-05,0.003057246999560448,0.004219004631006201,0.0020000000000000018,0.8438009262012399,11.313709960671487,0.11513815240800572,False,nan,nan,False,False
995,4.9750000000000005,0.005046371999924304,0.0015814719999980298,8.344999514520168e-06,0.0001914690001285635,0.0011296050006421865,4.828100009035552e-05,0.003260507999584661,0.004386342482614971,0.0020000000000000018,0.8772684965229941,11.313764345525417,0.11372390440178386,False,nan,nan,False,False
996,4.98,0.0049489899993204745,0.0018538930007707677,8.285000149044208e-06,0.0013048539994997554,0.00141135400008352,5.082500047137728e-05,0.0030441720000453643,0.004219004622158956,0.0020000000000000018,0.8438009244317911,11.313731456315864,0.11559875069615441,False,nan,nan,False,False
997,4.985,0.005005345999961719,0.0015354360002675094,8.144999810610898e-06,0.00019981400055257836,0.001093347999812977,4.835999970964622e-05,0.003352939999786031,0.004386342534915288,0.0020000000000000018,0.8772685069830577,11.313773046694717,0.11261623262240153,False,nan,nan,False,False
998,4.99,0.004995647000214376,0.0019697400002769427,8.144999810610898e-06,0.0013090920001559425,0.0014022669993210002,5.9021000197390094e-05,0.0029531009995480417,0.0042190046247095395,0.0020000000000000018,0.8438009249419077,11.313749374816014,0.11430130801077391,False,nan,nan,False,False
999,4.995,0.005037355999775173,0.0014341960004458087,8.805999641481321e-06,0.00019646799955808092,0.0010248190001220792,6.115500036685262e-05,0.003426237999519799,0.004298837079167019,0.0020000000000000018,0.8597674158334038,13.856412756267721,0.10900234713668654,False,nan,nan,False,False
