step,time_s,cycle_period_s,cycle_work_s,state_read_s,state_age_s,controller_step_s,publish_s,sleep_s,command_step_norm_rad,command_step_max_abs_rad,command_velocity_norm_rad_s,command_accel_norm_rad_s2,feedback_velocity_norm_rad_s,tcp_pose_used,tcp_pose_age_s,tcp_fk_error_norm_m,deadline_miss,period_overrun
0,0.0,nan,0.0013025170001128572,4.237999746692367e-06,0.00162260899969624,0.0009103200000026845,5.198700000619283e-05,0.0037757629997940967,0.0,0.0,0.0,0.0,6.728514563292265e-05,False,nan,nan,False,False
1,0.005,0.005131049000283383,0.0010551419995863398,4.21799995820038e-06,0.000622138999915478,0.000715553999725671,4.925299981550779e-05,0.003876032000334817,2.404593414701015e-05,1.5189909133628277e-05,0.00480918682940203,0.9618373658804059,6.486065103672445e-05,False,nan,nan,False,False
2,0.01,0.004981348999990587,0.0010639989995979704,4.0679997255210765e-06,0.001725741999962338,0.0007833519998712291,3.302200002508471e-05,0.0038935940001465497,1.3439336085644098e-05,1.1385540081296768e-05,0.0026878672171288193,0.5978578962064125,6.260482768993825e-05,False,nan,nan,False,False
3,0.015,0.0050078079998456815,0.0009848199997577467,4.006999915873166e-06,0.0006123600001046725,0.0006805489997532277,3.347300025779987e-05,0.00393876900034229,2.687708280076275e-05,1.8063637263109486e-05,0.00537541656015255,0.8674761772711466,6.11861323704943e-05,False,nan,nan,False,False
4,0.02,0.0049816989999271755,0.0010347639999963576,3.926999852410518e-06,0.0017185490000883874,0.0007572220001748065,3.467499982434674e-05,0.003945000999920012,2.3284564611171177e-05,1.7056531205197004e-05,0.004656912922234234,0.1810847435530875,7.027336581539713e-06,False,nan,nan,False,False
5,0.025,0.005029177999858803,0.0009443540002394002,4.107000222575152e-06,0.0006239419999474194,0.0006800080000175512,3.484500030026538e-05,0.003997019000053115,2.040379694250681e-05,1.820831072286266e-05,0.004080759388501362,0.5056210954716294,6.689417315417026e-10,False,nan,nan,False,False
6,0.03,0.005019540000375855,0.0011200039998584543,4.2279998524463736e-06,0.0017686930000309076,0.0007928600002742314,6.848900011391379e-05,0.003796431999944616,2.100599561870813e-05,1.8767839351493926e-05,0.004201199123741626,0.04288463721833722,6.367748011182483e-14,False,nan,nan,False,False
7,0.035,0.004963023999607685,0.0009671970001363661,3.4960003176820464e-06,0.0005928240002504026,0.000666733000343811,5.323999994288897e-05,0.003954288999921118,2.1268759144261634e-05,1.6738141124219717e-05,0.004253751828852327,0.41767371337031695,5.914012548890215e-20,False,nan,nan,False,False
8,0.04,0.0049798650002230715,0.0010519570000724343,3.967999873566441e-06,0.0016983700002128899,0.0007606589997521951,5.093599975225516e-05,0.0039218379997691954,2.0478846554739523e-05,1.722501759769434e-05,0.0040957693109479045,0.12516331017513915,2.037806439147971e-07,False,nan,nan,False,False
9,0.045,0.005020191999847157,0.0009689299999990908,3.886999820679193e-06,0.0005987439999444177,0.0006688959997518396,4.2069000301125925e-05,0.0039774120000402036,2.0494235127874118e-05,1.7228681168431202e-05,0.004098847025574823,0.001493319605090053,6.36337649240204e-09,False,nan,nan,False,False
10,0.05,0.0050015659999189666,0.0010175120000894822,3.6070000533072744e-06,0.0017256719997931214,0.00074427800018384,3.130900040559936e-05,0.003933419000077265,1.438594502760767e-05,1.279688989502114e-05,0.0028771890055215342,0.29000133510755177,3.5113537077968715e-11,False,nan,nan,False,False
11,0.055,0.0049973780000982515,0.0009655140001996187,3.756999831239227e-06,0.0005322900001374364,0.0006672740000794875,4.006500012110337e-05,0.003965149000123347,3.507627309757929e-05,2.138883021720337e-05,0.007015254619515857,1.0358326971264198,1.0964762084397783e-12,False,nan,nan,False,False
12,0.06,0.005002909000268119,0.0010774140000648913,4.428000011102995e-06,0.0009731479999572912,0.0007856059996811382,3.55170000148064e-05,0.0038761819996580016,2.7276347948528874e-05,2.0786563833176316e-05,0.005455269589705774,0.44927347268961687,6.0504287635544576e-15,False,nan,nan,False,False
13,0.065,0.005005273999813653,0.0010514350001358252,4.358999831310939e-06,0.0005255070000202977,0.0006934529997124628,6.492200009233784e-05,0.0038671449997309537,3.269158459950571e-05,2.8905710893123816e-05,0.006538316919901141,0.8556509153573273,1.8893429877509752e-16,False,nan,nan,False,False
14,0.07,0.0049729020001905155,0.0010349139997742896,3.867000032187207e-06,0.0015770929999234795,0.0007670310001230973,3.161999984513386e-05,0.003936915999929624,2.4331739151307545e-05,2.1699156163606498e-05,0.004866347830261509,0.38305924773719907,1.042552284474964e-18,False,nan,nan,False,False
15,0.075,0.00501805699968827,0.0009871150000435591,3.447000381129328e-06,0.0005183840003155638,0.0006769510000594892,3.624800001489348e-05,0.0039496600002166815,8.932563987522066e-05,7.44439493641873e-05,0.01786512797504413,2.6877528263709496,3.255536029294658e-20,False,nan,nan,False,False
16,0.08,0.004989484000361699,0.001046074999976554,4.4779999370803125e-06,0.00158633999990343,0.0007612599997628422,3.494499969747267e-05,0.003921737999917241,8.313596393880064e-05,7.011320344637124e-05,0.016627192787760127,0.2700978738588227,1.7964268699829453e-22,False,nan,nan,False,False
17,0.085,0.00501472099995226,0.000989910000043892,4.056999841850484e-06,0.0005170409999664116,0.0006880129999444762,3.3101999633800006e-05,0.003987630999745306,7.426498936088081e-05,6.37993413631967e-05,0.014852997872176161,0.393567281913199,5.609630523363234e-24,False,nan,nan,False,False
18,0.09,0.005040448999807268,0.0010328210000807303,9.136999779002508e-06,0.0016594679996160266,0.000758334000238392,4.0376000015385216e-05,0.0038863909999236057,7.07414594702284e-05,6.121055748401135e-05,0.01414829189404568,0.15801493193205293,3.095432260114523e-26,False,nan,nan,False,False
19,0.095,0.0049781630000325094,0.0009958199998436612,4.348000402387697e-06,0.000544714000170643,0.0006826419999015343,3.7429999792948365e-05,0.003921488000287354,6.51530063442552e-05,5.669393229682139e-05,0.013030601268851043,0.23093622718461046,9.665982390337044e-28,False,nan,nan,False,False
20,0.1,0.004965118000200164,0.0010188039996137377,3.7370000427472405e-06,0.0015909789999568602,0.0007359730002463039,3.1658999887440586e-05,0.003949169000406982,6.0436423809158614e-05,5.29379199169721e-05,0.012087284761831723,0.20161882353446586,5.333754647421078e-30,False,nan,nan,False,False
21,0.105,0.0050164339995717455,0.0009722660001898475,4.026999704365153e-06,0.0005299150002429087,0.0006740960002389329,3.616799995143083e-05,0.003943399000036152,4.6925915803285266e-05,4.130752552535677e-05,0.009385183160657054,0.542176398673069,1.6655500698679487e-31,False,nan,nan,False,False
22,0.11,0.004972642000211636,0.000999918000161415,4.067000190843828e-06,0.001584405999892624,0.0007061870001052739,3.215100014131167e-05,0.003979145999892353,3.958500941267009e-05,3.541722740119542e-05,0.007917001882534016,0.4926883177439544,5.2009464698803944e-33,False,nan,nan,False,False
23,0.115,0.005025430999921809,0.0009734590003063204,3.5859998206433374e-06,0.0005209390001255088,0.0006678750000901346,4.927200006932253e-05,0.003969206999954622,4.9696803933121686e-05,3.439534542192757e-05,0.009939360786624336,1.3027690022766565,2.869917800066026e-35,False,nan,nan,False,False
24,0.12,0.004996275999928912,0.0010381910001342476,4.408999757288257e-06,0.0016102849999697355,0.0007408220003526367,3.177900043738191e-05,0.003920664999895962,4.583428342233652e-05,3.490791796149169e-05,0.009166856684467305,0.2965186829410339,8.961775860887744e-37,False,nan,nan,False,False
25,0.125,0.005006286000025284,0.0009758330002114235,4.097999863006407e-06,0.0005285530000946892,0.0006703799999741022,3.392300004634308e-05,0.003973154000050272,4.0480364427026505e-05,3.284485186472977e-05,0.008096072885405302,0.3028105029044395,4.945168267617636e-39,False,nan,nan,False,False
26,0.13,0.005000584000299568,0.001283841999793367,4.517999968811637e-06,0.0016076500000963279,0.0008411899998463923,4.705800029114471e-05,0.003702065000197763,4.363069925496114e-05,3.845111164002213e-05,0.008726139850992227,0.4861323911427003,2.7287484995797163e-41,False,nan,nan,False,False
27,0.135,0.005087547999664821,0.0016575040003772301,7.934999757708283e-06,0.0005653120001625211,0.001200966999931552,5.856000007042894e-05,0.003215850999822578,4.5177040490651445e-05,3.884314779271677e-05,0.00903540809813029,0.21125326855976792,1.4993893568275543e-43,False,nan,nan,False,False
28,0.14,0.004971680000380729,0.0012565509996420587,6.391999704646878e-06,0.0015996050001376716,0.000935056999878725,3.827199998340802e-05,0.003640369000095234,4.509896918990723e-05,4.0118331153813096e-05,0.009019793837981448,0.3433813415847307,2.6624670822171524e-44,False,nan,nan,False,False
29,0.145,0.0049555900000086694,0.0015902269997241092,5.139999757375335e-06,0.0004217720002088754,0.0011273569998593302,6.823900002927985e-05,0.0034811099999387807,6.493866765246938e-05,5.50540579692565e-05,0.012987733530493876,0.9619801564374418,0.0,False,nan,nan,False,False
30,0.15,0.005250783999599662,0.0022985290001997782,1.0380000276200008e-05,0.0002967370000988012,0.001580119000209379,0.00011767099977078033,0.0024159680001503148,6.305108980397742e-05,5.3999240214224443e-05,0.012610217960795483,0.10967549082114718,0.0,False,nan,nan,False,False
31,0.155,0.004795520000243414,0.0008733599997867714,5.821000286232447e-06,0.00014686599979540915,0.0006103670002630679,5.402099986895337e-05,0.00402085400037322,6.072463431292791e-05,5.242259197894306e-05,0.012144926862585581,0.11414424528598398,0.0,False,nan,nan,False,False
32,0.16,0.004964645999734785,0.0007614710002599168,5.7009997362911236e-06,0.0014226519997464493,0.0004487730002438184,7.928900004117168e-05,0.0041935489998650155,5.725843168125249e-05,5.023799671395394e-05,0.011451686336250499,0.21682265264273504,0.0,False,nan,nan,False,False
33,0.165,0.0050635430002330395,0.0005999579998388072,5.810999937239103e-06,0.00023524199968960602,0.0003997109997726511,4.570600003717118e-05,0.004266644999916025,4.859148712164117e-05,4.209992911990613e-05,0.009718297424328235,0.36439068801052166,0.0,False,nan,nan,False,False
34,0.17,0.004928189000111161,0.0010476479997123533,5.220000275585335e-06,0.0020185919997857127,0.0007759579998491972,3.45849998666381e-05,0.00388762400007181,4.914354016267928e-05,4.2421763264034325e-05,0.009828708032535854,0.05116026112275348,0.0,False,nan,nan,False,False
35,0.17500000000000002,0.0049895540000761684,0.0009332729996458511,4.208000063954387e-06,0.0008839709998937906,0.0006485290000455279,5.468300014399574e-05,0.004023339000013948,9.18464226358618e-05,8.189358157446862e-05,0.01836928452717236,1.7787150118436383,0.0,False,nan,nan,False,False
36,0.18,0.005026662999625842,0.0011320270000396704,5.0399999054207e-06,0.002008473999921989,0.0008408799999415351,3.647800031103543e-05,0.0037963320000926615,8.510172419825612e-05,7.550411411042726e-05,0.017020344839651223,0.31426975441499483,0.0,False,nan,nan,False,False
37,0.185,0.004988893000245298,0.001079036999726668,4.558000000542961e-06,0.0008229459999711253,0.0007194919999164995,3.871299986712984e-05,0.0038569860003008216,7.934540247505767e-05,7.037471383045364e-05,0.015869080495011532,0.23145769361624124,0.0,False,nan,nan,False,False
38,0.19,0.004994983999949909,0.0011751769998227246,4.729000011138851e-06,0.0019820329998765374,0.0008893700000953686,3.588800018405891e-05,0.0037674479999623145,7.41633889282829e-05,6.566795581481614e-05,0.014832677785656579,0.2122465714349577,0.0,False,nan,nan,False,False
39,0.195,0.0050034490000143705,0.001052787999924476,4.7190001168928575e-06,0.00086816099974385,0.0007195719999799621,3.616799995143083e-05,0.003885901000103331,6.636761543568729e-05,5.676957523090301e-05,0.013273523087137458,0.5187930876095201,0.0,False,nan,nan,False,False
40,0.2,0.0050075280000783096,0.001124271999742632,5.088999841973418e-06,0.002001590999952896,0.000824639000256866,3.995599990957999e-05,0.003811250000126165,6.850397386300593e-05,6.030204154783034e-05,0.013700794772601185,0.37282973583961904,0.00018983776681125164,False,nan,nan,False,False
41,0.20500000000000002,0.004995975999918301,0.0010715630000959209,4.8790002438181546e-06,0.0008600359997217311,0.0007238700000016252,3.920300014215172e-05,0.0038628170000265527,6.46242029114372e-05,5.685051276882897e-05,0.012924840582287437,0.15948000314084762,0.00022772859665565193,False,nan,nan,False,False
42,0.21,0.004997497999738698,0.0010791080003400566,4.809000074601499e-06,0.0019882649999090063,0.0007595980000587588,3.5225999909016537e-05,0.00385578399982478,8.606847526954818e-05,7.3672084819304e-05,0.017213695053909635,0.9526511119301696,0.00020680137095041573,False,nan,nan,False,False
43,0.215,0.004994884000097954,0.0010423379999338067,4.639000053430209e-06,0.000868903000082355,0.0007059559998197074,3.556699994078372e-05,0.0039028730002428347,8.118726529591735e-05,7.002697909968332e-05,0.016237453059183466,0.21789776318415327,0.00021809230383951217,False,nan,nan,False,False
44,0.22,0.005007618000036018,0.001070401000106358,4.859000000578817e-06,0.0020001070001853805,0.0007916470003692666,3.529599962348584e-05,0.003861834999952407,7.975600041751677e-05,7.081440587343762e-05,0.015951200083503352,1.1304122509764782,0.00048311223508790135,False,nan,nan,False,False
45,0.225,0.004989514000044437,0.0010586889998194238,4.679000085161533e-06,0.0008652450001136458,0.0007138609998946777,4.1709000015544007e-05,0.0038866210002197477,7.77730006149168e-05,6.903385506593745e-05,0.015554600122983358,0.4998298460957798,0.0005894677597098053,False,nan,nan,False,False
46,0.23,0.005004642000130843,0.0011466739997558761,4.707999778474914e-06,0.0019900679999409476,0.0008134979998430936,4.333100014264346e-05,0.0038053990001571947,0.0001097882273439227,9.492335551054655e-05,0.021957645468784537,1.4589343750357973,0.001291888765990734,False,nan,nan,False,False
47,0.23500000000000001,0.005031271999996534,0.001152003999777662,6.182000106491614e-06,0.0008938690002651128,0.000788010000178474,4.806099968845956e-05,0.003793567000229814,0.00010533546103577037,9.261994548081711e-05,0.021067092207154078,0.3881412704505486,0.0009538164013065398,False,nan,nan,False,False
48,0.24,0.005039877999934106,0.0012756060000356229,7.193999863375211e-06,0.0020445410000320408,0.0009419699999853037,5.380100037655211e-05,0.0036369230001582764,0.00010480693296125113,9.222294839079503e-05,0.020961386592250223,0.028338198658029695,0.0008747382089495659,False,nan,nan,False,False
49,0.245,0.0049910570000974985,0.0011939129999518627,5.770999905507779e-06,0.0009215009999934409,0.000842804000058095,4.989399985788623e-05,0.0036990489998061094,9.966217817154796e-05,8.878964555088535e-05,0.019932435634309593,0.636516585463053,0.0017738367896527052,False,nan,nan,False,False
50,0.25,0.004969705999883445,0.0011616719998528424,6.752999979653396e-06,0.002013282000007166,0.0008101520002128382,4.88519999635173e-05,0.003755966999960947,9.339611541222693e-05,8.312962057326612e-05,0.018679223082445386,0.2543669783761724,0.0017430100124329329,False,nan,nan,False,False
51,0.255,0.0049841039999591885,0.001103853000131494,5.099000190966763e-06,0.0008915150001485017,0.0007585749999634572,3.877299968735315e-05,0.0038239639998209896,0.00010733395179539472,8.766595697573101e-05,0.021466790359078943,1.5840916146767576,0.0015709002036601305,False,nan,nan,False,False
52,0.26,0.0049921680001716595,0.0010753910000858014,4.878999789070804e-06,0.002000768000016251,0.0007592060001115897,4.640699989977293e-05,0.003859780999846407,0.00010588913731516555,8.777415084235777e-05,0.021177827463033108,0.16483749993684288,0.002068714238703251,False,nan,nan,False,False
53,0.265,0.005004962999919371,0.0016014389998417755,4.958999852533452e-06,0.0008855940000103146,0.0010947460000352294,5.3701000069850124e-05,0.0033184839999194082,0.00010303994127123548,8.800888836014601e-05,0.020607988254247096,0.39214665948471783,0.001260719494894147,False,nan,nan,False,False
54,0.27,0.00499502399998164,0.0011515529999996943,6.492000011348864e-06,0.0013915250001446111,0.0008035900000322727,4.2780000057973666e-05,0.003798255999754474,0.00011472464425483874,0.00010212441050798181,0.022944928850967744,1.321741217466343,0.0010444250656291842,False,nan,nan,False,False
55,0.275,0.005029828999795427,0.001257082000392984,6.553000275744125e-06,0.000895882999884634,0.0007659689999854891,8.404800018979586e-05,0.003696934999879886,0.00011413456704505925,0.00010159706904588734,0.02282691340901185,0.040563092042780004,0.00239652581512928,False,nan,nan,False,False
56,0.28,0.0050451690003683325,0.0016027509996092704,7.533999905717792e-06,0.0014336330000332964,0.0011948750002375164,5.131599982632906e-05,0.0032676280002306157,0.0001096806798125999,9.740553717354312e-05,0.021936135962519976,0.2997263660684843,0.0016257123788818717,False,nan,nan,False,False
57,0.28500000000000003,0.004935000999921613,0.0011665510000966606,4.938999609294115e-06,0.0008626300000287301,0.0008190290000129608,3.956399996241089e-05,0.003745486999832792,0.00010579275989627121,8.753835524067977e-05,0.02115855197925424,1.358470377123195,0.0014165755128487945,False,nan,nan,False,False
58,0.29,0.004985164999652625,0.001298380000207544,5.270000201562652e-06,0.0019731870002033247,0.000819189000139886,4.8211000375886215e-05,0.0036554869998326467,0.00010688756738453379,9.27563822411749e-05,0.021377513476906758,0.6694958464312813,0.002605933928862214,False,nan,nan,False,False
59,0.295,0.0050407100002303196,0.0014163709997774276,6.591999863303499e-06,0.0008339360001627938,0.0010106690001521201,7.496999978684471e-05,0.0035197730003346805,0.00010756724919398287,9.444139298822715e-05,0.021513449838796574,0.29986140763699654,0.0027765980921685696,False,nan,nan,False,False
60,0.3,0.005053643999872293,0.00143132900029741,9.498000054009026e-06,0.001983346000088204,0.0010357459996157559,6.542299979628297e-05,0.0034237629997733166,0.00022098468079678578,0.00019584967420942852,0.04419693615935715,4.666181330180377,0.0011747601674869657,False,nan,nan,False,False
61,0.305,0.004921727000237297,0.0012029099998471793,5.599999894911889e-06,0.0007635040001332527,0.0008736610002415546,4.310100030124886e-05,0.00370400800011339,0.00020653529926209252,0.00018312982994758172,0.041307059852418504,0.5921610774710394,0.0010680813575163484,False,nan,nan,False,False
62,0.31,0.004974114000106056,0.001126916999965033,4.769000042870175e-06,0.00185667799996736,0.0008199100002457271,3.862300036416855e-05,0.0038272209999377083,0.00019631697073629127,0.00017408735785062312,0.039263394147258254,0.42216096466891667,0.004674033261835575,False,nan,nan,False,False
63,0.315,0.005031432999658136,0.001349465000203054,6.4119999478862155e-06,0.000687130000187608,0.000950767000176711,7.086300001901691e-05,0.0035906959997191734,0.00018937740623354635,0.00016793548849518622,0.03787548124670927,0.28499175694477774,0.004950069356709719,False,nan,nan,False,False
64,0.32,0.005020021000291308,0.0012046629999531433,8.09499988463358e-06,0.0018370809998486948,0.0008849220002957736,4.8691999836592004e-05,0.003697907000059786,0.00017680770790353033,0.0001567509167293285,0.035361541580706056,0.5249029878908223,0.0038867986295372248,False,nan,nan,False,False
65,0.325,0.0049729319998732535,0.0011539779998201993,5.4600000112259295e-06,0.000646725000024162,0.000764576000165107,4.282099962438224e-05,0.0037741609999102366,0.00016951955379056218,0.00015024865807533637,0.033903910758112436,0.2954417040582594,0.0040021538734436035,False,nan,nan,False,False
66,0.33,0.005029840000133845,0.0016229489997385826,6.841999947937438e-06,0.001733477000016137,0.001125033999869629,6.0072999986005016e-05,0.0032887279999158636,0.00015338752260779916,0.00013558491077107673,0.03067750452155983,0.7037711117964552,0.005920765259572165,False,nan,nan,False,False
67,0.335,0.004991246999907162,0.0014940070000193373,6.582999958482105e-06,0.0005479189999277878,0.0010546720000093046,4.8441000217280816e-05,0.003400918999886926,0.0001365252504600772,0.00011978547734133548,0.02730505009201544,0.7454707622625667,0.0032298916933366662,False,nan,nan,False,False
68,0.34,0.0049833519997264375,0.001515878000191151,8.485999842378078e-06,0.001634330000342743,0.0011239609998483502,4.939299969919375e-05,0.003434671999912098,0.00013283131415302467,0.00011677422744599497,0.02656626283060493,0.2225900639327476,0.003310808478894144,False,nan,nan,False,False
69,0.34500000000000003,0.0050304500000493135,0.0015153170002122351,6.232000032468932e-06,0.0004986670001017046,0.0010661930000424036,6.0013000165781705e-05,0.003413662999719236,9.504644790222499e-05,7.700425544740171e-05,0.019009289580444996,2.031341757868346,0.004580827974002741,False,nan,nan,False,False
70,0.35000000000000003,0.0050522820001788205,0.0019788280001193925,8.71600013852003e-06,0.0016067279998424056,0.0015388919996439654,5.397099994297605e-05,0.002938058999916393,0.00010197477004921021,8.554375992758092e-05,0.020394954009842044,0.4881647429900338,0.002330064990587333,False,nan,nan,False,False
71,0.355,0.005029909999848314,0.0017990999999710766,8.145000265358249e-06,0.0010138650000044436,0.0013495749999492546,5.392200000642333e-05,0.0030547490000571997,0.00011375905328743223,9.788548018676478e-05,0.022751810657486445,0.7430549552567128,0.0012367479503756155,False,nan,nan,False,False
72,0.36,0.004928649000248697,0.0013888889998270315,5.500000042957254e-06,0.001497404000019742,0.0009765049999259645,5.439200003820588e-05,0.0035683239998434146,0.00011537826939754121,9.940333330920817e-05,0.023075653879508246,0.1824117864450698,0.0011238147401338673,False,nan,nan,False,False
73,0.365,0.005069262999768398,0.0015617540002494934,8.134999916364904e-06,0.0009580500000083703,0.0011123599997517886,5.134699995323899e-05,0.0033234539996556123,0.00013127345043505246,0.00011398006328731139,0.026254690087010493,0.8982716866156166,0.0009738092485115746,False,nan,nan,False,False
74,0.37,0.00499832100013009,0.0018315510001229995,8.106000223051524e-06,0.002031366000210255,0.0013994599999023194,5.3510999805439496e-05,0.0030690849998791236,0.00013663918765165266,0.00011312623430072575,0.02732783753033053,1.7091501321246663,0.0023154133292451213,False,nan,nan,False,False
75,0.375,0.005013328000131878,0.0016318859998136759,8.454999715468148e-06,0.0009452059998693585,0.00115214500010552,5.6226000197057147e-05,0.0032393460001003405,0.0001364770472333035,0.00011498924550162719,0.027295409446660698,0.3439644663328375,0.0028645915828305773,False,nan,nan,False,False
76,0.38,0.004985014999874693,0.0017695249998723739,8.43599991640076e-06,0.0020102559997212666,0.0013394759998845984,5.204799981584074e-05,0.0031206819999169966,0.00014088222339354758,0.00012184840341152264,0.028176444678709514,0.9514128058852477,0.0020684975449569666,False,nan,nan,False,False
77,0.385,0.005003751000003831,0.0015989140001693158,8.23500022306689e-06,0.0008725890002097003,0.001152544999968086,5.1696999889827566e-05,0.0032837289995768515,0.00015557141670384327,0.0001361434579965617,0.031114283340768652,0.957827548276657,0.0035576037559739,False,nan,nan,False,False
78,0.39,0.004995383999812475,0.0018498260001251765,8.286000138468808e-06,0.0019638790004137263,0.0014087270001255092,5.4042000101617305e-05,0.003050060000077792,0.0001394949102771636,0.0001207332736083385,0.02789898205543272,0.8478490147653348,0.0021017688651921687,False,nan,nan,False,False
79,0.395,0.005011776000173995,0.0015433089997713978,8.506000085617416e-06,0.0008537339999747928,0.0010963089998767828,5.224799997449736e-05,0.0033471380002083606,0.00018296392540485956,0.00016003046586318876,0.036592785080971905,1.7672849004227653,0.0017056364342269447,False,nan,nan,False,False
80,0.4,0.005004091000046174,0.0016107759997794346,8.416000127908774e-06,0.001983455999834405,0.0011666210002658772,5.2177999805280706e-05,0.003276435000316269,0.00016641291625736718,0.00014389788449371745,0.03328258325147344,0.7009603609045675,0.003679557402366834,False,nan,nan,False,False
81,0.405,0.005001195999739139,0.0017734810003275925,8.506000085617416e-06,0.0008103420000225015,0.0013225449997662508,5.1407000228209654e-05,0.00309810099997776,0.00016062919678530585,0.00013919141449465658,0.032125839357061176,0.5099993841862941,0.004076742553761695,False,nan,nan,False,False
82,0.41000000000000003,0.0049850850000439095,0.001742203000048903,8.255000011558877e-06,0.001879229999758536,0.0013277240000206803,5.141600013303105e-05,0.003144196999983251,0.0001883712655964974,0.00016011274982581788,0.037674253119299485,1.8986594738376648,0.003432462613116854,False,nan,nan,False,False
83,0.41500000000000004,0.004997158000151103,0.001687450000190438,8.486000297125429e-06,0.000723268999990978,0.0012589449997904012,5.313900010150974e-05,0.003201634999641101,0.00018056892194042663,0.0001552495684996408,0.036113784388085324,0.8414933351134305,0.0035728067532255466,False,nan,nan,False,False
84,0.42,0.0050015759998132125,0.0016939130000537261,8.366000201931456e-06,0.0017879289998745662,0.0012820090000786877,5.1526999868656276e-05,0.0032151600003089698,0.00017265632597183414,0.00014817264671283727,0.034531265194366834,1.123041674571089,0.0043688345609782485,False,nan,nan,False,False
85,0.425,0.005020602000058716,0.0015217489999486133,8.224999874073546e-06,0.0006882130001031328,0.0011695670000335667,3.848300002573524e-05,0.003303516999949352,0.00019637676006337975,0.000167612817550343,0.03927535201267594,2.2090509622550027,0.005566776205535684,False,nan,nan,False,False
86,0.43,0.004910025000299356,0.001403215999744134,6.983000275795348e-06,0.0016799559998617042,0.0009612459998606937,6.360999987009563e-05,0.00352868900017711,0.00018734811559362242,0.00016168589733415247,0.03746962311872448,1.3166314618981179,0.003926323377742094,False,nan,nan,False,False
87,0.435,0.0050356599999759055,0.0014462269996329269,7.663999895157758e-06,0.0006069800001569092,0.0011029120000785042,4.905199966742657e-05,0.0034312660000068718,0.0001847914908972114,0.00015865369055203572,0.03695829817944228,0.6733639817132371,0.0052042463385206595,False,nan,nan,False,False
88,0.44,0.004974775999926351,0.001538049999908253,6.562000180565519e-06,0.0016746659998716495,0.0011227599998164806,5.060499961473397e-05,0.0033403150000594906,0.0001876719196656281,0.00016068417663523023,0.037534383933125616,0.9891135962929821,0.006336661097525192,False,nan,nan,False,False
89,0.445,0.004939920999731839,0.0011162270002387231,4.709000222646864e-06,0.0005426990001069498,0.000692099999923812,9.795400001166854e-05,0.0037956199998916418,0.00019526792147360255,0.00016284103792677082,0.03905358429472051,2.1170772770938293,0.005359411349923615,False,nan,nan,False,False
90,0.45,0.004977020000296761,0.0011676629997054988,4.69899987365352e-06,0.0015583580002385133,0.0008686719997967884,3.6528999771689996e-05,0.0037876360001973808,0.00019141332407418936,0.0001632345165610441,0.03828266481483787,1.0561652821111773,0.006188387468132593,False,nan,nan,False,False
91,0.455,0.0050217439998050395,0.0010670950000530866,4.809000074601499e-06,0.000450566999916191,0.0007148630002120626,4.235000005792244e-05,0.003878987000007328,0.00017459082582498453,0.0001460238646980122,0.0349181651649969,0.9653111731580253,0.005436915756918625,False,nan,nan,False,False
92,0.46,0.0050260319999324565,0.0010832150001078844,7.353000000875909e-06,0.0015803179999238637,0.0007680829999117122,3.537700013112044e-05,0.0038307869999698596,0.00018212789549376242,0.00015322123440250396,0.03642557909875248,0.5860356246610943,0.004997182495803194,False,nan,nan,False,False
93,0.465,0.0049840840001706965,0.0011386289997972199,5.289999990054639e-06,0.0004778879997502372,0.0007209440000224276,4.227900035402854e-05,0.0038262480002231314,0.00017641081222976915,0.0001335766570740829,0.03528216244595383,1.3873793022423657,0.004670471023896193,False,nan,nan,False,False
94,0.47000000000000003,0.005085394000161614,0.0019517460000315623,1.0791000022436492e-05,0.0015851079997446504,0.0015069209998728184,5.4042000101617305e-05,0.0029640589996233757,0.0001883307187825779,0.00015479071574432245,0.037666143756515585,1.4489270433899395,0.005399403918431956,False,nan,nan,False,False
95,0.47500000000000003,0.005027524999604793,0.0012141410002186603,8.335000075021526e-06,0.0005227319998084567,0.000866488000156096,3.741000000445638e-05,0.0036680809998870245,0.00017322057314951792,0.00013677654955463186,0.03464411462990358,1.287127206380608,0.0057505407450456,False,nan,nan,False,False
96,0.48,0.005249361000096542,0.0015116500003387046,1.1231000371481059e-05,0.00014117599994278862,0.0010957879999295983,5.306000002747169e-05,0.003125612999610894,0.0002085435142656216,0.00017601445456786376,0.04170870285312432,1.7776275204637588,0.005566178317779415,False,nan,nan,False,False
97,0.485,0.004754463000153919,0.0015643689998796617,8.876000265445327e-06,0.0004745719998027198,0.001125553999827389,5.227800011198269e-05,0.0033153079998555768,0.00019547508223560908,0.00016096373521766157,0.039095016447121815,0.6640298318136525,0.005523877733873725,False,nan,nan,False,False
98,0.49,0.005001795999760361,0.001714331000130187,1.4005999673827318e-05,0.001620664000256511,0.0012860060001003148,5.2117999985057395e-05,0.0031081890001587453,0.00018294043329930934,0.0001372505304864653,0.03658808665986186,1.963639025251369,0.004435173426886265,False,nan,nan,False,False
99,0.495,0.004888705000212212,0.001474980999773834,5.49000014871126e-06,0.0009806319999370317,0.001024805999804812,5.295900018609245e-05,0.003519662000144308,0.00019398376703997933,0.00015625781796187622,0.03879675340799586,1.4670991524107382,0.004524304643426665,False,nan,nan,False,False
100,0.5,0.0051082959998893784,0.0017087109999920358,1.3504999969882192e-05,0.00168210000038016,0.0012348099999144324,5.3080000270711025e-05,0.0031804250002096524,0.00021674880074029352,0.00017616372058340774,0.04334976014805871,1.3163391403940798,0.005328376334231591,False,nan,nan,False,False
101,0.505,0.005003491000024951,0.0016035920002650528,8.306000381708145e-06,0.001103362999856472,0.0011639069998636842,5.1265999900351744e-05,0.003244174999963434,0.00020177314476642024,0.00016332437893974466,0.040354628953284045,2.1284060292612006,0.003771973719916641,False,nan,nan,False,False
102,0.51,0.004948867000166501,0.0015504919997511024,7.47399963074713e-06,0.001599515000179963,0.0010994049998771516,5.2037999921594746e-05,0.0033267710000473016,0.00022405433332951818,0.00018585947337123807,0.044810866665903636,1.8308226583080733,0.004139223307169114,False,nan,nan,False,False
103,0.515,0.004944648999753554,0.0013103720002618502,5.640999916067813e-06,0.0009321310003542749,0.0009376819998578867,5.9641999996529194e-05,0.00361891900001865,0.00022109778158891535,0.00018015069225922392,0.04421955631778307,1.25543917476072,0.00470757783819433,False,nan,nan,False,False
104,0.52,0.004972462000296218,0.0011276279997218808,3.626999841799261e-06,0.0019821740002043953,0.0007832520000192744,4.80809999316989e-05,0.003815518000010343,0.00024680907290883133,0.00020474169703069535,0.049361814581766264,2.4881189718635497,0.004613751102843586,False,nan,nan,False,False
105,0.525,0.005002266999781568,0.001230772999861074,5.039000370743452e-06,0.000845348999973794,0.0008881079997991037,4.4933999561180826e-05,0.0037048000003778725,0.00024197083824186946,0.00019382690884500058,0.048394167648373884,2.4702677617500965,0.005245500975548525,False,nan,nan,False,False
106,0.53,0.004993071000171767,0.0014532000000144762,4.799000180355506e-06,0.0019510659999468771,0.001087774000097852,4.415300008986378e-05,0.0034976609999830544,0.00025444776375116787,0.00021159779275490816,0.05088955275023357,2.3409265891622972,0.0053660065638797836,False,nan,nan,False,False
107,0.535,0.005017615999804548,0.0012585250001393433,5.501000032381853e-06,0.0008307309999509016,0.0009128249998866522,4.4813999920734204e-05,0.0036624599997594487,0.00025550498724683646,0.00020972641324903583,0.05110099744936729,1.5487109236058918,0.005091733212962348,False,nan,nan,False,False
108,0.54,0.004968834999999672,0.0015685070002291468,4.768000053445576e-06,0.001881004000097164,0.001192209999771876,4.637700021703495e-05,0.003468665999662335,0.0002511218799087621,0.00020735658420148158,0.05022437598175242,1.885655004677574,0.005764273010314641,False,nan,nan,False,False
109,0.545,0.005149353999968298,0.0016503800002283242,8.125000022118911e-06,0.0008748929999455868,0.001103512999634404,5.323000004864298e-05,0.003305400000044756,0.000262436717342845,0.0002133042577503112,0.052487343468568995,2.1627313463957414,0.005351444859617131,False,nan,nan,False,False
110,0.55,0.005066057000021829,0.0018268630001330166,8.26599989522947e-06,0.0020439900004021183,0.0013773579998996865,5.428200029200525e-05,0.002995998000187683,0.00026224064643753415,0.00021716780197966398,0.05244812928750683,1.3783246223064243,0.005566813204519676,False,nan,nan,False,False
111,0.555,0.004933309000080044,0.0017290579999098554,8.315999821206788e-06,0.0007793449999553559,0.001286316000005172,5.314999998518033e-05,0.003152932999910263,0.00029533327460636136,0.00022938933626399645,0.05906665492127228,3.3704401950689293,0.007213786873026455,False,nan,nan,False,False
112,0.56,0.00499201799993898,0.0018958119999297196,8.335000075021526e-06,0.0018598739998196834,0.0014532400000462076,3.798100033236551e-05,0.0029901370003244665,0.0002865556094121931,0.00023223015834857638,0.057311121882438615,2.011047916308072,0.0066777019754278456,False,nan,nan,False,False
113,0.5650000000000001,0.004996086000119249,0.0016984109997792984,8.455999704892747e-06,0.0006784150000385125,0.0012853450002694444,5.096599988974049e-05,0.0032027170000219485,0.0002912796088307517,0.00024139077712733055,0.05825592176615035,1.6750398886862432,0.008273541963111053,False,nan,nan,False,False
114,0.5700000000000001,0.0050247499998477,0.0017454389999329578,1.0830999599420466e-05,0.0017871780000859872,0.0011975900001743867,5.495300001712167e-05,0.003122506000181602,0.00030692799952027847,0.00024150201256642337,0.061385599904055684,3.127139773746026,0.008328831751685053,False,nan,nan,False,False
115,0.5750000000000001,0.0049788940000325965,0.0016528149999430752,8.40599977891543e-06,0.0007892630001151701,0.0012291289999666333,5.227800011198269e-05,0.0033455050001975906,0.00030080954839739035,0.0002418234190795436,0.060161909679478064,1.0848060385700535,0.006346523890457672,False,nan,nan,False,False
116,0.58,0.005109599000206799,0.001361518000067008,8.335000075021526e-06,0.00018617000023368746,0.0010211580001850962,4.829099998460151e-05,0.003405977999591414,0.00032127828731088725,0.0002661107368580589,0.06425565746217744,3.069252496760525,0.007528342282097447,False,nan,nan,False,False
117,0.585,0.004878334999830258,0.0016340199999831384,8.206000075006159e-06,0.000617860999682307,0.0012041919999319362,5.263900038698921e-05,0.003269852999892464,0.0003059059123547534,0.0002514904060370133,0.06118118247095068,1.692032210794292,0.007358016241120146,False,nan,nan,False,False
118,0.59,0.005027103999964311,0.0018617780001477513,1.0629999906086596e-05,0.0017323440001746349,0.0012257429998498992,6.162599993331241e-05,0.0030172980000315874,0.00037460470573932723,0.0003055621431134925,0.07492094114786543,3.3745867878114306,0.008046588802757425,False,nan,nan,False,False
119,0.595,0.004988812000192411,0.0016792549999991024,8.415999673161423e-06,0.0006020410000928678,0.001265527000214206,5.195700032345485e-05,0.0032070449997263495,0.0003414214949629794,0.00027941695472292723,0.06828429899259589,2.1075933348874236,0.008097671140320142,False,nan,nan,False,False
120,0.6,0.004996136000045226,0.0018118849998245423,8.044999958656263e-06,0.0016379580001739669,0.0014520479999191593,3.841199986709398e-05,0.0030768900001021393,0.00035344744492494796,0.00029002513491291565,0.07068948898498958,1.0683449963862834,0.00869466882496415,False,nan,nan,False,False
121,0.605,0.00499809999973877,0.0017865370000436087,8.265000360552222e-06,0.0009628789998714637,0.0010969609998028318,5.898100016565877e-05,0.003182518999892636,0.00036704291884083397,0.0002998836143868302,0.0734085837681668,1.8350603779845487,0.009836203259566677,False,nan,nan,False,False
122,0.61,0.005084933000034653,0.0018833489998542063,1.2442999832273927e-05,0.0016928310001276259,0.0014330419999168953,5.392100001699873e-05,0.0029295330000422837,0.0003661709496256737,0.000290122325422513,0.07323418992513475,3.6659640419763084,0.009517971680304698,False,nan,nan,False,False
123,0.615,0.0049240110001846915,0.001645260999794118,8.385000000998843e-06,0.0010918909997599258,0.001168885999959457,5.731800001740339e-05,0.0032368410002163728,0.00036657598429418056,0.0002967239142326239,0.07331519685883613,1.9650960954939096,0.00830258306430188,False,nan,nan,False,False
124,0.62,0.004993431000002602,0.0017505289997643558,1.3716000012209406e-05,0.0016440280001006613,0.0013307599997460784,5.196799975237809e-05,0.0031076280001798295,0.00037527562357952943,0.00030594572483560924,0.07505512471590589,1.8629924721838813,0.0089688428132895,False,nan,nan,False,False
125,0.625,0.004929079999783426,0.0015725739999652433,5.500000042957254e-06,0.001016278999941278,0.0011211569999431958,6.341000016618636e-05,0.0033891269999912765,0.0003795643214516288,0.00028759370198426894,0.07591286429032576,4.990598631481686,0.008926205883857225,False,nan,nan,False,False
126,0.63,0.0050721590000648575,0.001719940999919345,8.324999726028182e-06,0.001639150000301015,0.0013047510001342744,5.241799999566865e-05,0.00312841799996022,0.0003772977397915056,0.0002956223602092003,0.07545954795830111,1.7033363339460466,0.010033372475748054,False,nan,nan,False,False
127,0.635,0.004952735000188113,0.0015587879997838172,8.305999926960794e-06,0.0009713050003483659,0.0010342430000491731,5.3109999953449005e-05,0.003313074000288907,0.0003783483503228169,0.0003036226234866262,0.07566967006456339,2.279033731860564,0.009474207102269691,False,nan,nan,False,False
128,0.64,0.0049355619999005285,0.0014726270001119701,5.160000000614673e-06,0.0014189749999786727,0.0010703909997573646,4.616700016413233e-05,0.003483192999738094,0.00035864343101874274,0.0002784130803689829,0.07172868620374855,1.18525770753379,0.008592439345229016,False,nan,nan,False,False
129,0.645,0.005043113999818161,0.001224751000336255,6.952999683562666e-06,0.000899440000011964,0.0009271710000575695,3.636900009951205e-05,0.003718745999776729,0.00043052590484091234,0.0003505188471383709,0.08610518096818247,3.5247981276135314,0.010139261615532573,False,nan,nan,False,False
130,0.65,0.0050540649999675225,0.0017646549999881245,8.355000318260863e-06,0.0015409050001835567,0.0013494750000973,5.3311000101530226e-05,0.003138727000077779,0.0004036101356554338,0.0003213065612290428,0.08072202713108677,1.271704782076678,0.011130484131265897,False,nan,nan,False,False
131,0.655,0.005014040000332898,0.00323131100003593,8.365000212506857e-06,0.0009759539998412947,0.0026600880000842153,5.516400005944888e-05,0.0016502799999216222,0.0003550523898651251,0.000267542470052936,0.07101047797302502,2.4621577556298537,0.010783972193748196,False,nan,nan,False,False
132,0.66,0.004980886999874201,0.001919155999985378,7.78499997977633e-06,0.0019490220001898706,0.0013339160000214179,6.347899989123107e-05,0.002972314000089682,0.00042015999666055365,0.00033672755631660323,0.08403199933211072,3.1582461759076406,0.010783972193748196,False,nan,nan,False,False
133,0.665,0.005021023000153946,0.0015864809997765406,9.116999990510521e-06,0.000849646999995457,0.0011444599999776983,5.073500005892129e-05,0.003307504000076733,0.0003930306610784193,0.00030614171191181705,0.07860613221568387,1.2780672779632218,0.011018003053679438,False,nan,nan,False,False
134,0.67,0.0050127479998991475,0.0016993720000755275,8.905999948183307e-06,0.0019900789998246182,0.00127418400006718,5.1236000217613764e-05,0.0032106319999911648,0.00038503011067894156,0.0002905973929362934,0.07700602213578829,3.322184881147036,0.008715897646599963,False,nan,nan,False,False
135,0.675,0.005027283999879728,0.0019168409999110736,9.046999821293866e-06,0.0008990379997158016,0.0012572919999911392,6.217700001798221e-05,0.0029512250002881046,0.00039757319239895053,0.00030863112942094593,0.0795146384797901,2.3521447570397007,0.009342404941796788,False,nan,nan,False,False
136,0.68,0.004986248000022897,0.0017842120000750583,9.096999747271184e-06,0.0020077419999324775,0.0013745419996666897,5.1838000217685476e-05,0.0030647869998574606,0.00039847805339788287,0.00030193867899180925,0.07969561067957659,2.367764743906446,0.00995309145060929,False,nan,nan,False,False
137,0.685,0.00496634000000995,0.0013923159999649215,8.987000001070555e-06,0.0008398279996981728,0.0009701219996713917,5.377099978431943e-05,0.0034457329998076602,0.00041618043105760464,0.0003179592499025492,0.08323608621152093,4.05799748607067,0.009176580177075072,False,nan,nan,False,False
138,0.6900000000000001,0.004905845999928715,0.001442651000161277,5.299999884300632e-06,0.0018973950000145123,0.0010682769998311414,4.6998000016174046e-05,0.003490135999982158,0.0004070233321221835,0.000311005274391644,0.0814046664244367,2.0678821577942204,0.009126281370316479,False,nan,nan,False,False
139,0.6950000000000001,0.005000605000077485,0.001394580000123824,5.581000095844502e-06,0.0007523730000684736,0.001037930000165943,5.431199997474323e-05,0.0035910659998990013,0.0004467620987253635,0.00034811437724706785,0.08935241974507269,2.1665535578938737,0.008611516675579479,False,nan,nan,False,False
140,0.7000000000000001,0.005095082000025286,0.0018226739998681296,8.424999577982817e-06,0.0019526189998941845,0.0013909230001445394,5.344099963622284e-05,0.0030771010001444665,0.00040943206533204397,0.0003030438967748356,0.08188641306640879,2.4053585649453906,0.010359137175359086,False,nan,nan,False,False
141,0.705,0.005017866999878606,0.0017282070002693217,9.357000180898467e-06,0.0006928519997018157,0.001241151999693102,5.1356999847484985e-05,0.003159775999847625,0.0004889876804944421,0.00037958560055726363,0.09779753609888842,4.995346692197751,0.009871413256596084,False,nan,nan,False,False
142,0.71,0.005007277000004251,0.001970110999991448,8.955999874160625e-06,0.001930527000240545,0.0015398830000776798,6.345900010273908e-05,0.0029053480002403376,0.00046173421169129936,0.0003526157063346489,0.09234684233825988,1.5470151356742907,0.011049744561091092,False,nan,nan,False,False
143,0.715,0.004992358999970747,0.0016137719999278488,9.02700003280188e-06,0.0006170500000735046,0.001195225000174105,5.065499999545864e-05,0.0032717560002311075,0.0004278673277394825,0.00031630557438924473,0.0855734655478965,3.8608160766450488,0.009494635830519016,False,nan,nan,False,False
144,0.72,0.005002938999950857,0.0019337830003678391,8.905999948183307e-06,0.0017328160001852666,0.0015031039997666085,5.353099959393148e-05,0.0029433489999064477,0.00045915419806118565,0.00034662132154154694,0.09183083961223712,3.402819689896386,0.012554449739708432,False,nan,nan,False,False
145,0.725,0.00499407200004498,0.0018454470000506262,8.726000032766024e-06,0.000579559000016161,0.001419536999947013,5.319999991115765e-05,0.0030416240001613915,0.0004339911934898379,0.0003220747517403066,0.08679823869796759,2.1942124588096537,0.01224479883541194,False,nan,nan,False,False
146,0.73,0.005005313000310707,0.0018547249997027393,9.097000202018535e-06,0.0017445280000174535,0.0014113910001469776,5.589500005953596e-05,0.0030278480003289587,0.0005466871947621479,0.00042858932678539394,0.10933743895242959,5.288389436891614,0.010136491377978764,False,nan,nan,False,False
147,0.735,0.005001195999739139,0.0014302770000540477,9.067000064533204e-06,0.0005903589999434189,0.0010228609999103355,5.202800002734875e-05,0.003456252999967546,0.0005060185352565294,0.0003872441820837397,0.10120370705130587,2.0836934277796346,0.012066373862961896,False,nan,nan,False,False
148,0.74,0.005004692000056821,0.0020306050000726827,9.447000138607109e-06,0.0017484850000073493,0.0015875619997132162,5.708699973183684e-05,0.00284448299998985,0.0004639315889584518,0.00034606483485788344,0.09278631779169035,3.071787645020461,0.013328667750221873,False,nan,nan,False,False
149,0.745,0.004994032000013249,0.0019154080000589602,8.996999895316549e-06,0.0005656829998770263,0.001474058999974659,5.3138999646762386e-05,0.0029657420000148704,0.0004970123281027094,0.0003738637384576625,0.09940246562054189,3.3334060389455464,0.014973650808087702,False,nan,nan,False,False
150,0.75,0.005012285999782762,0.001692800000000716,2.2080999769968912e-05,0.0017090810001718637,0.001243255000190402,5.2008000238856766e-05,0.0031714990000182297,0.00048354236107400544,0.0003608699929387362,0.09670847221480108,3.335198269587715,0.01495385972195374,False,nan,nan,False,False
151,0.755,0.004983022000033088,0.0018142680000892142,9.36800006456906e-06,0.0006518750001305307,0.0013718370000788127,5.42020002285426e-05,0.003070639000270603,0.0004742702374169032,0.0003503632019796008,0.09485404748338064,2.6694262486474636,0.013676429760942709,False,nan,nan,False,False
152,0.76,0.005017656000291026,0.0017530629997963842,1.8995000118593452e-05,0.0017472029999225924,0.001310060999912821,5.624599998554913e-05,0.003117257000212703,0.0005163867475784621,0.0003852530069394064,0.10327734951569242,4.650549494326363,0.013698350617187218,False,nan,nan,False,False
153,0.765,0.004990025000097376,0.0017728199995872274,9.076999958779197e-06,0.0006025319999025669,0.0013208820000727428,5.252799974186928e-05,0.0031052640001689724,0.0004824464974022966,0.000352642400458774,0.09648929948045933,2.7668334128620806,0.012733119243101028,False,nan,nan,False,False
154,0.77,0.004995844999939436,0.0017850340000222786,1.4257000202633208e-05,0.0016513620003024698,0.0013303499999892665,5.17979997312068e-05,0.0030889319996276754,0.0005207924794025844,0.0003951132463693081,0.10415849588051687,2.715094218239128,0.012683305660578152,False,nan,nan,False,False
155,0.775,0.004986157000075764,0.0016478159996040631,8.676000106788706e-06,0.0010499029999664344,0.0012166660003458674,5.113599991091178e-05,0.0032447960002173204,0.0004826068052940912,0.0003459363809911317,0.09652136105881823,2.78118154869573,0.01447386369251783,False,nan,nan,False,False
156,0.78,0.005014229999687814,0.0017752150001797418,8.957000318332575e-06,0.001565159999699972,0.0013450269998429576,5.8910999996442115e-05,0.003099803999702999,0.0005437871385554199,0.0004119052543614613,0.10875742771108397,3.8750919937896153,0.014235329059117082,False,nan,nan,False,False
157,0.785,0.00498741000001246,0.0015631169999323902,8.766000064497348e-06,0.0009989459999815153,0.0010854389997803082,5.274900013318984e-05,0.0033288630002061836,0.000505089319112024,0.00036636099188649615,0.10101786382240481,2.44624618691404,0.013467362669472724,False,nan,nan,False,False
158,0.79,0.005009932000120898,0.0018780079999487498,9.08699985302519e-06,0.0020965180001439876,0.0014377520001289668,5.3360000038082944e-05,0.002948269000171422,0.0005663074655055531,0.00043812003657372296,0.11326149310111062,2.9870750691417607,0.014136070875151575,False,nan,nan,False,False
159,0.795,0.004905715999939275,0.001311664000240853,5.339999916031957e-06,0.0008795119997557777,0.0009040579998327303,6.280800016611465e-05,0.0035937919997195422,0.0005161579761412505,0.00037490995511436443,0.1032315952282501,2.6883380716417955,0.014936250690532912,False,nan,nan,False,False
160,0.8,0.005009762000099727,0.0016121879998536315,1.9055999928241363e-05,0.001464391000354226,0.0011923600000045553,5.0194999857922085e-05,0.0032984370000122,0.0006360190300817858,0.00048622179925184635,0.12720380601635714,5.501141352800506,0.014342982873734535,False,nan,nan,False,False
161,0.805,0.004990875999737909,0.0015358250002464047,6.731999746989459e-06,0.0008795630001259269,0.0010483989999556798,5.038400013290811e-05,0.0033540009999342146,0.0005935505947068495,0.00044321314216343903,0.11871011894136989,2.073824538300137,0.014575689271444642,False,nan,nan,False,False
162,0.81,0.0050016760001199145,0.0015651500002604735,6.34199977866956e-06,0.0014380709999386454,0.0011667619996842404,4.938299980494776e-05,0.003352778999669681,0.0005354109099494027,0.00038931506857439215,0.10708218198988052,3.290017987186383,0.0158928653215253,False,nan,nan,False,False
163,0.8150000000000001,0.005000924999876588,0.001569589000155247,6.954000127734616e-06,0.0009102700000767072,0.0010463559997333505,4.91620003231219e-05,0.0033083950002037454,0.0006200156644976818,0.00045673661870173667,0.12400313289953636,5.466970088206115,0.018106382721837167,False,nan,nan,False,False
164,0.8200000000000001,0.004987159000393149,0.001479288999689743,6.913000106578693e-06,0.0014307080000435235,0.0011078210000050603,4.853199970966671e-05,0.0034460840001884208,0.0005844603136271738,0.00042750802914054767,0.11689206272543476,2.402162835477532,0.01590696244050694,False,nan,nan,False,False
165,0.8250000000000001,0.00500750799983507,0.001422601999820472,6.4119999478862155e-06,0.00087841100003061,0.0009930050000548363,6.003200041959644e-05,0.003503381999962585,0.0005544815152110342,0.00041097738410214926,0.11089630304220684,3.8835778777155734,0.01706850450489582,False,nan,nan,False,False
166,0.8300000000000001,0.005028346000017336,0.0015305259998967813,6.250999831536319e-06,0.0014666550000583811,0.0011466539999673842,4.760999991049175e-05,0.003348149999965244,0.0005885530645676697,0.0004279226233931859,0.11771061291353392,4.326213237265715,0.0169345845357557,False,nan,nan,False,False
167,0.835,0.004938577999837435,0.0013622890000988264,4.5289998524822295e-06,0.0008286859997497231,0.0009908209999593964,6.632399981754133e-05,0.003587619999962044,0.0005732689595585609,0.0004215842241423809,0.1146537919117122,3.371067304992877,0.015748771239591255,False,nan,nan,False,False
168,0.84,0.005048424000051455,0.0015285620002032374,6.601999757549493e-06,0.0014646019999418058,0.0011206049998691014,5.28890000168758e-05,0.0033771039998100605,0.0006153552146148662,0.0004487670591199512,0.12307104292297323,4.204441682018201,0.015375414784481881,False,nan,nan,False,False
169,0.845,0.0049815689999377355,0.0013573100000030536,6.28099996902165e-06,0.0008819869999570074,0.0009764440001163166,7.689499989282922e-05,0.003528248000293388,0.0005974717740304206,0.0004395998629652003,0.11949435480608414,2.9433191346652205,0.017058391140709755,False,nan,nan,False,False
170,0.85,0.0049597380002524005,0.001522439999916969,1.310499965256895e-05,0.0016591469998274988,0.0011183919996256009,4.711800011136802e-05,0.003441244999976334,0.0005820230878738944,0.00042822307965493123,0.11640461757477889,1.1244513138080259,0.015310607809072745,False,nan,nan,False,False
171,0.855,0.0050408699999024975,0.001329937999798858,6.081999799789628e-06,0.000809671000297385,0.000934294999751728,5.394200024966267e-05,0.003560209000170289,0.000757834310774644,0.0005627239274238159,0.1515668621549288,7.777843778760921,0.015971045194041883,False,nan,nan,False,False
172,0.86,0.004963784999745258,0.001507753000169032,5.991999842080986e-06,0.001854123000157415,0.001097993000257702,4.8160999995161546e-05,0.0034481170000617567,0.0007131213544611813,0.0005227394619752102,0.14262427089223625,1.9165563140248993,0.017030018657187732,False,nan,nan,False,False
173,0.865,0.005034718000388239,0.0013107429999763553,6.2009999055590015e-06,0.0007659389998480037,0.0009454959999857238,4.7027999698912026e-05,0.003620971999680478,0.0006398217366101681,0.00046280011047225827,0.12796434732203363,3.171819752604371,0.016568381257647237,False,nan,nan,False,False
174,0.87,0.005009861999951681,0.0014546329998665897,6.11099994785036e-06,0.0018916340000032505,0.0010780349998640304,5.4100999932416016e-05,0.0034821119998014183,0.0006515658262057025,0.0004898834481461356,0.13031316524114048,2.2446575940013487,0.018570225042691936,False,nan,nan,False,False
175,0.875,0.005015411999920616,0.0013360210000428197,6.231999577721581e-06,0.0007950439999149239,0.0009601840001778328,6.115499991210527e-05,0.003533016999881511,0.0006279518568150598,0.0004138520263696679,0.12559037136301196,5.316021621052968,0.018085756377867957,False,nan,nan,False,False
176,0.88,0.0049473449998913566,0.0014836469999863766,6.011000095895724e-06,0.001859342999978253,0.0010610240001369675,6.458100006057066e-05,0.0034762109999064705,0.0006620978768376122,0.0004720629259947831,0.13241957536752244,3.065031931843635,0.016341918333104524,False,nan,nan,False,False
177,0.885,0.005039828000008129,0.0012718389998553903,6.663000021944754e-06,0.0007689640001444786,0.0009260500000891625,4.479400013224222e-05,0.003605304000302567,0.0006342782143639371,0.00044338732705306947,0.12685564287278742,2.2348779582455784,0.01617686004703094,False,nan,nan,False,False
178,0.89,0.004955519999839453,0.0014886160001879034,6.573000064236112e-06,0.0018526909998399788,0.001101849999940896,5.2008000238856766e-05,0.0034726039998531633,0.0007432068029269743,0.0005659837025886322,0.14864136058539487,5.167171192413949,0.01654081640688557,False,nan,nan,False,False
179,0.895,0.005056339000020671,0.0012943210003868444,6.301999746938236e-06,0.0007932600001367973,0.000945656000112649,4.68380003439961e-05,0.0035836229999404168,0.0007069475856501149,0.000522697266272765,0.14138951713002298,1.7713281152191325,0.016899932638087208,False,nan,nan,False,False
180,0.9,0.004953354999997828,0.0014996580002843984,6.272000064200256e-06,0.0018634909997672366,0.001077393999821652,5.0444999942556024e-05,0.00345378800011531,0.0006804293280497526,0.00047743372034650747,0.13608586560995053,4.009308704824707,0.017938012857370542,False,nan,nan,False,False
181,0.905,0.0050260530001651205,0.0012509100001807383,5.640999916067813e-06,0.0007638350002707739,0.0009103699999286619,4.4252999941818416e-05,0.0036363509998409427,0.0007160132590502042,0.00052552676280851,0.14320265181004083,3.3066260655244695,0.017468766359849383,False,nan,nan,False,False
182,0.91,0.004966008999872429,0.0014271610002651869,6.250999831536319e-06,0.0018537030000516097,0.001062146000094799,4.612700013240101e-05,0.003528718999859848,0.0006964626087031161,0.0004929259885353091,0.13929252174062323,2.521097992469243,0.01698211227992836,False,nan,nan,False,False
183,0.915,0.005033065000134229,0.0012957750000168744,6.482000117102871e-06,0.0007745859998067317,0.0009172529998977552,4.6086000111245085e-05,0.003596517000005406,0.0007400956014990686,0.0005488566658010518,0.14801912029981373,3.4896696161979945,0.016686177070248054,False,nan,nan,False,False
184,0.92,0.004970227999820054,0.0014340940001602576,6.59200031805085e-06,0.0018603950002216152,0.0010279409998474875,4.6376999762287596e-05,0.003516867000143975,0.0007103811356949412,0.0005027710390591699,0.14207622713898826,3.2788694022876896,0.019410196352803416,False,nan,nan,False,False
185,0.925,0.005033727000409272,0.0012817369997719652,6.421999842132209e-06,0.0007746850001240091,0.0009225630001310492,4.683799988924875e-05,0.0036080989998481527,0.0007936126264774098,0.0006008455855875082,0.15872252529548198,5.640270290082942,0.017357801470267716,False,nan,nan,False,False
186,0.93,0.004966068999692652,0.0014674470003228635,6.271000074775657e-06,0.0018545340003583988,0.0010001389996432408,5.3360000038082944e-05,0.003482501999769738,0.0007595299387148103,0.0005589500534059029,0.15190598774296207,2.5184648850229676,0.018286850656957628,False,nan,nan,False,False
187,0.935,0.005036101000314375,0.0013469909999912488,1.4666999959445093e-05,0.000789593999797944,0.0009434019998479926,6.20269997853029e-05,0.0035358919999453065,0.0007796398239105641,0.000579726896494207,0.15592796478211282,1.5425555702695826,0.018556226598257494,False,nan,nan,False,False
188,0.9400000000000001,0.004957272999945417,0.0014293959998212813,5.922000127611682e-06,0.001852230000167765,0.000999538000087341,4.5125000269763405e-05,0.0035303019999446406,0.0008291181575945342,0.0006113612577330696,0.16582363151890686,5.277971375896181,0.019450858592081764,False,nan,nan,False,False
189,0.9450000000000001,0.005040488999838999,0.0013250100000732346,6.783000117138727e-06,0.0007815580001988565,0.0009578399999554676,5.4692000048817135e-05,0.0035837820000779175,0.0008128847733186574,0.0005990372793161771,0.16257695466373148,2.473962796732557,0.019434237105740607,False,nan,nan,False,False
190,0.9500000000000001,0.004989855000076204,0.001584716999786906,6.6020002122968435e-06,0.0018669979999685893,0.0011823320000985404,4.7528999857604504e-05,0.003341858000112552,0.0008167680831322559,0.0006095766712109329,0.16335361662645118,4.153976953836676,0.018520637998199495,False,nan,nan,False,False
191,0.9550000000000001,0.005008748999898671,0.001295244000175444,6.14099963058834e-06,0.0007715200003985956,0.0009260900001208938,4.6486999963235576e-05,0.0036076869996577443,0.0008199118775157452,0.0006124704012124265,0.16398237550314904,4.097408801229949,0.02071617355590183,False,nan,nan,False,False
192,0.96,0.00498359299990625,0.0014930249999451917,6.152000423753634e-06,0.0018743810001069505,0.001015177999761363,4.772000011143973e-05,0.003440342999965651,0.0008374769284719033,0.0006180557779097975,0.16749538569438066,4.172500337622907,0.02099096992643423,False,nan,nan,False,False
193,0.965,0.005012537000311568,0.0012729410000247299,6.2519998209609184e-06,0.0007664599997951882,0.0009270919999835314,4.717899992101593e-05,0.003617475999817543,0.0008330214895276539,0.0006189679356444619,0.16660429790553075,3.892238920526578,0.019255243594786406,False,nan,nan,False,False
194,0.97,0.004968793999978516,0.0014169819996823207,6.262000169954263e-06,0.0018502959997022117,0.0010547209999458573,4.588599995258846e-05,0.003535522000220226,0.0008417413556780483,0.0006264068028075404,0.16834827113560966,2.6640878886277513,0.02235111821900208,False,nan,nan,False,False
195,0.975,0.005031963999954314,0.0012981179997950676,6.261999715206912e-06,0.000772240999594942,0.0009183450001728488,4.605699996318435e-05,0.0036051430001862173,0.0008545045554143557,0.0006336010377896648,0.17090091108287117,4.931292377559848,0.02284578320109963,False,nan,nan,False,False
196,0.98,0.004979954999726033,0.0014595120001104078,6.1410000853356905e-06,0.0018684599999687634,0.0010348450000492448,5.7527999615558656e-05,0.0034818509998331137,0.0008557108308286543,0.0006365748534822293,0.17114216616573089,3.0345853786204207,0.021319310132411895,False,nan,nan,False,False
197,0.985,0.00502330700010134,0.001302957999996579,6.492000011348864e-06,0.0007657989999643178,0.0009537020000607299,4.6626999846921535e-05,0.0035886020000361896,0.0008386289024972102,0.0006038172451677372,0.16772578049944203,2.2488558218443826,0.021254085327969508,False,nan,nan,False,False
198,0.99,0.004968424000253435,0.001438802999928157,6.751999990228796e-06,0.0018547549998402246,0.0010618849996717472,4.6657999973831465e-05,0.0035136910000801436,0.0009339374792435806,0.000707286905923964,0.18678749584871612,5.196330314369379,0.02197257194162053,False,nan,nan,False,False
199,0.995,0.005035349999616301,0.0013079069999548665,6.422999831556808e-06,0.0007752669998808415,0.0009490530001130537,4.779899973073043e-05,0.003595605000100477,0.0008908320569755772,0.000658523885061847,0.1781664113951154,2.2741865441672466,0.023741382797200714,False,nan,nan,False,False
200,1.0,0.004979795000053855,0.0015066210003169545,6.65299967295141e-06,0.001872116999948048,0.0010936849998870457,4.831100022784085e-05,0.003426566999678471,0.0008494811541290041,0.0006126349028811864,0.16989623082580083,3.8258948355841937,0.02380387662139884,False,nan,nan,False,False
201,1.0050000000000001,0.005015853000259085,0.001275125999654847,6.121000296843704e-06,0.0007680730000174663,0.0009301780000896542,4.686800002673408e-05,0.0036251999999876716,0.0008998379461233292,0.0006647965276152809,0.17996758922466585,3.077905436825101,0.02364376983953611,False,nan,nan,False,False
202,1.01,0.004977110999789147,0.001435466000202723,6.603000201721443e-06,0.0018665170000531361,0.001055301999713265,4.635699997379561e-05,0.0035076499998467625,0.0008462419958950284,0.0005988460283965057,0.16924839917900567,3.106007452297862,0.021795549678863588,False,nan,nan,False,False
203,1.0150000000000001,0.005025340999964101,0.0012870270002167672,6.281999958446249e-06,0.0007790529998601414,0.0009207699999933538,4.6147000375640346e-05,0.003620912999849679,0.0009422199548184784,0.0007013278747398733,0.1884439909636957,4.743715093580896,0.023025141469446165,False,nan,nan,False,False
204,1.02,0.004984744000012142,0.0014744600002813968,6.1410000853356905e-06,0.0018788689999382768,0.001054290999945806,5.2087999847572064e-05,0.003452816999924835,0.0008967584295987367,0.000645416415511117,0.17935168591974732,2.451857851333725,0.02377184530868962,False,nan,nan,False,False
205,1.025,0.005009220999909303,0.001278712000384985,6.272000064200256e-06,0.0007705179996264633,0.0009205390001625346,4.57559999631485e-05,0.003652140999747644,0.0009664423746327951,0.0007353254666746306,0.193288474926559,3.69236446513654,0.02297338869007927,False,nan,nan,False,False
206,1.03,0.005009511000025668,0.0014369089999490825,6.14200007476029e-06,0.0018911629999820434,0.0010629070002323715,5.1126000016665785e-05,0.0034743270002763893,0.0009108129003658281,0.0006628878370744549,0.18216258007316563,3.0223041657195258,0.023168510766425128,False,nan,nan,False,False
207,1.035,0.005033777000335249,0.0013708249998671818,6.693000159430085e-06,0.0008187680000446562,0.0009827160001805169,5.6505999964429066e-05,0.003509473000121943,0.0010016889689193303,0.0007418150888821706,0.20033779378386601,4.274298648929325,0.024901202645608942,False,nan,nan,False,False
208,1.04,0.004956159999892407,0.0014988960001574014,6.020999990141718e-06,0.0018826169998646947,0.0010833950000233017,4.6457999815174844e-05,0.0034242629999425844,0.0009511500045068429,0.0006868983932679746,0.1902300009013686,2.5432364053075855,0.024021800511148737,False,nan,nan,False,False
209,1.045,0.00500299899977108,0.001282039000216173,6.130999736342346e-06,0.0007714500002293789,0.0009297069996136997,5.1776999953290215e-05,0.0036189080001349794,0.0009315376072108957,0.0006819365104526794,0.18630752144217913,1.0800156123580398,0.024902868840661778,False,nan,nan,False,False
210,1.05,0.004979655000170169,0.0014693210000586987,6.482000117102871e-06,0.0018588719999570458,0.0010820530001183215,6.498199991256115e-05,0.003471502000138571,0.0010826085745719674,0.000768781166892823,0.21652171491439348,7.117208485811429,0.024905267737645648,False,nan,nan,False,False
211,1.055,0.005022065000048315,0.0013417209997896862,6.321999990177574e-06,0.000768785000218486,0.0009537609998915286,4.762999969898374e-05,0.0035477950000313285,0.0010409004528149335,0.0007396374819506786,0.20818009056298672,2.226788641541234,0.024080338845987783,False,nan,nan,False,False
212,1.06,0.004967412000041804,0.0015007399997557513,6.521999694086844e-06,0.0018558870001470495,0.0010058399998342793,5.352099969968549e-05,0.003449280000040744,0.0009781232393716224,0.0007032483166307356,0.1956246478743245,3.2987626548356275,0.02736955390326389,False,nan,nan,False,False
213,1.065,0.005030060000080994,0.001277609999760898,6.311000106506981e-06,0.0007729419999122911,0.0009330530001534498,4.711900010079262e-05,0.003611494999859133,0.0010009577050257284,0.0007334463601233587,0.20019154100514566,2.3595774996082426,0.026582894290737603,False,nan,nan,False,False
214,1.07,0.004966840999713895,0.001447940000161907,6.501999905594857e-06,0.0018547950003267033,0.0010804500002450368,4.647800005841418e-05,0.0035116469998683897,0.000992432042904331,0.0007105521295805196,0.19848640858086622,4.679252131256078,0.026654402922980068,False,nan,nan,False,False
215,1.075,0.005038876000071468,0.001298659999974916,6.1710002228210215e-06,0.0007712699998592143,0.0009433619998162612,4.61360000372224e-05,0.003593120000005001,0.0010027980418277887,0.0007193158144773717,0.20055960836555772,4.587651834008138,0.02541221292156993,False,nan,nan,False,False
216,1.08,0.004967802999999549,0.001484589000028791,6.452999969042139e-06,0.001861748000010266,0.001069268999799533,5.186700036574621e-05,0.003462595000200963,0.0010074866285314037,0.0007271480671996785,0.2014973257062807,4.851096558468977,0.026447685140856877,False,nan,nan,False,False
217,1.085,0.005026193000048806,0.0013133870002093317,6.160999873827677e-06,0.0007729720000497764,0.000952660000166361,4.743899989989586e-05,0.0035796649999610963,0.0010082453731697309,0.0007242239581195398,0.20164907463394618,3.8151483066084593,0.025820048577245732,False,nan,nan,False,False
218,1.09,0.004968303000168817,0.0014372199998433643,6.362000021908898e-06,0.0018534020000515739,0.001069249000011041,4.588599995258846e-05,0.003514662999805296,0.0010393959736457608,0.0007611189262796969,0.2078791947291522,4.004410938299691,0.02475726631529429,False,nan,nan,False,False
219,1.095,0.005034778999743139,0.0014184450001266669,6.523000138258794e-06,0.000772331000007398,0.0010041959999398387,5.980199966870714e-05,0.003481089000160864,0.001029508962181607,0.0007399720180222627,0.20590179243632137,4.262247745221882,0.02681141226493618,False,nan,nan,False,False
220,1.1,0.0049737039998944965,0.0014733880002495425,6.262000169954263e-06,0.0018582919997243152,0.001073807000011584,5.7607999679021304e-05,0.003467163000095752,0.0010339555905870695,0.0007519673318570289,0.2067911181174139,3.5497848602828945,0.02676803763333639,False,nan,nan,False,False
221,1.105,0.00502127300023858,0.0012956639998265018,6.51299978926545e-06,0.0007709079995947832,0.0009464179997848987,4.649799984690617e-05,0.003636241000094742,0.0010368413104960502,0.0007377206919387501,0.20736826209921005,5.133698240785251,0.026852260345094133,False,nan,nan,False,False
222,1.11,0.005010592999951768,0.0014490429998659238,6.250999831536319e-06,0.001893687999654503,0.0010739479998846946,4.556600015348522e-05,0.003459709000253497,0.0010566541796253957,0.0007647699225364069,0.21133083592507912,4.805321787452527,0.025876145235875465,False,nan,nan,False,False
223,1.115,0.004990205000012793,0.001297488000091107,6.381999810400885e-06,0.0007646169997315155,0.0009282739997615863,4.571599993141717e-05,0.003602587999921525,0.0010493648238910785,0.0007552124128156808,0.20987296477821568,2.8354214739502517,0.0278760660356789,False,nan,nan,False,False
224,1.12,0.004973142999915581,0.0014757320000171603,6.030999884387711e-06,0.0018625190000420844,0.001067635999788763,5.2378999953361927e-05,0.0034757200000967714,0.0010765490386287892,0.0007762699469294303,0.2153098077257578,1.8954743171210844,0.029048165189700412,False,nan,nan,False,False
225,1.125,0.005032845000187081,0.0012860759998147842,6.402000053640222e-06,0.0007769399999233428,0.0009444949996577634,4.627699991033296e-05,0.0036347879999993893,0.0010711155325308804,0.0007557057242786117,0.21422310650617607,4.964920601064229,0.02665276169161502,False,nan,nan,False,False
226,1.1300000000000001,0.0049981899996964785,0.001457929000025615,6.362000021908898e-06,0.0018775270000332966,0.001081451999652927,5.297899997458444e-05,0.0034583870001370087,0.001084712193978217,0.0007791870682302346,0.2169424387956434,4.199851778369641,0.02736302159980322,False,nan,nan,False,False
227,1.135,0.004997007000383746,0.0014340449997689575,6.321999990177574e-06,0.0007671810003557766,0.0010170009995817963,6.328900008156779e-05,0.0034727040001598652,0.00107938207149237,0.0007680561569322654,0.21587641429847398,3.5146274114210785,0.02961678421526704,False,nan,nan,False,False
228,1.1400000000000001,0.004982630999620596,0.0014071640002839558,5.9710000641644e-06,0.0018511270000090008,0.0010030749999714317,4.595600012180512e-05,0.003534098999807611,0.0011089186082856846,0.0008005424132495696,0.22178372165713692,5.134592130526813,0.030159935233659046,False,nan,nan,False,False
229,1.145,0.005057021000084205,0.001331991999904858,6.591999863303499e-06,0.0008093910000752658,0.0009399460000167892,6.164600017655175e-05,0.0035258040002190683,0.0010967630227975836,0.0007880795313261017,0.21935260455951672,2.430113124084099,0.02864460650622992,False,nan,nan,False,False
230,1.1500000000000001,0.004935622000175499,0.0014752910001334385,6.31200009593158e-06,0.0018545839998296287,0.0010979329999827314,5.282000029183109e-05,0.003469778999715345,0.0011697040309409932,0.0008435952322901376,0.23394080618819865,3.571176645187562,0.027866316876427627,False,nan,nan,False,False
231,1.155,0.005025030000069819,0.0013101009999445523,6.2519998209609184e-06,0.0007673820000491105,0.0009523889998490631,4.654699978345889e-05,0.003607937999731803,0.00110421994361862,0.0007848788167887331,0.220843988723724,3.177010645959078,0.029608029266015315,False,nan,nan,False,False
232,1.16,0.004996746999950119,0.001495609999892622,6.432000191125553e-06,0.0018855220000659756,0.0010883939999075665,4.6316999942064285e-05,0.003424172999984876,0.0012751163941493212,0.0009456152641563256,0.25502327882986425,7.60065433744092,0.030752304972652376,False,nan,nan,False,False
233,1.165,0.004999371999929281,0.0012610989997483557,6.231000043044332e-06,0.0007658489998902951,0.0009138969999185065,4.685800013248809e-05,0.0036428540001907095,0.001234965073663474,0.0009018432152805202,0.2469930147326948,1.8977329153445657,0.029264185674829496,False,nan,nan,False,False
234,1.17,0.004981258000043454,0.0014272220000748348,6.2009999055590015e-06,0.0018622690004121978,0.0010622249997140898,4.562599997370853e-05,0.0035169669999959297,0.0011772151558428162,0.0008416856513706484,0.23544303116856324,2.7116710628585095,0.028397035358922823,False,nan,nan,False,False
235,1.175,0.005021052999836684,0.001299270999879809,6.421999842132209e-06,0.0007678019997001684,0.0009270410000681295,4.5494999994843965e-05,0.00361380900039876,0.0011061588972281111,0.0007833353501491783,0.2212317794456222,3.158595702235395,0.03313476333249418,False,nan,nan,False,False
236,1.18,0.004990586000076291,0.0015018710000731517,6.14200007476029e-06,0.0018764450001071964,0.0010936339999716438,4.748899982587318e-05,0.003431787999943481,0.0012573683487944172,0.0009204510851752029,0.25147366975888347,7.289016184832772,0.03078269594394394,False,nan,nan,False,False
237,1.185,0.005020020999836561,0.0012883300000794407,6.431999736378202e-06,0.0007786930000293069,0.0009385329999531677,4.7529000312351855e-05,0.0036357900003167742,0.0012177369931557817,0.0008778505946534024,0.24354739863115635,2.012486489680333,0.028518810639238657,False,nan,nan,False,False
238,1.19,0.005002307000268047,0.001409317999787163,6.381999810400885e-06,0.001893427000140946,0.0010187640000367537,4.688799981522607e-05,0.003514793000249483,0.0011648112225624903,0.0008221248584454905,0.23296224451249806,2.8330644095490065,0.028816418850092656,False,nan,nan,False,False
239,1.195,0.005006325000067591,0.0013388259999373986,6.1410000853356905e-06,0.0007881910000833159,0.0009601040001143701,6.441100003939937e-05,0.0035482859998410277,0.001217308296756179,0.0008979761545334294,0.24346165935123576,3.539544195610295,0.03358881984014454,False,nan,nan,False,False
240,1.2,0.004969095999967976,0.0015818219999346184,3.568800002540229e-05,0.0016645870000502327,0.0011337299997649097,4.7649999942223076e-05,0.003352256999733072,0.0011692923423320986,0.0008243772013108702,0.23385846846641972,3.689999886019026,0.030814173070030468,False,nan,nan,False,False
241,1.205,0.005017515999952593,0.0015422669998770289,6.723000296915416e-06,0.0009945080000761664,0.0009750219996931264,4.9633999879006296e-05,0.0033425400001760863,0.0012438264923964994,0.0009035674220741734,0.24876529847929985,4.597454572999246,0.028831180862159564,False,nan,nan,False,False
242,1.21,0.004963634999967326,0.0015312770001401077,5.9419999161036685e-06,0.0014551939998455055,0.0011446800003795943,4.780000017490238e-05,0.0034218480000163254,0.0012031967851294147,0.0008560249542661855,0.24063935702588293,2.85474376242724,0.03126539899578836,False,nan,nan,False,False
243,1.215,0.005036150999785605,0.0015225800002554024,6.4420000853715464e-06,0.000947340000038821,0.0010065910000776057,4.949300000589574e-05,0.0034187930000371125,0.0012073533252237808,0.0008716715367953383,0.24147066504475614,1.082518767684584,0.032683696275162474,False,nan,nan,False,False
244,1.22,0.00504995700021027,0.0015543700001217076,6.6319998950348236e-06,0.0015195949999906588,0.0011349229998813826,5.651600031342241e-05,0.003314196999781416,0.0012991672181857281,0.0008965221400530909,0.2598334436371456,6.543883435589572,0.03209560235328815,False,nan,nan,False,False
245,1.225,0.004951242000061029,0.0014494229999399977,6.703000053676078e-06,0.0009234949998244701,0.0009918929999912507,4.938300025969511e-05,0.0034517449998929806,0.0012732207134481398,0.0008905859264392042,0.25464414268962793,2.819318868475243,0.02986698589869182,False,nan,nan,False,False
246,1.23,0.0049981899996964785,0.0015190430003713118,1.8605000150273554e-05,0.0014690899997731321,0.0010725550000643125,4.8381000397057505e-05,0.0034003089999714575,0.0012514327528501624,0.0009123143771316584,0.25028655057003246,3.8914129994831277,0.03084569917480394,False,nan,nan,False,False
247,1.235,0.005003620000024966,0.0015846070000407053,6.603000201721443e-06,0.0009090980001928983,0.0010317380001652054,4.9682999815559015e-05,0.003330476999963139,0.0012808346479320745,0.0009015263594474403,0.2561669295864149,5.539395523613957,0.03283304450393231,False,nan,nan,False,False
248,1.24,0.005009300999972766,0.0015682860002925736,5.631000021821819e-06,0.0014604140001210908,0.0011490380002214806,4.803000001629698e-05,0.003338952999911271,0.0012847773017076027,0.0009221596761367565,0.25695546034152056,4.112356138247765,0.033309503993954125,False,nan,nan,False,False
249,1.245,0.004995364000023983,0.0016826510000100825,6.8730000748473685e-06,0.0008207830001083494,0.0010865009999179165,4.821999982596026e-05,0.0032571189999544004,0.0012804496993119182,0.0009166812808695662,0.2560899398623836,3.745398161336244,0.030380413586129595,False,nan,nan,False,False
250,1.25,0.005056258999957208,0.0015452830002686824,6.45199997961754e-06,0.0014958100000512786,0.001133137999659084,5.244800013315398e-05,0.0033074640000450017,0.001307027508908137,0.0009454914540503977,0.26140550178162736,4.787245234643124,0.03316889913495543,False,nan,nan,False,False
251,1.2550000000000001,0.004937125000196829,0.00198159299998224,6.641999789280817e-06,0.0008825980003166478,0.0010521169997446123,0.00014483199993264861,0.0030106459998933133,0.0013030784543922235,0.0009403877097271755,0.2606156908784447,2.981802498750096,0.031772875863690084,False,nan,nan,False,False
252,1.26,0.005072869999821705,0.0015966900000421447,6.262000169954263e-06,0.0014084660001572047,0.0010774439997476293,4.926200017507654e-05,0.003245447000153945,0.0013605783243104273,0.0009837174332618277,0.2721156648620855,4.945129559506894,0.03195530532508493,False,nan,nan,False,False
253,1.2650000000000001,0.004933148000418441,0.0014278919998105266,7.012999958533328e-06,0.0007774599998811027,0.0010096659998453106,6.248799991226406e-05,0.003488534000098298,0.0013495267814539402,0.0009744506168289247,0.26990535629078805,2.810856985334841,0.03277943714243577,False,nan,nan,False,False
254,1.27,0.005044927999733773,0.0015292530001715932,6.693000159430085e-06,0.001938681999945402,0.0010208079997937602,4.9573000069358386e-05,0.0033362869999109535,0.001361453773380537,0.0009889887163411649,0.2722907546761074,3.6835468655614205,0.03264673574592306,False,nan,nan,False,False
255,1.2750000000000001,0.0049518730002091615,0.0014173729996400652,6.573000064236112e-06,0.000783572000273125,0.0010109790000569774,6.756699985999148e-05,0.003528077000282792,0.0013614643581592765,0.0009873667771452509,0.2722928716318553,4.496295373972956,0.03492717372553867,False,nan,nan,False,False
256,1.28,0.005062289999841596,0.0015354150000348454,6.493000000773463e-06,0.0019530089998625044,0.0010446530000081111,4.711799965662067e-05,0.003314296000098693,0.001379622156876733,0.0010054497611927463,0.2759244313753466,3.3708284279086564,0.03573545693553409,False,nan,nan,False,False
257,1.285,0.004933739000080095,0.0013803030001326988,6.812999799876707e-06,0.0007676619998164824,0.0010009409998019692,6.923000000824686e-05,0.003563754999959201,0.0013910978613464796,0.0010097909135594035,0.2782195722692959,5.010454518590408,0.03293351618635289,False,nan,nan,False,False
258,1.29,0.005037203000028967,0.001445775999854959,6.261999715206912e-06,0.0019242660000600154,0.0010463659996275965,4.7529000312351855e-05,0.0034320479999223608,0.0014049106969382236,0.0010235206570581475,0.28098213938764477,3.636836938336423,0.03394228975888643,False,nan,nan,False,False
259,1.295,0.004964515999745345,0.0014467080000031274,6.9329998950706795e-06,0.0007797949997438991,0.0010245849998682388,5.76980000914773e-05,0.0034628260000317823,0.0013802011010480121,0.0010011702637332393,0.2760402202096024,1.2039507601519206,0.03483038673651024,False,nan,nan,False,False
260,1.3,0.0050478540001677175,0.0015318069999921136,7.283999821083853e-06,0.001939564000167593,0.001131195000198204,4.7730000005685724e-05,0.003341247000207659,0.0015565842453203616,0.0011589200583737962,0.3113168490640723,7.908645894885811,0.03386223924958245,False,nan,nan,False,False
261,1.305,0.004968723999809299,0.0015008700001999387,7.793999884597724e-06,0.0007936009997138171,0.0010462059999554185,6.184600033520837e-05,0.003377614999862999,0.0015040884642611863,0.0011065797896340941,0.3008176928522373,2.4473978477470033,0.03313105561252704,False,nan,nan,False,False
262,1.31,0.004990826000266679,0.0015749789999972563,6.612000106542837e-06,0.0019028749998142303,0.0011742249998860643,4.8720999984652735e-05,0.0033425900001020636,0.0014312365794857456,0.001041034624967848,0.28624731589714913,3.5640625628510665,0.03562044301072592,False,nan,nan,False,False
263,1.315,0.005008408999856329,0.001509535999957734,6.8730000748473685e-06,0.0007470839996130962,0.0010342629998376651,5.182700033401488e-05,0.003356114999860438,0.0015026294819325946,0.001106676639221569,0.30052589638651894,4.049476993298796,0.03715649192391782,False,nan,nan,False,False
264,1.32,0.004947916000219266,0.0016967569999906118,8.525999874109402e-06,0.0018550449999565899,0.0011218869999538583,5.17270000273129e-05,0.003256617999795708,0.0014631977936021253,0.0010703861504262734,0.292639558720425,4.436334767623104,0.03598509419763476,False,nan,nan,False,False
265,1.325,0.0050407300000188116,0.0014673059999950055,8.20500008558156e-06,0.0006562129997291777,0.001074066999990464,4.0365000131714623e-05,0.003463546999682876,0.001490283757304232,0.0010908607904666998,0.2980567514608464,4.1757789369069345,0.036388731179728594,False,nan,nan,False,False
266,1.33,0.00506486499989478,0.0019512250000843778,9.528000191494357e-06,0.0018787290000545909,0.0013873059997422388,9.626100018067518e-05,0.0029141449999769975,0.0014927098283309805,0.0010970253544229092,0.2985419656661961,4.499468321841877,0.039707525341422405,False,nan,nan,False,False
267,1.335,0.0049625829997239634,0.0015053980000629963,6.833000043116044e-06,0.0006439099997805897,0.0010729949999586097,7.042199968054774e-05,0.003405608000321081,0.0014947820071524963,0.001093128436501346,0.29895640143049923,3.486893678150561,0.038517625557741325,False,nan,nan,False,False
268,1.34,0.005027605000123003,0.0022166839999044896,8.946999969339231e-06,0.0017148519996226241,0.0015312370001083764,8.070200010479311e-05,0.0026619810000738653,0.001588278247727565,0.0011861137678454321,0.317655649545513,4.886086044517883,0.03779891399499033,False,nan,nan,False,False
269,1.345,0.004964136000126018,0.001575088999743457,6.862999725854024e-06,0.0005724849997932324,0.0011112570000477717,7.352800002990989e-05,0.0033158290002575086,0.0015427671707204998,0.0011355475081542953,0.3085534341440999,2.9447763510746645,0.038424884657603534,False,nan,nan,False,False
270,1.35,0.0050384649998704845,0.0016545590001442179,1.3223999758338323e-05,0.001633489000141708,0.0012403199998516357,5.3670999932364793e-05,0.003201433999947767,0.001518257403295864,0.0011086065051042916,0.3036514806591728,1.6910954300707592,0.03973525665873688,False,nan,nan,False,False
271,1.355,0.0049441890000707645,0.0015445809999619087,6.51299978926545e-06,0.0009844000001066888,0.0010191850001319835,4.65279999843915e-05,0.0033271110000896442,0.0016210210047770941,0.001204533083657186,0.32420420095541885,4.788057413651388,0.038515925696628324,False,nan,nan,False,False
272,1.36,0.004947935000018333,0.0011955459999626328,6.2009999055590015e-06,0.0015037650000522262,0.0008891610000318906,4.146800029047881e-05,0.0037593130000459496,0.0015722043083797694,0.0011509802248834099,0.31444086167595386,2.4543446624747567,0.04070655297596837,False,nan,nan,False,False
273,1.365,0.0050267940000594535,0.001087482999992062,5.83099972573109e-06,0.0010012610000558197,0.0007249920004142041,5.286899977363646e-05,0.0038069120000727708,0.0015352866084953143,0.0011277961098938808,0.30705732169906286,2.3005186868200185,0.0415715070980132,False,nan,nan,False,False
274,1.37,0.004962321999755659,0.0011951559999943129,5.01000022268272e-06,0.0015228409997689596,0.0008129370003189251,4.015499962406466e-05,0.003757939000024635,0.0016439322595883708,0.0012162721517888567,0.3287864519176742,5.08829607379931,0.0426053344812299,False,nan,nan,False,False
275,1.375,0.005018649000248843,0.0010323490000700986,5.088999841973418e-06,0.0009943879999809724,0.0007156149999900663,3.991499988842406e-05,0.0038975219999883848,0.0015826784474818286,0.0011547213976617517,0.31653568949636574,2.862921565796591,0.040976878436848364,False,nan,nan,False,False
276,1.3800000000000001,0.005009991999941121,0.0011895140000888205,6.050999672879698e-06,0.0015497509998567693,0.0008430140001109976,5.059500017523533e-05,0.003734326000085275,0.0015930924757577734,0.0011824276985746285,0.3186184951515547,2.011118550913718,0.039240204341083454,False,nan,nan,False,False
277,1.385,0.0049896529999386985,0.0010349849999329308,5.088999841973418e-06,0.000992584999949031,0.0007143919997361081,3.927400030079298e-05,0.003879799000060302,0.001590221598358121,0.0011420346692852072,0.3180443196716242,3.7466495826133692,0.043226048135947166,False,nan,nan,False,False
278,1.3900000000000001,0.004982430999916687,0.001304951000292931,5.4299998737405986e-06,0.001505978999830404,0.0008883089999471849,5.6366000080743106e-05,0.0036554879998220713,0.0016005781186897304,0.0011753806325568838,0.32011562373794605,4.760599713131662,0.04324174916654556,False,nan,nan,False,False
279,1.395,0.005026403000101709,0.0010409550000076706,4.789000286109513e-06,0.001007432999813318,0.0007254830002239032,3.974499986725277e-05,0.003852026999993541,0.001579179489787036,0.0011442920921421323,0.3158358979574072,2.5272009441770993,0.04060137317876017,False,nan,nan,False,False
280,1.4000000000000001,0.00494761500021923,0.0011650179999378452,4.488999820750905e-06,0.0015062000002217246,0.0008862449999469391,3.773099979298422e-05,0.0038141559998621233,0.0016779685438617416,0.0012493047021502439,0.3355937087723483,4.431596143126958,0.040940408759905574,False,nan,nan,False,False
281,1.405,0.005050968999967154,0.0010781549999592244,5.639999926643213e-06,0.0009976139999707812,0.0007186799998635252,7.156499987104326e-05,0.003829223999673559,0.0016365396669723972,0.0012004032656936815,0.32730793339447944,2.016847748997438,0.04311963928890449,False,nan,nan,False,False
282,1.41,0.004976247999820771,0.0011864389998663682,5.461000000650529e-06,0.0015265080000972375,0.0008765659999880882,4.236899985698983e-05,0.0037679189999835216,0.001562326656357115,0.0011140493812802493,0.31246533127142306,3.6408377039508175,0.0433898637428108,False,nan,nan,False,False
283,1.415,0.00502618300015456,0.0010538589999669057,5.810999937239103e-06,0.001003404999664781,0.0007131099996513512,4.491399977268884e-05,0.003850183999929868,0.0016483516960891257,0.0012097035819357525,0.3296703392178251,4.037896468873454,0.04176230597780078,False,nan,nan,False,False
284,1.42,0.004971609999756765,0.0011550590002116223,5.088999841973418e-06,0.0015258369999173738,0.000869013000283303,3.913399996235967e-05,0.00380044999974416,0.0016063773192526937,0.001156916228682317,0.32127546385053873,2.1406676750411493,0.04116300375330217,False,nan,nan,False,False
285,1.425,0.005024990000038088,0.0010762619999695744,5.509999937203247e-06,0.00099899600036224,0.0007267250002769288,5.9561999933066545e-05,0.0039112879999265715,0.00164090339512179,0.0012060958509670441,0.328180679024358,2.045271104210812,0.042747787092951635,False,nan,nan,False,False
286,1.43,0.005121381000208203,0.001758222999796999,9.798000064620283e-06,0.0012116560001231846,0.0013224139997873863,8.7074000020948e-05,0.0030794660001447483,0.0015901561817541741,0.001103575589562724,0.31803123635083486,4.420041095840085,0.04555758253210523,False,nan,nan,False,False
287,1.435,0.004921415999888268,0.001170668999748159,6.982999821047997e-06,0.0008718579997548659,0.0008291979997920862,5.054500024925801e-05,0.0037745310000900645,0.0016340547135648713,0.0011691120565037738,0.3268109427129743,2.684960116882401,0.042585833589235414,False,nan,nan,False,False
288,1.44,0.005043574999945122,0.0015067499998622225,7.3430001066299155e-06,0.001971974999833037,0.0010858099999495607,4.026599981443724e-05,0.003339404000143986,0.001604925106934649,0.001133842775799452,0.3209850213869298,1.4563691790358768,0.042770749500799336,False,nan,nan,False,False
289,1.445,0.004918129000088811,0.0010458849997121433,5.881000106455758e-06,0.0007380160000138858,0.0007081700000526325,5.0955999995494494e-05,0.003898314000252867,0.0016899792906692817,0.0012370556496987505,0.33799585813385635,4.195451145871977,0.04271183230518579,False,nan,nan,False,False
290,1.45,0.00501785699998436,0.0010243349997836049,4.1980001697083935e-06,0.001866156000232877,0.0007645569999112922,3.262100017309422e-05,0.003880900000240217,0.001639674310233577,0.001171198789597535,0.32793486204671535,2.683870595477735,0.042976610361048675,False,nan,nan,False,False
291,1.455,0.00497492600015903,0.0012315839999246236,5.8910000007017516e-06,0.0006023810001352103,0.0009348469998258224,3.326300020489725e-05,0.0036866659997940587,0.001712506335594076,0.00126608358475842,0.34250126711881523,3.8492874378613227,0.0428241347705023,False,nan,nan,False,False
292,1.46,0.00499251999963235,0.001976292000108515,5.751000117015792e-06,0.00179911000032007,0.0015150959998209146,6.510200000775512e-05,0.0029540000000451982,0.001662942140388514,0.0011966003614235672,0.3325884280777028,2.952565661209718,0.044079620531866766,False,nan,nan,False,False
293,1.465,0.004981939000117563,0.0012666500001614622,4.387999979371671e-06,0.0006618030001845909,0.0009113830001297174,4.814100020666956e-05,0.003656868999769358,0.001705440307512557,0.0012409723613563198,0.3410880615025114,2.3477397596158163,0.04037338580003112,False,nan,nan,False,False
294,1.47,0.004975206999915827,0.0014394640002137749,4.176999937044457e-06,0.0017565490002198203,0.000982475999990129,6.013299980622833e-05,0.0035402909998083487,0.0016322286153835964,0.0011508535730049597,0.32644572307671926,4.523549957537747,0.04209859011427829,False,nan,nan,False,False
295,1.475,0.005028777000006812,0.0009427810000488535,4.027000159112504e-06,0.0006094550003581389,0.0006518650002362847,4.6939000185375335e-05,0.004005895999853237,0.0017054745317803635,0.001229927031511098,0.34109490635607265,4.0803928300081465,0.04342489377237483,False,nan,nan,False,False
296,1.48,0.005012807000184694,0.0013483630000337143,4.078000074514421e-06,0.001634090000152355,0.0009208399997078232,5.748800003857468e-05,0.0035946139996667625,0.0016691748615052463,0.0011786025221236125,0.33383497230104925,2.0679237202902803,0.04306101774874419,False,nan,nan,False,False
297,1.485,0.005001286000151595,0.001000489999569254,4.648999947676202e-06,0.0004591329998220317,0.0007015470000624191,3.3953999718505656e-05,0.003915295000297192,0.001771477580688733,0.0013035295125029267,0.3542955161377466,5.094928030764957,0.041884092638247376,False,nan,nan,False,False
298,1.49,0.004989984999610897,0.001243265000084648,5.820999831485096e-06,0.0015776739996908873,0.0009565260002091236,3.34929995915445e-05,0.003714427999966574,0.001726597934198456,0.001244799978697947,0.3453195868396912,2.3849361481521667,0.04318428141439952,False,nan,nan,False,False
299,1.495,0.005041661000177555,0.0015186730001914839,7.034000191197265e-06,0.0004538220000540605,0.0010765829997581022,5.052400001659407e-05,0.0033932749997802603,0.0017479085774013217,0.0012745323941421548,0.3495817154802643,1.2310155840456058,0.04456939984600741,False,nan,nan,False,False
300,1.5,0.0049799359999269655,0.0016723310000088532,5.048999810242094e-06,0.0014840079998066358,0.0012473239999053476,5.372099985834211e-05,0.0032757640001364052,0.001777919568948408,0.0012666072733368318,0.35558391378968157,4.2696306022172195,0.04585513106150398,False,nan,nan,False,False
301,1.5050000000000001,0.005031292000239773,0.0010822229996847454,6.723000296915416e-06,0.000975462000042171,0.0007337480001297081,3.621799987740815e-05,0.003817742000137514,0.0017735546776813437,0.0012823136451671144,0.3547109355362688,3.4294504081046546,0.04359661201723348,False,nan,nan,False,False
302,1.51,0.004980515999704949,0.0014298969999799738,5.9710000641644e-06,0.0015371770000456308,0.00113133500008189,3.412399973967695e-05,0.0034924710002997017,0.001813992095784485,0.001330052374771136,0.36279841915689703,3.491297689207592,0.04533262936467092,False,nan,nan,False,False
303,1.5150000000000001,0.005008659999930387,0.0015235420000863087,6.4119999478862155e-06,0.000940337000429281,0.0010904280002250744,5.285900033413782e-05,0.0034042659999613534,0.0017897770630307106,0.0013010463911365643,0.3579554126061421,3.882332640502098,0.04627265692135573,False,nan,nan,False,False
304,1.52,0.005050829000083468,0.001488706000145612,1.0319000011804746e-05,0.0015381399998659617,0.0011142829998789239,3.956499995183549e-05,0.003364000000146916,0.0018231625370642487,0.0013298909598750581,0.36463250741284975,3.7161912894338256,0.0468926375322261,False,nan,nan,False,False
305,1.5250000000000001,0.004914231999919139,0.0009941070002241759,4.739000360132195e-06,0.0004276629997548298,0.0007088520001161669,3.803200024776743e-05,0.003942376999930275,0.0017929746308056108,0.0013043524521235278,0.35859492616112215,3.94540123816006,0.046492325578113364,False,nan,nan,False,False
306,1.53,0.004995425000288378,0.0011038529996767465,4.517999968811637e-06,0.0015389919999506674,0.0007982100000845094,3.849199993055663e-05,0.0038421680001192726,0.0018505540544276756,0.0013539839385353497,0.3701108108855351,4.644341714940087,0.04690410319515839,False,nan,nan,False,False
307,1.5350000000000001,0.005011814999761555,0.0010101080001732043,4.809000074601499e-06,0.0003910850000465871,0.0007314140002563363,3.948400035369559e-05,0.003938608999760618,0.0018217530133366223,0.0013310513796994175,0.3643506026673245,3.015569170228697,0.04659568530751299,False,nan,nan,False,False
308,1.54,0.005026473000270926,0.0012575729997479357,4.828999863093486e-06,0.0015574059998471057,0.0009196280002470303,4.253999986758572e-05,0.003653582999959326,0.0018639822232933347,0.001367076746811937,0.3727964446586669,2.0059103702366112,0.04956928502173448,False,nan,nan,False,False
309,1.545,0.004976548999820807,0.001034794000133843,5.089999831398018e-06,0.0009779269998944073,0.0007361230000242358,4.639799999495153e-05,0.0039054969997778244,0.0018340010574999877,0.0013404850911493404,0.3668002114999975,3.202771311286543,0.046618107057982576,False,nan,nan,False,False
310,1.55,0.005010602999846014,0.001233898999998928,4.878999789070804e-06,0.0014698810000481899,0.0009147089999714808,4.204900005788659e-05,0.003686505000132456,0.001904507185212497,0.0013983660610603528,0.38090143704249935,4.847758207034868,0.047438607308516484,False,nan,nan,False,False
311,1.555,0.004985727000075713,0.0009742199999891454,5.330000021785963e-06,0.0003750250002667599,0.0006994039999881352,3.608799988796818e-05,0.003952646000016102,0.0018688515740845934,0.001369098236145467,0.3737703148169187,3.1550114972063565,0.04882726002495564,False,nan,nan,False,False
312,1.56,0.004984504000276502,0.0010899579997385445,4.738999905384844e-06,0.0014568560000043362,0.000792298000305891,3.7260000226524426e-05,0.003856274000099802,0.0018733684029951763,0.0013853210927361678,0.3746736805990352,2.7267445634956613,0.04983268395315264,False,nan,nan,False,False
313,1.565,0.005009511000025668,0.0009639810000408033,4.608999915944878e-06,0.0009142369999608491,0.0006886539999868546,3.631800018411013e-05,0.003966842999943765,0.0019055692655474685,0.0013827785368273407,0.38111385310949375,5.055162486821502,0.047455428412019635,False,nan,nan,False,False
314,1.57,0.004989905000002182,0.001207237000016903,4.647999958251603e-06,0.001453802000014548,0.0007935110002108559,5.151699997441028e-05,0.0037349770000218996,0.001903107929807259,0.0013940537135386545,0.3806215859614518,2.7340972494514038,0.04786075242538805,False,nan,nan,False,False
315,1.575,0.004998810999950365,0.0009442430000490276,4.678000095736934e-06,0.00045399300006465637,0.0006794470000386355,3.526599994074786e-05,0.003997930999958044,0.00187777521673569,0.0013864294006982573,0.37555504334713796,3.1193446997256338,0.04978944305731674,False,nan,nan,False,False
316,1.58,0.0050007939998977236,0.0011448010000094655,5.230000169831328e-06,0.0015081440001267765,0.0008520599999428669,3.532600021571852e-05,0.003798836999976629,0.0019750103642312026,0.0014498787346433999,0.3950020728462405,7.30483990702993,0.051448351776669676,False,nan,nan,False,False
317,1.585,0.005002036999940174,0.0009631100001570303,4.38899996879627e-06,0.00037789999987580813,0.0006996340002842771,3.486499963401002e-05,0.003976900999987265,0.001954289734274862,0.001436530092711115,0.39085794685497244,1.8664334776387983,0.049441902898342674,False,nan,nan,False,False
318,1.59,0.0049962769999183365,0.0011604100000113249,4.196999725536443e-06,0.001455494000310864,0.0008807350000097358,4.384199974083458e-05,0.0037844490002498787,0.0019198624384956112,0.0014191924596700066,0.38397248769912223,4.111716145714422,0.049746595049103955,False,nan,nan,False,False
319,1.595,0.005001255000024685,0.0009374010001010902,4.267999884177698e-06,0.00045453400025508017,0.0006760609999219014,3.353300007802318e-05,0.004004813999927137,0.0019240800262200718,0.001411195274682163,0.3848160052440144,3.76169638347413,0.0532209637926853,False,nan,nan,False,False
320,1.6,0.005002117999993061,0.00108964700029901,5.079999937152024e-06,0.0015883440000834526,0.0007908960001259402,3.5757000205194345e-05,0.003853027999866754,0.0019562449494389656,0.001453188348933706,0.39124898988779316,4.756831089994323,0.051990088365796994,False,nan,nan,False,False
321,1.605,0.00499814900013007,0.0009396559999004239,4.168000032223063e-06,0.0004664859998229076,0.0006793469997319335,3.4574999972392106e-05,0.0040595559999019315,0.00194305865671108,0.0014329618527496972,0.38861173134221594,3.4812399659044986,0.04874379624785857,False,nan,nan,False,False
322,1.61,0.005127693999838812,0.0019323500000609783,9.889000011753524e-06,0.001528931999928318,0.0013506979998965107,0.00011156000027767732,0.0029426680002870853,0.002006990889338332,0.0014808927782308176,0.4013981778676664,2.6414223563250516,0.04947104135417392,False,nan,nan,False,False
323,1.615,0.005003489000046102,0.0017349099998682505,9.036999927047873e-06,0.0007393989999400219,0.0011910369998986425,9.432700016986928e-05,0.0031014860001050693,0.0019597658563792904,0.001435064126941707,0.3919531712758581,2.798175365479181,0.051346506704175246,False,nan,nan,False,False
324,1.62,0.004905446000066149,0.001114013000005798,5.070000042906031e-06,0.0019270600000709237,0.0007917070001894899,4.268099974069628e-05,0.00379560000010315,0.0021030680997552527,0.0015754828152671069,0.42061361995105057,6.347497418214365,0.05122840613336138,False,nan,nan,False,False
325,1.625,0.00495993799995631,0.0009663250002631685,3.9569999898958486e-06,0.0007576930001960136,0.0006917289997545595,3.664900032163132e-05,0.003990927999893756,0.002067052358343931,0.0015360110296138464,0.4134104716687862,1.7117502395880535,0.04798248659513882,False,nan,nan,False,False
326,1.6300000000000001,0.005028637000123126,0.0011786949999077478,5.621000127575826e-06,0.0018804129999807628,0.0008746729999984382,3.892299992003245e-05,0.0037433620000228984,0.0019899348500578853,0.0014505054511185778,0.397986970011577,4.314676907690327,0.05128724538247493,False,nan,nan,False,False
327,1.635,0.004971729999851959,0.0009833780000008119,4.028000148537103e-06,0.0007387780001408828,0.0007172170003286737,3.4825000057026045e-05,0.003964768000059848,0.002038822580886223,0.0015084263623472566,0.4077645161772446,3.0308351364475477,0.054174249783675923,False,nan,nan,False,False
328,1.6400000000000001,0.005000183999982255,0.00107900700004393,4.367999736132333e-06,0.0018634110001585213,0.0007982189999893308,4.0034999983618036e-05,0.003869358999963879,0.0020050527260604086,0.0014519309075440821,0.4010105452120817,3.5661914022496806,0.051252159826570054,False,nan,nan,False,False
329,1.645,0.004997027000172238,0.0009684799997558002,3.7160002648306545e-06,0.000747092999972665,0.0007059660001687007,3.3864000215544365e-05,0.003998071000296477,0.0020550084506102437,0.0015210373132128058,0.4110016901220488,3.7131647699360544,0.04938108810132248,False,nan,nan,False,False
330,1.6500000000000001,0.005013699999835808,0.001098393000120268,3.87800037060515e-06,0.00181830599967725,0.0007172270002229197,3.517599998303922e-05,0.003836517999843636,0.0020221944443523676,0.001465705472931178,0.4044388888704735,3.3231670686700308,0.05222323935323131,False,nan,nan,False,False
331,1.655,0.004983742000149505,0.0009319109999523789,4.07799961976707e-06,0.0007322960000237799,0.0006734050002705771,3.421500014155754e-05,0.004018820000055712,0.002067275055107747,0.0015318239096290334,0.41345501102154936,3.370093930745604,0.056073536416759724,False,nan,nan,False,False
332,1.6600000000000001,0.004997278999780974,0.0010876330002247414,3.7770000744785648e-06,0.001850406000357907,0.0008214929998757725,3.665900021587731e-05,0.0038665140000375686,0.0020328654262519005,0.0014698553631394412,0.4065730852503801,3.73136613307416,0.05488780974424713,False,nan,nan,False,False
333,1.665,0.005001987000014196,0.0009414480000486947,3.7069999052619096e-06,0.0007308929998544045,0.0006797880000704026,3.4143999982916284e-05,0.0040210140000453976,0.0020782820952522547,0.0015355068237638443,0.4156564190504509,3.4216777917739782,0.052851534414933905,False,nan,nan,False,False
334,1.67,0.005017405000216968,0.0011003879999407218,4.4180001168570016e-06,0.001864212000327825,0.0008080379998318676,3.5415999718679814e-05,0.003833511999800976,0.0020433344943071126,0.001475450622977291,0.40866689886142255,3.2558003352968377,0.055092159774850526,False,nan,nan,False,False
335,1.675,0.004980446999979904,0.0009339650000583788,3.626999841799261e-06,0.0006548000001203036,0.000676420999752736,3.427399997235625e-05,0.0040183689998229966,0.002076737634928958,0.00153097774575316,0.4153475269857915,3.3938195775451585,0.05515603772223223,False,nan,nan,False,False
336,1.68,0.004998469999918598,0.0010848880001503858,3.7269996937538963e-06,0.0017731609996189945,0.0008182779997696343,3.7260000226524426e-05,0.0038705819997630897,0.0020589532453214455,0.0014816045253410529,0.4117906490642891,4.184342145419224,0.05418961414868205,False,nan,nan,False,False
337,1.685,0.005000183999982255,0.0009449550002500473,3.597000159061281e-06,0.000656362999961857,0.00068688999999722,3.398399985599099e-05,0.0039739059998282755,0.00207372104319872,0.0015161413820945699,0.4147442086397439,2.9613301462436548,0.05112625754166488,False,nan,nan,False,False
338,1.69,0.004999102000056155,0.0011922290000256908,5.569999757426558e-06,0.0017557689998284332,0.000891724999746657,3.9103999824874336e-05,0.0037668669997401594,0.002124243283744859,0.0015771690488869256,0.4248486567489718,3.6188628805714886,0.05363843408938105,False,nan,nan,False,False
339,1.695,0.005007546999877377,0.0009640210000725347,4.238000201439718e-06,0.000726696000128868,0.0006891449997965537,3.9774000015313504e-05,0.004025433000151679,0.002098344420943575,0.0015392189981629535,0.41966888418871495,3.566677133251526,0.05262474938400907,False,nan,nan,False,False
340,1.7,0.005068953000318288,0.0013541939997594454,5.450000116979936e-06,0.0019180839999535237,0.0010043570000561886,5.387199962569866e-05,0.0035673920001499937,0.002182060659852111,0.001637960806226673,0.43641213197042217,6.943425885863029,0.05567767671477092,False,nan,nan,False,False
341,1.705,0.004995694999706757,0.0010577070002000255,5.910999789193738e-06,0.0007810179999978573,0.000757382999836409,4.137799987802282e-05,0.003867465999974229,0.002160403314509629,0.0016116695804478352,0.4320806629019257,1.6508888431320754,0.05208186629021024,False,nan,nan,False,False
342,1.71,0.005003238999961468,0.001431820000107109,5.8910000007017516e-06,0.001854895000178658,0.0010944159998871328,4.259000024831039e-05,0.0034660820001590764,0.0021396675634982906,0.0015775926177041093,0.42793351269965807,4.745636595920615,0.05472917678434027,False,nan,nan,False,False
343,1.715,0.0049790339999162825,0.001056575000347948,5.7309998737764545e-06,0.000757512999825849,0.0007588349999423372,4.058700005771243e-05,0.003850434000014502,0.0021418727357565676,0.0015908935238962384,0.42837454715131346,3.464823927448208,0.05759305061701574,False,nan,nan,False,False
344,1.72,0.004968504000316898,0.0011988729997938208,4.38899996879627e-06,0.001790372999948886,0.000909298000351555,3.849199993055663e-05,0.0037396749999061285,0.00216678810771253,0.0015974348538464155,0.433357621542506,4.822343463035541,0.05720309250865566,False,nan,nan,False,False
345,1.725,0.004996957999992446,0.0009946780000973376,4.9390000640414655e-06,0.0006769519995941664,0.0007128090001060627,3.772099989873823e-05,0.003944470999613259,0.0021527162576610577,0.001592495818484231,0.4305432515322115,2.4750466183591704,0.05333704185174599,False,nan,nan,False,False
346,1.73,0.004996886999833805,0.0011653689998638583,4.38899996879627e-06,0.0017898030000651488,0.0008878179996827384,3.621799987740815e-05,0.003779350000058912,0.002196942377243702,0.0016441085247008332,0.4393884754487403,2.6934298460591,0.057525288090170566,False,nan,nan,False,False
347,1.735,0.0050042010002471216,0.0009891279996736557,4.437999905348988e-06,0.0006769020001229364,0.0007083309997142351,3.661900018414599e-05,0.003948558000047342,0.0021566642754848268,0.0015863220091684761,0.43133285509696534,3.3931576836914523,0.05843875224821202,False,nan,nan,False,False
348,1.74,0.005000063999887061,0.0011720110001078865,4.729000011138851e-06,0.0017917269997269614,0.0008923259997573041,3.548699987732107e-05,0.003766025000004447,0.002308678514493195,0.001742761896034336,0.461735702898639,7.1574054821316775,0.0587491156192396,False,nan,nan,False,False
349,1.745,0.004994251999960397,0.0009727669998937927,4.298000021663029e-06,0.0006748580003659299,0.0007048939996820991,3.456500007814611e-05,0.003970148999997036,0.002269563409586336,0.001698532340967774,0.45391268191726714,1.9588274745022154,0.05421905502668747,False,nan,nan,False,False
350,1.75,0.0049983099997916725,0.001173875000404223,4.137999894737732e-06,0.0017840310001702164,0.0008918059997995442,3.5706999824469676e-05,0.003771845999835932,0.00220547386410944,0.0016244966909565207,0.44109477282188797,3.664328084319273,0.05728643693402702,False,nan,nan,False,False
351,1.7550000000000001,0.005000504000236106,0.000947479999922507,4.267999884177698e-06,0.0006720930000483349,0.0006837350001660525,3.477499967630138e-05,0.003994333999798982,0.002179271707755149,0.0016057607312999628,0.43585434155102987,1.3745350477933258,0.059194785756082835,False,nan,nan,False,False
352,1.76,0.004999201999908109,0.0010906190000241622,4.177999926469056e-06,0.0017829299999903014,0.0007684140000492334,3.6488000205281423e-05,0.003889536999849952,0.002361836051255623,0.001743935944556324,0.47236721025112466,8.953049607004193,0.05868329964239934,False,nan,nan,False,False
353,1.7650000000000001,0.005057671000031405,0.0010549019998506992,5.549999968934571e-06,0.0006707899997309141,0.0007595770002808422,4.136699999435223e-05,0.003870511000059196,0.002325913831261178,0.0017123149941183843,0.4651827662522356,1.7367968641270728,0.054508987325258516,False,nan,nan,False,False
354,1.77,0.005000754999855417,0.001273282000056497,5.781000254501123e-06,0.001844204000008176,0.0009638510000513634,4.00950002585887e-05,0.0036312619999989693,0.0022712712771928156,0.0016669906598214788,0.45425425543856307,2.5796452212493417,0.05803339922583246,False,nan,nan,False,False
355,1.7750000000000001,0.004965718000221386,0.0010082449998662923,4.938999609294115e-06,0.0006906370003889606,0.0007256730000335665,3.934400001526228e-05,0.003949840000132099,0.002217230183605305,0.0016273183510664459,0.44344603672106103,2.324069457639894,0.06081163233463796,False,nan,nan,False,False
356,1.78,0.005033376000028511,0.0012792039997293614,5.740000233345199e-06,0.001843533999817737,0.0009713249996821105,3.971399974034284e-05,0.003625641000326141,0.0024062024406694485,0.0017814268552289077,0.4812404881338897,8.188907019870479,0.0599423947785541,False,nan,nan,False,False
357,1.7850000000000001,0.004967673000010109,0.0010102480000568903,4.668999736168189e-06,0.000691960000040126,0.0007200120003290067,3.742000035344972e-05,0.003910416000053374,0.0023671261086851817,0.0017455759317588568,0.47342522173703644,1.7306451320474359,0.05715235771372109,False,nan,nan,False,False
358,1.79,0.0049806869997155445,0.0011396210002203588,4.517999968811637e-06,0.0017887799999698473,0.0008139689998643007,3.8421999761339976e-05,0.0038016720000086934,0.0022978544463812364,0.0016864287860752156,0.45957088927624734,3.0199485333161347,0.05847079855742991,False,nan,nan,False,False
359,1.795,0.004999322000003303,0.00098127299997941,4.408000222611008e-06,0.0006762400003026414,0.0007005160000517208,4.685800013248809e-05,0.003956243000175164,0.002234137290646733,0.001629821365987598,0.44682745812934654,2.710146030674123,0.06278945914751707,False,nan,nan,False,False
360,1.8,0.004995274000066274,0.0011455920002845232,4.32800015914836e-06,0.0017841710000539024,0.0008584729998801777,3.6268000258132815e-05,0.0037993079999978363,0.002384421949980718,0.001763139862850347,0.4768843899961435,6.428689629328807,0.06280654051798969,False,nan,nan,False,False
361,1.805,0.005001987000014196,0.00094134800019674,4.458000148588326e-06,0.000672032000238687,0.0006800279998060432,3.5105999813822564e-05,0.00403099300001486,0.002338532592974978,0.001716264235604989,0.46770651859499557,2.082431148874455,0.05770400360236486,False,nan,nan,False,False
362,1.81,0.005073330999948666,0.00181101199996192,7.815000117261661e-06,0.0018683700000110548,0.001344917000096757,6.657499989159987e-05,0.0030982010002844618,0.002285182845365798,0.0016687241192369431,0.45703656907315954,2.410398606222901,0.059932010417693915,False,nan,nan,False,False
363,1.815,0.005023076000270521,0.0018345869998483977,8.455999704892747e-06,0.0008193800003937213,0.001142466000146669,0.0002569130001575104,0.0031174669998108584,0.0022583525202870317,0.0016636304311257732,0.45167050405740633,1.6861718139980844,0.06147922526346884,False,nan,nan,False,False
364,1.82,0.0050607979997039365,0.00090829600003417,1.0258999736834085e-05,0.0032895800000005693,0.0006142040001577698,5.943199994362658e-05,0.00391698900011761,0.0025501188732712124,0.0018850963614739438,0.5100237746542425,12.36623605744469,0.061881506975038345,False,nan,nan,False,False
365,1.825,0.00497685000027559,0.0020981509997000103,1.0700000075303251e-05,0.00034718300003078184,0.001276738999877125,0.00029019500016147504,0.002741851000337192,0.0025096384854488983,0.0018510134776409184,0.5019276970897797,1.7262785986699858,0.055462893177272356,False,nan,nan,False,False
366,1.83,0.004907007999918278,0.0006828629998381075,5.360000159271294e-06,0.0013257299997349037,0.0005075529998066486,3.600800027925288e-05,0.00424576600016735,0.0024597451983258225,0.0018101977885421616,0.4919490396651645,2.1269694892486437,0.05711865689807898,False,nan,nan,False,False
367,1.835,0.005044916999850102,0.0012047240002175386,8.9159998424293e-06,0.0007933910001156619,0.0008293589999084361,5.784899985883385e-05,0.0036661169997387333,0.0024133232727812912,0.0017731042789034535,0.48266465455625823,1.970835714344245,0.0606959364438155,False,nan,nan,False,False
368,1.84,0.0049346610003340174,0.0011700779996317578,4.928999715048121e-06,0.0018989170002896572,0.0008298389998344646,4.2160000248259166e-05,0.003763090000120428,0.0023359610706994473,0.0017147858063481097,0.4671922141398895,3.305843119723962,0.0610977247623881,False,nan,nan,False,False
369,1.845,0.004998720999992656,0.001016548999814404,4.769000042870175e-06,0.0007614099999955215,0.0007285689998752787,4.358199976195465e-05,0.003913032000127714,0.002343701269609477,0.0017336181715592244,0.46874025392189544,1.0434994681983798,0.06084221991946024,False,nan,nan,False,False
370,1.85,0.0049888019998434174,0.0011503209998409147,4.387999979371671e-06,0.0018592629999147903,0.0008516200000485696,4.42030000158411e-05,0.003789709000102448,0.002479017158500326,0.001804217796312027,0.4958034317000652,5.844864980567015,0.06242940295889225,False,nan,nan,False,False
371,1.855,0.005002748000151769,0.000994357999843487,4.397999873617664e-06,0.0007335079999393201,0.000718068999958632,3.6097999782214174e-05,0.003933609999876353,0.0024354192620451276,0.0017771311003066531,0.4870838524090255,1.9989502543437652,0.06292443298875605,False,nan,nan,False,False
372,1.86,0.004981167999630998,0.0011222480002288648,4.128000000491738e-06,0.0014378509999914968,0.0008228350002355,3.602799961299752e-05,0.0038277809999271994,0.002392303679429663,0.0017647698955641083,0.4784607358859326,2.234379608449801,0.06574373034606622,False,nan,nan,False,False
373,1.865,0.005004361000374047,0.0009939679998751672,3.9480000850744545e-06,0.0006130409997240349,0.0007184900000538619,3.47449999935634e-05,0.003951883999889105,0.002411760384632731,0.0017534580119488302,0.4823520769265462,2.702739102636113,0.06292904265978766,False,nan,nan,False,False
374,1.87,0.004994803999579744,0.0010924120001618576,4.18699983129045e-06,0.0017269240001951403,0.0008163329998751578,3.5105999813822564e-05,0.0038552330001948576,0.002457608148564716,0.0018339114884496355,0.4915216297129432,5.2362570120981005,0.061343638715530314,False,nan,nan,False,False
375,1.875,0.004994152000108443,0.0009671269999671495,3.657000434031943e-06,0.0006086329999561713,0.0007063469997774519,3.395400017325301e-05,0.003984786000273743,0.002435901769836426,0.0017981903054472906,0.48718035396728515,2.3923092261883436,0.06370945188285897,False,nan,nan,False,False
376,1.8800000000000001,0.004997908999939682,0.0010682470001484035,3.477000063867308e-06,0.0017305920000580954,0.000801104999936797,3.4254000183864264e-05,0.003885839999838936,0.002453074786415353,0.0017813095702375117,0.4906149572830706,4.921247674655899,0.06487266922621833,False,nan,nan,False,False
377,1.885,0.005003270000088378,0.0009673970002950227,3.8479997783724684e-06,0.00060996599995633,0.0006978709998293198,3.325300031065126e-05,0.003983573999903456,0.0024462442780870354,0.001785687792506957,0.48924885561740705,1.7576923967576834,0.0623302894885444,False,nan,nan,False,False
378,1.8900000000000001,0.004997458000161714,0.0010336219997952867,3.597000159061281e-06,0.0017329150000477966,0.0007691949999752978,3.4574999972392106e-05,0.003929181000330573,0.0024640409581819086,0.001826156792865588,0.49280819163638184,3.6710694084325475,0.06310449793712279,False,nan,nan,False,False
379,1.895,0.0050233570000273176,0.0010279610000907269,4.628999704436865e-06,0.0006047159999980067,0.0007402510000247275,3.388400000403635e-05,0.003918050999800471,0.0024575726787294987,0.0017971290976611237,0.49151453574589976,3.462974194302995,0.06539611147745995,False,nan,nan,False,False
380,1.9000000000000001,0.005004420999739523,0.0010384610000073735,6.141999620012939e-06,0.0017674499999884574,0.0007604190000165545,3.376300037416513e-05,0.003904686000169022,0.002522670701689837,0.001870183873870973,0.5045341403379674,3.7829562754887998,0.06661835869107174,False,nan,nan,False,False
381,1.905,0.00501882900016426,0.001332462999926065,5.079999937152024e-06,0.0006506219997390872,0.0009188760000142793,4.592699997374439e-05,0.0035797049999928277,0.002498620121467419,0.0018350819063203475,0.49972402429348384,2.412194305268617,0.06269212847558184,False,nan,nan,False,False
382,1.9100000000000001,0.004958444999829226,0.0012249910000718955,3.6070000533072744e-06,0.0017030990002240287,0.0008970959997895989,4.347200001575402e-05,0.0037373310001385107,0.002524403297512504,0.0018515835208876286,0.5048806595025008,1.9733773297107977,0.06553560409136178,False,nan,nan,False,False
383,1.915,0.005009771999993973,0.0009610150000298745,3.6469996302912477e-06,0.0005969720000393863,0.0007014180000624037,3.328299999338924e-05,0.00398035800026264,0.002483815376591205,0.001818792481919601,0.496763075318241,3.8483318778334046,0.06722841246034784,False,nan,nan,False,False
384,1.92,0.004997418000129983,0.0010908990002462815,3.8769999264332e-06,0.0016967879996627744,0.0008135180000863329,3.7770999824715545e-05,0.003851897000004101,0.002528396516566811,0.0018477663917190676,0.5056793033133622,3.695763285182481,0.06707300480596101,False,nan,nan,False,False
385,1.925,0.0049920579999707115,0.0009341350000795501,4.2279998524463736e-06,0.0006176500000947271,0.0006731749999744352,3.4885999866673956e-05,0.0040730320001785,0.0024852478340603246,0.001812734662242542,0.49704956681206497,2.6992544880009106,0.0626560107018243,False,nan,nan,False,False
386,1.93,0.005094030000236671,0.0014798499996686587,6.291999852692243e-06,0.0018155399998249777,0.001105767999888485,4.705899982582196e-05,0.00339021900026637,0.0025900863324733077,0.001897712240156578,0.5180172664946616,5.7461520339501115,0.06440440223143405,False,nan,nan,False,False
387,1.935,0.00493057299991051,0.0010987339996972878,5.17999978910666e-06,0.0006009190001350362,0.0007733630000075209,4.290100014259224e-05,0.0038359260001925577,0.0025490866988198903,0.0018615764539088794,0.509817339763978,2.1600620411098634,0.06483963315032541,False,nan,nan,False,False
388,1.94,0.004992939999738155,0.001153386000169121,5.149999651621329e-06,0.0017113649996645108,0.000853432999974757,4.9292999847239116e-05,0.0037817150000591937,0.0025331843372982956,0.0018693849160328901,0.5066368674596592,2.8669881136322917,0.06628905285651411,False,nan,nan,False,False
389,1.945,0.004989473000023281,0.000998044999960257,4.21799995820038e-06,0.0006144939998193877,0.0007102939998731017,3.959500008932082e-05,0.003949460000058025,0.0025487148325437823,0.0018634121802280426,0.5097429665087565,2.69227034696645,0.06390653496570056,False,nan,nan,False,False
390,1.95,0.005001236000225617,0.0011235100000703824,4.3179998101550154e-06,0.001739809000355308,0.0008377439999094349,3.962500022680615e-05,0.0038282819996311446,0.0026191581964599624,0.0019486034266667437,0.5238316392919925,4.75591900941598,0.06576247157442548,False,nan,nan,False,False
391,1.955,0.005008067999824561,0.0010027739999713958,4.387999979371671e-06,0.0006129919997874822,0.000716536000254564,3.9583999750902876e-05,0.003933569000309944,0.002597346616738625,0.0019158262294163286,0.519469323347725,2.2257077363639954,0.06658912887499205,False,nan,nan,False,False
392,1.96,0.004987820000224019,0.0010770939998110407,4.098000317753758e-06,0.0017297290000897192,0.0007854349996705423,3.6357999761094106e-05,0.0038704809999217105,0.0026104392026012986,0.0018921404683719667,0.5220878405202597,5.388544257865446,0.07147959361785608,False,nan,nan,False,False
393,1.965,0.005000894999739103,0.0009814039999582747,3.9780002225597855e-06,0.0006175100002110412,0.0007024890001048334,3.795099974013283e-05,0.00398519700001998,0.0026047283580816444,0.001899819368199926,0.520945671616329,2.029412024668135,0.06680927845156778,False,nan,nan,False,False
394,1.97,0.005058002000168926,0.0013763060001110716,7.714999810559675e-06,0.0016687550000824558,0.0009636300001147902,0.00010421599972687545,0.003553915999873425,0.002630171813197811,0.0019491466695699955,0.5260343626395623,4.563249129287277,0.06886545077219762,False,nan,nan,False,False
395,1.975,0.0050304910000704695,0.0016921490000640915,6.982999821047997e-06,0.0006367359997057065,0.0012419329996191664,7.112399998732144e-05,0.003210590999970009,0.002621299240033528,0.001929787888784347,0.5242598480067056,2.08183485654955,0.06971055053863918,False,nan,nan,False,False
396,1.98,0.005012727000121231,0.0016086519999589655,9.016999683808535e-06,0.0016530349998902238,0.0011623440000221308,7.123400018826942e-05,0.003273368999998638,0.0026353402929541214,0.0019117412864544173,0.5270680585908242,4.685693481830745,0.0682187740684486,False,nan,nan,False,False
397,1.985,0.004978862999905687,0.0014907509998920432,6.612000106542837e-06,0.0005323909999788157,0.0010224409998045303,5.1126000016665785e-05,0.0034043549999296374,0.0026295521882993547,0.0019198514072776285,0.525910437659871,2.087031354890818,0.06763366583176093,False,nan,nan,False,False
398,1.99,0.00496483699998862,0.001524113999948895,6.96300003255601e-06,0.0015521959999205137,0.0011362449999978708,4.674799993154011e-05,0.003395098000055441,0.0026965110687277474,0.001998798826703785,0.5393022137455494,4.819351631704292,0.07081334005865235,False,nan,nan,False,False
399,1.995,0.004991396999685094,0.001445907000288571,5.6500002756365575e-06,0.0009479310001552221,0.0009412279996467987,4.9743000090529677e-05,0.0034786749997692823,0.00268059940296671,0.0019745761267282724,0.536119880593342,1.8570778233916818,0.06590835541382914,False,nan,nan,False,False
400,2.0,0.004989664000277116,0.0015449919997081452,5.2400000640773214e-06,0.0020089139998162864,0.0011166470003445284,4.7649999942223076e-05,0.0034048370002892625,0.0026723270854651015,0.0019475757518124873,0.5344654170930203,3.8342050172723336,0.06888121016845977,False,nan,nan,False,False
401,2.005,0.00503768399994442,0.001132367000082013,6.2519998209609184e-06,0.00090121299990642,0.0008268329997918045,3.4826000046450645e-05,0.0037575799997284776,0.002666706410190836,0.001956892273064108,0.5333412820381672,2.504441755347893,0.07221045862078791,False,nan,nan,False,False
402,2.0100000000000002,0.0049572230000194395,0.0014895579997755704,5.4299998737405986e-06,0.0019871330000569287,0.001097181999739405,4.681800010075676e-05,0.0034523160002208897,0.002751343184907585,0.0020000000000000018,0.550268636981517,4.843619576991115,0.07040806541752605,False,nan,nan,False,False
403,2.015,0.005007437000131176,0.0012883599997621786,4.758000159199582e-06,0.0008657369999127695,0.0009402870000485564,4.492399966693483e-05,0.0036425630000849196,0.002728314579560185,0.0019919968366174934,0.5456629159120371,1.8831560124403,0.06882233475521697,False,nan,nan,False,False
404,2.02,0.004992408999896725,0.0014831759999651695,5.089999831398018e-06,0.0019747199999073928,0.001095779000024777,4.688800026997342e-05,0.0034698389999903156,0.0026965178391195,0.0019874366649481334,0.5393035678238999,3.048117307631309,0.07257440797384973,False,nan,nan,False,False
405,2.025,0.005036621999806812,0.0012070980001226417,6.042000222805655e-06,0.0008991989998321515,0.0009227940004166157,3.421399969738559e-05,0.0036871970000902365,0.0026878361675447262,0.001962144372720992,0.5375672335089452,2.4750403507228342,0.07313675372669942,False,nan,nan,False,False
406,2.0300000000000002,0.004956562000188569,0.0014508849999401718,5.389999842009274e-06,0.001420068000243191,0.0010766420000436483,4.623699987860164e-05,0.003499374000057287,0.002726761270319768,0.0020000000000000018,0.5453522540639537,3.7471966563319006,0.07212110440362209,False,nan,nan,False,False
407,2.035,0.005020160999720247,0.001314589000230626,5.7010001910384744e-06,0.0008656659997541283,0.0009496939997006848,4.5696000142925186e-05,0.003628085999935138,0.0027084120782101128,0.0019768257259931976,0.5416824156420226,1.7564961397111443,0.06850585153243105,False,nan,nan,False,False
408,2.04,0.005006625000078202,0.0014569869999832008,5.3400003707793076e-06,0.002000027000121918,0.0010852089999389136,4.522500012171804e-05,0.0034828130001187674,0.0027359122543963734,0.0020000000000000018,0.5471824508792746,4.305882654369015,0.07031480521914657,False,nan,nan,False,False
409,2.045,0.005011405000004743,0.0013809440001750772,5.731000328523805e-06,0.0008757749997130304,0.0009733480001159478,6.445100007113069e-05,0.003543707000062568,0.0027274508002811788,0.0020000000000000018,0.5454901600562357,2.0701567525079003,0.07116228645363012,False,nan,nan,False,False
410,2.05,0.005006355000205076,0.0014986959999987448,6.271999609452905e-06,0.0019343339999977616,0.0011166280000907136,4.579599999487982e-05,0.003405026000109501,0.002741372934823188,0.0020000000000000018,0.5482745869646376,2.9215391018353873,0.07199534413458746,False,nan,nan,False,False
411,2.055,0.004966420000073413,0.0012547669998639321,5.020000116928713e-06,0.0007442679998348467,0.0009093179996852996,4.333200013206806e-05,0.0036796730000787647,0.0027411867425137107,0.0020000000000000018,0.5482373485027421,0.9654880140335207,0.07021807022341582,False,nan,nan,False,False
412,2.06,0.005001125000035245,0.0015840759997445275,5.720999979530461e-06,0.0018628200000421202,0.0011699379997480719,4.8521000280743465e-05,0.003353580000293732,0.0027753084060610747,0.0020000000000000018,0.555061681212215,6.250356010670392,0.06999401053089357,False,nan,nan,False,False
413,2.065,0.004999522999696637,0.0012455290002435504,4.9690002015267964e-06,0.0007441580000886461,0.0009026650000123482,4.3342000026314054e-05,0.003697836999890569,0.002768771487005253,0.0020000000000000018,0.5537542974010506,1.18967864347468,0.07154925747518506,False,nan,nan,False,False
414,2.07,0.00503228300021874,0.00154423100002532,6.8130002546240576e-06,0.0018997689999196155,0.0011512519999996584,4.740900021715788e-05,0.003359471999829111,0.0027600506489611517,0.0020000000000000018,0.5520101297922303,1.785883272816485,0.07424798388871658,False,nan,nan,False,False
415,2.075,0.004967372000010073,0.0012336879999566008,5.1590000111900736e-06,0.0007430360001308145,0.0008944299997892813,4.4022000110999215e-05,0.0037010830001236172,0.0027515930125418062,0.0020000000000000018,0.5503186025083612,1.2517286989303493,0.0692569746083412,False,nan,nan,False,False
416,2.08,0.004998530999728246,0.0014918820002094435,5.219999820837984e-06,0.0018650940000952687,0.001124422999964736,4.3171000015718164e-05,0.0034462849998817546,0.002795729581688552,0.0020000000000000018,0.5591459163377104,4.304142839072733,0.07149261331337403,False,nan,nan,False,False
417,2.085,0.005003179000141245,0.0012679820001721964,5.300000339047983e-06,0.0007350910000241129,0.0009008820002236462,5.006400033380487e-05,0.0036631719999604684,0.0027894099587788476,0.0020000000000000018,0.5578819917557695,0.8700598116547925,0.075076679640469,False,nan,nan,False,False
418,2.09,0.004998190000151226,0.0016296009998768568,5.270000201562652e-06,0.0018659859997569583,0.0012363229998300085,4.9853999826154904e-05,0.003312663000087923,0.002774084540738744,0.0020000000000000018,0.5548169081477488,2.1255214684465353,0.07432532406533245,False,nan,nan,False,False
419,2.095,0.005006163999951241,0.001303107999774511,5.529999725695234e-06,0.0007560409999314288,0.0009308189996772853,4.734900039693457e-05,0.003628106000178377,0.0027673882302674205,0.0020000000000000018,0.5534776460534842,0.8669639569874438,0.0686936926587245,False,nan,nan,False,False
420,2.1,0.004996988000129932,0.0014491419997284538,5.089999831398018e-06,0.00187050399972577,0.0010732859996096522,4.663800018533948e-05,0.0034851579998758098,0.002808180189359137,0.0020000000000000018,0.5616360378718275,3.04534471905356,0.0722233895121516,False,nan,nan,False,False
421,2.105,0.004995233999579796,0.0012556590004351165,4.849000106332824e-06,0.0007399709998026083,0.0009025849999488855,4.523500001596403e-05,0.003680774999793357,0.0028024080570991233,0.0020000000000000018,0.5604816114198246,0.504658170353775,0.07365661535696212,False,nan,nan,False,False
422,2.11,0.005001506000098743,0.0014890780003042892,5.34999981027795e-06,0.001868720999937068,0.0011207549996470334,4.47440002062649e-05,0.003547242999957234,0.0027846694611006187,0.0020000000000000018,0.5569338922201238,2.5845461473284526,0.07375409635132964,False,nan,nan,False,False
423,2.115,0.005147570000190171,0.0016669520000505145,8.156000149028841e-06,0.0008935490000112623,0.0011740750001081324,6.067399999665213e-05,0.0031947419997777615,0.0027852300333575737,0.0020000000000000018,0.5570460066715147,0.7158014541534549,0.07094603599726362,False,nan,nan,False,False
424,2.12,0.004973463999704109,0.002091299000312574,8.485999842378078e-06,0.001982293999844842,0.0014708129997416108,6.38300002719916e-05,0.0027967840001110744,0.0028343381952513256,0.0020000000000000018,0.5668676390502652,3.6475933484691603,0.0733723393346811,False,nan,nan,False,False
425,2.125,0.004999202000362857,0.0017294790000050853,8.316000275954138e-06,0.0008621699998911936,0.0011684650003189745,5.7698999626154546e-05,0.003155727999910596,0.002825500067906322,0.0020000000000000018,0.5651000135812644,0.620810993913002,0.07394455651449908,False,nan,nan,False,False
426,2.13,0.0049975379997704295,0.0018968140002471046,8.556000011594733e-06,0.0019862110002577538,0.0014448940000875155,5.8200000239594374e-05,0.0029942349997327256,0.0028077252453963834,0.0020000000000000018,0.5615450490792766,1.8155300967846943,0.06923154661199454,False,nan,nan,False,False
427,2.1350000000000002,0.005001696999897831,0.001601999000286014,8.515999979863409e-06,0.0008669089997965784,0.0011237009998694703,6.144500002847053e-05,0.003303495999716688,0.0028202552536333294,0.0020000000000000018,0.5640510507266658,1.0429705416772754,0.07058878626511213,False,nan,nan,False,False
428,2.14,0.00501614300037545,0.0017022379997797543,8.506000085617416e-06,0.0020015199997942545,0.0012824599998566555,5.363099990063347e-05,0.0032109620001392614,0.002856799777072808,0.0020000000000000018,0.5713599554145615,3.0813276201918987,0.0730569497746135,False,nan,nan,False,False
429,2.145,0.005025801999636315,0.0017375040001752495,8.395999884669436e-06,0.0007543070000792795,0.0012871379999523924,5.368099982661079e-05,0.0030705180001859844,0.002851723392160338,0.0020000000000000018,0.5703446784320676,0.5635884973371041,0.07323406994545134,False,nan,nan,False,False
430,2.15,0.004918460000226332,0.0019680169998537167,8.496000191371422e-06,0.0017166049997285882,0.0015173110000432644,5.525400001715752e-05,0.00296207500014134,0.0028409807620032395,0.0020000000000000018,0.5681961524006479,1.0447796568293937,0.07240945904830334,False,nan,nan,False,False
431,2.1550000000000002,0.005041560999870853,0.001792638000097213,8.425000032730168e-06,0.0006638269996983581,0.0012295399997128698,5.5935000091267284e-05,0.003091548000156763,0.0028469767526552742,0.0020000000000000018,0.569395350531055,0.8265662499417497,0.07124084316165068,False,nan,nan,False,False
432,2.16,0.00500647500030027,0.0019162599996889185,1.07800001387659e-05,0.0017329559996142052,0.001473197999985132,5.547399996430613e-05,0.0029744480002591445,0.0028693742981469885,0.0020000000000000018,0.5738748596293977,1.6771312182575766,0.07511046322719478,False,nan,nan,False,False
433,2.165,0.005003569999644242,0.0017970060002880928,8.224999874073546e-06,0.00055089500028771,0.001340487999641482,5.504299997483031e-05,0.003085927000029187,0.002867061534620945,0.0020000000000000018,0.573412306924189,0.1551529649869475,0.07587662199659649,False,nan,nan,False,False
434,2.17,0.005002848999993148,0.001868640000338928,1.0960000054183183e-05,0.0016632239999125886,0.0014002809998601151,5.47430004189664e-05,0.003008691999639268,0.0028790322675934545,0.0020000000000000018,0.575806453518691,1.7415561122539158,0.07422143702104338,False,nan,nan,False,False
435,2.1750000000000003,0.004989934000150242,0.0017742730001373275,8.506000085617416e-06,0.0010439210000185994,0.001316393000251992,5.476300020745839e-05,0.0031149520000326447,0.002878573705035462,0.0020000000000000018,0.5757147410070924,0.22059411246405802,0.07234743379808706,False,nan,nan,False,False
436,2.18,0.005008328999792866,0.001929154000208655,1.0999999631167157e-05,0.0016563820004193985,0.001488367000092694,5.422200001703459e-05,0.002945443000044179,0.002899472164380611,0.0020000000000000018,0.5798944328761222,1.4499331472428068,0.0734284182662993,False,nan,nan,False,False
437,2.185,0.004987039000297955,0.0018379220000497298,8.345999958692119e-06,0.0010379290001765185,0.001379622000058589,5.518400030268822e-05,0.0030585659997086623,0.002897307477413295,0.0020000000000000018,0.5794614954826591,0.12628966857076537,0.07572071097029152,False,nan,nan,False,False
438,2.19,0.005008267999983218,0.0019072929999310873,8.565999905840727e-06,0.0015500120002798212,0.0014446740001403668,5.5604999943170696e-05,0.0029765919998681056,0.002903688340750112,0.0020000000000000018,0.5807376681500224,0.8821495393263149,0.0718466110183836,False,nan,nan,False,False
439,2.195,0.004995865999717353,0.0018378220001977752,8.296000032714801e-06,0.0009807530000216502,0.001100817999940773,5.567400012296275e-05,0.003053146000183915,0.0029058538502740724,0.0020000000000000018,0.5811707700548145,0.2052285163763728,0.0726978365651122,False,nan,nan,False,False
440,2.2,0.005003670000405691,0.0018593029999465216,8.385000000998843e-06,0.001521549000244704,0.0014052999999876192,6.607400018765475e-05,0.003085906999785948,0.002942686625490021,0.0020000000000000018,0.5885373250980042,2.5952049943392734,0.0756401260811998,False,nan,nan,False,False
441,2.205,0.005061848999957874,0.0018921349997071957,8.515999979863409e-06,0.0010427289998915512,0.0014254079997044755,5.464300011226442e-05,0.0029322580003281473,0.0029395937574988153,0.001994047531753494,0.587918751499763,0.2470184972663942,0.07646320757718265,False,nan,nan,False,False
442,2.21,0.0049353219997101405,0.0019314880000820267,8.245999651990132e-06,0.002045331999852351,0.0014751520002391771,5.485299971041968e-05,0.0029721539999627566,0.0029193469463170093,0.0020000000000000018,0.5838693892634018,2.0199139717911607,0.07217299853870555,False,nan,nan,False,False
443,2.215,0.005013568000322266,0.0016051659999902768,8.245999651990132e-06,0.0008670390002407657,0.0011479270001473196,5.312999974194099e-05,0.003255725999679271,0.0029213262740677972,0.0020000000000000018,0.5842652548135594,0.29206670402830165,0.07184484259499183,False,nan,nan,False,False
444,2.22,0.004973453999809863,0.0016169569998965017,8.775999958743341e-06,0.001955463999820495,0.0014114720001998649,1.7052000202966155e-05,0.0032464989999425597,0.0029548426953183646,0.0020000000000000018,0.5909685390636729,3.167446551173263,0.07583114311482153,False,nan,nan,False,False
445,2.225,0.00497587800009569,0.001384911000059219,8.556000011594733e-06,0.0007779519996802264,0.0011606299999584735,1.6340999991371064e-05,0.0035012879998248536,0.0029493038628922363,0.0020000000000000018,0.5898607725784473,0.5387619817945083,0.07746931852706875,False,nan,nan,False,False
446,2.23,0.00499897100007729,0.0013793109997095598,8.525999874109402e-06,0.0018862440001612413,0.0011824409998553165,1.718199973765877e-05,0.0035116070002914057,0.0029469261246442245,0.0020000000000000018,0.5893852249288449,0.801810557217576,0.07714205070885251,False,nan,nan,False,False
447,2.235,0.005016272999910143,0.0010659629997462616,8.395999884669436e-06,0.0007059360000312154,0.0008791420000306971,1.6321000202879077e-05,0.0038071320000199194,0.0029520270592655533,0.0020000000000000018,0.5904054118531106,0.6249976322581055,0.07367155471839541,False,nan,nan,False,False
448,2.24,0.004985716999726719,0.0019384920001357386,8.54700010677334e-06,0.0018133359999410459,0.0014935760000298615,5.5263999911403516e-05,0.002985328000249865,0.002957272674588292,0.0020000000000000018,0.5914545349176583,0.4587854323191326,0.07630806121021041,False,nan,nan,False,False
449,2.245,0.005035199000303692,0.0018621290000737645,8.354999863513513e-06,0.0007224569999380037,0.001414787999692635,5.5794999752833974e-05,0.0030272969997895416,0.002955734705033086,0.0020000000000000018,0.5911469410066172,0.12106698180892415,0.07514496436916078,False,nan,nan,False,False
450,2.25,0.005000634999760223,0.0018218519999209093,8.185999831766821e-06,0.00175731099989207,0.0011915179998140957,6.328900008156779e-05,0.0030696470003022114,0.0029752881945458443,0.0020000000000000018,0.5950576389091689,1.4022262180135059,0.0743624876823556,False,nan,nan,False,False
451,2.255,0.005004030000236526,0.0017086699999708799,8.677000096213305e-06,0.0006684959998892737,0.0012621810001292033,5.4321999868989224e-05,0.0031667299999753595,0.00297050787963451,0.0020000000000000018,0.594101575926902,0.4483292851611914,0.07429759274872416,False,nan,nan,False,False
452,2.2600000000000002,0.00500903100009964,0.0018256589996781258,1.0940999800368445e-05,0.0017384460002176638,0.0013670280000042112,5.4983000154607e-05,0.0030508220002047892,0.002979528022233298,0.0020000000000000018,0.5959056044466596,0.6149876494364086,0.07702050330020783,False,nan,nan,False,False
453,2.265,0.004987218999758625,0.0016228780000346887,8.286000138468808e-06,0.0006718719996570144,0.0012033200000587385,5.336099957276019e-05,0.0032584919999862905,0.002978230421839599,0.0020000000000000018,0.5956460843679198,0.08581232596379507,0.07774321952530684,False,nan,nan,False,False
454,2.27,0.005012847000216425,0.0017821079995883338,1.0620000011840602e-05,0.0017478640002082102,0.001344145000075514,5.3589999879477546e-05,0.0030825410003672005,0.002993453085039143,0.0020000000000000018,0.5986906170078286,1.0436261498130024,0.07447106916956711,False,nan,nan,False,False
455,2.275,0.0049756169996726385,0.0017027590001816861,8.255000011558877e-06,0.0005686280001100386,0.0012824189998354996,5.48230000276817e-05,0.0032082369998533977,0.0029921794083673523,0.0020000000000000018,0.5984358816734704,0.06936053224399447,0.07461564040406583,False,nan,nan,False,False
456,2.2800000000000002,0.005030902000271453,0.0017183079999085749,1.1231999906158308e-05,0.0016899449997254123,0.0012195409999549156,5.625599987979513e-05,0.0031414310001309786,0.003002759901608539,0.0020000000000000018,0.6005519803217079,0.8495689463555999,0.07542583863984363,False,nan,nan,False,False
457,2.285,0.004973652999979095,0.0018096099997819692,8.296000032714801e-06,0.0010815919999913604,0.001351748999695701,5.5233999773918185e-05,0.003084845000103087,0.0029981646053369674,0.0020000000000000018,0.5996329210673934,0.4553598033878398,0.07797689502660189,False,nan,nan,False,False
458,2.29,0.005006174999834911,0.0018943489999401208,1.3545000001613516e-05,0.0016369159998248506,0.0014344050000545394,5.5765000070095994e-05,0.003011788000094384,0.0030120944431439654,0.0020000000000000018,0.6024188886287931,0.9496378061757242,0.07432637293905174,False,nan,nan,False,False
459,2.295,0.005018238000047859,0.0015651700000489654,8.416000127908774e-06,0.0010401039999123896,0.0010943459997179161,5.4612999974779086e-05,0.0032958719998532615,0.0030117093623911336,0.0020000000000000018,0.6023418724782267,0.06471430421103039,0.07318308444146758,False,nan,nan,False,False
460,2.3000000000000003,0.004971709000074043,0.0019480900000417023,8.395999884669436e-06,0.0020670330000029935,0.0015117699999791512,5.5284000154642854e-05,0.0029469259998222697,0.003018389204594607,0.0020000000000000018,0.6036778409189214,0.5322938315908805,0.07839149522313212,False,nan,nan,False,False
461,2.305,0.005010974000015267,0.001648366999688733,8.695999895280693e-06,0.0008883690002221556,0.0011632060000010824,5.556399992201477e-05,0.00323757200021646,0.0030173247182634752,0.0020000000000000018,0.603464943652695,0.20267005007591066,0.07949684915243722,False,nan,nan,False,False
462,2.31,0.004997729000024265,0.0019134949998260709,8.225000328820897e-06,0.0020242129999132885,0.0014569770000889548,5.7978999848273816e-05,0.0029781849998471444,0.0030324704965429138,0.0020000000000000018,0.6064940993085828,1.051144679632205,0.07468759833289994,False,nan,nan,False,False
463,2.315,0.005003479999686533,0.0015752790000078676,8.665999757795362e-06,0.0008633420002297498,0.0011169079998580855,5.3169999773672316e-05,0.003300401000160491,0.003031162579123712,0.0020000000000000018,0.6062325158247425,0.10427838405754955,0.07434726863033217,False,nan,nan,False,False
464,2.32,0.004987921000065398,0.001943831000062346,8.445999810646754e-06,0.0019797189997916576,0.001404357999945205,5.626599977404112e-05,0.002969187999951828,0.003039926451017833,0.0020000000000000018,0.6079852902035666,0.6167077502642322,0.0776020406510788,False,nan,nan,False,False
465,2.325,0.005025280000154453,0.0015839759998925729,8.295000043290202e-06,0.0009077049999177689,0.0011055669997404038,6.137499985925388e-05,0.003289049000159139,0.0030384461113102143,0.0020000000000000018,0.6076892222620428,0.26250102146345183,0.07606119557681269,False,nan,nan,False,False
466,2.33,0.004985144999864133,0.0017895620003400836,8.385999990423443e-06,0.0019809309997071978,0.0013494160002665012,5.391200011217734e-05,0.003089393999744061,0.003049471756561394,0.0020000000000000018,0.6098943513122789,0.7709064141329954,0.076527717872087,False,nan,nan,False,False
467,2.335,0.004989905000002182,0.0017327750001641107,8.305999926960794e-06,0.000804380999852583,0.0013137880000613222,5.358099997465615e-05,0.003157711999847379,0.003048527427486381,0.0020000000000000018,0.6097054854972762,0.11833147253586936,0.07666837162665284,False,nan,nan,False,False
468,2.34,0.005001876000278571,0.001765656999850762,8.565999905840727e-06,0.0018762549998427858,0.0013443949997054006,5.436199990072055e-05,0.003128086999822699,0.0030633386286878653,0.0020000000000000018,0.612667725737573,1.0960950738482984,0.07712589715195203,False,nan,nan,False,False
469,2.345,0.00500547399997231,0.0017013859996950487,8.366000201931456e-06,0.0007358919997386693,0.0012688339998021547,6.972100027269335e-05,0.003212285000245174,0.0030609007371942463,0.0020000000000000018,0.6121801474388492,0.19423790485533352,0.07686372759103563,False,nan,nan,False,False
470,2.35,0.005024820000016916,0.0018308589997104718,8.456000159640098e-06,0.0018272419997629186,0.001385082000069815,5.527399980564951e-05,0.003037286000107997,0.003072251606228305,0.0020000000000000018,0.614450321245661,0.7920458817109971,0.07645112975307326,False,nan,nan,False,False
471,2.355,0.004979523999736557,0.0016012080000109563,8.655999863549368e-06,0.0006703799999741022,0.0011177699998370372,5.295900018609245e-05,0.0032848210003066924,0.0030722005220485842,0.0020000000000000018,0.6144401044097169,0.18790056031624067,0.07463644414159135,False,nan,nan,False,False
472,2.36,0.005016294000142807,0.001949101999798586,1.0879999990720535e-05,0.0017564590002621117,0.0015067710000948864,5.508399999598623e-05,0.002913313000135531,0.003089095369388322,0.0020000000000000018,0.6178190738776644,1.1374438955103154,0.07955644438941255,False,nan,nan,False,False
473,2.365,0.004973803999746451,0.0018526410003687488,8.255000011558877e-06,0.0005101079996165936,0.0013830880002387858,5.443299960461445e-05,0.0030367639997166407,0.003087189158398393,0.0020000000000000018,0.6174378316796787,0.17679179049412533,0.08159373354495195,False,nan,nan,False,False
474,2.37,0.005005303000416461,0.0019057999998040032,1.1450999863882316e-05,0.0016503210003975255,0.001447569999982079,6.573400014531217e-05,0.0029868420001548657,0.003094566472027273,0.0020000000000000018,0.6189132944054546,0.5810331359366291,0.07857549506907051,False,nan,nan,False,False
475,2.375,0.005003890999887517,0.0017656169998190308,8.315999821206788e-06,0.0010242339999422256,0.001136694999786414,6.354999959512497e-05,0.003117316000043502,0.0030939350795981153,0.0020000000000000018,0.618787015919623,0.11914575263863013,0.07723258213244198,False,nan,nan,False,False
476,2.38,0.004994101999727718,0.0018576500001472596,8.616000286565395e-06,0.0015564539999104454,0.0013959419998172962,5.5483999858552124e-05,0.003072973000143975,0.0030980207587011765,0.0020000000000000018,0.6196041517402353,0.503420439523081,0.07961684400986299,False,nan,nan,False,False
477,2.3850000000000002,0.0050445470001250214,0.0018870449998757977,8.204999630834209e-06,0.0009598329997970723,0.0014185750001161068,5.558500015467871e-05,0.0029610620003950316,0.003098739243908114,0.0020000000000000018,0.6197478487816227,0.1748897956997512,0.08160863505976919,False,nan,nan,False,False
478,2.39,0.00496012800022072,0.0019416169998294208,8.475999948132085e-06,0.002036906999819621,0.0015046260000417533,5.477300010170438e-05,0.002940444000159914,0.0031126883565646157,0.0020000000000000018,0.622537671312923,1.0210894385432336,0.07326581993012989,False,nan,nan,False,False
479,2.395,0.004993690999981482,0.0017945619997590256,8.385999990423443e-06,0.0008633320003355038,0.001158988000042882,6.374000031428295e-05,0.0031002040000203124,0.003110585511780128,0.0020000000000000018,0.6221171023560256,0.3209872271124829,0.07355836725928759,False,nan,nan,False,False
480,2.4,0.005006926000078238,0.0018985869996868132,8.385999990423443e-06,0.0019663339999169693,0.0014549740003531042,5.623500010187854e-05,0.0029847169998902245,0.003130084223034712,0.0020000000000000018,0.6260168446069423,1.2778087989364435,0.078109876501847,False,nan,nan,False,False
481,2.4050000000000002,0.0049938719998863235,0.0015775140000187093,8.37600009617745e-06,0.0007313839996641036,0.001111076999677607,5.29599997207697e-05,0.0033629869999458606,0.003128955420619852,0.0020000000000000018,0.6257910841239703,0.2548951898090703,0.08082044795172909,False,nan,nan,False,False
482,2.41,0.00505235199989329,0.0018517789999350498,8.195999726012815e-06,0.001916500999868731,0.0014071139999032312,5.5003999932523584e-05,0.0029904470002293237,0.003145340470679084,0.0020000000000000018,0.6290680941358168,1.051507618378939,0.07549265983588008,False,nan,nan,False,False
483,2.415,0.004954237000220019,0.0018386639999334875,8.266000349976821e-06,0.0006811190000917122,0.0013902619998589216,5.583500023931265e-05,0.003051081999728922,0.0031459274406735386,0.0020000000000000018,0.6291854881347078,0.3238059598965023,0.07958597273541293,False,nan,nan,False,False
484,2.42,0.005001294999601669,0.001920899000197096,8.354999863513513e-06,0.001796946000013122,0.001507772999957524,3.7800999962200876e-05,0.002931858000010834,0.0031602892074800025,0.0020000000000000018,0.6320578414960004,0.995786789132755,0.08340820695258748,False,nan,nan,False,False
485,2.4250000000000003,0.004964235999977973,0.0007939420002003317,8.395999884669436e-06,0.0005663339998136507,0.0006069900000511552,1.6321000202879077e-05,0.004094902999895567,0.0031662057934930877,0.0020000000000000018,0.6332411586986175,0.5265280214667071,0.07970582020706252,False,nan,nan,False,False
486,2.43,0.005015954000100464,0.0019373590002942365,1.0490000022400636e-05,0.0017127779997281323,0.0014568270003110229,7.098300011421088e-05,0.0029705509996347246,0.003183400582762455,0.0020000000000000018,0.636680116552491,1.0813142612300928,0.07992815737108262,False,nan,nan,False,False
487,2.435,0.005018887999995059,0.0018010740000136138,8.254999556811526e-06,0.0006659409996245813,0.001347391000308562,5.4803000239189714e-05,0.003084173999923223,0.0031863695875780896,0.0020000000000000018,0.6372739175156178,0.255254327285379,0.08350856857855118,False,nan,nan,False,False
488,2.44,0.0050128380003116035,0.0013247079996290267,1.0891000329138478e-05,0.0017495170000074722,0.0011261750000812754,1.6520999906788347e-05,0.003515675000016927,0.0031999698825966416,0.0020000000000000018,0.6399939765193284,0.9249912300012039,0.07914653897597812,False,nan,nan,False,False
489,2.445,0.004966900999988866,0.0019209580000278947,8.275999789475463e-06,0.0006569739998667501,0.0014802099999542406,5.694700030289823e-05,0.0029871119995732442,0.003201897597211154,0.0020000000000000018,0.6403795194422307,0.32240163225815444,0.07938594020413292,False,nan,nan,False,False
490,2.45,0.005039105999912863,0.001756469999691035,1.098100028684712e-05,0.0017485349999333266,0.00132677200008402,5.4292000186251244e-05,0.003101166000305966,0.003219731063854786,0.0020000000000000018,0.6439462127709572,1.0936574809417923,0.08263754063671873,False,nan,nan,False,False
491,2.455,0.004975566999746661,0.003046784000162006,9.698999747342896e-06,0.0005690890002369997,0.0021856859998479194,5.446199975267518e-05,0.00183182199998555,0.003218986263480889,0.0020000000000000018,0.6437972526961777,0.15032906243178565,0.08365998180502736,False,nan,nan,False,False
492,2.46,0.004979544999969221,0.0019690890003403183,7.673999789403751e-06,0.0015491110002585629,0.0015424170001097082,5.43620003554679e-05,0.002946996999980911,0.003231563608024138,0.0020000000000000018,0.6463127216048276,0.8738123851043088,0.07916809221833884,False,nan,nan,False,False
493,2.465,0.005034627999975783,0.0016060269999798038,8.485999842378078e-06,0.0009743599998728314,0.0011518640003487235,5.436199990072055e-05,0.003265385000304377,0.003229908711423782,0.0020000000000000018,0.6459817422847564,0.19011962998694773,0.07807818845744248,False,nan,nan,False,False
494,2.47,0.004983111999990797,0.0017335570000795997,8.385000000998843e-06,0.0020402529999046237,0.0013136369998392183,5.392100001699873e-05,0.003154676000121981,0.0032362244960169755,0.0020000000000000018,0.6472448992033951,0.5214072730706598,0.08364290334441896,False,nan,nan,False,False
495,2.475,0.004998741000235896,0.0017099020001296594,8.246000106737483e-06,0.0008813259996713896,0.0010810209996634512,5.920099965806003e-05,0.0031840619999456976,0.003240137234689331,0.0020000000000000018,0.6480274469378662,0.396347983313566,0.0833625310481648,False,nan,nan,False,False
496,2.48,0.005006455000057031,0.001932579999902373,8.71600013852003e-06,0.001988945999983116,0.0014762830001018301,5.920100011280738e-05,0.002952627000013308,0.0032606339468840995,0.0020000000000000018,0.6521267893768198,1.3238257902485444,0.07998985077196322,False,nan,nan,False,False
497,2.485,0.004997477999950206,0.0017668199998297496,8.526000328856753e-06,0.000805243000286282,0.001138829999945301,6.294800004980061e-05,0.003121744000054605,0.0032574551719819216,0.0020000000000000018,0.6514910343963843,0.2937833383686318,0.0801829668777865,False,nan,nan,False,False
498,2.49,0.00500149599974975,0.0019159700000273006,8.446000265394105e-06,0.0018865239999286132,0.0014568169999620295,6.715599965900765e-05,0.0029691280001316045,0.0032780284792046075,0.0020000000000000018,0.6556056958409215,1.4228097885144144,0.08249451070462487,False,nan,nan,False,False
499,2.495,0.0049963670003307925,0.0016940119999162562,8.405000244238181e-06,0.0007296310000128869,0.001275196000278811,5.345999989003758e-05,0.0032721170000513666,0.0032768790556916175,0.0020000000000000018,0.6553758111383234,0.2885353001985882,0.0867799061798828,False,nan,nan,False,False
500,2.5,0.005081435999727546,0.0015648800003873475,8.585999694332713e-06,0.00020805099984499975,0.0011482770000839082,5.420199977379525e-05,0.003239394999582146,0.003274918622771742,0.0020000000000000018,0.6549837245543484,0.20654442854750374,0.08042895711352721,False,nan,nan,False,False
501,2.505,0.0049171270002261735,0.0016441590000795259,8.125000022118911e-06,0.0006783349999750499,0.001213218999964738,5.372100031308946e-05,0.0032446159998471558,0.0032842470187992023,0.0020000000000000018,0.6568494037598406,0.7297247450257103,0.08232433410834561,False,nan,nan,False,False
502,2.5100000000000002,0.004999873000087973,0.0017430449997846154,8.77699994816794e-06,0.0017308220003542374,0.001314329000251746,5.340000006981427e-05,0.003142724000099406,0.0033098424334271855,0.0020000000000000018,0.6619684866854372,1.5742103789737532,0.08442816908452085,False,nan,nan,False,False
503,2.515,0.004997848999664711,0.0017168160002256627,8.385999990423443e-06,0.0006640079996032,0.0012921779998578131,5.3731000207335455e-05,0.0031743529998493614,0.0033077346037663903,0.0020000000000000018,0.661546920753278,0.25422019472180174,0.08861295026339455,False,nan,nan,False,False
504,2.52,0.005022215000280994,0.0017314429996986291,1.0689999726309907e-05,0.0017347680000057153,0.0013101210001877917,5.323000004864298e-05,0.0031349500000033004,0.0033195501607025083,0.0020000000000000018,0.6639100321405017,0.7817221609698062,0.08273986207700242,False,nan,nan,False,False
505,2.525,0.004980426999736665,0.0018038890002571861,8.425000032730168e-06,0.0006615930001316883,0.001300273000197194,5.412200016507995e-05,0.003082339999764372,0.0033219235179358718,0.0020000000000000018,0.6643847035871744,0.2814526463578271,0.08448377390779738,False,nan,nan,False,False
506,2.5300000000000002,0.0049975179999819375,0.0012238190001880866,8.596000043326057e-06,0.00174683199975334,0.001011600999845541,1.6911999864532845e-05,0.003639346999989357,0.0033400334482729514,0.0020000000000000018,0.6680066896545902,1.2008131012059322,0.08622308353530654,False,nan,nan,False,False
507,2.535,0.004974656000285904,0.0011493389997667691,8.285000149044208e-06,0.0006372779998855549,0.0008748529999138555,1.7593000393389957e-05,0.0037415890001284424,0.003337526549483295,0.0020000000000000018,0.667505309896659,0.36964917551059495,0.08604418188957941,False,nan,nan,False,False
508,2.54,0.005017395999857399,0.00181469900007869,1.0478999683982693e-05,0.0017312820000370266,0.0013455179996526567,5.809900039821514e-05,0.0030887919997439894,0.0033534862027091764,0.0020000000000000018,0.6706972405418352,1.0759020792170524,0.08528021991706268,False,nan,nan,False,False
509,2.545,0.00501745600013237,0.001902944999983447,8.185999831766821e-06,0.000672843999836914,0.0014662149997093366,5.543399993257481e-05,0.0029870710000068357,0.003347827198280916,0.0020000000000000018,0.6695654396561832,0.43367254646879605,0.08387360424301171,False,nan,nan,False,False
510,2.5500000000000003,0.005021243000101094,0.0017429039999115048,1.0921000011876458e-05,0.0017385159999321331,0.0013206419998823549,5.383100005929009e-05,0.003113498999937292,0.003357896706918555,0.0020000000000000018,0.6715793413837109,1.0125932830957023,0.0837917180483176,False,nan,nan,False,False
511,2.555,0.004967411999587057,0.001693040000191104,8.295000043290202e-06,0.0005599720002464892,0.0012615000000550936,5.335000014383695e-05,0.0032162630000129866,0.0033553414286258284,0.0020000000000000018,0.6710682857251655,0.2685487451656682,0.08830294401868072,False,nan,nan,False,False
512,2.56,0.005029278000165505,0.0017500980002296274,1.109000004362315e-05,0.0016898240000955411,0.0011923699998988013,5.623600009130314e-05,0.003113368999947852,0.003361573625818797,0.0020000000000000018,0.6723147251637593,0.7235169895004714,0.08813277227431608,False,nan,nan,False,False
513,2.565,0.004974535000201286,0.001653556999826833,8.426000022154767e-06,0.0010580879998087767,0.0010773240001071827,5.628600001728046e-05,0.0032341460000679945,0.003360681544944838,0.0020000000000000018,0.6721363089889676,0.27447759586417286,0.08249319803105284,False,nan,nan,False,False
514,2.57,0.004998730999886902,0.0017951919999177335,8.525999874109402e-06,0.0015677249998589105,0.0013689720003640105,5.215800001678872e-05,0.0030912180000086664,0.003377384650644939,0.0020000000000000018,0.6754769301289878,1.4490829706592243,0.08770157430938141,False,nan,nan,False,False
515,2.575,0.004997428000024229,0.0016258749997177802,8.466000053886091e-06,0.0009829570003603294,0.001153287000306591,5.3249999837134965e-05,0.0032639620003465097,0.003372251066380235,0.0020000000000000018,0.6744502132760468,0.4076243114865504,0.09099555498456653,False,nan,nan,False,False
516,2.58,0.005001836999781517,0.0016661600002407795,8.565999905840727e-06,0.0020575050002662465,0.0012202319999232714,5.3560000196739566e-05,0.0032241069998235616,0.0033884090976194427,0.0020000000000000018,0.6776818195238885,1.375935442412609,0.08637837822169553,False,nan,nan,False,False
517,2.585,0.005002358000183449,0.0016637749999972584,8.215999969252152e-06,0.0008910840001590259,0.001104995999867242,5.605500018646126e-05,0.0032384440000896575,0.0033872711757426195,0.0020000000000000018,0.6774542351485239,0.34272984372196835,0.0819249367695357,False,nan,nan,False,False
518,2.59,0.005014349999783008,0.0017241690002265386,8.365999747184105e-06,0.002008563999879698,0.001287237999804347,5.473300006997306e-05,0.0031828189999032475,0.0034001838497955987,0.0020000000000000018,0.6800367699591198,1.1190152790178929,0.08738591363932528,False,nan,nan,False,False
519,2.595,0.005019129000174871,0.0016653080001560738,8.526000328856753e-06,0.000844437000068865,0.0012420929997460917,5.384199994296068e-05,0.0031910449997667456,0.0033967560310886706,0.0020000000000000018,0.679351206217734,0.30248614448639144,0.08651158278354303,False,nan,nan,False,False
520,2.6,0.004969436000010319,0.001805480999792053,8.286000138468808e-06,0.001880342000276869,0.0013240369999039103,5.3930999911244726e-05,0.0030766600002607447,0.0034066840798788575,0.0020000000000000018,0.6813368159757716,0.9053253847468311,0.08237953204753536,False,nan,nan,False,False
521,2.605,0.004996216000108689,0.0017189689997394453,8.256000000983477e-06,0.0007266050001817348,0.0012882299997727387,6.484200002887519e-05,0.003175805999944714,0.003404986627084398,0.0020000000000000018,0.6809973254168796,0.3000736137850628,0.08545269408406839,False,nan,nan,False,False
522,2.61,0.005005854000046384,0.0018596029999571329,8.325000180775532e-06,0.001812134000374499,0.0014221520000319288,5.53640002181055e-05,0.0030321169997478137,0.0034158472312908464,0.0020000000000000018,0.6831694462581692,1.0000685278499308,0.08851171492679076,False,nan,nan,False,False
523,2.615,0.005002186999718106,0.0016871400002855808,8.214999979827553e-06,0.0006642779999310733,0.0012660580000556365,5.323000004864298e-05,0.0032796609998513304,0.0034184026635610955,0.0020000000000000018,0.683680532712219,0.3485779364786394,0.09081528382934573,False,nan,nan,False,False
524,2.62,0.005088500000056229,0.0014987049999035662,8.246000106737483e-06,0.0002044140001089545,0.001088745000288327,5.323000004864298e-05,0.0033383520003553713,0.0034144001769135877,0.0020000000000000018,0.6828800353827176,0.39848475790563465,0.08743042990550651,False,nan,nan,False,False
525,2.625,0.0049850750001496635,0.00103225900011239,8.286000138468808e-06,0.0007481659999939438,0.0008340660001522338,1.622099989617709e-05,0.003745557000002009,0.003424623867571981,0.0020000000000000018,0.6849247735143962,0.9344701616779922,0.08604289710536171,False,nan,nan,False,False
526,2.63,0.004905605999738327,0.0017920660002346267,1.0710000424296595e-05,0.0017352899999423244,0.0013525409999601834,6.438099990191404e-05,0.003107918999830872,0.0034374308991191953,0.0020000000000000018,0.687486179823839,1.1275062745581168,0.09113200956762882,False,nan,nan,False,False
527,2.6350000000000002,0.0050112940002691175,0.0017096319998017862,8.395999884669436e-06,0.0006635659997300536,0.0012791929998456908,3.2730999919294845e-05,0.003154055000322842,0.0034352125150015366,0.0020000000000000018,0.6870425030003072,0.2925251215173969,0.09146042746527644,False,nan,nan,False,False
528,2.64,0.004991246999907162,0.001602911000190943,1.0750999990705168e-05,0.0017289179995714221,0.0013994989999446261,1.6431000403827056e-05,0.003266606999659416,0.003448003036967197,0.0020000000000000018,0.6896006073934395,1.066142622207825,0.08435100986799557,False,nan,nan,False,False
529,2.645,0.004979944999831787,0.0016740949999984878,8.385999990423443e-06,0.0006346529999063932,0.0012560499999381136,5.360100021789549e-05,0.0033220510003957315,0.0034493106021929025,0.0020000000000000018,0.6898621204385804,0.3488577106989078,0.08596027129200676,False,nan,nan,False,False
530,2.65,0.005109950000132812,0.0015662020000490884,8.626000180811388e-06,0.00018662000002223067,0.0011158970000906265,5.4522000027645845e-05,0.003238825000153156,0.003446342063432318,0.0020000000000000018,0.6892684126864635,0.3537424097741942,0.08930134809308073,False,nan,nan,False,False
531,2.6550000000000002,0.004917769000257977,0.0016446489998998004,8.515999979863409e-06,0.0006492590000561904,0.0012147219999860681,6.41299998278555e-05,0.0033477500001026783,0.0034574766792994953,0.0020000000000000018,0.691495335859899,1.0732617084478306,0.09012861620139981,False,nan,nan,False,False
532,2.66,0.005103476999920531,0.0015855189999456343,8.585999694332713e-06,0.00020769999991898658,0.0011571430000003602,5.337999982657493e-05,0.003222072999960801,0.003455239414398026,0.0020000000000000018,0.6910478828796052,0.35901612969996993,0.09202188771701263,False,nan,nan,False,False
533,2.665,0.004919902999972692,0.0017237879997082928,8.385000000998843e-06,0.0006860890002826636,0.0012925179999001557,5.285899987939047e-05,0.003142103000300267,0.0034630614347539433,0.0020000000000000018,0.6926122869507887,0.7797003015712015,0.08944329589912214,False,nan,nan,False,False
534,2.67,0.004997958999865659,0.0018693920001169317,1.0739999652287224e-05,0.0017508490000182064,0.0014312690000224393,5.512300003829296e-05,0.0030120789997454267,0.0034843058092849342,0.0020000000000000018,0.6968611618569869,1.6746975750792978,0.09156690335677774,False,nan,nan,False,False
535,2.6750000000000003,0.005001416000141035,0.0018513279997023346,8.144999810610898e-06,0.0006867700003567734,0.0014061520000723249,5.516300007002428e-05,0.0031142010002440657,0.0034835326919835023,0.0020000000000000018,0.6967065383967004,0.281858999468267,0.0956236737020135,False,nan,nan,False,False
536,2.68,0.005077137999705883,0.0015026430000943947,8.416000127908774e-06,0.00020264099975975114,0.0010943560000669095,5.292900004860712e-05,0.0032897599999159866,0.0034835751217275335,0.0020000000000000018,0.6967150243455067,0.22442493981391204,0.08873969257880353,False,nan,nan,False,False
537,2.685,0.0049039530003938125,0.0016846449998411117,8.324999726028182e-06,0.0006663209996986552,0.001263112000287947,5.476300020745839e-05,0.0031530229998679715,0.003502132353533043,0.0020000000000000018,0.7004264707066085,1.459201242656765,0.0873995502350164,False,nan,nan,False,False
538,2.69,0.004971539999587549,0.0016290600001411804,1.3936999948782614e-05,0.0017061450002984202,0.001193050999972911,5.3980999837222043e-05,0.0032275940002364223,0.003515102785004031,0.0020000000000000018,0.7030205570008062,1.0535385918531295,0.09250300492557248,False,nan,nan,False,False
539,2.695,0.004920654000216018,0.0015525959997830796,5.34999981027795e-06,0.0005571669998971629,0.0010441109998282627,5.052500000601867e-05,0.0034395620000395866,0.0035130411021359166,0.0020000000000000018,0.7026082204271833,0.25924053212796316,0.09630762314055065,False,nan,nan,False,False
540,2.7,0.00512414600007105,0.001900890999877447,1.0489000032976037e-05,0.001695254000424029,0.0014532509999298782,5.453199992189184e-05,0.002968506999877718,0.00352784307309627,0.0020000000000000018,0.705568614619254,1.1330364029412499,0.09325383591362751,False,nan,nan,False,False
541,2.705,0.004981477999990602,0.0016741459999138897,8.586000149080064e-06,0.0006594189999304945,0.0012549269999908574,5.2879000122629805e-05,0.0032148089999282092,0.003527057507102415,0.0020000000000000018,0.7054115014204829,0.4122931597710588,0.08709276635190105,False,nan,nan,False,False
542,2.71,0.005021273999773257,0.0016418340001109755,1.0810999810928479e-05,0.0017441869999856863,0.0011868490000779275,5.3981000291969394e-05,0.00324745099987922,0.003547713082181128,0.0020000000000000018,0.7095426164362256,1.509283812893384,0.09030711263547549,False,nan,nan,False,False
543,2.715,0.005000634000225546,0.0017844919998424302,8.596000043326057e-06,0.0006610020000152872,0.0013285360000736546,5.5855000027804635e-05,0.00309231000028376,0.0035442343235948487,0.0020000000000000018,0.7088468647189697,0.3755477925002936,0.09395503725068867,False,nan,nan,False,False
544,2.72,0.005007116999877326,0.0020029219999742054,1.8435000129102264e-05,0.0017356509997625835,0.0015347930002462817,5.402099986895337e-05,0.002834265000274172,0.00355884677478599,0.0020000000000000018,0.7117693549571981,1.1246556079397563,0.08821731023083083,False,nan,nan,False,False
545,2.725,0.00495003900005031,0.0017821080000430811,8.444999821222154e-06,0.0005235529997662525,0.0013530830001400318,5.395200014390866e-05,0.0030758580001020164,0.0035568094114535533,0.0020000000000000018,0.7113618822907107,0.3919259334797766,0.0886624689311551,False,nan,nan,False,False
546,2.73,0.004925052000089636,0.0016086719997474574,5.599999894911889e-06,0.0015465850001419312,0.001193021000290173,5.812900008095312e-05,0.0033119520003310754,0.0035756688093603857,0.0020000000000000018,0.7151337618720771,1.4302660731113468,0.0913218585377713,False,nan,nan,False,False
547,2.735,0.004982088999895495,0.0013134380001247337,5.249999958323315e-06,0.0009172730001409946,0.0009515780002402607,4.8691000301914755e-05,0.0036336359999040724,0.0035775637679962115,0.0020000000000000018,0.7155127535992424,0.3463631752471311,0.09491136639819721,False,nan,nan,False,False
548,2.74,0.005030159999932948,0.0015966500000104134,5.079999937152024e-06,0.0014617459996770776,0.0010510239999348414,5.1297000027261674e-05,0.0033091360000980785,0.0035939750096748366,0.0020000000000000018,0.7187950019349671,1.2807542074096419,0.09419585867702539,False,nan,nan,False,False
549,2.745,0.004973613999936788,0.0012863659999311494,5.379999947763281e-06,0.0008598960002927925,0.0009195279999403283,4.561600007946254e-05,0.0036445069999899715,0.003596206233874942,0.0020000000000000018,0.7192412467749885,0.40932112241390195,0.08845250774248267,False,nan,nan,False,False
550,2.75,0.0049930800000765885,0.0015065900001900445,5.32000012753997e-06,0.0018973940000250877,0.0010869419998016383,5.663700039804098e-05,0.00344083399977535,0.003614258214763863,0.0020000000000000018,0.7228516429527725,1.3073089571211323,0.09339007334151203,False,nan,nan,False,False
551,2.755,0.0050120860000788525,0.0013732590000472555,5.109000085212756e-06,0.0007509100000788749,0.000973799000348663,6.016299994371366e-05,0.003557083000032435,0.0036175067857709005,0.0020000000000000018,0.72350135715418,0.4273804808094618,0.0941696963745127,False,nan,nan,False,False
552,2.7600000000000002,0.004994162000002689,0.0014520270001412428,5.009000233258121e-06,0.001847951999934594,0.0010689780001484905,4.49040003331902e-05,0.0034788759999173635,0.0036360002039430264,0.0020000000000000018,0.7272000407886052,1.357666129559691,0.09615113395642223,False,nan,nan,False,False
553,2.765,0.004988831999980903,0.0012303610001254128,5.169999894860666e-06,0.0007377359997917665,0.0008831989998725476,4.390200001580524e-05,0.003708146000008128,0.0036295315966859945,0.0020000000000000018,0.7259063193371988,0.5486438476227938,0.08959073919486103,False,nan,nan,False,False
554,2.77,0.004997037000066484,0.0014045289999558008,9.02700003280188e-06,0.0018413689999761118,0.001035665000017616,7.022199997663847e-05,0.003549768000084441,0.003647361077150027,0.0020000000000000018,0.7294722154300053,1.2822925578103108,0.09562428450833324,False,nan,nan,False,False
555,2.775,0.005013267999856907,0.0012233890001880354,4.948999958287459e-06,0.0007306830002562492,0.0008729099999982282,4.500500017456943e-05,0.0037098489997333672,0.0036464699668491826,0.0020000000000000018,0.7292939933698365,0.3309056607625517,0.09678890641047869,False,nan,nan,False,False
556,2.7800000000000002,0.004991456999960064,0.0014916220002305636,4.889000138064148e-06,0.0018474510002306488,0.0009543619999021757,0.00020578699968609726,0.0034777139999278006,0.0036599575002089274,0.0020000000000000018,0.7319915000417855,1.052588779695615,0.09846823478732021,False,nan,nan,False,False
557,2.785,0.005066599000201677,0.0013768260000688315,7.2639995778445154e-06,0.0007952040000418492,0.0009748520001267025,5.612499990093056e-05,0.0035020989998884033,0.003658357656403713,0.0020000000000000018,0.7316715312807427,0.43672296152760814,0.09058020927280463,False,nan,nan,False,False
558,2.79,0.004949047000081919,0.0014590309997402073,6.041000233381055e-06,0.0018522899999879883,0.0009779370002434007,5.485300016516703e-05,0.00346864600032859,0.0036790940631231295,0.0020000000000000018,0.7358188126246259,1.5073163761487023,0.09222570677410558,False,nan,nan,False,False
559,2.795,0.004987699999674078,0.0012306620001254487,4.818999968847493e-06,0.0007368040000983456,0.0008948810000219964,4.5775999751640484e-05,0.0037068530000397004,0.003676300749818507,0.0020000000000000018,0.7352601499637014,0.4003258753843469,0.09644535905623343,False,nan,nan,False,False
560,2.8000000000000003,0.004999512000267714,0.0013723479996770038,5.259999852569308e-06,0.0018444649999764806,0.0010019119999924442,6.045300006007892e-05,0.0035679330003404175,0.003696724252243549,0.0020000000000000018,0.7393448504487097,1.4198778083299861,0.09695434179574539,False,nan,nan,False,False
561,2.805,0.004999752999992779,0.001200153999889153,5.059000159235438e-06,0.000727846999780013,0.0008562890002394852,4.4924000121682184e-05,0.003740065999863873,0.003690984599916138,0.0020000000000000018,0.7381969199832276,0.5372366550806791,0.0939502188892499,False,nan,nan,False,False
562,2.81,0.005001295000056416,0.0013340759996935958,4.948999958287459e-06,0.0018452859999342763,0.0009932460002346488,4.5385999783320585e-05,0.0036169049999443814,0.0037122685196836207,0.0020000000000000018,0.7424537039367242,1.4601083573891214,0.0973515342011486,False,nan,nan,False,False
563,2.815,0.005008147999888024,0.0011834940000881033,4.809000074601499e-06,0.0007433959999616491,0.0008422620003329939,4.38120000580966e-05,0.0037420899998323875,0.00370828610996245,0.0020000000000000018,0.7416572219924901,0.4617847320591246,0.09953085067268083,False,nan,nan,False,False
564,2.82,0.004992629999833298,0.001340688000254886,4.888999683316797e-06,0.00185465499998827,0.0009862530000646075,5.4042000101617305e-05,0.0036062350000065635,0.0037209288171802996,0.0020000000000000018,0.7441857634360598,0.9916995096269247,0.0986012549927464,False,nan,nan,False,False
565,2.825,0.005006073999993532,0.001208641000175703,4.8790002438181546e-06,0.0007410530001834559,0.000850637999974424,4.531500007942668e-05,0.0037185450000833953,0.0037180415898455423,0.0020000000000000018,0.7436083179691083,0.45965975740841236,0.0949531116507297,False,nan,nan,False,False
566,2.83,0.004989243000181887,0.0013656159999300144,4.949999947712058e-06,0.0018359790001341025,0.0009926949996952317,5.770799998572329e-05,0.003563704000043799,0.0037326418126840573,0.0020000000000000018,0.7465283625368114,1.1210341071499472,0.09803004398008405,False,nan,nan,False,False
567,2.835,0.004972141000052943,0.0007995319997462502,3.4170002436439972e-06,0.0006992540002102032,0.0005702110001948313,2.9535000066971406e-05,0.004145397000229423,0.0037321936496760772,0.0020000000000000018,0.7464387299352154,0.47568214794428154,0.0995571257082572,False,nan,nan,False,False
568,2.84,0.004986197000107495,0.0010813009998855705,3.1859999580774456e-06,0.001820168999984162,0.0007583749998048006,4.3090999952255515e-05,0.003903193000041938,0.00374895891897481,0.0020000000000000018,0.7497917837949619,1.2384250157063255,0.10049199039795194,False,nan,nan,False,False
569,2.845,0.0050419119997968664,0.0011730330002137634,4.619000264938222e-06,0.0007280979998540715,0.0008545050000066112,4.279099994164426e-05,0.0037615469996126194,0.003737941511637707,0.0020000000000000018,0.7475883023275414,0.8142334140229502,0.10033622818384004,False,nan,nan,False,False
570,2.85,0.004990163999991637,0.001507753000169032,4.387999979371671e-06,0.0018380930000603257,0.0011547189997145324,4.310099984650151e-05,0.0034440099998391815,0.003753458082754136,0.0020000000000000018,0.7506916165508272,1.1079891925097751,0.09517011531031169,False,nan,nan,False,False
571,2.855,0.005019350000111444,0.001330839999809541,5.300000339047983e-06,0.0007379060002676852,0.0010035150003204762,4.234000016367645e-05,0.003676817000268784,0.0037463037389675754,0.0020000000000000018,0.749260747793515,0.714433952064156,0.09746280964585374,False,nan,nan,False,False
572,2.86,0.0051255589996799245,0.0018857620002563635,9.05700017028721e-06,0.0019931639999413164,0.00146082400033265,5.442300016511581e-05,0.0029927830000815447,0.003762230667046989,0.0020000000000000018,0.7524461334093978,1.1364738884159518,0.10310536623386643,False,nan,nan,False,False
573,2.865,0.004995545000383572,0.0014657530000476982,8.877000254869927e-06,0.0008187680000446562,0.0010381100000813603,6.646500014539924e-05,0.003415756999856967,0.0037606439340369057,0.0020000000000000018,0.752128786807381,0.46195999662794995,0.0945115243519698,False,nan,nan,False,False
574,2.87,0.004998739999791724,0.001991782000004605,8.906999937607907e-06,0.0019309979998070048,0.00152739900022425,6.344899975374574e-05,0.0028954089998478594,0.003773751180943599,0.0020000000000000018,0.7547502361887198,1.0616484466735734,0.09922781077760759,False,nan,nan,False,False
575,2.875,0.005004732000088552,0.0016354919998775586,8.695999895280693e-06,0.0008327150003424322,0.0011852870002257987,5.0594999720487976e-05,0.0032404379999206867,0.003773378284515709,0.0020000000000000018,0.7546756569031418,0.49983041077206725,0.0990700241637341,False,nan,nan,False,False
576,2.88,0.004991626999981236,0.002118289999998524,8.757000159675954e-06,0.0019475290000627865,0.0014658439999948314,0.0002847050000127638,0.002782496999770956,0.0037969276418214778,0.0020000000000000018,0.7593855283642955,1.5228444100829315,0.09486463655118434,False,nan,nan,False,False
577,2.8850000000000002,0.005017236000185221,0.0015474769998036209,9.006999789562542e-06,0.00082631199984462,0.0011204039997210202,5.04039999214001e-05,0.003380851000201801,0.0037909315741048426,0.0020000000000000018,0.7581863148209684,0.5989148945258369,0.09456046596691088,False,nan,nan,False,False
578,2.89,0.005044756999723177,0.0018558870001470495,8.807000085653272e-06,0.0019916219998776796,0.0013881179997952131,9.413699990545865e-05,0.003030713000043761,0.003827051676144062,0.0020000000000000018,0.7654103352288123,2.229563608891056,0.09734342892974505,False,nan,nan,False,False
579,2.895,0.005005413000162662,0.0016929210000853345,8.787000297161285e-06,0.0008834390000629355,0.0011926510001103452,5.923100025029271e-05,0.003136341999834258,0.003818216702534646,0.0020000000000000018,0.7636433405069292,0.6748949479701968,0.09932446526287031,False,nan,nan,False,False
580,2.9,0.004946172000018123,0.002124059999914607,8.826999874145258e-06,0.001960222999969119,0.001513863999662135,6.071500001780805e-05,0.002754645000095479,0.003847265614197563,0.0020000000000000018,0.7694531228395126,1.7602495870104542,0.09132102174388852,False,nan,nan,False,False
581,2.9050000000000002,0.00499544500007687,0.0018646629996510455,8.956999863585224e-06,0.0008282359999611799,0.0012047239997627912,5.5995000366237946e-05,0.003016757000295911,0.0038458089165459906,0.0020000000000000018,0.769161783309198,0.48250760702179446,0.09464726510537533,False,nan,nan,False,False
582,2.91,0.004998639999939769,0.0018924860000879562,8.996999895316549e-06,0.001905320000332722,0.0014677879998998833,5.52139999854262e-05,0.002991609999753564,0.0038721953071912665,0.0020000000000000018,0.7744390614382533,1.6323208238030842,0.1004853883583875,False,nan,nan,False,False
583,2.915,0.005002257999876747,0.0017381950001436053,8.797000191407278e-06,0.0008166550001078576,0.0011073700002270925,6.0382999890862266e-05,0.003142684000067675,0.003870955488961957,0.0020000000000000018,0.7741910977923914,0.38220514476543477,0.10146810550016032,False,nan,nan,False,False
584,2.92,0.004997136999918439,0.0015943960002005042,9.107000096264528e-06,0.0019434010000622948,0.001165279000360897,5.1947999963886105e-05,0.003358738999850175,0.003899425142535901,0.0020000000000000018,0.7798850285071801,1.7008281409716903,0.09946551204147709,False,nan,nan,False,False
585,2.9250000000000003,0.005069234000075085,0.001724349000141956,8.906999937607907e-06,0.0009143280003627297,0.0012135199999647739,5.1095999879180454e-05,0.0030866289998812135,0.0038909147687143254,0.0020000000000000018,0.778182953742865,0.741380535859674,0.09608796239613665,False,nan,nan,False,False
586,2.93,0.004927977000079409,0.0021172279998609156,8.837000223138602e-06,0.001968838999800937,0.0015124010001272836,6.150600029286579e-05,0.0027690719998645363,0.003921497763229809,0.0020000000000000018,0.7842995526459617,1.7981321375667634,0.10167927891384382,False,nan,nan,False,False
587,2.935,0.005002238000088255,0.0019214789999750792,8.897000043361913e-06,0.0008477020001009805,0.0013225239999883343,6.0803999986092094e-05,0.00298256299993227,0.003921779476419871,0.0020000000000000018,0.7843558952839742,0.5425257046808015,0.10020569001884849,False,nan,nan,False,False
588,2.94,0.005021302999921318,0.0018756029999167367,8.9169998318539e-06,0.002013853000335075,0.0014553339997291914,5.6025000048975926e-05,0.003001559000040288,0.003954298752280331,0.0020000000000000018,0.7908597504560662,1.9027067773044062,0.0963999208298447,False,nan,nan,False,False
589,2.945,0.004993790999833436,0.0017352700001538324,9.206999948219163e-06,0.0008636620000288531,0.0011301640001875057,6.959100028325338e-05,0.003211393000128737,0.003943740251733433,0.0020000000000000018,0.7887480503466864,0.8840404356585644,0.09691723539197038,False,nan,nan,False,False
590,2.95,0.005063593000159017,0.0017811859997891588,8.966999757831218e-06,0.0020430380000107107,0.0013547849998758466,5.28890000168758e-05,0.0030228190003072086,0.003971667899784129,0.0020000000000000018,0.7943335799568257,1.660251965038548,0.10251460488537215,False,nan,nan,False,False
591,2.955,0.0049269149999418005,0.0014811030000601022,8.727000022190623e-06,0.0008508889995937352,0.0010300250000909728,6.134499972176854e-05,0.0033938759997909074,0.003965769371106381,0.0020000000000000018,0.7931538742212761,0.6738352426060736,0.10265170098570706,False,nan,nan,False,False
592,2.96,0.004991677999896638,0.0020721129999401455,9.077999948203797e-06,0.0019724150001820817,0.0013447470000755857,6.112499977461994e-05,0.0028157390001979365,0.00398168161143025,0.0020000000000000018,0.7963363222860501,1.3378094601184911,0.10131533525044313,False,nan,nan,False,False
593,2.965,0.005008438999993814,0.0016411130000051344,9.178000254905783e-06,0.0008562680000068212,0.0011940030003643187,5.2368000069691334e-05,0.003232713000215881,0.00397945766309833,0.0020000000000000018,0.7958915326196659,0.41479019508531606,0.09693875908982673,False,nan,nan,False,False
594,2.97,0.004990765000002284,0.0018975349998981983,8.977000106824562e-06,0.0019695700002557714,0.0014732680001543486,5.533400008062017e-05,0.002990839000176493,0.003995866677299607,0.0020000000000000018,0.7991733354599212,1.339377194239186,0.10239618516421764,False,nan,nan,False,False
595,2.975,0.005004762000226037,0.001739868999720784,8.826999874145258e-06,0.0008634119999442191,0.001107660999878135,7.873799995650188e-05,0.0032348670001738355,0.0039882622022186336,0.0020000000000000018,0.7976524404437266,0.7624258861991905,0.1036933927935108,False,nan,nan,False,False
596,2.98,0.005092977999993309,0.0017878989997370809,9.097000202018535e-06,0.0020745970000461966,0.0013600649999716552,5.5142999826784944e-05,0.0030956959999457467,0.004009752259044289,0.0020000000000000018,0.8019504518088578,1.7208062071015016,0.09630521231247645,False,nan,nan,False,False
597,2.985,0.005001265999908355,0.0019000689999302267,9.017000138555886e-06,0.0009077249997062609,0.0012194710002404463,6.045300006007892e-05,0.0028878449998046563,0.003999622711296925,0.0020000000000000018,0.799924542259385,0.9530763017511799,0.09827982751448135,False,nan,nan,False,False
598,2.99,0.004904884000097809,0.001956915999926423,9.016999683808535e-06,0.0019715339999493153,0.0015251549998538394,5.2148000122542726e-05,0.0029257769997457217,0.004021476097614483,0.0020000000000000018,0.8042952195228965,1.7366449811429419,0.10383366907708852,False,nan,nan,False,False
599,2.995,0.005001144999823737,0.0016395299999203417,8.906999937607907e-06,0.0008475720001115405,0.001194754999687575,5.1215999974374427e-05,0.0032381740002165316,0.004004955174472311,0.0020000000000000018,0.8009910348944621,1.432847529303045,0.10479106147310123,False,nan,nan,False,False
600,3.0,0.004995014000087394,0.0018896900000981987,8.845999673212646e-06,0.001967666999917128,0.0014567969997187902,5.50529998690763e-05,0.0030181299998730537,0.004030892441368359,0.0020000000000000018,0.8061784882736716,2.064185006443688,0.09796271812817542,False,nan,nan,False,False
601,3.005,0.005023818000154279,0.001711173999865423,8.905999948183307e-06,0.0008764770000198041,0.0011186510000698036,6.087400015530875e-05,0.0031536149999737972,0.004010019320076365,0.0020000000000000018,0.8020038640152731,1.7779927872071952,0.10007778364216545,False,nan,nan,False,False
602,3.0100000000000002,0.004980746999990515,0.001806593999845063,8.956999863585224e-06,0.0019750500000554894,0.0013701139996555867,5.277900027067517e-05,0.0030854860001454654,0.004033813623933904,0.0020000000000000018,0.8067627247867807,1.8962240016411,0.1022371475223087,False,nan,nan,False,False
603,3.015,0.005009229999814124,0.001664497000092524,8.977000106824562e-06,0.0008132670000122744,0.001040985000145156,6.096400011301739e-05,0.0032103809999171062,0.004008716190480277,0.0020000000000000018,0.8017432380960554,2.138865708210848,0.10577932541673471,False,nan,nan,False,False
604,3.02,0.004993681000087236,0.0019541009996828507,8.88699969436857e-06,0.0019485600000734848,0.001293450000048324,6.0071999996580416e-05,0.0029273100003592845,0.004037353402739842,0.0020000000000000018,0.8074706805479683,2.2935015222906423,0.10380120324011276,False,nan,nan,False,False
605,3.025,0.004997698999886779,0.0018373819998487306,8.957000318332575e-06,0.0008313119997183094,0.0012049240003761952,6.127500000729924e-05,0.0030632950001745485,0.004011039176644436,0.0020000000000000018,0.8022078353288871,2.299659699812361,0.09926346960238229,False,nan,nan,False,False
606,3.0300000000000002,0.0050189190001219686,0.0018656349998309452,8.88600015969132e-06,0.001968247999684536,0.0014494130000457517,5.2228000186005374e-05,0.002996008000081929,0.0040525761351557065,0.0020000000000000018,0.8105152270311412,3.3484127992467148,0.10411456938075368,False,nan,nan,False,False
607,3.035,0.004980405999958748,0.001777348999894457,8.987000001070555e-06,0.0008378940001421142,0.0011519529998622602,6.110499998612795e-05,0.003119559999959165,0.004009118910244334,0.0020000000000000018,0.8018237820488667,3.7330414073480154,0.10569088511243097,False,nan,nan,False,False
608,3.04,0.00501416999986759,0.0013845610001226305,9.046999821293866e-06,0.0019712640000761894,0.0011845049998555623,1.6801000128907617e-05,0.0035065570000369917,0.004080417353083192,0.0020000000000000018,0.8160834706166383,5.77234220868334,0.09921356120832853,False,nan,nan,False,False
609,3.045,0.005008799000279396,0.001557595999656769,8.917000286601251e-06,0.000883750999946642,0.001046555999892007,6.284800019784598e-05,0.0033068630000343546,0.004018495284559542,0.0020000000000000018,0.8036990569119085,5.271745250927161,0.09872546529845463,False,nan,nan,False,False
610,3.0500000000000003,0.004982139999810897,0.0019586899998103036,9.22799972613575e-06,0.001959881999937352,0.0015025329998934467,6.370999972205027e-05,0.002919214000030479,0.004092997475881324,0.0020000000000000018,0.8185994951762648,6.114054047614408,0.10663331302649946,False,nan,nan,False,False
611,3.055,0.0050113040001633635,0.002838872999745945,8.645999969303375e-06,0.0008748229997763701,0.0014630090004175145,0.00016764500014687655,0.0020865199999207107,0.004019349295772298,0.0020000000000000018,0.8038698591544595,6.38162892944584,0.10643473467605769,False,nan,nan,False,False
612,3.06,0.005020611999952962,0.0016053760000431794,7.242999799927929e-06,0.0013173750003261375,0.0011901660000148695,5.1776999953290215e-05,0.0032387739997830067,0.004120372418134304,0.0020000000000000018,0.8240744836268608,8.313113551740193,0.09887554601459501,False,nan,nan,False,False
613,3.065,0.004961500999797863,0.0018411890000606945,8.847000117384596e-06,0.0006995950002419704,0.001415378999809036,5.2658999720733846e-05,0.0030403010000554787,0.0040213225017104014,0.0020000000000000018,0.8042645003420803,8.636169961471522,0.10280694162023588,False,nan,nan,False,False
614,3.0700000000000003,0.0049991609998869535,0.0017972760001612187,8.796999736659927e-06,0.0017744030001267674,0.0013731799999732175,5.223800008025137e-05,0.0031219150000652007,0.0041439378262719245,0.0020000000000000018,0.8287875652543849,10.182375993217086,0.10630383127212452,False,nan,nan,False,False
615,3.075,0.005034768000314216,0.0015432999998665764,8.727000022190623e-06,0.000689425000018673,0.001103112999771838,5.07949998791446e-05,0.003301842999917426,0.004023057968391604,0.0020000000000000018,0.8046115936783207,9.657488845393692,0.10759466580869397,False,nan,nan,False,False
616,3.08,0.0049763689999053895,0.0017675109997981053,1.1382000138837611e-05,0.001724729999750707,0.0012850939997406385,5.004400009056553e-05,0.003100854999956937,0.004155499874744326,0.0020000000000000018,0.8310999749488651,11.137758073943246,0.10050380782536057,False,nan,nan,False,False
617,3.085,0.004986077000012301,0.0016910869999264833,9.097000202018535e-06,0.0006461939997279842,0.0012422539998624416,5.083500036562327e-05,0.0031924469999466965,0.004015081818000815,0.0020000000000000018,0.8030163636001628,11.506835710648632,0.0999287670923309,False,nan,nan,False,False
618,3.09,0.005014801000015723,0.001676971000051708,1.0940000265691197e-05,0.0017358309996780008,0.001247072999831289,5.069499957244261e-05,0.003191484999661043,0.004161251583672739,0.0020000000000000018,0.8322503167345479,12.085474330917426,0.10452005983391924,False,nan,nan,False,False
619,3.095,0.004984745000001567,0.0018104410000887583,8.9159998424293e-06,0.0006530069999826082,0.0013842200000908633,5.300999964674702e-05,0.0030766599998059974,0.004009445219431609,0.0020000000000000018,0.8018890438863218,12.012962175045464,0.10227436325001013,False,nan,nan,False,False
620,3.1,0.005017766000037227,0.0016245120000348834,1.1201000233995728e-05,0.0017162940002890537,0.001183714000035252,5.074500040791463e-05,0.0032924449997153715,0.0041592369609309955,0.0020000000000000018,0.8318473921861992,12.30174340415223,0.09912246897011837,False,nan,nan,False,False
621,3.105,0.00503520899974319,0.0017076580002139963,9.106999641517177e-06,0.0007077290001689107,0.001287367999793787,5.1777000408037566e-05,0.003124500000012631,0.004035655982733932,0.0020000000000000018,0.8071311965467864,9.854607561430695,0.10162341495571042,False,nan,nan,False,False
622,3.11,0.004963123999914387,0.001754376000008051,1.1140999959025066e-05,0.0017367129999001918,0.0012825690000681789,5.0645000101212645e-05,0.003113168000254518,0.004181079238369734,0.0020000000000000018,0.8362158476739469,12.220320254991146,0.10417921915994588,False,nan,nan,False,False
623,3.115,0.004984474000139016,0.0018476710001777974,8.785999852989335e-06,0.0006558820000464038,0.0014309890002550674,5.275900002743583e-05,0.003037445999780175,0.0040295846279772675,0.0020000000000000018,0.8059169255954534,12.093361598658944,0.1054958921767968,False,nan,nan,False,False
624,3.12,0.005015162000290729,0.0019030349999411555,1.115100030801841e-05,0.0017208530002790212,0.0014770549996683258,5.2659000175481196e-05,0.0029697489999307436,0.004177045994349318,0.0020000000000000018,0.8354091988698636,12.235369297709878,0.10114991538290069,False,nan,nan,False,False
625,3.125,0.004989612999906967,0.0018383329997959663,8.956999863585224e-06,0.0006583469998986402,0.0014032859999133507,6.318900022961316e-05,0.0031500979998781986,0.004021886923335229,0.0020000000000000018,0.8043773846670457,12.111652011938345,0.10562146341430328,False,nan,nan,False,False
626,3.13,0.005106983999667136,0.0014572280001630133,9.067000064533204e-06,0.00020417299992914195,0.0010666540001693647,5.1126000016665785e-05,0.003377585000180261,0.00415393659279346,0.0020000000000000018,0.8307873185586919,12.068813731734569,0.10806569343807551,False,nan,nan,False,False
627,3.1350000000000002,0.004951522000283148,0.0017315330001110851,8.6860000010347e-06,0.0007202530000540719,0.0012954939998053305,5.216799991103471e-05,0.0030923689996598114,0.003997618535424561,0.0020000000000000018,0.7995237070849122,12.111127972735563,0.10518951415672004,False,nan,nan,False,False
628,3.14,0.004955710000103863,0.0019314679998387874,1.126100005421904e-05,0.001733896999667195,0.001592422000157967,1.6690999927959638e-05,0.0029108889998497034,0.004107031086125588,0.0020000000000000018,0.8214062172251176,9.078128425624769,0.11003086201854012,False,nan,nan,False,False
629,3.145,0.0049581039997974585,0.0017643549999775132,8.946999969339231e-06,0.0006315559999165998,0.0013460079999276786,5.1296000037837075e-05,0.0031099920001906867,0.00392941396799542,0.0020000000000000018,0.7858827935990839,12.475040296941183,0.10348773206452228,False,nan,nan,False,False
630,3.15,0.0049917579999601,0.0017204320001837914,9.017000138555886e-06,0.0016773010001998045,0.0013176259999454487,5.131600028107641e-05,0.0031919959997139813,0.004081360408007947,0.0020000000000000018,0.8162720816015894,12.123240743451587,0.10614784409605617,False,nan,nan,False,False
631,3.1550000000000002,0.0050297090001549805,0.0017931289999069122,8.99599990589195e-06,0.0006436389999180392,0.0013707250000152271,5.253899962553987e-05,0.0031650249998165236,0.0038937117554200995,0.0020000000000000018,0.7787423510840198,12.797146158434375,0.108089378917957,False,nan,nan,False,False
632,3.16,0.005074702999991132,0.0018351579997215595,8.88699969436857e-06,0.0017786310004339612,0.0013894499998059473,5.251900029179524e-05,0.002978105000238429,0.0040355196490006765,0.0020000000000000018,0.8071039298001353,10.77020472945684,0.09985801011587621,False,nan,nan,False,False
633,3.165,0.004930553000122018,0.0016710390000298503,8.946999969339231e-06,0.0006600500000786269,0.0010560640002950095,6.0943999869778054e-05,0.003213075999610737,0.003920768261314823,0.0020000000000000018,0.7841536522629646,7.558342168633714,0.1008265398047291,False,nan,nan,False,False
634,3.17,0.00501511099992058,0.0019419689997448586,1.1041000107070431e-05,0.0017386859999533044,0.0015038059996186348,5.221800029175938e-05,0.002925616000084119,0.004106085603060969,0.0020000000000000018,0.8212171206121938,12.652339412510065,0.10238483811513252,False,nan,nan,False,False
635,3.1750000000000003,0.0049842339999486285,0.001872506999916368,9.05700017028721e-06,0.0006576959999620158,0.0014366989998961799,6.884899994474836e-05,0.0030112969998299377,0.003913066672901495,0.0020000000000000018,0.7826133345802989,12.571469344089996,0.10444577830983764,False,nan,nan,False,False
636,3.18,0.005013968999719509,0.001871967000170116,1.1131000064779073e-05,0.001731973999994807,0.001446055999622331,5.329999976311228e-05,0.0029966590000185533,0.004068140489819756,0.0020000000000000018,0.8136280979639513,11.362473017744593,0.0967702914708865,False,nan,nan,False,False
637,3.185,0.004985446000318916,0.001608261000001221,8.735999927012017e-06,0.0006477770002675243,0.0011640969996733475,6.188599991219235e-05,0.00337686400007442,0.0038715780131171143,0.0020000000000000018,0.7743156026234228,12.51326794386229,0.09980930118497987,False,nan,nan,False,False
638,3.19,0.005100821999803884,0.0014615760001106537,8.826999874145258e-06,0.00019521700005498133,0.0010683870000320894,5.107600009068847e-05,0.0034046460000354273,0.003974473629485403,0.0020000000000000018,0.7948947258970804,7.974547344357547,0.10283115726504856,False,nan,nan,False,False
639,3.1950000000000003,0.004984493999927508,0.0019440119999671879,8.976999652077211e-06,0.0007353710002462321,0.001513703999989957,5.318000012266566e-05,0.0028547230003823643,0.003963510794698503,0.0020000000000000018,0.7927021589397006,4.899992860535787,0.10082941113465334,False,nan,nan,False,False
640,3.2,0.004929391000132455,0.0019331210000927967,1.1461999747552909e-05,0.001738174999900366,0.0015101770000001125,5.2859999868815066e-05,0.0029488000000128523,0.004044967430231902,0.0020000000000000018,0.8089934860463804,4.569299587598307,0.10516964696717558,False,nan,nan,False,False
641,3.205,0.004999702000077377,0.0018619679999574146,8.926999726099893e-06,0.0006685859998469823,0.0014415480000025127,5.283900009089848e-05,0.0030053460000090126,0.00373542293893053,0.0020000000000000018,0.747084587786106,15.59865085048881,0.09902522513518287,False,nan,nan,False,False
642,3.21,0.0049980300000243005,0.0018637109997143853,1.1051000001316424e-05,0.001742082999953709,0.00143095799967341,5.306999992171768e-05,0.0030070790003264847,0.004020768686360503,0.0020000000000000018,0.8041537372721006,14.81302202439234,0.10459006814180086,False,nan,nan,False,False
643,3.215,0.004989071999716543,0.0017740130001584475,8.727000022190623e-06,0.000651172999823757,0.0013438340001812321,5.227800011198269e-05,0.003212204000192287,0.0036978582214859173,0.0020000000000000018,0.7395716442971835,17.585391430069127,0.10642575228637641,False,nan,nan,False,False
644,3.22,0.005103307000354107,0.001455273999908968,8.867000360623933e-06,0.00021058499987702817,0.0010601720000522619,5.1035000069532543e-05,0.0033184139997501916,0.00392202094468842,0.0020000000000000018,0.784404188937684,12.208742870189365,0.09798260897514278,False,nan,nan,False,False
645,3.225,0.004891028999736591,0.0016038829999160953,8.927000180847244e-06,0.0006578150000677851,0.0011984510001639137,5.105599984744913e-05,0.0032847209999999905,0.003791922183785551,0.0020000000000000018,0.7583844367571101,8.189188826812169,0.1012290144690521,False,nan,nan,False,False
646,3.23,0.005023316999995586,0.0019489210003484914,1.1110000286862487e-05,0.0017356210000798455,0.0015248149998114968,5.285899987939047e-05,0.002914374999818392,0.004063722818897883,0.0020000000000000018,0.8127445637795766,14.234936526397933,0.10261476014036186,False,nan,nan,False,False
647,3.235,0.004988781000065501,0.0017238890000044194,8.957000318332575e-06,0.0006582370001524396,0.0013121659999342228,5.114599980515777e-05,0.0031486950001635705,0.0037528224555605774,0.0020000000000000018,0.7505644911121155,16.431952224885944,0.1007182962413609,False,nan,nan,False,False
648,3.24,0.004990134999843576,0.0018233550003969867,9.216999842465157e-06,0.001725751999856584,0.0014067129995964933,5.213699978412478e-05,0.0030583159996240283,0.004021391180548422,0.0020000000000000018,0.8042782361096843,13.94482783012064,0.09146302090660208,False,nan,nan,False,False
649,3.245,0.0049982500004261965,0.001458860999719036,9.077999948203797e-06,0.0006444509999710135,0.0012497779998739134,1.9365999833098613e-05,0.0034338599998591235,0.0037069710990662703,0.0020000000000000018,0.741394219813254,17.120692576256506,0.09677151089675998,False,nan,nan,False,False
650,3.25,0.0050094609996449435,0.001373931000216544,8.816999979899265e-06,0.0017768480001905118,0.0011737149998225505,1.667100013946765e-05,0.0035102040001220303,0.0039767154110635795,0.0020000000000000018,0.7953430822127158,14.18846386309993,0.09886778411918504,False,nan,nan,False,False
651,3.255,0.005000334000214934,0.0011210349998691527,9.007000244309893e-06,0.0006339209999168816,0.0009203089998663927,1.591000000189524e-05,0.0037315300000955176,0.0036559240749426203,0.0020000000000000018,0.7311848149885242,18.00358317612162,0.10318328803818222,False,nan,nan,False,False
652,3.2600000000000002,0.004982970000128262,0.001955323999936809,1.0890999874391127e-05,0.001718637999601924,0.001518442999895342,5.275900002743583e-05,0.0029387609997684194,0.003940308414910574,0.0020000000000000018,0.7880616829821149,15.23115018309868,0.1021274469306923,False,nan,nan,False,False
653,3.265,0.005012296999666432,0.0017469620001975272,8.625999726064038e-06,0.0006519950002257247,0.0013442649997159606,5.122600032336777e-05,0.0031327850001616753,0.0036751339620319378,0.0020000000000000018,0.7350267924063875,15.433464259554317,0.09471914051886975,False,nan,nan,False,False
654,3.27,0.005010302000300726,0.0018922350000138977,1.1140999959025066e-05,0.0017410810000910715,0.0014540310003212653,5.2819000302406494e-05,0.002979596999921341,0.00395992983781334,0.0020000000000000018,0.791985967562668,15.14614439958266,0.0989497818775606,False,nan,nan,False,False
655,3.275,0.004990335000002233,0.0017813360000218381,8.655999863549368e-06,0.0006533269997817115,0.0013648529998135928,5.1867999900423456e-05,0.003123187999790389,0.0036316355752056594,0.0020000000000000018,0.7263271150411318,18.078271978274135,0.1036461942613969,False,nan,nan,False,False
656,3.2800000000000002,0.005020611999952962,0.0017252509996978915,8.966999757831218e-06,0.0017377149997628294,0.0011302230000183044,6.107499984864262e-05,0.0031363820003207366,0.003932064458970903,0.0020000000000000018,0.7864128917941807,16.036724072000386,0.10027923764878469,False,nan,nan,False,False
657,3.285,0.004977590999715176,0.0014879350001137936,8.9960003606393e-06,0.0006442909998440882,0.001046717000008357,5.085500015411526e-05,0.0033967610002036963,0.0036412844978507886,0.0020000000000000018,0.7282568995701578,16.78733599765545,0.09921481097211275,False,nan,nan,False,False
658,3.29,0.005024749000313022,0.001758212999902753,1.132199986386695e-05,0.0017430650000278547,0.0012917160001961747,5.051499965702533e-05,0.0030968679998295556,0.003898756654602977,0.0020000000000000018,0.7797513309205955,14.912677000207253,0.09808796557300099,False,nan,nan,False,False
659,3.295,0.004971760999978869,0.001718908999919222,8.857000011630589e-06,0.0006478170002992556,0.0013052720000814588,5.1837999762938125e-05,0.003166567999869585,0.003640985442246752,0.0020000000000000018,0.7281970884493504,15.74639257233881,0.09718028350487391,False,nan,nan,False,False
660,3.3000000000000003,0.005017625999698794,0.0019060399999943911,1.1562000054254895e-05,0.0017376240002704435,0.0014743399997314555,5.306999992171768e-05,0.0029335210001590895,0.003874259546714521,0.0020000000000000018,0.7748519093429042,14.344899903326318,0.08962457388051259,False,nan,nan,False,False
661,3.305,0.0049684540003909206,0.0019104689999949187,8.616999821242644e-06,0.0006131920004008862,0.0014686889999211417,5.408200013334863e-05,0.003025422999598959,0.003622575327993409,0.0020000000000000018,0.7245150655986818,15.553641735173285,0.09621819664035704,False,nan,nan,False,False
662,3.31,0.005066777999672922,0.0015969200003382866,1.1081000138801755e-05,0.0017530939999232942,0.0011567829997147783,5.038399967816076e-05,0.0032326629998351564,0.003853008654048707,0.0020000000000000018,0.7706017308097414,14.278950888922912,0.0986088810842112,False,nan,nan,False,False
663,3.315,0.004947274000187463,0.0014807419997850957,9.007000244309893e-06,0.0005580880001616606,0.0010476579996065993,5.071499981568195e-05,0.0034047460003421293,0.0036238076273279727,0.0020000000000000018,0.7247615254655945,14.353100964854077,0.09782591813048049,False,nan,nan,False,False
664,3.3200000000000003,0.005002557999887358,0.0019434209998507868,1.4025999917066656e-05,0.0016537069996047649,0.0015146349996939534,5.3701000069850124e-05,0.0029413649999696645,0.0038452506112471663,0.0020000000000000018,0.7690501222494334,13.689600126721482,0.09017812818137455,False,nan,nan,False,False
665,3.325,0.005002076999971905,0.0016605800001343596,8.976000117399963e-06,0.0010838160001185315,0.0012313130000620731,5.01750000694301e-05,0.0032194679997701314,0.003600991572809549,0.0020000000000000018,0.7201983145619099,16.406661192371956,0.09328102053517852,False,nan,nan,False,False
666,3.33,0.004997118000119372,0.001918504000059329,1.3987000329507282e-05,0.0016456120001748786,0.0014779859998270695,6.29579999440466e-05,0.002968225999666174,0.0038256534928705877,0.0020000000000000018,0.7651306985741175,14.665890386201085,0.09340348950430362,False,nan,nan,False,False
667,3.335,0.005005032000099163,0.0017784209999263112,9.137000233749859e-06,0.001097301999834599,0.001327294000020629,5.2969000080338446e-05,0.00314808399980393,0.0036432842447825043,0.0020000000000000018,0.7286568489565008,15.79585012817169,0.09511618304255051,False,nan,nan,False,False
668,3.34,0.005051991000073031,0.0017925169995578472,1.1021000318578444e-05,0.0017100320001190994,0.0013664070002050721,5.2117999985057395e-05,0.00308330300003945,0.003830999630737728,0.0020000000000000018,0.7661999261475456,16.511668072338587,0.0876393932409741,False,nan,nan,False,False
669,3.345,0.004993209999611281,0.0017392270001437282,8.6860000010347e-06,0.001133769999796641,0.0011411330001465103,6.0834000123577425e-05,0.0031153929999163665,0.003689306527359162,0.0020000000000000018,0.7378613054718325,16.970564912248925,0.09320418587443732,False,nan,nan,False,False
670,3.35,0.004979685000307654,0.0017385460000696185,1.1590999747568276e-05,0.001722355999845604,0.0012814670003535866,5.137599964655237e-05,0.003079524999975547,0.003827452749885894,0.0020000000000000018,0.7654905499771788,16.240401827650516,0.0976651446809522,False,nan,nan,False,False
671,3.355,0.004935090999879321,0.001709251000193035,8.857000011630589e-06,0.0004953500001647626,0.001260096999885718,5.127599979459774e-05,0.0031594959996255056,0.0036877734652584135,0.0020000000000000018,0.7375546930516826,16.970564663553617,0.09690194338107472,False,nan,nan,False,False
672,3.36,0.0049692759998833935,0.0016004359999897133,7.3640003392938524e-06,0.0015767320001032203,0.0011379980001038348,5.762799992226064e-05,0.003289409999979398,0.0038262807778183853,0.0020000000000000018,0.765256155563677,16.716907622848083,0.08980176845639866,False,nan,nan,False,False
673,3.365,0.004977179999968939,0.001552336000258947,6.392000159394229e-06,0.0010078530003738706,0.0010704310002438433,4.722799985756865e-05,0.0033659830000942748,0.0036872924342947113,0.0020000000000000018,0.7374584868589421,16.97056365328914,0.0917379213489893,False,nan,nan,False,False
674,3.37,0.004989603000012721,0.0015620750000380212,5.720999979530461e-06,0.0015479780004170607,0.0011818699999821547,4.6487000417982927e-05,0.003482552000150463,0.0038228519188776675,0.0020000000000000018,0.7645703837755334,16.21323178842295,0.09699831862610395,False,nan,nan,False,False
675,3.375,0.0051612560000648955,0.0016676730001563556,8.837000223138602e-06,0.0011510320000525098,0.0012323949999881734,5.1717000133066904e-05,0.003155818999857729,0.0036859676116552816,0.0020000000000000018,0.7371935223310563,16.97056344407601,0.09936567629587882,False,nan,nan,False,False
676,3.38,0.004944619000070816,0.0017467120001128933,1.248399985342985e-05,0.0016547689997423731,0.0012842420001106802,5.02449997838994e-05,0.0031283969997275562,0.0038053816315259032,0.0020000000000000018,0.7610763263051806,14.669120848892227,0.09912201796608816,False,nan,nan,False,False
677,3.3850000000000002,0.004991386999790848,0.0016662900002302194,8.927000180847244e-06,0.0010681769999791868,0.0012284079998607922,5.173799991098349e-05,0.0032271830000354385,0.0036745476920423273,0.0020000000000000018,0.7349095384084655,16.97056329359582,0.09529732814595046,False,nan,nan,False,False
678,3.39,0.0050192990001960425,0.0018919849999292637,1.1370999800419668e-05,0.001667191999786155,0.001463268999941647,5.2969000080338446e-05,0.002999906000241026,0.0037796550907289446,0.0020000000000000018,0.7559310181457889,14.399157532784617,0.09496912235737104,False,nan,nan,False,False
679,3.395,0.005008358999930351,0.0017787719998523244,8.787000297161285e-06,0.001116526999794587,0.0013279050003802695,5.24990000485559e-05,0.0031525220001640264,0.0036554025972820735,0.0020000000000000018,0.7310805194564147,16.97056839739577,0.10105306087973867,False,nan,nan,False,False
680,3.4,0.005059505000190256,0.0018001819998971769,1.1531999916769564e-05,0.0017346889999316772,0.0013725879998673918,5.2507999953377293e-05,0.003072772999985318,0.0036788603396049804,0.0020000000000000018,0.7357720679209959,11.973326979804792,0.09140971185452541,False,nan,nan,False,False
681,3.4050000000000002,0.004991586999949504,0.0016816199999993842,8.80699963090592e-06,0.0011744759999601229,0.0012331970001469017,5.2378999953361927e-05,0.0031291279997276433,0.0036986129970338366,0.0020000000000000018,0.7397225994067673,9.276873974730483,0.09389842137309513,False,nan,nan,False,False
682,3.41,0.0049334289997204905,0.0019599520001065684,1.1822000033134827e-05,0.0016660500000398315,0.0015152759997363319,6.857899961687508e-05,0.0029383390001385123,0.0036317690384382014,0.0020000000000000018,0.7263538076876401,12.640243122058987,0.09723961495981527,False,nan,nan,False,False
683,3.415,0.005015762000311952,0.0016616719999547058,8.956999863585224e-06,0.0011195029996997619,0.0012316840002313256,5.046500018579536e-05,0.0031924869999784278,0.003660012877095819,0.0020000000000000018,0.7320025754191638,4.33260316256901,0.09765051444437188,False,nan,nan,False,False
684,3.42,0.0049710190000951116,0.0018892489997597295,1.4528000065183733e-05,0.0016274969998448796,0.0014665949997834105,5.289899991112179e-05,0.002997992000018712,0.00363132688383571,0.0020000000000000018,0.726265376767142,8.057123388579582,0.09200469220020986,False,nan,nan,False,False
685,3.4250000000000003,0.005004961999929947,0.0017511500000182423,9.19700005397317e-06,0.0010314579999430862,0.001152414999978646,6.122500008132192e-05,0.0032146889998330153,0.0036078645278661663,0.0020000000000000018,0.7215729055732332,12.042277046727829,0.09132417402885155,False,nan,nan,False,False
686,3.43,0.005083300000023883,0.0018194479998783208,1.4648000160377705e-05,0.0016523139997843828,0.001387455999974918,5.360099976314814e-05,0.0030664099999739847,0.003615253109719313,0.0020000000000000018,0.7230506219438625,5.210926300112478,0.09568723518648738,False,nan,nan,False,False
687,3.435,0.005004280999855837,0.001946096000210673,9.137000233749859e-06,0.0010631169998305268,0.0014672859997517662,6.306799969024723e-05,0.002851486999588815,0.0035775930489665196,0.0020000000000000018,0.715518609793304,6.531293249534981,0.0940544166651045,False,nan,nan,False,False
688,3.44,0.004915124000035576,0.001969208999980765,9.277999652113067e-06,0.0020876120001958043,0.0015334109998548229,5.2288000006228685e-05,0.0029129619997547707,0.0035768293251681868,0.0020000000000000018,0.7153658650336373,12.361798760087094,0.08950207857648643,False,nan,nan,False,False
689,3.4450000000000003,0.004999561999738944,0.0016572730000916636,8.977000106824562e-06,0.0009190559999296966,0.001204492999931972,5.0224000005982816e-05,0.0032146990001820086,0.0035698438343282736,0.0020000000000000018,0.7139687668656547,6.794906948370461,0.08747088510884506,False,nan,nan,False,False
690,3.45,0.004988792000403919,0.0016761589999987336,8.85600002220599e-06,0.0019147670000165817,0.0014754009998796391,1.670099982220563e-05,0.0031847319996813894,0.0035539331238318675,0.0020000000000000018,0.7107866247663736,3.7175497660680215,0.0952529400023473,False,nan,nan,False,False
691,3.455,0.004982930999631208,0.001459350999994058,8.837000223138602e-06,0.0008210219998545654,0.0012032710001221858,1.5860000075917924e-05,0.003448349000336748,0.003542370370499622,0.0020000000000000018,0.7084740740999244,12.003422970978209,0.09577357381326382,False,nan,nan,False,False
692,3.46,0.005025441000270803,0.001847910999913438,8.625999726064038e-06,0.001982553999823722,0.001394209999943996,5.156600036571035e-05,0.003131463000045187,0.003549285591792241,0.0020000000000000018,0.7098571183584481,8.205496928834116,0.09432246302365214,False,nan,nan,False,False
693,3.465,0.005096845000025496,0.0017089600000872451,8.926000191422645e-06,0.000834688999930222,0.0012113349998799094,5.204699982641614e-05,0.0030751469998904213,0.003517195544441211,0.0020000000000000018,0.7034391088882421,6.580158911791122,0.08644127821777664,False,nan,nan,False,False
694,3.47,0.004901807999885932,0.001939333999871451,8.987000001070555e-06,0.0018291759997737245,0.0015065600000525592,5.368099982661079e-05,0.0029480779999175866,0.003543698043427311,0.0020000000000000018,0.7087396086854622,13.096066235146646,0.09242328841091922,False,nan,nan,False,False
695,3.475,0.005007618000036018,0.001859352999872499,1.681200001257821e-05,0.0007169370001065545,0.0012127780000810162,6.750700003976817e-05,0.0030207250001694774,0.0035109876515839154,0.0020000000000000018,0.702197530316783,10.925782229426499,0.09283900403957719,False,nan,nan,False,False
696,3.48,0.004996716999812634,0.0018726480002442258,8.57599980008672e-06,0.0018391050002719567,0.0014562559999831137,5.2659000175481196e-05,0.003008210999723815,0.0035255326608217485,0.0020000000000000018,0.7051065321643497,3.3428403249990977,0.08756424626931703,False,nan,nan,False,False
697,3.485,0.004996887000288552,0.0018162819997087354,8.827000328892609e-06,0.0007117870000001858,0.0013927260001764807,5.306999992171768e-05,0.0030781929999648128,0.003497993124055314,0.0020000000000000018,0.6995986248110627,15.251629318106199,0.09120967961943661,False,nan,nan,False,False
698,3.49,0.0050113140000576095,0.001761628999702225,9.176999810733832e-06,0.001846819999627769,0.0011553700001059042,5.679700007021893e-05,0.0031141610002123343,0.003530504928594869,0.0020000000000000018,0.7061009857189737,13.970895062189657,0.09111704979298318,False,nan,nan,False,False
699,3.495,0.004992418999790971,0.0017491960002189444,9.037000381795224e-06,0.0007249020000017481,0.0013173649999771442,5.340000006981427e-05,0.0031324449996645853,0.003486230819198513,0.0020000000000000018,0.6972461638397026,12.354914929796532,0.0917098764649133,False,nan,nan,False,False
700,3.5,0.004999993000183167,0.0019245260000388953,8.815999990474666e-06,0.0018533520001255965,0.0015024220001578215,5.296000017551705e-05,0.002957905999664945,0.0035306948220609653,0.0020000000000000018,0.706138964412193,12.171495631392688,0.08543856235236677,False,nan,nan,False,False
701,3.505,0.005000463999749627,0.0019442830002844858,8.666000212542713e-06,0.0007187709998106584,0.001523592000012286,5.381099981605075e-05,0.0029369669996412995,0.0034878741667525664,0.0020000000000000018,0.6975748333505133,12.650412464960871,0.09084699158935303,False,nan,nan,False,False
702,3.5100000000000002,0.004997939000077167,0.0018610870001793955,8.917000286601251e-06,0.0018430120003358752,0.0014419190001717652,5.326999962562695e-05,0.0030193719999260793,0.0035203856449273936,0.0020000000000000018,0.7040771289854787,9.974761265063755,0.0908250093303746,False,nan,nan,False,False
703,3.515,0.004997408999770414,0.0018518180004321039,8.967000212578569e-06,0.0006600900001103582,0.001406582000072376,5.28890000168758e-05,0.0030543779998879472,0.0034837439119474985,0.0020000000000000018,0.6967487823894997,12.69657291081958,0.09201246350623268,False,nan,nan,False,False
704,3.52,0.005039466000198445,0.0017991409999922325,1.1311999969620956e-05,0.0017821480000748124,0.0013705850001315412,5.314999998518033e-05,0.003070627999932185,0.0035099705204842315,0.0020000000000000018,0.7019941040968463,9.547393210429933,0.0888620491051608,False,nan,nan,False,False
705,3.525,0.004987089000223932,0.001444914999865432,9.157000022241846e-06,0.0006796870002290234,0.0010377990001870785,5.107600009068847e-05,0.003410907999750634,0.003480262542621406,0.0020000000000000018,0.6960525085242811,12.655823033061942,0.0846393271329348,False,nan,nan,False,False
706,3.5300000000000002,0.004973363999852154,0.001931658000103198,9.127999874181114e-06,0.0017232980003427656,0.0015019810002740996,5.274899967844249e-05,0.0029545309998866287,0.003504399950643283,0.0020000000000000018,0.7008799901286565,10.491589343755411,0.09216210848204069,False,nan,nan,False,False
707,3.535,0.0050038700001096,0.0017811559996516735,9.046999821293866e-06,0.0006564930004060443,0.00137536399961391,5.1126000016665785e-05,0.0030984710001575877,0.0034878613297141905,0.0020000000000000018,0.697572265942838,10.41169211835922,0.09391639851545766,False,nan,nan,False,False
708,3.54,0.0049963659998866206,0.0018589930000416643,9.097000202018535e-06,0.0017194910001308017,0.0014367899998433131,5.294999982652371e-05,0.0030263949997788586,0.003490781927659926,0.0020000000000000018,0.6981563855319851,2.1752051770243264,0.0856627661055201,False,nan,nan,False,False
709,3.545,0.005003299999771116,0.00184595700011414,8.485999842378078e-06,0.0006600100000468956,0.001400501000262011,5.3108999964024406e-05,0.0030382979998648807,0.0034800518933631517,0.0020000000000000018,0.6960103786726304,9.404581448358503,0.09076697487448121,False,nan,nan,False,False
710,3.5500000000000003,0.0050020360004054965,0.001817003999804001,8.636000075057382e-06,0.0017660670000623213,0.0012227869997332164,6.040399966877885e-05,0.003076549000070372,0.003490761338102887,0.0020000000000000018,0.6981522676205775,8.22241792921521,0.09246576246246788,False,nan,nan,False,False
711,3.555,0.004992047999621718,0.0017467020002186473,7.24400024409988e-06,0.0006508829997073917,0.0012283080000088376,7.417999995595892e-05,0.0031513799999629555,0.0034832620541753244,0.0020000000000000018,0.6966524108350649,12.282671158092224,0.09299023424028952,False,nan,nan,False,False
712,3.56,0.005015212000216707,0.00199283399979322,8.967000212578569e-06,0.001717857000130607,0.0015030529998512066,5.267899996397318e-05,0.002881273000184592,0.0034915037377116734,0.0020000000000000018,0.6983007475423346,11.988293813385416,0.08607111301523215,False,nan,nan,False,False
713,3.565,0.004992259000118793,0.0018849609996323125,8.916000297176652e-06,0.0006514640003842942,0.0014518469997710781,5.238799985818332e-05,0.0029965390003781067,0.003490277738240734,0.0020000000000000018,0.6980555476481468,9.203438118243549,0.08880615745266877,False,nan,nan,False,False
714,3.5700000000000003,0.005020601999603969,0.0018952800000988645,1.1392000033083605e-05,0.0017483540000284847,0.0014566570002898516,5.3080000270711025e-05,0.002964679000342585,0.00348935437308469,0.0020000000000000018,0.6978708746169379,4.054463090353458,0.09088808785104005,False,nan,nan,False,False
715,3.575,0.0049773100004131265,0.0017911249997268897,8.896000053937314e-06,0.0005717939998248767,0.0013663469999301014,5.329999976311228e-05,0.0031366520001938625,0.0034899872154061425,0.0020000000000000018,0.6979974430812284,6.8427614051242065,0.09501491303115096,False,nan,nan,False,False
716,3.58,0.005054785999618616,0.0018058620003102988,1.166199990620953e-05,0.001712698000119417,0.0013585419997070858,5.277899981592782e-05,0.00302222799973606,0.003491083046791044,0.0020000000000000018,0.6982166093582088,6.088643311071274,0.08545579095894096,False,nan,nan,False,False
717,3.585,0.004945510000197828,0.0014933060001567355,9.147000127995852e-06,0.0005366690002119867,0.0010516460001781525,5.142600002727704e-05,0.0033836059997156553,0.003493338225398401,0.0020000000000000018,0.6986676450796802,8.33510950897623,0.08662694285953691,False,nan,nan,False,False
718,3.59,0.0049936020000131975,0.001988344999972469,1.4658000054623699e-05,0.0016557200001443562,0.0012866470001426933,6.107500030338997e-05,0.0029022620001342148,0.0034924402947719667,0.0020000000000000018,0.6984880589543934,7.827488409988277,0.09114755326482989,False,nan,nan,False,False
719,3.595,0.005006675000004179,0.0016658800000186602,8.906999937607907e-06,0.0010463160001563665,0.001217786999859527,5.232800003796001e-05,0.0032112220001181413,0.0034962050108153357,0.0020000000000000018,0.6992410021630671,5.259045884030052,0.09419702739975681,False,nan,nan,False,False
720,3.6,0.004994562999854679,0.0017648359998929664,9.036999927047873e-06,0.001559319000079995,0.0013660370000252442,5.1808000080200145e-05,0.003121163000287197,0.003494303932008975,0.0020000000000000018,0.6988607864017949,2.7875494150973448,0.08566771037266283,False,nan,nan,False,False
721,3.605,0.0050023280000459636,0.0015822119999029383,8.636000075057382e-06,0.0009680279999884078,0.0011267560003034305,5.1215999974374427e-05,0.003360974000315764,0.003496545312428885,0.0020000000000000018,0.699309062485777,1.859548078817409,0.08641643897986254,False,nan,nan,False,False
722,3.61,0.005060566999873117,0.001785283000117488,8.716999673197279e-06,0.0021379159998105024,0.0013529019997804426,5.213700023887213e-05,0.0030991520002316975,0.003496797366195317,0.0020000000000000018,0.6993594732390633,0.2580650370971477,0.0898026108464216,False,nan,nan,False,False
723,3.615,0.00500141500015161,0.0017226360000677232,8.796000201982679e-06,0.0008255010002358176,0.0012992110000595858,5.2228000186005374e-05,0.0031006949998300115,0.0034982855204964015,0.0020000000000000018,0.6996571040992803,0.6564398680570371,0.09226962096536671,False,nan,nan,False,False
724,3.62,0.004941443000006984,0.0017618400001992995,8.9970003500639e-06,0.0018588820003060391,0.0012965460000486928,5.952200035608257e-05,0.003118257999631169,0.003498764586470641,0.0020000000000000018,0.6997529172941281,0.18404947530598895,0.09014233904638608,False,nan,nan,False,False
725,3.625,0.00499844000023586,0.001873759999853064,9.266999768442474e-06,0.0007235089997266186,0.0014524379998874792,5.3249999837134965e-05,0.003010054999776912,0.003499615162721217,0.0020000000000000018,0.6999230325442433,0.24273846820635356,0.08809660435130039,False,nan,nan,False,False
726,3.63,0.005001846999675763,0.0018800319999172643,8.735999927012017e-06,0.001853873000072781,0.0014441129997067037,5.3140000090934336e-05,0.003001909000431624,0.003500892911705275,0.0020000000000000018,0.7001785823410549,0.5637283420599828,0.0920833944055578,False,nan,nan,False,False
727,3.6350000000000002,0.005001205000098707,0.0016286099998978898,9.02700003280188e-06,0.0007215860000542307,0.0011732640000445826,5.130599993208307e-05,0.0032483320001119864,0.003501195334404054,0.0020000000000000018,0.7002390668808107,0.45431215423786625,0.09041476580375674,False,nan,nan,False,False
728,3.64,0.00499517400021432,0.0018262609996781975,8.60599993757205e-06,0.0017794929999581655,0.0014015229999131407,5.269900020721252e-05,0.003004905000125291,0.0035021575603506683,0.0020000000000000018,0.7004315120701335,0.31999044812921745,0.08595735622638256,False,nan,nan,False,False
729,3.645,0.0049146530000143684,0.0015686469996580854,7.213000117189949e-06,0.0006279499998527172,0.0011563719999685418,6.445100007113069e-05,0.0033088260001932213,0.003503082947221724,0.0020000000000000018,0.7006165894443448,0.3017490875784802,0.08901726624502396,False,nan,nan,False,False
730,3.65,0.004904634000013175,0.000393899999835412,2.093999682983849e-06,0.0015819720001672977,0.00028140899985373835,1.5670000266254647e-05,0.004566237999824807,0.0035033301724865296,0.0020000000000000018,0.7006660344973059,0.3719256640335561,0.0941040277494093,False,nan,nan,False,False
731,3.6550000000000002,0.005024899999625632,0.0010192740001002676,3.7970003177179024e-06,0.000489829999878566,0.0007582039997942047,5.275900002743583e-05,0.003925354999864794,0.0035051541645567275,0.0020000000000000018,0.7010308329113454,0.6679908379107259,0.09267664235025781,False,nan,nan,False,False
732,3.66,0.004972241000359645,0.0008283559996016265,2.283999947394477e-06,0.00148331699983828,0.0006088340001042525,3.353300007802318e-05,0.004154905000177678,0.003505854835894124,0.0020000000000000018,0.7011709671788248,0.18757556664201072,0.09229899209574166,False,nan,nan,False,False
733,3.665,0.005048483999871678,0.0015177109999058302,6.612999641220085e-06,0.0008949510001912131,0.0010716030001276522,2.0809000034205383e-05,0.003412591000142129,0.003506752341132616,0.0020000000000000018,0.7013504682265232,0.2959550219771138,0.08684277025951505,False,nan,nan,False,False
734,3.67,0.005004862000077992,0.0015786159997333016,6.391999704646878e-06,0.0015480489996662072,0.001100065999708022,5.981300000712508e-05,0.0035211049998906674,0.0035082966763612658,0.0020000000000000018,0.7016593352722531,0.5280865625509846,0.0921587332837544,False,nan,nan,False,False
735,3.6750000000000003,0.0052169209998282895,0.001695604999895295,9.016999683808535e-06,0.0011204350003026775,0.001143277999744896,5.76980000914773e-05,0.0030463729999610223,0.003509064206111754,0.0020000000000000018,0.7018128412223507,0.376993199935837,0.09227168419578305,False,nan,nan,False,False
736,3.68,0.00483705699980419,0.0018045200004053186,8.515999979863409e-06,0.0015584869997837814,0.0013255109997771797,4.921199979435187e-05,0.0030901749996701255,0.003511109905898719,0.0020000000000000018,0.7022219811797438,1.0729054881918973,0.08973465766976309,False,nan,nan,False,False
737,3.685,0.004970558000422898,0.0019934839997404197,5.991000307403738e-06,0.0004186770001979312,0.0014410270000553282,5.147599995325436e-05,0.0029328099999474944,0.003511488865639438,0.0020000000000000018,0.7022977731278875,0.5849116680844763,0.08727908678264086,False,nan,nan,False,False
738,3.69,0.005000202999781322,0.001583405000019411,5.991000307403738e-06,0.001400400999955309,0.0010642590000315977,5.014399994252017e-05,0.0033520269998916774,0.0035157005758188645,0.0020000000000000018,0.7031401151637728,2.1593782157507464,0.08977341219617119,False,nan,nan,False,False
739,3.6950000000000003,0.005008227999951487,0.001235902000189526,5.7309998737764545e-06,0.0008892010000636219,0.0008821869996609166,5.84700001127203e-05,0.003688189000058628,0.003514069291473259,0.0020000000000000018,0.7028138582946517,1.6463412408606648,0.09278810152583583,False,nan,nan,False,False
740,3.7,0.005003260000194132,0.0014818629997535027,6.4420000853715464e-06,0.0014269999996940896,0.0011112269999102864,4.809099982594489e-05,0.003431046000059723,0.003521131604882495,0.0020000000000000018,0.7042263209764988,3.383336861342108,0.09140189015918278,False,nan,nan,False,False
741,3.705,0.004984833999969851,0.001228698999966582,5.8820000958803575e-06,0.0008676900001773902,0.0008622800000921416,5.835000001752633e-05,0.0036949209998056176,0.0035169591205923504,0.0020000000000000018,0.70339182411847,2.8273981479857877,0.08374970283773546,False,nan,nan,False,False
742,3.71,0.004997429000013653,0.0014385619997483445,6.041000233381055e-06,0.001973908000309166,0.0010779139997794118,4.7900000026857015e-05,0.0034900460000244493,0.003538429660534922,0.0020000000000000018,0.7076859321069844,12.332376367465885,0.0933024147506066,False,nan,nan,False,False
743,3.715,0.004998931000045559,0.0012037709998367063,5.621000127575826e-06,0.0008639140000923362,0.000870796000072005,4.612600014297641e-05,0.0037229340000521915,0.0035049670654419985,0.0020000000000000018,0.7009934130883997,13.331020012002897,0.09307813412221702,False,nan,nan,False,False
744,3.72,0.005001524999897811,0.0014343249999910768,5.540000074688578e-06,0.0019888770002580713,0.0010777940001389652,4.5976000365044456e-05,0.0034946850000778795,0.0035712690453064784,0.0020000000000000018,0.7142538090612955,16.970562759748667,0.09365705749249198,False,nan,nan,False,False
745,3.725,0.005000012999971659,0.001215013000091858,5.761000011261785e-06,0.000865605999933905,0.0008733009999559727,4.5665000016015256e-05,0.003718014999776642,0.0035049670652946966,0.0020000000000000018,0.7009934130589394,16.970562752498406,0.08654329877861676,False,nan,nan,False,False
746,3.73,0.005006666000099358,0.0014504549999401206,5.680999947799137e-06,0.0019358270001248457,0.0010768229999484902,4.6717999794054776e-05,0.003472873999726289,0.0035712690463912218,0.0020000000000000018,0.7142538092782442,16.970564497516047,0.09232863580977628,False,nan,nan,False,False
747,3.735,0.004995925000002899,0.0012042019998261821,5.7309998737764545e-06,0.0007767090000925236,0.0008659259997330082,4.663800018533948e-05,0.0037200790002316353,0.0035049670659627018,0.0020000000000000018,0.7009934131925403,16.970562751264282,0.09240428881865485,False,nan,nan,False,False
748,3.74,0.004997197999728087,0.0014485110000350687,5.7100000958598685e-06,0.001867188000233,0.0010873930000343535,4.6877999920980074e-05,0.003489015000013751,0.003571269052361085,0.0020000000000000018,0.7142538104722169,16.97056821166164,0.09279062837930381,False,nan,nan,False,False
749,3.745,0.005011274000025878,0.0011994330002380593,5.719999990105862e-06,0.000773824000134482,0.0008627510001133487,4.578600010063383e-05,0.003713706999860733,0.003504967064388109,0.0020000000000000018,0.7009934128776217,16.970565277320414,0.08955225262670476,False,nan,nan,False,False
750,3.75,0.004984784000043874,0.0014312590001281933,5.5199998314492404e-06,0.0018546740002420847,0.0010642500001267763,4.71489997835306e-05,0.003501197999867145,0.0035712690789517533,0.0020000000000000018,0.7142538157903505,16.97057414003506,0.09418477488474018,False,nan,nan,False,False
751,3.755,0.005004621999887604,0.0012833310001951759,5.5199998314492404e-06,0.000701588000083575,0.000942260000101669,4.6486999963235576e-05,0.003628255999956309,0.0035049672062296634,0.0020000000000000018,0.7009934412459327,16.970667745288527,0.09451033589766107,False,nan,nan,False,False
752,3.7600000000000002,0.004959928000062064,0.0009700620003059157,3.867000032187207e-06,0.0017974370002775686,0.0007077699997353193,5.083599990030052e-05,0.00399889299978895,0.0035712690652940286,0.0020000000000000018,0.7142538130588055,16.97065272095681,0.08999893886469244,False,nan,nan,False,False
753,3.765,0.0050435150001248985,0.001418774999820016,6.431999736378202e-06,0.000629222000043228,0.0009027760002027208,0.0001398229996993905,0.0035124180003549554,0.0035049670698753,0.0020000000000000018,0.70099341397506,16.97057863556155,0.08592843819188509,False,nan,nan,False,False
754,3.77,0.005004691000067396,0.0014069829999243666,5.8610003179637715e-06,0.001744257000154903,0.0010475079998286674,4.6738000037294114e-05,0.003515263999815943,0.003571269048427226,0.0020000000000000018,0.714253809685445,16.970568901906766,0.09202907431127613,False,nan,nan,False,False
755,3.775,0.0049965469997914624,0.0011898350003320957,5.631000021821819e-06,0.0006202750000738888,0.0008571710000069288,4.5214999772724696e-05,0.0037297969997780456,0.0035049670648851505,0.0020000000000000018,0.7009934129770301,16.97056511967393,0.09270038738675127,False,nan,nan,False,False
756,3.7800000000000002,0.0049905350001608895,0.0014175729997987219,5.951999810349662e-06,0.0017574119997334492,0.0010480990003998158,4.57559999631485e-05,0.0035150329999851238,0.003571269055886268,0.0020000000000000018,0.7142538111772535,16.970568292862986,0.09314071041010384,False,nan,nan,False,False
757,3.785,0.005003719999876921,0.0011717010002030293,5.2400000640773214e-06,0.0006278000000747852,0.0008413410000684962,4.411200006870786e-05,0.003750164999928529,0.0035049670977521817,0.0020000000000000018,0.7009934195504364,16.970564630676986,0.08538829528676797,False,nan,nan,False,False
758,3.79,0.0049919379998755176,0.0013915640001869178,5.7010001910384744e-06,0.00174846499976411,0.0010386110002400528,5.223900006967597e-05,0.0035443890001261025,0.003571269069026776,0.0020000000000000018,0.714253813805355,16.970601037582757,0.09125838975637394,False,nan,nan,False,False
759,3.795,0.005007397000099445,0.0013551649999499205,5.359999704523943e-06,0.0006217979998837109,0.0008459089999632852,5.5114000133471563e-05,0.003572983000140084,0.0035049670705350885,0.0020000000000000018,0.7009934141070177,16.970581176235193,0.09287975824652961,False,nan,nan,False,False
760,3.8000000000000003,0.005002397000225756,0.0014828859998488042,5.740000233345199e-06,0.0017415209999853687,0.0010599110000839573,4.785900000570109e-05,0.0034449119998498645,0.003571269045085954,0.0020000000000000018,0.7142538090171907,16.970563798765298,0.09169202517947393,False,nan,nan,False,False
761,3.805,0.005004190999898128,0.0012203930000396213,6.001000201649731e-06,0.0006376080000336515,0.0008685519997015945,4.62970001535723e-05,0.0037009120001130213,0.003504967268698036,0.0020000000000000018,0.7009934537396072,16.970623840452312,0.08598103329308936,False,nan,nan,False,False
762,3.81,0.00499420200003442,0.0014442930000768683,5.630999567074468e-06,0.0017545460000292223,0.0009813329997996334,4.664800007958547e-05,0.003481880999970599,0.0035712692426456438,0.0020000000000000018,0.7142538485291287,16.97083113273337,0.08804393837749586,False,nan,nan,False,False
763,3.815,0.004996557000140456,0.0013740009999310132,5.619999683403876e-06,0.0006106580003688578,0.0008558069998798601,6.090400029279408e-05,0.003555739999683283,0.003504967652482711,0.0020000000000000018,0.7009935304965422,16.971051427096516,0.09689152275306219,False,nan,nan,False,False
764,3.8200000000000003,0.004998630000045523,0.0014071729997340299,5.6710000535531435e-06,0.0016831920002005063,0.0010499820000404725,4.554600036499323e-05,0.003524602000197774,0.003571269153763745,0.0020000000000000018,0.7142538307527488,16.970962859151328,0.09421837449283908,False,nan,nan,False,False
765,3.825,0.005003318999570183,0.0012753560004057363,5.649999820889207e-06,0.0005487110001922701,0.0008574510002290481,4.78500001008797e-05,0.0036550159998114395,0.003342872346770217,0.0020000000000000018,0.6685744693540433,20.784774302760216,0.08822125637402073,False,nan,nan,False,False
766,3.83,0.005028347000006761,0.001372889000322175,8.084999990387587e-06,0.00164922799967826,0.0010017019999395416,4.534500021691201e-05,0.0035265649999018933,0.00357126905806639,0.0020000000000000018,0.7142538116132778,20.784695727114247,0.09353239007818635,False,nan,nan,False,False
767,3.835,0.004969916000391095,0.001284462999592506,5.410000085248612e-06,0.0005469869997796195,0.0008665580003253126,4.708799997388269e-05,0.0036513890004243876,0.003172506195271126,0.0020000000000000018,0.6345012390542252,24.000075863556948,0.09272682413843147,False,nan,nan,False,False
768,3.84,0.005029437999837683,0.0013745430001108616,8.155000159604242e-06,0.0016446900003757037,0.0010038359996542567,4.5154999952501385e-05,0.0035263839999970514,0.0035712690722084148,0.0020000000000000018,0.7142538144416829,24.000018980316653,0.09518108135536893,False,nan,nan,False,False
769,3.845,0.004972391000137577,0.0012721099997179408,5.449999662232585e-06,0.0005537499996535189,0.0008543149997422006,4.689799970947206e-05,0.0036524920001284045,0.0036855299572721026,0.0020000000000000018,0.7371059914544205,16.97057680355851,0.09082828473314196,False,nan,nan,False,False
770,3.85,0.004993059999833349,0.0013697839999622374,5.410000085248612e-06,0.0016130799999700685,0.0009807520000322256,5.3791000027558766e-05,0.003566388999843184,0.003069847406702682,0.0017000000000000348,0.6139694813405365,26.832835640601314,0.08735107762887277,False,nan,nan,False,False
771,3.855,0.005008129000088957,0.0014393940000445582,5.2699997468153015e-06,0.0005465969998112996,0.0008638320000500244,4.960300020684372e-05,0.0034793360000549,0.003547603402960074,0.0020000000000000018,0.7095206805920147,26.83281751191235,0.09454631215319353,False,nan,nan,False,False
772,3.86,0.004976808999799687,0.0012114660003135214,5.040000360168051e-06,0.0015519350004069565,0.0008624600000075588,4.76899999739544e-05,0.0037428209998324746,0.003662602658674836,0.0020000000000000018,0.7325205317349672,16.970590214863385,0.08558133905141369,False,nan,nan,False,False
773,3.865,0.005029257999922265,0.0012731020001410798,6.111999937274959e-06,0.0004652239999813901,0.0008743620001041563,5.594499998551328e-05,0.0036477019998528704,0.00304228367256322,0.0017000000000000348,0.6084567345126441,26.83283498814245,0.07495265528070857,False,nan,nan,False,False
774,3.87,0.004999532000056206,0.001380583000354818,5.891999990126351e-06,0.00154984200025865,0.0009714150000945665,4.513499970926205e-05,0.0035405719995651452,0.0036626026569407644,0.0020000000000000018,0.7325205313881528,26.832817461929448,0.09154617662375754,False,nan,nan,False,False
775,3.875,0.004992348000087077,0.0012061970001013833,5.9710000641644e-06,0.000992864999716403,0.0008596550001129799,5.252900018604123e-05,0.0037355469999056368,0.0038214953732066434,0.0020000000000000018,0.7642990746413287,16.970592229137075,0.09280729218035653,False,nan,nan,False,False
776,3.88,0.005046872000093572,0.0015554819997305458,7.033000201772666e-06,0.0015503119998356851,0.0011236109999117616,5.605500018646126e-05,0.003332640000280662,0.00330383914447252,0.0017000000000000348,0.660767828894504,24.346158608574218,0.08082545546441816,False,nan,nan,False,False
777,3.8850000000000002,0.00496223199979795,0.0012033600000904698,5.870999757462414e-06,0.000901073000022734,0.0008701450001353805,4.4733999857271556e-05,0.0037156809999032703,0.003959278309628438,0.0020000000000000018,0.7918556619256873,26.83281792000181,0.08593531948278496,False,nan,nan,False,False
778,3.89,0.0049903950002772035,0.0014369989999067911,5.4299998737405986e-06,0.0019887560001734528,0.0010774540000966226,4.5917000079498393e-05,0.003492891999940184,0.004154397837078293,0.0020000000000000018,0.8308795674156585,15.039911370614279,0.09147183673400121,False,nan,nan,False,False
779,3.895,0.00500086400006694,0.0012133499999436026,5.719999990105862e-06,0.0008700550001776719,0.0008790309998403245,4.476399999475689e-05,0.0037129550000827294,0.004207508802099897,0.0020000000000000018,0.8415017604199794,18.228645759693663,0.08585766493577429,False,nan,nan,False,False
780,3.9,0.004996836999907828,0.00164720499969917,5.640999916067813e-06,0.001973516999896674,0.001300925000123243,4.517499974099337e-05,0.0032843500002854853,0.004230459340524464,0.0020000000000000018,0.8460918681048929,16.970589371826403,0.10407462914641209,False,nan,nan,False,False
781,3.9050000000000002,0.005002498000067135,0.0012022789996990468,5.419999979494605e-06,0.00082107200023529,0.00085773099999642,5.643599979521241e-05,0.003725689000020793,0.004207508960125352,0.0020000000000000018,0.8415017920250704,16.970708830018733,0.1011215742569436,False,nan,nan,False,False
782,3.91,0.005001596000056452,0.0014344749997690087,5.711000085284468e-06,0.0018958119999297196,0.001064328999746067,5.541399968933547e-05,0.00349684899993008,0.003959392238721386,0.0020000000000000018,0.7918784477442772,24.000187625580974,0.10024247023189103,False,nan,nan,False,False
783,3.915,0.00500215699958062,0.0012042620001011528,5.17999978910666e-06,0.0007575230001748423,0.0008612179999545333,4.595700011122972e-05,0.0037180750000516127,0.004337410446820609,0.0020000000000000018,0.8674820893641217,20.784653645742317,0.1095720332755402,False,nan,nan,False,False
784,3.92,0.00499354100020355,0.0013697829999728128,5.299999884300632e-06,0.0018605049999678158,0.0009846799998740607,5.751799972131266e-05,0.0035585149998951238,0.0038166461921562284,0.0020000000000000018,0.7633292384312457,24.000087967301152,0.1095031748718799,False,nan,nan,False,False
785,3.9250000000000003,0.004999421999855258,0.001185737000014342,5.580000106419902e-06,0.0007005659999776981,0.0008543349999854399,4.386299997349852e-05,0.003741419000107271,0.00420750868895371,0.0020000000000000018,0.8415017377907419,26.832890361214925,0.1014467474564859,False,nan,nan,False,False
786,3.93,0.004999801999929332,0.0013770370001111587,5.580000106419902e-06,0.0017822680001700064,0.0010106089998771495,6.46819999019499e-05,0.0035574130001805315,0.003959392916518117,0.0020000000000000018,0.7918785833036235,24.000175412491753,0.11155111363781738,False,nan,nan,False,False
787,3.935,0.0050061250003636815,0.0015294529998755024,5.931000032433076e-06,0.0006004980000398064,0.0011648889999378298,4.333099968789611e-05,0.0034186220000265166,0.0037430527075853863,0.0020000000000000018,0.7486105415170773,24.000098603010283,0.10900227275510929,False,nan,nan,False,False
788,3.94,0.0050191889999950945,0.0015212680000331602,5.6710000535531435e-06,0.0017316529997515318,0.0011553100002856809,4.406300013215514e-05,0.0034558819997982937,0.003944161134324129,0.0020000000000000018,0.7888322268648257,19.922629943718093,0.10941981266795363,False,nan,nan,False,False
789,3.9450000000000003,0.005098327999803587,0.0016944730000432173,9.156999567494495e-06,0.0007290899998224631,0.0012606880000021192,5.226799976298935e-05,0.0031856239997978264,0.004016990133605049,0.0020000000000000018,0.8033980267210097,20.784658563064202,0.09708475742127715,False,nan,nan,False,False
790,3.95,0.004998689999865746,0.0017588740001883707,9.246999979950488e-06,0.0018544629997450102,0.001291667000259622,5.026500002713874e-05,0.0031171159998848452,0.004102290498424339,0.0020000000000000018,0.8204580996848676,14.555804134365525,0.09556802115548328,False,nan,nan,False,False
791,3.955,0.004992399000002479,0.0018251080000482034,9.006999789562542e-06,0.0007124789999579662,0.0011918589998458629,5.722700007027015e-05,0.003063235000354325,0.004179116413017642,0.0020000000000000018,0.8358232826035283,12.000032611063668,0.10649766678550512,False,nan,nan,False,False
792,3.96,0.005005283000173222,0.0016949740002019098,9.188000149151776e-06,0.0018159609999202075,0.0014924639999662759,1.6851000054884935e-05,0.003160756999932346,0.0037565929124143537,0.0020000000000000018,0.7513185824828708,20.788123599981333,0.09868287532612088,False,nan,nan,False,False
793,3.9650000000000003,0.004973111999788671,0.0017896620001920382,8.775999958743341e-06,0.0006316159997368231,0.0011842150001939444,6.0462999954324914e-05,0.003131011999812472,0.004272293027450815,0.0020000000000000018,0.854458605490163,24.000000000677336,0.09859939044923598,False,nan,nan,False,False
794,3.97,0.005055988000094658,0.0018127250000361528,1.149199988503824e-05,0.0017777699999896868,0.0013813240002491511,5.389200032368535e-05,0.0030637459999525163,0.004386682710012691,0.0020000000000000018,0.8773365420025381,12.000009835886448,0.10529154879783144,False,nan,nan,False,False
795,3.975,0.004994192000140174,0.0017243699999198725,8.786999842413934e-06,0.0006744070001332148,0.0013026679998802138,5.3190000016911654e-05,0.0031349490000138758,0.00400405890558436,0.0020000000000000018,0.800811781116872,20.784616427017102,0.11007324761590256,False,nan,nan,False,False
796,3.98,0.004999291999865818,0.0019195960003344226,1.118099999075639e-05,0.001755408000008174,0.001286516999698506,6.081399988033809e-05,0.002961252999739372,0.004386682701263041,0.0020000000000000018,0.8773365402526082,20.784609692262205,0.11097656200104498,False,nan,nan,False,False
797,3.985,0.0049991210003099695,0.0018717969996941974,8.756000170251355e-06,0.0006638069999098661,0.001446437999675254,5.416200019681128e-05,0.0029906079998909263,0.004272293264078258,0.0020000000000000018,0.8544586528156516,12.000114659858543,0.10394778286511416,False,nan,nan,False,False
798,3.99,0.004993209999611281,0.001749567000388197,1.1400999937904999e-05,0.0017530729996906302,0.0013445160002447665,5.199699990043882e-05,0.0031144609997681982,0.003910878144413925,0.0020000000000000018,0.7821756288827849,20.115535735214277,0.10174115202814156,False,nan,nan,False,False
799,3.995,0.004982079999990674,0.0018101700002262078,8.986000011645956e-06,0.0006457529998442624,0.0013882470002499758,5.3019000006315764e-05,0.003098641000178759,0.00428292797190415,0.0020000000000000018,0.8565855943808299,20.78461851303169,0.11411004001505472,False,nan,nan,False,False
800,4.0,0.005040779000410112,0.001816422999581846,1.1201000233995728e-05,0.0017672090002633922,0.0013883179999538697,5.2459000016824575e-05,0.00302775800037125,0.004050305312381395,0.0020000000000000018,0.8100610624762788,16.970864750459803,0.10280681746714819,False,nan,nan,False,False
801,4.005,0.004961380999702669,0.0016730729998926108,8.946999969339231e-06,0.0005998480000926065,0.0010603420000734332,6.109500009188196e-05,0.0032122840002557496,0.004106880382440041,0.0020000000000000018,0.8213760764880081,16.970580901114616,0.09352682226908537,False,nan,nan,False,False
802,4.01,0.005011043000195059,0.0018300279998584301,1.160200008598622e-05,0.0016739850002522871,0.0014057009998396097,5.046399974162341e-05,0.002972304000195436,0.004185088816206345,0.0020000000000000018,0.8370177632412689,12.000055236965478,0.11503861583299964,False,nan,nan,False,False
803,4.015,0.004865931000040291,0.001271589999760181,5.420000434241956e-06,0.00040901800002757227,0.0008972860000540095,4.873200032307068e-05,0.0036603260000447335,0.004282929314094869,0.0020000000000000018,0.8565858628189735,12.001162326565229,0.10619857144433595,False,nan,nan,False,False
804,4.0200000000000005,0.004991056999642751,0.0013469600003190862,5.119999968883349e-06,0.001503975999639806,0.0009596929999133863,4.516499984674738e-05,0.0036002940000798844,0.0037381744934235103,0.0019465295341756228,0.7476348986847021,24.095191421085893,0.10445855743935122,False,nan,nan,False,False
805,4.025,0.005004661000384658,0.0012041629997838754,4.908999926556135e-06,0.0003515710000101535,0.0008720880000510078,4.384199974083458e-05,0.0037366790002124617,0.0038505150581871466,0.0020000000000000018,0.7701030116374293,24.09511693727341,0.10257330621037397,False,nan,nan,False,False
806,4.03,0.004999211999802355,0.001368741000078444,5.1500001063686796e-06,0.0014194969999152818,0.0010197759997936373,5.731800001740339e-05,0.003563464999842836,0.003910913058944222,0.0020000000000000018,0.7821826117888444,20.797265459005963,0.10569228011287186,False,nan,nan,False,False
807,4.035,0.00499172699983319,0.001198662000206241,4.839999746764079e-06,0.0008280060001197853,0.0008717869995962246,4.301100034354022e-05,0.0037407370000437368,0.004282951904180982,0.0020000000000000018,0.8565903808361963,20.784797331438597,0.09919758161715483,False,nan,nan,False,False
808,4.04,0.004996176000076957,0.001344907000202511,4.738999905384844e-06,0.0019432300000516989,0.0010005200001614867,4.5214999772724696e-05,0.003613278000102582,0.004399102995804403,0.0020000000000000018,0.8798205991608804,12.000550055424473,0.10699629691164919,False,nan,nan,False,False
809,4.045,0.005015833000015846,0.0011848560002363229,5.220000275585335e-06,0.0008434040000793175,0.0008612179999545333,4.21089998781099e-05,0.00374079699986396,0.004449703801652758,0.0020000000000000018,0.8899407603305516,4.742335317457127,0.10067433686727968,False,nan,nan,False,False
810,4.05,0.004983281000022544,0.0013482540002769383,4.7280000217142515e-06,0.001944612999977835,0.0009887180003715912,6.158599990158109e-05,0.0036112529996898957,0.00433840235876238,0.0020000000000000018,0.8676804717524759,10.790194838237774,0.10951384188117227,False,nan,nan,False,False
811,4.055,0.005015463000290765,0.0012062359996889427,4.607999926520279e-06,0.000834968999697594,0.0008621000001767243,5.060500006948132e-05,0.003726220000316971,0.004073033222861913,0.0020000000000000018,0.8146066445723827,24.001655119849037,0.1144456155851992,False,nan,nan,False,False
812,4.0600000000000005,0.004989953999938734,0.0013006429999222746,4.617999820766272e-06,0.0019462960003693297,0.0009602740001355414,4.313099998398684e-05,0.003631651999967289,0.00403347574494474,0.0020000000000000018,0.806695148988948,14.088622456025933,0.10905641859734702,False,nan,nan,False,False
813,4.065,0.004974233999746502,0.0008431639998889295,3.3759997677407227e-06,0.0005749189999733062,0.0005787780000900966,4.2099999973288504e-05,0.004126963000089745,0.004330499263002564,0.0020000000000000018,0.8660998526005128,17.63463213163571,0.10516084031719362,False,nan,nan,False,False
814,4.07,0.005026233000080538,0.001315491000241309,4.919000275549479e-06,0.001712056000087614,0.0009675979999883566,4.55959998362232e-05,0.003626451999934943,0.004369315634967062,0.0020000000000000018,0.8738631269934123,15.477014475757239,0.10867203893931207,False,nan,nan,False,False
815,4.075,0.004998178999812808,0.0012799250002899498,4.908999926556135e-06,0.0005819430002702575,0.0008363509996343055,4.39730001744465e-05,0.003659042999970552,0.004082891192147594,0.0020000000000000018,0.8165782384295188,22.92663867424932,0.11468139950804733,False,nan,nan,False,False
816,4.08,0.005002909000268119,0.0012902529997518286,4.758999693876831e-06,0.0017105140000239771,0.0009512569999969855,4.3491999804246007e-05,0.0036462400003074436,0.004237924063348222,0.0020000000000000018,0.8475848126696442,20.784610018244898,0.11404761282741695,False,nan,nan,False,False
817,4.085,0.004992117999790935,0.0012775400000464288,4.708999767899513e-06,0.0005690689999937604,0.0008442660000582691,4.44339998466603e-05,0.003668550999918807,0.004346262775072638,0.0020000000000000018,0.8692525550145276,12.00000500239874,0.10165686170582028,False,nan,nan,False,False
818,4.09,0.005001425000045856,0.001320191000104387,4.548999640974216e-06,0.0017009349999170809,0.0009691109999039327,4.3341000036889454e-05,0.003623866999987513,0.004346263042905689,0.0020000000000000018,0.8692526085811376,16.97073168838902,0.1083749794202609,False,nan,nan,False,False
819,4.095,0.004999693000172556,0.0012846529998569167,4.958999852533452e-06,0.0005738279996876372,0.0008591939999860188,5.7188000027963426e-05,0.003659485000298446,0.004082891191634739,0.0020000000000000018,0.8165782383269479,24.000025036869882,0.11954485005121265,False,nan,nan,False,False
820,4.1,0.005001385000014125,0.0013782599999103695,4.86899989482481e-06,0.001711104999685631,0.0009079759997803194,5.445199985842919e-05,0.003564726000149676,0.004293754155843227,0.0020000000000000018,0.8587508311686453,17.85973533547423,0.11838979880093525,False,nan,nan,False,False
821,4.105,0.004997528999865608,0.0012797240001418686,4.97900009577279e-06,0.0005766730000686948,0.0008511189998898772,4.454400004760828e-05,0.0036696739998660632,0.0042840413808245496,0.0020000000000000018,0.85680827616491,16.97898798025415,0.10146117980922452,False,nan,nan,False,False
822,4.11,0.005005171999982849,0.0013019660000281874,4.598999566951534e-06,0.0016933510000853857,0.000971924999703333,4.2921000385831576e-05,0.0036366320000524865,0.004293756725543335,0.0020000000000000018,0.8587513451086668,16.984966525734666,0.10998316124105136,False,nan,nan,False,False
823,4.115,0.004993530999854556,0.0012668900003518502,4.35799984188634e-06,0.0005694999999832362,0.0008436150001216447,4.291100003683823e-05,0.003685192999910214,0.0041524511862661906,0.0020000000000000018,0.830490237253238,20.786181429283147,0.11812689442842272,False,nan,nan,False,False
824,4.12,0.005009010000321723,0.0013077969997539185,4.448999789019581e-06,0.0017085290000977693,0.0009762740000951453,4.3150999772478826e-05,0.0036294680003265967,0.004472136036979096,0.0020000000000000018,0.894427207395819,17.859763429587783,0.11182317414175146,False,nan,nan,False,False
825,4.125,0.004993580999780534,0.001267081000150938,4.347999947640346e-06,0.0005739480002375785,0.0008574810003665334,4.5015000068815425e-05,0.0036767259998669033,0.004472136192943284,0.0020000000000000018,0.8944272385886567,0.09260579980703332,0.10288738020285103,False,nan,nan,False,False
826,4.13,0.0049982800001089345,0.0012889109998468484,4.547999651549617e-06,0.0016934410000430944,0.0009606549997442926,4.3342000026314054e-05,0.0036546760002238443,0.004074536205794325,0.0020000000000000018,0.814907241158865,20.79595968456447,0.11046917886644199,False,nan,nan,False,False
827,4.135,0.0049991609998869535,0.001268383000024187,4.168000032223063e-06,0.0005693690000043716,0.0008296490000248014,4.28799999099283e-05,0.0036773980000361917,0.004472135957194749,0.0020000000000000018,0.8944271914389498,20.79587796847679,0.12163113221797696,False,nan,nan,False,False
828,4.14,0.0050024679999296495,0.0013220030000411498,4.457999693840975e-06,0.0017014659997585113,0.0009803709999687271,5.258900000626454e-05,0.003625541000019439,0.004472135974366891,0.0020000000000000018,0.8944271948733782,0.011043315836141578,0.11308725516609011,False,nan,nan,False,False
829,4.1450000000000005,0.0050067560000570666,0.0012501680002969806,4.578000243782299e-06,0.0005800399999316141,0.0008379639998565835,4.426300029081176e-05,0.003658653000002232,0.004216633734006662,0.0020000000000000018,0.8433267468013323,16.970564633297574,0.10346850576169284,False,nan,nan,False,False
830,4.15,0.004971559000296111,0.001318676999744639,4.488000286073657e-06,0.0016780220003056456,0.0009676179997768486,4.336199981480604e-05,0.0036458990002756764,0.0044721359578799,0.0020000000000000018,0.8944271915759797,16.970562894942173,0.12049248561956935,False,nan,nan,False,False
831,4.155,0.005026782999721036,0.0011870600001202547,4.147999788983725e-06,0.000572465999994165,0.000830511000003753,4.237000030116178e-05,0.0037505260002035357,0.004216633753408622,0.0020000000000000018,0.8433267506817242,16.970580821566017,0.11874354130507714,False,nan,nan,False,False
832,4.16,0.004992659999970783,0.0013367000001380802,4.528000317804981e-06,0.0017131280001194682,0.0009877759998744295,4.318100036471151e-05,0.0036234469998817076,0.00440325589082911,0.0020000000000000018,0.8806511781658221,13.25646545942416,0.11100183712283405,False,nan,nan,False,False
833,4.165,0.00501579199999469,0.0013546650002354,4.35799984188634e-06,0.0005845480000061798,0.0009352669999316277,5.381099981605075e-05,0.0035691150001184724,0.00447213598286642,0.0020000000000000018,0.8944271965732837,6.366799594610338,0.10840707801433057,False,nan,nan,False,False
834,4.17,0.00496333399996729,0.0008891110001059133,3.2359998840547632e-06,0.001713669000309892,0.0006669929998679436,2.9455000003508758e-05,0.004066087999945012,0.003944616612919473,0.0020000000000000018,0.7889233225838944,24.000000024486024,0.11213705666536236,False,nan,nan,False,False
835,4.175,0.004994924000129686,0.000801936000243586,3.3269998311880045e-06,0.0005393629999161931,0.0005684480001946213,2.855399998225039e-05,0.004159032999723422,0.004237924029971287,0.0020000000000000018,0.8475848059942575,24.00000111200689,0.1155756975719571,False,nan,nan,False,False
836,4.18,0.005018587999984447,0.001314488999923924,4.97900009577279e-06,0.001702918999853864,0.0009625990001040918,4.318099990996416e-05,0.0036410200000318582,0.004346262767127042,0.0020000000000000018,0.8692525534254083,12.000016122516122,0.10933673338344288,False,nan,nan,False,False
837,4.1850000000000005,0.005010973000025842,0.001286487000015768,4.678999630414182e-06,0.0005723549998037925,0.0008632320000288018,4.2408999888721155e-05,0.003655166000044119,0.003967366886881059,0.0020000000000000018,0.7934733773762118,20.78461376227994,0.11521741564241796,False,nan,nan,False,False
838,4.19,0.004996506000225054,0.0012870079999629525,4.347999947640346e-06,0.0016982000001917186,0.0009590020003997779,4.570599958242383e-05,0.003661749000002601,0.004346262763336362,0.0020000000000000018,0.8692525526672722,20.784609734593584,0.10952560500493823,False,nan,nan,False,False
839,4.195,0.005006535999655171,0.0013312109999787936,4.948999958287459e-06,0.000574599000174203,0.0008841509998092079,5.012400015402818e-05,0.0036311810004008294,0.004472136760595708,0.0020000000000000018,0.8944273521191414,12.000448946916308,0.11317691403427976,False,nan,nan,False,False
840,4.2,0.005019950000132667,0.0013181160002204706,4.478999926504912e-06,0.0017355509999106289,0.0009779869997146307,4.255999965607771e-05,0.003617916999701265,0.004082891132913758,0.0020000000000000018,0.8165782265827515,20.784898887377484,0.1191969250857194,False,nan,nan,False,False
841,4.205,0.004994333000013285,0.0012776399998983834,4.647999958251603e-06,0.0005929439998908492,0.0008581319998484105,4.3501999698492e-05,0.0036494760001914983,0.0044721359555250076,0.0020000000000000018,0.8944271911050015,20.784609696147562,0.11203454068253496,False,nan,nan,False,False
842,4.21,0.00498303099993791,0.001340568000159692,4.829000317840837e-06,0.0016946139999163279,0.000916271000278357,4.287000001568231e-05,0.003613998999753676,0.004216636937310964,0.0020000000000000018,0.8433273874621928,16.971872213771636,0.11622980335683288,False,nan,nan,False,False
843,4.215,0.00501108300022679,0.0012669009997807734,4.819999958272092e-06,0.0005909199999223347,0.0008430539996879816,4.2098999983863905e-05,0.0036795420000999,0.004237925816185943,0.0020000000000000018,0.8475851632371885,16.97064245220565,0.10857328193752375,False,nan,nan,False,False
844,4.22,0.005004231999919284,0.0012924970001222391,4.55899998996756e-06,0.0017219850001310988,0.0009627379999983532,4.1898999825207284e-05,0.0036338169998089143,0.0043462631967653795,0.0020000000000000018,0.8692526393530758,12.000255751388426,0.11389909377843416,False,nan,nan,False,False
845,4.225,0.004983510999863938,0.0012751760000355716,4.549000095721567e-06,0.000567516000046453,0.0008485839998684241,4.3150999772478826e-05,0.003673500999866519,0.004472145094211181,0.0020000000000000018,0.8944290188422361,12.00804096281888,0.10602942542800545,False,nan,nan,False,False
846,4.23,0.005004903000099148,0.0013130560000718106,4.338000053394353e-06,0.0016946840000855445,0.0009717449997879157,4.224899976179586e-05,0.0036293279999881634,0.00408289385642918,0.0020000000000000018,0.816578771285836,20.785329653735666,0.11251244175694812,False,nan,nan,False,False
847,4.235,0.004998460000024352,0.0013335349999579194,4.437999905348988e-06,0.0005758419997619058,0.0008875969997461652,4.269999999451102e-05,0.003628807000040979,0.004472137595831579,0.0020000000000000018,0.8944275191663157,20.784639857661528,0.11877186885425947,False,nan,nan,False,False
848,4.24,0.005030490000081045,0.0012790329997187655,4.9989998842647765e-06,0.0017483340002399927,0.0009015840000756725,4.2780000057973666e-05,0.0036293680000198947,0.004346375538862136,0.0020000000000000018,0.8692751077724272,12.082045852016556,0.1155712332417854,False,nan,nan,False,False
849,4.245,0.0049661089997243835,0.0012710680002783192,5.078999947727425e-06,0.0005826139999953739,0.000839506999909645,4.3711999751394615e-05,0.003690253000058874,0.0044241354563679045,0.0020000000000000018,0.884827091273581,12.784565627663142,0.09998773984454039,False,nan,nan,False,False
850,4.25,0.005046751000008953,0.0013731290000578156,6.9029997575853486e-06,0.0017546760000186623,0.0009689299999990908,4.704899993157596e-05,0.0035402610001256107,0.004472145285081294,0.0020000000000000018,0.8944290570162586,4.429569930259173,0.11698698128748765,False,nan,nan,False,False
851,4.255,0.004984484000033262,0.00192127900027117,5.850999968970427e-06,0.0006121799997345079,0.0014169620003485761,5.446199975267518e-05,0.003100293999978021,0.004472633758056595,0.0020000000000000018,0.8945267516113189,3.034558088519104,0.12029964752098618,False,nan,nan,False,False
852,4.26,0.005118145000324148,0.0017115349996856821,8.54600011734874e-06,0.0016658290001032583,0.0012930289999530942,5.244800013315398e-05,0.0031589039999744273,0.004223494817138458,0.0020000000000000018,0.8446989634276917,16.542798097079704,0.11328042033480623,False,nan,nan,False,False
853,4.265,0.00498803999971642,0.0016215870000451105,8.816999979899265e-06,0.0006315360001281078,0.0011962879998463904,5.065499999545864e-05,0.003263811000124406,0.004472263477584015,0.0020000000000000018,0.8944526955168028,16.514826432287958,0.10716956460988325,False,nan,nan,False,False
854,4.2700000000000005,0.0050175360001958325,0.0016115280000121857,1.115099985327106e-05,0.0017428950000066834,0.001177602000097977,5.1717000133066904e-05,0.0032531209999433486,0.004347046729504772,0.0020000000000000018,0.8694093459009544,12.870562428045664,0.11331120139237207,False,nan,nan,False,False
855,4.275,0.004983061000075395,0.0017418229999748291,8.966999757831218e-06,0.0006243530001484032,0.0012903940000796865,5.198799999561743e-05,0.003112045999841939,0.00433816905873217,0.0020000000000000018,0.867633811746434,17.02855502248889,0.12327273522259365,False,nan,nan,False,False
856,4.28,0.004971088999809581,0.0017859949998637603,9.116999990510521e-06,0.0014045389998500468,0.0013478119999490445,5.1867999900423456e-05,0.0030941429999984393,0.004312707259614927,0.0020000000000000018,0.8625414519229853,4.092662443176208,0.11850918561817883,False,nan,nan,False,False
857,4.285,0.004996926999865536,0.0017148619999716175,9.076999958779197e-06,0.0007237390000227606,0.00123946799976693,5.086500004836125e-05,0.003136482000172691,0.004306738559605227,0.0020000000000000018,0.8613477119210453,17.038083678216346,0.10879792766624531,False,nan,nan,False,False
858,4.29,0.004915765000077954,0.001418154000020877,5.761000011261785e-06,0.0017289680004068941,0.0010433200000079523,4.739899986816454e-05,0.0035067479998360795,0.004415680791790805,0.0020000000000000018,0.8831361583581607,7.656576210557687,0.11534015732367656,False,nan,nan,False,False
859,4.295,0.004981719000170415,0.001332713000010699,5.1890001486754045e-06,0.0005760829999417183,0.000895933999800036,4.6428000132436864e-05,0.003623506999701931,0.004472218248328503,0.0020000000000000018,0.8944436496657004,5.198783644949394,0.11419200388810889,False,nan,nan,False,False
860,4.3,0.005013809000047331,0.0014434609997806547,4.889000138064148e-06,0.001710903999992297,0.0009831170000325073,5.093500021757791e-05,0.003485327999896981,0.004472188354536995,0.0020000000000000018,0.8944376709073988,0.21925822005866205,0.11506510127737789,False,nan,nan,False,False
861,4.305,0.004988851999769395,0.0013099410002723744,4.9989998842647765e-06,0.000528984000084165,0.0008719279999240825,6.135500007076189e-05,0.0036392759998307156,0.004472155674748536,0.0020000000000000018,0.894431134949707,0.33472800946522185,0.10868974306692263,False,nan,nan,False,False
862,4.3100000000000005,0.005025551000017003,0.0014405160000023898,8.34600041343947e-06,0.0015962789998411608,0.0010627159999785363,4.773999989993172e-05,0.003477241999917169,0.004472142190280384,0.0020000000000000018,0.8944284380560765,0.8299487898985433,0.11479078232067859,False,nan,nan,False,False
863,4.315,0.004978282000138279,0.0012241899999025918,5.169000360183418e-06,0.00046823000002405024,0.0008722689999558497,4.663700019591488e-05,0.0037198179998085834,0.003944622275602083,0.0020000000000000018,0.7889244551204166,24.00669058801401,0.11608399873119267,False,nan,nan,False,False
864,4.32,0.005002356999739277,0.0013611869999294868,5.219999820837984e-06,0.001513061999958154,0.0010149669997190358,5.5795000207581325e-05,0.0035732930000449414,0.003653234807708082,0.0020000000000000018,0.7306469615416163,15.590878659688196,0.11375134692481366,False,nan,nan,False,False
865,4.325,0.005000443999961135,0.001215724000303453,4.83900021208683e-06,0.0009608139998817933,0.0008696239997334487,4.633700018530362e-05,0.0037174229996708164,0.004167565899818173,0.0020000000000000018,0.8335131799636344,24.000103151140696,0.10886288574391083,False,nan,nan,False,False
866,4.33,0.004990575000192621,0.0014014029998179467,4.717999672720907e-06,0.0015088549998836243,0.001032749999922089,5.518300031326362e-05,0.003541032000157429,0.004472135990276811,0.0020000000000000018,0.8944271980553622,15.591628315529988,0.10230243885067465,False,nan,nan,False,False
867,4.335,0.004999362000035035,0.0012016169998787518,5.129999863129342e-06,0.0009481810002398561,0.0008628600003248721,4.431299976204173e-05,0.003743593000308465,0.004346295301021218,0.0020000000000000018,0.8692590602042437,12.020120010482518,0.09840597422145232,False,nan,nan,False,False
868,4.34,0.005011924999962503,0.0013984779998281738,4.749000254378188e-06,0.0015226200002871337,0.0010347440002078656,6.39799995951762e-05,0.0035309630002302583,0.004237953210719629,0.0020000000000000018,0.8475906421439258,12.000078986572381,0.12221519750115539,False,nan,nan,False,False
869,4.345,0.004986448000181554,0.0011923099996238307,4.738999905384844e-06,0.0009471900002608891,0.0008635220001451671,4.2890000258921646e-05,0.003748622000330215,0.0043462868655253254,0.0020000000000000018,0.8692573731050651,12.000104959964384,0.11710116188310597,False,nan,nan,False,False
870,4.3500000000000005,0.004998539999633067,0.0013767059999736375,4.859000000578817e-06,0.0015064300000631192,0.001008384000215301,5.9531999795581214e-05,0.0035759880001933197,0.0044721547000215476,0.0020000000000000018,0.8944309400043093,12.000155309687944,0.1001289850616968,False,nan,nan,False,False
871,4.355,0.0050104230003853445,0.00119216899975072,5.140000212122686e-06,0.0003903540000465,0.0008668479999869305,4.252999997333973e-05,0.003739795999990747,0.004472149639681401,0.0020000000000000018,0.89442992793628,0.07539819114615876,0.09833837927545348,False,nan,nan,False,False
872,4.36,0.004987719999917317,0.0012769780000780884,4.588000138028292e-06,0.001504326000031142,0.0009479810000811995,4.335099993113545e-05,0.0036696839997603092,0.004472144064340497,0.0020000000000000018,0.8944288128680993,0.10187420580937959,0.11880011488893563,False,nan,nan,False,False
873,4.365,0.005002657999739313,0.0011719809999704012,4.709000222646864e-06,0.0009472400001868664,0.0008351789997504966,4.3121000089740846e-05,0.003862135999952443,0.004472138095303066,0.0020000000000000018,0.8944276190606132,0.1656504265953412,0.11869965356609731,False,nan,nan,False,False
874,4.37,0.005161525999938021,0.0018131060000996513,1.1671999800455524e-05,0.0016774410000834905,0.0013720870001634466,5.2799000059167156e-05,0.0030413839999710035,0.004472151445348091,0.0020000000000000018,0.8944302890696181,0.6458422388123748,0.11040666534437193,False,nan,nan,False,False
875,4.375,0.004965428000105021,0.001709371000288229,8.456000159640098e-06,0.0010657620000529278,0.0012794640001629887,5.2058000164834084e-05,0.003184291999787092,0.00394461982744507,0.0020000000000000018,0.788923965489014,24.001501991538134,0.10772602255549568,False,nan,nan,False,False
876,4.38,0.005003539999961504,0.001735350000217295,0.00014346000034493045,0.0017638439999245747,0.0011548589995982184,5.2768999921681825e-05,0.0031510389999311883,0.003440933556051605,0.0020000000000000018,0.6881867112103209,24.000001151852548,0.12013274111395264,False,nan,nan,False,False
877,4.385,0.004998038999929122,0.0016585260000283597,8.335000075021526e-06,0.0010759819997474551,0.0012316629999986617,5.2147999667795375e-05,0.0033177020000039192,0.003944702315853931,0.0020000000000000018,0.7889404631707864,24.031762768351093,0.11207434504796923,False,nan,nan,False,False
878,4.39,0.005096715000036056,0.0018388940002296295,1.0800000382005237e-05,0.0017323450001640595,0.0014017630001035286,5.317999966791831e-05,0.00303969100014001,0.004264098298559659,0.0020000000000000018,0.8528196597119316,25.973768118876674,0.10227510759022335,False,nan,nan,False,False
879,4.3950000000000005,0.00498835100006545,0.0017120960001193453,8.465000064461492e-06,0.0011540079999576847,0.0012658079999710026,5.400100008046138e-05,0.0030996330001471506,0.004115897387838963,0.0020000000000000018,0.8231794775677925,20.818135218679327,0.10085068812589942,False,nan,nan,False,False
880,4.4,0.004921255000226665,0.0017934590000550088,1.3455999578582123e-05,0.0016461820000586158,0.0013132869999026298,6.267799972192734e-05,0.003088571999796841,0.004032300101356185,0.0020000000000000018,0.8064600202712369,17.72581679800988,0.1126283554104078,False,nan,nan,False,False
881,4.405,0.004991696999695705,0.0020293020002100093,0.00014856899997539585,1.6490999769303016e-05,0.0013627899998027715,5.280999994283775e-05,0.0028619270001399855,0.003990431219620858,0.0020000000000000018,0.7980862439241715,13.658023972360125,0.10897733063992715,False,nan,nan,False,False
882,4.41,0.0050016660002256685,0.001866296000116563,8.224999874073546e-06,0.001626225000109116,0.0014213800000106858,5.399100018621539e-05,0.003022367999619746,0.0042096385019964365,0.0020000000000000018,0.8419277003992872,17.599201827636517,0.09087927964993196,False,nan,nan,False,False
883,4.415,0.004998740999781148,0.0017283170000155224,8.336000064446125e-06,0.0010638280000421219,0.0011193329996785906,6.148600004962645e-05,0.0031978070001059677,0.0042239274700009875,0.0020000000000000018,0.8447854940001973,20.92897680590574,0.09001267143632012,False,nan,nan,False,False
884,4.42,0.005041270000219811,0.0018436840000504162,1.1031000212824438e-05,0.0016822200000206067,0.0013964629997644806,5.381099981605075e-05,0.003007298999818886,0.004305628069759497,0.0020000000000000018,0.8611256139518995,20.20648440738166,0.10191574507058944,False,nan,nan,False,False
885,4.425,0.004960769999797776,0.0016771099999459693,8.37600009617745e-06,0.0010784860000967456,0.0010641389999364037,6.151500019768719e-05,0.0032212420001087594,0.00407825039709705,0.0020000000000000018,0.81565007941941,18.391086464968605,0.11277921126274039,False,nan,nan,False,False
886,4.43,0.005007597000258102,0.0017757860000529035,1.3475000287144212e-05,0.001650049000090803,0.0013439650001600967,5.2027000037924154e-05,0.0031049730000631826,0.004234030593309451,0.0020000000000000018,0.8468061186618902,12.697423037385716,0.09804162684331674,False,nan,nan,False,False
887,4.4350000000000005,0.004991968000013003,0.001800160999664513,8.20500008558156e-06,0.001067113999852154,0.0013415799999165756,5.2880000112054404e-05,0.003091097000378795,0.004474349755976389,0.0020000000000000018,0.8948699511952777,20.000307548812756,0.10012729201946201,False,nan,nan,False,False
888,4.44,0.005002126999897882,0.0018511469997974928,1.3004999800614314e-05,0.0016353209998669627,0.0014281229996413458,5.213800022829673e-05,0.0030405720003727765,0.00422245394334703,0.0020000000000000018,0.8444907886694059,17.276268801016318,0.1124425738186935,False,nan,nan,False,False
889,4.445,0.005008919999909267,0.0016132599998854857,9.037000381795224e-06,0.0005462960002660111,0.0011816900000667374,5.130699992150767e-05,0.0032830780000949744,0.0042429454071539995,0.0020000000000000018,0.8485890814307998,16.981538326536953,0.11420080346776885,False,nan,nan,False,False
890,4.45,0.005020440999942366,0.0018378019999545359,1.1640999673545593e-05,0.0016752469996390573,0.0013972039996588137,6.498199991256115e-05,0.0030275580002125935,0.004217673276757451,0.0020000000000000018,0.8435346553514902,20.784609690825963,0.10643868593300067,False,nan,nan,False,False
891,4.455,0.0049816690002444375,0.0017436049997741065,8.857000011630589e-06,0.0005219599997872137,0.0013061129998277465,5.288899956212845e-05,0.0031483249999837426,0.0044401837125562695,0.0020000000000000018,0.8880367425112538,18.7619580299517,0.10083718786937133,False,nan,nan,False,False
892,4.46,0.005016253000121651,0.001936517999638454,1.1812000138888834e-05,0.0016678430001775268,0.0012925979999636183,6.057399968995014e-05,0.002930826000010711,0.004312238987818158,0.0020000000000000018,0.8624477975636315,13.9445675211086,0.10821181437114949,False,nan,nan,False,False
893,4.465,0.004983701999663026,0.001885312000013073,8.897000043361913e-06,0.0005293639997034916,0.0014587609998670814,5.345999989003758e-05,0.0030194820001270273,0.004436675430246846,0.0020000000000000018,0.8873350860493692,16.97056274847699,0.12065560964574462,False,nan,nan,False,False
894,4.47,0.005031853000218689,0.0019571570001062355,1.1481999990792247e-05,0.0016677230000823329,0.0015114889997676073,5.2739000238943845e-05,0.002887784999984433,0.004375639290814211,0.0020000000000000018,0.8751278581628421,17.362504957381486,0.11204854589650584,False,nan,nan,False,False
895,4.4750000000000005,0.0049625530000412255,0.001805071000035241,8.925999736675294e-06,0.0005613549997178779,0.0011900260001311835,6.129499979579123e-05,0.0031005749997348175,0.004370524434167626,0.0020000000000000018,0.8741048868335252,0.6643682411731769,0.11118713924091246,False,nan,nan,False,False
896,4.48,0.005015912999624561,0.0018096590001732693,8.43599991640076e-06,0.0016589869997005735,0.0013704749999305932,5.419099989012466e-05,0.0030627340001956327,0.004247530489995803,0.0020000000000000018,0.8495060979991604,13.61588605992752,0.10931433501749517,False,nan,nan,False,False
897,4.485,0.004982871000265732,0.0016851450000103796,8.396000339416787e-06,0.0005046979999860923,0.001071031999799743,6.12549997640599e-05,0.0032068239997897763,0.0043525488072723,0.0020000000000000018,0.8705097614544599,12.045381468567925,0.10990261461598115,False,nan,nan,False,False
898,4.49,0.005001534999792057,0.001821041000312107,8.445999810646754e-06,0.0015078330002324947,0.0013796520001960744,5.730699967898545e-05,0.003004825000061828,0.004233099926638872,0.0020000000000000018,0.8466199853277744,16.604922648476386,0.11202125072224887,False,nan,nan,False,False
899,4.495,0.004893673999958992,0.0013890790000914421,5.731000328523805e-06,0.0006981319997976243,0.001002323000193428,6.194599973241566e-05,0.0035359230000722164,0.004340454749573295,0.0020000000000000018,0.8680909499146588,12.002710754470481,0.11348074845895949,False,nan,nan,False,False
900,4.5,0.004990445000203181,0.0014481500002148096,5.399999736255268e-06,0.0017391370001860196,0.0010227220000160742,4.9622999995335704e-05,0.003484325999579596,0.004471579611527465,0.0020000000000000018,0.894315922305493,16.104647862422713,0.11452039248958923,False,nan,nan,False,False
901,4.505,0.004996135000055801,0.0013860439999007212,5.210000381339341e-06,0.0005499730000337877,0.0009747310000420839,6.484200002887519e-05,0.003554057000201283,0.0043438783961027485,0.0020000000000000018,0.8687756792205497,12.241299218155092,0.10250792650279061,False,nan,nan,False,False
902,4.51,0.005001376000109303,0.0014648520000264398,4.928999715048121e-06,0.0015861300003052747,0.0010787360001813795,4.609600000549108e-05,0.0034674439998525486,0.004468089292927262,0.0020000000000000018,0.8936178585854523,12.024195534577359,0.11289935280751548,False,nan,nan,False,False
903,4.515,0.004998950999834051,0.0014292549999481707,6.6229999902134296e-06,0.0004441140004018962,0.0009429719998479413,5.278899971017381e-05,0.0035057959998994193,0.004340406248224063,0.0020000000000000018,0.8680812496448125,13.096165207747772,0.12044908771251776,False,nan,nan,False,False
904,4.5200000000000005,0.004995524000150908,0.0015063699997881486,4.918999820802128e-06,0.001506260000041948,0.0011042140004065004,6.445100007113069e-05,0.003431166000154917,0.004465393862952975,0.0020000000000000018,0.893078772590595,12.002102331757806,0.11317954153392071,False,nan,nan,False,False
905,4.525,0.0050034900000355265,0.0013260809996609169,5.650999810313806e-06,0.0008870659999047348,0.0009537519999867072,4.556500016406062e-05,0.0036182270000608696,0.004472311052399652,0.0020000000000000018,0.8944622104799302,2.447080124972882,0.10771705907286683,False,nan,nan,False,False
906,4.53,0.0050042509997183515,0.0015024530002847314,5.190000138100004e-06,0.001404458000251907,0.001014496000152576,5.009400001654285e-05,0.0034263259999534057,0.004082953846623004,0.0020000000000000018,0.8165907693246008,20.795658088868233,0.110930836363875,False,nan,nan,False,False
907,4.535,0.004989593000118475,0.0012938710001435538,4.848999651585473e-06,0.0007595170000058715,0.0009320200001639023,4.423300015332643e-05,0.003646189999926719,0.00447216684036786,0.0020000000000000018,0.894433368073572,20.78599954482533,0.1191864823328681,False,nan,nan,False,False
908,4.54,0.005001515999992989,0.0014217510001799383,4.849000106332824e-06,0.0018075050002153148,0.001063928999883501,4.4022999645676464e-05,0.0035227879998274148,0.0043470210858347,0.0020000000000000018,0.8694042171669399,12.621730047914957,0.11416573429109853,False,nan,nan,False,False
909,4.545,0.005004462000215426,0.0014034459995855286,4.647999958251603e-06,0.0006055580001884664,0.0009094789998016495,4.658699981519021e-05,0.00352663500007111,0.004472615060933507,0.0020000000000000018,0.8945230121867012,12.016483167110858,0.10287727254579636,False,nan,nan,False,False
910,4.55,0.005000432999622717,0.0014244560002225626,5.370000053517288e-06,0.0016830019999360957,0.0010450930003571557,5.5714999689371325e-05,0.0035116569997626357,0.0044723252310660405,0.0020000000000000018,0.8944650462132081,0.9727142635115902,0.11983292617985859,False,nan,nan,False,False
911,4.555,0.00499709800033088,0.0014389129996743577,5.480000254465267e-06,0.0005054389998804254,0.0009418789995834231,4.604700006893836e-05,0.0034955870000885625,0.004472202716465727,0.0020000000000000018,0.8944405432931452,2.6232854536200287,0.11674452000212951,False,nan,nan,False,False
912,4.5600000000000005,0.004994151999653695,0.0014470680002887093,5.140000212122686e-06,0.0015339020001192694,0.0010600610003166366,4.429299997354974e-05,0.0034934830000565853,0.0040828993636576475,0.0020000000000000018,0.8165798727315295,20.825562350179073,0.11433172460482163,False,nan,nan,False,False
913,4.565,0.004999983000288921,0.0012822690000575676,4.859000000578817e-06,0.0009507360000498011,0.0009191369999825838,4.398200007926789e-05,0.0036570999996001774,0.004136811022268587,0.0020000000000000018,0.8273622044537172,17.23868770536407,0.10942023663989331,False,nan,nan,False,False
914,4.57,0.004998649999834015,0.0014490720000139845,4.9690002015267964e-06,0.0014373700000760437,0.0010599919996820972,4.578600010063383e-05,0.0034927520000564982,0.0043462641148525865,0.0020000000000000018,0.8692528229705173,14.983816759957577,0.11019573950881127,False,nan,nan,False,False
915,4.575,0.005001596000056452,0.00124984800004313,5.32000012753997e-06,0.0008205420003832842,0.0009084759999495873,4.475499963518814e-05,0.003688098000111495,0.004237925975226432,0.0020000000000000018,0.8475851950452862,12.00374893540407,0.11046642897049473,False,nan,nan,False,False
916,4.58,0.004998240000077203,0.0014087260001360846,4.929000169795472e-06,0.001859914000306162,0.0010463949997756572,5.969199992250651e-05,0.003531013999690913,0.004346263682165999,0.0020000000000000018,0.8692527364331998,12.000103049647054,0.11639611158436994,False,nan,nan,False,False
917,4.585,0.004999852999844734,0.0012377150001157133,5.109000085212756e-06,0.0006914989999131649,0.000893458000064129,4.3061000269517535e-05,0.0037000610000177403,0.004472136050054366,0.0020000000000000018,0.8944272100108731,12.0002420512996,0.10821751544319473,False,nan,nan,False,False
918,4.59,0.004996396000024106,0.0013793309999527992,4.828999863093486e-06,0.0017359009998472175,0.0010253870000269671,5.656700022882433e-05,0.0035747050001191383,0.004472137660858256,0.0020000000000000018,0.8944275321716512,0.1931266791492547,0.10891457991432767,False,nan,nan,False,False
919,4.595,0.005013818999941577,0.0012774599999829661,4.618999810190871e-06,0.0005499940002664516,0.0008402990001741273,4.4023000100423815e-05,0.003656399000192323,0.004082891325880945,0.0020000000000000018,0.8165782651761888,20.78487989182548,0.11775047344619459,False,nan,nan,False,False
920,4.6000000000000005,0.004988892000255873,0.0013740109998252592,4.497999725572299e-06,0.0015874519999670156,0.0010184930001742032,5.0224000005982816e-05,0.0035747450001508696,0.004274685128963142,0.0020000000000000018,0.8549370257926283,18.633667173752205,0.12084246914851078,False,nan,nan,False,False
921,4.605,0.005013567999867519,0.0013898610000069311,5.600999884336488e-06,0.0005234629998085438,0.0009371010000904789,5.161699982636492e-05,0.003606084999773884,0.004389477027048268,0.0020000000000000018,0.8778954054096536,12.000007375083975,0.10587538297751695,False,nan,nan,False,False
922,4.61,0.005124397000145109,0.0017828789996201522,1.1321000329189701e-05,0.0017090300002564618,0.0013005730002078053,5.1126000016665785e-05,0.003093462000379077,0.004472136568619428,0.0020000000000000018,0.8944273137238856,7.695063035542844,0.1033453245735013,False,nan,nan,False,False
923,4.615,0.005004661999919335,0.001701545999821974,9.098000191443134e-06,0.0005561650000345253,0.0012639650003620773,5.6846999996196246e-05,0.003103961000306299,0.004082891562723502,0.0020000000000000018,0.8165783125447005,20.784618136957775,0.11566272131136353,False,nan,nan,False,False
924,4.62,0.004872101999808365,0.0014425800000026356,5.188999693928054e-06,0.0015186130003712606,0.00105140499999834,4.8300999878847506e-05,0.003485888999875897,0.004472136398977858,0.0020000000000000018,0.8944272797955716,20.78461023098047,0.11121035756557282,False,nan,nan,False,False
925,4.625,0.004989935000139667,0.0012322439997660695,5.200000032345997e-06,0.0009573990000717458,0.0008984470000541478,4.5605000195791945e-05,0.003703838000092219,0.004472136480463712,0.0020000000000000018,0.8944272960927423,0.007006857777336079,0.11231039378392776,False,nan,nan,False,False
926,4.63,0.004994952999822999,0.0014034370001354546,4.7489997996308375e-06,0.001505098000052385,0.0009434720000172092,5.762799992226064e-05,0.003541321999819047,0.004472136139049958,0.0020000000000000018,0.8944272278099914,0.035395280971151855,0.10521352900854691,False,nan,nan,False,False
927,4.635,0.005002187000172853,0.00120786900015446,4.849000106332824e-06,0.00038838999989820877,0.0008684419999553938,4.4284000068728346e-05,0.003729155999735667,0.004082891590976078,0.0020000000000000018,0.8165783181952156,20.78462604368497,0.12084752066485542,False,nan,nan,False,False
928,4.64,0.00499691699997129,0.0013035390002187341,4.798999725608155e-06,0.0014995770002315112,0.0009340649999103334,4.413299984662444e-05,0.0036372229997141403,0.0041389032770031125,0.0020000000000000018,0.8277806554006225,17.274048106013005,0.11677975269005435,False,nan,nan,False,False
929,4.6450000000000005,0.004999703000066802,0.0011928609997085005,4.729000011138851e-06,0.0003905040002791793,0.0008433039997726155,4.3742000343627296e-05,0.003748512000129267,0.004148494721798581,0.0020000000000000018,0.8296989443597163,14.866860010258897,0.10444583869361715,False,nan,nan,False,False
930,4.65,0.004999191000024439,0.001340638999863586,4.639000053430209e-06,0.0015071819998411229,0.0010096559999510646,4.3120999634993495e-05,0.003621663000103581,0.004237924911996936,0.0020000000000000018,0.8475849823993872,12.000001676102434,0.1059652751004576,False,nan,nan,False,False
931,4.655,0.0050199709999105835,0.0012288580001040827,4.829000317840837e-06,0.0003822180001407105,0.0008571299999857729,4.4393999814928975e-05,0.0036976169999434205,0.004346263762848737,0.0020000000000000018,0.8692527525697473,12.000002651901086,0.11094128821508732,False,nan,nan,False,False
932,4.66,0.004990445000203181,0.0013264009999147675,5.078999947727425e-06,0.0015139040001486137,0.0009359579998999834,5.430200008049724e-05,0.0036156229998596245,0.0039673672512166025,0.0020000000000000018,0.7934734502433205,20.784669277829654,0.1135608246763462,False,nan,nan,False,False
933,4.665,0.005001394999908371,0.0011993939997410052,5.0199996621813625e-06,0.00040432000014334335,0.0008569600004193489,4.700800036516739e-05,0.0037281730001268443,0.004346263220960128,0.0020000000000000018,0.8692526441920256,20.784612967191297,0.10817769766561267,False,nan,nan,False,False
934,4.67,0.0049843739998323144,0.001391785000123491,4.538000212050974e-06,0.0015043169996715733,0.0010093559999404533,5.821900003866176e-05,0.0035538859997359395,0.004472136461379267,0.0020000000000000018,0.8944272922758534,12.000001156793452,0.11367476537289026,False,nan,nan,False,False
935,4.675,0.005006665000109933,0.0012476739998419362,4.970000190951396e-06,0.0003830400000879308,0.0009093779999602702,4.4673000047623646e-05,0.0036942900001122325,0.00434626449132781,0.0020000000000000018,0.869252898265562,12.00020381033628,0.10749194645739463,False,nan,nan,False,False
936,4.68,0.004998830999738857,0.0014600230001633463,4.66900019091554e-06,0.0015002079999248963,0.0010836559999916062,4.578599964588648e-05,0.0034805089999281336,0.004472137016162352,0.0020000000000000018,0.8944274032324703,12.000042227270281,0.11941569674950368,False,nan,nan,False,False
937,4.6850000000000005,0.004999873000087973,0.0012675210000452353,4.970000190951396e-06,0.00038792900022599497,0.000913626000055956,4.462300012164633e-05,0.0036847820001639775,0.0044721364706613856,0.0020000000000000018,0.8944272941322771,0.03732768986641722,0.10949362439104458,False,nan,nan,False,False
938,4.69,0.005025299999942945,0.0014719760001753457,5.4299998737405986e-06,0.001533109999854787,0.001093183000193676,4.568599979393184e-05,0.0034439500000189582,0.004082892137923965,0.0020000000000000018,0.816578427584793,20.78462951610757,0.10875575392143115,False,nan,nan,False,False
939,4.695,0.004973083000095357,0.0012395080002534087,4.628999704436865e-06,0.0003335970000080124,0.0009017339998536045,4.273999957149499e-05,0.0037015739999333164,0.004449038431445498,0.0020000000000000018,0.8898076862890996,19.653249843761763,0.12005713042339738,False,nan,nan,False,False
940,4.7,0.004999181000130193,0.0013461290000122972,4.899000032310141e-06,0.0013958029999230348,0.0009688399995866348,4.2408999888721155e-05,0.003613238000070851,0.004472136469797034,0.0020000000000000018,0.8944272939594068,2.0879504635613775,0.11955676615674646,False,nan,nan,False,False
941,4.705,0.005016974999762169,0.001248325000233308,5.109999619890004e-06,0.0008335649999935413,0.0008915449998312397,4.421300036483444e-05,0.003678641000078642,0.004082892076087026,0.0020000000000000018,0.8165784152174053,20.784624966356127,0.10078863926180007,False,nan,nan,False,False
942,4.71,0.004984775000139052,0.0014281320000009146,4.52799986305763e-06,0.001882475999991584,0.0010457949997544347,5.493299977388233e-05,0.0035151840002072277,0.004472136631233579,0.0020000000000000018,0.8944273262467157,20.78461354474287,0.11972656684345859,False,nan,nan,False,False
943,4.715,0.005014400000163732,0.0012636129999918921,5.1800002438540105e-06,0.0007317550002881035,0.0009067329997378692,4.3430999994598096e-05,0.003660115999991831,0.004472136776408097,0.0020000000000000018,0.8944273552816194,0.01004652269120639,0.11702296125317961,False,nan,nan,False,False
944,4.72,0.004981967999810877,0.0013986779999868304,4.9390000640414655e-06,0.0018167729999731819,0.0010096770001837285,5.4583000292041106e-05,0.003544138000052044,0.004082891833600908,0.0020000000000000018,0.8165783667201815,20.78461357926514,0.11258460508724603,False,nan,nan,False,False
945,4.7250000000000005,0.005006254999898374,0.0012579330000335176,5.029000021750107e-06,0.000703360999978031,0.0009129350000876002,4.854100006923545e-05,0.0036783310001737846,0.004472136669522261,0.0020000000000000018,0.8944273339044522,20.78461039591589,0.108351473186925,False,nan,nan,False,False
946,4.73,0.0049938520000978315,0.0013909730000705167,4.918999820802128e-06,0.0018123450004168262,0.0010257170001750637,5.396100004873006e-05,0.003554817999884108,0.0043462630603274864,0.0020000000000000018,0.8692526120654973,12.00005628027539,0.11142434982507442,False,nan,nan,False,False
947,4.735,0.005006835000131105,0.0012614900001608476,4.869000349572161e-06,0.0007053249996715749,0.0009129150002991082,4.140700002608355e-05,0.00367245899997215,0.00396736759782441,0.0020000000000000018,0.793473519564882,20.784632456896666,0.1100894754759733,False,nan,nan,False,False
948,4.74,0.004991857999812055,0.001402414000040153,4.608999915944878e-06,0.0018121650000466616,0.0010475070002939901,5.306000002747169e-05,0.0035411730000305397,0.004148494015715193,0.0020000000000000018,0.8296988031430386,20.78463229439302,0.1151683151350589,False,nan,nan,False,False
949,4.745,0.005002587000035419,0.0012335280002844229,4.69899987365352e-06,0.0006426970003303722,0.0008820680000098946,4.1107000015472295e-05,0.0037072939999234222,0.004079219377241166,0.0020000000000000018,0.8158438754482331,12.001030292169668,0.10603711900275214,False,nan,nan,False,False
950,4.75,0.004998360000172397,0.001379802999963431,4.578000243782299e-06,0.001724979999835341,0.0010213579998890054,5.5854999573057285e-05,0.00357037699995999,0.0041485231065016715,0.0020000000000000018,0.8297046213003343,12.029820098891141,0.10467900705114772,False,nan,nan,False,False
951,4.755,0.0050218440001117415,0.0011978909997196752,9.827999747358263e-06,0.0005971619998490496,0.0008534929997949803,4.188899993096129e-05,0.0037257190001582785,0.0037973684376234685,0.0020000000000000018,0.7594736875246937,20.797460119319762,0.11409994018336687,False,nan,nan,False,False
952,4.76,0.0049806769998212985,0.0013069850001556915,4.7489997996308375e-06,0.0017023280001922103,0.000970242000221333,4.1477000195300207e-05,0.0036328749997665,0.004052009995045154,0.0020000000000000018,0.8104019990090308,18.038571064451247,0.11480083602163234,False,nan,nan,False,False
953,4.765,0.005004822000046261,0.0011753579997275665,4.999000339012127e-06,0.0005755110000791319,0.0008397669998885249,4.0115000047080684e-05,0.0037568570000985346,0.003728339851008233,0.0020000000000000018,0.7456679702016465,20.784745940690684,0.10847648882964876,False,nan,nan,False,False
954,4.7700000000000005,0.0049867479997374176,0.0013304690000950359,4.5379997573036235e-06,0.001698991000012029,0.0009688999998616055,4.0625999645271804e-05,0.0036180470001454523,0.00405201004734663,0.0020000000000000018,0.8104020094693261,20.786271382802035,0.10251534612903015,False,nan,nan,False,False
955,4.775,0.005005041999993409,0.0011579360002542671,4.21799995820038e-06,0.0005711930002689769,0.0008345679998456035,4.0396000258624554e-05,0.003789137999774539,0.003728345540766533,0.0020000000000000018,0.7456691081533067,20.788558828231714,0.10555247792168276,False,nan,nan,False,False
956,4.78,0.005002468000384397,0.0012761469997712993,4.629000159184216e-06,0.0016976689998955408,0.0008943910002017219,4.278999995221966e-05,0.0036687719998553803,0.004052010876138916,0.0020000000000000018,0.8104021752277831,20.785293381690096,0.10616625850917377,False,nan,nan,False,False
957,4.785,0.005010902999856626,0.0012625720000869478,5.129999863129342e-06,0.0005768029996033874,0.0009118829998442379,5.28090004081605e-05,0.00366798100003507,0.004015034330610398,0.0020000000000000018,0.8030068661220796,12.000992514251957,0.10353020739695673,False,nan,nan,False,False
958,4.79,0.004994923000140261,0.0014241259996197186,4.838999757339479e-06,0.0017012359999171167,0.001052177000019583,4.117700018468895e-05,0.0035116970002491144,0.0037124438263775065,0.0020000000000000018,0.7424887652755013,20.785405093792384,0.09910150484186785,False,nan,nan,False,False
959,4.795,0.004994171999896935,0.0012512809998952434,4.35900028605829e-06,0.0005718150000575406,0.0009130859998549568,4.2179000047326554e-05,0.003689300000132789,0.004015034645395029,0.0020000000000000018,0.8030069290790057,20.784867536950056,0.10780999626255806,False,nan,nan,False,False
960,4.8,0.004998320000140666,0.0013715169998249621,4.2579999899317045e-06,0.001692508999894926,0.0010015620000558556,5.076600018583122e-05,0.0035862559998349752,0.003968076614898674,0.0020000000000000018,0.7936153229797348,12.280934922152888,0.1000824222796,False,nan,nan,False,False
961,4.805,0.005020170999614493,0.0012896630000795994,4.568000349536305e-06,0.0005767540001215821,0.0009061719997589535,5.035499998484738e-05,0.0036326240001471888,0.004008015887555763,0.0020000000000000018,0.8016031775111525,12.307874730239263,0.09287461350922435,False,nan,nan,False,False
962,4.8100000000000005,0.004982720000043628,0.001386464999995951,4.4990001697442494e-06,0.0016300929996759805,0.0010188240003117244,6.844800009275787e-05,0.003555038000286004,0.0037530874380594446,0.0020000000000000018,0.750617487611889,20.79607872515071,0.10947462415244363,False,nan,nan,False,False
963,4.815,0.005001857000024756,0.0013205899999775284,4.948999958287459e-06,0.0004999990001124388,0.0008875270000316959,4.0256000374938594e-05,0.0036203419999765174,0.00400798666922354,0.0020000000000000018,0.801597333844708,20.784826695993466,0.10420075740012487,False,nan,nan,False,False
964,4.82,0.004998490000161837,0.0013502860001608497,4.398000328365015e-06,0.0015702600003351108,0.0009979649998967943,4.18790000367153e-05,0.0036094109996156476,0.0037530877103443636,0.0020000000000000018,0.7506175420688728,20.78595648166061,0.09832127631463047,False,nan,nan,False,False
965,4.825,0.005026601999816194,0.0013501670000550803,4.859999990003416e-06,0.0005321599996932491,0.0008996300002763746,5.227800011198269e-05,0.003575937000277918,0.00408992464983528,0.0020000000000000018,0.8179849299670561,20.790190757687554,0.10369351908079735,False,nan,nan,False,False
966,4.83,0.004982911000297463,0.0013950009997643065,4.9300001592200715e-06,0.0015789559997756442,0.0010194249998676241,5.3620000016962877e-05,0.0035366639999665495,0.0038870902255866,0.0020000000000000018,0.77741804511732,20.817186634288085,0.11024488951346215,False,nan,nan,False,False
967,4.835,0.004988572000002023,0.001344625999990967,4.679000085161533e-06,0.0004983969997738313,0.0009016630001497106,5.0895000185846584e-05,0.003608939000059763,0.004089916436240403,0.0020000000000000018,0.8179832872480806,20.791541800773846,0.1016207508442115,False,nan,nan,False,False
968,4.84,0.00501197499988848,0.0013764259997515182,4.619000264938222e-06,0.0015752299996165675,0.001011841000035929,5.227800011198269e-05,0.0035543870003493794,0.004027314176295072,0.0020000000000000018,0.8054628352590142,16.986059155240035,0.10081654391755152,False,nan,nan,False,False
969,4.845,0.004988631999822246,0.0013331340001059289,4.6680002014909405e-06,0.000502735000281973,0.0008940000002439774,4.290000015316764e-05,0.0036305100002209656,0.00425580850407894,0.0020000000000000018,0.8511617008157879,17.067043579646,0.10235896707031619,False,nan,nan,False,False
970,4.8500000000000005,0.005028716000197164,0.0014237249997677281,5.030000011174707e-06,0.0016164260000550712,0.0010594700002002355,4.7759999688423704e-05,0.003486869999960618,0.004105196361475934,0.0020000000000000018,0.8210392722951868,20.80558174575908,0.1058946344206346,False,nan,nan,False,False
971,4.855,0.004975767999894742,0.001221815000008064,4.83900021208683e-06,0.0004563470001812675,0.0008842910001476412,4.338099961387343e-05,0.003713606000019354,0.0044721755116432305,0.0020000000000000018,0.894435102328646,19.672387643735604,0.10076404254647496,False,nan,nan,False,False
972,4.86,0.004996165000193287,0.0013953220000075817,4.6889999794075266e-06,0.0014455450000241399,0.0009565170003043022,5.477300010170438e-05,0.003547433999756322,0.004216693323108797,0.0020000000000000018,0.8433386646217594,17.050501667230346,0.10371529970572521,False,nan,nan,False,False
973,4.865,0.005019038999762415,0.001238707000084105,6.6320003497821745e-06,0.0008314420001624967,0.0008977359998425527,4.122800010009087e-05,0.0036898520002068835,0.0043462643525239,0.0020000000000000018,0.8692528705047798,20.798065663872414,0.10657195347717842,False,nan,nan,False,False
974,4.87,0.0049876399998538545,0.0013428320003185945,4.859000000578817e-06,0.001881475000118371,0.00099899600036224,4.231000002619112e-05,0.0036127170001236664,0.0042166400702233,0.0020000000000000018,0.8433280140446598,20.789292677876396,0.11228997882698531,False,nan,nan,False,False
975,4.875,0.005017626000153541,0.0011928909998459858,5.038999915996101e-06,0.0007124379999368102,0.0008698239998921053,4.0715999602980446e-05,0.0037209600000096543,0.00447213751181294,0.0020000000000000018,0.894427502362588,16.976312210229327,0.10836285200750305,False,nan,nan,False,False
976,4.88,0.004971800000021176,0.0013151600001037878,4.83900021208683e-06,0.001731983999889053,0.000988245999906212,4.152900010012672e-05,0.0036312719998932153,0.00421666397355894,0.0020000000000000018,0.8433327947117879,16.988851989391208,0.11106004397855973,False,nan,nan,False,False
977,4.885,0.005012506000184658,0.0013188879997869662,5.200000032345997e-06,0.0005652820000250358,0.0008831900004224735,4.145799994148547e-05,0.00365755100028764,0.004346262873844387,0.0020000000000000018,0.8692525747688773,20.79325271588754,0.10882942674789829,False,nan,nan,False,False
978,4.89,0.005031932999827404,0.0015031240000098478,4.699000328400871e-06,0.0016667710001456726,0.00112780900008147,4.196899999442394e-05,0.003396319999865227,0.00421663583089602,0.0020000000000000018,0.843327166179204,20.785010403098763,0.112152713431786,False,nan,nan,False,False
979,4.8950000000000005,0.004962602999967203,0.001248796000254515,5.360000159271294e-06,0.0005017530002078274,0.0008810549998088391,4.207899974062457e-05,0.0036908929996570805,0.0044721376695565475,0.0020000000000000018,0.8944275339113094,16.97367584844026,0.11185794607491242,False,nan,nan,False,False
980,4.9,0.004999692000183131,0.0014173619997563947,5.339999916031957e-06,0.0015671040000597714,0.001033711000218318,4.227999988870579e-05,0.0035213660003137193,0.004216709477187733,0.0020000000000000018,0.8433418954375465,17.01068394985071,0.11560052348047437,False,nan,nan,False,False
981,4.905,0.004996836999907828,0.0013042099999438506,4.988999990018783e-06,0.0005027839997637784,0.0009209999998347485,4.3371000174374785e-05,0.0036377940000420494,0.004346267478815809,0.0020000000000000018,0.8692534957631618,20.798313292891137,0.11027098670898484,False,nan,nan,False,False
982,4.91,0.004999210999812931,0.0013845610001226305,4.4990001697442494e-06,0.0015603910001118493,0.0009884159999273834,4.87810002596234e-05,0.003556140000000596,0.004216635011362255,0.0020000000000000018,0.8433270022724509,20.788225045833386,0.11440584392374317,False,nan,nan,False,False
983,4.915,0.0049982800001089345,0.001322084000094037,4.769000042870175e-06,0.00040343699993172777,0.0009018050000122457,0.000128011000015249,0.003642733000106091,0.004472144776497484,0.0020000000000000018,0.8944289552994968,16.977545422955206,0.11466662398720223,False,nan,nan,False,False
984,4.92,0.00502983900014442,0.001464580999709142,4.908999926556135e-06,0.0015233520002766454,0.0010823629995684314,4.1987999793491326e-05,0.003451204000157304,0.004216634005198212,0.0020000000000000018,0.8433268010396423,16.97567084749943,0.1140855513387285,False,nan,nan,False,False
985,4.925,0.004974985999979253,0.0012423029997989943,5.270000201562652e-06,0.00038309000001390814,0.0009058619998540962,3.9635000121052144e-05,0.003695592999974906,0.004346264210557906,0.0020000000000000018,0.8692528421115813,20.78560124768863,0.10749821054405029,False,nan,nan,False,False
986,4.93,0.004995503999907669,0.0013710660000469943,4.347999947640346e-06,0.001498875999914162,0.0009827560002122482,5.0565000037749996e-05,0.0035756269999183132,0.004216633754373798,0.0020000000000000018,0.8433267508747594,20.78497493503571,0.11277311059022685,False,nan,nan,False,False
987,4.9350000000000005,0.00500563300010981,0.0012390480001158721,4.348999937064946e-06,0.0003854240003420273,0.0008887789999789675,3.9865000417194096e-05,0.0037028859997008112,0.004472137261902642,0.0020000000000000018,0.8944274523805283,16.970973399397618,0.11097522681299832,False,nan,nan,False,False
988,4.94,0.004999511999812967,0.0014188760001161427,4.809000074601499e-06,0.0014926439998816932,0.0010605419997773424,4.115699994144961e-05,0.0035193310000067868,0.004216644112759823,0.0020000000000000018,0.8433288225519644,16.97825681535198,0.11222089813215887,False,nan,nan,False,False
989,4.945,0.005003700000088429,0.0013329339999472722,4.940000053466065e-06,0.0003848930000458495,0.0008871659997566894,0.0001250650002475595,0.0036238679999769374,0.004346263002711597,0.0020000000000000018,0.8692526005423195,20.78701952399236,0.10908452485744306,False,nan,nan,False,False
990,4.95,0.00501498099993114,0.0014214810003068123,4.678999630414182e-06,0.001513833999979397,0.0010450830000081623,4.1217000216420274e-05,0.0034962879999511642,0.004472145234584367,0.0020000000000000018,0.8944290469168733,12.007425801594426,0.11385155032595017,False,nan,nan,False,False
991,4.955,0.004973012999926141,0.0011745960000553168,4.798999725608155e-06,0.000379311999950005,0.0008477019996462332,4.2889999804174295e-05,0.003770854000322288,0.004258769590879142,0.0020000000000000018,0.8517539181758285,14.408600086436891,0.11278097716177685,False,nan,nan,False,False
992,4.96,0.005002547000003688,0.0012660280003728985,4.828999863093486e-06,0.0014962810000724858,0.0009478199999648496,4.1507999867462786e-05,0.0036841009996351204,0.004346262894156076,0.0020000000000000018,0.8692525788312152,18.735798378619442,0.1142557607014103,False,nan,nan,False,False
993,4.965,0.005006706000131089,0.0011707290000231296,4.4690000322589185e-06,0.0003887709999617073,0.0008533730001545337,4.12570002481516e-05,0.003764331000184029,0.004413330471334034,0.0020000000000000018,0.8826660942668069,13.16881104642465,0.11278394913301358,False,nan,nan,False,False
994,4.97,0.004989943000055064,0.0013304399999469751,4.809000074601499e-06,0.001502762000200164,0.000998966999759432,4.1138000142382225e-05,0.0036293680000198947,0.004346270260768448,0.0020000000000000018,0.8692540521536896,13.180360602033797,0.11552456047699194,False,nan,nan,False,False
995,4.9750000000000005,0.0050156530001004285,0.00116472799982148,4.458000148588326e-06,0.00039773700018486124,0.0008493560003444145,3.897399983543437e-05,0.0037640209998244245,0.00447214734769141,0.0020000000000000018,0.8944294695382818,12.021984742485348,0.11968021858656397,False,nan,nan,False,False
996,4.98,0.004984032999800547,0.0013165330001356779,4.52799986305763e-06,0.0014993569998296152,0.0009856709998530278,4.043599983560853e-05,0.003630790999977762,0.00421665452885821,0.0020000000000000018,0.8433309057716419,16.996221148043993,0.11421732108925979,False,nan,nan,False,False
997,4.985,0.00500320900027873,0.0012266139997336722,4.589000127452891e-06,0.00038624599983450025,0.0008924169997044373,3.995499992015539e-05,0.0037174429999140557,0.004346270917084502,0.0020000000000000018,0.8692541834169004,20.8026659345439,0.1113442676905191,False,nan,nan,False,False
998,4.99,0.005006364999644575,0.0015198250002868008,4.929000169795472e-06,0.0014998379997450684,0.0009819650003919378,0.00020046700001330464,0.003416928999740776,0.004216639571821237,0.0020000000000000018,0.8433279143642474,20.793782466220136,0.11549002228202483,False,nan,nan,False,False
999,4.995,0.004993660000309319,0.0011773920000450744,5.079999937152024e-06,0.000388790000215522,0.000839487000121153,4.131800005779951e-05,0.0037708039999415632,0.004346262799410796,0.0020000000000000018,0.8692525598821592,20.786212314728104,0.10986495899221836,False,nan,nan,False,False
