step,time_s,cycle_period_s,cycle_work_s,state_read_s,state_age_s,controller_step_s,publish_s,sleep_s,command_step_norm_rad,command_step_max_abs_rad,command_velocity_norm_rad_s,command_accel_norm_rad_s2,feedback_velocity_norm_rad_s,tcp_pose_used,tcp_pose_age_s,tcp_fk_error_norm_m,deadline_miss,period_overrun
0,0.0,nan,0.0015847229988139588,4.067000190843828e-06,0.0003940560000046389,0.0011017999986506766,4.9713000407791696e-05,0.003524338000715943,0.0,0.0,0.0,0.0,0.0,False,nan,nan,False,False
1,0.005,0.005180493999432656,0.0014495600007649045,5.609999789157882e-06,0.0016656730003887787,0.0010227919992757961,4.5284001316758804e-05,0.0034684729998843977,4.8742396374861185e-05,4.18226848766529e-05,0.009748479274972239,1.9496958549944479,0.0,False,nan,nan,False,False
2,0.01,0.004981751999366679,0.0013718139998672996,5.29999852005858e-06,0.0005529539994313382,0.0009190379987558117,4.4022999645676464e-05,0.003568671001630719,4.1814998470381106e-05,3.599072819521526e-05,0.008362999694076223,0.28141344148248626,0.0,False,nan,nan,False,False
3,0.015,0.005009284001062042,0.0015447669993591262,6.141999620012939e-06,0.001665603000219562,0.0012961119991814485,1.4918001397745684e-05,0.003370370999618899,2.7871126572478523e-05,2.385095966542094e-05,0.005574225314495704,0.5581886394301593,0.03385308646763211,False,nan,nan,False,False
4,0.02,0.00497904700023355,0.0013493019996531075,5.359999704523943e-06,0.0005146419989614515,0.001020718000290799,1.3716000466956757e-05,0.00366816699897754,8.813701343264607e-06,5.435697719047283e-06,0.0017627402686529216,0.9180809398406707,0.007033023406465054,False,nan,nan,False,False
5,0.025,0.005146068999238196,0.001160019000963075,8.375998731935397e-06,0.0018204830012109596,0.0009537529986118898,1.6250000044237822e-05,0.0036814109989791177,7.324785641645896e-05,6.436480669561873e-05,0.014649571283291793,3.173647267165377,0.0015165702352233788,False,nan,nan,False,False
6,0.03,0.0049530090000189375,0.0017808280008466681,7.964999895193614e-06,0.0006413979990611551,0.001305180001509143,6.834700070612598e-05,0.003141141998639796,6.589696954558391e-05,5.810980487841566e-05,0.013179393909116783,0.30265317704415295,0.0017717950546771786,False,nan,nan,False,False
7,0.035,0.00505315500049619,0.00173002399969846,9.467999916523695e-06,0.001841331999457907,0.0013102289995003957,5.077499918115791e-05,0.003132194999125204,5.9568068630451877e-05,5.266817017375876e-05,0.011913613726090374,0.25481219278676814,0.05509807237786256,False,nan,nan,False,False
8,0.04,0.004992051999579417,0.0016976030001387699,8.205999620258808e-06,0.000691463001203374,0.0012607660009962274,5.102499926579185e-05,0.0031720290007797303,8.074368915717617e-06,5.745630502929089e-06,0.001614873783143523,2.498144255904182,0.008169014561305508,False,nan,nan,False,False
9,0.045,0.004996169000150985,0.0018409309996059164,7.943999662529677e-06,0.001788653999028611,0.0014086230003158562,5.250799949862994e-05,0.003036135000002105,6.939880398854889e-05,5.819682683889098e-05,0.013879760797709778,2.851879647441108,0.007657707886990061,False,nan,nan,False,False
10,0.05,0.004999083999791765,0.0026135259995498927,8.054999852902256e-06,0.0006749919994035736,0.00220149500091793,3.8341999243129976e-05,0.00220380900100281,5.008738683800342e-05,4.4313712491936036e-05,0.010017477367600683,1.0392278912614252,0.02300390476679919,False,nan,nan,False,False
11,0.055,0.0050515929997345665,0.0014916079999238718,7.353999535553157e-06,4.8580999646219425e-05,0.0010859499998332467,5.478200000652578e-05,0.0032800310000311583,4.810421538590847e-05,4.2483464665961775e-05,0.009620843077181694,0.2906919331623176,0.008622677417059679,False,nan,nan,False,False
12,0.06,0.004849824999837438,0.001532094000140205,5.951000275672413e-06,0.0005667490004270803,0.001127328001530259,4.843100032303482e-05,0.003387793000001693,4.403553893084734e-05,3.89424358702365e-05,0.008807107786169468,0.16517627580103608,0.02161624577365246,False,nan,nan,False,False
13,0.065,0.005086148001282709,0.0013169009998819092,7.143999027903192e-06,5.263799903332256e-05,0.0009452069989492884,4.711800102086272e-05,0.00351245599995309,2.0109161555275448e-05,1.4137665988810206e-05,0.00402183231105509,1.1691110121139467,0.0069851592163945354,False,nan,nan,False,False
14,0.07,0.004901601998426486,0.0015958930016495287,5.710999175789766e-06,0.0004378580015327316,0.0009658550006861333,4.663700019591488e-05,0.0033324989999528043,3.3637904479789856e-05,2.86341891024711e-05,0.006727580895957971,2.119885062741352,0.013889110874373741,False,nan,nan,False,False
15,0.075,0.005001469000490033,0.0014941530007490655,5.710999175789766e-06,0.0016376010007661534,0.0011085420010203961,4.444299884198699e-05,0.003429951999351033,2.948298581325713e-05,2.5442088011915584e-05,0.005896597162651426,0.1746267433971507,0.006987829431594325,False,nan,nan,False,False
16,0.08,0.0049942260011448525,0.0013859399987268262,5.1200004236306995e-06,0.00047048000124050304,0.0009656849997554673,4.4954000259167515e-05,0.003549465000105556,1.9945977372948307e-05,1.7870157593774453e-05,0.003989195474589661,0.5082473396573769,0.0037473325242850892,False,nan,nan,False,False
17,0.085,0.005008821999581414,0.0014726930003234884,5.571000656345859e-06,0.0016043790001276648,0.0011081819993705722,4.381200051284395e-05,0.003449417999945581,1.7640559464421453e-05,1.549562976692412e-05,0.0035281118928842904,0.13888570688268398,0.01394368248392155,False,nan,nan,False,False
18,0.09,0.004994365999664296,0.0014393910005310318,6.111999027780257e-06,0.0004685559997597011,0.0009613170004740823,4.410299879964441e-05,0.0034929189987451537,1.6059745340418053e-05,1.3894074737453618e-05,0.003211949068083611,0.07680253502903159,0.00444179318948625,False,nan,nan,False,False
19,0.095,0.005003632999432739,0.0014824210011283867,5.3199983085505664e-06,0.0015763770006742561,0.001111507999667083,4.392200025904458e-05,0.003440380998654291,9.30548447750215e-06,6.144796999733892e-06,0.0018610968955004301,0.9904411145434414,0.004696824237815796,False,nan,nan,False,False
20,0.1,0.004994255001292913,0.0014558119983121287,5.280000550555997e-06,0.00047799300045880955,0.0009712150003906572,4.593599987856578e-05,0.0034733320007944712,2.2549046284243298e-05,1.3168976818415854e-05,0.00450980925684866,0.9754398487209882,0.0098638515172102,False,nan,nan,False,False
21,0.105,0.004997832998924423,0.0014663210004073335,5.209998562349938e-06,0.0015944099995977012,0.0011039640012313612,4.295000144338701e-05,0.0034645260002434952,4.643468422195621e-05,4.041047157923318e-05,0.00928693684439124,1.6654599596099973,0.012578530631492533,False,nan,nan,False,False
22,0.11,0.005002070000045933,0.001436024000213365,5.560999852605164e-06,0.0005220260009082267,0.0009701340004539816,4.2920999476336874e-05,0.003497757999866735,4.1282642652642665e-05,3.6993030107281654e-05,0.008256528530528533,0.3753334801897877,0.020604901114376493,False,nan,nan,False,False
23,0.115,0.005000377001124434,0.0014016799996170448,5.039999450673349e-06,0.0016563959998165956,0.001034554001307697,4.4562999391928315e-05,0.003515340999001637,3.999691640580591e-05,3.590605790145362e-05,0.007999383281161182,0.08018334096529982,0.03874828400997621,False,nan,nan,False,False
24,0.12,0.004969669998899917,0.0008312539994221879,4.1980001697083935e-06,0.00044288800017966423,0.0006008330001350259,3.0066001272643916e-05,0.004123197000808432,1.9205544129764683e-05,1.2010345849020709e-05,0.003841108825952937,1.2198142439175061,0.016277647030717622,False,nan,nan,False,False
25,0.125,0.005030763000831939,0.0015366829993581632,5.410000085248612e-06,0.0015563289998681284,0.0011337589985487284,4.493400047067553e-05,0.0033881430008477764,8.349358664582893e-05,6.475712310443838e-05,0.016698717329165783,3.6332090480523576,0.011335398258643384,False,nan,nan,False,False
26,0.13,0.004993914999431581,0.0015424729990627384,5.5300006351899356e-06,0.0005664890013576951,0.0011728720000974135,4.3310999899404123e-05,0.0033980020016315393,6.872077521123173e-05,5.192306500771701e-05,0.013744155042246346,0.6054735643787642,0.006924970061637444,False,nan,nan,False,False
27,0.135,0.005017098999815062,0.001534307000838453,5.791000148747116e-06,0.0016965209997579223,0.0011693960004777182,4.2800000301213004e-05,0.0033786559997679433,6.64124588405917e-05,4.99856243383563e-05,0.01328249176811834,0.09442341483194651,0.05606597032741448,False,nan,nan,False,False
28,0.14,0.004980640000212588,0.0013892959996155696,5.289999535307288e-06,0.0005668890007655136,0.000977646999672288,4.542499846138526e-05,0.0035607270001491997,2.973728963147628e-05,1.7973578871677276e-05,0.0059474579262952555,1.5378566665385813,0.009776399377147516,False,nan,nan,False,False
29,0.145,0.005030333000831888,0.0014635649986303179,5.820998921990395e-06,0.0017045160002453486,0.0010845469987543765,4.368199915916193e-05,0.003522414999679313,2.8788405140390094e-05,2.518658089595845e-05,0.005757681028078019,2.2230090519616206,0.008435209698100446,False,nan,nan,False,False
30,0.15,0.005112285998620791,0.0017830630004027626,8.17500040284358e-06,0.0007049780015222495,0.0013305369993759086,5.00939986523008e-05,0.003021968999746605,0.0001050643422592664,6.587258603141244e-05,0.021012868451853284,3.4244669776653147,0.006983594170241195,False,nan,nan,False,False
31,0.155,0.004898987001070054,0.0015376649989775615,9.097000656765886e-06,0.0017209269990416942,0.0011295509993942687,4.716800140158739e-05,0.0033565739995538024,9.466480522041485e-05,5.5889983291868006e-05,0.01893296104408297,0.5057706875816484,0.02773203039153115,False,nan,nan,False,False
32,0.16,0.0049672149998514215,0.0015109550004126504,5.369998689275235e-06,0.0005759159994340735,0.0009779680003703106,0.00016581999989284668,0.003413419999560574,9.485843295696508e-05,5.601926488152387e-05,0.01897168659139302,0.007801877539775592,0.011089113236037885,False,nan,nan,False,False
33,0.165,0.004998603999410989,0.001430723999874317,7.673999789403751e-06,0.0016840280004544184,0.0010681969997676788,4.423300015332643e-05,0.0034964959995704703,6.665612728821676e-05,4.1196171883261317e-05,0.013331225457643352,1.1417850413902992,0.015798480778004664,False,nan,nan,False,False
34,0.17,0.004996158999347244,0.0014526550003211014,5.279998731566593e-06,0.0005625309986498905,0.0009640619991841959,4.4443000660976395e-05,0.0034804160004568985,4.959799061686144e-05,3.4694324136275156e-05,0.009919598123372288,4.475971104792061,0.026389068558481853,False,nan,nan,False,False
35,0.17500000000000002,0.0050806270010070875,0.0012950509990332648,6.312000550678931e-06,3.8722000681445934e-05,0.0009004429994092789,4.5183998736320063e-05,0.0036696290007967036,3.066830024354866e-05,2.16813003248717e-05,0.0061336600487097315,0.9659026678666496,0.018207763128583496,False,nan,nan,False,False
36,0.18,0.005075768000097014,0.00146498799949768,5.791000148747116e-06,0.0006356979993142886,0.0010688479997043032,6.786700032535009e-05,0.0033119409999926575,0.00019864227709753357,0.000133584560389588,0.03972845541950672,6.827823931354118,0.08631574292577814,False,nan,nan,False,False
37,0.185,0.0048475410003447905,0.0015419119990838226,5.199999577598646e-06,0.0015407000009872718,0.0011789540003519505,4.336100028012879e-05,0.00338957600069989,0.00018684462129501224,0.00012565380118090275,0.03736892425900245,0.48268336390434835,0.040529774826121794,False,nan,nan,False,False
38,0.19,0.0050072499998350395,0.001560827999128378,5.952000719844364e-06,0.0005075990011391696,0.0011855859993374906,4.491400068218354e-05,0.0033599400012462866,0.00017611052766565847,0.00011837681551019053,0.035222105533131695,0.4403460105597897,0.15918240495443203,False,nan,nan,False,False
39,0.195,0.004992101999960141,0.0014487879998341668,5.449999662232585e-06,0.0016505860003235284,0.00109320400042634,4.165800055488944e-05,0.003478611999526038,7.830642425451179e-05,4.991924483843668e-05,0.015661284850902357,4.115142303191939,0.03654358732451985,False,nan,nan,False,False
40,0.2,0.004997190999347367,0.0014508820004266454,5.560001227422617e-06,0.00046548000136681367,0.0009480530006840127,5.6224998843390495e-05,0.0034821690005628625,0.00017845419714789267,0.0001198568955973478,0.03569083942957853,10.082453113418891,0.0509304599938344,False,nan,nan,False,False
41,0.20500000000000002,0.005007379999369732,0.001449979999961215,5.8610003179637715e-06,0.0015952710000419756,0.0010797890008689137,5.274900104268454e-05,0.0034709680003288668,0.00013396828214949486,8.896286730220027e-05,0.02679365642989897,1.847212661798597,0.0525669753618159,False,nan,nan,False,False
42,0.21,0.004983064000043669,0.001448167000489775,5.048999810242094e-06,0.0004445409995241789,0.000942090000535245,4.89310004923027e-05,0.003552561000105925,0.0005323256976946542,0.0003579585121875617,0.10646513953893083,15.985635679527858,0.024842187031504134,False,nan,nan,False,False
43,0.215,0.0051418820003164,0.0017168890008179005,1.0239000403089449e-05,0.0018005349993472919,0.0013009810008952627,4.9992999265668914e-05,0.003143575999274617,0.0005125053608502966,0.00034472695341514203,0.10250107217005931,0.7933481200040657,0.08868379885527615,False,nan,nan,False,False
44,0.22,0.004986330999599886,0.0015939490003802348,8.216000423999503e-06,0.0006830969996372005,0.0012794410013157176,1.5860001440159976e-05,0.0032172540013561957,0.0004930727044154303,0.00033210677785322495,0.09861454088308606,0.7865102252308414,0.29846221614122964,False,nan,nan,False,False
45,0.225,0.004921619000015198,0.0013072840010863729,8.114999218378216e-06,0.0017376680007146206,0.0008925479996833019,5.116499960422516e-05,0.0035852620003424818,0.0003055638534445375,0.00020930104115590709,0.061112770688907504,7.514263263555481,0.10257395880368872,False,nan,nan,False,False
46,0.23,0.004956826000125147,0.001422299001205829,5.2489995141513646e-06,0.0005373750009312062,0.0009272730003431207,4.5916000090073794e-05,0.0036615640001400607,0.0002015352687617875,0.0001203560902778289,0.040307053752357505,19.87106091208786,0.10208105115629282,False,nan,nan,False,False
47,0.23500000000000001,0.005215529001361574,0.001491828999860445,8.004999472177587e-06,0.00021056300101918168,0.0010707920009735972,5.17270000273129e-05,0.0032840389994817087,0.00026450833494786924,0.0001668390562596933,0.05290166698957384,3.336076664863259,0.10046900333430173,False,nan,nan,False,False
48,0.24,0.004905390000203624,0.0018669999990379438,8.324999726028182e-06,0.0006751319997420069,0.001420715001586359,5.243799932941329e-05,0.0030175499996403232,0.0007580115193557437,0.00046683905625966027,0.15160230387114876,20.13563423819592,0.25335853063092456,False,nan,nan,False,False
49,0.245,0.005007619998650625,0.0018849940006475663,7.9849996836856e-06,0.0017871799991553416,0.0014374780002981424,5.306899947754573e-05,0.0029862520004826365,0.0009594416994455532,0.0006348716322941428,0.19188833988911064,9.39643317412095,0.030200459077071078,False,nan,nan,False,False
50,0.25,0.004996540001229732,0.0018911949991888832,8.085999070317484e-06,0.0005443579993880121,0.0014395609996427083,5.225699896982405e-05,0.002981883999382262,0.000924009359493308,0.0006125517024024862,0.1848018718986616,1.4384766472202877,0.37836664947451415,False,nan,nan,False,False
51,0.255,0.005010515998947085,0.0019709139996848535,1.037900074152276e-05,0.0017868600007204805,0.0014927200008969521,6.51320005999878e-05,0.0029859510013920953,0.0009112177535296623,0.000604320770501543,0.18224355070593246,0.5146579418377323,0.13385280705907468,False,nan,nan,False,False
52,0.26,0.005082159999801661,0.001766482000675751,7.864999133744277e-06,0.0007537889996456215,0.0013206789990363177,5.225800123298541e-05,0.0031225769998854958,0.00044521055246798925,0.000304320770501576,0.08904211049359785,18.741889655661144,0.12539444153529875,False,nan,nan,False,False
53,0.265,0.005000457000278402,0.0014888929999870015,8.345999958692119e-06,0.0002091410005959915,0.001077414000974386,5.31189998582704e-05,0.0032869740007299697,0.000330438681747431,0.0002709772195503425,0.06608773634948618,24.60901719966876,0.12644462198461706,False,nan,nan,False,False
54,0.27,0.004916679999951157,0.0019107520001853118,7.914999514468946e-06,0.0005700550009350991,0.0014656189996458124,5.231700015428942e-05,0.002955795000161743,0.000639895300915139,0.00040613532005659273,0.1279790601830278,20.16245201127321,0.12914787697489682,False,nan,nan,False,False
55,0.275,0.0050047349996020785,0.0018798440014506923,9.998999303206801e-06,0.001655143998505082,0.0012189490007585846,5.986100040900055e-05,0.0029820749987266026,0.0009686722200989078,0.0006182418708877702,0.19373444401978154,17.103883871214883,0.09382100045160739,False,nan,nan,False,False
56,0.28,0.00498737300040375,0.0017024930002662586,8.065000656642951e-06,0.0006772660017304588,0.0012847920006606728,5.1185999836889096e-05,0.003164345000186586,0.0014537586356939312,0.0009182418708877371,0.2907517271387862,20.623219421095946,0.12397381969647213,False,nan,nan,False,False
57,0.28500000000000003,0.005003383001167094,0.001851530998465023,1.0179001037613489e-05,0.0018064369996864116,0.0014173500003380468,5.248800152912736e-05,0.0030259960003604647,0.0018213606343782448,0.0011956792294984808,0.3642721268756489,16.170631723752308,0.09077431940195227,False,nan,nan,False,False
58,0.29,0.005000045999622671,0.0017681749995972496,8.105000233626924e-06,0.0007045580005069496,0.0013380099990172312,5.206800051382743e-05,0.00316949499938346,0.001913481475399144,0.001296261403525012,0.3826962950798288,4.32886041916684,0.3556814329067024,False,nan,nan,False,False
59,0.295,0.005063995999080362,0.0014724320008099312,8.095001248875633e-06,0.00021366900000430178,0.0010557339992374182,5.1827000788762234e-05,0.003330837000248721,0.0018057729257016525,0.0012247987406912575,0.3611545851403305,4.342958271424607,0.22291109931679784,False,nan,nan,False,False
60,0.3,0.004928513000777457,0.0018767080000543501,8.285000149044208e-06,0.0005781510008091573,0.0014197839991538785,5.1917000746470876e-05,0.0030030229991098167,0.001339006181689052,0.0009247987406912905,0.2678012363378104,18.810638748138498,0.3732339019909343,False,nan,nan,False,False
61,0.305,0.0050115180001739645,0.0019322919997648569,1.0670000847312622e-05,0.0017840649998106528,0.0014734140004293295,5.456200051412452e-05,0.0029486109997378662,0.000864080080235985,0.0006247987406913236,0.172816016047197,22.162948805881726,0.3168441387830649,False,nan,nan,False,False
62,0.31,0.005006096998840803,0.0018015580008068355,8.125000022118911e-06,0.0006951399991521612,0.0013618350003525848,5.201700150792021e-05,0.0031774389990459895,0.00043315951010163315,0.00032479874069113457,0.08663190202032664,21.610185235022005,0.13585858703219567,False,nan,nan,False,False
63,0.315,0.005090496000775602,0.0015159729991864879,8.095001248875633e-06,0.00023579099979542661,0.0011056860003009206,5.14069997734623e-05,0.003271405001214589,0.0005961739412333691,0.0004317955532749532,0.11923478824667381,25.855508027447577,0.32028796793336545,False,nan,nan,False,False
64,0.32,0.004913082999337348,0.0017693080008029938,8.054999852902256e-06,0.0006848200009699212,0.0013350260014703963,5.264799983706325e-05,0.003090336000241223,0.0008592147787460732,0.0007317955532749531,0.17184295574921465,25.32076293694523,0.11842221283359752,False,nan,nan,False,False
65,0.325,0.00498606099972676,0.0011503200003062375,8.356000762432814e-06,0.0017795060011849273,0.0009468400003243005,1.5670000721001998e-05,0.003688505001264275,0.0013776616601824147,0.001031795553274953,0.275532332036483,22.72589586344391,0.2707887261584392,False,nan,nan,False,False
66,0.33,0.004949191001287545,0.0017243839993170695,8.004999472177587e-06,0.0006511970004794421,0.0012574009997479152,5.7416998970438726e-05,0.00333305999993172,0.001857429524908055,0.001331795553274953,0.371485904981611,22.973615341138665,0.40108971678226096,False,nan,nan,False,False
67,0.335,0.005169111998839071,0.0015870870010985527,8.125000022118911e-06,0.0002390669997112127,0.0011392699998395983,5.719700129702687e-05,0.003153784999085474,0.002370030513568387,0.0016317955532749529,0.4740061027136773,20.789219548768003,0.32554405875009496,False,nan,nan,False,False
68,0.34,0.004872759000136284,0.0015972550008882536,8.156001058523543e-06,0.000706600001649349,0.0012577310008055065,1.5819001419004053e-05,0.00321297600021353,0.002885070220742338,0.001931493798483219,0.5770140441484676,20.786425347633656,0.41835348158288116,False,nan,nan,False,False
69,0.34500000000000003,0.004920708001009189,0.0015733509990241146,8.045000868150964e-06,0.001750081999489339,0.001356835999104078,1.6300999050145037e-05,0.0033541200009494787,0.0027121156637811886,0.002,0.5424231327562377,14.02123424471692,0.6070163982402992,False,nan,nan,False,False
70,0.35000000000000003,0.005037957000240567,0.001381983998726355,8.17500040284358e-06,0.0006654330009041587,0.0011134010001114802,1.952599996002391e-05,0.003582025001378497,0.0026994333405307535,0.002,0.5398866681061507,0.8423637925762787,0.7612571747571303,False,nan,nan,False,False
71,0.355,0.005089302998385392,0.0015881690014794003,8.105000233626924e-06,0.0018525329996919027,0.0011346510000294074,5.042399970989209e-05,0.003236880998883862,0.002352053955599615,0.0017000000000000001,0.47041079111992296,15.486913108460739,0.43393292711141873,False,nan,nan,False,False
72,0.36,0.004947268000250915,0.0017155870009446517,8.204999176086858e-06,0.0006995379990257788,0.0012732909999613184,5.1094999435008503e-05,0.003227773999242345,0.0018740263942692446,0.0014000000000000002,0.3748052788538489,25.02367863860248,0.6227500421526697,False,nan,nan,False,False
73,0.365,0.005068784999821219,0.0015576320001855493,8.194998372346163e-06,0.00021507199926418252,0.0011386789992684498,5.06349988427246e-05,0.003247610000471468,0.001369961163208373,0.0011000000000000003,0.2739922326416746,21.554157368686162,0.6785227292746854,False,nan,nan,False,False
74,0.37,0.004931077000946971,0.0018963250004162546,7.874999937484972e-06,0.0005711780013371026,0.0014564020002580946,5.201699968893081e-05,0.0029821649986843113,0.0010843611851643255,0.0008000000000000004,0.21687223703286507,26.832818435897437,0.38515484564334956,False,nan,nan,False,False
75,0.375,0.005020515000069281,0.0018971659992530476,1.0298999768565409e-05,0.0017206960001203697,0.0014541069995175349,5.18770011694869e-05,0.0030096160007815342,0.0005644065410129474,0.0005000000000000004,0.11288130820258946,26.832821348157744,0.40768796489354114,False,nan,nan,False,False
76,0.38,0.005033219000324607,0.0017794359991967212,8.156001058523543e-06,0.0007512250012950972,0.0013223320001998218,5.278899880067911e-05,0.0030952659999456955,0.0008352247004468011,0.0005494944387568799,0.16704494008936022,26.832815730147882,0.3016142567573966,False,nan,nan,False,False
77,0.385,0.004997410998839769,0.0014685950009152293,8.155000614351593e-06,0.00018848199943022337,0.0010625359991536243,5.1745999371632934e-05,0.003357916999448207,0.000959330928750276,0.0006610279449401624,0.1918661857500552,26.83282013915036,0.24114409754576188,False,nan,nan,False,False
78,0.39,0.004952768000293872,0.001898729000458843,7.995000487426296e-06,0.0006945280001673382,0.0014408339993678965,5.183600114833098e-05,0.0030977410006016726,0.001542517956656433,0.0009610279449401293,0.30850359133128663,26.832829990504248,0.30405086691228617,False,nan,nan,False,False
79,0.395,0.005108037999889348,0.0015599560010741698,8.144999810610898e-06,0.00023576999956276268,0.0011344110007485142,6.0913000197615474e-05,0.0032047200002125464,0.001918873868775684,0.0012610279449400963,0.3837747737551368,26.832822034483925,0.27166159323858363,False,nan,nan,False,False
80,0.4,0.004887556000539917,0.0019280840006103972,8.085000445134938e-06,0.000594350998653681,0.0014798459997109603,5.1946999519714154e-05,0.002943561999927624,0.0024158673440636304,0.0015610279449400633,0.48317346881272605,25.127078085788344,0.4715280501161908,False,nan,nan,False,False
81,0.405,0.0050019299997074995,0.0018425140006002039,8.004999472177587e-06,0.00178624900036084,0.0013741290003963513,6.082400068407878e-05,0.0030953459990996635,0.0029317166268710486,0.0018610279449400302,0.5863433253742095,21.20838674314129,0.5165698758892319,False,nan,nan,False,False
82,0.41000000000000003,0.005063664999397588,0.00182428100015386,8.195000191335566e-06,0.0007512840002164012,0.0013710929997614585,5.1977000111946836e-05,0.002978798000185634,0.0027193206363903596,0.0016000000000000007,0.5438641272780719,21.077148651242787,0.5527608651840222,False,nan,nan,False,False
83,0.41500000000000004,0.004934063001201139,0.0018384969989710953,8.194998372346163e-06,0.0017939429999387357,0.001368708999507362,6.200600000738632e-05,0.003044691000468447,0.002354544122500707,0.0015458056363735467,0.47090882450014143,17.11001360292697,0.4437577369199847,False,nan,nan,False,False
84,0.42,0.005004344999179011,0.0017506719996163156,8.214999979827553e-06,0.000706370001353207,0.001319727000009152,5.226699977356475e-05,0.0031136000015976606,0.0020005563237766493,0.0014706946794103134,0.4001112647553299,17.248248897527542,0.28629926277380124,False,nan,nan,False,False
85,0.425,0.004997891999664716,0.0008500990006723441,8.986999091575854e-06,0.0017903560001286678,0.0006425909996323753,1.5949999578879215e-05,0.00395229800051311,0.001741439000029921,0.0014671173442118227,0.3482878000059842,16.97245670698516,0.3407213472476207,False,nan,nan,False,False
86,0.43,0.0048893100010900525,0.0016746900000725873,6.673000825685449e-06,0.0005880190001334995,0.0012703649990726262,2.1240000933175907e-05,0.003240087000449421,0.0015458640509279674,0.0014546961228023205,0.3091728101855935,16.99358944833954,0.3533960837361081,False,nan,nan,False,False
87,0.435,0.00499571799991827,0.0015489249999518506,6.712998583680019e-06,0.0016945570005191257,0.0011667210001178319,4.6056000428507105e-05,0.0033838550007203594,0.0013698205172611025,0.0013590460874128999,0.27396410345222055,15.713335800773667,0.5017393492536059,False,nan,nan,False,False
88,0.44,0.005011196999475942,0.0015745830005471362,6.411999493138865e-06,0.0005842720001965063,0.0011533960005181143,4.685800013248809e-05,0.0033537999988766387,0.001175687389048182,0.0010590460874129,0.2351374778096364,20.924527936258805,0.4119539532813017,False,nan,nan,False,False
89,0.445,0.005000778000976425,0.0013945969985798001,5.691001206287183e-06,0.0016956300005404046,0.001033702999848174,4.4592999984161e-05,0.0035210920013923896,0.0007657446994346566,0.0007590460874129,0.15314893988693132,21.928334182411735,0.2505027677921626,False,nan,nan,False,False
90,0.45,0.004984035998859326,0.0014329790010378929,5.469999450724572e-06,0.0005404099993029376,0.0009439639998163329,4.9371999921277165e-05,0.00350412999978289,0.000593802590568298,0.0004590460874128999,0.11876051811365959,20.78494296015745,0.27024357088169615,False,nan,nan,False,False
91,0.455,0.005093271000077948,0.001282496999920113,1.7924001440405846e-05,5.000400051358156e-05,0.0008962249994510785,4.530399928626139e-05,0.0035584320012276294,0.0008310141920623716,0.0005807245418609774,0.1662028384124743,21.906619833953382,0.17478909721516672,False,nan,nan,False,False
92,0.46,0.004914166000162368,0.0013700510007765843,5.640999006573111e-06,0.0005873879999853671,0.0009600939993106294,4.5605000195791945e-05,0.0035552459994505625,0.0012295034218191925,0.0008807245418609444,0.24590068436383852,21.320042019249318,0.14480005739744028,False,nan,nan,False,False
93,0.465,0.005008252001061919,0.001436044000001857,8.085000445134938e-06,0.0017207559994858457,0.0010615040009724908,4.4763999540009536e-05,0.0034926889984490117,0.0017079985100341224,0.0011807245418609114,0.3415997020068245,21.10612895152572,0.3894626633357993,False,nan,nan,False,False
94,0.47000000000000003,0.00499992599907273,0.001357536999421427,5.670999598805793e-06,0.0005915659985475941,0.0009467899999435758,4.448300023796037e-05,0.0035601150011643767,0.0021989201403662816,0.0014807245418608783,0.4397840280732563,20.81047846090915,0.12746858496900818,False,nan,nan,False,False
95,0.47500000000000003,0.005068434000349953,0.001256187999388203,5.640999006573111e-06,3.692899917950854e-05,0.000886025998624973,4.2579000364639796e-05,0.0035899699996662093,0.002120068588444494,0.0013521536290219682,0.42401371768889884,15.59994393297874,0.4405873106769862,False,nan,nan,False,False
96,0.48,0.004916589999993448,0.0014245130005292594,5.339999916031957e-06,0.0005750950003857724,0.0009362599994346965,4.505399920162745e-05,0.003506213999571628,0.001983327844342066,0.0013409539125871,0.39666556886841314,20.253325766281833,0.33950335940195847,False,nan,nan,False,False
97,0.485,0.005012780000470229,0.0014116490001470083,7.544000254711136e-06,0.0017063189989130478,0.001056023998899036,4.321100095694419e-05,0.0035063039995293366,0.0021476306017457415,0.0016409539125871002,0.4295261203491483,13.867635749881865,0.359678807507246,False,nan,nan,False,False
98,0.49,0.0049879939997481415,0.0014027220004209084,5.170000804355368e-06,0.0005723899994336534,0.0009510379986750195,4.3150999772478826e-05,0.003528785999151296,0.0018477818706309182,0.0014832693313136395,0.36955637412618364,13.46719641605314,0.4283643524121571,False,nan,nan,False,False
99,0.495,0.005005375998734962,0.0014163180003379239,7.58399983169511e-06,0.0016323010004271055,0.0010566250002739253,4.344099943409674e-05,0.0035072660011792323,0.0013637301243617844,0.0011832693313136387,0.2727460248723569,23.246592692467928,0.5706223676453203,False,nan,nan,False,False
100,0.5,0.00498998800139816,0.0013849689985363511,5.1200004236306995e-06,0.0005748940002376912,0.0009604460010450566,4.434199945535511e-05,0.0035586120011430467,0.0010509993649673566,0.0008832693313136387,0.21019987299347134,26.832840784476257,0.615364320699307,False,nan,nan,False,False
101,0.505,0.005010655999285518,0.0014411640004254878,4.888999683316797e-06,0.0017026030000124592,0.0009334250007668743,5.427200085250661e-05,0.0034837719995266525,0.0008674399579515376,0.0005832693313136388,0.1734879915903075,21.98854836076061,0.3639535390773879,False,nan,nan,False,False
102,0.51,0.004994216000341112,0.00141257999894151,5.661000614054501e-06,0.0005852239992236719,0.0009346369988634251,4.4053000237909146e-05,0.003518547000567196,0.000744582817375081,0.0005317924926080408,0.1489165634750162,24.648634359980765,0.30376788034083324,False,nan,nan,False,False
103,0.515,0.005075877999843215,0.0012738009991153376,5.9710000641644e-06,3.8162001146702096e-05,0.0008885709994501667,4.506499863055069e-05,0.003587406001315685,0.0011401470326527928,0.0008317924926082298,0.2280294065305586,21.929628587426162,0.193878807853266,False,nan,nan,False,False
104,0.52,0.0049332010003126925,0.001450140998713323,5.308998879627325e-06,0.0005862360012542922,0.0009579610014043283,4.5124999815016054e-05,0.0034781520007527433,0.0015157082313712357,0.0011317924926081968,0.3031416462742471,23.930916426366853,0.06895582547809612,False,nan,nan,False,False
105,0.525,0.005077562000224134,0.001292224998906022,1.3995999324833974e-05,4.569500015350059e-05,0.0009021960013342323,4.584499947668519e-05,0.003559283000868163,0.001999860788442736,0.0014317924926081638,0.3999721576885472,20.788375963199556,0.25843115318296045,False,nan,nan,False,False
106,0.53,0.004931086999931722,0.0014835929996479535,6.3520001276629046e-06,0.0006039390009391354,0.0009817649988690391,4.661799903260544e-05,0.003430532999118441,0.0024985402909265013,0.0017317924926081307,0.4997080581853003,20.786153327735985,0.2567682648891111,False,nan,nan,False,False
107,0.535,0.005054968998592813,0.0012759450000885408,6.672000381513499e-06,3.8992999179754406e-05,0.0008937700004025828,4.363100015325472e-05,0.003584661000786582,0.0022834533111596614,0.0014317924926081638,0.4566906622319322,22.737435772172528,0.4862181083511815,False,nan,nan,False,False
108,0.54,0.004932630999974208,0.0013832050008204533,5.9710000641644e-06,0.0005933789998380234,0.0009566980006638914,4.454300142242573e-05,0.003544515999237774,0.0021580720113765716,0.0015167306686863606,0.4316144022753143,20.946737592224636,0.37538633964299073,False,nan,nan,False,False
109,0.545,0.0049993350003205705,0.0014046450014575385,5.7010001910384744e-06,0.0017035239998222096,0.0010422980012663174,4.324099973018747e-05,0.0035254299982625525,0.0021529802306832512,0.0018167306686863605,0.43059604613665026,20.883296755441823,0.3460068555627715,False,nan,nan,False,False
110,0.55,0.004999865999707254,0.0014510520013573114,5.570000212173909e-06,0.00059192700064159,0.0009475400001974776,4.5284001316758804e-05,0.0034783720002451446,0.00198168843425739,0.001829980004828914,0.396337686851478,17.15562481739592,0.4401041636357602,False,nan,nan,False,False
111,0.555,0.005072492000181228,0.0012770660014211899,6.021000444889069e-06,3.694900078698993e-05,0.0008860960006131791,5.3109999498701654e-05,0.003579971998988185,0.00159111379033327,0.001529980004828914,0.318222758066654,20.68169448184563,0.5021157369425603,False,nan,nan,False,False
112,0.56,0.0049352040005032904,0.0013990160005050711,5.6799999583745375e-06,0.0005980780006211717,0.0009616480001568561,4.3911999455303885e-05,0.00352140199902351,0.0012537650517510542,0.0012299800048289138,0.2507530103502108,22.406429713962787,0.5666103681823674,False,nan,nan,False,False
113,0.5650000000000001,0.004999556000257144,0.0014557310005329782,7.714999810559675e-06,0.001674740000453312,0.0010846479999599978,5.207700087339617e-05,0.0035463189997244626,0.001073869384090738,0.0009299800048289139,0.21477387681814755,21.582442345613853,0.26978324384976293,False,nan,nan,False,False
114,0.5700000000000001,0.0052299060007499065,0.0015147019985306542,1.659099871176295e-05,0.0005331060001481092,0.0010613240010570735,4.35010006185621e-05,0.0031791220008017262,0.0010466739563731186,0.0006299800048289138,0.20933479127462376,18.257616468876716,0.1629150595912634,False,nan,nan,False,False
115,0.5750000000000001,0.004838223998376634,0.0012968840001121862,6.342001142911613e-06,3.864200152747799e-05,0.0008992210005089873,4.390299909573514e-05,0.0035559469997679116,0.0012217156359000299,0.0008855839666888077,0.24434312718000595,20.792012075991327,0.24475982277729064,False,nan,nan,False,False
116,0.58,0.004921790001390036,0.0014380180000443943,5.210000381339341e-06,0.0005126680007379036,0.0009496760012552841,4.426200030138716e-05,0.0034937909986183513,0.0015698279619652561,0.0011855839666887746,0.31396559239305116,20.847412688739677,0.34989753599893203,False,nan,nan,False,False
117,0.585,0.0050029619997076225,0.0015089299995452166,5.410000085248612e-06,0.0016094590009743115,0.0010309469998901477,4.56750003650086e-05,0.0034215760006190976,0.0019459280712476653,0.0014855839666889636,0.389185614249533,21.489672125748786,0.3081304835727339,False,nan,nan,False,False
118,0.59,0.0049994749988400145,0.0013604830000986112,5.670999598805793e-06,0.0004925310004182393,0.0009608660002413671,4.6126999222906306e-05,0.0035865940008079633,0.002391411560764876,0.0017855839666889306,0.4782823121529752,21.087850798932767,0.22254934125711529,False,nan,nan,False,False
119,0.595,0.005104081001263694,0.0016129050000017742,1.037900074152276e-05,0.0017046159991878085,0.0012003339998045703,5.100499947729986e-05,0.0032217219995800406,0.002810884651330829,0.0020000000000000018,0.5621769302661658,19.031003939251804,0.43630982225616155,False,nan,nan,False,False
120,0.6,0.004910910000035074,0.0014585760000045411,5.940999471931718e-06,0.0010340530006942572,0.0009477719995629741,4.8380999942310154e-05,0.0034577339993120404,0.002577362763944206,0.0017000000000000348,0.5154725527888413,22.425739222445777,0.23687338385794943,False,nan,nan,False,False
121,0.605,0.004985728999599814,0.0015849629999138415,5.4700012697139755e-06,0.0015882090010563843,0.0011467130007076776,5.184700057725422e-05,0.00334701599967957,0.002464852363558806,0.001470019995171086,0.4929704727117612,23.06310772032816,0.6190318928297454,False,nan,nan,False,False
122,0.61,0.004999865999707254,0.0014456829994742293,5.6300013966392726e-06,0.0010280120004608762,0.0009271929993701633,4.530499973043334e-05,0.0034828100015147356,0.002224826738519641,0.0015574149471200708,0.44496534770392815,17.14478929593276,0.4381035701511267,False,nan,nan,False,False
123,0.615,0.004995668999981717,0.0014823100009380141,4.759000148624182e-06,0.0015659670007153181,0.0010976310004480183,4.503499985730741e-05,0.0034515719999035355,0.001658264728488234,0.0012574149471200708,0.3316529456976468,26.832815740531302,0.547768781082318,False,nan,nan,False,False
124,0.62,0.005000727000151528,0.001437307000742294,5.280000550555997e-06,0.0010206879996985663,0.000966366998909507,4.647700006898958e-05,0.0034921679998660693,0.001204089476585177,0.0009574149471200709,0.24081789531703537,26.83286114526373,0.5958296761152614,False,nan,nan,False,False
125,0.625,0.004995278000933467,0.0015225759998429567,5.109999619890004e-06,0.0015674810001655715,0.001144599000326707,5.612499990093056e-05,0.0034146529997087782,0.0009860471198174126,0.000657414947120071,0.19720942396348254,25.76144286897893,0.4414013204915668,False,nan,nan,False,False
126,0.63,0.005006587998650502,0.001396790999933728,5.230000169831328e-06,0.0004661620005208533,0.0009374330002174247,4.5746000978397205e-05,0.0035297780013934243,0.0009968746846461122,0.0007255488589362599,0.19937493692922248,24.007155357532127,0.42122812052645703,False,nan,nan,False,False
127,0.635,0.004994116001398652,0.0015074969996931031,6.733000191161409e-06,0.0015735209999547806,0.0010805300007632468,4.4243000957067125e-05,0.003428177999012405,0.0013852131071047666,0.0010255488589362598,0.2770426214209533,24.622716279099503,0.3019115200407513,False,nan,nan,False,False
128,0.64,0.005001357998480671,0.0014099360014370177,5.289999535307288e-06,0.00046387699876504485,0.0009362999990116805,4.749799882119987e-05,0.003527503999066539,0.0014287795079510487,0.0008478268089990417,0.28575590159020975,25.030803230541988,0.31292336943098575,False,nan,nan,False,False
129,0.645,0.005021076000048197,0.0014864590011711698,7.544000254711136e-06,0.0015989290004654322,0.0010532590004004305,4.638700011128094e-05,0.003428157999223913,0.0020355929467685547,0.0011478268089990416,0.4071185893537109,25.30097726134821,0.26283577060108104,False,nan,nan,False,False
130,0.65,0.004982704000212834,0.0014575349996448494,5.140000212122686e-06,0.0004512940013228217,0.000926212000194937,5.600499935098924e-05,0.003474374001598335,0.002267233947443499,0.0013943909004692223,0.4534467894886999,26.83282488266045,0.21542640931858023,False,nan,nan,False,False
131,0.655,0.005003211999792256,0.0015000240000517806,5.339999916031957e-06,0.0015679309999541147,0.00112572499892849,4.562600042845588e-05,0.0034291600004507927,0.002668621388454394,0.0016943909004691893,0.5337242776908788,23.626796156001184,0.5057681849844732,False,nan,nan,False,False
132,0.66,0.004995448000045144,0.0014468150002358016,5.030000465922058e-06,0.0004604400000971509,0.0009194489994115429,4.663700019591488e-05,0.0034851640011765994,0.0030974031233405434,0.0018862935997356889,0.6194806246681087,18.08820769565153,0.4842485814908671,False,nan,nan,False,False
133,0.665,0.005007711000871495,0.001586315000167815,1.5609000911354087e-05,0.0015712869990238687,0.0011790240005211672,4.5614999180543236e-05,0.0033363259990437655,0.0029671198925239964,0.0017425850528799292,0.5934239785047992,22.507242145387,0.6067360723721072,False,nan,nan,False,False
134,0.67,0.004989195998859941,0.0015532030010945164,5.009000233258121e-06,0.00032810399898153264,0.0009290870002587326,7.45899997127708e-05,0.0033784049992391374,0.0029412355854122234,0.0019303264894691282,0.5882471170824447,25.14746635008983,0.6102793454533485,False,nan,nan,False,False
135,0.675,0.005003593001674744,0.001588679999258602,1.5890000213403255e-05,0.0014750270001968602,0.00117662999946333,4.5865999709349126e-05,0.00334190600005968,0.002715439479859463,0.0018804360556358823,0.5430878959718927,18.456309954085118,0.5202292885344125,False,nan,nan,False,False
136,0.68,0.004996529998607002,0.0015554170004179468,5.2699997468153015e-06,0.0003321610001876252,0.0009183469992422033,7.550200098194182e-05,0.003377282999281306,0.002407490525686733,0.0015804360556358824,0.4814981051373466,21.57282927722471,0.6073674198329113,False,nan,nan,False,False
137,0.685,0.00499803200000315,0.001563513000292005,5.128998964210041e-06,0.001436183998521301,0.0011670410003716825,4.5034001232124865e-05,0.0033735460001480533,0.0018078662337245792,0.0012804360556358824,0.3615732467449158,26.832820188041282,0.5434902262152165,False,nan,nan,False,False
138,0.6900000000000001,0.005004345000998001,0.0015200910002022283,5.390000296756625e-06,0.00044505199912237003,0.0009147389991994714,4.650699884223286e-05,0.0034110559990949696,0.0012809175909914586,0.0009804360556358825,0.2561835181982917,26.83281749075082,0.7173825126954382,False,nan,nan,False,False
139,0.6950000000000001,0.005005966999306111,0.0017529769993416267,1.1161000657011755e-05,0.001454559000194422,0.0011196519990335219,4.452299981494434e-05,0.003174905001287698,0.0009555730351354217,0.0006804360556358826,0.19111460702708433,26.83282445875795,0.47229732078083747,False,nan,nan,False,False
140,0.7000000000000001,0.00499480700091226,0.001399304999722517,5.199999577598646e-06,0.00045477000094251707,0.000937591999900178,4.7249000999727286e-05,0.0035303399999975227,0.0010418684279397373,0.0009196816345327097,0.20837368558794744,26.8328741166725,0.3857779477848179,False,nan,nan,False,False
141,0.705,0.0050174889984191395,0.001527194001027965,5.91100069868844e-06,0.0015958940002747113,0.0010903679994953563,4.442300087248441e-05,0.003389425999557716,0.0014689653349988098,0.0012196816345326766,0.293793066999762,26.83287934923908,0.17948863626986386,False,nan,nan,False,False
142,0.71,0.004990709001504001,0.0014522139990731375,5.85100133321248e-06,0.0004714520000561606,0.0009966730012820335,4.5656001020688564e-05,0.0036549520009430125,0.0020322963508164612,0.0015196816345326436,0.4064592701632923,26.832819684948163,0.3863434395382111,False,nan,nan,False,False
143,0.715,0.005236988999968162,0.001682274998529465,1.0538999049458653e-05,0.0018328160003875382,0.001262400000996422,5.106599928694777e-05,0.003035934001673013,0.002646242244805909,0.0018196816345328326,0.529248448961182,26.832818783179547,0.4366357525313873,False,nan,nan,False,False
144,0.72,0.00482765400010976,0.001701430999673903,8.165001418092288e-06,0.0005460009997477755,0.001109213999370695,5.271900045045186e-05,0.003164894998917589,0.0029311005104944005,0.0015196816345326436,0.5862201020988801,26.832828997694627,0.4754220096443345,False,nan,nan,False,False
145,0.725,0.004947358000208624,0.0017626649987505516,6.803000360378064e-06,0.001591214999280055,0.0013219419997767545,4.744800025946461e-05,0.003158012999847415,0.0034172657885949962,0.0017446932946338766,0.6834531577189992,24.190066756428156,0.5685389681789976,False,nan,nan,False,False
146,0.73,0.004993984999600798,0.0015001239989942405,5.681000402546488e-06,0.00048220099961326923,0.0009672279993537813,4.8269999751937576e-05,0.003417859001274337,0.003859516033527671,0.001965252162135833,0.7719032067055343,23.644093581672593,0.7082738226907281,False,nan,nan,False,False
147,0.735,0.004987452999557718,0.0015329550005844794,5.631000021821819e-06,0.0015682110006309813,0.0011017889992217533,5.7667999499244615e-05,0.0034006869991571875,0.004021384217223205,0.0020000000000000018,0.8042768434446409,13.05689230906551,0.7486203648656684,False,nan,nan,False,False
148,0.74,0.005004153999834671,0.0014443500003835652,5.37999949301593e-06,0.00047278399870265275,0.0009569390003889566,4.8690999392420053e-05,0.003482108999378397,0.0041115506884193175,0.0019878467481733134,0.8223101376838634,11.20818289364684,0.6249327765427751,False,nan,nan,False,False
149,0.745,0.00499983600093401,0.0015367219984909752,5.3299991122912616e-06,0.00158875999841257,0.0011082220007665455,4.6226999984355643e-05,0.0033912489998328965,0.0039687235534087255,0.0020000000000000018,0.7937447106817451,17.43724792707262,0.8497495913345721,False,nan,nan,False,False
150,0.75,0.0049948959986068076,0.001469237000492285,5.360001523513347e-06,0.0004710709999926621,0.0009346169990749331,4.785900091519579e-05,0.0034627029999683145,0.003318369349204896,0.0017000000000000348,0.6636738698409793,26.832855864707305,0.838414619618769,False,nan,nan,False,False
151,0.755,0.005013923000660725,0.0015276859994628467,8.625998816569336e-06,0.0015849419996811775,0.001115244000175153,4.8120000428752974e-05,0.0033931720008695265,0.003968723603663498,0.0020000000000000018,0.7937447207326996,26.83288494315228,0.8480135635520654,False,nan,nan,False,False
152,0.76,0.004988384000171209,0.0014091350003582193,5.310001142788678e-06,0.0004710610010079108,0.0009486130002187565,4.7559000449837185e-05,0.003523695999319898,0.0033183692620541577,0.0017000000000000348,0.6636738524108317,26.832842950996955,0.796501005857833,False,nan,nan,False,False
153,0.765,0.00501868199899036,0.001561738999953377,5.820998921990395e-06,0.0015358309992734576,0.0011613900005613687,4.645699846150819e-05,0.003354300000864896,0.0026781305677761238,0.0014000000000000679,0.5356261135552247,26.83285417697294,1.183999586440651,False,nan,nan,False,False
154,0.77,0.004989737000869354,0.0013772340007562889,5.510000846697949e-06,0.0008720199984963983,0.0009608260006643832,5.903999954171013e-05,0.0035487239983922336,0.002057471877953068,0.001100000000000101,0.41149437559061347,26.832833439786484,0.7786097123328002,False,nan,nan,False,False
155,0.775,0.004998001999410917,0.0015513400012423517,5.559999408433214e-06,0.0018887400001403876,0.0011431470011302736,4.628700116882101e-05,0.00337622099868895,0.0014812236282797963,0.0007999999999999119,0.2962447256559593,26.833601151319144,0.3749554215222301,False,nan,nan,False,False
156,0.78,0.004998544000045513,0.001348920999589609,5.680998583557084e-06,0.0007277509994310094,0.0009634300004108809,4.573600017465651e-05,0.0035761950002779486,0.001027043167302778,0.0005288864318457875,0.2054086334605556,26.832897133937823,0.5215012824180205,False,nan,nan,False,False
157,0.785,0.00500003600063792,0.001613525999346166,1.5409001207444817e-05,0.001701219998722081,0.001209230000313255,4.434299989952706e-05,0.0033113400004367577,0.0009031143047148803,0.0008288864318459765,0.18062286094297603,26.832983462289643,0.3481638333880329,False,nan,nan,False,False
158,0.79,0.004998143000193522,0.001542312998935813,5.9710000641644e-06,0.00047093000102904625,0.0009202000001096167,4.727800114778802e-05,0.003384506000656984,0.001215083556613351,0.0011288864318459435,0.24301671132267016,26.833144790455464,0.25320284194192755,False,nan,nan,False,False
159,0.795,0.005020864999096375,0.0015527630002907244,5.91200114286039e-06,0.0015174970012594713,0.0011531460004334804,4.5464999857358634e-05,0.0033536280006956076,0.0017427653268654148,0.0014288864318459105,0.34855306537308295,26.83309176968665,0.20773517642609027,False,nan,nan,False,False
160,0.8,0.004976262000127463,0.0013913410002714954,5.431000317912549e-06,0.0003094790008617565,0.000925390000702464,4.771000021719374e-05,0.0035366510001040297,0.002344791436184347,0.0017288864318458774,0.4689582872368694,26.833198282311432,0.18076994055123027,False,nan,nan,False,False
161,0.805,0.004996540001229732,0.0015338169996539364,4.949000867782161e-06,0.001293097000598209,0.0011122589985461673,5.335999958333559e-05,0.0034135109999624547,0.00295676710502779,0.0020000000000000018,0.5913534210055581,26.33637489183419,0.38634651814105025,False,nan,nan,False,False
162,0.81,0.005019942998842453,0.0013120530002197484,5.7010001910384744e-06,0.0007312869984161807,0.0009460180008318275,4.557499960355926e-05,0.0036045779997948557,0.0034199333835224516,0.0020000000000000018,0.6839866767044903,24.000030355619966,0.49767872840643335,False,nan,nan,False,False
163,0.8150000000000001,0.0049890059999597725,0.0015471120004804106,1.0489000487723388e-05,0.001766151000992977,0.001155849999122438,4.4082999011152424e-05,0.0033768619996408233,0.00392038501858318,0.0020000000000000018,0.784077003716636,24.000084824962713,0.7574271888937445,False,nan,nan,False,False
164,0.8200000000000001,0.004993284001102438,0.0012672689990722574,5.500000042957254e-06,0.0006486729998869123,0.0009064250007213559,5.270799920253921e-05,0.003660211999886087,0.004343878599079782,0.0020000000000000018,0.8687757198159564,21.079923775012833,0.5865039372014071,False,nan,nan,False,False
165,0.8250000000000001,0.0049966899987339275,0.0014952050005376805,5.3299991122912616e-06,0.0016127139988384442,0.0011373659999662777,4.423300015332643e-05,0.00344279499950062,0.004472136653312133,0.0020000000000000018,0.8944273306624265,6.698658072145259,0.7936960245808408,False,nan,nan,False,False
166,0.8300000000000001,0.005008422000173596,0.0012771880010404857,5.330000931280665e-06,0.0005326249993231613,0.0008619210002507316,4.6175999159459025e-05,0.0036477979992923792,0.004472136384351987,0.0020000000000000018,0.8944272768703971,0.021581006639430713,0.7003233424746775,False,nan,nan,False,False
167,0.835,0.0049792780009738635,0.001201887000206625,3.806999302469194e-06,0.001549045000501792,0.0008369240003958112,4.3310999899404123e-05,0.003744177998669329,0.0044065550941996615,0.0020000000000000018,0.8813110188399322,6.051715370838588,0.9467117765949891,False,nan,nan,False,False
168,0.84,0.005015734999687993,0.001283028999750968,5.1890001486754045e-06,0.0004101470003661234,0.0008837219993438339,5.698600034520496e-05,0.0036468269991019042,0.004300378498159699,0.0020000000000000018,0.8600756996319399,7.6614230083727834,1.0158811329244635,False,nan,nan,False,False
169,0.845,0.005040682999606361,0.0014448599995375844,5.530999260372482e-06,0.0014941230001568329,0.0010623960006341804,4.3801999709103256e-05,0.0034447899997758213,0.004195545261820289,0.0020000000000000018,0.8391090523640578,7.857892553907145,0.9719340868665656,False,nan,nan,False,False
170,0.85,0.00495755699921574,0.0012736400003632298,5.300000339047983e-06,0.000809192999440711,0.0009037790005095303,4.338100006862078e-05,0.0036588700004358543,0.003972916825850561,0.0020000000000000018,0.794583365170112,16.970568535592445,0.9816923531386934,False,nan,nan,False,False
171,0.855,0.005014704000132042,0.0014666910010419087,1.7873000615509227e-05,0.0013373700003285194,0.001074709000022267,4.489399907470215e-05,0.003457562999756192,0.003315952645787799,0.0017000000000000348,0.6631905291575598,26.833062092621013,0.8555443037123147,False,nan,nan,False,False
172,0.86,0.004994586000975687,0.0012646539998968365,5.690999387297779e-06,0.0007154479990276741,0.0008937900001910748,4.4754000555258244e-05,0.003690147999805049,0.0033446986607431834,0.0020000000000000018,0.6689397321486368,26.83281858042483,0.8210462652720785,False,nan,nan,False,False
173,0.865,0.0050341299993306166,0.0015657570002076682,1.129200063587632e-05,0.0018308930011698976,0.0011695159992086701,4.42830005340511e-05,0.0033238030009670183,0.0030478495685161517,0.0017000000000000348,0.6095699137032303,24.55467084587585,0.4190880882372293,False,nan,nan,False,False
174,0.87,0.004965932999766665,0.0014432970001507783,5.46000046597328e-06,0.0005890610009373631,0.0008789829989837017,4.499399983615149e-05,0.003481318000922329,0.002453348282034789,0.0014000000000000679,0.49066965640695775,26.840827807697508,0.7608369892068431,False,nan,nan,False,False
175,0.875,0.005010826000216184,0.0013631279998662649,1.8655000530998223e-05,0.00162892499974987,0.0009537930000078632,4.522400013229344e-05,0.0035505570012901444,0.002308286407370081,0.0017000000000000348,0.46165728147401613,26.83288631712052,0.6573726171169274,False,nan,nan,False,False
176,0.88,0.004987272001017118,0.0013008719997742446,5.77100036025513e-06,0.0008826400007819757,0.0008731529997021426,5.7949000620283186e-05,0.0036239239998394623,0.0021948520516531208,0.0014000000000000679,0.43897041033062423,26.833848436943324,0.5843839370464089,False,nan,nan,False,False
177,0.885,0.005007179999665823,0.0014415249988815049,7.775000995025039e-06,0.0014637759995821398,0.0010816920002980623,4.4021999201504514e-05,0.003476207000858267,0.0028011896621116614,0.0017000000000000348,0.5602379324223323,26.832913999919132,0.4526165745175529,False,nan,nan,False,False
178,0.89,0.00498958699972718,0.0012602860006154515,5.650999810313806e-06,0.0008222269989346387,0.0008764989997871453,4.448300023796037e-05,0.003665591999379103,0.002525070939894784,0.0014000000000000679,0.5050141879789568,26.837067762950603,0.4641643401886937,False,nan,nan,False,False
179,0.895,0.004996989999199286,0.0014485280007647816,5.670000973623246e-06,0.0018637830016814405,0.0010741179994511185,4.381200051284395e-05,0.003479474000414484,0.002906073887614077,0.0017000000000000001,0.5812147775228155,26.83310492118718,0.7715671560650189,False,nan,nan,False,False
180,0.9,0.004994757000531536,0.0012230960001033964,5.37999949301593e-06,0.000708243000190123,0.0008764089998294367,4.307100061851088e-05,0.003710847000547801,0.0027876847425961555,0.0016304272807510373,0.5575369485192311,25.304626386166436,0.33057250904085805,False,nan,nan,False,False
181,0.905,0.005001519000870758,0.0014174799998727394,5.539999619941227e-06,0.0017876809997687815,0.0010447429995110724,5.4811998779769056e-05,0.003519367999615497,0.0030299258642655443,0.0019304272807510372,0.6059851728531087,26.837488618714513,0.48659792673633656,False,nan,nan,False,False
182,0.91,0.005008111998904496,0.0013804099999106256,5.810999937239103e-06,0.0006048300001566531,0.0008619009986432502,4.7730000005685724e-05,0.003549675000613206,0.003015679726113713,0.002,0.6031359452227425,23.666499359394823,0.4679604555652175,False,nan,nan,False,False
183,0.915,0.005001288000130444,0.0014319769998110132,1.7473001207690686e-05,0.0016862620013853302,0.001043059999574325,4.525400072452612e-05,0.0034931400005007163,0.0029171904511127783,0.0020000000000000018,0.5834380902225557,20.910330151268756,0.6775677759228673,False,nan,nan,False,False
184,0.92,0.005002261001209263,0.0012967239999852609,6.031001248629764e-06,0.00048209200031124055,0.0008772090004640631,4.581499888445251e-05,0.003629654998803744,0.002453568913075016,0.0017000000000000348,0.4907137826150032,26.832845491461295,0.5883048762899687,False,nan,nan,False,False
185,0.925,0.005011186998672201,0.001460350000343169,5.7010001910384744e-06,0.0015432740001415368,0.0010885249994316837,4.406200059747789e-05,0.0034530550001363736,0.0028037592782449456,0.002,0.5607518556489891,24.562106970110218,0.6494740131383161,False,nan,nan,False,False
186,0.93,0.004983325001376215,0.001238724998984253,5.490999683388509e-06,0.0008631840009911684,0.0008800240011623828,4.654700023820624e-05,0.003691140000228188,0.0025598258688185375,0.0017000000000000001,0.5119651737637075,26.83304217656258,0.6621903771046816,False,nan,nan,False,False
187,0.935,0.005001789999369066,0.001498179999543936,5.601001248578541e-06,0.0019539720015018247,0.0011205139999219682,4.4282998715061694e-05,0.0034302519998163916,0.003165606827954637,0.002,0.6331213655909276,26.8330629176331,0.6921962752905233,False,nan,nan,False,False
188,0.9400000000000001,0.004997381000066525,0.0012602059996424941,5.640000381390564e-06,0.0007854180003050715,0.0008988700010377215,4.4282998715061694e-05,0.003669178999189171,0.0031293305334379865,0.0017000000000000001,0.6258661066875972,26.833160975908843,0.5144874332072487,False,nan,nan,False,False
189,0.9450000000000001,0.005000527999072801,0.0014462430008279625,5.3700005082646385e-06,0.00182961999962572,0.00109333300133585,4.664699918066617e-05,0.003483861999484361,0.0034367104746241745,0.0019000000000000128,0.6873420949248349,24.848213320662268,0.7005193106153735,False,nan,nan,False,False
190,0.9500000000000001,0.005000487000870635,0.0013171520004107151,5.37999949301593e-06,0.0006543939998664428,0.0008697949997440446,4.585599890560843e-05,0.003614907000155654,0.0035022996368307326,0.0020000000000000018,0.7004599273661465,24.33149324181075,0.5294651036868284,False,nan,nan,False,False
191,0.9550000000000001,0.005000777000532253,0.001379368999550934,5.430998498923145e-06,0.0016991359989333432,0.000990611999441171,4.366200118965935e-05,0.0035514379997039214,0.0036126507820951085,0.0020000000000000018,0.7225301564190217,24.000231551398024,0.6321361090859628,False,nan,nan,False,False
192,0.96,0.004999284999939846,0.0012878879988420522,5.26000076206401e-06,0.0005413110011431854,0.0008661189986014506,4.463299956114497e-05,0.0036388520002219593,0.0035883669745487416,0.0020000000000000018,0.7176733949097484,17.888610239878076,0.6608690456538531,False,nan,nan,False,False
193,0.965,0.00500414399903093,0.001435833999494207,6.682001185254194e-06,0.0015811849989404436,0.0010578580004221294,4.3582000216702e-05,0.0034887420006270986,0.003504499160415038,0.0020000000000000018,0.7008998320830075,16.970911398647743,0.7670918244150672,False,nan,nan,False,False
194,0.97,0.004994216000341112,0.001251859999683802,5.609999789157882e-06,0.0009684609995019855,0.000865988999066758,5.075499939266592e-05,0.0036913599997205893,0.003470832148718908,0.0020000000000000018,0.6941664297437816,16.97261280582932,0.7173700402937185,False,nan,nan,False,False
195,0.975,0.005013030000554863,0.001461441999708768,5.83099972573109e-06,0.002017131000684458,0.0010894370007008547,4.4763999540009536e-05,0.003454487999988487,0.003325966937894043,0.0020000000000000018,0.6651933875788085,20.802617294866828,0.7567867303677015,False,nan,nan,False,False
196,0.98,0.0049923819988180185,0.0012620899997273227,5.440000677481294e-06,0.0008124980013235472,0.0008980990005511558,5.4350999562302604e-05,0.003658078001535614,0.0034895456029965938,0.0020000000000000018,0.6979091205993188,20.792046250493378,0.8072143924135393,False,nan,nan,False,False
197,0.985,0.004989267001292319,0.0014703979995829286,5.670999598805793e-06,0.0018554189991846215,0.0009894100003293715,4.3682000978151336e-05,0.0034664699996937998,0.0032314213560779154,0.002,0.6462842712155832,24.00192019675727,0.7839702115864203,False,nan,nan,False,False
198,0.99,0.0050065079994965345,0.001416126999174594,5.17999978910666e-06,0.0007069310013321228,0.0009324229995399946,5.2478000725386664e-05,0.00351648300056695,0.0035209651191617864,0.0020000000000000018,0.7041930238323574,26.83342885560737,0.7167837788750014,False,nan,nan,False,False
199,0.995,0.005002280999178765,0.0014059980003366945,5.350000719772652e-06,0.0017633959996601334,0.0010598110002320027,4.309999894758221e-05,0.0035202399994886946,0.0036881339050829505,0.0020000000000000018,0.7376267810165901,24.000003106071947,0.5411329863091114,False,nan,nan,False,False
200,1.0,0.004994496001017978,0.00139691099866468,5.619998773909174e-06,0.0005818070003442699,0.0008749349999561673,4.671700116887223e-05,0.0035381640009291004,0.0037493290344890215,0.0020000000000000018,0.7498658068978042,26.832817027994484,0.8000933514338981,False,nan,nan,False,False
201,1.0050000000000001,0.005022678000386804,0.0014247539984353352,8.17500040284358e-06,0.0016784269992058398,0.0010594999985187314,4.298000021663029e-05,0.00348224900153582,0.0040202751207319195,0.0020000000000000018,0.8040550241463837,24.000244366120395,0.738215701179958,False,nan,nan,False,False
202,1.01,0.004986991998521262,0.0013013230000069598,5.639998562401161e-06,0.0004620339987013722,0.0008870180008671014,4.446300044946838e-05,0.00361968600009277,0.0038209949367321904,0.0020000000000000018,0.7641989873464381,24.277149823365892,0.5824623492836367,False,nan,nan,False,False
203,1.0150000000000001,0.004990108000129112,0.00146849500015378,4.978999641025439e-06,0.0015008760001364863,0.0011021299997082679,4.45039986516349e-05,0.0034642059999896446,0.003637535669505191,0.0020000000000000018,0.7275071339010383,17.530439934418602,0.8125289745332203,False,nan,nan,False,False
204,1.02,0.0050030920010613045,0.0012347779993433505,5.360001523513347e-06,0.0008691550010553328,0.0008771299999352777,4.5746000978397205e-05,0.0036973520000174176,0.0033368413212208495,0.0020000000000000018,0.66736826424417,20.786910978764134,0.801480931813901,False,nan,nan,False,False
205,1.025,0.0050019099999190075,0.0014410139992833138,5.158999556442723e-06,0.0019499650006764568,0.001079989000572823,4.429299951880239e-05,0.003485594999801833,0.0033327673669202307,0.0020000000000000018,0.6665534733840461,24.00220064634068,0.5768306955228922,False,nan,nan,False,False
206,1.03,0.00499701099943195,0.001225490999786416,5.350000719772652e-06,0.0007773329998599365,0.0008763980004005134,4.26500009780284e-05,0.003698172000440536,0.0032373077890620245,0.0020000000000000018,0.6474615578124049,24.000176431094133,0.6523564638521205,False,nan,nan,False,False
207,1.035,0.004991760999473627,0.0014115980011411011,5.049001629231498e-06,0.0017927810004039202,0.0010505840000405442,4.5265000153449364e-05,0.0035267729999759467,0.003046801156885664,0.0020000000000000018,0.6093602313771328,20.784939943517905,0.9626201294811827,False,nan,nan,False,False
208,1.04,0.0050056460004270775,0.0013195169995015021,5.179001163924113e-06,0.0005946419987594709,0.0008690449994901428,4.437300049175974e-05,0.0036152379998384276,0.0032046519402748066,0.0020000000000000018,0.6409303880549613,18.229589135927835,0.7143008961755528,False,nan,nan,False,False
209,1.045,0.005030664000514662,0.0013815629990858724,7.675000233575702e-06,0.001667456999712158,0.0010197360006714007,4.31910011684522e-05,0.003534426001351676,0.0028226745408564636,0.0018880449180167513,0.5645349081712927,24.414224680092858,0.5740099968483467,False,nan,nan,False,False
210,1.05,0.005020765000153915,0.0015187989993137307,7.444001312251203e-06,0.00048476600022695493,0.0009244279990525683,5.0224000005982816e-05,0.0033786059993872186,0.0024036739798293026,0.0015880449180167844,0.48073479596586044,26.832815730058922,0.6021421621114319,False,nan,nan,False,False
211,1.055,0.004971091999323107,0.0015068070006236667,5.609999789157882e-06,0.0015190800004347693,0.0011237309990974609,4.6136001401464455e-05,0.003404023000257439,0.0021184448540084036,0.0012880449180168174,0.42368897080168066,26.832920027041848,0.5430647821873089,False,nan,nan,False,False
212,1.06,0.004981602000043495,0.0012998199999856297,5.720999979530461e-06,0.0008662889995321166,0.0009010049998323666,6.70749996061204e-05,0.003636628000094788,0.0026388667207795998,0.0015880449180167844,0.52777334415592,26.833038296273912,0.5654754060176289,False,nan,nan,False,False
213,1.065,0.00501015600093524,0.0014500099987344583,5.440000677481294e-06,0.0019398660006118007,0.001087733999156626,4.4243000957067125e-05,0.003467812000963022,0.0025988023391696918,0.0018547248807218486,0.5197604678339383,26.832848219705667,0.376482927202437,False,nan,nan,False,False
214,1.07,0.0049870219991134945,0.0014416850008274196,5.309999323799275e-06,0.0007287830012501217,0.0009354889989481308,4.918200102110859e-05,0.003494621998470393,0.0026078902654126704,0.002,0.5215780530825341,24.693485207886344,0.5491899069869465,False,nan,nan,False,False
215,1.075,0.005004344000553829,0.0014488990000245394,5.32000012753997e-06,0.0017592879994481336,0.0010832449988811277,5.332000000635162e-05,0.0034768690002238145,0.002647340912881575,0.002,0.5294681825763151,24.0000520644026,0.47637448874489574,False,nan,nan,False,False
216,1.08,0.004995597999368329,0.0013758919994870666,5.521000275621191e-06,0.0005775600002380088,0.000879004001035355,4.5916000090073794e-05,0.0035628400000859983,0.0026126109418852395,0.0017000000000000001,0.522522188377048,26.83286732050739,0.37988858341175047,False,nan,nan,False,False
217,1.085,0.005023519999667769,0.0014014200005476596,7.603999620187096e-06,0.0016763730000093346,0.001028613000016776,4.505400102061685e-05,0.0035063439991063206,0.0030956514447655543,0.002,0.6191302889531108,26.83285110905405,0.6407179829749499,False,nan,nan,False,False
218,1.09,0.004984257000614889,0.0012562390002130996,5.580001015914604e-06,0.00047785300012037624,0.0008631029995740391,4.770899977302179e-05,0.0036630670001613908,0.0034372845354343666,0.0020000000000000018,0.6874569070868733,23.35736438166215,0.5124102408279795,False,nan,nan,False,False
219,1.095,0.004986091000318993,0.0014351520003401674,5.480000254465267e-06,0.001512957998784259,0.0010748300010163803,4.267000076652039e-05,0.0035010049996344605,0.003571007981785029,0.0020000000000000018,0.7142015963570059,17.435596753015993,0.6404496370498249,False,nan,nan,False,False
220,1.1,0.00500414399903093,0.0012067959996784339,4.899000487057492e-06,0.0008607689997006673,0.0008661690008011647,4.3510999603313394e-05,0.0037248020016704686,0.003695845107776137,0.0020000000000000018,0.7391690215552275,16.970563022516195,0.5419224307477316,False,nan,nan,False,False
221,1.105,0.0049987640013569035,0.0014225989998521982,5.078998583485372e-06,0.001937471000928781,0.0010719429992605,4.2580000808811747e-05,0.0035124859987263335,0.003863475708050571,0.0020000000000000018,0.7726951416101142,16.970579204449457,0.657933333890057,False,nan,nan,False,False
222,1.11,0.005006076999052311,0.0012933580001117662,5.239000529400073e-06,0.0006524990003526909,0.0009035200000653276,4.316100057621952e-05,0.0036329710001155036,0.0036364291768607904,0.0017000000000000348,0.7272858353721581,26.832826317291868,0.6996208190368652,False,nan,nan,False,False
223,1.115,0.004997682000976056,0.0014252049986680504,5.570000212173909e-06,0.0017338309990009293,0.0010715530006564222,4.3281001126160845e-05,0.00351147299988952,0.00406211646930013,0.0020000000000000018,0.8124232938600259,26.832815738636548,0.7958438579482665,False,nan,nan,False,False
224,1.12,0.005005847999200341,0.001314928000283544,5.23999915458262e-06,0.0005564599996432662,0.0008746650000830414,4.5294000301510096e-05,0.0036143960005574627,0.004346262783253559,0.0020000000000000018,0.8692525566507118,17.109996607862517,0.7534712835375744,False,nan,nan,False,False
225,1.125,0.004998111999157118,0.0014100970001891255,5.410000085248612e-06,0.001581697000801796,0.0010639090014592512,4.403200000524521e-05,0.0035216520009271335,0.003967366906192863,0.0020000000000000018,0.7934733812385725,20.784609699767906,1.0312580794145625,False,nan,nan,False,False
226,1.1300000000000001,0.004999736000172561,0.0012545360004878603,5.280000550555997e-06,0.00041359299939358607,0.0008622719997219974,6.464100079028867e-05,0.003693422999276663,0.003502667124494843,0.002,0.7005334248989686,22.703395533595526,0.9141207994847127,False,nan,nan,False,False
227,1.135,0.005025964999731514,0.0014237720006349264,5.670999598805793e-06,0.0015003640000941232,0.0010686179994081613,4.3069998355349526e-05,0.0034799850000126753,0.0037764723248105737,0.0019508324708552658,0.7552944649621147,21.454894305187633,0.7026000491775388,False,nan,nan,False,False
228,1.1400000000000001,0.0049740380000002915,0.0012290170016058255,5.359999704523943e-06,0.0008500079984514741,0.0008625219998066314,5.018399861000944e-05,0.003695608998896205,0.0031100682881389213,0.001650832470855266,0.6220136576277842,26.835627592368766,0.7183631990327722,False,nan,nan,False,False
229,1.145,0.004994957000235445,0.0014485980009339983,5.1489987527020276e-06,0.001874192999821389,0.0010830039991560625,4.2859999666688964e-05,0.0034849439998652088,0.0029400343333690557,0.0017000000000000348,0.5880068666738111,24.213021117675343,1.1010851623542979,False,nan,nan,False,False
230,1.1500000000000001,0.005015656000978197,0.0012520099990069866,1.63610002346104e-05,0.0006410879996110452,0.000873823999427259,4.3149999328306876e-05,0.003660613001557067,0.0022948704564117986,0.0014000000000000679,0.45897409128235966,26.832823625894846,0.7519776928441676,False,nan,nan,False,False
231,1.155,0.0049829439994937275,0.001426877000994864,5.460999091155827e-06,0.0018439680006849812,0.001071062000846723,4.287999945518095e-05,0.003503198999169399,0.002497714593934464,0.0017000000000000348,0.49954291878689283,24.53425632700841,0.6506162345216372,False,nan,nan,False,False
232,1.16,0.004997731999537791,0.0012382050008454826,5.079999027657323e-06,0.0006943980006326456,0.0008689639998920029,4.779899973073043e-05,0.0036917409997840878,0.00191959858091341,0.0014000000000000679,0.383919716182682,26.83281652606277,0.42863656350809426,False,nan,nan,False,False
233,1.165,0.00500354300129402,0.0014251840002543759,5.259998943074606e-06,0.001767013000062434,0.0010799179999594344,4.3091000407002866e-05,0.003607553999245283,0.0021090765637664993,0.0017000000000000348,0.42181531275329986,24.081711867867533,0.817080503785637,False,nan,nan,False,False
234,1.17,0.005298033998769824,0.0015359509998233989,1.7812999431043863e-05,0.0005790720006189076,0.0010846770001080586,4.372200055513531e-05,0.003094604000580148,0.0017677236798576373,0.0014000000000000679,0.35354473597152747,26.832815785497914,0.0867325933793805,False,nan,nan,False,False
235,1.175,0.004706087000158732,0.0014442190004047006,6.641999789280817e-06,0.0015595150016451953,0.0010545309996814467,4.400199941301253e-05,0.00348464399939985,0.0016436209331394923,0.001100000000000101,0.3287241866278985,26.83282593918828,0.6777194966515061,False,nan,nan,False,False
236,1.18,0.005000696999559295,0.0012829480001528282,5.740999768022448e-06,0.0009609059998183511,0.0008953130000008969,5.5914999393280596e-05,0.00364186800106836,0.001782731884889089,0.0010519721301962548,0.3565463769778178,26.83281843836171,0.21526420452510503,False,nan,nan,False,False
237,1.185,0.004991340001652134,0.001446553998903255,5.509999027708545e-06,0.001432768000086071,0.0010873619994526962,4.4162999984109774e-05,0.0034896130000561243,0.002134198025255291,0.0013519721301962218,0.4268396050510581,26.83366147653206,0.3538013989935372,False,nan,nan,False,False
238,1.19,0.005005426999559859,0.0012155419990449445,5.068999598734081e-06,0.0008137519998854259,0.0008705979998921975,4.480300049181096e-05,0.003723981000803178,0.0026137020808226696,0.0016519721301964108,0.5227404161645339,26.83282681562316,0.2971952678263578,False,nan,nan,False,False
239,1.195,0.005010916000173893,0.0014439099995797733,5.32000012753997e-06,0.0018797339998855023,0.0010789469997689594,4.2859999666688964e-05,0.003473491999102407,0.003163554295157035,0.0019519721301963777,0.632710859031407,26.832831552802695,0.48642496590327616,False,nan,nan,False,False
240,1.2,0.004985509998732596,0.0014192630005709361,5.4299998737405986e-06,0.0007058800001686905,0.0009315920015069423,4.52839994977694e-05,0.0035161520008841762,0.0035661000977216663,0.0020000000000000018,0.7132200195443332,22.76677838152416,0.4557352763687373,False,nan,nan,False,False
241,1.205,0.005001930001526489,0.0014270470001065405,5.3299991122912616e-06,0.0017804279996198602,0.0009564179999870248,4.4312999307294376e-05,0.0035054329982813215,0.0036607388015974783,0.0020000000000000018,0.7321477603194957,17.734704606869393,0.5998548524733005,False,nan,nan,False,False
242,1.21,0.004999304999728338,0.0013482100002875086,5.359999704523943e-06,0.0005654569995385827,0.0008583550006733276,4.4954000259167515e-05,0.0035910119986510836,0.003696524515327184,0.0020000000000000018,0.739304903065437,20.785189995403243,0.779240313238149,False,nan,nan,False,False
243,1.215,0.005032295999626513,0.001339313999778824,7.675000233575702e-06,0.001672335998591734,0.0009257309993699891,4.392200025904458e-05,0.0035600549999799114,0.004045466914677112,0.0020000000000000018,0.8090933829354224,20.794010148186363,0.730744336089546,False,nan,nan,False,False
244,1.22,0.004975089999788906,0.001236091000464512,5.2699997468153015e-06,0.00047106999954849016,0.0008528940015821718,5.301899909682106e-05,0.00368605000039679,0.003993984811053405,0.0020000000000000018,0.7987969622106811,22.7221131989278,0.6534434685164875,False,nan,nan,False,False
245,1.225,0.004988785000023199,0.001418562000253587,5.239000529400073e-06,0.0015131489999475889,0.0009975039993150858,4.3592001020442694e-05,0.003518867999446229,0.0039003610882770955,0.0020000000000000018,0.780072217655419,20.78780996530704,0.779729078091265,False,nan,nan,False,False
246,1.23,0.00500755100074457,0.001242271999217337,5.289999535307288e-06,0.0008623920002719387,0.0008704980009497376,4.708800042863004e-05,0.0036890659994242014,0.003963821825493298,0.0020000000000000018,0.7927643650986597,17.437760756240007,0.7521903952808209,False,nan,nan,False,False
247,1.235,0.005004515000109677,0.0014772209997317987,5.610001608147286e-06,0.0019567380004446022,0.0009939880001184065,4.55149984190939e-05,0.0034489970003050985,0.00396134404775733,0.0020000000000000018,0.792268809551466,13.70175627546428,0.752957777675565,False,nan,nan,False,False
248,1.24,0.00499711099837441,0.0012427930014382582,5.629999577649869e-06,0.0007868510001571849,0.0008886209998308914,4.4753000111086294e-05,0.0036838859996350948,0.003787347882090229,0.0020000000000000018,0.7574695764180459,16.970584268517275,0.7302259803135651,False,nan,nan,False,False
249,1.245,0.004996399000447127,0.0014084829999774229,5.449999662232585e-06,0.0018191899998782901,0.0010483299993211403,5.400100053520873e-05,0.0035278750001452863,0.003654553459705612,0.0020000000000000018,0.7309106919411225,16.97059540353188,0.7389267775824295,False,nan,nan,False,False
250,1.25,0.005007751000448479,0.0012964439993083943,5.550999048864469e-06,0.0006618369989155326,0.0008780209991527954,4.413299939187709e-05,0.003626228000939591,0.003567564564215043,0.0020000000000000018,0.7135129128430086,16.970639953473572,0.7826119849029167,False,nan,nan,False,False
251,1.2550000000000001,0.0049923419992410345,0.0014252340006351005,5.0889993872260675e-06,0.0017082630001823418,0.0010698799997044262,4.386200089356862e-05,0.0035110440003336407,0.0035297699195168614,0.0020000000000000018,0.7059539839033723,16.97117090667907,0.717726816943182,False,nan,nan,False,False
252,1.26,0.005006399000194506,0.001300931000514538,5.190000592847355e-06,0.0005386070006352384,0.0008664699998917058,4.395200085127726e-05,0.003619966999394819,0.003036616312447102,0.0017000000000000348,0.6073232624894204,26.83284030243229,0.7515415916919899,False,nan,nan,False,False
253,1.2650000000000001,0.004989757000657846,0.0014435680004680762,6.763000783394091e-06,0.0015709670005890075,0.0010786870006995741,4.479299968807027e-05,0.0034926289990835357,0.0026235096114463723,0.0014000000000000679,0.5247019222892745,26.832815740987677,0.7536188234865591,False,nan,nan,False,False
254,1.27,0.005005446000723168,0.0012254309986019507,5.5300006351899356e-06,0.0009693219999462599,0.0008602680009062169,4.8210000386461616e-05,0.003707900999870617,0.0032379880742004594,0.0017000000000000348,0.6475976148400918,26.832815993768257,0.6428192609672393,False,nan,nan,False,False
255,1.2750000000000001,0.005007900999771664,0.0014854469991405495,5.710000550607219e-06,0.0013354870006878627,0.0009949989998858655,4.440299926500302e-05,0.003436925000642077,0.003302473667518778,0.002,0.6604947335037556,26.832845016939974,0.5062659725232432,False,nan,nan,False,False
256,1.28,0.004990678999092779,0.0012495860009948956,5.639998562401161e-06,0.0007056699996610405,0.0008877889995346777,4.2548999772407115e-05,0.003677113998492132,0.0031349794490737686,0.001899999999999999,0.6269958898147537,26.832815986497383,0.7449252256885864,False,nan,nan,False,False
257,1.285,0.004996350000510574,0.0014164570002321852,5.4700012697139755e-06,0.0017405029993824428,0.0010628060008457396,4.488400008995086e-05,0.0035175060002075043,0.003293912482360899,0.002,0.6587824964721798,24.331055032216383,0.6508566870003183,False,nan,nan,False,False
258,1.29,0.005004313999961596,0.0014250639997044345,5.1200004236306995e-06,0.000618866999502643,0.0009051420001924271,4.5084001612849534e-05,0.0035088189997622976,0.003423685650830326,0.002,0.6847371301660652,24.00000003868101,0.4929204185694821,False,nan,nan,False,False
259,1.295,0.005000658000426483,0.0013880739988962887,5.040001269662753e-06,0.0016709739993530093,0.0010400039991509402,4.3001000449294224e-05,0.0035424720008450095,0.003483083514063299,0.002,0.6966167028126597,24.62711470996546,0.6012921509645681,False,nan,nan,False,False
260,1.3,0.004998111999157118,0.0012891500009573065,5.008998414268717e-06,0.00046469799963233527,0.000861390999489231,7.004100007179659e-05,0.003643430998636177,0.0033347019716517393,0.0017530850420413024,0.6669403943303479,22.579759130148847,0.8190387620556736,False,nan,nan,False,False
261,1.305,0.004999455999495694,0.0013830550014972687,5.300000339047983e-06,0.0015812559995538322,0.0009748719985509524,4.324099973018747e-05,0.0035470799994072877,0.0026806280285128544,0.0014530850420413355,0.536125605702571,26.83288638092622,0.7416261485648128,False,nan,nan,False,False
262,1.31,0.0050065980012732325,0.0012040809997415636,5.480000254465267e-06,0.00035343099989404436,0.0008501490010530688,4.21090007876046e-05,0.0037161069994908758,0.0024639997572255662,0.0011530850420413685,0.49279995144511324,26.832822802401022,0.6918546693796329,False,nan,nan,False,False
263,1.315,0.004987653999705799,0.0014542979988618754,5.140000212122686e-06,0.0013991860014357371,0.0010742779995780438,4.310100121074356e-05,0.003483271000732202,0.0021387607439826155,0.0011772144657113959,0.42775214879652307,21.004837857622633,0.41112833887461586,False,nan,nan,False,False
264,1.32,0.005005847000575159,0.0012333959984971443,4.909001290798187e-06,0.0007875419996707933,0.0008817180005280534,4.468400038604159e-05,0.003701057999933255,0.0020303232554034875,0.001100000000000101,0.4060646510806975,26.83281608875918,0.670499289455959,False,nan,nan,False,False
265,1.325,0.0050061079982697265,0.0014998830010881647,5.559999408433214e-06,0.0018604079996293876,0.0011351320008543553,4.3602000005193986e-05,0.0034232889993290883,0.0013892901583600647,0.0007999999999999119,0.2778580316720129,26.8328170642628,0.4255982067100297,False,nan,nan,False,False
266,1.33,0.004992322001271532,0.0012252599990461022,5.559999408433214e-06,0.0006750720003765309,0.0008705579984962242,4.349200025899336e-05,0.0037038940008642385,0.001346946574888991,0.001100000000000101,0.26938931497779817,23.220406376379092,0.567281519417068,False,nan,nan,False,False
267,1.335,0.004997250998712843,0.0015287070000340464,5.450001481221989e-06,0.0016635689989925595,0.001167192000139039,4.471399915928487e-05,0.003407029000300099,0.0009598199050585268,0.0007999999999999119,0.19196398101170536,26.83282298281102,0.048815996842095574,False,nan,nan,False,False
268,1.34,0.005007781001040712,0.00133748000007472,5.510000846697949e-06,0.0006060329997126246,0.0008672309995745309,4.6425999244092964e-05,0.0035962319998361636,0.0009634541660377405,0.0006999999999999992,0.1926908332075481,26.83281587195409,0.4177780711273688,False,nan,nan,False,False
269,1.345,0.005020114000217291,0.0014025319997017505,7.384000127785839e-06,0.001681604000623338,0.0010375490001024446,4.411200097820256e-05,0.0035061029993812554,0.001354707984466034,0.0010000000000000009,0.2709415968932068,26.832816215818994,0.2130203853552024,False,nan,nan,False,False
270,1.35,0.004986570998880779,0.0014641369998571463,5.650999810313806e-06,0.0004686760003096424,0.0009203909994539572,4.7988998630899005e-05,0.0034575630015751813,0.0019084611683323938,0.001299999999999999,0.3816922336664787,26.83282282040304,0.26184667298464076,False,nan,nan,False,False
271,1.355,0.0049916300013137516,0.0015195209998637438,5.4199990699999034e-06,0.0015090400011104066,0.0011307539989502402,4.5323999074753374e-05,0.0034115469989046687,0.002519764866529286,0.0016000000000000007,0.5039529733058572,26.832966442583256,0.4130353381925167,False,nan,nan,False,False
272,1.36,0.005001460000130464,0.0012973049997526687,5.621001037070528e-06,0.0008569520014134469,0.0009188879994326271,5.166700066183694e-05,0.0036366779986565234,0.003155345430994485,0.001899999999999999,0.631069086198897,26.83305434074105,0.2613480872810858,False,nan,nan,False,False
273,1.365,0.005006097999284975,0.0015318330006266478,5.5199998314492404e-06,0.0019454069988569245,0.0011510019994602771,4.463299956114497e-05,0.0033915599997271784,0.0036909612198258246,0.002,0.738192243965165,24.331333475843504,0.6019564761468639,False,nan,nan,False,False
274,1.37,0.004994756000087364,0.001292926999667543,5.710999175789766e-06,0.0007343130000663223,0.0009273329997085966,4.347100002632942e-05,0.0036328109999885783,0.004101418215119995,0.0020000000000000018,0.8202836430239987,20.988241274986972,0.5459963848454773,False,nan,nan,False,False
275,1.375,0.004996739999114652,0.001483323001593817,5.8010009524878114e-06,0.0017804390008677728,0.0011146530014229938,4.472299951885361e-05,0.003453145000094082,0.004190555730227916,0.0020000000000000018,0.8381111460455833,18.536293452474364,0.8521959541076217,False,nan,nan,False,False
276,1.3800000000000001,0.005006098001103965,0.0013802899993606843,5.560999852605164e-06,0.0005812469989905367,0.0009173449998343131,4.604599962476641e-05,0.0035503369999787537,0.00423991895705166,0.0020000000000000018,0.847983791410332,14.285979939445433,0.6947215616255055,False,nan,nan,False,False
277,1.385,0.005105664000438992,0.0012917139993078308,6.321999535430223e-06,5.0594999265740626e-05,0.0009323819995188387,4.392200025904458e-05,0.0035280949996376876,0.004072117285187878,0.0020000000000000018,0.8144234570375756,16.225981549488342,0.7938155816044281,False,nan,nan,False,False
278,1.3900000000000001,0.004899387999103055,0.0013721150007768301,5.5109994718804955e-06,0.00046762499914621003,0.0009195090005960083,4.563500078802463e-05,0.003553872998963925,0.004108617867990018,0.0020000000000000018,0.8217235735980035,15.724980587362955,0.7754016612293958,False,nan,nan,False,False
279,1.395,0.004998292999516707,0.0015050230013002874,5.259998943074606e-06,0.0015179980000539217,0.0011249929993937258,4.579599954013247e-05,0.003417337999053416,0.003956325668721667,0.0020000000000000018,0.7912651337443333,12.280708267638513,0.7415309062688961,False,nan,nan,False,False
280,1.4000000000000001,0.004993264001313946,0.0013226720002421644,5.649999366141856e-06,0.0008462920013698749,0.0009250090006389655,5.07950007886393e-05,0.003609617999245529,0.003780027978870163,0.0020000000000000018,0.7560055957740326,16.971936913077524,0.8525870164455365,False,nan,nan,False,False
281,1.405,0.005003131998819299,0.0015283470002032118,5.44099930266384e-06,0.0019531310008460423,0.001135012000304414,6.267699973250274e-05,0.0033955170001718216,0.0036448124392791494,0.0020000000000000018,0.72896248785583,16.970878436792134,0.7888066040663292,False,nan,nan,False,False
282,1.41,0.0049965899997914676,0.001329505001194775,5.6609987950650975e-06,0.0007815009994374122,0.0009432030001335079,4.444299884198699e-05,0.003604818999519921,0.003555378655045285,0.0020000000000000018,0.7110757310090571,16.97085665725735,0.8485453661304184,False,nan,nan,False,False
283,1.415,0.00500625800123089,0.0015189899986580713,5.489999239216559e-06,0.0018238590000692056,0.0011237609996896936,4.537499989964999e-05,0.0034045940010400955,0.0035152219645503673,0.0020000000000000018,0.7030443929100735,16.970562951035195,0.827954318322208,False,nan,nan,False,False
284,1.42,0.004994155999156646,0.0013671950000571087,5.289999535307288e-06,0.0006651939984294586,0.0009518189999653259,4.435300070326775e-05,0.0035607360005087685,0.0032334845770710854,0.0020000000000000018,0.6466969154142171,20.822943464372724,0.8434344322649382,False,nan,nan,False,False
285,1.425,0.004998172000341583,0.0014591780000046128,5.108999175718054e-06,0.001687223999397247,0.0011012390004907502,4.433299909578636e-05,0.003480114999547368,0.0027789473268267015,0.0017000000000000348,0.5557894653653402,26.832905050656635,0.8355598675280247,False,nan,nan,False,False
286,1.43,0.00501408300078765,0.001458676999391173,5.870999302715063e-06,0.000539499000296928,0.0009143789993686369,4.796900066139642e-05,0.0034588449998409487,0.003099947219818539,0.0020000000000000018,0.6199894439637078,26.832817922559396,0.7623480475359751,False,nan,nan,False,False
287,1.435,0.0049932940000871895,0.0014932209996914025,7.053000445012003e-06,0.0015644140003132634,0.0010973119988193503,4.5795000914949924e-05,0.0034311239996895893,0.002530334619151244,0.0017000000000000348,0.5060669238302488,26.834535332735733,0.5130227914285644,False,nan,nan,False,False
288,1.44,0.004997160998755135,0.0013441120008792495,5.3199983085505664e-06,0.0009736699994391529,0.0009150500009127427,4.602599983627442e-05,0.0035798319986497518,0.0025995526047050475,0.001715288609034804,0.5199105209410094,24.007808429935487,0.772165570494089,False,nan,nan,False,False
289,1.445,0.004987623000488384,0.0016222630001720972,4.748999344883487e-06,0.0014694069996039616,0.0012372529999993276,4.4193000576342456e-05,0.0033124609999504173,0.002040459822758893,0.0014152886090348371,0.40809196455177865,26.832858364342034,0.43695438579567086,False,nan,nan,False,False
290,1.45,0.005002821999369189,0.0013119619998178678,5.37999949301593e-06,0.0008572619990445673,0.0009151400008704513,5.266900006972719e-05,0.003629955001088092,0.002497952197641191,0.001715288609034804,0.4995904395282382,26.832850254207422,0.5130951076602857,False,nan,nan,False,False
291,1.455,0.005011237000871915,0.001528798000435927,5.441001121653244e-06,0.0014092539986449992,0.0011548889997357037,5.512300049304031e-05,0.0033926509986486053,0.0022622350815877106,0.0014152886090348371,0.4524470163175421,26.832890629450972,0.18671339449926555,False,nan,nan,False,False
292,1.46,0.005007740999644739,0.001325257000644342,1.3945998944109306e-05,0.0008672109997860389,0.0008973770000011427,5.556399992201477e-05,0.00358624399996188,0.002876456343274887,0.001715288609034804,0.5752912686549774,26.83291103740197,0.6746211989685434,False,nan,nan,False,False
293,1.465,0.004980499999874155,0.0014899750003678491,5.339999916031957e-06,0.0019626689991127932,0.0011342099987814436,4.4423999497666955e-05,0.0034432859993103193,0.002869138077170129,0.0015267802228340344,0.5738276154340257,26.83281858470771,0.2885402874727028,False,nan,nan,False,False
294,1.47,0.005001559000447742,0.0012235069989401381,5.650999810313806e-06,0.0008483260007778881,0.0008629630010545952,4.3070998799521476e-05,0.003703533000589232,0.0030149629281642117,0.0018267802228340013,0.6029925856328423,26.836139181706137,0.6150235437928755,False,nan,nan,False,False
295,1.475,0.004993914999431581,0.0014610110010835342,5.230000169831328e-06,0.0019701029996213038,0.0011068790008721408,5.395099833549466e-05,0.0034749259993986925,0.0026708813928206284,0.0016000000000000007,0.5341762785641256,26.835156526904882,0.5991802480666227,False,nan,nan,False,False
296,1.48,0.0050044849995174445,0.0012696030007646186,1.7452999600209296e-05,0.0008645959987916285,0.0008692339997651288,5.198700091568753e-05,0.0036666140003944747,0.0030119037776422646,0.001899999999999999,0.6023807555284529,26.83316794311545,0.585848883100868,False,nan,nan,False,False
297,1.485,0.0050020600010611815,0.0014231699988158653,5.199999577598646e-06,0.0019793100000242703,0.0010712319999583997,4.347200047050137e-05,0.003506876000756165,0.00271205828855104,0.002,0.542411657710208,24.33127968599387,0.36592211350536685,False,nan,nan,False,False
298,1.49,0.0049966099995799595,0.0012233969991939375,5.160000000614673e-06,0.0008548180012439843,0.0008593360016675433,4.3932001062785275e-05,0.0037061380007799016,0.002993862482906512,0.002,0.5987724965813024,24.000029682674377,0.5372447823779285,False,nan,nan,False,False
299,1.495,0.004994144999727723,0.0014419060007639928,5.4299998737405986e-06,0.0019771560000663158,0.0010975219993270002,4.432300011103507e-05,0.003496785999232088,0.002752619504567704,0.002,0.5505239009135409,24.00000103685776,0.5050640718057215,False,nan,nan,False,False
300,1.5,0.005004574999475153,0.0012074270016455557,4.9600002967054024e-06,0.0008529349997843383,0.0008701770002517151,4.2520001443335786e-05,0.0037233499988360563,0.0026288049904222874,0.002,0.5257609980844574,24.00002444217522,0.549720828569839,False,nan,nan,False,False
301,1.5050000000000001,0.004995398001483409,0.00143364999894402,5.048999810242094e-06,0.0019748119993892033,0.0010887650005315663,4.3320998884155415e-05,0.0035070550002274103,0.0026390033805294174,0.002,0.5278006761058834,24.000800927374165,0.576704588684299,False,nan,nan,False,False
302,1.51,0.005007120000300347,0.00120295799933956,4.989000444766134e-06,0.0008514619985362515,0.0008492469987686491,4.1446999603067525e-05,0.00372267899911094,0.0027817320508946824,0.002,0.5563464101789365,24.00002639243491,0.5124381272379882,False,nan,nan,False,False
303,1.5150000000000001,0.0049887549994309666,0.0014513530004478525,4.878998879576102e-06,0.0019710739998117788,0.001092091000828077,4.3260999518679455e-05,0.0034916669992526295,0.0030383757089192352,0.002,0.6076751417838471,24.00005684795783,0.565285809054618,False,nan,nan,False,False
304,1.52,0.005007740999644739,0.0012058339998475276,5.158999556442723e-06,0.0008557300006941659,0.0008526739984517917,4.266900032234844e-05,0.003733277999344864,0.0033831085094955973,0.002,0.6766217018991195,24.00030573203512,0.5067608770372657,False,nan,nan,False,False
305,1.5250000000000001,0.005015574999561068,0.0015789320004842011,6.291998943197541e-06,0.0014373769990925211,0.0012256110003363574,4.3020001612603664e-05,0.003340814000694081,0.0035729802991440237,0.0020000000000000018,0.7145960598288047,18.036651062595453,0.6546741378161965,False,nan,nan,False,False
306,1.53,0.004984908000551513,0.0012173260001873132,5.420999514171854e-06,0.0008501189986418467,0.0008588660002715187,4.347100002632942e-05,0.0037133709993213415,0.0036890456030548124,0.0020000000000000018,0.7378091206109625,16.970578545149177,0.5720364748317419,False,nan,nan,False,False
307,1.5350000000000001,0.004996098999981768,0.0014262360000429908,5.26000076206401e-06,0.001968389000467141,0.0009640320004109526,4.369199996290263e-05,0.003525670999806607,0.0038486264842105015,0.0020000000000000018,0.7697252968421003,16.970591042422207,0.7397197910804115,False,nan,nan,False,False
308,1.54,0.005020856000555796,0.0012593239989655558,5.650001185131259e-06,0.0008687939989613369,0.0008671510004205629,4.765899939229712e-05,0.0036757910002052085,0.004046577944989239,0.0020000000000000018,0.8093155889978477,16.9706273149733,0.6611042294360252,False,nan,nan,False,False
309,1.545,0.005004083999665454,0.0014433779997489182,5.559999408433214e-06,0.0020002790006401483,0.0010003600000345614,4.3000000005122274e-05,0.0034801050005626166,0.004262672461348709,0.0020000000000000018,0.8525344922697417,16.102730538926124,0.7720877230085664,False,nan,nan,False,False
310,1.55,0.004990338000425254,0.0012260819985385751,5.290001354296692e-06,0.0008273260009445949,0.0008639450006739935,4.321999949752353e-05,0.0036957380016247043,0.003976720807401236,0.0020000000000000018,0.7953441614802471,24.000000005887937,0.8435715869664673,False,nan,nan,False,False
311,1.555,0.004987171998436679,0.0014807180014031474,4.779001756105572e-06,0.0019588109989854274,0.0011270769991824636,4.404299943416845e-05,0.003455699999904027,0.003725587202981166,0.0020000000000000018,0.7451174405962332,22.677893062512055,0.9099102324232774,False,nan,nan,False,False
312,1.56,0.005002601001251605,0.001271917999474681,5.119998604641296e-06,0.0008328460007760441,0.0008976280005299486,4.324100154917687e-05,0.0036748290003743023,0.003261797914488524,0.0019686493742918643,0.6523595828977047,22.760428737643892,0.7943717750805893,False,nan,nan,False,False
313,1.565,0.0050131009993492626,0.0014915780011506286,5.010000677430071e-06,0.001969031000044197,0.0011254539986111922,4.4303000322543085e-05,0.0034300719999009743,0.0030946295573264786,0.0019709005797812207,0.6189259114652956,16.99493937483876,0.6895588188699593,False,nan,nan,False,False
314,1.57,0.004988996000975021,0.0012712759998976253,5.510000846697949e-06,0.0008424749994446756,0.0008917269988160115,4.523499956121668e-05,0.0036664639992523007,0.0024802399997946732,0.0016709005797812537,0.4960479999589346,26.83281862159786,0.7675219955454294,False,nan,nan,False,False
315,1.575,0.005003632999432739,0.0014580160004697973,5.108999175718054e-06,0.001982465999390115,0.001102680998883443,4.323100074543618e-05,0.003472089998467709,0.0019684381765504425,0.0013709005797812868,0.3936876353100885,21.757050699307193,0.6502742394290784,False,nan,nan,False,False
316,1.58,0.0049959089992626105,0.0012664870009757578,5.270001565804705e-06,0.000841392999063828,0.0008923690002120566,4.25000016548438e-05,0.003669329000331345,0.001576510498843361,0.0011087805052281338,0.31530209976867224,24.23184051783555,0.5156051148069514,False,nan,nan,False,False
317,1.585,0.005000207000193768,0.0015551369997410802,5.059999239165336e-06,0.0019740299994737143,0.0011560910006664926,6.114400093792938e-05,0.0033825530008471105,0.0015467777431878934,0.0010757968093598538,0.3093555486375787,24.03623679244176,0.3193510975038972,False,nan,nan,False,False
318,1.59,0.0050142430009145755,0.0013633979997393908,5.83099972573109e-06,0.0008516220004821662,0.0009530309998808661,4.9392001528758556e-05,0.003555586999937077,0.0009658007761314828,0.0007757968093598556,0.19316015522629656,26.83281613039729,0.39058127414247984,False,nan,nan,False,False
319,1.595,0.004985358998965239,0.0014936719999241177,5.149000571691431e-06,0.0019697129991982365,0.001130452999859699,4.35009987995727e-05,0.003442455001277267,0.0009106047162822298,0.0006200024148708128,0.18212094325644598,26.83281573081938,0.6012348736761878,False,nan,nan,False,False
320,1.6,0.005003903001124854,0.0012903119986731326,5.37999949301593e-06,0.0008474139995087171,0.0009012850005092332,4.859100044996012e-05,0.0036475280012382427,0.0003743995059098171,0.0003200024148708458,0.07487990118196343,24.84447507736962,0.29349722283859075,False,nan,nan,False,False
321,1.605,0.005005637000067509,0.0014904959989507915,4.769000952364877e-06,0.0019877159993484383,0.0011243209992244374,4.2629000745364465e-05,0.003435481999986223,0.0008401826418319645,0.0006200024148708128,0.1680365283663929,22.278517195050263,0.40222416594765736,False,nan,nan,False,False
322,1.61,0.004995247998522245,0.001267779000045266,5.169000360183418e-06,0.0008475049999105977,0.0009072560005733976,4.525400072452612e-05,0.00366817700160027,0.0013135631849694755,0.0009200024148707797,0.26271263699389513,26.83282082463351,0.28101629926433835,False,nan,nan,False,False
323,1.615,0.005002180001611123,0.0014394499994523358,5.068999598734081e-06,0.0019840989989461377,0.001077184000678244,4.378199992061127e-05,0.003487288999167504,0.001046944745487997,0.000679977859121772,0.20938894909759942,26.832816051445008,0.5635106155526571,False,nan,nan,False,False
324,1.62,0.004994305998479831,0.0013220110013207886,5.480000254465267e-06,0.000846993001687224,0.0009330340017186245,5.620500087388791e-05,0.003616258998590638,0.0016273310743581003,0.000979977859121739,0.3254662148716201,24.241661277047758,0.20572944625086484,False,nan,nan,False,False
325,1.625,0.0050056870004482334,0.0016315190005116165,5.009000233258121e-06,0.001973317999727442,0.0012400680006976472,4.30309992225375e-05,0.0032923950002441416,0.0015066903379464729,0.0010202071622413822,0.30133806758929454,24.053921567331745,0.3066887778159035,False,nan,nan,False,False
326,1.6300000000000001,0.004991891000827309,0.0012557469999592286,5.190000592847355e-06,0.0008392190011363709,0.0009037899999384535,4.190900108369533e-05,0.003680128998894361,0.0021083192077171295,0.0013202071622413492,0.4216638415434259,26.83283521024461,0.17366294999215262,False,nan,nan,False,False
327,1.635,0.00500113799898827,0.0014835330002824776,4.888999683316797e-06,0.00196815899835201,0.0011268460002611391,4.37319995398866e-05,0.0034490969992475584,0.0022866081547076385,0.0016202071622413161,0.45732163094152767,26.832817081520066,0.3252096549847895,False,nan,nan,False,False
328,1.6400000000000001,0.004998774000341655,0.0012549160001071868,5.26000076206401e-06,0.0008432260001427494,0.0008922080014599487,4.257999898982234e-05,0.0036791069996979786,0.0022635709934016894,0.0017451776229435619,0.4527141986803379,25.882160352181145,0.48758309318383364,False,nan,nan,False,False
329,1.645,0.004999245000362862,0.0014841439988231286,4.849000106332824e-06,0.0019701530000020284,0.001123019001170178,4.258999979356304e-05,0.0034518230004323414,0.0026831377052275473,0.0020000000000000018,0.5366275410455095,26.074870861104454,0.5815098348934695,False,nan,nan,False,False
330,1.6500000000000001,0.005005306000384735,0.0012879779987997608,5.4299998737405986e-06,0.0008436469997832319,0.000902838000911288,4.935200013278518e-05,0.0036506240012386115,0.002372542635603605,0.0017000000000000001,0.47450852712072106,26.83292072284976,0.4735985578817524,False,nan,nan,False,False
331,1.655,0.005010686998502933,0.0015499569999519736,5.490001058205962e-06,0.0014276879992394242,0.0011712190007528989,4.641599844035227e-05,0.003397881000637426,0.002210545401574702,0.0013999999999999985,0.44210908031494034,26.832827589713816,0.6940356672729467,False,nan,nan,False,False
332,1.6600000000000001,0.005020915001296089,0.0012670489995798562,5.91100069868844e-06,0.0008025099996302743,0.0008837220011628233,4.378199992061127e-05,0.0036310970008344157,0.0028315419324261644,0.0017000000000000001,0.5663083864852329,26.832819969684902,0.4797262577550238,False,nan,nan,False,False
333,1.665,0.004968236999047804,0.0014478060002147686,5.690999387297779e-06,0.0018195419997937279,0.0010832349998963764,6.115500036685262e-05,0.003485626000838238,0.002890534952667237,0.001770710161161905,0.5781069905334473,26.83309045848375,0.4558104131297752,False,nan,nan,False,False
334,1.67,0.0050074400005541975,0.0013098489998810692,5.600000804406591e-06,0.0006656940004177159,0.0008804760000202805,4.47429993073456e-05,0.0036159589999442687,0.0030503928755238998,0.0020000000000000018,0.6100785751047799,25.692894046424552,0.607612219688405,False,nan,nan,False,False
335,1.675,0.005007120000300347,0.001395228000546922,7.224000000860542e-06,0.0017162270014523529,0.0010451240013935603,4.296100087231025e-05,0.003527032999045332,0.0035161894794116366,0.0020000000000000018,0.7032378958823273,24.000027173630876,0.6428552466259784,False,nan,nan,False,False
336,1.68,0.004990888999600429,0.0012773180005751783,5.390000296756625e-06,0.000539668000783422,0.0008635049998702016,4.390199865156319e-05,0.0036502829989331076,0.00358361913535603,0.0020000000000000018,0.716723827071206,22.57083689100191,0.46563881988055617,False,nan,nan,False,False
337,1.685,0.005003934000342269,0.0014225089998944895,6.321999535430223e-06,0.0015916649990685983,0.0010515760004636832,4.234999869368039e-05,0.003509529999064398,0.003587263135751405,0.0020000000000000018,0.717452627150281,19.906856730320605,0.779994468899397,False,nan,nan,False,False
338,1.69,0.005025002999900607,0.0012674589997914154,6.101998224039562e-06,0.0009938870007317746,0.0008630739994259784,6.921900057932362e-05,0.0036308069993538084,0.0037168857174346586,0.0020000000000000018,0.7433771434869318,16.97056624488334,0.6689152154700797,False,nan,nan,False,False
339,1.695,0.004970961999788415,0.0014334299994516186,5.149999196873978e-06,0.0019958209995820653,0.0010778150008263765,4.2379000660730526e-05,0.0034913660001620883,0.0035872756304697532,0.0020000000000000018,0.7174551260939507,16.97495971145559,0.6492251630232105,False,nan,nan,False,False
340,1.7,0.004995969000447076,0.0012313819988776231,5.089999831398018e-06,0.0007999959998414852,0.0008735130013519665,4.33509994763881e-05,0.00369639900054608,0.003552005381097566,0.0020000000000000018,0.7104010762195132,12.082128580481406,0.6143828162261975,False,nan,nan,False,False
341,1.705,0.004997963000278105,0.0014456419994530734,5.228999725659378e-06,0.0018661880003492115,0.0010909789998549968,4.4372998672770336e-05,0.003486506999252015,0.003527691938724745,0.0020000000000000018,0.7055383877449489,16.970570697189352,0.6935341483154978,False,nan,nan,False,False
342,1.71,0.0050001959989458555,0.0012570899998536333,5.449999662232585e-06,0.0006923740002093837,0.000891515999683179,4.2439000026206486e-05,0.003670871999929659,0.0035520027754207774,0.0020000000000000018,0.7104005550841554,16.97058566217226,0.791313374513629,False,nan,nan,False,False
343,1.715,0.004995538000002853,0.0014111079999565845,5.280000550555997e-06,0.001779958000042825,0.0010569250007392839,5.252800110611133e-05,0.0035223940012656385,0.00349728846070417,0.0020000000000000018,0.699457692140834,16.97057243690455,0.7400968505790495,False,nan,nan,False,False
344,1.72,0.0050038540011883015,0.0013013819989282638,5.280000550555997e-06,0.0005883200010430301,0.0008671099985804176,4.567600080918055e-05,0.0036395540009834804,0.0035519997071561424,0.0020000000000000018,0.7103999414312285,16.97061958570178,0.8191841163485015,False,nan,nan,False,False
345,1.725,0.005036022999775014,0.001443217999621993,7.654998626094311e-06,0.0016835370006447192,0.0010738269993453287,4.478399932850152e-05,0.0034528639989730436,0.003497285577371746,0.0020000000000000018,0.6994571154743492,16.97057163465464,0.818121451036946,False,nan,nan,False,False
346,1.73,0.004970832000253722,0.0012405489997036057,5.521000275621191e-06,0.00045729499834124,0.0008579530003771652,5.5653999879723415e-05,0.003683154998725513,0.0035519963125412095,0.0020000000000000018,0.7103992625082419,16.97074202050401,0.8433353964274249,False,nan,nan,False,False
347,1.735,0.004993474000002607,0.0014735349996044533,5.100000635138713e-06,0.00150824000047578,0.0011106160000053933,4.509399877861142e-05,0.0034614300002431264,0.0033482665694394005,0.0019630747860190922,0.6696533138878801,18.710663548551665,0.8321831374274856,False,nan,nan,False,False
348,1.74,0.005003923999538529,0.00121518199921411,5.059999239165336e-06,0.0008700269991095411,0.0008689950009284075,4.381200051284395e-05,0.0037198530008026864,0.0029026559457516923,0.0016630747860191253,0.5805311891503385,26.834016249044954,0.8592183672414102,False,nan,nan,False,False
349,1.745,0.005004844999348279,0.0014387999999598833,5.530999260372482e-06,0.0019574990001274273,0.0010800890013342723,4.511400038609281e-05,0.0034880000002885936,0.0023711012138987386,0.0013630747860189363,0.4742202427797477,26.8328165965745,0.6631870882584557,False,nan,nan,False,False
350,1.75,0.004995899000277859,0.0012606269992829766,5.550000423681922e-06,0.0007583580008940771,0.0009052330005943077,4.324099973018747e-05,0.003664960000605788,0.002186220171061287,0.0016619139390620374,0.4372440342122573,26.83283537666455,0.6605183983434809,False,nan,nan,False,False
351,1.7550000000000001,0.005004914999517496,0.0014011900002515176,5.590000000665896e-06,0.0018268240000907099,0.0010550120005063945,4.4633001380134374e-05,0.0035287760001665447,0.0022542756476917527,0.0014909087840379656,0.4508551295383505,22.07781340436539,0.3482760254303889,False,nan,nan,False,False
352,1.76,0.005000037001082092,0.0013513359990611207,5.791000148747116e-06,0.0006615760012209648,0.0009032279995153658,4.5344000682234764e-05,0.0035696630002348684,0.0018394046849904099,0.0011909087840379674,0.36788093699808194,26.832866026201092,0.526466802459418,False,nan,nan,False,False
353,1.7650000000000001,0.004991509998944821,0.001411017999998876,5.359999704523943e-06,0.0017032640007528244,0.0010622359986882657,4.565500057651661e-05,0.0036299450002843514,0.002071818535393261,0.0013630747860189363,0.4143637070786522,24.197438145033587,0.6848308555331292,False,nan,nan,False,False
354,1.77,0.0053118899995752145,0.0014640160006820224,1.809399873309303e-05,0.0006033879999449709,0.001043150001351023,4.647700006898958e-05,0.003155428999889409,0.001951362085769478,0.0010630747860189693,0.3902724171538956,26.832818212453557,0.21549145135078124,False,nan,nan,False,False
355,1.7750000000000001,0.004687662001742865,0.0014425569988816278,5.591000444837846e-06,0.0014979399984440533,0.0010774450001918012,4.452299981494434e-05,0.0034910150006908225,0.002491580982251696,0.0013630747860189363,0.49831619645033914,26.83281644859107,0.5375868997680169,False,nan,nan,False,False
356,1.78,0.005004664999432862,0.001233405999300885,5.31899968336802e-06,0.0008616109989816323,0.0008800449995760573,4.7427998651983216e-05,0.0036966799998481292,0.002608324703748844,0.001635154219036471,0.5216649407497688,26.832817607673274,0.3015426099586405,False,nan,nan,False,False
357,1.7850000000000001,0.005000516999643878,0.0014653599992016098,5.4299998737405986e-06,0.001959834000444971,0.0011054470014641993,4.476300091482699e-05,0.003464616000201204,0.002880753229373852,0.001935154219036471,0.5761506458747705,26.83285627689873,0.615352186296483,False,nan,nan,False,False
358,1.79,0.004998995000278228,0.0012401579988363665,5.710999175789766e-06,0.0007866500000091037,0.0008892719997675158,4.4333000914775766e-05,0.003688465001687291,0.0029598642386128074,0.0020000000000000018,0.5919728477225614,21.17686553947671,0.45484425252177885,False,nan,nan,False,False
359,1.795,0.00499982600013027,0.0014100560001679696,5.720999979530461e-06,0.0018089909990521846,0.0010636990009516012,4.3510999603313394e-05,0.0035240369998064125,0.0030334579107187593,0.0020000000000000018,0.6066915821437519,20.784690823436442,0.6370368604969332,False,nan,nan,False,False
360,1.8,0.005004794998967554,0.0014103869998507435,5.6009994295891374e-06,0.0006672170002275379,0.0008941109990701079,4.67569989268668e-05,0.003513397001370322,0.0031910718350890424,0.0020000000000000018,0.6382143670178084,20.78465419026698,0.5638767833371066,False,nan,nan,False,False
361,1.805,0.004990339000869426,0.0014223679991118843,5.360001523513347e-06,0.0017027230005624006,0.0010709409998526098,4.45139994553756e-05,0.0035156320009264164,0.003421112629553409,0.0020000000000000018,0.6842225259106818,20.784729243515738,0.6061627544277203,False,nan,nan,False,False
362,1.81,0.005006417999538826,0.0013616750002256595,5.2699997468153015e-06,0.0005379660015023546,0.0008630429983895738,4.564600021694787e-05,0.003561358000297332,0.0037101328583908455,0.0020000000000000018,0.742026571678169,20.784893086439652,0.6349534905664113,False,nan,nan,False,False
363,1.815,0.0049925319999601925,0.0015241290002450114,5.730998964281753e-06,0.003735283000423806,0.0011318750002828892,7.699399975535925e-05,0.0034132510008930694,0.003918235609919856,0.0020000000000000018,0.7836471219839714,17.144688985209545,0.697089576916444,False,nan,nan,False,False
364,1.82,0.005009604999941075,0.0010027440002886578,5.83099972573109e-06,0.0009756029994605342,0.0006962709994695615,4.779899973073043e-05,0.0039211000002978835,0.004130397177707028,0.0020000000000000018,0.8260794355414055,16.97063073661022,0.5944446821689956,False,nan,nan,False,False
365,1.825,0.004995266999685555,0.001487010000346345,5.620999218081124e-06,0.001478944999689702,0.0011077700000896584,4.8911000703810714e-05,0.003445559999818215,0.004321981529665899,0.0020000000000000018,0.8643963059331797,14.223719491500987,0.8576925647204772,False,nan,nan,False,False
366,1.83,0.005004114000257687,0.0012714069998764899,5.359999704523943e-06,0.000831936000395217,0.0008839729998726398,5.4973001169855706e-05,0.00365453100130253,0.004444286165538719,0.0020000000000000018,0.8888572331077436,12.00000019787473,0.7088687913794877,False,nan,nan,False,False
367,1.835,0.0049978120005107485,0.0013793590005661827,5.920999683439732e-06,0.0018735619996732567,0.0010158889999729581,4.8770998546388e-05,0.0035499559999152552,0.004346262772885793,0.0020000000000000018,0.8692525545771583,12.262401050207574,0.815391195771041,False,nan,nan,False,False
368,1.84,0.004998454000087804,0.0013211789992055856,5.380001312005334e-06,0.0007115900007192977,0.0009145790008915355,4.4963999243918806e-05,0.003607694001402706,0.004472135955482597,0.0020000000000000018,0.8944271910965192,12.000003709568604,0.8607369742222493,False,nan,nan,False,False
369,1.845,0.0049984229990513995,0.0014363450009113876,5.26000076206401e-06,0.0017895960008900147,0.000975343000391149,4.398300006869249e-05,0.0034967259998666123,0.004346262789444719,0.0020000000000000018,0.8692525578889437,12.00002019636824,0.9341472609132135,False,nan,nan,False,False
370,1.85,0.005002571000659373,0.001473354999689036,5.791000148747116e-06,0.0005640240015054587,0.0009205009992001578,4.540499867289327e-05,0.003460428000835236,0.00410487535815215,0.0020000000000000018,0.8209750716304299,16.970594557802137,0.9301952222977693,False,nan,nan,False,False
371,1.855,0.00510042399946542,0.0012808150004275376,6.62200000078883e-06,4.882199937128462e-05,0.0009123360014200443,4.4161999539937824e-05,0.0035498249999363907,0.004330699546502304,0.0020000000000000018,0.8661399093004607,15.874499987624517,0.8669794190972494,False,nan,nan,False,False
372,1.86,0.0049111810003523715,0.0014398109997273423,5.449999662232585e-06,0.001053619000231265,0.0009112329989875434,4.783000076713506e-05,0.0034771299997373717,0.004454306013987395,0.0020000000000000018,0.890861202797479,12.00001988737841,0.8465473880088515,False,nan,nan,False,False
373,1.865,0.004985277999367099,0.0014852270014671376,5.309999323799275e-06,0.0015364920000138227,0.0011039639994123718,4.362099934951402e-05,0.003449517998888041,0.003927462125211715,0.002,0.785492425042343,24.000014750747127,0.9191125104609176,False,nan,nan,False,False
374,1.87,0.005004726001061499,0.0012885479991382454,5.570000212173909e-06,0.0008859450008458225,0.0009070460000657476,5.049500032328069e-05,0.0036584590015991125,0.004224816471417391,0.0020000000000000018,0.8449632942834783,24.00000696868958,0.9771140275068435,False,nan,nan,False,False
375,1.875,0.005015806000301382,0.0014212759997462854,5.259998943074606e-06,0.0019866539987560827,0.0010490009990462568,4.4903999878442846e-05,0.0034915870000986615,0.0043306995064563755,0.0020000000000000018,0.866139901291275,12.000000037334603,0.7071352602680492,False,nan,nan,False,False
376,1.8800000000000001,0.00498507799966319,0.001222916000187979,5.4700012697139755e-06,0.0007886640014476143,0.0008759970005485229,4.402200102049392e-05,0.003701528999954462,0.003661840408102436,0.0017000000000000348,0.7323680816204873,26.83282840592974,1.0051204580454676,False,nan,nan,False,False
377,1.885,0.004994556000383454,0.0014084729991736822,5.7010001910384744e-06,0.0018162449996452779,0.001050132999807829,4.458399962459225e-05,0.003528896000716486,0.0038837083112531535,0.0020000000000000018,0.7767416622506307,26.832828828987488,0.8961107311316319,False,nan,nan,False,False
378,1.8900000000000001,0.005007870999179431,0.0013087570005154703,5.470999894896522e-06,0.0006827859997429186,0.0008730119989195373,4.348099901108071e-05,0.003611169999203412,0.004091341374970559,0.0020000000000000018,0.8182682749941118,16.97056277762127,0.6072201053494982,False,nan,nan,False,False
379,1.895,0.004985800000213203,0.001383085000270512,5.149999196873978e-06,0.001707932000499568,0.0010282729999744333,4.3391000872361474e-05,0.0035589830004028045,0.0034282926148693693,0.0017000000000000348,0.6856585229738739,26.832815738381722,0.9121991885377487,False,nan,nan,False,False
380,1.9000000000000001,0.0050107860006392,0.0012741020000248682,5.46000046597328e-06,0.000550920000023325,0.0008536460009054281,4.6708000809303485e-05,0.003650934999313904,0.0035533838185778837,0.0020000000000000018,0.7106767637155768,24.71041175840371,0.9038110834674312,False,nan,nan,False,False
381,1.905,0.005002431000320939,0.0014201949998096097,6.4520008891122416e-06,0.0015954620012053056,0.0010435910007799976,4.310000076657161e-05,0.0035045509994233726,0.002907303605729331,0.0017000000000000348,0.581460721145866,26.832815732068575,0.4266508900933087,False,nan,nan,False,False
382,1.9100000000000001,0.0049924219983950024,0.001235580000866321,6.0109996411483735e-06,0.0008840619993861765,0.0008675720000610454,5.021399920224212e-05,0.003704394999658689,0.0028821063319424394,0.0020000000000000018,0.5764212663884879,26.83281878583278,0.5797838180536008,False,nan,nan,False,False
383,1.915,0.005010587001379463,0.0014749570000276435,5.420000888989307e-06,0.0014499299995804904,0.0009867740009212866,4.543499926512595e-05,0.0034503599999879953,0.0022830712074845055,0.0017000000000000001,0.4566142414969011,26.83282386986831,0.7402645528069906,False,nan,nan,False,False
384,1.92,0.004995757999495254,0.0012198799995530862,5.4799984354758635e-06,0.000820803999886266,0.0008733919985388638,4.448300023796037e-05,0.003702871999848867,0.0017373236229738184,0.0013999999999999985,0.3474647245947637,26.832877650732733,0.6457796816032328,False,nan,nan,False,False
385,1.925,0.004993954999008565,0.0014305940003396245,5.599998985417187e-06,0.0018622309999045683,0.001065992000803817,4.5124999815016054e-05,0.0034989310006494634,0.0013130768901480614,0.0010999999999999968,0.26261537802961227,26.832993539304116,0.32153922284794173,False,nan,nan,False,False
386,1.93,0.004997993000870338,0.0012428530008037342,5.149999196873978e-06,0.0007100479997461662,0.0008961749990703538,4.346100104157813e-05,0.0036860199998045573,0.0011532772055675902,0.0007999999999999952,0.23065544111351802,26.832965741929474,0.5186461168060605,False,nan,nan,False,False
387,1.935,0.0049993550001090625,0.0014014389998919796,5.89099909120705e-06,0.0012303599996812409,0.0010394330001872731,4.442300087248441e-05,0.003526873000737396,0.0013549630645717386,0.0009999999999999992,0.27099261291434773,26.832845888399063,0.17983128162008816,False,nan,nan,False,False
388,1.94,0.004990849000023445,0.0013272010000946466,5.390000296756625e-06,0.000577058999624569,0.0008493380009895191,4.330099909566343e-05,0.003613644999859389,0.001800500977090371,0.001299999999999999,0.36010019541807414,26.8328535511166,0.35315960772902594,False,nan,nan,False,False
389,1.945,0.004999045000658953,0.0013024439995206194,6.411999493138865e-06,0.0016438029997516423,0.0009455869985686149,4.227899989928119e-05,0.0036331720002635848,0.0023553514300241754,0.0016000000000000007,0.471070286004835,26.832867014942764,0.38828777449561624,False,nan,nan,False,False
390,1.95,0.004999334998501581,0.0011990210005023982,4.659001206164248e-06,0.00046984800064819865,0.00084002000039618,4.468299994186964e-05,0.003738538000106928,0.002958641559682364,0.001899999999999999,0.5917283119364728,26.83289218845172,0.3317477803015398,False,nan,nan,False,False
391,1.955,0.004997892001483706,0.001398624999637832,4.66900019091554e-06,0.0015152730011323001,0.0009242779997293837,4.3141000787727535e-05,0.00354096899900469,0.0034669058486138373,0.002,0.6933811697227675,24.331065878142226,0.46039004579667286,False,nan,nan,False,False
392,1.96,0.004997521999030141,0.001225721000082558,5.038999006501399e-06,0.000877290000062203,0.0008617309995315736,4.3260999518679455e-05,0.003723649999301415,0.003843867050883961,0.0020000000000000018,0.7687734101767922,21.166082774211908,0.4579644180529147,False,nan,nan,False,False
393,1.965,0.00502302899985807,0.0014609509998990688,5.650999810313806e-06,0.0018849629996111616,0.001099305000025197,4.4823998905485496e-05,0.0034651969999686116,0.004159327048160986,0.0020000000000000018,0.831865409632197,18.88064078555667,0.7677044806415463,False,nan,nan,False,False
394,1.97,0.004995377999875927,0.0012569999998959247,5.410000085248612e-06,0.000798020999354776,0.0008896729996195063,5.2086999858147465e-05,0.003669970001283218,0.004042276742005118,0.0020000000000000018,0.8084553484010235,21.16621817977961,0.6329316766515263,False,nan,nan,False,False
395,1.975,0.004998673999580205,0.0014098150004429044,5.8610003179637715e-06,0.0018623210016812664,0.0010608829998091096,4.533399987849407e-05,0.0035234560000390047,0.004428317972777001,0.0020000000000000018,0.8856635945554001,20.78463823923081,0.885060414295515,False,nan,nan,False,False
396,1.98,0.005004094000469195,0.001377475000481354,5.9610010794131085e-06,0.0006617170001845807,0.0008706479984539328,4.457300019566901e-05,0.0035560569995141122,0.004472136595602426,0.0020000000000000018,0.894427319120485,4.001409016045264,0.7926094196209417,False,nan,nan,False,False
397,1.985,0.005084885000542272,0.00124351399972511,1.6580999727011658e-05,4.7417999667231925e-05,0.0008604089998698328,4.37319995398866e-05,0.003599437999582733,0.004082891132723499,0.0020000000000000018,0.8165782265446998,20.784822756879855,1.0002830970999321,False,nan,nan,False,False
398,1.99,0.00492092800050159,0.0012366419996396871,5.730998964281753e-06,0.0010190449993388029,0.0008587949996581301,5.244800013315398e-05,0.003680539999550092,0.004248602976759379,0.0020000000000000018,0.8497205953518757,20.072805478968,0.8409776009017702,False,nan,nan,False,False
399,1.995,0.004984997998690233,0.0014411540014407365,5.169000360183418e-06,0.00151238599937642,0.001082642998881056,4.3341000491636805e-05,0.003494642998703057,0.0043588792816148456,0.0020000000000000018,0.8717758563229692,12.000082773445182,0.6464243372560815,False,nan,nan,False,False
400,2.0,0.005006479001167463,0.0012750030000461265,5.4199990699999034e-06,0.0008732419992156792,0.0008789729999989504,5.7016999562620185e-05,0.0036569459989550523,0.003978772114387703,0.0020000000000000018,0.7957544228775406,20.784612414849093,0.9373795096161889,False,nan,nan,False,False
401,2.005,0.005003692998798215,0.0014442400006373646,5.440000677481294e-06,0.0019728980005311314,0.0010857799989025807,4.3281001126160845e-05,0.0034811370005627396,0.00435887919724647,0.0020000000000000018,0.871775839449294,20.784623228759063,0.9406949540613898,False,nan,nan,False,False
402,2.0100000000000002,0.004995077000785386,0.001252582000233815,5.631000021821819e-06,0.000788332999945851,0.0008819690010568593,4.431200068211183e-05,0.0036773339998035226,0.0039787725916753565,0.0020000000000000018,0.7957545183350714,20.784769115395505,0.7924827927879738,False,nan,nan,False,False
403,2.015,0.004999405000489787,0.001399345999743673,5.85100133321248e-06,0.0018353909999859752,0.0010492110013728961,4.282999907445628e-05,0.0035354689989617327,0.004358882094690933,0.0020000000000000018,0.8717764189381866,20.786529454666972,0.9559112673068454,False,nan,nan,False,False
404,2.02,0.005004234999432811,0.0013196670006436761,5.6799999583745375e-06,0.0006819250011176337,0.0008901739984139567,4.491400068218354e-05,0.0036105789986322634,0.0038367675968603255,0.0020000000000000018,0.7673535193720652,24.010336867795917,0.8996131412003419,False,nan,nan,False,False
405,2.025,0.004997341000489541,0.001358128998617758,5.520998456631787e-06,0.0017143250006483868,0.000968170001215185,4.3009998989873566e-05,0.0035872460011887597,0.004118586963183412,0.0020000000000000018,0.8237173926366823,24.147938071769957,0.8230936171991499,False,nan,nan,False,False
406,2.0300000000000002,0.005018160998588428,0.0013665440001204843,5.4299998737405986e-06,0.0005573319995164638,0.0008743239995965268,4.693800110544544e-05,0.0035454980006761616,0.003454196795455207,0.0017000000000000348,0.6908393590910414,26.851458476194654,0.7155798079472919,False,nan,nan,False,False
407,2.035,0.004980339001122047,0.0014358640000864398,7.063999873935245e-06,0.001578651001182152,0.0010554820000834297,4.550499943434261e-05,0.003498840000247583,0.0031371197953415403,0.0020000000000000018,0.6274239590683081,26.87772146317584,0.9383482266490022,False,nan,nan,False,False
408,2.04,0.005004164000638411,0.001254985998457414,5.511001290869899e-06,0.0009728490003908519,0.0008740939993003849,5.9079999118694104e-05,0.0036912400009896373,0.002500669804009371,0.0017000000000000001,0.5001339608018741,26.888451105220714,0.6991270255307871,False,nan,nan,False,False
409,2.045,0.005017128998588305,0.0014530759999615839,5.43999885849189e-06,0.0020309560004534433,0.0010923819991148775,4.35010006185621e-05,0.003457994000200415,0.0018877234937973372,0.0013999999999999985,0.37754469875946745,26.83691790669745,0.6396922592246906,False,nan,nan,False,False
410,2.05,0.0049813410005299374,0.0012248290004208684,5.38099993718788e-06,0.0008263949985121144,0.0008773800000199117,4.3512000047485344e-05,0.0037199839989625616,0.0013318538410592308,0.0010999999999999968,0.26637076821184613,26.843135025315203,0.546950001058221,False,nan,nan,False,False
411,2.055,0.005017438999857404,0.0014402920005522901,5.821000740979798e-06,0.0018900630002463004,0.0010807399994519074,4.338200051279273e-05,0.003491486999337212,0.0009406974024777215,0.0007999999999999986,0.18813948049554433,26.84491495742235,0.24455305885009146,False,nan,nan,False,False
412,2.06,0.0050021999995806254,0.0013266100013424875,5.730000339099206e-06,0.0007401539987768047,0.000921292001294205,4.460299896891229e-05,0.00358484099888301,0.000946290809529297,0.0006999999999999229,0.18925816190585942,26.83603843685049,0.34691876686746514,False,nan,nan,False,False
413,2.065,0.004962926999724004,0.0011762590002035722,4.237999746692367e-06,0.0017703989997244207,0.0008210050000343472,4.397200063976925e-05,0.003771139001401025,0.0013439876835795361,0.0009999999999998899,0.26879753671590717,26.84000703935666,0.20495641232895445,False,nan,nan,False,False
414,2.07,0.005018010000640061,0.0013929340002505342,5.760000931331888e-06,0.0006000619996484602,0.0008927889994083671,4.4232998334337026e-05,0.0035344269999768585,0.0019019673445249752,0.0013000000000000789,0.38039346890499504,26.860291291810125,0.17912594432868192,False,nan,nan,False,False
415,2.075,0.0050106069993489655,0.0013724750006076647,7.3239989433204755e-06,0.0016272009997919668,0.0009786299997358583,4.423300015332643e-05,0.0035457280009723036,0.002515646345779057,0.0016000000000000458,0.5031292691558114,26.898593122676548,0.41517476577025564,False,nan,nan,False,False
416,2.08,0.004988855000192416,0.001342450001175166,5.330000931280665e-06,0.0009737799991853535,0.0009163930008071475,4.704799903265666e-05,0.0035870149986294564,0.0031541507643191974,0.0019000000000000128,0.6308301528638394,27.300807167479967,0.27219542149016396,False,nan,nan,False,False
417,2.085,0.004997231000743341,0.0015004149991000304,4.940000508213416e-06,0.0019999389987788163,0.0011210060001758393,4.432199966686312e-05,0.0034335380005359184,0.003689793498425091,0.0020000000000000018,0.737958699685018,24.357602958286137,0.6136791225385583,False,nan,nan,False,False
418,2.09,0.00500524599920027,0.0012855029999627732,5.649999366141856e-06,0.0008177279996743891,0.0009222940007020952,4.398199962452054e-05,0.003640957000243361,0.004112247257378836,0.0020000000000000018,0.8224494514757674,21.5297669193155,0.4828156168939201,False,nan,nan,False,False
419,2.095,0.004997162001018296,0.0015292480002244702,5.210000381339341e-06,0.001861690001533134,0.0011553999993338948,4.37319995398866e-05,0.003400806999707129,0.004310093551773544,0.0020000000000000018,0.8620187103547088,14.627823879530295,0.7860679405789323,False,nan,nan,False,False
420,2.1,0.004999845999918762,0.0014592970001103822,5.3299991122912616e-06,0.0007096770004864084,0.0009807930000533815,4.780999915965367e-05,0.003475777999483398,0.004431578905924363,0.0020000000000000018,0.8863157811848725,16.97056274847719,0.7335784556138103,False,nan,nan,False,False
421,2.105,0.005014051999751246,0.0014658000000054017,5.270001565804705e-06,0.001786209000783856,0.0011051460005546687,4.431300112628378e-05,0.00345854499937559,0.004179342822147984,0.0020000000000000018,0.835868564429597,20.784609690826567,0.8437197848350092,False,nan,nan,False,False
422,2.11,0.004994737000743044,0.0013616249998449348,5.23999915458262e-06,0.0005849330009368714,0.0009102219992200844,4.700799945567269e-05,0.0035773869985860074,0.004429677085586989,0.0020000000000000018,0.8859354171173976,19.492720520488913,0.8381975149864829,False,nan,nan,False,False
423,2.115,0.005031755999880261,0.0014888929999870015,5.590000000665896e-06,0.0017002690001390874,0.0011072190009144833,4.4844000512966886e-05,0.0034015179990092292,0.004145250264624138,0.0020000000000000018,0.8290500529248275,18.944518862780342,0.7202344234250527,False,nan,nan,False,False
424,2.12,0.004959509999025613,0.0014271180007199291,6.693000614177436e-06,0.00044843799878435675,0.0009029480006574886,4.7248000555555336e-05,0.0035044109990849392,0.0044721370762000525,0.0020000000000000018,0.8944274152400105,18.072747728261533,0.8593971336084719,False,nan,nan,False,False
425,2.125,0.005000917999495869,0.0014897950004524319,5.369998689275235e-06,0.0015203919992927695,0.0010846770001080586,4.45139994553756e-05,0.003440993001277093,0.0040032354249182585,0.0020000000000000018,0.8006470849836519,21.845319176518405,0.7427920879305607,False,nan,nan,False,False
426,2.13,0.005000678000214975,0.0013154090011084918,5.441001121653244e-06,0.0008792640001047403,0.0009083170007215813,5.017400144424755e-05,0.003623512999183731,0.004155365705288913,0.0020000000000000018,0.8310731410577826,18.454736531262803,0.9591385476524215,False,nan,nan,False,False
427,2.1350000000000002,0.005009144000723609,0.0014941320005164016,5.359999704523943e-06,0.0014083930000197142,0.0010861600003408967,4.478399932850152e-05,0.0034262150002177805,0.003642303663174681,0.0020000000000000018,0.7284607326349362,24.000479230438273,0.6617648494391107,False,nan,nan,False,False
428,2.14,0.004991330000848393,0.0012924959992233198,5.751000571763143e-06,0.0007939539991639322,0.0009198200004902901,4.325000008975621e-05,0.0036340629994811025,0.0029792071740398695,0.0017000000000000348,0.5958414348079739,26.832817583557375,0.8867896093927219,False,nan,nan,False,False
429,2.145,0.004996408999431878,0.0015102429988473887,5.699999746866524e-06,0.0018168859987781616,0.0011242510008742101,4.403200000524521e-05,0.003423219000978861,0.0023205549478308753,0.0014000000000000679,0.464110989566175,26.83281679472441,0.516462064457064,False,nan,nan,False,False
430,2.15,0.005005205999623286,0.0012915250008518342,5.871001121704467e-06,0.00067226600003778,0.0009199000014632475,4.438299947651103e-05,0.0036331109986349475,0.0018201643961221411,0.001100000000000101,0.36403287922442823,24.018497622035497,0.6747077047549332,False,nan,nan,False,False
431,2.1550000000000002,0.004994376000468037,0.001471030000175233,5.670999598805793e-06,0.0017027329995471518,0.0011068690000684,4.440299926500302e-05,0.0034672319998207968,0.0012068280413090543,0.0007999999999999119,0.24136560826181086,26.832817899707223,0.22529131011843895,False,nan,nan,False,False
432,2.16,0.005006949999369681,0.001447656000891584,5.4199990699999034e-06,0.0005435960010800045,0.0009068250001291744,4.717800038633868e-05,0.003478371998426155,0.0015464788922261274,0.001100000000000101,0.30929577844522543,26.832823795928398,0.6352316836194394,False,nan,nan,False,False
433,2.165,0.004998874001103104,0.0014795759998378344,7.233998985611834e-06,0.0015808860007382464,0.0010802289998537162,4.441300006874371e-05,0.003447764998782077,0.0012708395619438822,0.0007999999999999119,0.2541679123887764,26.832816613263983,0.16086330517011854,False,nan,nan,False,False
434,2.17,0.004997591999199358,0.0013328210006875452,5.83099972573109e-06,0.0009531109990348341,0.0009136179996858118,5.482199958350975e-05,0.003599869000026956,0.0017706339990588378,0.001100000000000101,0.35412679981176753,22.712926945769993,0.44024521457019533,False,nan,nan,False,False
435,2.1750000000000003,0.005015856000682106,0.0015249409989337437,5.641000825562514e-06,0.0014517139989038697,0.0011527249989740085,4.4763999540009536e-05,0.0033952060002775397,0.0015891360322905035,0.0010089388337035923,0.3178272064581007,20.904790128139155,0.27689184738137995,False,nan,nan,False,False
436,2.18,0.004992662999939057,0.0013184639992687153,5.590000000665896e-06,0.0008306229992740555,0.000945447000049171,4.713800080935471e-05,0.003608515000451007,0.001614654760677415,0.0013089388337035922,0.322930952135483,25.019891380292325,0.3976920117331968,False,nan,nan,False,False
437,2.185,0.00501349099977233,0.0015339980000135256,5.779998900834471e-06,0.0018874779998441227,0.0010445819989399752,4.508399979386013e-05,0.0033751190003386,0.0019204394188961256,0.0016089388337035921,0.3840878837792251,26.83284077599479,0.3239668691245679,False,nan,nan,False,False
438,2.19,0.004980259998774272,0.001331298000877723,5.501000487129204e-06,0.0006404770010703942,0.0009339059997728327,4.3852000089827925e-05,0.003591864999179961,0.0023648626081002413,0.001908938833703592,0.47297252162004827,25.8645819045055,0.3865841689190409,False,nan,nan,False,False
439,2.195,0.005011627999920165,0.001479876000303193,5.631000021821819e-06,0.00171606799995061,0.0011082319997512968,4.378199992061127e-05,0.003440030999627197,0.0026106543039885874,0.002,0.5221308607977175,24.27504849534293,0.4657888022191481,False,nan,nan,False,False
440,2.2,0.004990829000234953,0.0013886260003346251,5.140000212122686e-06,0.0005494670003827196,0.0009363100016344106,4.524500036495738e-05,0.0035464890006551286,0.0026337861647174076,0.002,0.5267572329434816,24.00138540612606,0.3542971349783042,False,nan,nan,False,False
441,2.205,0.005021497001507669,0.0014768499986530514,5.841000529471785e-06,0.0016029660000640433,0.0010686579989851452,4.4644000809057616e-05,0.003426064000450424,0.0027889246101732578,0.002,0.5577849220346517,24.000023048021095,0.590156791141557,False,nan,nan,False,False
442,2.21,0.0049733559990272624,0.0013122529999236576,5.6799999583745375e-06,0.0009386849997099489,0.0009102420008275658,5.6355000197072513e-05,0.00361918499947933,0.003125904821928877,0.002,0.6251809643857754,19.89857194471497,0.40147696991661963,False,nan,nan,False,False
443,2.215,0.0050029220001306385,0.0015581129991915077,5.199999577598646e-06,0.001425754999218043,0.0011699070000759093,4.5204000343801454e-05,0.003367685001649079,0.003398942442314491,0.002,0.6797884884628983,22.18970072067633,0.5793540640768331,False,nan,nan,False,False
444,2.22,0.00499640999987605,0.0013078650008537807,5.410000085248612e-06,0.0006920630003151018,0.0009238969996658852,4.3541000195546076e-05,0.003635905999544775,0.0035530874106602527,0.002,0.7106174821320506,24.000677741579114,0.5336764653325865,False,nan,nan,False,False
445,2.225,0.005017348999899696,0.0015898920009931317,5.210000381339341e-06,0.001773605999915162,0.0010368780003773281,4.35010006185621e-05,0.003310817999590654,0.0035940123409421163,0.0020000000000000018,0.7188024681884233,21.01249419263229,0.816231976028616,False,nan,nan,False,False
446,2.23,0.004958088000421412,0.0012706249999610009,3.817000106209889e-06,0.0005613789999188157,0.0008904540009098127,5.393100036599208e-05,0.003682893999211956,0.0037712469642946526,0.0020000000000000018,0.7542493928589306,17.282033767340895,0.6737374362925935,False,nan,nan,False,False
447,2.235,0.005040512000050512,0.0014684039997518994,5.469999450724572e-06,0.0017271889992116485,0.0010991439994540997,5.57550010853447e-05,0.003451422000580351,0.0038172502172669994,0.0020000000000000018,0.7634500434533998,17.435667749475524,0.5776295128792098,False,nan,nan,False,False
448,2.24,0.004991931000404293,0.0013713939988519996,5.670999598805793e-06,0.0005836910004290985,0.0009081680000235792,4.692800030170474e-05,0.003552289999788627,0.0037178339560474524,0.0020000000000000018,0.7435667912094904,12.611799723239333,0.7503715619091567,False,nan,nan,False,False
449,2.245,0.005011888999433722,0.0014710989999002777,6.983000275795348e-06,0.0016720050007279497,0.0010850689996004803,4.4612999772652984e-05,0.003439088999584783,0.003747547737141512,0.0020000000000000018,0.7495095474283022,4.741710309204945,0.8032515353460236,False,nan,nan,False,False
450,2.25,0.004982593000022462,0.001348731999314623,5.850999514223076e-06,0.0009515579986327793,0.0009417310011485824,5.1126000471413136e-05,0.0035895190012524836,0.0033309902011580635,0.0017000000000000348,0.6661980402316128,26.832836068978043,0.7917432662637482,False,nan,nan,False,False
451,2.255,0.005009905000406434,0.001483783998992294,5.690999387297779e-06,0.0020235020001564408,0.0010749500015663216,4.447299943421967e-05,0.0034371050005574943,0.0032074147978636623,0.0017890314373028016,0.6414829595727325,24.262782136028093,0.7255338683756621,False,nan,nan,False,False
452,2.2600000000000002,0.004991710999092902,0.0012961730008100858,5.249001333140768e-06,0.0008375650013476843,0.0009227040009136545,5.5143000281532295e-05,0.003647608999017393,0.003582813069953623,0.0020000000000000018,0.7165626139907245,22.443820260388833,0.7553283119902056,False,nan,nan,False,False
453,2.265,0.005019734000597964,0.001518097000371199,5.850999514223076e-06,0.0018983180016221013,0.0011300019996269839,4.5725999370915815e-05,0.0033950870001717703,0.0037723942147553356,0.0020000000000000018,0.754478842951067,24.00007679968824,0.7721512651228675,False,nan,nan,False,False
454,2.27,0.0049846370002342155,0.0011440790003689472,5.79000152356457e-06,0.000669442000798881,0.000688035999701242,4.830000034417026e-05,0.003781477998927585,0.003377341442404278,0.0017000000000000348,0.6754682884808556,24.141333223811362,0.8785791891063148,False,nan,nan,False,False
455,2.275,0.004996460000256775,0.001478182999562705,5.620999218081124e-06,0.0017980510001507355,0.001105937999454909,4.7309000365203246e-05,0.0034597769990796223,0.0030396695969155734,0.0015546681383977745,0.6079339193831147,24.060405305019145,0.9196342316032592,False,nan,nan,False,False
456,2.2800000000000002,0.00501217899909534,0.0014421760006371187,5.531001079361886e-06,0.0006112219998613,0.0009339959997305414,4.7759000153746456e-05,0.00347450499975821,0.003183325109054776,0.0017912107495552387,0.6366650218109552,25.797769548018433,0.5854970970385851,False,nan,nan,False,False
457,2.285,0.005020184000386507,0.0014778429995203624,7.453998478013091e-06,0.0016685190003045136,0.0010931130000244593,4.3510999603313394e-05,0.0034293499993509613,0.0036874205147650893,0.0020000000000000018,0.7374841029530178,24.00000278710598,0.536225259952622,False,nan,nan,False,False
458,2.29,0.004979548999472172,0.0013689080005860887,5.609999789157882e-06,0.00044151499969302677,0.0009149300003628014,4.648600042855833e-05,0.0035458080001262715,0.0030248410900452953,0.0017000000000000001,0.6049682180090591,26.833094096516543,0.6824392707164801,False,nan,nan,False,False
459,2.295,0.005002560999855632,0.0014332090013340348,5.500000042957254e-06,0.0014729829999851063,0.0010667639999155654,4.4051999793737195e-05,0.003476056999716093,0.0026310151889031943,0.0014000000000000679,0.5262030377806389,26.83285813517928,1.0674558751305214,False,nan,nan,False,False
460,2.3000000000000003,0.004977384000085294,0.001230028999998467,5.560999852605164e-06,0.0008243109987233765,0.0008701059996383265,4.318100036471151e-05,0.00369858399972145,0.002203364648899295,0.0011292269927179605,0.440672929779859,23.7179879713088,0.6176189771007212,False,nan,nan,False,False
461,2.305,0.005000016000849428,0.001450781999665196,1.5860001440159976e-05,0.0018792219998431392,0.001074379000783665,4.359099875728134e-05,0.003482879999864963,0.0025333526810454826,0.0014000000000000679,0.5066705362090965,15.438667996818243,0.47788325802070947,False,nan,nan,False,False
462,2.31,0.005003051999665331,0.001244826999027282,5.511001290869899e-06,0.0007148259992391104,0.0008803860000625718,4.311100019549485e-05,0.003681331001644139,0.0019986055531116967,0.001100000000000101,0.39972111062233934,24.216465528687934,0.49688898445292623,False,nan,nan,False,False
463,2.315,0.005008332000215887,0.0013997669993841555,1.0067999028251506e-05,0.0018131389988411684,0.001037228999848594,4.2229001337545924e-05,0.0035210309997637523,0.0017827243737376258,0.0013381762212731907,0.35654487474752516,26.833079027630905,0.6926949454415913,False,nan,nan,False,False
464,2.32,0.004987884000001941,0.0014087629988353,5.609999789157882e-06,0.0006000419998599682,0.0008871079990058206,4.548600009002257e-05,0.003528436000124202,0.0015170242172661546,0.0010381762212732237,0.30340484345323093,26.832995483433933,0.27214756160106013,False,nan,nan,False,False
465,2.325,0.005085335998955998,0.0012339559998508776,6.42200029687956e-06,3.7059000533190556e-05,0.0008532250012649456,5.283800055622123e-05,0.0036163000004307833,0.001148583701119163,0.0007381762212732568,0.22971674022383262,26.83327790802156,0.34648374645404506,False,nan,nan,False,False
466,2.33,0.004927200001475285,0.0013531589993363013,5.671001417795196e-06,0.0004770819996338105,0.0008823490006761858,4.73790005344199e-05,0.0035672689991770312,0.0013990372355581545,0.0009630235694466638,0.27980744711163097,25.521364137642703,0.47712990712247494,False,nan,nan,False,False
467,2.335,0.0049878239988174755,0.0014429170005314518,5.489999239216559e-06,0.0015242990011756774,0.001069309000740759,4.5123999370844103e-05,0.0034902739989775,0.001570046717304355,0.0012630235694466307,0.314009343460871,26.83438350371597,0.19428424311175854,False,nan,nan,False,False
468,2.34,0.005002431000320939,0.0012238769995747134,5.46000046597328e-06,0.0008789230014372151,0.0008764390004216693,4.457300019566901e-05,0.0037072000013722572,0.0021284270654604665,0.0015630235694465977,0.42568541309209335,24.007648210230222,0.10606813241785629,False,nan,nan,False,False
469,2.345,0.004999664999559172,0.001448929000616772,5.2200011850800365e-06,0.001956307000000379,0.0010927020011877175,4.414199975144584e-05,0.0034999420004169224,0.0025081633849499694,0.0018630235694465647,0.5016326769899939,26.842944280071407,0.39796438069481216,False,nan,nan,False,False
470,2.35,0.005018241001380375,0.0012237169994477881,5.410000085248612e-06,0.0008012180005607661,0.0008748150012252154,4.4222999349585734e-05,0.0036859909996564966,0.002802221363285369,0.0020000000000000018,0.5604442726570739,24.61817745671086,0.27140351190404466,False,nan,nan,False,False
471,2.355,0.0049868319983943366,0.001424342000973411,5.249999958323315e-06,0.0017614930002309848,0.001081551999959629,4.329100011091214e-05,0.0035049819998675957,0.0030991739403535136,0.0020000000000000018,0.6198347880707027,24.00226763069174,0.5360104077880609,False,nan,nan,False,False
472,2.36,0.004996880001272075,0.0013614349991257768,5.410000085248612e-06,0.0006639010007347679,0.0008683730011398438,4.3391000872361474e-05,0.0035653550003189594,0.003416531125449945,0.0020000000000000018,0.6833062250899891,23.50413757806655,0.614366729076435,False,nan,nan,False,False
473,2.365,0.00499450600000273,0.001400066999849514,5.160000000614673e-06,0.0016843379999045283,0.0010538000005908543,4.3912999899475835e-05,0.003538855000442709,0.0035241437625743773,0.0020000000000000018,0.7048287525148754,17.436464354441004,0.6441162952177892,False,nan,nan,False,False
474,2.37,0.005026615999668138,0.0013350959998206235,6.42200029687956e-06,0.00030862700077705085,0.0008690640006534522,4.819999958272092e-05,0.0035729390001506545,0.003546848390832862,0.0020000000000000018,0.7093696781665725,13.38687182939071,0.632974871167945,False,nan,nan,False,False
475,2.375,0.004980600000635604,0.0015071079997142078,5.580001015914604e-06,0.0015543550016445806,0.00113115500062122,4.522400013229344e-05,0.003421645998969325,0.0035040452522913496,0.0020000000000000018,0.7008090504582699,20.785599332576002,0.7500166360784077,False,nan,nan,False,False
476,2.38,0.004999124999812921,0.001280763999602641,5.671001417795196e-06,0.0008882599995558849,0.0009108830017794389,5.046499973104801e-05,0.003655763999631745,0.0038152987715694814,0.0020000000000000018,0.7630597543138962,20.784626472497173,0.7011245797032355,False,nan,nan,False,False
477,2.3850000000000002,0.0050290210001548985,0.0015446569996129256,5.810999937239103e-06,0.0019768550009757746,0.0011596780004765606,4.407300002640113e-05,0.0033560840001882752,0.004010570429656829,0.0020000000000000018,0.8021140859313657,16.970606943140748,0.6595978870492314,False,nan,nan,False,False
478,2.39,0.004973586999767576,0.0012988479993509827,5.720999979530461e-06,0.000759470000048168,0.0009335650011053076,4.442300087248441e-05,0.003626137999162893,0.003879329315749422,0.0020000000000000018,0.7758658631498844,12.872076833906569,0.8615286893982748,False,nan,nan,False,False
479,2.395,0.004994736998924054,0.00145253499977116,5.480000254465267e-06,0.0017859379986475687,0.0009619680004107067,4.712800000561401e-05,0.0034784620002028532,0.003231234365727609,0.0017000000000000348,0.6462468731455219,26.833324434281888,0.9612992339201525,False,nan,nan,False,False
480,2.4,0.005000397000912926,0.0013305969987413846,5.769999916083179e-06,0.0005893319994356716,0.0008814270004222635,4.6215998736443e-05,0.0036038060006831074,0.0026311713408397547,0.0014639155905040724,0.5262342681679509,25.741612942515292,0.7574100554383785,False,nan,nan,False,False
481,2.4050000000000002,0.005018179999751737,0.0013781759989797138,7.6040014391765e-06,0.0016972230005194433,0.0010169509987463243,4.4763999540009536e-05,0.0035343270010343986,0.0023991110516735662,0.0017000000000000001,0.4798222103347133,26.86665778881929,0.4387926569833056,False,nan,nan,False,False
482,2.41,0.004989346000002115,0.0012718479993054643,5.411000529420562e-06,0.0004885030011791969,0.000867872000526404,4.500400063989218e-05,0.0036497319997579325,0.002200914135447282,0.0014639155905040724,0.44018282708945644,26.832963300574946,0.7171373760438721,False,nan,nan,False,False
483,2.415,0.004988766000678879,0.0014117189984972356,5.199999577598646e-06,0.001517967999461689,0.0010482489997230005,4.4452999645727687e-05,0.00352130200008105,0.002180732976286466,0.0017000000000000001,0.43614659525729327,26.833039860170377,0.46706631486545486,False,nan,nan,False,False
484,2.42,0.0050009979986498365,0.0012607970002136426,5.079000402474776e-06,0.000868864000949543,0.000902706999113434,4.409200118971057e-05,0.003669760000775568,0.0022297528598538554,0.0014639155905040724,0.44595057197077115,25.35421714808878,0.5725048689199209,False,nan,nan,False,False
485,2.4250000000000003,0.0050011490002361825,0.0013992450003570411,5.489999239216559e-06,0.0018584340014058398,0.001052135999998427,4.3852000089827925e-05,0.0035412100005487446,0.0024302257941234764,0.0017000000000000001,0.4860451588246953,26.833143251979134,0.3079751427424726,False,nan,nan,False,False
486,2.43,0.005011147000914207,0.0014281189996836474,5.740999768022448e-06,0.0006663259991910309,0.0008992410002974793,4.6236998969106935e-05,0.0034934209998027654,0.0025020987423817333,0.0014639155905040724,0.5004197484763466,24.048568396838764,0.4162081540208185,False,nan,nan,False,False
487,2.435,0.005006397999750334,0.001404765998813673,7.894999725976959e-06,0.0017316470002697315,0.001052196999808075,4.443400030140765e-05,0.0035114440015604487,0.0024188365262236785,0.0017000000000000001,0.48376730524473566,22.809514128774815,0.5094547801317784,False,nan,nan,False,False
488,2.44,0.0049905889991350705,0.0012476520005293423,5.029000021750107e-06,0.0004746670001622988,0.0008612799992988585,4.856100167671684e-05,0.0036746389996551443,0.002236678838799174,0.0014639155905040724,0.4473357677598348,25.699556495607894,0.6043991431411183,False,nan,nan,False,False
489,2.445,0.004989717001080862,0.0014109179992374266,5.170000804355368e-06,0.001507637998656719,0.00104422200092813,4.414300019561779e-05,0.003523635999954422,0.002116737330838173,0.0017000000000000001,0.4233474661676345,26.834324081730706,0.5037986293294618,False,nan,nan,False,False
490,2.45,0.005004824999559787,0.001227835999088711,5.940999471931718e-06,0.0008640449996164534,0.0008735329993214691,4.5614999180543236e-05,0.003705757000716403,0.0018240908582865258,0.0014000000000000002,0.3648181716573051,25.376119831591275,0.5781539801072891,False,nan,nan,False,False
491,2.455,0.005008463000194752,0.0014843640001345193,5.550999048864469e-06,0.0019490539998514578,0.0011037330004910473,4.621699918061495e-05,0.003437024999584537,0.0017467505764096037,0.0011000000000000003,0.3493501152819208,26.833404363596106,0.46114634398538806,False,nan,nan,False,False
492,2.46,0.004990678999092779,0.0012303990006330423,5.449999662232585e-06,0.0007638580009370344,0.0008816280005703447,4.372200055513531e-05,0.0036982239998906152,0.0019170319421987832,0.0013275230092873042,0.3834063884397567,26.833640269003624,0.5816938917412725,False,nan,nan,False,False
493,2.465,0.004998884000087855,0.0014379679996636696,5.3700005082646385e-06,0.0018114560007234104,0.0010923019999609096,4.570499913825188e-05,0.003496957000606926,0.002280103533204345,0.0016275230092873058,0.456020706640869,26.833006122304948,0.5093243386381202,False,nan,nan,False,False
494,2.47,0.005006008001146256,0.0013419979986792896,5.23999915458262e-06,0.0006546940003318014,0.0009081270000024233,5.533399962587282e-05,0.003591253000195138,0.00275757908517986,0.0019275230092873075,0.5515158170359721,26.698998705481095,0.5202737518553069,False,nan,nan,False,False
495,2.475,0.005105512998852646,0.0012900120000267634,6.111999027780257e-06,5.080499977339059e-05,0.0009325529990746872,4.403200000524521e-05,0.0035348170003999257,0.0029157214850462523,0.0020000000000000018,0.5831442970092505,24.175696894949706,0.49889400522916405,False,nan,nan,False,False
496,2.48,0.004895220999969752,0.0014402920005522901,5.660000169882551e-06,0.0005235790013102815,0.0009081469997909153,4.8060001063277014e-05,0.0034827809995476855,0.0030808239724991917,0.0020000000000000018,0.6161647944998383,21.08954756700025,0.46272038753894856,False,nan,nan,False,False
497,2.485,0.004990158000509837,0.0014290809995145537,5.199999577598646e-06,0.0015304810003726743,0.001053928999681375,4.369199996290263e-05,0.003504911999698379,0.0030693610211651253,0.0020000000000000018,0.613872204233025,20.851374486918402,0.5976116014393832,False,nan,nan,False,False
498,2.49,0.005001348999940092,0.001231972000823589,5.43999885849189e-06,0.0008978780006145826,0.0008588149994466221,4.5013999624643475e-05,0.00372065599913185,0.0030810483838361307,0.0020000000000000018,0.6162096767672262,24.000050465666767,0.5486661730535769,False,nan,nan,False,False
499,2.495,0.0050246920000063255,0.0013925330003985437,5.559999408433214e-06,0.001969991999430931,0.0010266690005664714,5.536299977393355e-05,0.003517615999953705,0.003242841392948465,0.0020000000000000018,0.648568278589693,19.957135307631606,0.5959500474081117,False,nan,nan,False,False
500,2.5,0.004980530000466388,0.0012480429995775921,5.480000254465267e-06,0.0007749790001980728,0.0008954040004027775,4.45139994553756e-05,0.003676562999316957,0.0033644797731145547,0.0020000000000000018,0.6728959546229109,21.794302003271856,0.6143343810940861,False,nan,nan,False,False
501,2.505,0.004994556000383454,0.001401880999765126,5.599998985417187e-06,0.0018154429999412969,0.0010442519997013733,4.447300125320908e-05,0.0035303789991303347,0.003614532701000456,0.0020000000000000018,0.7229065402000913,20.78574595951697,0.6868084286079768,False,nan,nan,False,False
502,2.5100000000000002,0.005003102000046056,0.001294549998419825,5.810999937239103e-06,0.0006622479995712638,0.0008615709994046483,4.492399966693483e-05,0.0036398840002220822,0.003619956595221332,0.0020000000000000018,0.7239913190442665,17.435783806786745,0.6427612139565408,False,nan,nan,False,False
503,2.515,0.005015966999053489,0.0013368189993343549,7.13299959897995e-06,0.0017212370003107935,0.0009493450015725102,4.347100002632942e-05,0.00358173499989789,0.0035226390484721683,0.0020000000000000018,0.7045278096944336,16.970788423101375,0.6970743076656837,False,nan,nan,False,False
504,2.52,0.004986560999896028,0.001325397999607958,5.530999260372482e-06,0.0005359820006560767,0.0008536460009054281,5.542399958358146e-05,0.00360251399979461,0.0034747516239697312,0.0020000000000000018,0.6949503247939463,16.970563903679135,0.7004106842062039,False,nan,nan,False,False
505,2.525,0.0050062379996234085,0.001420374999725027,6.963000487303361e-06,0.001577699000335997,0.0010400340015621623,4.49740000476595e-05,0.003501455001241993,0.0034783344287094764,0.0020000000000000018,0.6956668857418952,16.97056566285097,0.6714511682219981,False,nan,nan,False,False
506,2.5300000000000002,0.004992042000594665,0.001243945000169333,5.449999662232585e-06,0.000968270000157645,0.000865126999997301,4.8971000069286674e-05,0.0036919909998687217,0.003125639424281947,0.0018724041938615044,0.6251278848563894,24.536694581694526,0.7165155296278221,False,nan,nan,False,False
507,2.535,0.005007730000215815,0.0014111179989413358,5.4299998737405986e-06,0.0020271489993319847,0.0010078940013045212,4.459400042833295e-05,0.003524078001646558,0.002973531579184563,0.0018706282584692452,0.5947063158369126,22.76799891937301,0.7184773877493131,False,nan,nan,False,False
508,2.54,0.0050054969997290755,0.0012402390002534958,5.580999641097151e-06,0.0008352420009032357,0.0008913359997677617,4.415299918036908e-05,0.0036726950002048397,0.0029816222455981535,0.0017000000000000348,0.5963244491196308,25.710271417288077,0.6893738979312961,False,nan,nan,False,False
509,2.545,0.004980629999408848,0.001409395001246594,5.541000064113177e-06,0.001862011000412167,0.0010589299999992363,4.875100057688542e-05,0.0035273140001663705,0.0029899100044175177,0.0016691210826432802,0.5979820008835035,23.335858768442304,0.6826617846588771,False,nan,nan,False,False
510,2.5500000000000003,0.0050062179998349166,0.001388957000017399,5.43999885849189e-06,0.0007080039995344123,0.0008885509996616747,4.542500028037466e-05,0.0035385540013521677,0.003015850879104433,0.0017000000000000348,0.6031701758208865,24.30916970100154,0.8341363724059985,False,nan,nan,False,False
511,2.555,0.004995719000362442,0.0013840169995091856,5.32000012753997e-06,0.001787661998605472,0.0009763350008142879,4.5234000936034136e-05,0.0035503460003383225,0.0032129260003194117,0.0020000000000000018,0.6425852000638823,23.0038593222019,0.7975957275229542,False,nan,nan,False,False
512,2.56,0.005004144000849919,0.001360852998914197,5.40000110049732e-06,0.0005839010009367485,0.0008713679999345914,4.6457000280497596e-05,0.003571737001038855,0.002818053470210357,0.0017000000000000348,0.5636106940420714,26.83281763017663,0.6299901189621028,False,nan,nan,False,False
513,2.565,0.0050211460002174135,0.0013889259989809943,7.644001016160473e-06,0.0016912810006033396,0.0010421480001241434,4.3582000216702e-05,0.0035162429994670674,0.0027455771019217583,0.0020000000000000018,0.5491154203843517,26.832816040944742,0.8739268946527721,False,nan,nan,False,False
514,2.57,0.004972173999703955,0.0012388159993861336,7.283999366336502e-06,0.0010134650001418777,0.0008611900011601392,5.441100074676797e-05,0.0036928829995304113,0.002143310927119764,0.0017000000000000348,0.42866218542395285,26.832827353747536,0.4982964932648378,False,nan,nan,False,False
515,2.575,0.0050009379992843606,0.0014069900007598335,4.880001142737456e-06,0.0015273749995685648,0.001115966000725166,3.258099968661554e-05,0.003517535000355565,0.0019733399587261065,0.0014000000000000679,0.3946679917452213,26.833515871025263,0.5103078340978344,False,nan,nan,False,False
516,2.58,0.004994977000023937,0.0012889900008303812,5.470999894896522e-06,0.0008925379988795612,0.000914029000341543,5.286899977363646e-05,0.0036586289988917997,0.0014246575368529538,0.001100000000000101,0.28493150737059075,26.833026825548156,0.3674674332323159,False,nan,nan,False,False
517,2.585,0.00501618700036488,0.0014756780001334846,5.309999323799275e-06,0.0019754929999180604,0.0011053159996663453,4.381200051284395e-05,0.003446122000241303,0.0010321899834869678,0.0007999999999999119,0.20643799669739354,26.838255052045223,0.4374506992206306,False,nan,nan,False,False
518,2.59,0.0049917510004888754,0.0012835389989049872,5.290001354296692e-06,0.0008000960006029345,0.0009238370003004093,4.295000144338701e-05,0.0036438509996514767,0.0009707491475643196,0.0006323477029928082,0.19414982951286394,24.715120640101482,0.2817445566329945,False,nan,nan,False,False
519,2.595,0.004998923999664839,0.0014425469998968765,5.4199990699999034e-06,0.001844968001023517,0.0010835660013981396,4.533500032266602e-05,0.0034965159993589623,0.0011515336110598374,0.0009323477029927751,0.23030672221196746,26.834935514942913,0.14044135031212768,False,nan,nan,False,False
520,2.6,0.005010054999729618,0.0014093450008658692,5.4299998737405986e-06,0.0006852910009911284,0.0009424019990547094,4.533399987849407e-05,0.0035107219991914462,0.0016154332709802709,0.001232347702992742,0.3230866541960542,26.834130062469033,0.23273148004673327,False,nan,nan,False,False
521,2.605,0.005006068000511732,0.0014080620003369404,8.005001291166991e-06,0.0017223889990418684,0.0010526579990255414,4.395199903228786e-05,0.0035178259986423654,0.0021893831894138687,0.001532347702992931,0.43787663788277376,26.836994438084442,0.2901973530820426,False,nan,nan,False,False
522,2.61,0.004995667999537545,0.001299199000641238,5.681000402546488e-06,0.0005349499988369644,0.0008735640003578737,4.548499964585062e-05,0.003621248999479576,0.002806594870261819,0.001832347702992898,0.5613189740523638,26.833084204276698,0.30822285518083975,False,nan,nan,False,False
523,2.615,0.004999194999982137,0.0014272480002546217,6.733000191161409e-06,0.0015707460006524343,0.001048760001140181,4.4694001189782284e-05,0.003494192000289331,0.0033635755377772244,0.0020000000000000018,0.672715107555445,24.920243492872387,0.6049244112310573,False,nan,nan,False,False
524,2.62,0.0049907800002984,0.0012549749990284909,5.560001227422617e-06,0.0009491239998169476,0.0008787629994913004,4.790899947693106e-05,0.0036826240011578193,0.003783465726969096,0.0020000000000000018,0.7566931453938193,21.94034335846903,0.4791821261914208,False,nan,nan,False,False
525,2.625,0.005015624999941792,0.0014542379994963994,5.521000275621191e-06,0.002020496998738963,0.00109651999991911,4.2920999476336874e-05,0.003460279000137234,0.004145379068581352,0.0020000000000000018,0.8290758137162703,20.784763469098593,0.7273644950629354,False,nan,nan,False,False
526,2.63,0.004983324999557226,0.0012367819999781204,5.399999281507917e-06,0.0007859799989091698,0.0008780520001892,4.344099943409674e-05,0.00369146999946679,0.003733581971124705,0.001999554952923699,0.746716394224941,20.136555448633295,0.6097972943805248,False,nan,nan,False,False
527,2.6350000000000002,0.004998272999728215,0.0014028830009920057,5.469999450724572e-06,0.0018551979992480483,0.0010527790000196546,4.864100083068479e-05,0.0035299179999128683,0.0034157579317318615,0.0020000000000000018,0.6831515863463723,16.50376839586716,0.8243894428915792,False,nan,nan,False,False
528,2.64,0.005003223001040169,0.0013977929993416183,5.198999133426696e-06,0.0006898499996168539,0.0008972080013336381,4.601600085152313e-05,0.0035308599999552825,0.0031665961262158063,0.0020000000000000018,0.6333192252431612,14.709417070253735,0.6553959036216049,False,nan,nan,False,False
529,2.645,0.004996849998860853,0.0014285710003605345,5.29999852005858e-06,0.001767793999533751,0.0010854989996005315,4.387199987831991e-05,0.003504100001009647,0.003323881457561556,0.0019256616257745662,0.6647762915123112,11.87802388092205,0.5616732540136696,False,nan,nan,False,False
530,2.65,0.004999676000807085,0.0013080249991617166,5.210000381339341e-06,0.0005686829990736442,0.0008703060011612251,4.677700053434819e-05,0.0036407460011105286,0.003683309814155112,0.0018190810536096343,0.7366619628310224,26.832895536657528,0.7381379240019579,False,nan,nan,False,False
531,2.6550000000000002,0.00503374999971129,0.0014009980004630052,8.065000656642951e-06,0.0016818440017232206,0.0010272100007568952,4.4784001147490926e-05,0.003499512000416871,0.0030161884328303444,0.0015190810536096326,0.6032376865660689,26.83285265574017,0.9117744123049638,False,nan,nan,False,False
532,2.66,0.004978806000508484,0.0012693129992840113,5.5799991969252005e-06,0.00044775700007448904,0.0008663990010973066,4.6004999603610486e-05,0.0036491709997790167,0.0029774434670576835,0.001489682969843198,0.5954886934115368,24.320648831413873,0.7242756775098917,False,nan,nan,False,False
533,2.665,0.004986380999980611,0.0014575850000255741,5.249999958323315e-06,0.0015039810004964238,0.0010672450007405132,4.556500061880797e-05,0.003476468000371824,0.0023140512534526895,0.001189682969843231,0.4628102506905379,26.83281573093991,0.28152582332988196,False,nan,nan,False,False
534,2.67,0.0050026919998344965,0.001233515000421903,4.919000275549479e-06,0.0008604079994256608,0.0008654670000396436,4.5716000386164524e-05,0.0037002369990659645,0.002356039938990085,0.001489682969843198,0.47120798779801704,26.832815732154916,0.4604942680223075,False,nan,nan,False,False
535,2.6750000000000003,0.005013361000237637,0.0014121799995336914,4.969000656274147e-06,0.0019468790014798287,0.0010612839996611,4.338100006862078e-05,0.0035068050001427764,0.0018779064412786485,0.001189682969843231,0.37558128825572973,24.000400616519684,0.30303493686218785,False,nan,nan,False,False
536,2.68,0.00499107999894477,0.001278890000321553,5.520001650438644e-06,0.0007674339994991897,0.0009190279997710604,4.4503000026452355e-05,0.0036477289995673345,0.002236838089634699,0.001489682969843198,0.4473676179269397,26.832816951468267,0.6574442618617754,False,nan,nan,False,False
537,2.685,0.004995508001229609,0.0014717209996888414,5.40000110049732e-06,0.0018078800003422657,0.00110738900002616,4.913200064038392e-05,0.003460277999693062,0.0019328060767078797,0.001189682969843231,0.386561215341576,26.832816642588142,0.20267546897671473,False,nan,nan,False,False
538,2.69,0.005001919998903759,0.0014521539997076616,5.40000110049732e-06,0.0006517580004583579,0.0009336250004707836,4.5184999180492014e-05,0.003495824999845354,0.0016631978753380936,0.000889682969843264,0.3326395750676187,26.83313227585416,0.8198953480357961,False,nan,nan,False,False
539,2.695,0.0050177690009149956,0.001444681000066339,5.228999725659378e-06,0.0016956399995251559,0.0010839560000022175,4.452299981494434e-05,0.003474053999525495,0.0010122270740150056,0.000589682969843297,0.20244541480300113,26.833017042520307,0.28117536817323613,False,nan,nan,False,False
540,2.7,0.004987913998775184,0.0013540110012399964,5.7110009947791696e-06,0.0005058650003775256,0.0009059739986696513,4.6346998715307564e-05,0.003569832999346545,0.0008672922136978464,0.0007743383742255805,0.17345844273956926,26.832919587757868,0.4278223234845055,False,nan,nan,False,False
541,2.705,0.004994276001525577,0.0015210629990178859,6.862999725854024e-06,0.0015372030011349125,0.001138097999501042,4.411300142237451e-05,0.003410375000385102,0.0011843475240677639,0.0010743383742255475,0.23686950481355276,26.833379791587426,0.17141375054371147,False,nan,nan,False,False
542,2.71,0.005005074999644421,0.0013432819996523904,5.529998816200532e-06,0.0009391650000907248,0.0009197799990943167,4.9703001423040405e-05,0.0035831679997500032,0.001603220452486893,0.0013743383742255144,0.32064409049737863,26.835449303545314,0.25916289166516465,False,nan,nan,False,False
543,2.715,0.004996319999918342,0.00148937399899296,5.580999641097151e-06,0.00199405800049135,0.0011188009993929882,4.31909993494628e-05,0.0034403509998810478,0.0021535681914036583,0.0016743383742254814,0.43071363828073167,26.833472970295652,0.30760847164947247,False,nan,nan,False,False
544,2.72,0.005001358998924843,0.0012840100007451838,5.431000317912549e-06,0.0008270460002677282,0.0009225750000041444,4.291100049158558e-05,0.003645844999482506,0.0023656370748544537,0.0013743383742255144,0.4731274149708907,26.833757268467934,0.3065878513028782,False,nan,nan,False,False
545,2.725,0.005000648001441732,0.001498750998507603,5.599998985417187e-06,0.0018717689999903087,0.0011282590003247606,4.459400042833295e-05,0.003428790001635207,0.0030172586474178677,0.0016743383742254814,0.6034517294835735,26.835069056229923,0.5137340544824209,False,nan,nan,False,False
546,2.73,0.004997120999178151,0.0013046380008745473,5.249999958323315e-06,0.0007035950002318714,0.0009602750014892081,4.011499913758598e-05,0.0036230929999874206,0.0030995580070210405,0.001550993476815643,0.6199116014042081,26.850782227775426,0.4344331929017477,False,nan,nan,False,False
547,2.735,0.0050011280000035185,0.0014810590000706725,5.410000085248612e-06,0.0017907279998325976,0.0011159770001540892,4.451299901120365e-05,0.0034548879993963055,0.003318154157697697,0.00185099347681561,0.6636308315395395,26.834053218232235,0.706891985028265,False,nan,nan,False,False
548,2.74,0.005008912999983295,0.0014629150009568548,5.7010001910384744e-06,0.0006054019995644921,0.00091873700148426,4.638599966710899e-05,0.003456089998508105,0.0036617161125894,0.0020000000000000018,0.73234322251788,22.919334847145993,0.522080609330167,False,nan,nan,False,False
549,2.745,0.005005095999877085,0.001492229001087253,7.324000762309879e-06,0.001639485000850982,0.001099033999707899,4.568599979393184e-05,0.003420624998398125,0.0036310466489987616,0.0020000000000000018,0.7262093297997524,19.111916259991325,0.6670279668226653,False,nan,nan,False,False
550,2.75,0.004980149000402889,0.0012428739992174087,5.669999154633842e-06,0.0009191890003421577,0.0008797449991106987,5.975199928798247e-05,0.0037067990015202668,0.0035483611469559525,0.0020000000000000018,0.7096722293911905,12.85250080262583,0.6640565772575456,False,nan,nan,False,False
551,2.755,0.005021696999392589,0.001456293000956066,5.38099993718788e-06,0.001985250999496202,0.0010856099997909041,5.3499999921768904e-05,0.003456069998719613,0.003485323692436043,0.0020000000000000018,0.6970647384872086,16.974480597942595,0.6527383978000535,False,nan,nan,False,False
552,2.7600000000000002,0.0049837059996207245,0.0012189490007585846,5.480000254465267e-06,0.0008166759998857742,0.0008733730010135332,4.3009998989873566e-05,0.003706147999764653,0.00348360763263839,0.0020000000000000018,0.6967215265276779,16.977029515354307,0.6976617609016487,False,nan,nan,False,False
553,2.765,0.00499511700036237,0.0014336200001707766,5.149000571691431e-06,0.0018648050008778227,0.0010685170000215294,4.4162999984109774e-05,0.0034997920010937378,0.0034960521763200626,0.0020000000000000018,0.6992104352640126,12.413501871011924,0.7248562107904856,False,nan,nan,False,False
554,2.77,0.005002060999686364,0.0013099480001983466,5.609999789157882e-06,0.0007025830000202404,0.0009085689998755697,4.391200127429329e-05,0.0036195960001350613,0.0034650695164038024,0.0020000000000000018,0.6930139032807604,16.97179240715714,0.8153207377904025,False,nan,nan,False,False
555,2.775,0.004997211000954849,0.0014062589998502517,4.9390000640414655e-06,0.001766932000464294,0.001065611999365501,4.408200038596988e-05,0.0035266119994048495,0.003000159976912509,0.00175211131064823,0.6000319953825017,25.967719828975415,0.8435950917511066,False,nan,nan,False,False
556,2.7800000000000002,0.005003382999348105,0.001398985001287656,4.849000106332824e-06,0.0005776100006187335,0.0008737230000406271,4.765899939229712e-05,0.003541359999871929,0.003087112353964363,0.0020000000000000018,0.6174224707928724,24.04512374820776,0.7988184362726295,False,nan,nan,False,False
557,2.785,0.005120431000250392,0.0012910030000057304,6.222000592970289e-06,5.211699863139074e-05,0.000929527999687707,4.562600042845588e-05,0.0035200000002078013,0.002755982351480236,0.0017000000000000001,0.5511964702960472,26.832818124308396,0.5290579763871434,False,nan,nan,False,False
558,2.79,0.004884551000941428,0.0012515189991972875,6.451999070122838e-06,0.001016920999973081,0.0008555300009902567,5.152700032340363e-05,0.0036727959995914716,0.003094992718715925,0.001663193297731791,0.618998543743185,26.832815734930964,0.6967796278038131,False,nan,nan,False,False
559,2.795,0.004988634998881025,0.0014117990012891823,4.888999683316797e-06,0.0014965369991841726,0.0010540399998717476,4.4111999159213156e-05,0.0035238669988757465,0.003225547238982808,0.0017000000000000001,0.6451094477965617,26.832852866164966,0.4631498588923026,False,nan,nan,False,False
560,2.8000000000000003,0.005005275999792502,0.0012497860006988049,5.199999577598646e-06,0.0008627219995105406,0.0008758370004215976,4.733900095743593e-05,0.0036826840005232953,0.003477616833784987,0.0018200079616033094,0.6955233667569973,24.370323754624064,0.7852532326964148,False,nan,nan,False,False
561,2.805,0.005002962001526612,0.0014277689988375641,5.048999810242094e-06,0.001951217000168981,0.0010730659996625036,4.3451000237837434e-05,0.0035169340007996652,0.003409584161500592,0.0020000000000000018,0.6819168323001183,24.672816925331386,0.595400687693017,False,nan,nan,False,False
562,2.81,0.0050159059992438415,0.0012278949998290045,5.740999768022448e-06,0.0008045440008572768,0.0008784719993855106,4.3380998249631375e-05,0.0036834860002272762,0.0035356699609271486,0.0020000000000000018,0.7071339921854297,20.784614152900165,0.6319224411186195,False,nan,nan,False,False
563,2.815,0.004981021000276087,0.0014255549995141337,5.4700012697139755e-06,0.0018118179996235995,0.0010770330009108875,4.460299896891229e-05,0.0035273030007374473,0.0032657716216730605,0.0020000000000000018,0.6531543243346121,20.784609690967397,0.5797585305544725,False,nan,nan,False,False
564,2.82,0.005025152999223792,0.0014078519998292904,5.539999619941227e-06,0.0006566669999301666,0.0008853649997035973,4.708800042863004e-05,0.0034995019996131305,0.003284960060688714,0.0020000000000000018,0.6569920121377428,24.000006763192978,0.7777794763157755,False,nan,nan,False,False
565,2.825,0.004976493000867777,0.0014246329992602114,5.841000529471785e-06,0.0016990859985526185,0.001078025999959209,4.408200038596988e-05,0.003512776000206941,0.0028957321064527262,0.0020000000000000018,0.5791464212905452,24.00000270334594,0.6024657247544936,False,nan,nan,False,False
566,2.83,0.005005375998734962,0.0013222920006228378,5.669999154633842e-06,0.0005283970003802096,0.0008522930002072826,4.581500070344191e-05,0.003600920999815571,0.002364236543782584,0.001700000000000007,0.4728473087565168,26.834038916630604,0.7830035226976221,False,nan,nan,False,False
567,2.835,0.004990900000848342,0.0014276990004873369,6.862999725854024e-06,0.0015600160004396457,0.001054771999406512,4.457400063984096e-05,0.003507405999698676,0.002655947033367043,0.0020000000000000018,0.5311894066734086,26.84543226902707,0.542438428886424,False,nan,nan,False,False
568,2.84,0.005005506000088644,0.0012438449994078837,5.821000740979798e-06,0.000938524000957841,0.000878282000485342,5.0904998715850525e-05,0.0036868620009045117,0.0023112746358079244,0.001700000000000007,0.46225492716158495,27.001978111628713,0.5239102797428156,False,nan,nan,False,False
569,2.845,0.005001780000384315,0.0014497499996650731,5.530999260372482e-06,0.0019895600016752724,0.0010980930001096567,4.469299892662093e-05,0.0034797749995050253,0.002126987320955962,0.0013999999999999985,0.42539746419119245,26.846951844967787,0.6959429516329096,False,nan,nan,False,False
570,2.85,0.004998903999876347,0.0012448569996195147,5.540001438930631e-06,0.0008150739995471667,0.0008899330005078809,4.4162999984109774e-05,0.0036821729991061147,0.0021463416635773575,0.0015999999999999973,0.4292683327154715,26.887197533476183,0.5247989528593793,False,nan,nan,False,False
571,2.855,0.004995838999093394,0.0014659500011475757,5.109999619890004e-06,0.0018590549989312422,0.0011102749995188788,4.3792000724351965e-05,0.003467060998445959,0.0023646029765798816,0.001899999999999999,0.4729205953159763,26.843724386852564,0.4052121947806384,False,nan,nan,False,False
572,2.86,0.0050021600000036415,0.0012447370008885628,5.298999894876033e-06,0.0006865440009278245,0.0008689049991517095,4.409299981489312e-05,0.0036842769986833446,0.002575961478787452,0.0020000000000000018,0.5151922957574904,24.33123297807574,0.38645642155961,False,nan,nan,False,False
573,2.865,0.005000266999559244,0.001448228000299423,5.5300006351899356e-06,0.0017175199991470436,0.0010910889996011974,4.33510012953775e-05,0.0034866969999711728,0.002836724322216415,0.0020000000000000018,0.567344864443283,22.604754907392945,0.5338837926519967,False,nan,nan,False,False
574,2.87,0.005004114000257687,0.001271267001357046,5.599998985417187e-06,0.0005354409986466635,0.000855669000884518,4.601599903253373e-05,0.0036533789989334764,0.003177187074145568,0.0020000000000000018,0.6354374148291135,24.000667652126893,0.5035373099855177,False,nan,nan,False,False
575,2.875,0.004991110001355992,0.0014424969995161518,6.181000571814366e-06,0.0015766770011396147,0.00106510099976731,4.465299934963696e-05,0.0034944319995702244,0.003428754788770003,0.0020000000000000018,0.6857509577540006,20.87182238947726,0.6630718918917925,False,nan,nan,False,False
576,2.88,0.005007740999644739,0.0012325339994276874,5.990999852656387e-06,0.0009630410004319856,0.000861810000060359,4.851099947700277e-05,0.0037013990004197694,0.0030426216261303335,0.0017000000000000348,0.6085243252260667,26.83411276891963,0.5413004167438616,False,nan,nan,False,False
577,2.8850000000000002,0.005005386999982875,0.001527103999251267,5.390000296756625e-06,0.0014642570004070876,0.0011561609990167199,4.382199949759524e-05,0.003395666999495006,0.002966448620534864,0.0016000000000000458,0.5932897241069728,24.373878045157472,0.6767468062088277,False,nan,nan,False,False
578,2.89,0.004993873999410425,0.001308807000896195,5.300000339047983e-06,0.0008158750006259652,0.0009257110014004866,4.981299935025163e-05,0.0036350949994812254,0.0036023188645826192,0.0019000000000000128,0.7204637729165239,26.832838538842058,0.5070647680273062,False,nan,nan,False,False
579,2.895,0.005016327000703313,0.0015207429987640353,5.510000846697949e-06,0.0018748950005829101,0.0010568249999778345,4.330099909566343e-05,0.003392752001673216,0.004104918901137355,0.0020000000000000018,0.820983780227471,22.709294509162888,0.6357221024260705,False,nan,nan,False,False
580,2.9,0.0049854389999381965,0.0012936089988215826,5.5300006351899356e-06,0.0006972229984967271,0.000920872000278905,4.402200102049392e-05,0.003630636001616949,0.0036129833762628,0.0017000000000000348,0.72259667525256,26.8328932772531,0.9954581432089417,False,nan,nan,False,False
581,2.9050000000000002,0.004995108000002801,0.0014425859990296885,5.730000339099206e-06,0.0017843959994934266,0.0010936849994322984,4.2800000301213004e-05,0.0034892430012405384,0.003622042157187939,0.0019079494334413825,0.7244084314375878,22.745685153284462,0.9164266316310768,False,nan,nan,False,False
582,2.91,0.004999845999918762,0.0012860739989264403,5.240000973572023e-06,0.0005715590014006011,0.0008576729997002985,4.545500087260734e-05,0.003643691001343541,0.00384332496200089,0.001822148949910743,0.768664992400178,24.064488476987034,0.6641195211884479,False,nan,nan,False,False
583,2.915,0.00500857199949678,0.0014422959993680706,7.262999133672565e-06,0.0016346150005119853,0.0009422009989066282,4.465299934963696e-05,0.003477751000900753,0.0031731951319019912,0.0015221489499107482,0.6346390263803982,26.83285793274837,0.6408707249385955,False,nan,nan,False,False
584,2.92,0.004988475000573089,0.0012662070002988912,5.541000064113177e-06,0.0009647639999457169,0.0008734629991522525,4.720800097857136e-05,0.0036713129993586335,0.002966250011662832,0.0017000000000000348,0.5932500023325664,24.042627475923137,0.8070751560708126,False,nan,nan,False,False
585,2.9250000000000003,0.005000727998776711,0.001444950999939465,4.718998752650805e-06,0.0036168299993732944,0.0010803900004248135,4.418199932842981e-05,0.0034885810000560014,0.0026565140924278605,0.0014000000000000679,0.531302818485572,23.434725049139058,0.5384175680314771,False,nan,nan,False,False
586,2.93,0.005003473001124803,0.0012168640005256748,5.500000042957254e-06,0.0008264549996965798,0.0008702069990249583,4.337100108386949e-05,0.0037093739992997143,0.0029259195926544415,0.0017000000000000348,0.5851839185308884,26.83281586226225,0.7747112664460476,False,nan,nan,False,False
587,2.935,0.004994736000298872,0.0014152759995340602,5.2699997468153015e-06,0.0018669399996724678,0.0010636590013746172,4.6336001105373725e-05,0.0035210719997849083,0.002304077066434372,0.0014000000000000679,0.4608154132868745,26.832816432456646,0.41648058407526956,False,nan,nan,False,False
588,2.94,0.005005696999432985,0.0013820040003338363,5.750000127591193e-06,0.0007128429988370044,0.0008903439993446227,4.596600047079846e-05,0.0035443649994704174,0.002449381159408175,0.0017000000000000348,0.489876231881635,26.832815732938872,0.7197806760155976,False,nan,nan,False,False
589,2.945,0.004994656999770086,0.0013675259997398825,5.3700005082646385e-06,0.0017899260001286166,0.0010134940002899384,4.239899863023311e-05,0.003565405000699684,0.0019563317129724315,0.0014000000000000679,0.3912663425944863,26.832815783280616,0.24656514078951725,False,nan,nan,False,False
590,2.95,0.005001237999749719,0.001348802001302829,5.25900031789206e-06,0.0005837919998157304,0.0008530349987267982,4.6486999053740874e-05,0.0035909519992856076,0.002295038424365322,0.0017000000000000348,0.4590076848730644,24.099962034283585,0.5906264337650476,False,nan,nan,False,False
591,2.955,0.005024402000344708,0.0013510759999917354,7.754000762361102e-06,0.0016868029997567646,0.0009941289990820223,4.472299951885361e-05,0.0035588020000432152,0.001990496488082768,0.0014000000000000679,0.39809929761655355,26.832830249929884,0.20409071613090848,False,nan,nan,False,False
592,2.96,0.004985789999409462,0.0013148779999028193,5.500000042957254e-06,0.0004725130002043443,0.0008644160006952006,4.805899880011566e-05,0.0036133540015725885,0.0018859880998546837,0.001100000000000101,0.37719761997093676,26.832827457953307,0.6327875644034623,False,nan,nan,False,False
593,2.965,0.005004765000194311,0.0014626550000684801,5.769999916083179e-06,0.001544867998745758,0.0010758509997685906,4.6286999349831603e-05,0.0035776969998551067,0.002012915064742643,0.0011996226992705278,0.40258301294852866,26.832868881162085,0.34552336596272515,False,nan,nan,False,False
594,2.97,0.005155959001058363,0.0012793209989467869,6.3920015236362815e-06,0.0006004120004945435,0.0008864569990691962,5.716700070479419e-05,0.003482009000435937,0.002333816800227297,0.0014996226992705364,0.46676336004545943,26.832861597740667,0.46548752211419475,False,nan,nan,False,False
595,2.975,0.004832302000068012,0.0014627649998146808,5.559999408433214e-06,0.0018294900000910275,0.0010892059999605408,4.558500040729996e-05,0.003466939999270835,0.0027823687248784636,0.001799622699270531,0.5564737449756927,26.832816218066306,0.44869395196715417,False,nan,nan,False,False
596,2.98,0.004998995000278228,0.0013783059985144064,5.509999027708545e-06,0.0007089059999998426,0.0009011750007630326,4.4252999941818416e-05,0.0035513190014171414,0.0030496843226538533,0.0020000000000000018,0.6099368645307706,22.288191493007535,0.4831043218789732,False,nan,nan,False,False
597,2.985,0.004996990999643458,0.001482681000197772,5.26000076206401e-06,0.0017536979994474677,0.00112111599992204,4.4172998968861066e-05,0.003459296000073664,0.003136547076902228,0.0020000000000000018,0.6273094153804456,23.309689541788362,0.639667680664433,False,nan,nan,False,False
598,2.99,0.0050134309985878645,0.0013852490010322072,5.620999218081124e-06,0.0005915260007895995,0.000920721999136731,5.5794000218156725e-05,0.0035377530002733693,0.0033294522720121516,0.0020000000000000018,0.6658904544024303,22.050034256888942,0.5394244905613438,False,nan,nan,False,False
599,2.995,0.005004565000490402,0.0014047260010556784,6.862999725854024e-06,0.001615219000086654,0.0010298349989170674,4.357100078777876e-05,0.0035112329987896373,0.00324476164477545,0.002,0.6489523289550901,23.434922940437385,0.6563867821965863,False,nan,nan,False,False
600,3.0,0.004985138000847655,0.0012350689994491404,5.619998773909174e-06,0.0009714960015116958,0.0008568410012230743,4.9932999900192954e-05,0.0037192229992797365,0.0032811725533031452,0.002,0.6562345106606291,22.297097874572476,0.6112906267569749,False,nan,nan,False,False
601,3.005,0.005026876999181695,0.0014491490001091734,5.89099909120705e-06,0.0014694669989694376,0.0010776439994515385,4.395299947645981e-05,0.0034528239993960597,0.003418999326331313,0.0020000000000000018,0.6837998652662626,21.65130865247746,0.6826205501630368,False,nan,nan,False,False
602,3.0100000000000002,0.004972505001205718,0.001228125998750329,5.209998562349938e-06,0.0008323049987666309,0.0008713589995750226,4.402200102049392e-05,0.003702580999743077,0.0035191369889838787,0.0020000000000000018,0.7038273977967757,21.482674928037458,0.661259637878572,False,nan,nan,False,False
603,3.015,0.00499932499951683,0.0014269780003814958,5.34000173502136e-06,0.0018685619997995673,0.00106820699875243,4.630599869415164e-05,0.0035061539983871626,0.0036951623561841344,0.0020000000000000018,0.7390324712368269,17.43580043357147,0.6702266822169046,False,nan,nan,False,False
604,3.02,0.005000547998861293,0.0013301560011313995,5.440000677481294e-06,0.0006910009997227462,0.0009092799991776701,4.509499922278337e-05,0.00360191300023871,0.003574118573843771,0.0020000000000000018,0.7148237147687542,16.9706367308989,0.6397548662590148,False,nan,nan,False,False
605,3.025,0.004999064000003273,0.0014427770001930185,5.420000888989307e-06,0.0017003479988488834,0.0009728589993756032,4.648700087273028e-05,0.003491126000881195,0.0036951623991626804,0.0020000000000000018,0.7390324798325361,16.970573250823957,0.6893126615636979,False,nan,nan,False,False
606,3.0300000000000002,0.0050028620007651625,0.0013655130005645333,5.590998625848442e-06,0.0005730609991587698,0.0008635150006739423,4.5214999772724696e-05,0.003569130998585024,0.003574118548567749,0.0020000000000000018,0.7148237097135498,16.97062868522435,0.6857357721109253,False,nan,nan,False,False
607,3.035,0.005021155999202165,0.001398544000039692,7.2639995778445154e-06,0.0016789989986136789,0.0010492809997231234,4.471399915928487e-05,0.0035105430015391903,0.0035006330977523908,0.0020000000000000018,0.7001266195504782,16.97108623362914,0.8111616931618005,False,nan,nan,False,False
608,3.04,0.004979809000360547,0.0012641030007216614,6.471998858614825e-06,0.0010112399995705346,0.000863393999679829,5.873000009160023e-05,0.003673966999485856,0.003477717872387022,0.0020000000000000018,0.6955435744774043,16.971084015009396,0.8188042141465519,False,nan,nan,False,False
609,3.045,0.005006458000934799,0.0014545089998136973,5.1200004236306995e-06,0.001536673000373412,0.0010842060000868514,4.487400110519957e-05,0.0034940209989144932,0.00346618893651581,0.0020000000000000018,0.6932377873031619,16.972743030636714,0.7621831144229825,False,nan,nan,False,False
610,3.0500000000000003,0.005069966999144526,0.001556479999635485,7.243999789352529e-06,0.0009458889999223175,0.0010717940003814874,5.4160998843144625e-05,0.003311049000330968,0.0034949316306088826,0.0020000000000000018,0.6989863261217764,16.970672378961016,0.7711200606808483,False,nan,nan,False,False
611,3.055,0.004952909001076478,0.0015282059994206065,6.673000825685449e-06,0.0020097569995414233,0.0011293110001133755,5.10259997099638e-05,0.0033861800002341624,0.0035741608648516185,0.0020000000000000018,0.7148321729703236,16.970923632677476,0.7900675646256657,False,nan,nan,False,False
612,3.06,0.005008791998989182,0.0014890740003465908,6.2710005295230076e-06,0.0008985390013549477,0.0009527010006422643,5.579399839916732e-05,0.003416146000745357,0.0035089073072351994,0.0019513933295477806,0.7017814614470399,19.23088582245,0.787353192111719,False,nan,nan,False,False
613,3.065,0.00498798400076339,0.001490095999542973,6.54199902783148e-06,0.0020123909998801537,0.0011081319989898475,4.8631000026944093e-05,0.0034369349996268284,0.0038697317414374934,0.0020000000000000018,0.7739463482874986,19.230886597897456,0.8313028332205415,False,nan,nan,False,False
614,3.0700000000000003,0.005011989000195172,0.0013602429989987286,6.432001100620255e-06,0.0009005430001707282,0.0009269220008718548,5.496199992194306e-05,0.003542091000781511,0.004007548603393533,0.0020000000000000018,0.8015097206787065,17.91876774322596,0.729716192208395,False,nan,nan,False,False
615,3.075,0.004982794998795725,0.0014759580008103512,6.42200029687956e-06,0.002017921999140526,0.0010950659998343326,4.757900023832917e-05,0.0034450999992259312,0.0038492617794474173,0.001899999999999999,0.7698523558894834,26.832839364064554,0.9777763176171126,False,nan,nan,False,False
616,3.08,0.005003452000892139,0.0013503449990821537,6.451999070122838e-06,0.0008894129987311317,0.0009266330016544089,5.9160998716834e-05,0.003558821999831707,0.004078935713865436,0.0020000000000000018,0.8157871427730872,21.094085714198815,0.7504371208942946,False,nan,nan,False,False
617,3.085,0.0049842569987958996,0.001411699000527733,5.941001290921122e-06,0.001980942999580293,0.0010549819999141619,4.734899994218722e-05,0.003516754000884248,0.0034180580918351444,0.0017000000000000348,0.6836116183670289,26.8328159451903,0.6614118993232714,False,nan,nan,False,False
618,3.09,0.005006508999940706,0.0013094780006213114,6.211999789229594e-06,0.0008720000005268957,0.0009351480002806056,4.884100053459406e-05,0.003604266999900574,0.0034217723015562336,0.0020000000000000018,0.6843544603112467,26.8328157402342,0.7810539483470972,False,nan,nan,False,False
619,3.095,0.004981622001650976,0.00141277100010484,5.230000169831328e-06,0.001996171999053331,0.001060792999851401,4.4984000851400197e-05,0.0035222639999119565,0.002981597086195652,0.0017000000000000348,0.5963194172391305,25.084450001237986,0.4686508600593858,False,nan,nan,False,False
620,3.1,0.005007029998523649,0.0012942190005560406,5.840000085299835e-06,0.0008628030009276699,0.0009185170001728693,4.728800013253931e-05,0.003634362999946461,0.003272952689994,0.0020000000000000018,0.6545905379987998,26.832816912121203,0.6601918530656923,False,nan,nan,False,False
621,3.105,0.005000256000130321,0.001463055001295288,5.350000719772652e-06,0.0019934859992645215,0.00109320400042634,4.628700116882101e-05,0.0034650569996301783,0.002669656369403948,0.0017000000000000348,0.5339312738807896,26.83291981074548,0.3050879785675889,False,nan,nan,False,False
622,3.11,0.004997081001420156,0.0013946469989605248,5.870000677532516e-06,0.0008657889993628487,0.0009732399994391017,4.6397000915021636e-05,0.003536291000273195,0.0029192304183626597,0.0020000000000000018,0.583846083672532,26.832820747749707,0.6906498063262042,False,nan,nan,False,False
623,3.115,0.00500493599975016,0.0014570539988199016,5.420999514171854e-06,0.0020053389998793136,0.0010844570006156573,4.601600085152313e-05,0.0034689940002863295,0.002452906125114673,0.0017000000000000348,0.4905812250229345,26.832815919173225,0.2237051713212888,False,nan,nan,False,False
624,3.12,0.0049978320002992405,0.0014308949994301656,5.681000402546488e-06,0.0008743649996176828,0.000968210000792169,4.732900015369523e-05,0.003504500999042648,0.00285542842662802,0.0020000000000000018,0.571085685325604,24.24111126461977,0.5445270122298824,False,nan,nan,False,False
625,3.125,0.005008532998544979,0.0014555810012097936,5.7010001910384744e-06,0.0014563219992851373,0.0010716830001911148,4.681700011133216e-05,0.003462732998741558,0.0025414150963771493,0.0017000000000000348,0.5082830192754298,26.215130128251968,0.24735144528623984,False,nan,nan,False,False
626,3.13,0.004988765000234707,0.0015788220007380005,5.689998943125829e-06,0.0008679330003360519,0.0010816809990501497,4.567599899019115e-05,0.0033535080001456663,0.0023834176151505152,0.0014000000000000679,0.47668352303010314,26.83284916437469,0.6723164402537694,False,nan,nan,False,False
627,3.1350000000000002,0.005004374999771244,0.001509812000222155,6.072001269785687e-06,0.0014498400014417712,0.0011260350001975894,4.6507000661222264e-05,0.003426265000598505,0.002408853164554135,0.0011995012153552115,0.481770632910827,26.83309486805266,0.29062692228188514,False,nan,nan,False,False
628,3.14,0.005021857001338503,0.0014948739990359172,6.300999302766286e-06,0.0008985099993878976,0.0009996579992730403,5.074499858892523e-05,0.003418210000745603,0.0023205726235184625,0.0014098595427693983,0.4641145247036926,26.83283758521494,0.5756536516645554,False,nan,nan,False,False
629,3.145,0.0049922620000870666,0.0014006479996169219,5.550000423681922e-06,0.002022941000177525,0.0010167410000576638,4.69980004709214e-05,0.00351425000008021,0.0026357054976959182,0.0017098595427693652,0.5271410995391836,26.83287885965079,0.46627570040173144,False,nan,nan,False,False
630,3.15,0.004986961999748019,0.0013536810001824051,5.609999789157882e-06,0.0008713490005902713,0.0009543030009808717,4.7469000492128544e-05,0.0035801119993266184,0.0030609307570273955,0.0020000000000000018,0.612186151405479,26.658793916133266,0.5923531699595752,False,nan,nan,False,False
631,3.1550000000000002,0.005001388999517076,0.0014913680006429786,5.591000444837846e-06,0.001463935999709065,0.0011224379995837808,4.564600021694787e-05,0.003437575998759712,0.003355324818616096,0.0020000000000000018,0.6710649637232193,23.173976445078974,0.6153556175720963,False,nan,nan,False,False
632,3.16,0.005000987999665085,0.001430995000191615,5.480000254465267e-06,0.0008840620012051659,0.0010302259997843066,4.589600030158181e-05,0.0034938410008180654,0.003509986200779543,0.0020000000000000018,0.7019972401559086,18.77033108276464,0.6533834746055338,False,nan,nan,False,False
633,3.165,0.005009133999919868,0.0014743160008947598,5.840998710482381e-06,0.0014669020001747413,0.0010927830007858574,4.587500006891787e-05,0.0034517120002419688,0.0036027767218027086,0.0020000000000000018,0.7205553443605417,16.970660733198752,0.7315512911813561,False,nan,nan,False,False
634,3.17,0.005007240000850288,0.001493851999839535,6.190999556565657e-06,0.0009062350000021979,0.000982305999059463,4.7228999392245896e-05,0.0034152039988839533,0.003590264615128204,0.0020000000000000018,0.7180529230256407,20.784616124969126,0.6471674934978079,False,nan,nan,False,False
635,3.1750000000000003,0.004979998999260715,0.0014575950008293148,5.951000275672413e-06,0.002003625000725151,0.0010622659992804984,4.592600089381449e-05,0.0034728509999695234,0.0036626097868237757,0.0020000000000000018,0.7325219573647551,20.990620289134778,0.726215349273469,False,nan,nan,False,False
636,3.18,0.0050037029996019555,0.0014626140000473242,5.760000931331888e-06,0.0008923580007831333,0.0009837189991230844,4.8411000534542836e-05,0.003462812999714515,0.0039103338585153675,0.0020000000000000018,0.7820667717030735,24.00013853900411,0.7392134440714222,False,nan,nan,False,False
637,3.185,0.004999214999770629,0.0014896350003255066,5.810999937239103e-06,0.0020138740001129918,0.001107631000195397,4.5284001316758804e-05,0.003450590000284137,0.004153880260453146,0.0020000000000000018,0.8307760520906292,24.000669982979314,0.7709228965478373,False,nan,nan,False,False
638,3.19,0.00501979399996344,0.0009143190000031609,6.050999218132347e-06,0.000904401000298094,0.0006213109991222154,3.1207999199978076e-05,0.0039764830016792985,0.004159618545757725,0.0020000000000000018,0.831923709151545,13.447016982475681,0.785886170014989,False,nan,nan,False,False
639,3.1950000000000003,0.0049621050002315314,0.0014607810007873923,5.208999937167391e-06,0.0014255050009523984,0.001090148000002955,4.492299922276288e-05,0.003481908999674488,0.00394277629412129,0.0020000000000000018,0.788555258824258,16.970609765056555,0.8759895309192303,False,nan,nan,False,False
640,3.2,0.005012851001083618,0.0013597719989775214,5.490001058205962e-06,0.0008887610001693247,0.0009612570011086063,4.702800106315408e-05,0.003571966000890825,0.003933007503394251,0.0020000000000000018,0.7866015006788504,16.971172964451725,0.7297709446209115,False,nan,nan,False,False
641,3.205,0.005008882999391062,0.0015488450007978827,5.710999175789766e-06,0.002023913000812172,0.0010780349984997883,4.367200017441064e-05,0.0033705909991113003,0.0032774392082523256,0.0017000000000000348,0.6554878416504651,26.83291239387014,0.7082858211113584,False,nan,nan,False,False
642,3.21,0.004990057999748387,0.001355403001070954,5.469999450724572e-06,0.0008817289999569766,0.0009604949991626199,4.634600009012502e-05,0.003572057999917888,0.003184200023264523,0.0020000000000000018,0.6368400046529046,24.178249969609627,0.8449891796772825,False,nan,nan,False,False
643,3.215,0.004996419000235619,0.0014197239997884026,5.450001481221989e-06,0.0019876849983120337,0.0010565549982857192,4.4383001295500435e-05,0.0035151510001014685,0.0034939567916794966,0.0020000000000000018,0.6987913583358993,22.677221370025585,0.48970802191858825,False,nan,nan,False,False
644,3.22,0.005009685000914033,0.001365371999781928,5.850999514223076e-06,0.000887168000190286,0.000971757001025253,4.5856000724597834e-05,0.0035653949998959433,0.0028949606091035656,0.0017000000000000348,0.5789921218207132,26.832816887032088,0.7514895572118407,False,nan,nan,False,False
645,3.225,0.004998413998691831,0.001553373000206193,5.951000275672413e-06,0.001455871999496594,0.001172530999610899,4.516499939200003e-05,0.0033762210005079396,0.0029824960394621287,0.0020000000000000018,0.5964992078924257,24.58618962380722,0.7903006165722835,False,nan,nan,False,False
646,3.23,0.004999214001145447,0.0009755339997354895,5.118999979458749e-06,0.0008520330011378974,0.0006968519992369693,4.038599945488386e-05,0.003933592999601387,0.0024996589190254444,0.0017000000000000348,0.49993178380508885,26.832825235407142,0.5112118925216457,False,nan,nan,False,False
647,3.235,0.004963198000041302,0.0010282019993610447,4.21799995820038e-06,0.0019327029986015987,0.0007403939998766873,3.5166000088793226e-05,0.0039142770001490135,0.0030563718066280335,0.0020000000000000018,0.6112743613256068,26.83282013291557,0.3939140707633713,False,nan,nan,False,False
648,3.24,0.004995056999177905,0.0009111029994528508,3.926999852410518e-06,0.0008093729993561283,0.0006579799992323387,3.336199915793259e-05,0.004036476000692346,0.0031895217793743327,0.0020000000000000018,0.6379043558748665,21.82657651161365,0.5097318348649464,False,nan,nan,False,False
649,3.245,0.004999755999961053,0.0010432199997012503,3.967999873566441e-06,0.001910171000417904,0.0007822930001566419,4.083600106241647e-05,0.00390600200080371,0.002947221089558813,0.0017000000000000348,0.5894442179117626,26.832815831506032,0.9311926009072894,False,nan,nan,False,False
650,3.25,0.005001819999961299,0.0009032979996845825,3.9570004446431994e-06,0.0007627959985256894,0.000643442999717081,3.480499981378671e-05,0.004042186999868136,0.0034954337867394466,0.0020000000000000018,0.6990867573478893,25.5506526851424,0.48951972778710007,False,nan,nan,False,False
651,3.255,0.004997682000976056,0.001036177000059979,4.27799932367634e-06,0.0018257229985465528,0.0007800889998179628,3.291200118837878e-05,0.003910940999048762,0.003386792935205485,0.0020000000000000018,0.6773585870410971,25.67763715720427,0.47950369426922806,False,nan,nan,False,False
652,3.2600000000000002,0.0049976219997915905,0.0008939809995354153,4.0570012060925364e-06,0.0007511940002586925,0.0006341659991448978,3.259100049035624e-05,0.004065459999765153,0.0035527243638267558,0.0020000000000000018,0.710544872765351,24.000008017426275,0.5683379940024873,False,nan,nan,False,False
653,3.265,0.005011317998651066,0.0010217200015176786,4.077000994584523e-06,0.0018250920002174098,0.0007602109999425011,3.279100019426551e-05,0.003916530999049428,0.003477547170333065,0.0020000000000000018,0.6955094340666129,24.00000221715114,0.6302639464475301,False,nan,nan,False,False
654,3.27,0.0049883940009749494,0.0008952940006565768,3.858000127365813e-06,0.0007492309996450786,0.0006230050003068754,4.629599970940035e-05,0.004066981999130803,0.0033830191249215203,0.0020000000000000018,0.676603824984304,21.166013418671806,0.6934503144298605,False,nan,nan,False,False
655,3.275,0.00501297099981457,0.0010568359994067578,3.8670004869345576e-06,0.0017345519991067704,0.0006946289995539701,3.238999852328561e-05,0.0038800020010967273,0.0033085216319278478,0.0020000000000000018,0.6617043263855695,20.78519861672769,0.6321181695640715,False,nan,nan,False,False
656,3.2800000000000002,0.004986932000974775,0.0008687639983691042,3.946999640902504e-06,0.0006134769992058864,0.000619057000221801,3.115899926342536e-05,0.004079366000951268,0.003240554184216809,0.0020000000000000018,0.6481108368433618,21.383305050158977,0.7437247673922424,False,nan,nan,False,False
657,3.285,0.004997561998607125,0.001019606001136708,3.837001713691279e-06,0.0017133330002252478,0.0007616330003656913,3.165900125168264e-05,0.003933242000130122,0.0029896540110520304,0.0018191399854938228,0.5979308022104061,26.8330458755416,0.6667130165709414,False,nan,nan,False,False
658,3.29,0.005002792000595946,0.0008696860004420159,3.947001459891908e-06,0.0006014739992679097,0.0006209210005181376,3.087799996137619e-05,0.004079574999195756,0.002790002674747745,0.0020000000000000018,0.5580005349495489,25.066794358823593,0.7539241039790725,False,nan,nan,False,False
659,3.295,0.0050029220001306385,0.0010593499991955468,4.188001184957102e-06,0.0016766940007073572,0.0008034019992919639,3.288100015197415e-05,0.003889470001013251,0.002580594874111523,0.0020000000000000018,0.5161189748223046,24.000011398333402,0.6273945492036086,False,nan,nan,False,False
660,3.3000000000000003,0.004999695000151405,0.0008883310001692735,3.827000909950584e-06,0.0006641420004598331,0.0006293659989751177,3.902299977198709e-05,0.004060840999954962,0.002957044961952925,0.0020000000000000018,0.5914089923905851,24.00002905573743,0.6905108478886888,False,nan,nan,False,False
661,3.305,0.005005638000511681,0.001192628998978762,4.5289998524822295e-06,0.0018308329999854323,0.000888750999365584,3.549599932739511e-05,0.0037546479998127325,0.002887814140414113,0.0020000000000000018,0.5775628280828226,24.000080277912932,0.5988732219978941,False,nan,nan,False,False
662,3.31,0.005002149999199901,0.0009971439994842513,4.618001185008325e-06,0.0007311769986699801,0.0007105080003384501,3.5016000765608624e-05,0.0039621659998374525,0.002941908463669892,0.0020000000000000018,0.5883816927339783,24.00001775007196,0.6174439652622505,False,nan,nan,False,False
663,3.315,0.005024912999942899,0.0011594970001169713,1.0810999810928479e-05,0.0018272449997311924,0.0008353020002687117,4.572600118990522e-05,0.003767432999666198,0.003112905659983589,0.0020000000000000018,0.6225811319967178,24.00002001446539,0.5991771570998097,False,nan,nan,False,False
664,3.3200000000000003,0.0049801189998106565,0.0009759040003700648,4.358000296633691e-06,0.0006698619999951916,0.0007006899995758431,3.410399949643761e-05,0.00395911099985824,0.0032566147867006848,0.0020000000000000018,0.6513229573401369,21.16628356544757,0.472312153059281,False,nan,nan,False,False
665,3.325,0.004988615000911523,0.0011905960000149207,4.117999196751043e-06,0.0017738459991960553,0.0008866570005920948,3.824099985649809e-05,0.003774404998694081,0.0034162695781706975,0.0020000000000000018,0.6832539156341395,20.785307784688474,0.5783579602481493,False,nan,nan,False,False
666,3.33,0.005020304999561631,0.0009597539992682869,4.248000550433062e-06,0.0006271120000747032,0.0006864229999337113,4.214799992041662e-05,0.0039746189995639725,0.0035265071407175786,0.0020000000000000018,0.7053014281435156,17.436595893781945,0.519593309782908,False,nan,nan,False,False
667,3.335,0.0049917510004888754,0.001133788999140961,4.388000888866372e-06,0.0016912209994188743,0.0008117779998428887,4.442300087248441e-05,0.0038067660007072845,0.0036292724396184005,0.0020000000000000018,0.72585448792368,16.972360408959226,0.6732219561460875,False,nan,nan,False,False
668,3.34,0.004995777999283746,0.0009564579995640088,4.27799932367634e-06,0.0005397490003815619,0.0006921330004843185,3.400399873498827e-05,0.003983557000537985,0.003777166682499555,0.0020000000000000018,0.755433336499911,16.97468987477453,0.6200252837617695,False,nan,nan,False,False
669,3.345,0.005003051999665331,0.0011495090002426878,4.969000656274147e-06,0.0016154000004462432,0.0008317039992107311,4.5745000534225255e-05,0.0037908560007053893,0.003965222092375802,0.0020000000000000018,0.7930444184751605,17.0168634371027,0.6976465350161211,False,nan,nan,False,False
670,3.35,0.004992743000912014,0.0008795140001893742,3.886998456437141e-06,0.00040670000089448877,0.0006279329991230043,3.252099850215018e-05,0.004061692998220678,0.003997235342663893,0.0020000000000000018,0.7994470685327786,16.97633688464826,0.7712789083409098,False,nan,nan,False,False
671,3.355,0.004992862999642966,0.0010491720004210947,4.007000825367868e-06,0.0015083689995663008,0.000776341001255787,3.82310008717468e-05,0.003919896998922923,0.004205971169284832,0.0020000000000000018,0.8411942338569663,16.3034696171185,0.9137723539687693,False,nan,nan,False,False
672,3.36,0.005020634998800233,0.0009274440017179586,4.008001269539818e-06,0.0009103109987336211,0.0006405780004570261,3.2881998777156696e-05,0.004001599998446181,0.003902588094885691,0.0020000000000000018,0.7805176189771382,24.025807132438707,0.9196730187512915,False,nan,nan,False,False
673,3.365,0.0049838170016300865,0.0010600209989206633,4.036999598611146e-06,0.0014212269998097327,0.0008071490010479465,3.253099930589087e-05,0.0038845910003146855,0.004210878973268048,0.0020000000000000018,0.8421757946536097,22.95405596142935,1.023099773811618,False,nan,nan,False,False
674,3.37,0.00499581799886073,0.0008970569997472921,4.0169998101191595e-06,0.0008116669996525161,0.0006412080001609866,3.26509998558322e-05,0.004051022000567173,0.0043307345712347844,0.0020000000000000018,0.8661469142469568,12.761961076804708,0.919479381911232,False,nan,nan,False,False
675,3.375,0.0049985540008492535,0.0010413759991934057,3.817000106209889e-06,0.0013869020003767218,0.0007769219992042053,3.201999970769975e-05,0.003909868999471655,0.00442103459311699,0.0020000000000000018,0.8842069186233981,10.129124528734636,1.1128041981784107,False,nan,nan,False,False
676,3.38,0.005003061998650082,0.0008787130009295652,3.946999640902504e-06,0.0008154849983839085,0.0006250690003071213,3.202000152668916e-05,0.004068293999807793,0.003843531706480889,0.001827148574891399,0.7687063412961778,24.29756790445188,0.8655607505526255,False,nan,nan,False,False
677,3.3850000000000002,0.004997061001631664,0.001033721999192494,3.9570004446431994e-06,0.0013830950010742527,0.0007662619991606334,3.254100010963157e-05,0.003925318000256084,0.0037092062945972655,0.0020000000000000018,0.7418412589194531,20.980326211128045,0.9189808783856361,False,nan,nan,False,False
678,3.39,0.005011206998460693,0.0008835920016281307,3.836999894701876e-06,0.0008177580002666218,0.0006305079987214413,3.2161000490305014e-05,0.0040537779987062095,0.003045067053370811,0.0017000000000000348,0.6090134106741621,26.83283143494899,0.6924061257285123,False,nan,nan,False,False
679,3.395,0.004988545000742306,0.0011063879992434522,4.0480008465237916e-06,0.001388725999277085,0.0008192009991034865,3.478500002529472e-05,0.0038616290003119502,0.0033182076309657372,0.0020000000000000018,0.6636415261931474,26.83281661049354,0.7962781749377575,False,nan,nan,False,False
680,3.4,0.00502422200042929,0.000970864999544574,4.208000973449089e-06,0.0008349309991899645,0.0007027640003798297,3.3632000850047916e-05,0.003957758000979084,0.00269160433173054,0.0017000000000000348,0.538320866346108,26.833266711732016,0.6428953211785625,False,nan,nan,False,False
681,3.4050000000000002,0.0049834359997475985,0.0011459920006018365,4.237999746692367e-06,0.0014064490005694097,0.0008436980006081285,4.565499875752721e-05,0.0038008349984011147,0.002847457752238625,0.0020000000000000018,0.5694915504477249,26.832836034228674,0.8209892134538853,False,nan,nan,False,False
682,3.41,0.004998864000299363,0.0009000319987535477,4.077000994584523e-06,0.000802309999926365,0.00063743100145075,3.28009991790168e-05,0.004042978000143194,0.002328570049329589,0.0017000000000000348,0.46571400986591777,26.832819209915737,0.472705617301996,False,nan,nan,False,False
683,3.415,0.004994385999452788,0.0010309070003131637,4.006999006378464e-06,0.001887157999590272,0.0007797980015311623,3.153899888275191e-05,0.0039193659995362395,0.002719945027160659,0.0020000000000000018,0.5439890054321318,26.833079142009396,0.6417169993461401,False,nan,nan,False,False
684,3.42,0.005001097999411286,0.0008918070016079582,3.887000275426544e-06,0.0007499420007661683,0.0006417889999283943,3.192000076523982e-05,0.004058957998495316,0.002330734692779159,0.0017000000000000348,0.4661469385558318,26.83282247125317,0.33482487873270905,False,nan,nan,False,False
685,3.4250000000000003,0.005004345000998001,0.0010990840000886237,4.21699951402843e-06,0.001814300998375984,0.0008262749997811625,3.436400038481224e-05,0.0038553169997612713,0.0020896287315796407,0.0014000000000000679,0.41792574631592816,26.832867935620982,0.6331445295299275,False,nan,nan,False,False
686,3.43,0.00500656799886201,0.0008812180003587855,3.9979986468097195e-06,0.0007589779997942969,0.0006287259984674165,3.229000139981508e-05,0.004054940000060014,0.002685113472325305,0.0017000000000000348,0.537022694465061,26.832869442411223,0.34602280333683805,False,nan,nan,False,False
687,3.435,0.0049878750014613615,0.001024533999952837,4.147999788983725e-06,0.0018212349987152265,0.0007562639984826092,3.192000076523982e-05,0.003923995998775354,0.0026877608765595185,0.001637392770457824,0.5375521753119037,26.832815731368957,0.3857151166798583,False,nan,nan,False,False
688,3.44,0.004999594999389956,0.0008992109997052466,4.187999365967698e-06,0.0007433190003212076,0.0006462679994001519,3.11679996229941e-05,0.00404678400082048,0.002739187896477983,0.001765887558880408,0.5478375792955966,24.544225756676394,0.5402646462767541,False,nan,nan,False,False
689,3.4450000000000003,0.004995627999960561,0.0010271999999531545,4.068000635015778e-06,0.0018085399988194695,0.0007619139996677404,3.065700002480298e-05,0.0039272409994737245,0.003324808861407838,0.0019541525058186515,0.6649617722815677,25.153743298177584,0.5514245137423924,False,nan,nan,False,False
690,3.45,0.0050049460005539,0.0008764479989622487,4.07699917559512e-06,0.0007497409987990977,0.000623234998784028,3.2280999221256934e-05,0.004069167000125162,0.0032940644114228578,0.001825703461203254,0.6588128822845716,23.13694332178479,0.5895831046320019,False,nan,nan,False,False
691,3.455,0.00499519799996051,0.0010558430003584363,3.9480000850744545e-06,0.0018147520004276885,0.0007057390012050746,3.22600008075824e-05,0.003911431998858461,0.003008030850736633,0.0019710142409243014,0.6016061701473266,26.83281658430537,0.6272792026132512,False,nan,nan,False,False
692,3.46,0.0050202339989482425,0.0009021160003612749,4.096998964087106e-06,0.0007644489996891934,0.0006368900012603262,3.322200063848868e-05,0.0040435379996779375,0.0026435120564265494,0.0020000000000000018,0.5287024112853098,24.028972761371012,0.659909896362742,False,nan,nan,False,False
693,3.465,0.005017057999793906,0.0011201640008948743,5.2200011850800365e-06,0.0017775830001482973,0.0008312940008181613,4.55150002380833e-05,0.003801415999987512,0.0023522169338176364,0.0020000000000000018,0.4704433867635272,24.000071636044055,0.5107647340790266,False,nan,nan,False,False
694,3.47,0.004977995000444935,0.000918396999622928,4.357998477644287e-06,0.0006625980004173471,0.0006531109993375139,3.701900095620658e-05,0.004021798000394483,0.0021903640701337753,0.0020000000000000018,0.4380728140267551,24.00018205386624,0.5335501332633302,False,nan,nan,False,False
695,3.475,0.004992944001060096,0.001005849999273778,4.397999873617664e-06,0.0016685399987181881,0.0007153869992180262,4.072600131621584e-05,0.003941908000342664,0.0021868885856982166,0.0020000000000000018,0.43737771713964324,24.000471399430882,0.4974757935905307,False,nan,nan,False,False
696,3.48,0.005003401998692425,0.0008986299999378389,4.4790012907469645e-06,0.0005460909997054841,0.0006477409988292493,3.368299985595513e-05,0.00404586300101073,0.00242449831190013,0.0020000000000000018,0.484899662380026,24.0051096162116,0.5007842089525947,False,nan,nan,False,False
697,3.485,0.0049967410013778135,0.0010650009990058606,4.267998519935645e-06,0.0016677870007697493,0.0007818419999239268,3.2931999157881364e-05,0.0038823569993837737,0.0027737673517104957,0.0020000000000000018,0.5547534703420992,24.00010742638791,0.4718330999701442,False,nan,nan,False,False
698,3.49,0.004997460999220493,0.0008923679997678846,3.946999640902504e-06,0.0005250809990684502,0.0006445449998864206,3.314199966553133e-05,0.004056173000208219,0.003019690955824177,0.0020000000000000018,0.6039381911648354,24.00019847935422,0.44062180101946646,False,nan,nan,False,False
699,3.495,0.004999565999241895,0.0009931960012181662,4.187999365967698e-06,0.001645356000153697,0.000709635998646263,3.343299977132119e-05,0.003954382000301848,0.003356081856147757,0.0020000000000000018,0.6712163712295514,24.00068911102396,0.5944017392367547,False,nan,nan,False,False
700,3.5,0.004998854001314612,0.0008717700002307538,3.967999873566441e-06,0.0005350400006136624,0.0006301280009211041,3.1539000701741315e-05,0.004075868999279919,0.003649827620698745,0.0020000000000000018,0.729965524139749,21.225626358320884,0.5454483665207907,False,nan,nan,False,False
701,3.505,0.004998843998691882,0.0010481100016477285,3.836999894701876e-06,0.0016457860001537483,0.0007846070002415217,3.182900036335923e-05,0.0039027449984132545,0.0038289098889154765,0.0020000000000000018,0.7657819777830952,17.435605076061858,0.7816822615744616,False,nan,nan,False,False
702,3.5100000000000002,0.005002351001166971,0.0008710379988770001,3.817000106209889e-06,0.0005219060003582854,0.0006232849991647527,3.8902999222045764e-05,0.00407678100054909,0.003310779089575115,0.0017000000000000348,0.662155817915023,25.393086319763114,0.6517158082143795,False,nan,nan,False,False
703,3.515,0.005000737999580451,0.0009808329996303655,4.027999239042401e-06,0.0016568170012760675,0.0007033849997242214,3.3352000173181295e-05,0.0039649720001762034,0.0029250084004390975,0.0014000000000000679,0.5850016800878196,24.010826929769408,0.7877878521123892,False,nan,nan,False,False
704,3.52,0.0049960390006162925,0.0008677320001879707,3.7970003177179024e-06,0.0005241899998509325,0.0006242469989956589,3.182000000379048e-05,0.00408580799921765,0.00332124291889518,0.0016909710687487908,0.6642485837790361,20.625807652036976,0.6295692261532707,False,nan,nan,False,False
705,3.525,0.005004063999876962,0.001027291000355035,3.7569989217445254e-06,0.0015978469982655952,0.000763817999541061,3.1479001336265355e-05,0.00392065899904992,0.003547677134709402,0.001982487710173994,0.7095354269418804,21.088425853282683,0.47538501107872727,False,nan,nan,False,False
706,3.5300000000000002,0.004999646000214852,0.0008806459991319571,4.0480008465237916e-06,0.0005298800006130477,0.0006316599992715055,3.13989985443186e-05,0.00406724300046335,0.00290893703390561,0.0016824877101739993,0.5817874067811221,26.195936323614823,0.7770439147689661,False,nan,nan,False,False
707,3.535,0.004998974998670747,0.0010710810001910431,3.807999746641144e-06,0.0016436019996035611,0.0007788160000927746,3.9434000427718274e-05,0.00387737900018692,0.0028912998843198803,0.0016835114975470855,0.578259976863976,24.070762026856936,0.9549743099562039,False,nan,nan,False,False
708,3.54,0.004999495000447496,0.0008734029997867765,3.746999936993234e-06,0.0005321139997249702,0.0006350069998006802,3.100800131505821e-05,0.004075328000908485,0.002257466929436475,0.0013835114975471186,0.451493385887295,26.83291660052444,0.5235740381201935,False,nan,nan,False,False
709,3.545,0.005000698000003467,0.0010313980001228629,4.067000190843828e-06,0.0016102600002341205,0.0007653400007257005,3.208999987691641e-05,0.003915999999662745,0.0016530857285033966,0.0010835114975471516,0.33061714570067935,26.83281683361544,0.58057746677598,False,nan,nan,False,False
710,3.5500000000000003,0.00502121600038663,0.0008685630000400124,4.027000613859855e-06,0.000538756999958423,0.0006260099999053637,3.1789000786375254e-05,0.004056051999214105,0.0013972407849627614,0.000869211362395688,0.27944815699255227,26.83281637211429,0.4217378008199095,False,nan,nan,False,False
711,3.555,0.004974237999704201,0.0010418279998702928,3.9570004446431994e-06,0.0016301369996654103,0.0007800080002198229,3.180899875587784e-05,0.0039117420001275605,0.0013165235811290206,0.0009159973736987403,0.2633047162258041,21.99197718224703,0.19710656699689605,False,nan,nan,False,False
712,3.56,0.005003603000659496,0.0008784319998085266,4.047999027534388e-06,0.0004914390010526404,0.0006315709997579688,3.608699989854358e-05,0.004070929999215878,0.0011589181982918852,0.0009342836606043292,0.23178363965837703,26.832816084650645,0.37810095719187276,False,nan,nan,False,False
713,3.565,0.005001849998734542,0.0010968400001729606,4.108000211999752e-06,0.0015873970005486626,0.0006978649998927722,3.39639991580043e-05,0.004071712000950356,0.001685787686789084,0.0012342836606042962,0.33715753735781684,26.184575310216392,0.4078055093908919,False,nan,nan,False,False
714,3.5700000000000003,0.005302983001456596,0.0009480419994361,4.60900082543958e-06,0.0003168130006088177,0.0006494240005849861,4.075700053363107e-05,0.0036952280006516958,0.0016828265406854562,0.0015342836606042631,0.33656530813709123,26.670678887460717,0.2370419536865035,False,nan,nan,False,False
715,3.575,0.004694384999311296,0.0010107599991897587,3.926999852410518e-06,0.0014688859992020298,0.0007398439993266948,3.2500000088475645e-05,0.0039397640011884505,0.0018381604004986275,0.001434461104872664,0.3676320800997255,24.329885144995075,0.2657164401800487,False,nan,nan,False,False
716,3.58,0.005003111999030807,0.0008955240009527188,4.0480008465237916e-06,0.0009450160014239373,0.0006497449994640192,3.248100074415561e-05,0.004050101000757422,0.0015546668887029959,0.0013994218063493324,0.3109333777405992,21.262005607480933,0.3009681571534778,False,nan,nan,False,False
717,3.585,0.004997742000341532,0.0011141830000269692,4.067998816026375e-06,0.0013805409998894902,0.0008536559998901794,3.3211999834747985e-05,0.0038480540006275987,0.001633305704060502,0.0011428412370957375,0.3266611408121004,26.102376903519744,0.612345253137348,False,nan,nan,False,False
718,3.59,0.0050144739998359,0.000888691000000108,4.117999196751043e-06,0.00038876600046933163,0.0006370909995894181,3.209000169590581e-05,0.004052355001476826,0.0013795421672144915,0.0010681670234542473,0.27590843344289834,24.185160398264504,0.2578461676605431,False,nan,nan,False,False
719,3.595,0.0049924120012292406,0.001139359999797307,3.967999873566441e-06,0.0013823139997839462,0.0008438069999101572,4.2048999603139237e-05,0.0038106629999674624,0.0008995788174580707,0.0007681670234542803,0.17991576349161414,26.832910672565312,0.6709305022609372,False,nan,nan,False,False
720,3.6,0.005007199999454315,0.0009811239997361554,4.468000042834319e-06,0.0007409150002786191,0.0007140649995562853,3.4515000152168795e-05,0.003956376000132877,0.0007844402622377135,0.0005331752088455488,0.1568880524475427,26.832820761710494,0.35048349905496784,False,nan,nan,False,False
721,3.605,0.004994255999918096,0.001212015000419342,4.27799932367634e-06,0.0012219129985169275,0.0009082879987545311,3.552599991962779e-05,0.0037321469990274636,0.0012481719264942086,0.0008331752088455158,0.2496343852988417,24.321843358919804,0.2425135809528561,False,nan,nan,False,False
722,3.61,0.004999194999982137,0.0009583610008121468,4.468000042834319e-06,0.0007166800005506957,0.0006853509985376149,3.322200063848868e-05,0.00398019999920507,0.0018837575350336994,0.0011331752088454827,0.37675150700673987,26.832857142447725,0.18270379545382806,False,nan,nan,False,False
723,3.615,0.004995478000637377,0.0011101549989689374,3.725999704329297e-06,0.0017745770001056371,0.0008436469997832319,3.1248999221134e-05,0.003844406001007883,0.0021761188720553224,0.0014331752088454497,0.43522377441106447,26.832899876902477,0.3696726105963269,False,nan,nan,False,False
724,3.62,0.0050045049993059365,0.0008810170002107043,4.0480008465237916e-06,0.0007360260005953023,0.0006230349990801187,3.910300074494444e-05,0.004059377999510616,0.0026363941899636,0.0017331752088454166,0.52727883799272,24.38622632703022,0.2778785198090908,False,nan,nan,False,False
725,3.625,0.004992481999579468,0.0010342330006096745,4.178000381216407e-06,0.001797439999791095,0.0007781839995004702,3.146900053252466e-05,0.00391554000088945,0.0032112653371881403,0.0020000000000000018,0.642253067437628,26.266200823800077,0.47680356260172063,False,nan,nan,False,False
726,3.63,0.005003954000130761,0.0009819450006034458,4.117999196751043e-06,0.0007444410002790391,0.0007072819989843993,3.3323000025120564e-05,0.003962005999710527,0.0033740431684610673,0.0020000000000000018,0.6748086336922133,21.858918092667786,0.379636331738887,False,nan,nan,False,False
727,3.6350000000000002,0.004995688001145027,0.001039994000166189,3.817000106209889e-06,0.0017985819995374186,0.0007639590003236663,3.19499995384831e-05,0.003909858998667914,0.0035178766818036544,0.0020000000000000018,0.7035753363607309,12.066756753904022,0.8183827932714494,False,nan,nan,False,False
728,3.64,0.0050009979986498365,0.0008795450012257788,4.0380000427830964e-06,0.0007409449990518624,0.0006288450003921753,3.176900099788327e-05,0.0040669319987500785,0.003610255500225497,0.0020000000000000018,0.7220511000450994,16.970563089602344,0.6107377177106151,False,nan,nan,False,False
729,3.645,0.005010998000216205,0.0010329699998692377,4.086999979335815e-06,0.0012754149993270403,0.0007714620005572215,3.2309999369317666e-05,0.003904930001226603,0.0035178767790288385,0.0020000000000000018,0.7035753558057676,16.970584559779812,0.6481399685311348,False,nan,nan,False,False
730,3.65,0.004988324000805733,0.0008926890004659072,3.876999471685849e-06,0.0007247749999805819,0.0006210709998413222,3.201000072294846e-05,0.0040557609991083154,0.0034751932676484,0.0020000000000000018,0.69503865352968,16.97056474225591,0.7258002921509138,False,nan,nan,False,False
731,3.6550000000000002,0.004999074999432196,0.0010394529999757651,4.026998794870451e-06,0.0017995440011873143,0.000772854000388179,3.1408999348059297e-05,0.0039116820007620845,0.0035178766998367247,0.0020000000000000018,0.7035753399673449,16.970564933815947,0.7021291454307165,False,nan,nan,False,False
732,3.66,0.005001609000828466,0.0008846539985825075,3.896999260177836e-06,0.0007352539996645646,0.0006328330000542337,3.0836999940220267e-05,0.00406424700122443,0.0036102555012440486,0.0020000000000000018,0.7220511002488098,16.970565485740156,0.7223185918919313,False,nan,nan,False,False
733,3.665,0.005016717999751563,0.0010658319988579024,3.826999090961181e-06,0.0012793320001946995,0.0008066880000114907,3.3021999115590006e-05,0.0038677900010952726,0.003007566622940334,0.0017000000000000348,0.6015133245880668,26.83282786964638,0.8256468836855768,False,nan,nan,False,False
734,3.67,0.00498515899926133,0.0008936600006563822,3.986999217886478e-06,0.0007489310009987094,0.000631029999567545,3.571700108295772e-05,0.004050882000228739,0.0031681174712793777,0.0020000000000000018,0.6336234942558756,26.83281627507796,0.8155295971177036,False,nan,nan,False,False
735,3.6750000000000003,0.0050099150012101745,0.0010341529996367171,4.088000423507765e-06,0.0012810640000679996,0.0007714719995419728,3.1998999475035816e-05,0.0039016329992591636,0.003356405260336191,0.0020000000000000018,0.6712810520672382,20.78462896539524,0.4323350436792657,False,nan,nan,False,False
736,3.68,0.004986149999240297,0.0008874590002960758,3.936998837161809e-06,0.0007263280003826367,0.0006293769984040409,3.117900087090675e-05,0.004060780998770497,0.0030612391254056627,0.0017570041758145916,0.6122478250811325,23.86124483400791,0.7974401602816662,False,nan,nan,False,False
737,3.685,0.0049993560005532345,0.0009910119988489896,3.716999344760552e-06,0.0018055659984383965,0.0007163079990277765,3.144800029986072e-05,0.003959941999710281,0.0027982611765838554,0.0018362865162722258,0.5596522353167712,26.832826713330167,0.8611248726156776,False,nan,nan,False,False
738,3.69,0.005001157998776762,0.0008815480014163768,3.817000106209889e-06,0.0007453929993062047,0.0006289450011536246,3.197000114596449e-05,0.004067202999067376,0.002437781725429597,0.0015362865162722242,0.48755634508591944,26.83281898005185,0.7112988004099201,False,nan,nan,False,False
739,3.6950000000000003,0.005012730000089505,0.0010138449997612042,3.997000021627173e-06,0.001829029000873561,0.0007517459998780396,3.113799903076142e-05,0.00392408500010788,0.002156151835506044,0.0014000000000000679,0.4312303671012087,25.400579335687123,0.48543286364000826,False,nan,nan,False,False
740,3.7,0.004991720999896643,0.000987526000244543,4.088000423507765e-06,0.0007673640011489624,0.0006960809987504035,5.0274000386707485e-05,0.003963639001085539,0.002036989290983198,0.0017000000000000348,0.4073978581966396,26.833555617827862,0.44584419464608,False,nan,nan,False,False
741,3.705,0.005017379000491928,0.001134329999331385,4.07799961976707e-06,0.0012997190005989978,0.0008423440012848005,4.511400038609281e-05,0.003806135000559152,0.0017898447771258568,0.0014000000000000679,0.3579689554251714,26.833699448737708,0.6089972196794349,False,nan,nan,False,False
742,3.71,0.004995989000235568,0.0009758340002008481,4.367999281384982e-06,0.0006822659997851588,0.000686031999066472,5.246799992164597e-05,0.003958379000323475,0.0022838127764322346,0.0017000000000000348,0.4567625552864469,26.832833193551224,0.5784399860421058,False,nan,nan,False,False
743,3.715,0.0050057070002367254,0.0011319559998810291,4.1380008042324334e-06,0.0017906470002344577,0.0008419949990638997,4.3400999857112765e-05,0.003799612999500823,0.001891060230316049,0.0014000000000000679,0.37821204606320974,26.832882544123024,0.36460053514910346,False,nan,nan,False,False
744,3.72,0.004986791998817353,0.0009569890007696813,4.128000000491738e-06,0.0006095090011513093,0.0006934859993634745,3.4284001230844297e-05,0.004006749999462045,0.002511646911154993,0.0017000000000000348,0.5023293822309985,26.833164361902345,0.35211880514232496,False,nan,nan,False,False
745,3.725,0.005035693000536412,0.0011284390002401778,4.318000719649717e-06,0.0017094659997383133,0.0008348000010300893,4.331100171839353e-05,0.003784204000112368,0.0023160500575713414,0.0014000000000000679,0.4632100115142683,26.58563798920843,0.38266052699465064,False,nan,nan,False,False
746,3.73,0.004967615999703412,0.000983859001280507,4.357998477644287e-06,0.0005492170002980856,0.0006946779994905228,5.062499985797331e-05,0.00395600499905413,0.0024697173636888075,0.0015317478493328818,0.4939434727377615,26.83380941102548,0.4900272635641117,False,nan,nan,False,False
747,3.735,0.005015615000957041,0.0011320069988869363,4.618999810190871e-06,0.0016312590014422312,0.0008431660007772734,4.78490001114551e-05,0.003789373000472551,0.002283374418350958,0.0018317478493328765,0.4566748836701916,26.835486860869935,0.48380199063159246,False,nan,nan,False,False
748,3.74,0.004971663998730946,0.0009087790003832197,3.8670004869345576e-06,0.0004029729989269981,0.0006513870011986,3.8591999327763915e-05,0.004036154999994324,0.0026438069365242655,0.0020000000000000018,0.5287613873048531,24.92902535386047,0.44566259792663077,False,nan,nan,False,False
749,3.745,0.0049965100006375,0.0010636780007189373,3.6870005715172738e-06,0.001504361998740933,0.0008065570000326261,3.888299943355378e-05,0.0038902619999134913,0.0023355821887502772,0.0020000000000000018,0.4671164377500554,24.00026909497963,0.5295557941674605,False,nan,nan,False,False
750,3.75,0.0050062579994119005,0.0008935910009313375,4.307999915909022e-06,0.00039950700011104345,0.0006431419988075504,3.217000084987376e-05,0.004050740999446134,0.0018788804186538153,0.001700000000000007,0.37577608373076304,26.833391160056898,0.6005882852458448,False,nan,nan,False,False
751,3.755,0.0049944360016525025,0.0010490309996384894,3.757000740733929e-06,0.0015084389997355174,0.0008003260008990765,3.252100032113958e-05,0.003904428998794174,0.0022569558727692923,0.0020000000000000018,0.4513911745538584,26.833067836552356,0.436345257055259,False,nan,nan,False,False
752,3.7600000000000002,0.005003923999538529,0.0008857859993440798,4.046998583362438e-06,0.0008778309984336374,0.0006378420002874918,3.1718998798169196e-05,0.004061502000695327,0.00197208069060556,0.001700000000000007,0.394416138121112,26.832821843152157,0.4276919287024393,False,nan,nan,False,False
753,3.765,0.004997922000256949,0.0010582489994703792,4.108000211999752e-06,0.0013932849997218,0.0008083610009634867,3.337199996167328e-05,0.003898536999258795,0.001864351161624373,0.0013999999999999985,0.3728702323248746,24.318493957705517,0.5775661320772355,False,nan,nan,False,False
754,3.77,0.005012820998672396,0.0009046610011864686,4.13699854107108e-06,0.0008163559996319236,0.000644203999399906,3.832200127362739e-05,0.004031225000289851,0.0019132751892137166,0.0014637134837277785,0.38265503784274335,26.83281614043605,0.36749513008155565,False,nan,nan,False,False
755,3.775,0.004987653001080616,0.0010408460002508946,3.827000909950584e-06,0.0018781899998430163,0.0007735859999229433,3.152899989800062e-05,0.003908856999260024,0.002048666314515041,0.0017637134837277801,0.40973326290300827,26.83281573411876,0.474093014555971,False,nan,nan,False,False
756,3.7800000000000002,0.0049993760003417265,0.0008869369994499721,3.667000783025287e-06,0.0007425080002576578,0.0006277030006458517,3.1117999242269434e-05,0.004060551000293344,0.0023183037238827106,0.0020000000000000018,0.46366074477654207,25.793995760462074,0.30774040736844394,False,nan,nan,False,False
757,3.785,0.004997350999474293,0.0010384910001448588,3.966999429394491e-06,0.001811817000998417,0.0007730160014034482,3.619800008891616e-05,0.003913184998964425,0.0025264040454124484,0.0020000000000000018,0.5052808090824897,24.00009280369369,0.46442615791992353,False,nan,nan,False,False
758,3.79,0.0050011479997920105,0.0008857360007823445,3.757000740733929e-06,0.0007426880001730751,0.0006330330015771324,3.2370999178965576e-05,0.0040653689993632725,0.0023726155202321627,0.0017000000000000001,0.4745231040464326,26.832896833242913,0.5654212197802715,False,nan,nan,False,False
759,3.795,0.005004525000913418,0.0010530189993005479,4.358000296633691e-06,0.0018160649997298606,0.0007705099997110665,4.06259987357771e-05,0.003897696000422002,0.0029199696040196703,0.0019611770512735424,0.5839939208039341,25.864153363154653,0.6708073879577038,False,nan,nan,False,False
760,3.8000000000000003,0.005007219999242807,0.0010412770006951177,4.2380015656817704e-06,0.0007417269989673514,0.000690761000441853,5.249800051387865e-05,0.003900470999724348,0.003204368312130463,0.0020000000000000018,0.6408736624260924,23.34140180201377,0.43097122545031025,False,nan,nan,False,False
761,3.805,0.004993223999917973,0.0010417880002933089,3.947001459891908e-06,0.0018328459991607815,0.0007616940001753392,3.1739000405650586e-05,0.003907704000084777,0.0028235787880265977,0.0020000000000000018,0.5647157576053196,24.000000166486657,0.6611610219803233,False,nan,nan,False,False
762,3.81,0.0050046550004481105,0.0009606160001567332,4.348001311882399e-06,0.0007739769989711931,0.0006848200009699212,3.3803000405896455e-05,0.003990699999121716,0.002919646313213237,0.0020000000000000018,0.5839292626426474,21.39281741616298,0.6724663468619786,False,nan,nan,False,False
763,3.815,0.005003713999030879,0.0010577570010354975,3.977000233135186e-06,0.0018406109993520658,0.0007847560009395238,3.196900070179254e-05,0.003879691999827628,0.003326345992089741,0.0020000000000000018,0.6652691984179482,24.000005588779665,0.4478748515053267,False,nan,nan,False,False
764,3.8200000000000003,0.004987112000890193,0.000881697998920572,3.806999302469194e-06,0.0007474080011888873,0.0006313799985946389,3.162000029988121e-05,0.004071882000062033,0.003475164203597374,0.0020000000000000018,0.6950328407194748,24.000000135960082,0.4200798768031322,False,nan,nan,False,False
765,3.825,0.005002341000363231,0.001037799998812261,3.926999852410518e-06,0.0018083009999827482,0.0007713520008110208,3.1679001040174626e-05,0.0039117420001275605,0.0034054904536931756,0.0020000000000000018,0.6810980907386351,24.000155013687586,0.8813954434289522,False,nan,nan,False,False
766,3.83,0.004999073998988024,0.0009042809997481527,3.868000931106508e-06,0.0007472559991583694,0.0006280839988903608,3.199900129402522e-05,0.004044560000693309,0.0034908102011703404,0.0020000000000000018,0.6981620402340681,21.619648319189114,0.7832894967235692,False,nan,nan,False,False
767,3.835,0.004999255999791785,0.0010433999996166676,3.966999429394491e-06,0.0018205540000053588,0.0007867499989515636,3.208000089216512e-05,0.0039073340012691915,0.0032826187197777263,0.0020000000000000018,0.6565237439555451,24.000340053077604,0.5931073097234855,False,nan,nan,False,False
768,3.84,0.005005766999602201,0.0009009040004457347,3.7170011637499556e-06,0.0007497309998143464,0.0006473199991887668,3.199999991920777e-05,0.004043508000904694,0.003758535874318881,0.0020000000000000018,0.7517071748637763,24.000253024868925,0.6231288303570685,False,nan,nan,False,False
769,3.845,0.004994856000848813,0.0011102360003860667,3.6870005715172738e-06,0.0018224569994345075,0.0007016120016487548,3.408399970794562e-05,0.0038453180004580645,0.0034238146268861665,0.0020000000000000018,0.6847629253772334,21.521297197463785,0.6919498974455455,False,nan,nan,False,False
770,3.85,0.005005888000596315,0.0008873089991539018,4.007000825367868e-06,0.0007527270008722553,0.0006352380005409941,3.1397999919136055e-05,0.004057905000081519,0.0027963200619865393,0.001700000000000007,0.5592640123973078,26.83334291729949,0.8714676295588456,False,nan,nan,False,False
771,3.855,0.005001007999453577,0.0012395169997034827,4.359000740805641e-06,0.0018342889998166356,0.0009337249994132435,3.500599996186793e-05,0.003707359999680193,0.002294319297542559,0.0015516503992253905,0.45886385950851183,24.722881695027116,0.7169134074302286,False,nan,nan,False,False
772,3.86,0.005000687999199727,0.000988538000456174,4.288000127417035e-06,0.0007213690005301032,0.000711560000127065,3.2931999157881364e-05,0.003955013000449981,0.0021482214309721708,0.001587535729344669,0.4296442861944342,26.833616302276447,0.6302932642545404,False,nan,nan,False,False
773,3.865,0.0050003070009552175,0.001232092999998713,4.208000973449089e-06,0.0016642709997540805,0.0009459689990762854,3.4124001103919e-05,0.003714483000294422,0.0017206816328476531,0.00128753572934448,0.3441363265695306,26.834254955411264,0.34995677870251496,False,nan,nan,False,False
774,3.87,0.005002550999051891,0.0009760350003489293,4.417999662109651e-06,0.0006475800000771414,0.0006996480005909689,3.424399983487092e-05,0.003968578001149581,0.0014854749484385474,0.000987535729344513,0.2970949896877095,26.83287722821354,0.5857268002977492,False,nan,nan,False,False
775,3.875,0.0049993760003417265,0.0011476150011731079,4.478000846575014e-06,0.001721869000903098,0.0008297809999930905,4.302999877836555e-05,0.0037934209995000856,0.0020783542647073846,0.00128753572934448,0.415670852941477,26.833111310867224,0.321944462634762,False,nan,nan,False,False
776,3.88,0.00499160999970627,0.0008748860000196146,3.896999260177836e-06,0.0005239289985183859,0.0006256699998630211,3.177899998263456e-05,0.004074256001331378,0.0021553355047006723,0.0014266210328364032,0.43106710094013445,26.83393349449825,0.3691160825686815,False,nan,nan,False,False
777,3.8850000000000002,0.005008452000765828,0.001049942999088671,4.429000910022296e-06,0.0015803740006958833,0.0007702100010646973,3.221000042685773e-05,0.0038918250011192868,0.002423087784386292,0.0017266210328364048,0.4846175568772584,26.83292817741574,0.6032184017197885,False,nan,nan,False,False
778,3.89,0.004992882999431458,0.0008891230008885032,4.258001354173757e-06,0.0004122299997106893,0.0006361889991239877,3.203999949619174e-05,0.004056963000039104,0.0029361576127277488,0.0020000000000000018,0.5872315225455498,23.489209889918403,0.42658437239803215,False,nan,nan,False,False
779,3.895,0.004997232001187513,0.001002203000098234,4.047000402351841e-06,0.0015070880017447053,0.0007534489996032789,3.217999983462505e-05,0.003949823998482316,0.0031315975154621437,0.0020000000000000018,0.6263195030924288,24.000386300401324,0.5887857643063482,False,nan,nan,False,False
780,3.9,0.00500385299892514,0.0008937610000430141,4.268000338925049e-06,0.00024096000015561003,0.0006463379995693685,3.132900019409135e-05,0.004049720000693924,0.003393780043751912,0.0020000000000000018,0.6787560087503824,21.647552418790788,0.5348668117787176,False,nan,nan,False,False
781,3.9050000000000002,0.004994777000320028,0.0010781660002976423,4.227998942951672e-06,0.0014481469988822937,0.0008032119985728059,3.2611000278848223e-05,0.003909667999323574,0.0035008343140546442,0.0020000000000000018,0.7001668628109288,19.217191104274768,0.6765589679959343,False,nan,nan,False,False
782,3.91,0.005041603999416111,0.0009566790013195714,4.427998646860942e-06,0.0008832610001263674,0.0006935459987289505,3.317200025776401e-05,0.003964149998864741,0.003525435172824672,0.0020000000000000018,0.7050870345649344,16.97105185928807,0.5593300000472964,False,nan,nan,False,False
783,3.915,0.0049774650015024235,0.0012516089991549961,4.307999915909022e-06,0.0012933479993080255,0.0009300279998569749,3.540699981385842e-05,0.003688865999720292,0.0031558787843392003,0.0020000000000000018,0.6311757568678401,24.001035233439737,0.6479332558474301,False,nan,nan,False,False
784,3.92,0.004995647999749053,0.0009634709986130474,4.4480002543423325e-06,0.0008142719998431858,0.0006899500003783032,3.4595001125126146e-05,0.003974039000240737,0.0035057716309369108,0.0020000000000000018,0.7011543261873822,24.000024260022602,0.706771509858596,False,nan,nan,False,False
785,3.9250000000000003,0.00499089899858518,0.0011089230010838946,4.268000338925049e-06,0.0018896719993790612,0.0008364429995708633,3.518599987728521e-05,0.003851039000437595,0.0035722958183985244,0.0020000000000000018,0.7144591636797049,16.970714555496635,0.5637294221805423,False,nan,nan,False,False
786,3.93,0.005014564001612598,0.0010272399995301384,4.6889999794075266e-06,0.000787211998613202,0.0006873150014143903,3.344300057506189e-05,0.0039026449994707946,0.003686755475165257,0.0020000000000000018,0.7373510950330513,16.970646207838023,0.9095706812398205,False,nan,nan,False,False
787,3.935,0.004981301999578136,0.001052686999173602,3.9880014810478315e-06,0.0018118569987564115,0.0007822219995432533,3.1880001188255847e-05,0.003898167000443209,0.003544437244945482,0.0020000000000000018,0.7088874489890963,24.00004044933161,0.8258764268082548,False,nan,nan,False,False
788,3.94,0.005004323998946347,0.0009051120014191838,4.318000719649717e-06,0.0007440309982484905,0.0006464879988925532,3.290199856564868e-05,0.00403943099991011,0.0039017821879249208,0.0020000000000000018,0.7803564375849842,26.832818189187073,0.744263651865343,False,nan,nan,False,False
789,3.9450000000000003,0.004995627999960561,0.0010215300007985206,4.047999027534388e-06,0.001812748001611908,0.0007472070010408061,3.201900108251721e-05,0.0039265899995371,0.004007208166085501,0.0020000000000000018,0.8014416332171002,19.97871339615269,0.6214754556384299,False,nan,nan,False,False
790,3.95,0.0049976430000242544,0.0008806960013316711,4.227998942951672e-06,0.0007436500000039814,0.0006306780014710966,3.081700015172828e-05,0.004070539000167628,0.003965693680248659,0.0020000000000000018,0.7931387360497318,24.000014131857746,0.9155620962261379,False,nan,nan,False,False
791,3.955,0.005000687000574544,0.0010245449993817601,3.966999429394491e-06,0.001808139999411651,0.0007662729985895567,3.214000025764108e-05,0.003926810000848491,0.004472135959468599,0.0020000000000000018,0.8944271918937196,23.09382336247728,0.9029681548252398,False,nan,nan,False,False
792,3.96,0.005001239000193891,0.0008776600006967783,3.866998667945154e-06,0.0007396219989459496,0.0006261710004764609,3.097800072282553e-05,0.004072813999300706,0.004082891166390768,0.0020000000000000018,0.8165782332781537,20.784613781125454,0.7963100768219087,False,nan,nan,False,False
793,3.9650000000000003,0.005001568999432493,0.0010509550011192914,3.997000021627173e-06,0.0018038719990727259,0.0007717930002399953,4.0595999962533824e-05,0.003898717999618384,0.0037013511276445307,0.0020000000000000018,0.7402702255289062,26.832816113864137,0.9704224286967171,False,nan,nan,False,False
794,3.97,0.00500122900120914,0.0008842429997457657,4.177998562227003e-06,0.0007500619994971203,0.00063221100026567,3.1998999475035816e-05,0.0040625639994686935,0.003357082072224551,0.0020000000000000018,0.6714164144449102,26.832817086764727,0.7828939766221698,False,nan,nan,False,False
795,3.975,0.004998643998987973,0.0010576670010777889,4.15700014855247e-06,0.0018091419988195412,0.0006925649995537242,3.269199987698812e-05,0.0038924860000406625,0.0027278949789640195,0.001700000000000007,0.5455789957928039,25.833315449757947,0.6792405874735536,False,nan,nan,False,False
796,3.98,0.004999856000722502,0.0008882199999789009,3.907000063918531e-06,0.0007380090009974083,0.0006290559995250078,3.2361000194214284e-05,0.004060801000377978,0.0021630435631749003,0.001504652705975426,0.4326087126349801,25.240034594322765,0.7112524095735062,False,nan,nan,False,False
797,3.985,0.005000297000151477,0.0010219999985565664,3.976998414145783e-06,0.0018078900011460064,0.0007658019985683495,3.133899917884264e-05,0.003925368000636809,0.0022684668810524,0.0018046527059754208,0.45369337621048006,26.288374696251363,0.39042685223482654,False,nan,nan,False,False
798,3.99,0.004998362999685924,0.0009063849993253825,4.237999746692367e-06,0.0007417869983328274,0.0006497149988717865,3.387299875612371e-05,0.0040495789999113185,0.0017651123830388913,0.001504652705975426,0.3530224766077783,26.833394355040447,0.47547732198435605,False,nan,nan,False,False
799,3.995,0.005014252999899327,0.0010460859994054772,4.469000487006269e-06,0.0018205630003649276,0.0007877629996073665,3.473499964457005e-05,0.003896604001056403,0.0014090004307125202,0.0012046527059754314,0.281800086142504,26.832838619845866,0.551381336044534,False,nan,nan,False,False
800,4.0,0.004998623999199481,0.0009170949997496791,4.397999873617664e-06,0.0007502519983972888,0.0006417700005840743,3.894300061801914e-05,0.004050771000038367,0.0017890013594636406,0.001504652705975426,0.3578002718927281,26.83286927108736,0.44794313020897575,False,nan,nan,False,False
801,4.005,0.005027047000112361,0.0010630369997670641,4.368001100374386e-06,0.0018471630010026274,0.0007913499994174344,4.4021999201504514e-05,0.003853322999930242,0.0023489566375036546,0.0018046527059754208,0.46979132750073094,26.832909868464068,0.2129104914999351,False,nan,nan,False,False
802,4.01,0.004974348999894573,0.0009800019997783238,4.487999831326306e-06,0.0007562739992863499,0.0006979749996389728,3.5216000469517894e-05,0.003960162001021672,0.0024509719482827897,0.0015046527059754122,0.4901943896565579,26.832819991198225,0.3618769531806004,False,nan,nan,False,False
803,4.015,0.004995989000235568,0.001141243001256953,4.007000825367868e-06,0.0018460310002410552,0.0008418529996561119,4.725899998447858e-05,0.003803970999797457,0.002719729718598728,0.0016000000000000458,0.5439459437197456,26.832816651619275,0.6556725178052177,False,nan,nan,False,False
804,4.0200000000000005,0.00500163899960171,0.0009714360003272304,4.397999873617664e-06,0.00078229199971247,0.0006907009992573876,3.491600000415929e-05,0.00397126400093839,0.003133563836766628,0.0019000000000000128,0.6267127673533256,25.695035673262154,0.3674836377387113,False,nan,nan,False,False
805,4.025,0.004998865000743535,0.0011376860002201283,4.457999239093624e-06,0.0018407110001135152,0.0008536349996575154,4.237000030116178e-05,0.003807477000009385,0.003566748663528061,0.0020000000000000018,0.7133497327056122,22.12466047645124,0.5378197923762278,False,nan,nan,False,False
806,4.03,0.005000417000701418,0.0009807629994611489,4.27799932367634e-06,0.0007318579991988372,0.0006914330006111413,4.255900057614781e-05,0.003962707000027876,0.0030798800727513858,0.0017000000000000348,0.6159760145502772,26.832826086493725,0.4959622378470573,False,nan,nan,False,False
807,4.035,0.005001057999834302,0.0011459119996288791,4.117999196751043e-06,0.0018000250001932727,0.0008476339990011184,4.5073998990119435e-05,0.003797088000283111,0.0035762587749146287,0.0020000000000000018,0.7152517549829257,26.832815815645525,0.864815561978462,False,nan,nan,False,False
808,4.04,0.0049984029992629075,0.000982718000159366,4.187000740785152e-06,0.0006556659991474589,0.0006937969992577564,4.030499985674396e-05,0.003966874999605352,0.0037965237378736476,0.0020000000000000018,0.7593047475747295,20.784612401937807,0.6351783243705048,False,nan,nan,False,False
809,4.045,0.005014795000533923,0.0011337390005792258,4.267998519935645e-06,0.0017893250005727168,0.0008289289999083849,5.689599856850691e-05,0.0038000229997123824,0.0038246035707691045,0.0020000000000000018,0.7649207141538208,21.16747079122875,0.9343987926644273,False,nan,nan,False,False
810,4.05,0.004990147999706096,0.0010007300006691366,4.21799995820038e-06,0.0005958439996902598,0.0007128529996407451,4.914199962513521e-05,0.003939513999284827,0.0034337376796732553,0.0020000000000000018,0.6867475359346511,24.154537787282813,0.8229246655675716,False,nan,nan,False,False
811,4.055,0.005007399999158224,0.001101188001484843,4.03700141760055e-06,0.0016746500004956033,0.00081882099948416,3.5676999686984345e-05,0.003856108000036329,0.0034299455079381046,0.0020000000000000018,0.6859891015876208,22.13509154441101,0.8463192922622333,False,nan,nan,False,False
812,4.0600000000000005,0.005013872001654818,0.0009746919986355351,4.60900082543958e-06,0.0005578830005106283,0.0006921439999132417,4.922199877910316e-05,0.003945416001442936,0.003110239709389334,0.0020000000000000018,0.6220479418778667,24.00012576127349,0.6428438194446402,False,nan,nan,False,False
813,4.065,0.004997050999008934,0.0011095139998360537,4.458999683265574e-06,0.0016252579989668448,0.0008144620005623437,4.794999949808698e-05,0.003810473001067294,0.0034342782901153426,0.0020000000000000018,0.6868556580230686,24.000022236860616,0.8828179037615113,False,nan,nan,False,False
814,4.07,0.0049705119999998715,0.000886116000401671,4.028001058031805e-06,0.0004149449996475596,0.0006381740004144376,3.122899943264201e-05,0.004058496000652667,0.0032285240626851027,0.0020000000000000018,0.6457048125370205,24.001279852629715,0.7677093787343563,False,nan,nan,False,False
815,4.075,0.00499511700036237,0.0010320290002709953,3.8569996831938624e-06,0.0015066460000525694,0.000762084999223589,3.229100002499763e-05,0.003922631998648285,0.003471661130224203,0.0020000000000000018,0.6943322260448406,24.002426501347383,1.038806944906187,False,nan,nan,False,False
816,4.08,0.005005986999094603,0.0009002730002976023,4.07799961976707e-06,0.000395388999095303,0.0006545529995491961,3.133899917884264e-05,0.004051263000292238,0.0033618001719761745,0.0020000000000000018,0.672360034395235,23.520833742853167,0.6166657342948232,False,nan,nan,False,False
817,4.085,0.005017059000238078,0.0009677690013631945,3.926999852410518e-06,0.0015249799998855451,0.0006981149999774061,3.1849000151851214e-05,0.003960172998631606,0.003172695335354126,0.0020000000000000018,0.6345390670708253,20.790276869317626,0.6788333359184515,False,nan,nan,False,False
818,4.09,0.004977874999894993,0.0008735130013519665,3.977000233135186e-06,0.0003966920012317132,0.0006299470005615149,3.169900082866661e-05,0.004076930999872275,0.003061062528458935,0.0020000000000000018,0.612212505691787,20.786407412368057,0.6237602623927931,False,nan,nan,False,False
819,4.095,0.0050213570011692354,0.0010742069989646552,4.127001375309192e-06,0.0015337969998654444,0.0008072580003499752,3.9553999158670194e-05,0.003856399000142119,0.0030355138587676014,0.0020000000000000018,0.6071027717535202,20.788800720149315,0.5861664563893666,False,nan,nan,False,False
820,4.1,0.004982813999959035,0.0009187769992422545,4.067998816026375e-06,0.00038788500023656525,0.0006721769987052539,3.226999979233369e-05,0.004027659000712447,0.0029135145954424977,0.0020000000000000018,0.5827029190884996,24.008491090340044,0.5644877531724385,False,nan,nan,False,False
821,4.105,0.004997891999664716,0.0010688279999158112,3.806999302469194e-06,0.001507787999798893,0.000797220000094967,3.19500013574725e-05,0.0038813360006315634,0.0032438700200912805,0.0020000000000000018,0.648774004018256,24.003663157035632,0.5725527657942124,False,nan,nan,False,False
822,4.11,0.005001460000130464,0.0008828299996821443,3.957999069825746e-06,0.00039521799953945447,0.000633183000900317,3.1929001124808565e-05,0.004065889999765204,0.0032980128797367707,0.0020000000000000018,0.6596025759473542,24.000207998077798,0.4725230733530587,False,nan,nan,False,False
823,4.115,0.005018560999815236,0.0011073999994550832,4.278001142665744e-06,0.0015297390000341693,0.0008222570013458608,3.517500044836197e-05,0.0038405989998864243,0.00358902475616247,0.0020000000000000018,0.717804951232494,26.83333092507568,0.6916700485425653,False,nan,nan,False,False
824,4.12,0.005002359999707551,0.0009989780010073446,4.348001311882399e-06,0.00040981599886436015,0.0007105280001269421,5.079400034446735e-05,0.003929044998585596,0.003961727805670782,0.0020000000000000018,0.7923455611341563,21.166199237696887,0.6000240568127035,False,nan,nan,False,False
825,4.125,0.004996069999833708,0.0011705480010277824,4.167999577475712e-06,0.0014773719994991552,0.0007878420001361519,3.58969991793856e-05,0.003765978999581421,0.0039862263886301045,0.0020000000000000018,0.7972452777260208,18.929989320200143,0.5980523482310105,False,nan,nan,False,False
826,4.13,0.00499068899989652,0.0009553960007906426,4.196999725536443e-06,0.000842555000417633,0.0006892179990245495,3.358200046932325e-05,0.003986962999988464,0.0038131353224042804,0.0020000000000000018,0.762627064480856,20.78474860705647,0.8074299131299322,False,nan,nan,False,False
827,4.135,0.004997330999685801,0.0010935840000456665,4.068000635015778e-06,0.001949023999259225,0.0008242809999501333,3.339199975016527e-05,0.003853744001389714,0.004177319746668528,0.0020000000000000018,0.8354639493337054,20.78469734984693,0.935117833990397,False,nan,nan,False,False
828,4.14,0.005004285001632525,0.000996882999970694,4.4079988583689556e-06,0.0008163460006471723,0.0007065509998938069,5.1185999836889096e-05,0.003943481999158394,0.004057092584995774,0.0020000000000000018,0.8114185169991548,20.784648864485455,0.6927482168745196,False,nan,nan,False,False
829,4.1450000000000005,0.005009523998523946,0.0010994050007866463,4.589001036947593e-06,0.0019080860001849942,0.0008272360009868862,3.4004000553977676e-05,0.00384145099997113,0.004346262762424238,0.0020000000000000018,0.8692525524848476,17.435607205177778,0.9914811409634866,False,nan,nan,False,False
830,4.15,0.00499631000093359,0.0009984159987652674,4.21799995820038e-06,0.0007634369994775625,0.0007009199998719851,5.0583999836817384e-05,0.003938452000511461,0.00410487515584896,0.0020000000000000018,0.8209750311697918,16.97056499562508,0.9294510463777385,False,nan,nan,False,False
831,4.155,0.005006407998735085,0.0011022410017176298,4.15800059272442e-06,0.0018475329998182133,0.0008339089999935823,3.359299989824649e-05,0.003836430998489959,0.00389486842818205,0.0020000000000000018,0.7789736856364099,16.970562904467183,0.9233790122645518,False,nan,nan,False,False
832,4.16,0.004992953001419664,0.0009696729994175257,4.388000888866372e-06,0.0007817610003257869,0.0006813039999542525,4.947300112689845e-05,0.0039657929992245045,0.0032434549586650603,0.0017000000000000348,0.6486909917330121,26.832815731649298,0.8449012290475058,False,nan,nan,False,False
833,4.165,0.005017669998778729,0.0010692989999370184,3.8070011214585975e-06,0.0018663090013433248,0.0007853779989090981,3.460400148469489e-05,0.0038579210013267584,0.003310573597633129,0.0020000000000000018,0.6621147195266258,26.176950901829354,0.7681824499215578,False,nan,nan,False,False
834,4.17,0.004983374999937951,0.0010001000009651762,4.13799898524303e-06,0.0007885039995016996,0.0007105180011421908,3.882300006807782e-05,0.003943321000406286,0.0033634990598740097,0.0020000000000000018,0.6726998119748019,20.784610241612512,0.7343576258307214,False,nan,nan,False,False
835,4.175,0.0050223080015712185,0.0011355729984643403,4.178000381216407e-06,0.0018590950003272155,0.0008372649990633363,4.8981999498209916e-05,0.0037788340014230926,0.003471311335876008,0.0020000000000000018,0.6942622671752015,19.93074768723097,0.9087324194498547,False,nan,nan,False,False
836,4.18,0.00497010099934414,0.0009765760005393531,4.07799961976707e-06,0.0007813000011083204,0.0006863229991722619,4.885099951934535e-05,0.003971192998506012,0.0029732138451401945,0.0017000000000000348,0.594642769028039,26.83297350542825,0.7312292122951494,False,nan,nan,False,False
837,4.1850000000000005,0.005029941999964649,0.0023267500000656582,5.068999598734081e-06,0.0018628920006449334,0.0019720059990504524,3.8222000512178056e-05,0.0025867959993775003,0.003257299524129924,0.0020000000000000018,0.6514599048259847,26.832818754507926,0.6862604400756076,False,nan,nan,False,False
838,4.19,0.004968899000232341,0.000976965999143431,4.258001354173757e-06,0.000595532999795978,0.0006915720005054027,5.170699841983151e-05,0.003981802999987849,0.0035185229913728498,0.0020000000000000018,0.7037045982745699,20.784839962840877,0.40651754117083405,False,nan,nan,False,False
839,4.195,0.005026175000239164,0.0010875030002353014,4.157998773735017e-06,0.001685991999693215,0.0008034820002649212,3.45049993484281e-05,0.003843504999167635,0.0032295515308705023,0.0017000000000000348,0.6459103061741004,26.832817626083767,0.7693237503613767,False,nan,nan,False,False
840,4.2,0.00498365599924,0.0008752659996389411,3.987001036875881e-06,0.0005237090008449741,0.0006240059992705937,3.240099977119826e-05,0.004055732000779244,0.003891015490686382,0.0020000000000000018,0.7782030981372763,26.83282359157149,0.8390403140608134,False,nan,nan,False,False
841,4.205,0.005000588000257267,0.0010065810001833597,4.078001438756473e-06,0.0016003219989215722,0.000753657999666757,3.284199920017272e-05,0.003924115999325295,0.0037296113096501647,0.0019000000000000128,0.7459222619300329,26.83282387384597,0.5046871519289048,False,nan,nan,False,False
842,4.21,0.004982492999261012,0.0008824500000628177,3.858000127365813e-06,0.00041177899947797414,0.0006316700000752462,3.198000013071578e-05,0.004067363001013291,0.004057092597004034,0.0020000000000000018,0.8114185194008068,24.33105074905232,0.8488745736540447,False,nan,nan,False,False
843,4.215,0.005021476999900187,0.0010981830000673654,4.167999577475712e-06,0.0015278949995263247,0.0008183099998859689,3.478500002529472e-05,0.003844937000394566,0.0037496666774604224,0.0020000000000000018,0.7499333354920844,21.1660112878193,0.6722325278115614,False,nan,nan,False,False
844,4.22,0.004994917000658461,0.0008911360000638524,4.118001015740447e-06,0.00041236099968955386,0.0006428519991459325,3.199900129402522e-05,0.004037888000311796,0.003271085530355899,0.0020000000000000018,0.6542171060711797,24.000003025787265,0.9432618346364178,False,nan,nan,False,False
845,4.225,0.004993153999748756,0.0009496650000073714,4.007000825367868e-06,0.0015176569995674072,0.0006770059990230948,3.208999987691641e-05,0.003989087001173175,0.0031780497229134397,0.0020000000000000018,0.6356099445826878,24.000029627653955,0.7347443271564214,False,nan,nan,False,False
846,4.23,0.004988284999853931,0.0009194280009978684,3.5960001696366817e-06,0.00039004899917927105,0.0006502360010927077,3.3923999581020325e-05,0.004033880999486428,0.0025903671159471942,0.0017000000000000348,0.5180734231894387,26.83288672845426,0.5492743952625668,False,nan,nan,False,False
847,4.235,0.005025163000027533,0.0010553629999776604,3.997000021627173e-06,0.0014117990012891823,0.0007958179994602688,3.285099955974147e-05,0.0038800430011178833,0.00250199928127197,0.0020000000000000018,0.500399856254394,26.832830536359467,0.6426810190649197,False,nan,nan,False,False
848,4.24,0.004988335000234656,0.0009115440007008146,4.007999450550415e-06,0.0002948809997178614,0.0006514169999718433,3.191900032106787e-05,0.004023460998723749,0.0023280896184238037,0.0020000000000000018,0.46561792368476074,24.000008080752057,0.6494565943388336,False,nan,nan,False,False
849,4.245,0.00500365300104022,0.0010270099992339965,4.227998942951672e-06,0.0014449810005316976,0.0007721329984633485,3.110800025751814e-05,0.00390631200025382,0.002209011928697416,0.001700000000000007,0.44180238573948327,24.09402862192496,0.6444471345845555,False,nan,nan,False,False
850,4.25,0.004986059999282588,0.0008959049991972279,4.0380000427830964e-06,0.0003197879996150732,0.0006412290003936505,3.192000076523982e-05,0.004051063000588329,0.002525441160913643,0.0020000000000000018,0.5050882321827285,26.832991994342517,0.5653066072052334,False,nan,nan,False,False
851,4.255,0.005014272999687819,0.0009879669996735174,3.908000508090481e-06,0.0014504709997709142,0.0007172009991336381,3.1649000447941944e-05,0.003944322999814176,0.0025250674295505884,0.001700000000000007,0.5050134859101177,26.8328492324976,0.4531313025455777,False,nan,nan,False,False
852,4.26,0.004983095001080073,0.0008863869988999795,4.15800059272442e-06,0.0003505360000417568,0.0006376420005835826,3.2310999813489616e-05,0.004062183999849367,0.002697051333708674,0.0016000000000000458,0.5394102667417349,26.83314361923413,0.5104637609331952,False,nan,nan,False,False
853,4.265,0.005015635999370716,0.001007544000458438,4.127001375309192e-06,0.0014919090008334024,0.0007467059986083768,4.026500027975999e-05,0.003927440999177634,0.003012008681706439,0.0019000000000000128,0.6024017363412879,26.832898953331533,0.5622657217480251,False,nan,nan,False,False
854,4.2700000000000005,0.004986591999113443,0.0008848840006976388,4.21699951402843e-06,0.0003638200014393078,0.000640105999991647,3.160900087095797e-05,0.004061071000251104,0.003306103211925969,0.0020000000000000018,0.6612206423851937,24.331424227834926,0.5053135229602455,False,nan,nan,False,False
855,4.275,0.0050142230011260835,0.001025276000291342,4.146999344811775e-06,0.0015095119997567963,0.000768165999033954,3.203000051144045e-05,0.003907274000084726,0.0035040666975749697,0.0020000000000000018,0.7008133395149938,21.169925144542265,0.708485363477481,False,nan,nan,False,False
856,4.28,0.004983143999197637,0.0008726619998924434,4.207999154459685e-06,0.0003744000005099224,0.0006297870004345896,3.167999966535717e-05,0.004074395999850822,0.0035967443034006217,0.0020000000000000018,0.7193488606801242,17.43584103318186,0.5837933524392243,False,nan,nan,False,False
857,4.285,0.005012861000068369,0.000989981001112028,3.977000233135186e-06,0.0015076489999046316,0.0007324489997699857,3.223999920010101e-05,0.003948259998651338,0.003683022981037356,0.0020000000000000018,0.7366045962074711,16.971627449475957,0.7071473924066404,False,nan,nan,False,False
858,4.29,0.004988414999388624,0.0008868180011631921,4.056999387103133e-06,0.00037612300002365373,0.0006469699983426835,3.2250000003841706e-05,0.004061231000378029,0.003350047933666101,0.0017000000000000348,0.6700095867332202,26.834423769622642,0.6670775436348155,False,nan,nan,False,False
859,4.295,0.005010586000935291,0.0009880470006464748,4.1480016079731286e-06,0.0014980899995862273,0.0007161990015447373,3.149899930576794e-05,0.003949582998757251,0.0037230261288395947,0.0020000000000000018,0.7446052257679189,26.832847538486956,0.7586092411421491,False,nan,nan,False,False
860,4.3,0.004988515000150073,0.0009425419993931428,4.167999577475712e-06,0.00037281699951563496,0.000645176000034553,3.220100006728899e-05,0.00400801199975831,0.003986228486507248,0.0020000000000000018,0.7972456973014498,18.042388817651013,0.6804789913162972,False,nan,nan,False,False
861,4.305,0.005003373000363354,0.0010217500002909219,3.9570004446431994e-06,0.0014434479999181349,0.0007749390006210888,3.177000144205522e-05,0.003931999999622349,0.004205948277034098,0.0020000000000000018,0.8411896554068197,16.97180926457136,1.0372692008704218,False,nan,nan,False,False
862,4.3100000000000005,0.00500653899871395,0.0008950330011430196,4.27799932367634e-06,0.0008369440001843031,0.0006452970010286663,3.137800013064407e-05,0.004043427999931737,0.0039025632783296306,0.0020000000000000018,0.7805126556659261,24.000058914290463,0.7975861731478896,False,nan,nan,False,False
863,4.315,0.004988465001588338,0.0010216299997409806,3.936998837161809e-06,0.0019182050000381423,0.0007680849994358141,3.9132999518187717e-05,0.00393042599898763,0.003948576567879632,0.0020000000000000018,0.7897153135759263,23.5778139625101,0.8321989395904068,False,nan,nan,False,False
864,4.32,0.005005034998248448,0.0008823600001051091,4.348999937064946e-06,0.0008040529992285883,0.0006276629992498783,3.243100036343094e-05,0.004062925001562689,0.004018486274101418,0.0020000000000000018,0.8036972548202836,17.435647915768758,0.6499105859133391,False,nan,nan,False,False
865,4.325,0.004995118000806542,0.0010335919996578014,3.656999979284592e-06,0.001914709000629955,0.0007845470008760458,3.3463000363553874e-05,0.003918124000847456,0.0038563268890048187,0.0020000000000000018,0.7712653778009638,20.784612333401245,0.8705624140055,False,nan,nan,False,False
866,4.33,0.005004364000342321,0.0008872689995769178,4.056999387103133e-06,0.0008029410000744974,0.0006319709991657874,3.166899841744453e-05,0.00405671299995447,0.003803712837485209,0.0020000000000000018,0.7607425674970417,20.784618875946656,0.8264750660710457,False,nan,nan,False,False
867,4.335,0.004994946999431704,0.0010088660001201788,4.078001438756473e-06,0.0019184060001862235,0.0007606319995829836,3.339200156915467e-05,0.003944403999412316,0.0036812031860096383,0.0020000000000000018,0.7362406372019277,20.784612274513076,0.772848634819329,False,nan,nan,False,False
868,4.34,0.0050036040011036675,0.0008729309993213974,3.886998456437141e-06,0.0007997449993126793,0.0006204000001162058,3.1317998946178705e-05,0.004079906999322702,0.00338647889800879,0.0020000000000000018,0.677295779601758,20.7849790844297,0.6848690586730507,False,nan,nan,False,False
869,4.345,0.005005485998481163,0.001046467001287965,4.128000000491738e-06,0.0019278039999335306,0.0007958280002640095,3.271099922130816e-05,0.0038969739998719888,0.0031504357959753243,0.0020000000000000018,0.6300871591950649,20.787821483834684,0.7646064715811324,False,nan,nan,False,False
870,4.3500000000000005,0.004994537001039134,0.0008937900001910748,3.966999429394491e-06,0.0007966890007082839,0.0006327330011117738,3.232000017305836e-05,0.0040528970002924325,0.0027950372376508146,0.0020000000000000018,0.5590074475301628,24.00614102826143,0.6377194353984411,False,nan,nan,False,False
871,4.355,0.004997120999178151,0.0009952700002031634,4.027000613859855e-06,0.0019186970002920134,0.0007479880005121231,3.222000123059843e-05,0.003956967000704026,0.002908483071318763,0.0020000000000000018,0.5816966142637525,24.010995993831877,0.5762471806987728,False,nan,nan,False,False
872,4.36,0.005004384000130813,0.0008878299995558336,4.147999788983725e-06,0.0008069479990808759,0.000631240000075195,3.1990000934456475e-05,0.004059489001519978,0.0025131913036637375,0.0017000000000000348,0.5026382607327475,26.83706183071208,0.5744419653436412,False,nan,nan,False,False
873,4.365,0.004998184000214678,0.0010413260006316705,4.146999344811775e-06,0.001921401999425143,0.000789095000072848,3.1649000447941944e-05,0.003909307999492739,0.0030254097547521785,0.0020000000000000018,0.6050819509504356,26.83288047530326,0.6928061719934279,False,nan,nan,False,False
874,4.37,0.005002400999728707,0.0008838220001052832,3.858000127365813e-06,0.0008046039984037634,0.0006286549996730173,3.154899968649261e-05,0.004061682000610745,0.0029243494018115833,0.001830775844973584,0.5848698803623167,24.936349813577095,0.5774665917977277,False,nan,nan,False,False
875,4.375,0.0049976219997915905,0.0010501230008230777,3.827000909950584e-06,0.0019240960009483388,0.0007908579991635634,3.203999949619174e-05,0.0039008620005915873,0.0034651194895471697,0.0020000000000000018,0.693023897909434,24.936330235431203,0.7025805744465653,False,nan,nan,False,False
876,4.38,0.005003763000786421,0.0008867979995557107,4.257999535184354e-06,0.0008055160014919238,0.0006330830001388676,3.26510016748216e-05,0.004056092000610079,0.0034675681080530325,0.001899999999999999,0.6935136216106066,26.83285729945193,0.5704935390858278,False,nan,nan,False,False
877,4.385,0.004993513999579591,0.0010373599998274585,3.7369991332525387e-06,0.001929175999975996,0.0007885639988671755,3.309099884063471e-05,0.003912964000846841,0.00397306770800237,0.0020000000000000018,0.7946135416004738,22.606189927316176,0.8872168249867439,False,nan,nan,False,False
878,4.39,0.0050011090006591985,0.000882669999555219,3.946999640902504e-06,0.0007964289998199092,0.0006278739983827109,3.241100057493895e-05,0.004066572000738233,0.0039412114331120185,0.0020000000000000018,0.7882422866224037,24.0000140725323,0.7046398024800755,False,nan,nan,False,False
879,4.3950000000000005,0.004999655999199604,0.001033602000461542,3.7070003600092605e-06,0.0019174939989170525,0.0007847970009606797,3.3121001251856796e-05,0.003918114000043715,0.004383407989123854,0.0020000000000000018,0.8766815978247706,21.347161528728066,0.9715161214442016,False,nan,nan,False,False
880,4.4,0.005003713000405696,0.0008900640004867455,3.907000063918531e-06,0.0007986830005393131,0.0006288460008363472,3.223000021534972e-05,0.004056001998833381,0.004176741644437052,0.0020000000000000018,0.8353483288874103,17.435626587667908,0.7151644424181096,False,nan,nan,False,False
881,4.405,0.004999446000510943,0.0010439210000185994,4.067998816026375e-06,0.0019221230013499735,0.0007913590015959926,3.3663000067463145e-05,0.0039040979991114,0.00395551261204586,0.0020000000000000018,0.7911025224091719,16.970713210795832,0.960069044138966,False,nan,nan,False,False
882,4.41,0.004999646000214852,0.0008946219986682991,3.987999662058428e-06,0.0008002159993338864,0.0006297370000538649,3.301199831184931e-05,0.004051863999848138,0.003769215173456427,0.0020000000000000018,0.7538430346912854,16.970856444386943,0.7348125805511531,False,nan,nan,False,False
883,4.415,0.004997310999897309,0.0010099379996972857,3.966999429394491e-06,0.0019245080002292525,0.0007618939998792484,3.27320012729615e-05,0.003941568000300322,0.0036232487521780333,0.0020000000000000018,0.7246497504356065,16.973023218999312,0.6701237041180159,False,nan,nan,False,False
884,4.42,0.005002310999770998,0.0009268720004911302,3.6769997677765787e-06,0.0008008170007087756,0.000662639000438503,3.38829995598644e-05,0.004020665999632911,0.0035226124493729157,0.0020000000000000018,0.7045224898745831,16.971535520755065,0.7765163457971695,False,nan,nan,False,False
885,4.425,0.004997531999833882,0.0010287029999744846,3.967999873566441e-06,0.0019161510008416371,0.0007803690004948294,3.229000139981508e-05,0.0039228929999808315,0.0034712967510312056,0.0020000000000000018,0.6942593502062411,16.982911777082972,0.7630641550367426,False,nan,nan,False,False
886,4.43,0.005001980000088224,0.0008790529991529183,3.847000698442571e-06,0.000792110000475077,0.0006263409995881375,3.0998000511317514e-05,0.004067163001309382,0.003471405057109603,0.0020000000000000018,0.6942810114219204,16.973092904438182,0.7640340899089691,False,nan,nan,False,False
887,4.4350000000000005,0.0049958090003201505,0.0010385509995103348,4.067000190843828e-06,0.00191694399836706,0.000778003999585053,3.343199932714924e-05,0.003916039999239729,0.0035232122890625486,0.0020000000000000018,0.7046424578125097,17.068895335635467,0.7604440463869921,False,nan,nan,False,False
888,4.44,0.005008711999835214,0.0008837519999360666,4.0480008465237916e-06,0.0008079499984887661,0.0006285250001383247,3.3271999200223945e-05,0.004059307999341399,0.0031310489785884212,0.0017000000000000348,0.6262097957176844,26.83407338693882,0.7718096214578252,False,nan,nan,False,False
889,4.445,0.004995858998881886,0.0010273900006723125,4.0169998101191595e-06,0.0019306089998281095,0.0007779539992043283,3.274099981354084e-05,0.003926060000594589,0.003411068483693158,0.0020000000000000018,0.6822136967386316,24.03597697218376,0.8120115819149176,False,nan,nan,False,False
890,4.45,0.0050193930001114495,0.0009494750011072028,4.78899892186746e-06,0.000746316000004299,0.0006781480005884077,3.5245000617578626e-05,0.003981261999797425,0.0031914276552522133,0.0017000000000000348,0.6382855310504427,26.83575872325606,0.6830986348077737,False,nan,nan,False,False
891,4.455,0.004984016000889824,0.0009970739993150346,4.188001184957102e-06,0.0019404779995966237,0.0007251049992191838,3.345299955981318e-05,0.003947889999835752,0.003857014859145614,0.0020000000000000018,0.7714029718291229,26.833915873781166,0.64434508022684,False,nan,nan,False,False
892,4.46,0.004996640998797375,0.0008852840001054574,4.207999154459685e-06,0.0007882640002208063,0.0006295160001172917,3.267100146331359e-05,0.00407256300059089,0.0037604228241485877,0.0020000000000000018,0.7520845648297175,26.821477353053588,0.6713317448108552,False,nan,nan,False,False
893,4.465,0.005011017001379514,0.0010953469991363818,4.23700112150982e-06,0.0019264109996584011,0.0008352109998668311,3.2891000955714844e-05,0.0038528019995283103,0.004173890120995789,0.0020000000000000018,0.8347780241991577,21.18034886463658,1.0705697003198564,False,nan,nan,False,False
894,4.47,0.004999806000341778,0.0008945319987105904,3.757000740733929e-06,0.0008060259988269536,0.0006371409999701427,3.279200063843746e-05,0.0040417649997834815,0.0038119209117362996,0.0020000000000000018,0.76238418234726,20.796461072858452,0.6888527130657282,False,nan,nan,False,False
895,4.4750000000000005,0.0049854989993036725,0.0010556130000622943,3.7070003600092605e-06,0.0019182260002708063,0.0007980520003911806,3.2331001420971006e-05,0.003896434000125737,0.0034360013123090815,0.001836723771246912,0.6872002624618163,26.919192631577303,0.9255440948253038,False,nan,nan,False,False
896,4.48,0.005003573000067263,0.0008959249989857199,4.15800059272442e-06,0.0008011980007722741,0.0006350269995891722,3.371300044818781e-05,0.0040512530013074866,0.0031327524978034733,0.0020000000000000018,0.6265504995606946,26.84351993472108,0.6631109503201031,False,nan,nan,False,False
897,4.485,0.004998583999622497,0.0010568359994067578,4.0979994082590565e-06,0.001927803001308348,0.0007949370010464918,3.2410000130767e-05,0.0038936580003792187,0.003018772338007775,0.0020000000000000018,0.6037544676015549,24.047714900920017,0.5763233935160808,False,nan,nan,False,False
898,4.49,0.005001539999284432,0.0008789220009930432,4.067000190843828e-06,0.0007996250005817274,0.0006255499993130798,3.247099994041491e-05,0.004067193000082625,0.002445907889392999,0.001700000000000007,0.4891815778785998,26.85597189077172,0.7483114147565414,False,nan,nan,False,False
899,4.495,0.004996379000658635,0.0010375700003351085,3.876999471685849e-06,0.0019205900007364107,0.0007877219995862106,3.263100006734021e-05,0.003913966000254732,0.002406587426506776,0.0020000000000000018,0.4813174853013552,26.83429900296572,0.6016160563870713,False,nan,nan,False,False
900,4.5,0.005002632000469021,0.0009231549993273802,3.986999217886478e-06,0.00079783199907979,0.0006400459988071816,3.221000042685773e-05,0.004027758999654907,0.0025555798326173957,0.0020000000000000018,0.5111159665234791,24.006904114071375,0.5127988499866082,False,nan,nan,False,False
901,4.505,0.005004073998861713,0.001044452001224272,3.937000656151213e-06,0.0019130960008624243,0.0007894359987403732,3.22600008075824e-05,0.003901252999639837,0.002280430068428501,0.001700000000000007,0.4560860136857003,26.836614369127872,0.5808417663190178,False,nan,nan,False,False
902,4.51,0.0049959390016738325,0.0008891319994290825,3.677001586765982e-06,0.0007350940013566287,0.0006295369985309662,3.232000017305836e-05,0.004058496000652667,0.0021839668288144353,0.0013999999999999985,0.4367933657628871,26.832992406720575,0.5238607220858009,False,nan,nan,False,False
903,4.515,0.004998282998712966,0.0010332109995943028,3.897001079167239e-06,0.001820072999180411,0.0007758000010653632,3.260099947510753e-05,0.003918645001249388,0.0026304134592817375,0.001700000000000007,0.5260826918563475,26.833552219646215,0.39205770645196375,False,nan,nan,False,False
904,4.5200000000000005,0.005003453001336311,0.0008972469986474607,4.187999365967698e-06,0.0007272189996001543,0.000634767000519787,4.0094999349093996e-05,0.004053096001371159,0.0028157492466173687,0.001869009867923932,0.5631498493234738,26.8328747181738,0.3660148461415767,False,nan,nan,False,False
905,4.525,0.005007880999983172,0.001149007999629248,4.428000465850346e-06,0.0018021989999397192,0.000861561000419897,4.602599983627442e-05,0.003796095999859972,0.003022120479463592,0.0020000000000000018,0.6044240958927184,24.56529750299344,0.7283501291632865,False,nan,nan,False,False
906,4.53,0.005000336999728461,0.0009703239993541501,4.1380008042324334e-06,0.0007378099999186816,0.0006924839999555843,3.492500036372803e-05,0.003972516000430915,0.003248257611864168,0.0020000000000000018,0.6496515223728335,24.00000390468776,0.4655427638027907,False,nan,nan,False,False
907,4.535,0.0049974719986494165,0.0011199330001545604,4.046998583362438e-06,0.0018107449996023206,0.0008368149992747931,3.518599987728521e-05,0.0038333860011334764,0.002746496217167709,0.0017000000000000348,0.5492992434335418,26.833569856161777,0.5424919939748551,False,nan,nan,False,False
908,4.54,0.00500815200030047,0.0009752229998412076,4.096998964087106e-06,0.0007008899992797524,0.0006959809998079436,3.460500010987744e-05,0.00396082400038722,0.003085686177066137,0.0020000000000000018,0.6171372354132274,25.69965951708901,0.4023456912005537,False,nan,nan,False,False
909,4.545,0.0049907789998542285,0.0011217870014661457,4.428000465850346e-06,0.001749359998939326,0.0008307530006277375,3.48150006175274e-05,0.0038261819991021184,0.0033498594804902623,0.0020000000000000018,0.6699718960980524,21.166141425844554,0.32447443204400533,False,nan,nan,False,False
910,4.55,0.005003363001378602,0.0009619479988032253,4.268000338925049e-06,0.0006270219982980052,0.0006859129989607027,4.7147999794106e-05,0.0039808510009606835,0.003404623599298892,0.0020000000000000018,0.6809247198597784,20.784802848979144,0.8762745062686588,False,nan,nan,False,False
911,4.555,0.004998252999939723,0.0011197229996469105,4.338000508141704e-06,0.0017427679995307699,0.0008376360001420835,3.463400025793817e-05,0.0038244890001806198,0.0032064542663620466,0.0019000000000000128,0.6412908532724094,26.832829554410868,0.7220447323125421,False,nan,nan,False,False
912,4.5600000000000005,0.004998042999432073,0.0009431329999642912,3.907000063918531e-06,0.0005739230000472162,0.0006840990008640802,3.419399945414625e-05,0.004002932000730652,0.003387617076932136,0.0020000000000000018,0.6775234153864271,22.138526399716305,0.6435288490366539,False,nan,nan,False,False
913,4.565,0.0050135010005760705,0.001121897999837529,8.425999112660065e-06,0.001653370998610626,0.0008289099987450754,4.3510999603313394e-05,0.003814870999121922,0.0031856436590695,0.0020000000000000018,0.6371287318139001,21.558138984727375,0.5406555746137317,False,nan,nan,False,False
914,4.57,0.004991570998754469,0.0009585220013832441,4.178000381216407e-06,0.0005034320001868764,0.0006946280009287875,3.365300108271185e-05,0.0039812919985706685,0.0035967651010777,0.0020000000000000018,0.7193530202155399,24.00000074707205,0.7708605869279738,False,nan,nan,False,False
915,4.575,0.005001749999792082,0.0010742780013970332,4.15700014855247e-06,0.0015835200010769768,0.0007851880000089295,4.293100028007757e-05,0.0038728589988750173,0.003492820787383247,0.0020000000000000018,0.6985641574766494,24.000014786281852,0.6334008040181074,False,nan,nan,False,False
916,4.58,0.005004745000405819,0.0009769360003701877,5.300000339047983e-06,0.0009806019988900516,0.0007035849994281307,3.503600055410061e-05,0.003958039000281133,0.0033679186378369956,0.0020000000000000018,0.673583727567399,21.166021941802626,0.8628238084783846,False,nan,nan,False,False
917,4.585,0.004993675000150688,0.0011582749993976904,4.378000085125677e-06,0.0014984310000727419,0.0008551990013074828,4.663700019591488e-05,0.003787851001106901,0.00326128166359551,0.0020000000000000018,0.652256332719102,20.784642330582486,0.7169354349662341,False,nan,nan,False,False
918,4.59,0.005002771000363282,0.0009735099993122276,4.317998900660314e-06,0.0008923570003389614,0.0006994279992795782,4.1457999031990767e-05,0.003964792000260786,0.0032355896766289994,0.0020000000000000018,0.6471179353257998,20.785194650883188,0.6636604689784773,False,nan,nan,False,False
919,4.595,0.004994146000171895,0.0011503900004754541,4.258001354173757e-06,0.0019592629996623145,0.0008560200003557838,5.708699973183684e-05,0.003795434999119607,0.003292741354977087,0.0020000000000000018,0.6585482709954174,20.78693114394619,0.5574861203606677,False,nan,nan,False,False
920,4.6000000000000005,0.0050011490002361825,0.0009773669989954215,4.21699951402843e-06,0.0008130200003506616,0.0007090359995345352,3.468400063866284e-05,0.003971584001192241,0.003428599044477077,0.0020000000000000018,0.6857198088954154,20.793615614374765,0.66472384119908,False,nan,nan,False,False
921,4.605,0.005004483999073273,0.0011118689999420894,4.207999154459685e-06,0.00194025700147904,0.0008410130012634909,3.428499985602684e-05,0.003838896000161185,0.0035108602468954596,0.0020000000000000018,0.702172049379092,17.362340158565416,0.6705658580646207,False,nan,nan,False,False
922,4.61,0.0050072310004907195,0.00098288700064586,4.358000296633691e-06,0.0008236400008172495,0.0007043870009511011,3.440399996179622e-05,0.0039483499986090465,0.0035921496335950265,0.0020000000000000018,0.7184299267190053,16.9804457300835,0.6580797107188733,False,nan,nan,False,False
923,4.615,0.004985778999980539,0.0011195530005352339,4.327999704401009e-06,0.0019308290011395002,0.0008489169995300472,3.4063999919453636e-05,0.003837903999738046,0.0037203230955223693,0.0020000000000000018,0.7440646191044739,16.977068245606397,0.6973435619816691,False,nan,nan,False,False
924,4.62,0.005013661999328178,0.0009721679998619948,4.397999873617664e-06,0.0008226270001614466,0.0007067910009936895,3.3211999834747985e-05,0.003960082000048715,0.0038907810640206333,0.0020000000000000018,0.7781562128041266,16.974085214885616,0.7016906514553778,False,nan,nan,False,False
925,4.625,0.004988526001397986,0.001110515999243944,4.297999112168327e-06,0.0018649360008566873,0.0008384770007978659,3.459499930613674e-05,0.0038431129996752134,0.004098230190082227,0.0020000000000000018,0.8196460380164455,16.971085986285036,0.7824385125912185,False,nan,nan,False,False
926,4.63,0.005008681999242981,0.0009597940006642602,4.0979994082590565e-06,0.0007398319994535996,0.0006848800003353972,3.385299896763172e-05,0.003973768998548621,0.004308134130785099,0.0020000000000000018,0.8616268261570197,15.314434780012851,0.7501109967529618,False,nan,nan,False,False
927,4.635,0.004987543999959598,0.0011216359998797998,4.367999281384982e-06,0.0018077390013786498,0.0008417939989158185,3.3783999242587015e-05,0.0038344080003298586,0.0037894636354108367,0.0020000000000000018,0.7578927270821673,24.003551973843496,0.7632840812487226,False,nan,nan,False,False
928,4.64,0.005010655999285518,0.0009662960001151077,4.368001100374386e-06,0.000700960999893141,0.0006916430011187913,3.35729982907651e-05,0.003970161000324879,0.0038461531581703867,0.0020000000000000018,0.7692306316340773,22.163673932522055,0.7397125938867396,False,nan,nan,False,False
929,4.6450000000000005,0.004993334001483163,0.0011146429988002637,4.358000296633691e-06,0.001754930999595672,0.0008340290005435236,3.447400013101287e-05,0.003839077000520774,0.00421514422843316,0.0020000000000000018,0.843028845686632,20.784894794505725,0.5777187540052147,False,nan,nan,False,False
930,4.65,0.005009273998439312,0.0009591020007064799,4.437999450601637e-06,0.0006358689988701371,0.0006848500015621539,3.700900015246589e-05,0.0039759129995218245,0.00447213596016724,0.0020000000000000018,0.8944271920334479,14.806365253626385,0.8551776852256513,False,nan,nan,False,False
931,4.655,0.004990408000594471,0.0010777450006571598,5.3299991122912616e-06,0.0017433989996789023,0.0007666429992241319,3.367300087120384e-05,0.0038651249997201376,0.004472136016895316,0.0020000000000000018,0.8944272033790629,0.03836167072850084,1.0157531237060549,False,nan,nan,False,False
932,4.66,0.004998673999580205,0.0009478320007474395,4.318000719649717e-06,0.0005758259994763648,0.0006847499989817152,3.3744001484592445e-05,0.0040102660004777135,0.004082898885198227,0.0020000000000000018,0.8165797770396453,20.786611852706656,0.9405635261139497,False,nan,nan,False,False
933,4.665,0.00504189500134089,0.0011293609986751107,5.671001417795196e-06,0.0016783270002633799,0.0008299609999085078,3.534600000421051e-05,0.003776229001232423,0.004306035759892554,0.0020000000000000018,0.8612071519785108,17.489786080737975,0.7438641129972544,False,nan,nan,False,False
934,4.67,0.004959470999892801,0.0009766859984665643,3.897001079167239e-06,0.0005061460014985641,0.0007030440010566963,3.4124001103919e-05,0.003966043001128128,0.003930152316198024,0.0020000000000000018,0.7860304632396048,20.792050556685226,0.7304100682425074,False,nan,nan,False,False
935,4.675,0.005003923999538529,0.0010618140004226007,4.588000592775643e-06,0.001582066999617382,0.000779526999394875,3.448400093475357e-05,0.003878510999129503,0.0034389128100458083,0.0017621850239499803,0.6877825620091617,24.12910623733208,1.1080744862199654,False,nan,nan,False,False
936,4.68,0.004996298999685678,0.0009451669993723044,4.178000381216407e-06,0.0009548750003887108,0.0006774770008632913,3.393400038476102e-05,0.003995659000793239,0.0036990257843898854,0.0020000000000000018,0.739805156877977,25.81671321343261,0.8778224782653326,False,nan,nan,False,False
937,4.6850000000000005,0.004995167999368277,0.0010838560010597575,4.15700014855247e-06,0.001500615000622929,0.0007995939995453227,3.52059996657772e-05,0.0038636819990642834,0.003207930406997738,0.0017000000000000348,0.6415860813995476,26.83505427989063,0.5470901420372934,False,nan,nan,False,False
938,4.69,0.00499943500108202,0.0008837619989208179,4.07799961976707e-06,0.0008864369992807042,0.000639895999483997,3.1689998650108464e-05,0.004061272000399185,0.003412562455372763,0.0020000000000000018,0.6825124910745526,26.833782149468345,0.7863473390450196,False,nan,nan,False,False
939,4.695,0.004995217999749002,0.0010150470006919932,3.716999344760552e-06,0.0019554549999156734,0.0007674839998799143,3.166900023643393e-05,0.003935926999474759,0.002934896422914496,0.0017000000000000348,0.5869792845828993,26.83373070627445,0.5301742279744545,False,nan,nan,False,False
940,4.7,0.00500142899909406,0.0008694450007169507,3.666000338853337e-06,0.0007988729994394816,0.000619589000052656,3.1289000617107376e-05,0.004077342000528006,0.0022996973254184082,0.0014000000000000679,0.45993946508368166,26.845036522037237,0.6823101139304986,False,nan,nan,False,False
941,4.705,0.004999014001441537,0.0010783859997900436,3.9979986468097195e-06,0.0013604229989141459,0.0008255329994426575,3.2050000299932435e-05,0.0038722480003343662,0.0016920929908309796,0.001100000000000101,0.33841859816619596,26.84024719686806,0.3610462888358049,False,nan,nan,False,False
942,4.71,0.005003112999474979,0.0008874989998730598,3.957999069825746e-06,0.0008040129996516043,0.0006251079994399333,3.237999953853432e-05,0.004057083999214228,0.001156708475061104,0.0008000000000000021,0.2313416950122208,26.832827062454445,0.666804451574982,False,nan,nan,False,False
943,4.715,0.0049950270004046615,0.001031107000017073,3.7770005292259157e-06,0.0013655029997607926,0.0007786949990986614,3.217999983462505e-05,0.003920608998669195,0.0008442562167188255,0.0005000000000000004,0.16885124334376508,26.83281623780347,0.20500433645725352,False,nan,nan,False,False
944,4.72,0.005003111999030807,0.000878322000062326,3.6470009945333004e-06,0.000802500000645523,0.0006226340010471176,3.160900087095797e-05,0.004072813000675524,0.0009937612622271522,0.0007000000000000062,0.19875225244543046,26.832839831356605,0.5157924586930945,False,nan,nan,False,False
945,4.7250000000000005,0.005002431000320939,0.0010455450010340428,4.118001015740447e-06,0.0013569059992732946,0.0007980619993759319,3.218999881937634e-05,0.003902243999618804,0.0014704990914572353,0.0010000000000000009,0.2940998182914471,26.833091758186463,0.2581160313661401,False,nan,nan,False,False
946,4.73,0.004999245000362862,0.0008773600002314197,4.0380000427830964e-06,0.0007943849996081553,0.0006242370000109076,3.161899985570926e-05,0.004069116999744438,0.0020584344764229003,0.0012999999999999956,0.4116868952845801,26.83355668560093,0.35666114904987284,False,nan,nan,False,False
947,4.735,0.004997292000552989,0.0010121819996129489,3.8569996831938624e-06,0.0019225530013500247,0.0007534480009780964,3.285099955974147e-05,0.003937690000384464,0.0026855116726336586,0.0015999999999999903,0.5371023345267316,26.8342222236791,0.30697201059196794,False,nan,nan,False,False
948,4.74,0.0050029819994961144,0.0008965960005298257,4.07699917559512e-06,0.0007932629996503238,0.0006428710003092419,3.191900032106787e-05,0.004049870000017108,0.0033296765121653784,0.0019000000000000128,0.6659353024330757,26.83303931806426,0.3268877050226738,False,nan,nan,False,False
949,4.745,0.0049976419995800825,0.0010300249996362254,3.917000867659226e-06,0.0019256800005678087,0.0007718319993728073,3.226100125175435e-05,0.0039307879997068085,0.003872838209656589,0.0020000000000000018,0.7745676419313178,24.220471052714224,0.7881152004071076,False,nan,nan,False,False
950,4.75,0.005030233000070439,0.0012423919997672783,5.539999619941227e-06,0.0007971510003699223,0.0008686330002092291,5.874999988009222e-05,0.003693394000947592,0.0041376330149556235,0.0020000000000000018,0.8275266029911246,17.41471528886545,0.5402053891936432,False,nan,nan,False,False
951,4.755,0.0050047549993905704,0.0013237650000519352,5.339999916031957e-06,0.0018810159999702591,0.0009710750000522239,4.429300133779179e-05,0.0036074330000701593,0.004255642191538589,0.0020000000000000018,0.8511284383077177,20.808242034272983,0.9312301426045311,False,nan,nan,False,False
952,4.76,0.004997111000193399,0.0012317529999563703,5.169000360183418e-06,0.0007715230003668694,0.0008620210010121809,4.446399907465093e-05,0.003701289000673569,0.004237955352218342,0.0020000000000000018,0.8475910704436684,13.26856279908667,0.7530452130944159,False,nan,nan,False,False
953,4.765,0.004998103000616538,0.0014127009999356233,4.8389993025921285e-06,0.001831563000450842,0.0010609330001898343,4.3791000280180015e-05,0.0035250900000391994,0.004148497301132863,0.0020000000000000018,0.8296994602265726,12.007819653100688,0.8604910047702408,False,nan,nan,False,False
954,4.7700000000000005,0.005004986000130884,0.0012148109999543522,5.38099993718788e-06,0.0006892490000609541,0.0008647360009490512,4.369199996290263e-05,0.0037120990000403253,0.0039409836281449435,0.0020000000000000018,0.7881967256289886,17.054437124172622,0.79623580755431,False,nan,nan,False,False
955,4.775,0.004991640998923685,0.0014147240017337026,5.250001777312718e-06,0.0018268049989274004,0.0010723039995355066,4.278000051272102e-05,0.003524147999996785,0.0038719057823587634,0.0020000000000000018,0.7743811564717528,24.19908887638485,0.7809129847137379,False,nan,nan,False,False
956,4.78,0.005004434000511537,0.0012072770005033817,5.129000783199444e-06,0.0007500410010834457,0.0008541860006516799,4.291000004741363e-05,0.003743888999451883,0.00394093127553756,0.0020000000000000018,0.7881862551075118,24.00335036081052,0.767403296279187,False,nan,nan,False,False
957,4.785,0.005052856000475003,0.002598908000436495,6.993001079536043e-06,0.001915721000841586,0.0021101149995956803,7.528999958594795e-05,0.0022943389994907193,0.003619393670733267,0.0020000000000000018,0.7238787341466534,20.82878390210874,0.7042151647487553,False,nan,nan,False,False
958,4.79,0.004977184000381385,0.001342649999060086,6.221998773980886e-06,0.000700008999046986,0.0009501959993940545,4.9492999096401036e-05,0.003576545001124032,0.0029983340350457997,0.0017000000000000348,0.5996668070091599,26.832826608977744,0.8928679286451411,False,nan,nan,False,False
959,4.795,0.005004614999052137,0.0015186090004135622,6.451999070122838e-06,0.0018156739988626214,0.0011418649992265273,4.8179999794228934e-05,0.003394665000087116,0.00339550267780912,0.0020000000000000018,0.6791005355618239,26.777387819334205,0.7046966218283568,False,nan,nan,False,False
960,4.8,0.004997572001229855,0.0015013959982752567,6.231999577721581e-06,0.0006183860004966846,0.0009777169998415047,4.743799945572391e-05,0.0034137620004912606,0.0032188972828985454,0.0020000000000000018,0.643779456579709,20.784675823176983,0.47288341465377254,False,nan,nan,False,False
961,4.805,0.0049984629986283835,0.0014302640011010226,8.444998456980102e-06,0.0017043360003299313,0.0010461849997227546,4.688700028054882e-05,0.003481126999758999,0.0027410156981691664,0.0017000000000000348,0.5482031396338333,26.83281634400378,0.7835976767797258,False,nan,nan,False,False
962,4.8100000000000005,0.004982214000847307,0.001341257000603946,5.4199990699999034e-06,0.0005297900006553391,0.0009326830004283693,5.56739996682154e-05,0.0035854219986504177,0.002757722759889183,0.0020000000000000018,0.5515445519778366,26.83281756641847,0.7334458400544908,False,nan,nan,False,False
963,4.815,0.004999835999115021,0.001381312000376056,7.995000487426296e-06,0.0016374199985875748,0.0010302059999958146,4.4592999984161e-05,0.0035397869996813824,0.0024893576215209543,0.0017000000000000348,0.49787152430419085,26.832815996170375,0.406820572312228,False,nan,nan,False,False
964,4.82,0.004986461000953568,0.0012869359998148866,5.539999619941227e-06,0.0005250419999356382,0.0008980589991551824,4.5545000830315985e-05,0.0036672749993158504,0.0023851164835788623,0.0016000000000000458,0.4770232967157725,26.832955097116994,0.49638337445347874,False,nan,nan,False,False
965,4.825,0.005041925000114134,0.0014102859986451222,6.532000043080188e-06,0.0016900190003070747,0.0010401039999123896,4.641600025934167e-05,0.0034961250003107125,0.002465893769133052,0.0019000000000000128,0.49317875382661036,26.833207533973358,0.489142052930425,False,nan,nan,False,False
966,4.83,0.004962896999131772,0.0008300720000988804,4.408000677358359e-06,0.0004971599992131814,0.0005946919991401955,3.0446999517153017e-05,0.004087639999852399,0.002555883410236339,0.0020000000000000018,0.5111766820472678,24.332271492720416,0.5322415032220486,False,nan,nan,False,False
967,4.835,0.004985539000699646,0.0009175149989459896,4.6290006139315665e-06,0.0015431150004587835,0.0006546240001625847,3.735999962373171e-05,0.00402577600107179,0.0027045084147735614,0.0020000000000000018,0.5409016829547123,24.001362325530938,0.4020886352027319,False,nan,nan,False,False
968,4.84,0.005025754999223864,0.0014131110001471825,6.321000910247676e-06,0.0005519919996004319,0.0009433229988644598,4.8690999392420053e-05,0.0035246790012024576,0.0029692165601852296,0.0020000000000000018,0.5938433120370459,24.000472249926936,0.512806183296359,False,nan,nan,False,False
969,4.845,0.0050457220004318515,0.0014780029996472877,8.987000910565257e-06,0.0017270480002480326,0.0010662029999366496,4.7559000449837185e-05,0.0034071789996232837,0.0031934583252912047,0.0020000000000000018,0.6386916650582409,21.171945994796207,0.5488976927623074,False,nan,nan,False,False
970,4.8500000000000005,0.004967245000443654,0.0015007459987828042,6.42200029687956e-06,0.0005754249996243743,0.0009559469999658177,4.859100044996012e-05,0.0034214750012324657,0.00342491139905221,0.0020000000000000018,0.684982279810442,20.794380197350318,0.6257179551697132,False,nan,nan,False,False
971,4.855,0.005100344000311452,0.0012966139984200709,7.012999049038626e-06,5.329899977368768e-05,0.0009232459997292608,4.8190999223152176e-05,0.0035232059999543708,0.003715091508472726,0.0020000000000000018,0.7430183016945451,20.794031038638277,0.7800324509052428,False,nan,nan,False,False
972,4.86,0.004902523998680408,0.0016667960007907823,6.281999958446249e-06,0.0005711970006814227,0.0009923950001393678,4.9742999181034975e-05,0.0032582709991402226,0.003944617233078781,0.0020000000000000018,0.7889234466157562,17.40923007555899,0.597943068925922,False,nan,nan,False,False
973,4.865,0.005031346001487691,0.0014643769991380395,8.646999049233273e-06,0.0016826760002004448,0.0010821720006788382,5.042399970989209e-05,0.003419773000132409,0.0041593350466093615,0.0020000000000000018,0.8318670093218723,16.9757688658209,0.8366719762147383,False,nan,nan,False,False
974,4.87,0.0049644499995338265,0.0015008649988885736,6.03099942964036e-06,0.0005724700004066108,0.0009572899998602225,4.910200004815124e-05,0.00342280800032313,0.0043081980321707635,0.0020000000000000018,0.8616396064341526,12.714228281291676,0.7667059417236716,False,nan,nan,False,False
975,4.875,0.005004784999982803,0.001467734000470955,8.306000381708145e-06,0.001637520999793196,0.0010925919996225275,4.575500133796595e-05,0.003442073999394779,0.004428334312766465,0.0020000000000000018,0.885666862553293,12.009354596594427,0.8727514800757343,False,nan,nan,False,False
976,4.88,0.004985138999472838,0.001401388999511255,5.550000423681922e-06,0.0005356410001695622,0.0009069349998753751,4.533500032266602e-05,0.003513228000883828,0.004472178068360589,0.0020000000000000018,0.8944356136721177,4.193046535199314,0.7706484968223987,False,nan,nan,False,False
977,4.885,0.004976281999915955,0.0013873030002287123,5.109999619890004e-06,0.0016350660007447004,0.0010157790002267575,4.3001000449294224e-05,0.003552059999492485,0.00394465220529108,0.0020000000000000018,0.7889304410582159,24.04357372975819,0.8591868629399828,False,nan,nan,False,False
978,4.89,0.004996420000679791,0.0012096909995307215,4.6889999794075266e-06,0.000511756001287722,0.0008498790011799429,4.847999844059814e-05,0.003732306999154389,0.004237941815881955,0.0020000000000000018,0.8475883631763909,24.00066965829727,0.8428887105914453,False,nan,nan,False,False
979,4.8950000000000005,0.005004894999729004,0.0013988449991302332,7.254000593093224e-06,0.0016444840002804995,0.0010205380003753817,5.362000047171023e-05,0.003539787001500372,0.004346264362407462,0.0020000000000000018,0.8692528724814923,12.004874958684892,0.5116468568185941,False,nan,nan,False,False
980,4.9,0.004998835000151303,0.0013030150003032759,4.9889986257767305e-06,0.0004990229990653461,0.0008624030015198514,4.8129999413504265e-05,0.0036372099984873785,0.004104907691590491,0.0020000000000000018,0.8209815383180982,16.98954858793956,0.8556024503962552,False,nan,nan,False,False
981,4.905,0.004998893999072607,0.001400377999743796,7.273998562595807e-06,0.0016356880005332641,0.0010360270007367944,4.395199903228786e-05,0.0035406180013524136,0.0040829747241124415,0.0020000000000000018,0.8165949448224884,24.060052461224824,0.9976364559079439,False,nan,nan,False,False
982,4.91,0.0050010690010822145,0.001201986999149085,4.829000317840837e-06,0.0005222170002525672,0.0008570119989599334,4.307000017433893e-05,0.003734539999641129,0.004104892850239433,0.0020000000000000018,0.8209785700478867,24.00659982780468,0.8216820860187868,False,nan,nan,False,False
983,4.915,0.004997150999770383,0.0013425590004771948,4.878998879576102e-06,0.0016333130006387364,0.000990821999948821,4.2680001570261084e-05,0.003602774999308167,0.003749787687878796,0.0020000000000000018,0.7499575375757591,20.852985498307305,0.6703927625724402,False,nan,nan,False,False
984,4.92,0.005004955999538652,0.001240879000761197,4.428000465850346e-06,0.0005255520009086467,0.0008623020003142301,4.3281001126160845e-05,0.003695798999615363,0.003096869569257241,0.0017000000000000348,0.6193739138514482,26.833754096268052,0.955123128171695,False,nan,nan,False,False
985,4.925,0.00499542699981248,0.001402773001245805,7.244001608341932e-06,0.0016037280001910403,0.0009393159998580813,4.392200025904458e-05,0.0035403169986238936,0.0031780971366111624,0.0020000000000000018,0.6356194273222325,26.834342755322353,0.920019125101498,False,nan,nan,False,False
986,4.93,0.0050018700003420236,0.0012148509995313361,4.929999704472721e-06,0.000521996000315994,0.0008487360009894473,4.3430998630356044e-05,0.00371686800099269,0.002590383198916784,0.0017000000000000348,0.5180766397833568,26.834788835092652,0.6828973760576699,False,nan,nan,False,False
987,4.9350000000000005,0.004977684999175835,0.0009745320003275992,3.62699938705191e-06,0.0016473089999635704,0.0006373309988703113,3.13989985443186e-05,0.003966293999837944,0.002687052033395634,0.0020000000000000018,0.5374104066791267,26.85143409481163,0.543075461995054,False,nan,nan,False,False
988,4.94,0.004981843001587549,0.0007939039987832075,3.285998900537379e-06,0.00047630100016249344,0.0005746950009779539,2.937499994004611e-05,0.004162561001066933,0.0022158570104925486,0.0017000000000000348,0.44317140209850964,26.836453690715885,0.5763441020414256,False,nan,nan,False,False
989,4.945,0.004996248999304953,0.0008410720001847949,3.2759999157860875e-06,0.001633582998692873,0.0005884700003662147,3.576699964469299e-05,0.004120603000046685,0.0018708998487974877,0.0014000000000000679,0.3741799697594976,26.846008595954984,0.6255300891470897,False,nan,nan,False,False
990,4.95,0.0050062779992003925,0.0008021900011954131,3.56700002157595e-06,0.0004958470017299987,0.0005809459998999955,2.8544000088004395e-05,0.004153242998654605,0.0017294059401201654,0.001100000000000101,0.34588118802403306,26.894154919528848,0.19383772842108554,False,nan,nan,False,False
991,4.955,0.004993765000108397,0.000837977000628598,3.4360000427113846e-06,0.0015984869987732964,0.0005930180013820063,3.154899968649261e-05,0.004123136999623966,0.0018049624069801607,0.0013000000000000025,0.3609924813960321,25.80550612735031,0.5675036557662106,False,nan,nan,False,False
992,4.96,0.005003342999771121,0.0007949860009830445,3.58600118488539e-06,0.00047674100096628536,0.0005767679995187791,2.7772000976256095e-05,0.004160967999268905,0.0018399743638274674,0.0015999999999999973,0.3679948727654935,26.84101771513715,0.40708298179789904,False,nan,nan,False,False
993,4.965,0.004995298000721959,0.0008253630003309809,3.1159997888607904e-06,0.0015784409988555126,0.0005887810002604965,2.7520998628460802e-05,0.004139186999964295,0.0022754595673682757,0.001899999999999999,0.4550919134736552,26.83759373732637,0.4957975822148669,False,nan,nan,False,False
994,4.97,0.005004274000384612,0.0007954569991852622,3.155999365844764e-06,0.00047852399984549265,0.0005692340000678087,2.892399970733095e-05,0.0041597360013838625,0.0024301280415782393,0.0020000000000000018,0.48602560831564784,24.332883194021008,0.46797013582580355,False,nan,nan,False,False
995,4.9750000000000005,0.004994275999706588,0.0008323860001837602,3.2160005503101274e-06,0.001629667000088375,0.0005962849991192343,2.9816001188009977e-05,0.004140058999837493,0.002572465826083556,0.0017000000000000001,0.5144931652167113,26.833477873029064,0.48158981805923023,False,nan,nan,False,False
996,4.98,0.005013010999391554,0.0007965490003698505,3.2960015232674778e-06,0.00046383699918806087,0.0005706470001314301,2.7640999178402126e-05,0.004154877000473789,0.0026656167323769325,0.0015999999999999903,0.5331233464753865,26.833145071457245,0.5617079066178747,False,nan,nan,False,False
997,4.985,0.004989146000298206,0.0009052519999386277,3.256000127294101e-06,0.0015878479989623884,0.0005998710003041197,2.86940012301784e-05,0.004057916001329431,0.0029143497035820547,0.0019000000000000128,0.5828699407164111,26.832825412838506,0.431605376858428,False,nan,nan,False,False
998,4.99,0.005007100000511855,0.0008011570007511182,3.5560005926527083e-06,0.0004824419993383344,0.0005784919994766824,2.9134000214980915e-05,0.004156108998358832,0.0031529921802726014,0.0020000000000000018,0.6305984360545203,24.331051574065633,0.6011369453177291,False,nan,nan,False,False
999,4.995,0.0050062379996234085,0.0009461879999435041,3.757000740733929e-06,0.0015996499987522839,0.0006209309995028889,2.997599949594587e-05,0.0040032340002653655,0.0032983756828069166,0.0020000000000000018,0.6596751365613833,21.16601857367366,0.5444072420192471,False,nan,nan,False,False
1000,5.0,0.004992481999579468,0.0008282680009870091,3.477000063867308e-06,0.0004795360000571236,0.0006002820009598508,3.208999987691641e-05,0.004129168999497779,0.0031734415514459453,0.0020000000000000018,0.6346883102891889,18.709029258984053,0.7490662025365473,False,nan,nan,False,False
1001,5.005,0.004998263000743464,0.0008638050003355602,3.2860007195267826e-06,0.0016373610014852602,0.0006083570006012451,2.996600051119458e-05,0.0040931809999165125,0.003497978958585686,0.0020000000000000018,0.6995957917171371,22.18392342068086,0.5780414279171221,False,nan,nan,False,False
1002,5.01,0.004998975000489736,0.0008070690000749892,3.336001100251451e-06,0.00046999799997138325,0.000585083000260056,2.901399966503959e-05,0.004160196000157157,0.0036760112917567766,0.0020000000000000018,0.7352022583513551,17.800984433482736,0.47828503753808344,False,nan,nan,False,False
1003,5.015,0.005007109999496606,0.0009172840000246651,2.97499900625553e-06,0.001595562998772948,0.0005985689986118814,3.0246999813243747e-05,0.004035543999634683,0.003825046220511657,0.0020000000000000018,0.7650092441023314,16.970626716972987,0.6299593661073264,False,nan,nan,False,False
1004,5.0200000000000005,0.004993874999854597,0.0008128190002025804,3.3870001061586663e-06,0.00047798299965506885,0.0005824189993290929,3.514600030030124e-05,0.004148665000684559,0.0035747592932770665,0.0017632075138633851,0.7149518586554133,26.832817925621935,0.7602734274620577,False,nan,nan,False,False
1005,5.025,0.005001658999390202,0.0008631840009911684,3.3659998734947294e-06,0.0015692430006311042,0.0006136569991213037,2.887399932660628e-05,0.004092409999429947,0.003689173808848104,0.0020000000000000018,0.7378347617696208,25.80141647722593,0.7084876867666244,False,nan,nan,False,False
1006,5.03,0.004996420000679791,0.0007867309996072436,3.166000169585459e-06,0.00047035900024638977,0.0005699550001736498,2.7812000553240068e-05,0.004175154001131887,0.0034452872345599964,0.0020000000000000018,0.6890574469119993,24.00000120577082,0.6086607289233339,False,nan,nan,False,False
1007,5.035,0.005006679000871372,0.0008656479985802434,3.6769997677765787e-06,0.0016445940000267,0.0006150900007924065,2.9304999770829454e-05,0.004086179000296397,0.003769615921016972,0.0020000000000000018,0.7539231842033943,24.00000000804067,0.7226512026892455,False,nan,nan,False,False
1008,5.04,0.004991159999917727,0.000790887999755796,3.1159997888607904e-06,0.0004797370002052048,0.0005720389999623876,2.894400131481234e-05,0.004173671999524231,0.003797367746697296,0.0020000000000000018,0.7594735493394592,17.435618542405916,0.62519399805122,False,nan,nan,False,False
1009,5.045,0.005012058998545399,0.0009592330006853445,3.716999344760552e-06,0.0016036979995988077,0.0007132129994715797,3.693899998324923e-05,0.004004956999779097,0.003488552995188412,0.0020000000000000018,0.6977105990376823,20.784609886473152,1.007203579108597,False,nan,nan,False,False
1010,5.05,0.005027668001275742,0.001317973999903188,4.8790006985655054e-06,0.0005176769991521724,0.0008349809995706892,4.922199877910316e-05,0.003637890000391053,0.0037973678239705856,0.0020000000000000018,0.7594735647941171,20.784610359806052,0.6797920084564449,False,nan,nan,False,False
1011,5.055,0.005029963000197313,0.0016550029995414661,8.054999852902256e-06,0.0016660349992889678,0.0012764860002789646,4.7699000788270496e-05,0.003266255998823908,0.0034885530761212874,0.0020000000000000018,0.6977106152242575,20.784609808972355,0.613133277482271,False,nan,nan,False,False
1012,5.0600000000000005,0.004994164999516215,0.0013988249993417412,5.880998287466355e-06,0.0005439270007627783,0.0009169340009975713,4.5435001084115356e-05,0.003525721000187332,0.0037973680136184807,0.0020000000000000018,0.759473602723696,20.784614561259644,0.9455825939200168,False,nan,nan,False,False
1013,5.065,0.005071850999229355,0.0012408500006131362,5.650999810313806e-06,4.434299989952706e-05,0.000873192000653944,4.6115999793983065e-05,0.0036124420003034174,0.0034885532571679455,0.0020000000000000018,0.697710651433589,20.784609690849088,0.6911951316088321,False,nan,nan,False,False
1014,5.07,0.004925317000015639,0.0013858000002073823,5.571000656345859e-06,0.0005423839993454749,0.0009131269998761127,5.535399941436481e-05,0.00354036799944879,0.0036687875232216892,0.0020000000000000018,0.7337575046443378,20.784622709533057,0.7820335454774362,False,nan,nan,False,False
1015,5.075,0.004995328001314192,0.0013774849994661054,8.054999852902256e-06,0.001664060000621248,0.0010185850005655084,4.362099934951402e-05,0.003558841999620199,0.003393832027404281,0.0020000000000000018,0.6787664054808562,20.791136094274624,0.5946959690827709,False,nan,nan,False,False
1016,5.08,0.005005005999919376,0.0013702010000997689,5.559999408433214e-06,0.0005394189993239706,0.0009093700009543682,4.465300116862636e-05,0.0035605260000011185,0.0028300496850346257,0.0017026971130080781,0.5660099370069251,26.55763034361124,0.7637740813797221,False,nan,nan,False,False
1017,5.085,0.005002451000109431,0.00139309399855847,7.393999112537131e-06,0.0016617359997326275,0.001030797000566963,5.9050000345450826e-05,0.0035315220011398196,0.0023103163816967035,0.0014026971130081112,0.4620632763393408,26.832818960564822,0.6573179454333906,False,nan,nan,False,False
1018,5.09,0.004996599998776219,0.0013640500001201872,5.521000275621191e-06,0.0005427249998319894,0.0009077869999600807,4.4612999772652984e-05,0.003559713999493397,0.002632334180040862,0.0017026971130080781,0.5264668360081723,26.832834493102478,0.6383741368722308,False,nan,nan,False,False
1019,5.095,0.004995176999727846,0.0013715940003748983,7.413998901029117e-06,0.0016539009993721265,0.001007584000035422,4.5495000449591316e-05,0.0035602549996838206,0.0023103166309572406,0.0014026971130081112,0.46206332619144813,26.833376916740807,0.38866859379985,False,nan,nan,False,False
1020,5.1000000000000005,0.005004534999898169,0.0013779060009255772,7.022999852779321e-06,0.0005445169990707655,0.0009200699987559346,4.537499989964999e-05,0.0035478419995342847,0.0021554446515942675,0.0013000000000000789,0.43108893031885354,26.832850810671474,0.5825660107975522,False,nan,nan,False,False
1021,5.105,0.004994877001081477,0.0013853199998266064,7.823999112588353e-06,0.0016532299996470101,0.0010115109998878324,4.62970001535723e-05,0.0035471409992169356,0.002484818630027875,0.0016000000000000458,0.49696372600557503,26.832916082939693,0.4476920803805387,False,nan,nan,False,False
1022,5.11,0.005007800999010215,0.001423331001205952,5.8610003179637715e-06,0.0005474429999594577,0.0009120350005105138,5.496300036611501e-05,0.003503408999677049,0.002700291470484265,0.0019000000000000128,0.540058294096853,24.007205083175595,0.3571935366020004,False,nan,nan,False,False
1023,5.115,0.005085677001261502,0.0014864789991406724,2.10190009966027e-05,5.844899897056166e-05,0.0011104660006822087,4.316000013204757e-05,0.0033518750005896436,0.0030411524090384187,0.0020000000000000018,0.6082304818076837,24.33714244391133,0.6621698190422134,False,nan,nan,False,False
1024,5.12,0.004905218998828786,0.0012878280012955656,5.279998731566593e-06,0.0005396390006353613,0.0008801549993222579,4.258899934939109e-05,0.0036573769993992755,0.0031393530437363783,0.0020000000000000018,0.6278706087472757,24.008694683346288,0.5407130004377971,False,nan,nan,False,False
1025,5.125,0.005031366001276183,0.0015089709995663725,8.877001164364628e-06,0.0016612349991191877,0.001141473998359288,4.055600038554985e-05,0.003388604000065243,0.0034273342466659795,0.0020000000000000018,0.6854668493331959,18.139988423007612,0.633669490343303,False,nan,nan,False,False
1026,5.13,0.004963006998877972,0.0012431140003172914,5.17999978910666e-06,0.000526593999893521,0.0008435870004177559,4.161700053373352e-05,0.0037139520009077387,0.003430808439645565,0.0020000000000000018,0.686161687929113,20.78521129041293,0.4801667950321231,False,nan,nan,False,False
1027,5.135,0.005054688999734935,0.0011970579998887843,9.08699985302519e-06,0.0017018409998854622,0.0007996949989319546,2.867299917852506e-05,0.0036848380004812498,0.0035120168222749857,0.0020000000000000018,0.7024033644549972,20.785761629685258,0.6280496901273684,False,nan,nan,False,False
1028,5.14,0.004962586001056479,0.0016213709986914182,6.221000148798339e-06,0.0005529530008061556,0.0012342270001681754,4.2830000893445686e-05,0.0033076330000767484,0.0035493775792670114,0.0020000000000000018,0.7098755158534023,17.44178195186146,0.7036427445810591,False,nan,nan,False,False
1029,5.1450000000000005,0.0049968410003202735,0.0013232530000095721,5.349998900783248e-06,0.0016571480009588413,0.0009690610004327027,4.1056999180000275e-05,0.0036004409994347952,0.003582661158952024,0.0020000000000000018,0.7165322317904047,17.138148598231542,0.6997653401933935,False,nan,nan,False,False
1030,5.15,0.004989867999029229,0.0012554160002764547,4.9790014600148425e-06,0.0005311530003382359,0.0008526740002707811,5.077499918115791e-05,0.0036783460000151535,0.0036644408752384986,0.0020000000000000018,0.7328881750476998,16.97823154655438,0.6558003097988083,False,nan,nan,False,False
1031,5.155,0.005001399000320816,0.0013745590003964026,7.403999916277826e-06,0.001647479999519419,0.0009121350012719631,4.1498000427964143e-05,0.0035556969996832777,0.0037921613325121173,0.0020000000000000018,0.7584322665024235,16.998821950159527,0.7213029693511982,False,nan,nan,False,False
1032,5.16,0.004997472000468406,0.001330637000137358,5.489999239216559e-06,0.0005311929999152198,0.00087654900016787,4.2810999730136245e-05,0.003611871999964933,0.0038197249254282735,0.0020000000000000018,0.7639449850856548,21.167026168581984,0.8275856688195226,False,nan,nan,False,False
1033,5.165,0.005097377999845776,0.0011961059990426293,1.2923999747727066e-05,4.460299896891229e-05,0.0008419739988312358,4.259900015313178e-05,0.003642509000201244,0.0036350841281104712,0.0020000000000000018,0.7270168256220942,25.727720976266504,0.9302382687175401,False,nan,nan,False,False
1034,5.17,0.004908394999802113,0.0012667789997067302,5.5300006351899356e-06,0.0005337880011211382,0.0008577230000810232,4.2048999603139237e-05,0.003662295999674825,0.0034748572081799885,0.0020000000000000018,0.6949714416359977,25.48214534736721,0.8739103065296517,False,nan,nan,False,False
1035,5.175,0.004997983000066597,0.001555949000248802,7.143000402720645e-06,0.0016523989997949684,0.001220440999532002,4.0294999053003266e-05,0.0033803890000854153,0.0035423702585565117,0.0020000000000000018,0.7084740517113024,22.107207567928434,0.879625832858615,False,nan,nan,False,False
1036,5.18,0.005017248999138246,0.001581055999849923,6.2519993662135676e-06,0.0005506890011020005,0.00119440299931739,4.649699985748157e-05,0.0033326890006719623,0.0034474980320899446,0.0020000000000000018,0.6894996064179888,26.860393193571458,0.8404352659047025,False,nan,nan,False,False
1037,5.1850000000000005,0.0050570630010042805,0.0011725419990398223,5.880998287466355e-06,3.648799975053407e-05,0.0008253229989350075,4.018500112579204e-05,0.003680480000184616,0.003089725533107975,0.0017000000000000348,0.617945106621595,26.833666507774804,0.8163339686196858,False,nan,nan,False,False
1038,5.19,0.0049197770003956975,0.0013282829986565048,5.3299991122912616e-06,0.0005232280000200262,0.0008734630009712419,4.259999877831433e-05,0.003608726001402829,0.00285748838130942,0.001547134036850164,0.571497676261884,26.834123073742177,0.7079555858064656,False,nan,nan,False,False
1039,5.195,0.005007710999052506,0.00136388899954909,7.564000043203123e-06,0.0016544129994144896,0.001003825998850516,4.173800152784679e-05,0.0035665770010382403,0.002592869288823256,0.001847134036850162,0.5185738577646513,26.834302674536637,0.3959288778449552,False,nan,nan,False,False
1040,5.2,0.004996659999960684,0.0013195169995015021,5.7110009947791696e-06,0.0005331770007614978,0.0008805060006125132,4.24190002377145e-05,0.0036113710011704825,0.002061740981898756,0.001547134036850164,0.4123481963797512,24.174724658585234,0.5341160666593757,False,nan,nan,False,False
1041,5.205,0.004998162999982014,0.0015423530003317865,8.096001693047583e-06,0.0016537010014872067,0.0011566020002646837,4.114700095669832e-05,0.0033939450004254468,0.002006480701066725,0.001847134036850162,0.401296140213345,26.84321647626281,0.5031955452931768,False,nan,nan,False,False
1042,5.21,0.005009063999750651,0.001342077999652247,5.751000571763143e-06,0.0005463310008053668,0.000894793000043137,4.197899943392258e-05,0.003584330001103808,0.001576201961674998,0.001547134036850164,0.31524039233499956,26.835989195775873,0.19434281632447278,False,nan,nan,False,False
1043,5.215,0.005004524000469246,0.0013561659998231335,9.317000149167143e-06,0.0016119930005515926,0.0010031159999925876,4.107699896849226e-05,0.003564702999938163,0.0013575761241663448,0.0012471340368501622,0.27151522483326895,26.83359657761172,0.41667704600957706,False,nan,nan,False,False
1044,5.22,0.00498887600042508,0.001344614000117872,5.158999556442723e-06,0.0005356109995773295,0.0008894330003386131,5.645499913953245e-05,0.0035867039987351745,0.0014496730639342293,0.0009471340368501641,0.28993461278684585,26.83469086537545,0.3280992997911166,False,nan,nan,False,False
1045,5.2250000000000005,0.005078012000012677,0.0012099220002710354,5.409998266259208e-06,3.6118000934948213e-05,0.0008550480015401263,4.097700002603233e-05,0.003643330999693717,0.001805601382667872,0.0009999999999998899,0.3611202765335744,26.83655507252355,0.34824639708549926,False,nan,nan,False,False
1046,5.23,0.004922662999888416,0.0013850089999323245,5.7010001910384744e-06,0.0005294600014167372,0.0009281249986088369,4.2489000406931154e-05,0.0035618580004666,0.002306229175135468,0.0013000000000000789,0.4612458350270936,26.833806888886677,0.4458111627201238,False,nan,nan,False,False
1047,5.235,0.005118416998811881,0.0012988480011699721,7.353000910370611e-06,4.5204000343801454e-05,0.0009372719996463275,4.576600076688919e-05,0.0035266029990452807,0.00287702243596466,0.0016000000000000458,0.575404487192932,26.83282048656799,0.46629041191749626,False,nan,nan,False,False
1048,5.24,0.004878169000221533,0.0008370350005861837,3.9379992813337594e-06,0.0005261529986455571,0.0005983089995424962,2.994599890371319e-05,0.004080647999217035,0.0034836513217792364,0.0019000000000000128,0.6967302643558473,26.83281642540183,0.3853698941422308,False,nan,nan,False,False
1049,5.245,0.00496839800143789,0.000871077998453984,3.997000021627173e-06,0.0016529200001969002,0.0006225929992069723,3.5417000617599115e-05,0.004094674000953091,0.0039402618454867306,0.0020000000000000018,0.788052369097346,22.25519086481754,0.6155876030651204,False,nan,nan,False,False
1050,5.25,0.005050550998930703,0.0014166479995765258,7.1340000431519e-06,0.0005589749998762272,0.0010094769986608298,4.2748999476316385e-05,0.003500053000607295,0.004089913118218263,0.0020000000000000018,0.8179826236436526,13.266612305773297,0.8386334113735728,False,nan,nan,False,False
1051,5.255,0.004985388999557472,0.0013032460010435898,8.11500103736762e-06,0.0016473100004077423,0.0009434040002815891,4.2469999243621714e-05,0.003627561000030255,0.004162824712436089,0.0020000000000000018,0.8325649424872177,12.002481674696218,0.6272842774561049,False,nan,nan,False,False
1052,5.26,0.0049995460012723925,0.0012375629994494375,5.208999937167391e-06,0.0004758399991260376,0.0008828709997033002,4.1987999793491326e-05,0.003692702999614994,0.004255681456368398,0.0020000000000000018,0.8511362912736794,12.001927516681013,0.6982005094807485,False,nan,nan,False,False
1053,5.265,0.004998582999178325,0.001447996999559109,5.339999916031957e-06,0.001544546999866725,0.0011005770011252025,4.323100074543618e-05,0.003489123000690597,0.004367218396098264,0.0020000000000000018,0.8734436792196528,12.001878833147654,0.8915946131778111,False,nan,nan,False,False
1054,5.2700000000000005,0.005005827999411849,0.0012713760006590746,5.731000783271156e-06,0.0009719680001580855,0.0008886809991963673,5.393100036599208e-05,0.0036646210010076175,0.004255683153424957,0.0020000000000000018,0.8511366306849915,12.000662269615201,0.8959115834839629,False,nan,nan,False,False
1055,5.275,0.005019022000851692,0.0015196210006251931,6.56200063531287e-06,0.001556399000037345,0.001148546998592792,4.1586999941500835e-05,0.003387892998944153,0.004367212552428055,0.0020000000000000018,0.873442510485611,12.000240202369971,0.908199593932702,False,nan,nan,False,False
1056,5.28,0.004975641000783071,0.0012569799982884433,5.070000042906031e-06,0.0009777280010894174,0.0008960949999163859,4.1668001358630136e-05,0.003673887000331888,0.004082892230367877,0.0020000000000000018,0.8165784460735754,23.01566245765319,0.8550805871779166,False,nan,nan,False,False
1057,5.285,0.004998753998734173,0.0013761730006081052,5.5009986681398004e-06,0.001530471001387923,0.0010232029999315273,4.070599970873445e-05,0.0035572899996623164,0.004237924969907993,0.0020000000000000018,0.8475849939815985,20.78461063684433,0.9084951956804049,False,nan,nan,False,False
1058,5.29,0.005001749999792082,0.0013913010006945115,5.490999683388509e-06,0.0009775180005817674,0.0009293769999203505,4.307000017433893e-05,0.003541449999829638,0.0043462636544820245,0.0020000000000000018,0.8692527308964049,12.00000018517584,0.845170579264277,False,nan,nan,False,False
1059,5.295,0.0049985540008492535,0.0013708829992538085,5.240000973572023e-06,0.0015248609997797757,0.0010194460010097828,4.064599852426909e-05,0.003572247000192874,0.003967372276560571,0.0020000000000000018,0.7934744553121141,20.785152699150757,1.0728521431641735,False,nan,nan,False,False
1060,5.3,0.005010836999645107,0.0013099780007905792,5.26000076206401e-06,0.000985652000963455,0.0008882399997673929,4.106699998374097e-05,0.0036100289999012602,0.00385023276525649,0.0020000000000000018,0.770046553051298,21.083267980661372,0.8086949690250365,False,nan,nan,False,False
1061,5.305,0.004989336001017364,0.0013754109986621188,5.759999112342484e-06,0.00153325600149401,0.0010155389991268748,4.064600034325849e-05,0.0035566590013331734,0.0039673809086360695,0.0020000000000000018,0.7934761817272139,21.09206506007538,0.6535790259120231,False,nan,nan,False,False
1062,5.3100000000000005,0.005005917999369558,0.0013368189993343549,1.2172999049653299e-05,0.0009879270000965334,0.0008851940001477487,4.38919996668119e-05,0.0035881269996025367,0.003623544816263037,0.0020000000000000018,0.7247089632526075,20.78473050406389,0.7111814669236121,False,nan,nan,False,False
1063,5.315,0.004991931000404293,0.001412349998645368,5.048999810242094e-06,0.0015247199989971705,0.0010615640003379667,4.145800085098017e-05,0.0035206620013923384,0.003797370803979997,0.0020000000000000018,0.7594741607959995,20.785158101370964,0.963251082743621,False,nan,nan,False,False
1064,5.32,0.00499820400000317,0.00122574099987105,5.2699997468153015e-06,0.0009755539995239815,0.0008798340004432248,4.316100057621952e-05,0.003714062999279122,0.0034885547522806215,0.0020000000000000018,0.6977109504561243,20.784667553133804,0.7337182518739825,False,nan,nan,False,False
1065,5.325,0.005006739000236848,0.001382092999847373,5.5199998314492404e-06,0.0015056650008773431,0.0010358870003983611,3.9434000427718274e-05,0.0035456979985610815,0.0036819379456653834,0.0020000000000000018,0.7363875891330767,19.134727945879913,0.9030768769619362,False,nan,nan,False,False
1066,5.33,0.004995377999875927,0.0012396469992381753,5.4299998737405986e-06,0.0009617479990993161,0.0008687839999765856,4.3150999772478826e-05,0.0036984130001656013,0.003153575571665381,0.0018277875976377977,0.6307151143330761,24.96913514308858,0.7170038489336028,False,nan,nan,False,False
1067,5.335,0.005009573998904671,0.001368819001072552,5.4199990699999034e-06,0.0015380549994006287,0.0010136149994650623,4.227899989928119e-05,0.003559753999070381,0.0025895818288068574,0.0015277875976378308,0.5179163657613715,26.833020209671243,0.9357775717032606,False,nan,nan,False,False
1068,5.34,0.005003632999432739,0.0011357030016370118,5.650999810313806e-06,0.000987446001090575,0.0009356190003018128,1.3394999768934213e-05,0.0037676729989470914,0.0020897006923580826,0.0012277875976376418,0.4179401384716166,26.833833820184832,0.5701455681996697,False,nan,nan,False,False
1069,5.345,0.004976252001142711,0.0013765339990641223,5.920999683439732e-06,0.0015239979984471574,0.0010160799993172986,4.181800068181474e-05,0.003568400001313421,0.0018079392323520564,0.0010000000000000009,0.36158784647041126,24.39721191425315,0.43880050133205484,False,nan,nan,False,False
1070,5.3500000000000005,0.005012981000618311,0.0013835459994879784,5.85100133321248e-06,0.0009774370009836275,0.0009284759998990921,4.3150999772478826e-05,0.0035471909995976603,0.0016171969256186052,0.0012999999999999956,0.32343938512372106,26.83294736842974,0.5136589548966077,False,nan,nan,False,False
1071,5.355,0.004996680998374359,0.0013372590001381468,5.169000360183418e-06,0.0015169660000537988,0.000981404000413022,4.071600051247515e-05,0.0035974150014226325,0.0019014148663073441,0.0015999999999999903,0.3802829732614688,26.833353029183638,0.3356592948995363,False,nan,nan,False,False
1072,5.36,0.005003723001209437,0.0013389529995038174,5.490001058205962e-06,0.000981425000645686,0.0008877299987943843,4.185800025879871e-05,0.0036056600001757033,0.0022069667004271766,0.0019000000000000128,0.44139334008543535,26.84350644992832,0.3064514555593341,False,nan,nan,False,False
1073,5.365,0.005017559000407346,0.0014065399991523009,5.4199990699999034e-06,0.0015409110001201043,0.0010489199994481169,4.18780000472907e-05,0.0035073759991064435,0.0023240991474671306,0.0020000000000000018,0.4648198294934261,23.359723940489783,0.5246681445573915,False,nan,nan,False,False
1074,5.37,0.00498184299976856,0.0012639929991564713,1.2644000889849849e-05,0.0008820790008030599,0.0008862869999575196,4.228899888403248e-05,0.0036686180010292446,0.0024872189524821264,0.0020000000000000018,0.4974437904964253,24.00186627332539,0.4747625595489565,False,nan,nan,False,False
1075,5.375,0.005002019999665208,0.0013460869995469693,5.490999683388509e-06,0.0015335770003730431,0.0009955209989129798,4.070599970873445e-05,0.0035815949995594565,0.0027733622488888923,0.0020000000000000018,0.5546724497777784,24.015059109636777,0.5077558613296165,False,nan,nan,False,False
1076,5.38,0.00499340399983339,0.0012261730007594451,5.500000042957254e-06,0.0009814740005822387,0.0008498979987052735,4.307999915909022e-05,0.0038105929997982457,0.0031519024536174546,0.0020000000000000018,0.6303804907234908,24.790086637495186,0.4170093215166523,False,nan,nan,False,False
1077,5.385,0.005293165000693989,0.0019247979998908704,1.542799873277545e-05,0.0018486359986127354,0.0014216380004654638,4.1477000195300207e-05,0.0027202749988646246,0.003587918908718423,0.0020000000000000018,0.7175837817436845,24.02134522881315,0.5863998373158542,False,nan,nan,False,False
1078,5.39,0.004713420999905793,0.001237733999005286,5.339999916031957e-06,0.0008774389989412157,0.0008794839995971415,4.192799860902596e-05,0.003690618999826256,0.0038073402547217387,0.0020000000000000018,0.7614680509443477,17.52076325592529,0.4675905329804933,False,nan,nan,False,False
1079,5.3950000000000005,0.004997922998882132,0.001338702000794001,5.540001438930631e-06,0.00199265499941248,0.0009905509996315232,4.038500082970131e-05,0.0035925659994973103,0.004001022032710661,0.0020000000000000018,0.8002044065421322,17.34560825037836,0.5373763054517365,False,nan,nan,False,False
1080,5.4,0.005002339999919059,0.0012290980012039654,5.509999027708545e-06,0.0007491600008506794,0.0008645060006529093,4.0595999962533824e-05,0.0036986739996791584,0.0038152651863975003,0.0017722124023622499,0.7630530372795001,26.905891683853632,0.7267034213157708,False,nan,nan,False,False
1081,5.405,0.0049938060001295526,0.0013377200011746027,5.719999535358511e-06,0.001868913999715005,0.0009853209994616918,4.043499939143658e-05,0.0035968029987998307,0.0038080118735697214,0.0019929622324652563,0.7616023747139442,17.590260229444272,0.6645050209076617,False,nan,nan,False,False
1082,5.41,0.005004634000215447,0.0012734310002997518,5.350000719772652e-06,0.0007544910004071426,0.0009167939988401486,4.080600047018379e-05,0.003657657000076142,0.0038496017471318362,0.0020000000000000018,0.7699203494263671,22.54427251046438,0.6626216756811935,False,nan,nan,False,False
1083,5.415,0.005001841000193963,0.0013783260001218878,5.37999949301593e-06,0.001903288000903558,0.0010051579993159976,4.1957999201258644e-05,0.0035511280002538115,0.0037983102393163498,0.0020000000000000018,0.7596620478632699,20.789009568683273,0.8766501435573154,False,nan,nan,False,False
1084,5.42,0.0049968599996645935,0.0012505280010373099,5.6009994295891374e-06,0.0007606819999637082,0.0008998319990496384,4.191799962427467e-05,0.003686160998768173,0.003645064654535026,0.0020000000000000018,0.7290129309070051,17.081864504057986,0.9700122431137539,False,nan,nan,False,False
1085,5.425,0.0050054969997290755,0.0013368689997150796,5.740999768022448e-06,0.0018790230005834019,0.0009919439999066526,4.0655999328009784e-05,0.003589450001527439,0.0030288918722626446,0.0017000000000000348,0.6057783744525289,26.8338218857112,0.8532206699639617,False,nan,nan,False,False
1086,5.43,0.004992772999685258,0.0012339870008872822,5.43999885849189e-06,0.0007561840011476306,0.0008642659995530266,4.2097999539691955e-05,0.0037032519994681934,0.0024417525229140195,0.0014000000000000679,0.48835050458280393,26.83292858231157,0.7057168214932038,False,nan,nan,False,False
1087,5.4350000000000005,0.005018662001020857,0.001344422998954542,5.850999514223076e-06,0.001892398000563844,0.0009894889990391675,4.004500078735873e-05,0.0035700630014616763,0.0019104279485283992,0.001100000000000101,0.38208558970567985,26.83611660490572,0.4634118533138988,False,nan,nan,False,False
1088,5.44,0.004981181000403012,0.0012408589991537156,5.038999006501399e-06,0.0007416259995807195,0.0008824400010780664,4.109699875698425e-05,0.003688705999593367,0.0019711123989921172,0.0014000000000000679,0.3942224797984234,24.447346119238063,0.6745377812505604,False,nan,nan,False,False
1089,5.445,0.004981441999916569,0.0008572119986638427,4.1170005715684965e-06,0.0018929389989352785,0.0006129260000307113,2.7742000384023413e-05,0.004074757000125828,0.0017037955840560792,0.001100000000000101,0.34075911681121585,26.84655695810179,0.4473198736581419,False,nan,nan,False,False
1090,5.45,0.00497904700023355,0.0008045539998420281,4.027000613859855e-06,0.0007137440006772522,0.0005812359995616134,2.810300065902993e-05,0.004146500999922864,0.002358213099997844,0.0014000000000000679,0.47164261999956875,26.832977016464042,0.7149622412628107,False,nan,nan,False,False
1091,5.455,0.0049992249987553805,0.0008470530010527,3.986999217886478e-06,0.0019182559990440495,0.0006019859993102727,2.7891999707208015e-05,0.004105996000362211,0.0023020296989663142,0.001300740772220043,0.4604059397932627,26.842759494726156,0.426381797921108,False,nan,nan,False,False
1092,5.46,0.00500194000051124,0.0007979719994182233,3.716999344760552e-06,0.0007244039989018347,0.0005757069993705954,2.7602000045590103e-05,0.004163082001468865,0.002693911642286051,0.001600740772220043,0.5387823284572102,26.833105146687174,0.8779184581234434,False,nan,nan,False,False
1093,5.465,0.0050273079996259185,0.001378697001200635,5.3299991122912616e-06,0.0019144679990859004,0.0010181730012845946,4.205799996270798e-05,0.0035680299988598563,0.0029043129458952697,0.0019007407722200428,0.580862589179054,26.83288250922339,0.44064957457161485,False,nan,nan,False,False
1094,5.47,0.005017760000555427,0.0012513589990703622,5.3700005082646385e-06,0.0007889949993113987,0.0008862570011842763,5.151599907549098e-05,0.0036770930000784574,0.003066059692695634,0.0019586058720793,0.6132119385391267,21.062254084360607,0.548161330837533,False,nan,nan,False,False
1095,5.4750000000000005,0.004995457000404713,0.0015445579992956482,5.079000402474776e-06,0.0018565700011095032,0.0012091600001440383,4.0595999962533824e-05,0.003385117999641807,0.002889365273707824,0.0020000000000000018,0.5778730547415647,24.057049887271244,0.6828410026895011,False,nan,nan,False,False
1096,5.48,0.0049948579999181675,0.0012471909994928865,4.718000127468258e-06,0.0007236629990075016,0.0008539770005882019,5.0154001655755565e-05,0.0036907989997416735,0.0026094013777773688,0.0017195065679078692,0.5218802755554738,26.493069402732907,0.5717361057037328,False,nan,nan,False,False
1097,5.485,0.005006347999369609,0.001345565000519855,5.309999323799275e-06,0.0018757960006041685,0.0009042910005518934,4.205900040687993e-05,0.0035818460000882624,0.0030932348069359814,0.0020000000000000018,0.6186469613871962,26.493239384312925,0.4830965475725737,False,nan,nan,False,False
1098,5.49,0.004992272000890807,0.0012325539992161794,5.0199996621813625e-06,0.0007384009986708406,0.0008689139995112782,4.1106999560724944e-05,0.003706559000420384,0.0030069760219213876,0.0017000000000000348,0.6013952043842775,26.833458666738753,0.5910808209936408,False,nan,nan,False,False
1099,5.495,0.005011747998651117,0.0013195070005167508,5.509999027708545e-06,0.0018753749991446966,0.0009720670004753629,4.049599920108449e-05,0.0036056999997526873,0.003598298844599573,0.0020000000000000018,0.7196597689199147,26.833592224559524,0.7182903214097289,False,nan,nan,False,False
1100,5.5,0.004989156999727129,0.0013009610011067707,4.8389993025921285e-06,0.0007485990008717636,0.000853745999847888,4.7359000745927915e-05,0.0036342740004329244,0.0035490548468813297,0.0020000000000000018,0.709810969376266,24.016454078563708,0.540970729008103,False,nan,nan,False,False
1101,5.505,0.005005186001653783,0.0015796729985595448,5.249999958323315e-06,0.0018457999995007413,0.0012266929988982156,5.093500112707261e-05,0.003353658999913023,0.0038564088194981403,0.0020000000000000018,0.7712817638996281,20.789043984704183,0.793343475081544,False,nan,nan,False,False
1102,5.51,0.005004724998798338,0.0012653350004256936,5.590000000665896e-06,0.0007373190001089824,0.0009000119989650557,4.230900049151387e-05,0.0036627169993153075,0.003665490025559289,0.0020000000000000018,0.7330980051118577,20.79462202504497,0.6872837635469424,False,nan,nan,False,False
1103,5.515,0.0049967610011663055,0.0013768239987257402,5.509999027708545e-06,0.0018754250013444107,0.0009900510012812447,4.188800085103139e-05,0.0035551250002754387,0.003983384180784123,0.0020000000000000018,0.7966768361568247,19.69533072360819,0.8204669316015103,False,nan,nan,False,False
1104,5.5200000000000005,0.005002821999369189,0.0012411499992595054,5.7010001910384744e-06,0.0007764620004309108,0.0008919869997043861,4.0855999031919055e-05,0.0036877330003335373,0.0038499319997659146,0.0020000000000000018,0.769986399953183,20.795513513281264,0.7397493837993361,False,nan,nan,False,False
1105,5.525,0.004996940000637551,0.0013911509995523375,5.178999344934709e-06,0.001955916999577312,0.0010533389995543985,4.013600118923932e-05,0.003540407999025774,0.003783806219508779,0.0020000000000000018,0.7567612439017557,20.796914245328654,0.9035891097899067,False,nan,nan,False,False
1106,5.53,0.004999886999939918,0.0012538229984784266,5.37999949301593e-06,0.0008569920009904308,0.0008916160004446283,4.109699875698425e-05,0.0036925730000803014,0.0036759047764367138,0.0020000000000000018,0.7351809552873427,17.441117151285944,0.84180837329815,False,nan,nan,False,False
1107,5.535,0.005017117999159382,0.0013691399999515852,5.370999133447185e-06,0.0020069919992238283,0.001025697998557007,4.033500044897664e-05,0.003548483000486158,0.0035606560571744285,0.0020000000000000018,0.7121312114348858,17.005933935081657,0.7840599873152991,False,nan,nan,False,False
1108,5.54,0.004990419000023394,0.0013776249998045387,5.83099972573109e-06,0.0008688740017532837,0.0009092390009755036,0.00012212799992994405,0.003538664999723551,0.003493234410347894,0.0020000000000000018,0.6986468820695788,16.99246851929226,0.7339854570881716,False,nan,nan,False,False
1109,5.545,0.004966794000210939,0.0008732330006750999,4.068000635015778e-06,0.001959813000212307,0.0006447750001825625,2.86129998130491e-05,0.0040749769996182295,0.003476754158306234,0.0020000000000000018,0.6953508316612468,16.972640889283653,0.6325963256258131,False,nan,nan,False,False
1110,5.55,0.005015336000724346,0.0012658659998123767,5.77100036025513e-06,0.0008585549985582475,0.0009041699995577801,4.142699981457554e-05,0.003675820998978452,0.0030005020357281873,0.0017000000000000348,0.6001004071456374,26.833092060462533,0.675320464816212,False,nan,nan,False,False
1111,5.555,0.005010164999475819,0.0013519370004360098,4.999999873689376e-06,0.001990299999306444,0.0009096199992200127,4.118699871469289e-05,0.003590361999158631,0.003301240807977759,0.0020000000000000018,0.6602481615955518,26.8328233429193,0.6957395128161383,False,nan,nan,False,False
1112,5.5600000000000005,0.005014583999582101,0.001248563999979524,5.461000910145231e-06,0.0008779809995758114,0.0008943009997892659,4.2047999158967286e-05,0.0036646499993366888,0.00357678135079837,0.0020000000000000018,0.7153562701596741,20.784769156466538,0.5408038551118229,False,nan,nan,False,False
1113,5.565,0.004980089001037413,0.0013184049985284219,5.20000139658805e-06,0.0019916830005968222,0.0009571499995217891,4.259900015313178e-05,0.003618884000388789,0.0033118800541896303,0.0017000000000000348,0.6623760108379261,26.832851621018577,0.980247002182257,False,nan,nan,False,False
1114,5.57,0.0050053059985657455,0.0012484340004448313,5.410000085248612e-06,0.0008649360006529605,0.0008833810006763088,4.107699896849226e-05,0.0036805199997616,0.003726676065699581,0.0020000000000000018,0.7453352131399162,25.851789747626935,0.7320035530801247,False,nan,nan,False,False
1115,5.575,0.00499469700116606,0.0013749909994658083,5.158999556442723e-06,0.001982657000553445,0.0010089659990626387,5.035399954067543e-05,0.0035640820005937712,0.0030738941827171753,0.0017000000000000348,0.614778836543435,26.832950206330214,0.49586375833743085,False,nan,nan,False,False
1116,5.58,0.0050082420002581785,0.0012520109994511586,5.249999958323315e-06,0.0008641950007586274,0.0009037390009325463,4.057600017404184e-05,0.0036727650003740564,0.003637420589527553,0.0020000000000000018,0.7274841179055105,24.029970071928737,0.6491105002477706,False,nan,nan,False,False
1117,5.585,0.004989035998733016,0.001323063999734586,5.501000487129204e-06,0.00198403799913649,0.0009749830005603144,4.0826000258675776e-05,0.0036265890012145974,0.0029922816467439755,0.0017000000000000348,0.5984563293487951,26.836699291292657,0.5058538013955559,False,nan,nan,False,False
1118,5.59,0.0050203250011691125,0.0012419209997460712,5.34000173502136e-06,0.0008741540004848503,0.0008791529999143677,4.112699934921693e-05,0.0036735670000780374,0.002826964824600287,0.0020000000000000018,0.5653929649200573,24.019079312944697,0.7813560899995081,False,nan,nan,False,False
1119,5.595,0.004980349998731981,0.0015738920010335278,5.138999767950736e-06,0.0019823049988190178,0.001237182999830111,4.102599996258505e-05,0.00336297600006219,0.0022309896329497686,0.0017000000000000348,0.44619792658995366,26.903355108162714,0.3196864445288239,False,nan,nan,False,False
1120,5.6000000000000005,0.005002170000807382,0.0012552469997899607,5.199999577598646e-06,0.0008547970010113204,0.0008844129988574423,4.0876000639400445e-05,0.0036791269994864706,0.0021673615657939378,0.0014000000000000679,0.43347231315878754,27.552462994086135,0.718237698219792,False,nan,nan,False,False
1121,5.605,0.005000707998988219,0.0013269510000100126,4.849000106332824e-06,0.001984369000638253,0.0009817159989324864,3.972400008933619e-05,0.003608886001529754,0.0016586569597193382,0.001100000000000101,0.33173139194386764,26.939134121625173,0.16099268841184516,False,nan,nan,False,False
1122,5.61,0.005007581001336803,0.0012582819999806816,5.1890001486754045e-06,0.0008618610008852556,0.0008933499993872829,4.1617999158916064e-05,0.003669959998660488,0.0013088298925716432,0.0007999999999999119,0.26176597851432865,27.076412211613597,0.6590824888425827,False,nan,nan,False,False
1123,5.615,0.004997881998860976,0.001389377001032699,5.350000719772652e-06,0.001989288999538985,0.0010207680006715236,4.720900142274331e-05,0.0035427929997240426,0.0012591706865253706,0.0010000000000000009,0.2518341373050741,27.326533796932356,0.20923350127495746,False,nan,nan,False,False
1124,5.62,0.005000928000299609,0.0012348790005489718,5.030000465922058e-06,0.0008655980000185082,0.0008881510002538562,3.95440001739189e-05,0.0036989139989600517,0.001531405444773282,0.0012999999999999956,0.3062810889546564,26.854653687161875,0.4649414190675975,False,nan,nan,False,False
1125,5.625,0.005000408000341849,0.001364611000099103,5.509999027708545e-06,0.001991572999031632,0.0009992270006478066,4.075600008945912e-05,0.0035653140002978034,0.002001354202040965,0.0015999999999999903,0.40027084040819294,26.880824513447923,0.2167384610949279,False,nan,nan,False,False
1126,5.63,0.004995397999664419,0.0012130169998272322,5.170000804355368e-06,0.000856400998600293,0.0008566609994886676,4.072599949722644e-05,0.003718801999639254,0.0025635166098489518,0.0019000000000000128,0.5127033219697904,27.037731008037117,0.3920395387027109,False,nan,nan,False,False
1127,5.635,0.004996370000299066,0.0013214899990998674,5.350000719772652e-06,0.0019828370004688622,0.0009720960006234236,4.0285000068251975e-05,0.0036161990010441514,0.00303843566438439,0.0020000000000000018,0.6076871328768779,26.328482393583933,0.5526002210779524,False,nan,nan,False,False
1128,5.64,0.005004474000088521,0.001236210999195464,4.990000888938084e-06,0.000856550999742467,0.0008671710002090549,4.0566001189290546e-05,0.0036956189996999456,0.003489129440193599,0.0020000000000000018,0.6978258880387198,24.03822875367697,0.4734517369287699,False,nan,nan,False,False
1129,5.6450000000000005,0.004996030000256724,0.0012830180003220448,4.8389993025921285e-06,0.0019853710000461433,0.0008993809988169232,4.9573000069358386e-05,0.003641716999482014,0.0039040123659285176,0.0020000000000000018,0.7808024731857036,21.79000852387643,0.6008847707661827,False,nan,nan,False,False
1130,5.65,0.004974958999810042,0.0011160470003233058,4.088000423507765e-06,0.0008408819994656369,0.0007447019997925963,4.287999945518095e-05,0.003855867000311264,0.004161240955910679,0.0020000000000000018,0.8322481911821357,17.601451720134076,0.5959828756729316,False,nan,nan,False,False
1131,5.655,0.005037336999521358,0.0013319089994183742,5.389998477767222e-06,0.001433569999790052,0.0009843600000749575,3.8923000829527155e-05,0.003594329000407015,0.004418469202226309,0.0020000000000000018,0.8836938404452618,20.784609690825,0.780681759124371,False,nan,nan,False,False
1132,5.66,0.004996969999410794,0.0012668690014834283,5.640000381390564e-06,0.0008578530014347052,0.0008966870009317063,3.9434000427718274e-05,0.003660622998722829,0.004472247303829266,0.0020000000000000018,0.8944494607658531,12.750917011565226,0.7249685606337588,False,nan,nan,False,False
1133,5.665,0.005002432000765111,0.001367124999887892,5.609999789157882e-06,0.0020027440004923847,0.00100376599948504,4.123700091440696e-05,0.003558292000889196,0.004096331422098452,0.0020000000000000018,0.8192662844196904,23.999999999998575,0.8676413797419916,False,nan,nan,False,False
1134,5.67,0.004992001000573509,0.0012340269986452768,4.908999471808784e-06,0.000858093999340781,0.0008797449991106987,4.0535000152885914e-05,0.0037011490003351355,0.004029507751245604,0.0020000000000000018,0.8059015502491206,22.752589193504132,0.8357722975603532,False,nan,nan,False,False
1135,5.675,0.0050028119985654484,0.0013381610006035771,4.919000275549479e-06,0.0019885580004483927,0.0009756640010891715,4.058500053361058e-05,0.0035949100001744227,0.003939321520275589,0.0020000000000000018,0.7878643040551178,21.229321119804347,0.6431463845716454,False,nan,nan,False,False
1136,5.68,0.005004034001103719,0.001240649000465055,5.541000064113177e-06,0.0008663299995532725,0.0008886609994078754,4.0486000216333196e-05,0.003683424998598639,0.0041846046019145405,0.0020000000000000018,0.8369209203829081,24.706527371692665,0.8884352517827053,False,nan,nan,False,False
1137,5.6850000000000005,0.0049932540005102055,0.0013688789986190386,5.1890001486754045e-06,0.001990119999391027,0.0010009710003942018,4.0225000702776015e-05,0.0035643430001073284,0.0036753963285733513,0.0020000000000000018,0.7350792657146703,25.275740521733287,0.9743840045978406,False,nan,nan,False,False
1138,5.69,0.005000897999707377,0.0012742519993480528,4.9790014600148425e-06,0.0008561499998904765,0.0008907150004233699,3.9894999645184726e-05,0.0036585489997378318,0.0030128210343144807,0.0017000000000000348,0.6025642068628961,26.848819917936282,0.9540847989125759,False,nan,nan,False,False
1139,5.695,0.00500003599881893,0.0013484710016200552,4.888999683316797e-06,0.0019941370010201354,0.000995681999484077,3.973400089307688e-05,0.0035837189989251783,0.0027544462927163423,0.0020000000000000018,0.5508892585432685,26.847504680415344,0.571227911037835,False,nan,nan,False,False
1140,5.7,0.00499980700078595,0.0012360609998722794,4.989000444766134e-06,0.0008623330013506347,0.0008764480007812381,4.041600004711654e-05,0.0036929020006937208,0.002143819910765887,0.0017000000000000348,0.4287639821531774,26.861547392203413,0.716485174554522,False,nan,nan,False,False
1141,5.705,0.004994655999325914,0.0013332030011952156,5.399999281507917e-06,0.0019837179988826392,0.0009873460003291257,3.9824000850785524e-05,0.0036055489999853307,0.0021682568443839633,0.0020000000000000018,0.4336513688767926,24.349336652212614,0.6134146656439466,False,nan,nan,False,False
1142,5.71,0.005006860001230962,0.0012528119987109676,5.230000169831328e-06,0.0008609599990450079,0.000879233000887325,4.0034999983618036e-05,0.0036749290011357516,0.0017409286502624744,0.0017000000000000348,0.34818573005249487,26.87806250383552,0.6560208492097129,False,nan,nan,False,False
1143,5.715,0.004993323998860433,0.001381292000587564,4.80900052934885e-06,0.001985071001399774,0.0010153479997825343,4.070599970873445e-05,0.0035588020000432152,0.0016332144478438167,0.0014000000000000679,0.32664288956876336,26.84236374260636,0.5616768694825504,False,nan,nan,False,False
1144,5.72,0.005006158000469441,0.001227554999786662,4.86899989482481e-06,0.0008552590006729588,0.0008745149989408674,3.9634000131627545e-05,0.0037080609999975422,0.0014423117075921422,0.001100000000000101,0.2884623415184284,26.83646353592441,0.3580836944050016,False,nan,nan,False,False
1145,5.7250000000000005,0.005004294000173104,0.001338011999905575,5.300000339047983e-06,0.001996140999835916,0.0009778179992281366,3.998499960289337e-05,0.003588036999644828,0.0016063276726475334,0.0011080626994151854,0.32126553452950674,26.882212694213415,0.41099625937738965,False,nan,nan,False,False
1146,5.73,0.0049931239991565235,0.001256278001164901,5.040001269662753e-06,0.0008601780009485083,0.0008763480000197887,4.030600030091591e-05,0.0036905090000800556,0.0018526420445272207,0.0014080626994151801,0.3705284089054441,26.85763112553363,0.26474482293420193,False,nan,nan,False,False
1147,5.735,0.005016718001570553,0.0014216469990060432,5.129999408381991e-06,0.0018159239989472553,0.0010822029998962535,4.287999945518095e-05,0.003505943999698502,0.002277198153485119,0.0017080626994151749,0.4554396306970238,26.849222469694233,0.3941954724902755,False,nan,nan,False,False
1148,5.74,0.004993523998564342,0.0012455480009521125,4.969000656274147e-06,0.0007298950004042126,0.0008850539998093154,5.00940004712902e-05,0.0036771739996765973,0.0027939891602397236,0.0020000000000000018,0.5587978320479448,26.793248678900465,0.3746810233564956,False,nan,nan,False,False
1149,5.745,0.004991020001398283,0.0014613219991588267,5.090001650387421e-06,0.0017815499995776918,0.0011230899999645771,4.109700057597365e-05,0.0034739040002023103,0.003173779427207058,0.0020000000000000018,0.6347558854414116,24.56752085147701,0.6016947854808274,False,nan,nan,False,False
1150,5.75,0.004994445998818264,0.0007993239996721968,3.806999302469194e-06,0.0006459880005422747,0.0005704260001948569,2.7280999347567558e-05,0.0041133690010610735,0.0033627392085255376,0.0020000000000000018,0.6725478417051075,21.4443881950214,0.4830372911380889,False,nan,nan,False,False
1151,5.755,0.004960954000125639,0.0008400799997616559,3.7370009522419423e-06,0.0017833740002970444,0.0005987490003462881,2.674000097613316e-05,0.004128347000005306,0.0036381224199903335,0.0020000000000000018,0.7276244839980667,20.784939138022313,0.9757671991490382,False,nan,nan,False,False
1152,5.76,0.0050405920010234695,0.0013034669991611736,5.97200050833635e-06,0.0008435870004177559,0.0009496750008111121,4.071600051247515e-05,0.003634654000052251,0.0038115292899022425,0.0020000000000000018,0.7623058579804485,14.189592294036709,0.5194985822729536,False,nan,nan,False,False
1153,5.765,0.0050079909997293726,0.0014021019997016992,5.6200005928985775e-06,0.0020210469992889557,0.0010461559995746939,5.044399949838407e-05,0.0035285659996588947,0.0037186979913936785,0.0020000000000000018,0.7437395982787357,20.78513723848712,0.7482841851211485,False,nan,nan,False,False
1154,5.7700000000000005,0.005000798999390099,0.0012610369994945358,5.128998964210041e-06,0.0008512219992553582,0.0009062330009328434,4.165800055488944e-05,0.0036668240009021247,0.004055697941570647,0.0020000000000000018,0.8111395883141294,20.869358680915806,0.8910517609930035,False,nan,nan,False,False
1155,5.775,0.0049923419992410345,0.00164509500064014,4.909001290798187e-06,0.001830881999921985,0.0012993190011911793,4.045500099891797e-05,0.0032979549996525748,0.003907501997137291,0.0020000000000000018,0.7815003994274582,17.462057654448337,0.5854898675087629,False,nan,nan,False,False
1156,5.78,0.005023671001254115,0.0013928629996371455,6.132000635261647e-06,0.0008506810008839238,0.0010422680006740848,3.97849998989841e-05,0.003519899999446352,0.0038723506654505854,0.0020000000000000018,0.774470133090117,21.054925381666873,0.7139541063741324,False,nan,nan,False,False
1157,5.785,0.005002109999622917,0.0016254790007224074,7.19299896445591e-06,0.0013138659996911883,0.0012167639997642254,4.0476001231581904e-05,0.0033013409993145615,0.0035596350511978474,0.0020000000000000018,0.7119270102395696,26.901329438475415,0.7547263325375642,False,nan,nan,False,False
1158,5.79,0.005000417999326601,0.0013369690004765289,5.690000762115233e-06,0.0009093799999391194,0.0009514479988865787,4.229900150676258e-05,0.0035843000005115755,0.0037472181310337633,0.0020000000000000018,0.7494436262067525,24.00063335027793,0.6730398852310912,False,nan,nan,False,False
1159,5.795,0.004991891000827309,0.0012741819991788361,5.219999366090633e-06,0.0020258570002624765,0.0009296879998146323,4.103699939150829e-05,0.003632609999840497,0.003527749004536388,0.0020000000000000018,0.7055498009072776,21.02121844669204,0.48291815696949747,False,nan,nan,False,False
1160,5.8,0.004952838000463089,0.0010886949985433603,3.5260000004200265e-06,0.0008555190015613334,0.0007145460003812332,4.341099884186406e-05,0.0038779790011176374,0.003027262529503532,0.0017000000000000348,0.6054525059007064,26.841044790711393,0.9923137521605474,False,nan,nan,False,False
1161,5.805,0.0050404819994582795,0.001431054999557091,5.810999937239103e-06,0.001851741999416845,0.0010871829999814508,4.109699875698425e-05,0.003495083999951021,0.0029706013568924004,0.0020000000000000018,0.59412027137848,26.836215773848657,0.5223462423914987,False,nan,nan,False,False
1162,5.8100000000000005,0.0049973919994954485,0.0012877070003014524,5.4299998737405986e-06,0.0007325390015466837,0.0009313610007666284,4.0906999856815673e-05,0.0036374900009832345,0.0026428333248921755,0.0017000000000000348,0.5285666649784351,26.862097789850782,0.6219760379929937,False,nan,nan,False,False
1163,5.815,0.0049912000013137,0.0014032529998075916,4.908999471808784e-06,0.001869084000645671,0.0010637590003170772,4.250999882060569e-05,0.003543443999660667,0.003050393578330802,0.0020000000000000018,0.6100787156661605,24.75788208795825,0.6681206797047962,False,nan,nan,False,False
1164,5.82,0.0050159459988208255,0.001240710000274703,5.4510001064045355e-06,0.0007307859996217303,0.0008896930012269877,4.103700121049769e-05,0.0036877330003335373,0.0028480115159877817,0.0020000000000000018,0.5696023031975563,25.552567853315136,0.7201943742019571,False,nan,nan,False,False
1165,5.825,0.005008333000660059,0.0014899149991833838,6.48199966235552e-06,0.0018503190003684722,0.001125112999943667,4.046600042784121e-05,0.003420373001063126,0.0032574439250215442,0.0020000000000000018,0.6514887850043087,24.61723678273636,0.9216711130134218,False,nan,nan,False,False
1166,5.83,0.00497885599907022,0.001259675000255811,5.309999323799275e-06,0.0007187840001279255,0.0009091089996218216,3.973500133724883e-05,0.003671472999485559,0.002991947908453074,0.0020000000000000018,0.5983895816906147,24.16277336839087,0.5779924798857642,False,nan,nan,False,False
1167,5.835,0.0049950280008488335,0.0016594619992247317,4.849000106332824e-06,0.0017781739989004564,0.0013262299999041716,4.0885999624151736e-05,0.0032744010004535085,0.002834311351613925,0.0020000000000000018,0.5668622703227849,24.71302650694022,0.9818964668897519,False,nan,nan,False,False
1168,5.84,0.0049995650006167125,0.001227835999088711,4.649000402423553e-06,0.0007343919987761183,0.0008654279990878422,3.967399970861152e-05,0.003716998000527383,0.0029008898127487657,0.0020000000000000018,0.5801779625497532,24.866491163169208,0.5602612343003154,False,nan,nan,False,False
1169,5.845,0.005021406999730971,0.0014923899998393608,5.7609995565144345e-06,0.0016393140012951335,0.0011163960007252172,4.273000013199635e-05,0.0034285290003026603,0.0029263470045021466,0.0020000000000000018,0.5852694009004292,24.054136796479174,0.5359324198302179,False,nan,nan,False,False
1170,5.8500000000000005,0.00498777400025574,0.0012777479987562401,5.339999916031957e-06,0.0005297799998515984,0.0008960049999586772,4.1448000047239475e-05,0.0036445929999899818,0.002931659874801975,0.0020000000000000018,0.5863319749603949,21.16659086780426,0.5420845765168003,False,nan,nan,False,False
1171,5.855,0.00497552099841414,0.0009617870000511175,4.378000085125677e-06,0.0016110619999381015,0.0007263370007422054,2.849300108209718e-05,0.003972817001340445,0.0030025767136684783,0.0020000000000000018,0.6005153427336957,20.81331798021022,0.5746366565033639,False,nan,nan,False,False
1172,5.86,0.004983826000170666,0.0011774310005421285,3.986999217886478e-06,0.0004419659999257419,0.0007817009991413215,5.6815999414538965e-05,0.0037974679999024374,0.002675139876738927,0.0017000000000000348,0.5350279753477855,26.838564715689536,0.5601287541530917,False,nan,nan,False,False
1173,5.865,0.0050439690003258875,0.0014295620003395015,5.841000529471785e-06,0.0015587439993396401,0.0010701800001697848,4.2018999010906555e-05,0.0034963050002261298,0.0032058497234618323,0.0020000000000000018,0.6411699446923664,26.83420940614539,0.6067949369282852,False,nan,nan,False,False
1174,5.87,0.004994846000045072,0.001383537000947399,5.38099993718788e-06,0.0009944390003511216,0.0009150810001301579,4.29600004281383e-05,0.0035570389991335105,0.0032573113566320153,0.0020000000000000018,0.6514622713264031,24.08795281154876,0.5650348674221742,False,nan,nan,False,False
1175,5.875,0.0050102559998777,0.0013738279994868208,5.440000677481294e-06,0.0015559189996565692,0.0010089759998663794,4.145700040680822e-05,0.003553593000106048,0.003215590658283308,0.0020000000000000018,0.6431181316566615,26.039554552070562,0.9308111260681998,False,nan,nan,False,False
1176,5.88,0.004999085000235937,0.0012798520001524594,5.91100069868844e-06,0.000996062000922393,0.0009074560002773069,4.188899947621394e-05,0.0036434009998629335,0.0036851827059909475,0.0020000000000000018,0.7370365411981895,24.012135070892025,0.6453945955445306,False,nan,nan,False,False
1177,5.885,0.004988746000890387,0.0014304529995570192,5.300000339047983e-06,0.001547923999169143,0.0010120520000782562,7.816700053808745e-05,0.0035035999990213895,0.0036195190188695573,0.0020000000000000018,0.7239038037739114,24.097740350239874,0.5800633971022995,False,nan,nan,False,False
1178,5.89,0.005003151998607791,0.0014706090005347505,5.670999598805793e-06,0.0009938980001606978,0.0009495960002823267,4.1638000766397454e-05,0.0034568920000310754,0.0032852712003766543,0.0020000000000000018,0.6570542400753309,27.048030943837777,0.6656136625446751,False,nan,nan,False,False
1179,5.8950000000000005,0.00499519799996051,0.0014814090009167558,5.198999133426696e-06,0.0014111279997450765,0.001130393000494223,4.038600127387326e-05,0.003451692000453477,0.0034323990426930466,0.0020000000000000018,0.6864798085386092,26.84238118119177,0.7278905375032276,False,nan,nan,False,False
1180,5.9,0.005001499001082266,0.001305048999711289,5.048999810242094e-06,0.0002744840003288118,0.0008943819993874058,5.292899913911242e-05,0.0036327910002000863,0.0035185364959437852,0.0020000000000000018,0.703707299188757,24.073130570017927,0.5819508512666945,False,nan,nan,False,False
1181,5.905,0.005005095999877085,0.0014851759988232516,5.440000677481294e-06,0.001404495998940547,0.0011296209995634854,4.614599856722634e-05,0.0034401709999656305,0.0028965517525026746,0.001700000000000007,0.579310350500535,26.838189092942674,0.7129849176981475,False,nan,nan,False,False
1182,5.91,0.004993894999643089,0.0013130440001987154,5.038999006501399e-06,0.0008594660012022359,0.0009268819994758815,5.611500091617927e-05,0.003621699999712291,0.0032893837838425207,0.0020000000000000018,0.6578767567685041,26.833137751325523,0.8227506660719315,False,nan,nan,False,False
1183,5.915,0.005004725000617327,0.0014459529993473552,5.541000064113177e-06,0.001400238001224352,0.001107901000068523,4.1498000427964143e-05,0.0034949029995914316,0.003077374538140577,0.0019000000000000128,0.6154749076281153,26.834990103747636,0.3110818118037232,False,nan,nan,False,False
1184,5.92,0.0050062179998349166,0.0012358909989416134,4.829000317840837e-06,0.0008223470013035694,0.0008837219993438339,4.5094000597600825e-05,0.0036975010007154197,0.0025961828679745454,0.0016000000000000458,0.519236573594909,26.832992442347066,0.5621969670747983,False,nan,nan,False,False
1185,5.925,0.0050017599987768335,0.0014489990007859888,9.176999810733832e-06,0.0014429470011236845,0.0010936149992630817,4.100699879927561e-05,0.003476277999652666,0.0026134442470517535,0.0019000000000000128,0.5226888494103507,26.833147020711685,0.7096300505498431,False,nan,nan,False,False
1186,5.93,0.004994627000996843,0.001268291000087629,5.280000550555997e-06,0.0008641459990030853,0.0009128860001510475,4.442300087248441e-05,0.0036634469997807173,0.0023537536741183173,0.0016000000000000458,0.4707507348236635,26.833079378184344,0.6384267239563605,False,nan,nan,False,False
1187,5.9350000000000005,0.00500082799953816,0.0014218380001693731,5.699999746866524e-06,0.0013931440007581841,0.0010831850013346411,4.179800089332275e-05,0.0035079770004813327,0.0026362867660202254,0.0016000000000000458,0.5272573532040451,26.839809814186392,0.5691054387615866,False,nan,nan,False,False
1188,5.94,0.004997071000616415,0.0012734499996440718,5.0390008254908025e-06,0.0008607489999121753,0.0009131269998761127,4.3961999836028554e-05,0.0036554430007527117,0.0025188920295034422,0.0017929857661485027,0.5037784059006885,25.212539853181656,0.5764427291776494,False,nan,nan,False,False
1189,5.945,0.005002210000384366,0.0014770519992453046,5.3299991122912616e-06,0.001371454000036465,0.0011401520005165366,4.070599970873445e-05,0.003449668000030215,0.0025671318839401744,0.0020000000000000018,0.5134263767880349,25.390626673910653,0.7699947030091687,False,nan,nan,False,False
1190,5.95,0.004994526998416404,0.0012981170002603903,5.881000106455758e-06,0.0008258430007117568,0.0008921680000639753,7.116300002962817e-05,0.0036388710013852688,0.002602197388341053,0.0020000000000000018,0.5204394776682106,24.085598594179466,0.5366319062057529,False,nan,nan,False,False
1191,5.955,0.005011448000004748,0.0009296170010202331,5.740999768022448e-06,0.0014410229996428825,0.0006601340010092827,2.7291000151308253e-05,0.003969310000684345,0.002769557099733692,0.0020000000000000018,0.5539114199467383,24.009295214254255,0.5182248477066094,False,nan,nan,False,False
1192,5.96,0.004945545000737184,0.0008118069999909494,3.7070003600092605e-06,0.0009135880009125685,0.0005742940011259634,2.8141999791841954e-05,0.004155478000029689,0.0027341658018668036,0.0020000000000000018,0.5468331603733607,23.614686324691576,0.5451012281080752,False,nan,nan,False,False
1193,5.965,0.00504230499973346,0.0014372170007845853,5.841000529471785e-06,0.0015668190008000238,0.001083225000911625,4.199800059723202e-05,0.0035003229986614315,0.0025184302094822886,0.0017000000000000001,0.5036860418964577,26.842869336099465,0.568747758275199,False,nan,nan,False,False
1194,5.97,0.005017960000259336,0.0014233309993869625,6.722000762238167e-06,0.0010104590000992175,0.0009155210009339498,4.140700002608355e-05,0.0035020860013901256,0.0031425601356145356,0.0020000000000000018,0.6285120271229071,26.857536807539656,0.5292839819380819,False,nan,nan,False,False
1195,5.9750000000000005,0.004996699999537668,0.001401350000378443,6.110998583608307e-06,0.0015424130015162518,0.0010374599987699185,4.269999953976367e-05,0.0035189879999961704,0.0031342452156952194,0.0017000000000000001,0.6268490431390438,26.893448039173542,0.4704801234452798,False,nan,nan,False,False
1196,5.98,0.004990580000594491,0.0014117280006757937,5.609999789157882e-06,0.0009900900004140567,0.0009268019985029241,4.2349000068497844e-05,0.0036122029996477067,0.003266306489992287,0.0017000000000000348,0.6532612979984573,26.8423913778688,0.6900559005825646,False,nan,nan,False,False
1197,5.985,0.005276772999422974,0.0020869319996563718,1.642099960008636e-05,0.0018394689996057423,0.0015920460009510862,4.24899990321137e-05,0.002569723001215607,0.003523456863329909,0.0020000000000000018,0.7046913726659819,26.860590644942388,0.804233042704821,False,nan,nan,False,False
1198,5.99,0.004725513999801478,0.0012765560004481813,5.680998583557084e-06,0.0008439980010734871,0.0009186070001305779,4.353099939180538e-05,0.0036543109999911394,0.003906254461684419,0.0020000000000000018,0.7812508923368837,21.204791197585376,0.5479245943592984,False,nan,nan,False,False
1199,5.995,0.00500033700154745,0.0013984639990667347,5.550000423681922e-06,0.0014332289993035374,0.0010434109990455909,4.4754000555258244e-05,0.0035260210006526904,0.0037302354726672622,0.0020000000000000018,0.7460470945334524,16.99541149614189,0.6058716377012724,False,nan,nan,False,False
1200,6.0,0.004992522999600624,0.001243984999746317,5.710999175789766e-06,0.0008603080004832009,0.0008624020010756794,5.582400081038941e-05,0.003689907000079984,0.0035969550897418925,0.0020000000000000018,0.7193910179483785,17.305610086785894,0.8811724961725163,False,nan,nan,False,False
1201,6.005,0.00500325199936924,0.0014171490001899656,4.919000275549479e-06,0.0012717979989247397,0.0010794979989441345,4.012499994132668e-05,0.0035085290001006797,0.0035084843986518304,0.0020000000000000018,0.7016968797303661,17.038644634121137,0.5679446472257162,False,nan,nan,False,False
1202,6.01,0.004994547000023886,0.0012401180010783719,5.570000212173909e-06,0.0007093960011843592,0.0008741839992580935,4.122700011066627e-05,0.003691629999593715,0.003471372820335491,0.0020000000000000018,0.6942745640670981,17.730763504238308,0.6520985753392454,False,nan,nan,False,False
1203,6.015000000000001,0.005002210000384366,0.0016635400006634882,5.681000402546488e-06,0.0018203430008725263,0.0011424360000091838,4.032499964523595e-05,0.003267236999818124,0.002968187820537999,0.0017000000000000348,0.5936375641075998,26.98121398248923,0.6947306995847422,False,nan,nan,False,False
1204,6.0200000000000005,0.004997111000193399,0.0012346379990049172,5.1489987527020276e-06,0.0007164100006775698,0.000887017999048112,4.0144999729818664e-05,0.003723280000485829,0.003249061550126171,0.0020000000000000018,0.6498123100252341,26.833268742680715,0.7009732862409151,False,nan,nan,False,False
1205,6.025,0.00504328799979703,0.0015461500006495044,6.262000169954263e-06,0.0018991800006915582,0.000991243001408293,5.505299850483425e-05,0.0033500219997222302,0.003507918851613094,0.0020000000000000018,0.7015837703226188,20.92615195564376,0.3543206763302583,False,nan,nan,False,False
1206,6.03,0.004966253000020515,0.0012898309996671742,5.710999175789766e-06,0.0008536759996786714,0.0009112330008065328,4.271900070307311e-05,0.0036387420004757587,0.003214138982177876,0.0017000000000000348,0.6428277964355752,26.83722176356313,0.6873343957206065,False,nan,nan,False,False
1207,6.035,0.0050001969993900275,0.0014357039999595145,6.112000846769661e-06,0.001975402001335169,0.0010817120000865543,4.186799924355e-05,0.003489933000309975,0.0036985340935346707,0.0020000000000000018,0.7397068187069341,24.779216200174293,0.6745856451572456,False,nan,nan,False,False
1208,6.04,0.0049923019996640505,0.0012471110003389185,5.489999239216559e-06,0.0007161489993450232,0.0008905150007194607,4.0795999666443095e-05,0.0036839770000369754,0.0035632551455080648,0.0018605618383740197,0.7126510291016129,26.85650348203817,0.551578670382543,False,nan,nan,False,False
1209,6.045,0.005001590001484146,0.0014352929993037833,5.599998985417187e-06,0.0018499580000934657,0.0010857090001081815,5.026399958296679e-05,0.0034928889999719104,0.0041428005071761816,0.0020000000000000018,0.8285601014352362,24.640034577463346,0.8107376398819914,False,nan,nan,False,False
1210,6.05,0.004996238998501212,0.001237023001522175,5.300000339047983e-06,0.000712340999598382,0.0008862769991537789,4.157799958193209e-05,0.003710846000103629,0.003830822597614259,0.0020000000000000018,0.7661645195228518,21.18046995332266,0.6985557091062392,False,nan,nan,False,False
1211,6.055,0.005031055001381901,0.0015109439991647378,6.172000212245621e-06,0.0018841619985323632,0.0011121080005978001,4.4823998905485496e-05,0.003404334000151721,0.0041898966750637,0.0020000000000000018,0.8379793350127399,20.92874136529497,1.1016614492642283,False,nan,nan,False,False
1212,6.0600000000000005,0.004984596998838242,0.0012598560006154003,5.791000148747116e-06,0.0007419770008709747,0.0008979089998319978,4.229900150676258e-05,0.0036600210005417466,0.0038308556368540857,0.0020000000000000018,0.7661711273708172,20.820633417972743,0.7207563114852701,False,nan,nan,False,False
1213,6.065,0.004986832000213326,0.0014281399999163114,5.1990009524161e-06,0.001830631999837351,0.0010733469989645528,4.1929000872187316e-05,0.00350291799986735,0.003512885388617854,0.0020000000000000018,0.7025770777235707,20.992518471116792,1.1971352967596638,False,nan,nan,False,False
1214,6.07,0.0050045950010826346,0.00129900899992208,1.5239000276778825e-05,0.0007217290003609378,0.000923677000173484,5.1115001042489894e-05,0.0036290039988671197,0.0035765435431811907,0.0020000000000000018,0.7153087086362382,24.315931557104026,0.776631094515806,False,nan,nan,False,False
1215,6.075,0.004998032998628332,0.001434562000213191,5.440000677481294e-06,0.0018360819994995836,0.0010916700011875946,4.208800055494066e-05,0.0035040200000366895,0.003452902409237469,0.0020000000000000018,0.6905804818474938,24.017912720454653,0.6448130382528543,False,nan,nan,False,False
1216,6.08,0.00500664900027914,0.0012621099995158147,5.440000677481294e-06,0.0007237929985421943,0.000907126001038705,4.212900057609659e-05,0.0036647700017056195,0.0032379896693067235,0.0020000000000000018,0.6475979338613446,20.820332295940123,0.7117760592688948,False,nan,nan,False,False
1217,6.085,0.004996961000870215,0.0014434089989663335,5.559999408433214e-06,0.0018700060008995933,0.0010940150004898896,4.292999983590562e-05,0.0034833910012821434,0.0033027586260735765,0.0020000000000000018,0.6605517252147153,20.871305663927195,0.7634385965514752,False,nan,nan,False,False
1218,6.09,0.005015324999476434,0.0012388859995553503,5.300000339047983e-06,0.0008481250006298069,0.0008873389997461345,4.1397999666514806e-05,0.0036714230009238236,0.003010986081973472,0.0019965511130985644,0.6021972163946945,24.00506387372166,0.7221360745364999,False,nan,nan,False,False
1219,6.095,0.004982304000805016,0.0014642769983765902,5.850999514223076e-06,0.001974490000065998,0.0011194229991815519,4.395299947645981e-05,0.0034674720009206794,0.0026172301052093654,0.0016965511130985628,0.5234460210418731,26.840607182036074,0.6297605701297915,False,nan,nan,False,False
1220,6.1000000000000005,0.005001079000066966,0.0012819259991374565,5.4299998737405986e-06,0.0007183430006989511,0.0009260010010621045,4.091600021638442e-05,0.0036491009996098,0.002352545354383442,0.001453915534088815,0.4705090708766884,26.851352453984056,0.5890781698477321,False,nan,nan,False,False
1221,6.105,0.005004413998904056,0.0014814500009379117,5.709998731617816e-06,0.0018309429997316329,0.0011286099997960264,4.17179999203654e-05,0.0034571619999042014,0.002606641434374198,0.0017539155340888235,0.5213282868748396,26.83428301374784,0.43363437831327034,False,nan,nan,False,False
1222,6.11,0.0050132920005125925,0.0012641729990718886,5.249999958323315e-06,0.0007224909986689454,0.000880857000083779,4.082700070284773e-05,0.003636426999946707,0.002588514630143479,0.0020000000000000018,0.5177029260286957,25.94795147054725,0.42952261554508236,False,nan,nan,False,False
1223,6.115,0.004960242000379367,0.001450020999982371,5.030000465922058e-06,0.0012575910004670732,0.0010649910000211094,4.031499884149525e-05,0.0034944119997817324,0.002945899096929065,0.0020000000000000018,0.5891798193858131,24.000055859798156,0.653146590821776,False,nan,nan,False,False
1224,6.12,0.005003843998565571,0.0012186980002297787,4.418001481099054e-06,0.0006978240016906057,0.0008795740013738396,4.0236000131699257e-05,0.0037249630004225764,0.0028948910150728047,0.0020000000000000018,0.5789782030145609,24.00000223721796,0.5175419247456698,False,nan,nan,False,False
1225,6.125,0.0050084120011888444,0.0014376580002135597,4.80900052934885e-06,0.0011956760008615674,0.0010763520003820304,4.041600004711654e-05,0.003503137999359751,0.002966892732125609,0.0020000000000000018,0.5933785464251218,24.000029357207218,0.6252861060566728,False,nan,nan,False,False
1226,6.13,0.005023190000429167,0.0012987679983780254,6.022000889061019e-06,0.00073159699968528,0.0009317619987996295,4.5013999624643475e-05,0.003614517001551576,0.0023905136423350653,0.001700000000000007,0.47810272846701307,26.833010578849432,0.5057078188782911,False,nan,nan,False,False
1227,6.135,0.00497159399856173,0.001435222000509384,4.378000085125677e-06,0.0012634519989660475,0.001064168998709647,4.212899875710718e-05,0.0035017760001210263,0.0028225181786389695,0.0020000000000000018,0.5645036357277938,26.832851096022576,0.6017590073675925,False,nan,nan,False,False
1228,6.140000000000001,0.004996269000912434,0.0012029489989799913,4.538998837233521e-06,0.0007322590008698171,0.0008685129996592877,3.965399992011953e-05,0.0037454810008057393,0.0031350708969905515,0.0020000000000000018,0.6270141793981103,24.00001513246541,0.44339723732899766,False,nan,nan,False,False
1229,6.1450000000000005,0.005005748000257881,0.0014781929985474562,4.5079996198182926e-06,0.0012668680010392563,0.001116607001677039,4.141699901083484e-05,0.0034791240013873903,0.0034015774356705056,0.0020000000000000018,0.680315487134101,21.166038822653455,0.6771678304322941,False,nan,nan,False,False
1230,6.15,0.005016807999709272,0.0012145799992140383,4.898998668068089e-06,0.0007641379997949116,0.0008481149998260662,3.941300019505434e-05,0.003708371999891824,0.0030533268806458643,0.0017000000000000348,0.6106653761291728,26.83282651875011,0.7906948534487824,False,nan,nan,False,False
1231,6.155,0.00499211100031971,0.0014219489985407563,9.807999958866276e-06,0.0012805839996872237,0.0010588300010567764,4.106699998374097e-05,0.0035085580002487404,0.00340218660420972,0.0020000000000000018,0.680437320841944,26.83281583299417,0.8011236927950137,False,nan,nan,False,False
1232,6.16,0.005001288998755626,0.0012230560005264124,5.109000994707458e-06,0.000743970000257832,0.0008623319990874734,4.165799873590004e-05,0.003687202999572037,0.003698315009655247,0.0019000000000000128,0.7396630019310494,25.444036764933905,0.43986908801100916,False,nan,nan,False,False
1233,6.165,0.004949682999722427,0.0009718370001792209,3.2669995562173426e-06,0.0013328210006875452,0.0005939509992458625,2.768199919955805e-05,0.003984157001468702,0.004207020566353592,0.0020000000000000018,0.8414041132707184,22.472460030157574,0.5683999710203909,False,nan,nan,False,False
1234,6.17,0.004997241001547081,0.0007943250002426794,3.496999852359295e-06,0.0007920709995232755,0.0005665600001520943,2.8053000278305262e-05,0.004160576998401666,0.0039039785312074966,0.0020000000000000018,0.7807957062414993,24.00152271582047,0.8539780108435565,False,nan,nan,False,False
1235,6.175,0.004991931999029475,0.0009373320008307928,2.9259990697028115e-06,0.001904319000459509,0.0007215990008262452,2.7240999770583585e-05,0.004028850999020506,0.004346717920556463,0.0020000000000000018,0.8693435841112924,21.15045796582377,1.114264604775877,False,nan,nan,False,False
1236,6.18,0.005005887000152143,0.000771712999267038,3.256000127294101e-06,0.0007867809999879682,0.0005476939986692742,2.660000063769985e-05,0.00418651600011799,0.004082896298849944,0.0020000000000000018,0.8165792597699888,23.977004261080527,0.6460428098411154,False,nan,nan,False,False
1237,6.1850000000000005,0.004995418999897083,0.0008769390005909372,3.055998604395427e-06,0.001956035999683081,0.0006525999997393228,2.6649999199435115e-05,0.004087449999133241,0.0037013551101720346,0.0020000000000000018,0.7402710220344069,26.83284858994513,1.1751880225768017,False,nan,nan,False,False
1238,6.19,0.0050039329998980975,0.0007786959995428333,2.9960010579088703e-06,0.0007983930008776952,0.000556850998691516,2.7100999432150275e-05,0.0041796030000114115,0.0036482929923420913,0.0020000000000000018,0.7296585984684183,26.832846549112414,0.808283555061611,False,nan,nan,False,False
1239,6.195,0.004994887000066228,0.0008130700007313862,2.9359998734435067e-06,0.0019129060001432663,0.0005716690011468017,2.739100091275759e-05,0.004152501998760272,0.003003331531242112,0.0017000000000000348,0.6006663062484224,26.834275480991725,0.7973431374921538,False,nan,nan,False,False
1240,6.2,0.005005978000554023,0.0007748280004307162,3.4059994504787028e-06,0.0007793570002831984,0.000552653000340797,2.719100120884832e-05,0.004181868000159739,0.0027972105495793357,0.0020000000000000018,0.5594421099158671,25.93855950226828,0.665781171342451,False,nan,nan,False,False
1241,6.205,0.004992862999642966,0.0009576409993314883,3.0259998311521485e-06,0.0019008929994015489,0.0007401139991998207,2.7631000193650834e-05,0.004009374000816024,0.002223047724782728,0.0017000000000000001,0.44460954495654553,26.83282236027864,0.5783266926062776,False,nan,nan,False,False
1242,6.21,0.0050082220004696865,0.0007896560000517638,3.2759999157860875e-06,0.0006778570004826179,0.00055528799930471,2.736100032052491e-05,0.0041697449996718206,0.00188519898151059,0.0015299616517425452,0.37703979630211804,23.060671043571343,0.6503932354368493,False,nan,nan,False,False
1243,6.215,0.004996720999770332,0.0009640919997764286,2.885999492718838e-06,0.001884563000203343,0.0007360359995800536,2.588900133559946e-05,0.004004886000984698,0.0015242376808280807,0.0012299616517425435,0.30484753616561616,26.83281921134657,0.4832941295795099,False,nan,nan,False,False
1244,6.22,0.0050089430005755275,0.0008418639990850352,3.236000338802114e-06,0.0006746609997207997,0.0005513409996638075,2.757099900918547e-05,0.0041177570001309505,0.0014116007522885362,0.0009299616517425419,0.28232015045770725,26.83282543790623,0.3704789141787872,False,nan,nan,False,False
1245,6.2250000000000005,0.00501549499858811,0.0009759650001797127,4.028001058031805e-06,0.0018168369988416089,0.0007424179984809598,2.9155000447644852e-05,0.003965533000155119,0.0016006161710620983,0.0010000000000000009,0.32012323421241967,26.83304476758945,0.33985399081774637,False,nan,nan,False,False
1246,6.23,0.004989718001525034,0.0007839659992896486,3.896999260177836e-06,0.0006832680010120384,0.0005654370015690802,2.750100065895822e-05,0.004197816000669263,0.002007797238364152,0.0013000000000000789,0.40155944767283047,26.83331515129346,0.320689410285738,False,nan,nan,False,False
1247,6.235,0.005073944999821833,0.0016260789998341352,6.231999577721581e-06,0.0018563400008133613,0.0011673120006889803,9.168200085696299e-05,0.00327741699948092,0.0025299435486362265,0.0016000000000000458,0.5059887097272453,26.833291604287332,0.42078189435118996,False,nan,nan,False,False
1248,6.24,0.004976491998604615,0.0013107410013617482,5.431000317912549e-06,0.0007092759988154285,0.0009504970003035851,4.267000076652039e-05,0.0036130239986960078,0.003109643428994066,0.0019000000000000128,0.6219286857988132,26.834556620590806,0.3606147109967967,False,nan,nan,False,False
1249,6.245,0.004989598000975093,0.0014428159993258305,5.108999175718054e-06,0.0017620739999983925,0.0010857189990929328,4.221900053380523e-05,0.003492980000373791,0.003487043402979694,0.0020000000000000018,0.6974086805959387,21.55095539390719,0.549290445750057,False,nan,nan,False,False
1250,6.25,0.005010374999983469,0.0012636729989026207,5.4700012697139755e-06,0.0006479510011558887,0.0009051220004039351,4.236899985698983e-05,0.003662977000203682,0.003795864106419506,0.0020000000000000018,0.7591728212839012,20.787532678581584,0.6331672498601495,False,nan,nan,False,False
1251,6.255,0.005005888000596315,0.001461171999835642,5.922000127611682e-06,0.0017675840008450905,0.0011019499997928506,4.222899951855652e-05,0.0034588849994179327,0.004044483728468448,0.0020000000000000018,0.8088967456936895,17.439002809677127,0.7872588814943451,False,nan,nan,False,False
1252,6.26,0.004991760999473627,0.0013159600002836669,5.952000719844364e-06,0.0006454359991039382,0.0009051519991771784,6.0323000070638955e-05,0.0036075039988645585,0.004261579247946069,0.0020000000000000018,0.8523158495892136,16.178569767216548,0.5743807893501098,False,nan,nan,False,False
1253,6.265000000000001,0.004992172000129358,0.001403143000061391,5.039999450673349e-06,0.0018102440008078702,0.0010614650000206893,4.132799949729815e-05,0.003529297999193659,0.004374133130062483,0.0020000000000000018,0.8748266260124964,12.005296206097183,0.7951938214991895,False,nan,nan,False,False
1254,6.2700000000000005,0.005000318000384141,0.0012506969997048145,5.1990009524161e-06,0.0006309290001809131,0.0008715789990674239,4.1929000872187316e-05,0.0036844679998466745,0.004261573978421955,0.0020000000000000018,0.852314795684391,12.000278056129389,0.8829087409176111,False,nan,nan,False,False
1255,6.275,0.005003792999559664,0.0014088640000409214,5.17999978910666e-06,0.001712600998871494,0.0010682170013751602,4.115699994144961e-05,0.0035181660005036974,0.0041676143468519725,0.0020000000000000018,0.8335228693703944,12.001408151673036,0.8651813502908416,False,nan,nan,False,False
1256,6.28,0.004992762998881517,0.0012381440010358347,5.369998689275235e-06,0.0006315610007732175,0.0008761079989199061,4.092699964530766e-05,0.0037019310002506245,0.00401623518894913,0.0020000000000000018,0.803247037789826,19.602214503467426,0.8374057907583576,False,nan,nan,False,False
1257,6.285,0.0050056070012942655,0.0014250639997044345,5.130001227371395e-06,0.001751423998939572,0.0010763120008050464,5.1015998906223103e-05,0.0035063140003330773,0.0043598352827087655,0.0020000000000000018,0.8719670565417531,19.64257521478695,0.7699073939680311,False,nan,nan,False,False
1258,6.29,0.005000396999093937,0.0012546360012493096,5.820998921990395e-06,0.000763037000069744,0.000908939000510145,4.0415001421933994e-05,0.0036725749996548984,0.004372301658754393,0.001993699861056533,0.8744603317508787,3.1785159309687043,0.797915279265991,False,nan,nan,False,False
1259,6.295,0.004993545000615995,0.0014286709993029945,4.929999704472721e-06,0.0017453420005040243,0.0010881039997912012,4.0486000216333196e-05,0.003504960999634932,0.004295027532308775,0.0020000000000000018,0.8590055064617549,6.5289565141656505,1.0319435188866086,False,nan,nan,False,False
1260,6.3,0.005000887998903636,0.0012420920011209091,5.360001523513347e-06,0.0006238160003704252,0.00089732800006459,4.044600063934922e-05,0.0036910599992552307,0.004036499479373107,0.0020000000000000018,0.8072998958746213,17.06906252895358,0.7489897120952206,False,nan,nan,False,False
1261,6.305,0.004995478000637377,0.0013986550002300646,4.547999196802266e-06,0.0017052879993570969,0.0010653610006556846,3.995400038547814e-05,0.003540378000252531,0.003420849402873897,0.0017000000000000348,0.6841698805747793,24.880640364604627,0.7789214483553453,False,nan,nan,False,False
1262,6.3100000000000005,0.005009344000427518,0.001230620999194798,5.40000110049732e-06,0.000636560000202735,0.0008698460005689412,4.046499998366926e-05,0.0037184510001679882,0.0034297486463511053,0.0020000000000000018,0.685949729270221,26.342709769990172,0.8273368707168498,False,nan,nan,False,False
1263,6.315,0.005015315999116865,0.0016362980004487326,4.679000994656235e-06,0.0017679550001048483,0.0012885090000054333,3.9353999454760924e-05,0.003279910999481217,0.003176755844452476,0.0020000000000000018,0.6353511688904951,24.000000765647602,0.4851806438361487,False,nan,nan,False,False
1264,6.32,0.004983395001545432,0.0012649649997911183,5.2299983508419245e-06,0.0006246479988476494,0.0009089089999179123,4.1778001104830764e-05,0.003670230998977786,0.0030828905824897075,0.0020000000000000018,0.6165781164979415,24.901256013940177,0.7844211661040111,False,nan,nan,False,False
1265,6.325,0.005030463998991763,0.0014010289996804204,5.6009994295891374e-06,0.0017825819995778147,0.001049120999596198,4.134699884161819e-05,0.0034987199996976415,0.0030562210909832743,0.0020000000000000018,0.6112442181966548,24.000019254636026,0.6465124813866234,False,nan,nan,False,False
1266,6.33,0.0049663330009934725,0.0012667879982473096,5.0889993872260675e-06,0.000631240000075195,0.0008912360008253017,4.0767001337371767e-05,0.0036674860002676724,0.0025272081780558136,0.0017000000000000348,0.5054416356111627,26.8328959607572,0.6261363811384631,False,nan,nan,False,False
1267,6.335,0.005022338998969644,0.00147352400017553,7.763999747112393e-06,0.0017470650000177557,0.0010832150001078844,4.097700002603233e-05,0.003438738000113517,0.0025244890376033115,0.0020000000000000018,0.5048978075206623,26.835146902748225,0.5168987381480634,False,nan,nan,False,False
1268,6.34,0.004978416000085417,0.001262970999960089,5.32000012753997e-06,0.000622392999503063,0.0009050209991983138,4.327100032242015e-05,0.003676030999486102,0.002204392204605361,0.0017000000000000348,0.4408784409210722,26.835417336891844,0.607446166005378,False,nan,nan,False,False
1269,6.345,0.0050429370003257645,0.0014420949992199894,5.791000148747116e-06,0.0017655699994065799,0.0010770429998956388,4.2379000660730526e-05,0.003448856999966665,0.0020605091999856937,0.0014000000000000679,0.41210183999713873,26.84060414577766,0.48456930630343736,False,nan,nan,False,False
1270,6.3500000000000005,0.004958027999236947,0.0012512390003394103,5.570000212173909e-06,0.0006352170003083302,0.0008975379987532506,4.16470011259662e-05,0.0036869920004392043,0.00212882075398793,0.0014364434001186144,0.42576415079758595,26.834506545664798,0.48005335679949657,False,nan,nan,False,False
1271,6.355,0.005021898001359659,0.0014879109985486139,5.800999133498408e-06,0.0017819909990066662,0.0011448599998402642,4.134700066060759e-05,0.0034215560008306056,0.0023912978593865464,0.0017364434001185813,0.4782595718773092,26.839843486038554,0.42713276966278935,False,nan,nan,False,False
1272,6.36,0.0049819719988590805,0.0012885489995824173,5.410000085248612e-06,0.0006706939984724158,0.0009318120009993436,4.194800021650735e-05,0.003628002001278219,0.002767252884273353,0.0020000000000000018,0.5534505768546706,26.243694735297463,0.3882848714898308,False,nan,nan,False,False
1273,6.365,0.004968658000507276,0.0011844540003949078,4.007999450550415e-06,0.0017138540006271796,0.0008481049990223255,4.21879994974006e-05,0.003778583999519469,0.003054821365661582,0.0020000000000000018,0.6109642731323164,24.000866165160296,0.5533983844763939,False,nan,nan,False,False
1274,6.37,0.005032097000366775,0.0012766159998136573,5.539999619941227e-06,0.0006413589999283431,0.0008566910000809003,4.203899879939854e-05,0.0036588700004358543,0.003401047246449531,0.0020000000000000018,0.6802094492899061,23.254341550775532,0.4968905365509952,False,nan,nan,False,False
1275,6.375,0.005029991998526384,0.0016314900003635557,5.710000550607219e-06,0.0017526270003145328,0.0012811950000468642,4.1137000152957626e-05,0.003266827001425554,0.0034713220721434134,0.0020000000000000018,0.6942644144286827,23.050589891749524,0.7207197920290755,False,nan,nan,False,False
1276,6.38,0.004964551000739448,0.001278949999687029,5.048999810242094e-06,0.000660083000184386,0.0008778310002526268,4.2229001337545924e-05,0.0036521470010484336,0.003321191136482036,0.0020000000000000018,0.6642382272964072,24.02320977503449,0.638880521060816,False,nan,nan,False,False
1277,6.385,0.005033830000684247,0.0014202040001691785,5.7010001910384744e-06,0.0017803880000428762,0.0010684070002753288,4.1507999412715435e-05,0.0034812579997378634,0.0032757014960919477,0.0020000000000000018,0.6551402992183895,24.000257729768975,0.6409673682194311,False,nan,nan,False,False
1278,6.390000000000001,0.004969679999703658,0.0013476490003085928,5.339999916031957e-06,0.0006432629998016637,0.0009705739994387841,4.4393000280251727e-05,0.0035863539997080807,0.00333918018797453,0.0020000000000000018,0.667836037594906,24.000454353952158,0.67868036572837,False,nan,nan,False,False
1279,6.3950000000000005,0.005034039999372908,0.0015506180006923387,7.534999895142391e-06,0.001755630999468849,0.0011534259992913576,4.356200042821001e-05,0.0033469569989392767,0.003383789240324043,0.0020000000000000018,0.6767578480648087,21.16724171050742,0.6296635862396726,False,nan,nan,False,False
1280,6.4,0.004968117000316852,0.001275423999686609,5.5300006351899356e-06,0.0004913489992759423,0.0008684929998707958,4.244899901095778e-05,0.0036669740002253093,0.003449647399058458,0.0020000000000000018,0.6899294798116915,20.791768359362955,0.576291075058668,False,nan,nan,False,False
1281,6.405,0.005013981999582029,0.001610371000424493,5.410000085248612e-06,0.0016885770000953926,0.0012645840015466092,4.157799958193209e-05,0.00330214200039336,0.002896553145621779,0.0017000000000000348,0.5793106291243558,26.83761067883581,0.6061333329280582,False,nan,nan,False,False
1282,6.41,0.0049802700013970025,0.0012485439983720426,5.3700005082646385e-06,0.0005138809992786264,0.0008420539998041932,4.220800110488199e-05,0.003702211000927491,0.0028059515114518077,0.0017825619717926067,0.5611903022903614,21.04549553340363,0.6077500730520777,False,nan,nan,False,False
1283,6.415,0.005028770998251275,0.001450421001209179,5.8610003179637715e-06,0.001697543000773294,0.0009193790010613156,4.249900121067185e-05,0.0034536160001152894,0.003340197662261139,0.0020000000000000018,0.6680395324522278,25.527426071071037,0.32280822845678836,False,nan,nan,False,False
1284,6.42,0.004970561001755414,0.0012607069984369446,5.750998752773739e-06,0.0005164450012671296,0.0008459620003122836,4.207900019537192e-05,0.003678506000142079,0.003654936248755137,0.0020000000000000018,0.7309872497510274,19.148483186455103,0.658419796862207,False,nan,nan,False,False
1285,6.425,0.005007760999433231,0.0014241619992390042,5.360001523513347e-06,0.0016859009992913343,0.00108258299951558,4.299000102037098e-05,0.0035044610012846533,0.0037158331653525728,0.0020000000000000018,0.7431666330705146,15.783155127824122,1.0624648330055348,False,nan,nan,False,False
1286,6.43,0.0049957890005316585,0.001251919999049278,5.180001608096063e-06,0.00047399599861819297,0.0008775900005275616,4.195800102024805e-05,0.003679257999465335,0.003412176939149679,0.0017000000000000348,0.6824353878299357,26.832879924436718,0.792072660957209,False,nan,nan,False,False
1287,6.4350000000000005,0.004998743999749422,0.0016276329988613725,5.461000910145231e-06,0.0016805519990157336,0.001289359999645967,4.128699947614223e-05,0.0033040460002666805,0.003203825778104847,0.001899999999999999,0.6407651556209694,23.99468196239052,0.7175482132430694,False,nan,nan,False,False
1288,6.44,0.004995217999749002,0.0014286799996625632,5.100000635138713e-06,0.0005220459988777293,0.000882058000570396,4.31909993494628e-05,0.003506274999381276,0.0031089580357953643,0.0020000000000000018,0.6217916071590729,24.331194885607374,0.703374878281004,False,nan,nan,False,False
1289,6.445,0.0050018900001305155,0.0014002569987496827,5.629999577649869e-06,0.0016736990000936203,0.001049602000421146,4.15680005971808e-05,0.0035339160003786674,0.003490778566255302,0.0020000000000000018,0.6981557132510604,21.481101870643183,0.6543891385370759,False,nan,nan,False,False
1290,6.45,0.005002059999242192,0.0014336599997477606,5.219999366090633e-06,0.0005241300004854565,0.0008933300014177803,4.17179999203654e-05,0.003506375000142725,0.0028823724619979917,0.001700000000000007,0.5764744923995984,26.832878717056175,0.7232308870064458,False,nan,nan,False,False
1291,6.455,0.005021406999730971,0.0014768310011277208,6.461999873863533e-06,0.0017717819991958095,0.0011034929993911646,4.328099930717144e-05,0.0034371349993307376,0.002810445176315231,0.0017643896695144212,0.5620890352630462,19.85084812450343,1.0674153271882503,False,nan,nan,False,False
1292,6.46,0.004984037001122488,0.0012811849992431235,5.059000613982789e-06,0.000466270999822882,0.0009181570003420347,4.129700027988292e-05,0.0036474879998422693,0.0022397237035417044,0.0014643896695144265,0.4479447407083409,26.832816531074066,0.5639361612199241,False,nan,nan,False,False
1293,6.465,0.005015515000195592,0.0015385159986180952,5.550999048864469e-06,0.001704936999885831,0.0011886720003531082,4.25689995608991e-05,0.003363417001310154,0.0020998803496280216,0.0014461448742559835,0.4199760699256043,26.83281574975558,0.5294855944234094,False,nan,nan,False,False
1294,6.47,0.00494903099934163,0.0008035730006668018,3.727000148501247e-06,0.0006199189992912579,0.0005743439996876987,2.8171998565085232e-05,0.004136702998948749,0.0016208604519758786,0.0011461448742560165,0.3241720903951757,24.08866637141506,0.3972943994652807,False,nan,nan,False,False
1295,6.4750000000000005,0.0049885659991559805,0.0008308230007969541,3.817000106209889e-06,0.001694647999102017,0.0005885699993086746,2.691000008780975e-05,0.004133937000005972,0.0013913743254047157,0.0008603977124272966,0.2782748650809431,26.832816284593758,0.3884337719861371,False,nan,nan,False,False
1296,6.48,0.005033188001107192,0.0013525390004360816,5.380001312005334e-06,0.0006544539992319187,0.0008667600013723131,4.22690009145299e-05,0.003599227999075083,0.001322546976195872,0.000975189054788439,0.2645093952391744,24.435289581605545,0.25338191055082104,False,nan,nan,False,False
1297,6.485,0.005022548999477294,0.0013213799993536668,5.541000064113177e-06,0.0017806089999794494,0.0009747010008140933,4.0285000068251975e-05,0.0035969340005976846,0.0014443547911019003,0.0009826137120130252,0.2888709582203801,24.001839624245907,0.37062501664294084,False,nan,nan,False,False
1298,6.49,0.0049897070002771216,0.0013236350005172426,5.511001290869899e-06,0.0006745909995515831,0.0008693150011822581,4.190800063952338e-05,0.003609165998568642,0.001803527309876419,0.0012480286133351726,0.3607054619752838,24.124594024815764,0.29257754671771563,False,nan,nan,False,False
1299,6.495,0.005002781999792205,0.0012874370004283264,5.810999937239103e-06,0.0018017870006588055,0.0008972079995146487,5.4150999858393334e-05,0.0036401849993126234,0.002250443962208012,0.0015480286133351395,0.45008879244160244,24.018212670039414,0.3473504685771622,False,nan,nan,False,False
1300,6.5,0.00500744099917938,0.0013592500017693965,5.5199998314492404e-06,0.0006877350006107008,0.0009019860008265823,4.1989000237663276e-05,0.0035653849990922026,0.002645125777396541,0.0018480286133351065,0.5290251554793083,26.83283154486145,0.34439818352939766,False,nan,nan,False,False
1301,6.505,0.004992322001271532,0.0013400449988694163,5.500000042957254e-06,0.0017996030001086183,0.0008937209986470407,4.180799987807404e-05,0.003586695000194595,0.0030984834456502515,0.0020000000000000018,0.6196966891300503,21.659083623068376,0.4237155893123678,False,nan,nan,False,False
1302,6.51,0.004996900999685749,0.0013678560007974738,5.289999535307288e-06,0.0006614159992750501,0.0008953630003816215,4.123699909541756e-05,0.0035660469984577503,0.003138152668563119,0.0020000000000000018,0.6276305337126238,24.000475107842608,0.6818674382754704,False,nan,nan,False,False
1303,6.515000000000001,0.005004224000003887,0.001380260000587441,5.26000076206401e-06,0.0017786740008887136,0.001001041999188601,4.10169996030163e-05,0.0035484229993016925,0.0035313657058392684,0.0020000000000000018,0.7062731411678537,19.866870611817223,0.6408887012877618,False,nan,nan,False,False
1304,6.5200000000000005,0.005001399000320816,0.00149116799912008,5.760000931331888e-06,0.0006642119988100603,0.0009410090005985694,5.343999873730354e-05,0.003435931999774766,0.0036137571836221748,0.0020000000000000018,0.722751436724435,21.803198843146095,0.47565618707831125,False,nan,nan,False,False
1305,6.525,0.004996489999030018,0.001328043001194601,5.641000825562514e-06,0.0017706400012684753,0.0009778779985936126,4.127699867240153e-05,0.0036006809987156885,0.0037041588541556025,0.0020000000000000018,0.7408317708311204,13.507056248147455,0.7148254055829755,False,nan,nan,False,False
1306,6.53,0.004997822999939672,0.0013407060014287708,5.390000296756625e-06,0.0006593719990632962,0.000879062999956659,4.1506998968543485e-05,0.00358855800004676,0.0035870630220714624,0.0020000000000000018,0.7174126044142924,17.00002406903043,0.7869464464364769,False,nan,nan,False,False
1307,6.535,0.004993084001398529,0.001325376999375294,5.169000360183418e-06,0.0017829429998528212,0.000978599000518443,4.02449986722786e-05,0.0036117409999860683,0.0035174346561604735,0.0020000000000000018,0.7034869312320946,16.980160615798333,0.7040973825518274,False,nan,nan,False,False
1308,6.54,0.005003401998692425,0.0013658640000357991,5.129000783199444e-06,0.0006686589986202307,0.0009115539996855659,4.147800063947216e-05,0.0035691110006155213,0.00349834089644543,0.0020000000000000018,0.699668179289086,17.00372174376496,0.6873878431125595,False,nan,nan,False,False
1309,6.545,0.005000408000341849,0.001331649000348989,5.270001565804705e-06,0.0017751689993019681,0.0009730290003062692,5.12549995619338e-05,0.003604236999308341,0.0035304160848823015,0.0020000000000000018,0.7060832169764601,16.977034642582066,0.7092244320189206,False,nan,nan,False,False
1310,6.55,0.005009313999835285,0.0012906120009574806,5.821000740979798e-06,0.0006769350002286956,0.0008934609995776555,4.3371999709052034e-05,0.0036397539988684002,0.0036124202111223183,0.0020000000000000018,0.7224840422244636,16.979040221278627,0.7772842812342032,False,nan,nan,False,False
1311,6.555,0.005012149000322097,0.001364400999591453,6.092001058277674e-06,0.0018071280010190094,0.0009890789988276083,4.262999937054701e-05,0.003552701000444358,0.003741030107250918,0.0020000000000000018,0.7482060214501836,16.97082662247229,0.7485967026526752,False,nan,nan,False,False
1312,6.5600000000000005,0.004991720999896643,0.0013032259994361084,6.291000318014994e-06,0.0006841490012448048,0.0009093899989238707,4.2740000935737044e-05,0.003620428000431275,0.0039116565924681625,0.0020000000000000018,0.7823313184936325,16.97056274848182,0.7204988166662483,False,nan,nan,False,False
1313,6.565,0.004995577999579837,0.0013611949998448836,5.83099972573109e-06,0.0018060660004266538,0.0010053789992525708,4.17179999203654e-05,0.003562640000382089,0.004119078575365331,0.0020000000000000018,0.8238157150730663,16.970562748730703,0.7526784381464694,False,nan,nan,False,False
1314,6.57,0.004976121999789029,0.0008090330011327751,4.027999239042401e-06,0.0006518579994008178,0.0005810959992231801,2.8542999643832445e-05,0.004140990000450984,0.00426572268876123,0.0020000000000000018,0.853144537752246,12.76921416996856,0.6840908298768766,False,nan,nan,False,False
1315,6.575,0.005023360001359833,0.0013666349987033755,5.580001015914604e-06,0.0017160269999294542,0.0009997890010708943,4.165800055488944e-05,0.003560316001312458,0.0043406749170619725,0.0020000000000000018,0.8681349834123944,12.50431883649173,0.7740530295396951,False,nan,nan,False,False
1316,6.58,0.0049973919994954485,0.001250067000000854,5.501000487129204e-06,0.0006668459991487907,0.0008783819994278019,4.3210999137954786e-05,0.0037801269991177833,0.004265029706070364,0.0020000000000000018,0.8530059412140728,15.032604533700889,0.7327064668599245,False,nan,nan,False,False
1317,6.585,0.005274058999930276,0.002141783999832114,1.7082000340451486e-05,0.0020815410007344326,0.0016396949995396426,4.330099909566343e-05,0.0025150910005322658,0.003747938011237601,0.0020000000000000018,0.7495876022475202,24.000001557535654,0.8402121636372806,False,nan,nan,False,False
1318,6.59,0.004726966000816901,0.0013663149984495249,5.591000444837846e-06,0.0005471330005093478,0.0009143099996435922,4.3141000787727535e-05,0.0035647130007419037,0.003381979691053061,0.0019034922281258027,0.6763959382106122,26.832819000586788,0.8182482897279002,False,nan,nan,False,False
1319,6.595,0.00500412499968661,0.0013468870001815958,7.493999873986468e-06,0.0016679279997333651,0.0009806229991227156,4.08670002798317e-05,0.0035804229992209002,0.00297878520727127,0.0020000000000000018,0.5957570414542539,24.308480008837215,0.7550109928832226,False,nan,nan,False,False
1320,6.6000000000000005,0.004998242999135982,0.0013349550008570077,5.780999345006421e-06,0.0005562490005104337,0.0008785420013737166,4.3602000005193986e-05,0.003592635999666527,0.0028603856055385425,0.0017000000000000348,0.5720771211077086,26.832882252005522,0.6410301501442021,False,nan,nan,False,False
1321,6.605,0.005057874999693013,0.0011999630005448125,5.980999048915692e-06,3.639799979282543e-05,0.0008256140008597868,4.230899867252447e-05,0.0036694589998660376,0.0025200199610101908,0.0014000000000000679,0.5040039922020382,26.833352533144527,0.6273131545920613,False,nan,nan,False,False
1322,6.61,0.004943671001456096,0.0012960029998794198,5.881000106455758e-06,0.00040762200114841107,0.0008911970016924897,4.193899985693861e-05,0.003627890999268857,0.0019339690371937921,0.001100000000000101,0.3867938074387584,26.881555531437808,0.7023831724048518,False,nan,nan,False,False
1323,6.615,0.004988534999938565,0.0016494939991389401,5.309999323799275e-06,0.001637370998651022,0.0013068529988231603,4.1047000195248984e-05,0.003289278000011109,0.0017642878904249103,0.0013999999999999985,0.3528575780849821,27.028243566606868,0.5219743067827222,False,nan,nan,False,False
1324,6.62,0.005013411999243544,0.0013619159999507247,6.102000043028966e-06,0.0005520920003618812,0.0009080579984583892,4.2319001295254566e-05,0.0035630799993668916,0.0017722649198424851,0.001100000000000101,0.354452983968497,27.073885804432148,0.35435730695058176,False,nan,nan,False,False
1325,6.625,0.004992983000192908,0.0013558650007325923,7.454000297002494e-06,0.0016577389997110004,0.0010009210000134772,4.115699994144961e-05,0.0035759649999818066,0.0013372176707537706,0.0007999999999999952,0.2674435341507541,26.84843465923735,0.4511950265719569,False,nan,nan,False,False
1326,6.63,0.005002492000130587,0.0013626569998450577,5.539999619941227e-06,0.0005593860005319584,0.0008901229994080495,4.387199987831991e-05,0.0035636409993458074,0.00115612354855385,0.000797757596031845,0.23122470971077,26.86727776046337,0.5654992539902203,False,nan,nan,False,False
1327,6.635,0.004997150999770383,0.001382623999234056,8.024999260669574e-06,0.0016727260008337907,0.000930369998968672,4.3521999032236636e-05,0.0035583220014814287,0.00133641750230553,0.001097757596031812,0.267283500461106,26.893012067348298,0.48511694540656686,False,nan,nan,False,False
1328,6.640000000000001,0.0050123799992434215,0.0013388020015554503,5.449999662232585e-06,0.0005777500009571668,0.0008933699991757749,4.253000042808708e-05,0.003582516999813379,0.0017703419817294292,0.001397757596031779,0.3540683963458858,26.836457469828346,0.29838865039165086,False,nan,nan,False,False
1329,6.6450000000000005,0.005000967999876593,0.0013492720008798642,7.534001269959845e-06,0.0016905410011531785,0.000991111999610439,4.279000131646171e-05,0.003569733000404085,0.0023199966336836996,0.001697757596031746,0.46399932673674,26.846574130570257,0.3412525195262418,False,nan,nan,False,False
1330,6.65,0.004987142001482425,0.0013118429997120984,5.3700005082646385e-06,0.0005601470002147835,0.0008575529991503572,4.2548999772407115e-05,0.003625225999712711,0.002920924427568535,0.001997757596031713,0.5841848855137068,26.852599766704312,0.3643196043262401,False,nan,nan,False,False
1331,6.655,0.005020524999054032,0.0014109479998296592,8.676001016283408e-06,0.0016966719995252788,0.0010426589997223346,4.3260999518679455e-05,0.003502798001136398,0.0033615956321153004,0.0020000000000000018,0.67231912642306,24.003245290132263,0.4447406572153376,False,nan,nan,False,False
1332,6.66,0.004986461999578751,0.0013469980003719684,5.580001015914604e-06,0.0005643549993692432,0.00090617400019255,4.230899867252447e-05,0.0035775369997281814,0.0037336418520503892,0.0020000000000000018,0.7467283704100779,21.169076229164236,0.5696170544115425,False,nan,nan,False,False
1333,6.665,0.004994015000193031,0.0013722350013267715,7.544000254711136e-06,0.0016819150005176198,0.0010019539986387827,4.187900049146265e-05,0.0035598139984358568,0.004090232697573252,0.0020000000000000018,0.8180465395146502,20.78657749491495,0.7352385833398423,False,nan,nan,False,False
1334,6.67,0.005003623000447988,0.0013658230000146432,5.470999894896522e-06,0.0005613590001303237,0.0009241269999620272,4.2630001189536415e-05,0.0035616780005511828,0.0038405907317249875,0.0020000000000000018,0.7681181463449974,24.00322445365768,0.813051335177107,False,nan,nan,False,False
1335,6.675,0.004996429999664542,0.001576476999616716,7.533999450970441e-06,0.0017021019993990194,0.001231140999152558,4.1707999116624705e-05,0.0033557330007170094,0.00389760344073743,0.0020000000000000018,0.779520688147486,17.48989270064664,0.8960521186567305,False,nan,nan,False,False
1336,6.68,0.005004135000490351,0.0013562050007749349,5.559999408433214e-06,0.0005610190000879811,0.0008684330005053198,4.383200030133594e-05,0.003570263999790768,0.004262024574700647,0.0020000000000000018,0.8524049149401293,20.79917005055228,0.678440273363374,False,nan,nan,False,False
1337,6.6850000000000005,0.004996278999897186,0.0013489520006260136,7.353999535553157e-06,0.0016750909999245778,0.0009922549998009345,4.149699998379219e-05,0.0035795509993477026,0.00438736482542355,0.0020000000000000018,0.8774729650847098,14.754116355385625,0.902942576498676,False,nan,nan,False,False
1338,6.69,0.004997452000679914,0.0013584899988927646,5.43999885849189e-06,0.0005542859998968197,0.0009069250008906238,4.2158999349339865e-05,0.0035726879996218486,0.004179311200325086,0.0020000000000000018,0.8358622400650173,14.6156580555835,0.9506106152933335,False,nan,nan,False,False
1339,6.695,0.005066199999419041,0.0011870489997818368,6.061998647055589e-06,3.648799975053407e-05,0.000832065001304727,4.095700023754034e-05,0.003679288000057568,0.003512875250400824,0.0017000000000000348,0.702575050080165,26.832922228694407,0.9382116873908101,False,nan,nan,False,False
1340,6.7,0.004937158999382518,0.0014322780007205438,5.37999949301593e-06,0.0005451489996630698,0.0009050320004462264,4.2608999137883075e-05,0.003494872998999199,0.002848500174182034,0.0014000000000000679,0.5697000348364067,26.832816137567697,0.7222232803909908,False,nan,nan,False,False
1341,6.705,0.004997473000912578,0.0014529649997712113,5.590000000665896e-06,0.0015626820004399633,0.0010955779998766957,4.239999907440506e-05,0.0034774809992086375,0.002747834875641524,0.001700000000000007,0.5495669751283049,26.83286106776753,0.519789234236617,False,nan,nan,False,False
1342,6.71,0.005002429999876767,0.0012705560002359562,5.791000148747116e-06,0.0005375450000428827,0.000891396000952227,4.2690000555012375e-05,0.0036630069989769254,0.0027864412242489933,0.0020000000000000018,0.5572882448497987,26.832819894242814,0.7452010387201246,False,nan,nan,False,False
1343,6.715,0.005004184999052086,0.0013911200003349222,7.353999535553157e-06,0.0016803310008981498,0.0009327030002168613,4.1847999455058016e-05,0.003535469000780722,0.0023995656434362875,0.001700000000000007,0.47991312868725755,26.83281580509133,0.5867589727095107,False,nan,nan,False,False
1344,6.72,0.004996420000679791,0.0012647040002775611,6.001000656397082e-06,0.000554366000869777,0.000840742000946193,4.1477000195300207e-05,0.003665762000309769,0.001825258541770636,0.0014000000000000123,0.36505170835412715,26.8331534236757,0.7564344776281982,False,nan,nan,False,False
1345,6.7250000000000005,0.005003472999305814,0.0013599720005004201,7.294000170077197e-06,0.0016720559997338569,0.0010071630003949394,4.0594999518361874e-05,0.003562429999874439,0.001930085209218307,0.001100000000000101,0.38601704184366137,26.832859717763718,0.5517711816217209,False,nan,nan,False,False
1346,6.73,0.004990389001250151,0.0012380640000628773,5.249999958323315e-06,0.0005499180006154347,0.0008525529992766678,4.1957999201258644e-05,0.0036904480002704076,0.0015423658159271385,0.0007999999999999952,0.3084731631854277,26.832865397346563,0.40464399519687877,False,nan,nan,False,False
1347,6.735,0.004996969999410794,0.001585574000273482,7.484000889235176e-06,0.0016697709997970378,0.0012482229994930094,3.97040003008442e-05,0.0033461959992564516,0.001390163186903939,0.00090858136524119,0.27803263738078776,26.832817893171306,0.5433518628864606,False,nan,nan,False,False
1348,6.74,0.004999565999241895,0.0013304570002219407,5.160000000614673e-06,0.0005475229991134256,0.0008611390003352426,4.3541000195546076e-05,0.003614135999669088,0.0015447389397938828,0.001208581365241157,0.3089477879587766,26.832838009026965,0.19243492332228718,False,nan,nan,False,False
1349,6.745,0.0050333090002823155,0.0014149649996397784,8.43599991640076e-06,0.0017030239996529417,0.0010458349988766713,4.384199928608723e-05,0.003488882000965532,0.0019338744208000592,0.001508581365241124,0.3867748841600119,26.833205376446475,0.2622802272023074,False,nan,nan,False,False
1350,6.75,0.0049722650001058355,0.0012742720009555342,5.641000825562514e-06,0.0005555589996220078,0.0009017749998747604,4.2800000301213004e-05,0.0036624059994210256,0.002389868689460307,0.00172884546678298,0.47797373789206143,25.56624719785363,0.2750306211084917,False,nan,nan,False,False
1351,6.755,0.005083953001303598,0.0012385449990688358,6.903001121827401e-06,3.9774000470060855e-05,0.0008608999996795319,5.4501999329659157e-05,0.0036090770008740947,0.002596670596989155,0.0017975191555994474,0.5193341193978309,26.83316557369672,0.4246731530850455,False,nan,nan,False,False
1352,6.76,0.0049206579988094745,0.0013178339995647548,5.6300013966392726e-06,0.0005622310000035213,0.0009294179999415064,4.3149999328306876e-05,0.003609567000239622,0.0029650068173117765,0.0020000000000000018,0.5930013634623553,22.607594166581265,0.3790787447475754,False,nan,nan,False,False
1353,6.765000000000001,0.0050107170009141555,0.0013775850002275547,8.185001206584275e-06,0.0017036350000125822,0.0010183439990214538,4.310099939175416e-05,0.003537091999533004,0.0032461484065758298,0.0020000000000000018,0.649229681315166,21.40026705773637,0.5922660977502358,False,nan,nan,False,False
1354,6.7700000000000005,0.004983144999641809,0.0013256679994810838,5.289999535307288e-06,0.0005511099989234935,0.0008828599984553875,4.1958999645430595e-05,0.0035962729998573195,0.0033764980809122976,0.0017000000000000001,0.6752996161824595,26.835747686340788,0.7397802745235309,False,nan,nan,False,False
1355,6.775,0.004972434999217512,0.0009456679999857442,4.167999577475712e-06,0.0016282340002362616,0.0006314299989753636,2.8844000553363003e-05,0.004004174999863608,0.003655569160095497,0.0019000000000000128,0.7311138320190994,24.783098783214637,0.6974212919188584,False,nan,nan,False,False
1356,6.78,0.00501940300091519,0.0013508350002666702,5.4299998737405986e-06,0.0005427550004242221,0.0008458219999738503,5.3258998377714306e-05,0.0036018430000694934,0.003663193849630347,0.0020000000000000018,0.7326387699260694,18.331843330720265,0.8464583394759456,False,nan,nan,False,False
1357,6.785,0.005040842999733286,0.0014090940003370633,8.655999408802018e-06,0.0016999569998006336,0.0010256679997837637,4.426299892656971e-05,0.0034924089995911345,0.0035587484939269614,0.0020000000000000018,0.7117496987853921,16.971299901095122,0.7027090994910665,False,nan,nan,False,False
1358,6.79,0.004972955999619444,0.001364630999887595,5.660000169882551e-06,0.000559365998924477,0.0009008630004245788,4.369099951873068e-05,0.0035625489999802085,0.003502917847766427,0.0020000000000000018,0.7005835695532854,16.97058198495031,0.6959626166047378,False,nan,nan,False,False
1359,6.795,0.00499751200004539,0.0015996900001482572,7.254000593093224e-06,0.0016732080002839211,0.001258152000445989,4.22690009145299e-05,0.0033293640008196235,0.0034980240958892364,0.0020000000000000018,0.6996048191778472,16.970708604362848,0.6117345426043843,False,nan,nan,False,False
1360,6.8,0.004999906001103227,0.0013492919988493668,5.921001502429135e-06,0.000564915999348159,0.0009039889991981909,4.1698000131873414e-05,0.003583298999728868,0.0035442799133668748,0.0020000000000000018,0.7088559826733749,16.970564356357258,0.8229014953663383,False,nan,nan,False,False
1361,6.805,0.005002210999009549,0.0013558450009441003,7.894999725976959e-06,0.0016685379996488336,0.0009998690002248622,4.1617999158916064e-05,0.0035816949985019164,0.0036222552186592244,0.0020000000000000018,0.7244510437318449,12.43847857413823,0.6812457979562103,False,nan,nan,False,False
1362,6.8100000000000005,0.005009083999539143,0.0013632480004162062,5.83099972573109e-06,0.0005673410014424007,0.0008842030001687817,4.1958999645430595e-05,0.0035548949999792967,0.0037464096138582165,0.0020000000000000018,0.7492819227716432,16.970586952446972,0.7178760346791792,False,nan,nan,False,False
1363,6.815,0.004986650999853737,0.0013593510011560284,7.15400165063329e-06,0.0016667959989717929,0.000998657000309322,4.1989000237663276e-05,0.0035714759997063084,0.0034612759568599803,0.0017000000000000348,0.6922551913719961,26.83282503732883,0.7253315238394097,False,nan,nan,False,False
1364,6.82,0.004998394000722328,0.001316681000389508,5.570000212173909e-06,0.000540259999979753,0.0008680930004629772,4.271999932825565e-05,0.0036193060004734434,0.0037022676816048463,0.0020000000000000018,0.7404535363209692,24.022923434859397,0.7582352153963152,False,nan,nan,False,False
1365,6.825,0.005093941999803064,0.0011954849996982375,1.2783999409293756e-05,5.4602000091108494e-05,0.0008356819998880383,4.146699939155951e-05,0.0036457950009207707,0.004085981478899588,0.0020000000000000018,0.8171962957799177,20.90967607782487,0.6388387789898057,False,nan,nan,False,False
1366,6.83,0.0049086859999079024,0.0012620289999176748,5.369998689275235e-06,0.000536772999112145,0.0008727209988137474,5.1517001338652335e-05,0.0036751000006916,0.004339191276264722,0.0020000000000000018,0.8678382552529442,17.0029713384536,0.8209896822396539,False,nan,nan,False,False
1367,6.835,0.005007490999560105,0.001378566999846953,8.04499904916156e-06,0.0016846890011947835,0.0010373999994044425,4.134700066060759e-05,0.0035428820010565687,0.0040703334499880145,0.0020000000000000018,0.8140666899976029,23.84944120438814,0.9219468308572731,False,nan,nan,False,False
1368,6.84,0.004989054999896325,0.0012446270011423621,5.3700005082646385e-06,0.0005416619987954618,0.0008527240006515058,4.568599979393184e-05,0.0037017599988757866,0.004080193584991593,0.0020000000000000018,0.8160387169983186,16.99625977294541,0.729259050958712,False,nan,nan,False,False
1369,6.845,0.005019073001676588,0.0014171589991747169,5.8010009524878114e-06,0.0016482510000059847,0.0010669639996194746,4.1757999497349374e-05,0.003498128999126493,0.004058747135540624,0.0020000000000000018,0.8117494271081248,24.00000618423792,0.5938129195295538,False,nan,nan,False,False
1370,6.8500000000000005,0.004982603999451385,0.0013688389990420546,5.430998498923145e-06,0.0004064999993715901,0.0009175849991152063,5.210699964663945e-05,0.003570975000911858,0.003513708593916903,0.0017000000000000348,0.7027417187833807,24.01863623713312,0.8137506377143016,False,nan,nan,False,False
1371,6.855,0.005019722999350051,0.0014951749999454478,6.4420000853715464e-06,0.0015224160015350208,0.001145481999628828,4.2779998693731613e-05,0.0034203539998998167,0.0033762836707303834,0.0020000000000000018,0.6752567341460767,21.393102552261553,0.9142303081408955,False,nan,nan,False,False
1372,6.86,0.004988255001080688,0.0013133249995007645,6.012000085320324e-06,0.0004395220003061695,0.0009141290011029923,5.9330999647499993e-05,0.0036180629995214986,0.0027279908169085157,0.0017000000000000348,0.5455981633817031,26.832815788846737,0.6298993411740347,False,nan,nan,False,False
1373,6.865,0.005000186998586287,0.0014220080011000391,5.559999408433214e-06,0.0016038680005294736,0.0010731469992606435,4.1757999497349374e-05,0.0035032689993386157,0.003068686440823302,0.0020000000000000018,0.6137372881646604,24.222761361696847,0.6207195263665419,False,nan,nan,False,False
1374,6.87,0.004993615000785212,0.0012728589990729233,5.369998689275235e-06,0.0004495610010053497,0.0008857760003593285,5.315899943525437e-05,0.0036640590005845297,0.002439325473014833,0.0017000000000000348,0.4878650946029666,26.832950584167993,0.6862120359667491,False,nan,nan,False,False
1375,6.875,0.005007791000025463,0.0014474950003204867,5.480000254465267e-06,0.0015631820006092312,0.0011006469994754298,4.2349000068497844e-05,0.0034746359997370746,0.002328903132472505,0.0020000000000000018,0.465780626494501,26.832824179365304,0.9860248665128207,False,nan,nan,False,False
1376,6.88,0.004984207000234164,0.0008874889990693191,5.1890001486754045e-06,0.00030050199893594254,0.0006343659988488071,3.531599941197783e-05,0.004034812000099919,0.0018431684547841798,0.0017000000000000348,0.368633690956836,26.832815882454703,0.4296984072482501,False,nan,nan,False,False
1377,6.885,0.004969569999957457,0.0009704029998829355,3.877999915857799e-06,0.0013989849994686665,0.0006360589995892951,3.1399000363308005e-05,0.003977656000643037,0.002067314749143668,0.0020000000000000018,0.4134629498287335,24.68556977273589,0.4150843312134864,False,nan,nan,False,False
1378,6.890000000000001,0.004995617999156821,0.0008357520000572549,3.836999894701876e-06,0.0008280170004582033,0.000590062998526264,3.3042000723071396e-05,0.004114532001040061,0.0018957641813541783,0.0017000000000000348,0.3791528362708356,26.832820898089384,0.36194433418864885,False,nan,nan,False,False
1379,6.8950000000000005,0.004998213000362739,0.0009196589999191929,3.746999936993234e-06,0.0014034939995326567,0.0006890480017318623,2.912499985541217e-05,0.004033380000691977,0.001952960624148242,0.0014000000000000679,0.39059212482964845,26.832816048773314,0.6193064636944219,False,nan,nan,False,False
1380,6.9,0.005000277000362985,0.0008212449993152404,3.7370009522419423e-06,0.0007615630001964746,0.0005844030001753708,2.9014001484028995e-05,0.0041281670000898885,0.002221302557981561,0.001249742460728849,0.44426051159631225,26.832846646696915,0.3799267009325444,False,nan,nan,False,False
1381,6.905,0.0049958889994741185,0.0009538930007693125,3.6870005715172738e-06,0.0018123780009773327,0.0007583779988635797,1.3625000065076165e-05,0.003989206999904127,0.0024135323388739306,0.0015497424607288507,0.4827064677747861,26.833579392882143,0.4756704975350536,False,nan,nan,False,False
1382,6.91,0.004990810000890633,0.0008129189991450403,3.95800088881515e-06,0.000563975001568906,0.0005765280002378859,2.8644000849453732e-05,0.004150859000219498,0.0027955124609390946,0.0018497424607288523,0.5591024921878189,24.210915879532898,0.35094573878957946,False,nan,nan,False,False
1383,6.915,0.005009152999264188,0.0010099880000780104,3.396000465727411e-06,0.0017065800002455944,0.0007736759998806519,2.9765998988295905e-05,0.003943382000215934,0.0031599320815637925,0.0020000000000000018,0.6319864163127585,21.641936898166655,0.429289898530483,False,nan,nan,False,False
1384,6.92,0.0050007280005957,0.0008143719987856457,3.9169990486698225e-06,0.0005560999998124316,0.0005765770001744386,3.55160009348765e-05,0.004138256001169793,0.0033243791715198245,0.0020000000000000018,0.6648758343039648,21.166051589314993,0.425358637199307,False,nan,nan,False,False
1385,6.925,0.004999445000066771,0.0008603989990660921,3.6470009945333004e-06,0.0017108890006056754,0.0006046500002412358,2.841400055331178e-05,0.0040921899999375455,0.0034874572326530707,0.0020000000000000018,0.6974914465306141,20.13847279807221,0.7459162201514068,False,nan,nan,False,False
1386,6.93,0.0049976230002357624,0.0008028309985093074,3.295999704278074e-06,0.0005837110002175905,0.0005746240003645653,2.719100120884832e-05,0.0041528930014465,0.003546639328437091,0.0020000000000000018,0.7093278656874181,15.600626385532479,0.6240370226371715,False,nan,nan,False,False
1387,6.9350000000000005,0.00500323300002492,0.0008921169992390787,3.746999936993234e-06,0.0018231289996037958,0.0006393849998858059,2.8574000680237077e-05,0.004057615000419901,0.00349961279077834,0.0020000000000000018,0.699922558155668,20.78555862666979,0.6993854983491835,False,nan,nan,False,False
1388,6.94,0.004994986999008688,0.000815674000477884,3.6270012060413137e-06,0.0005945920001977356,0.0005657279998558806,4.236899985698983e-05,0.004142484000112745,0.003529295130662243,0.0020000000000000018,0.7058590261324487,20.78467517479093,0.7291839897282846,False,nan,nan,False,False
1389,6.945,0.0050036829998134635,0.0010028550004790304,3.6870005715172738e-06,0.0017032339983416023,0.0007787160011503147,2.7942000087932684e-05,0.003952467999624787,0.0036060998284936246,0.0020000000000000018,0.7212199656987249,18.991435289378693,0.5793260006474192,False,nan,nan,False,False
1390,6.95,0.005001970001103473,0.000809133000075235,3.6069995985599235e-06,0.0005852340000274125,0.0005722200003219768,2.7481000870466232e-05,0.004146321000007447,0.00377365981771624,0.0020000000000000018,0.754731963543248,20.785815464633608,0.7574000702765608,False,nan,nan,False,False
1391,6.955,0.00500975499926426,0.0010008209992520278,4.078001438756473e-06,0.001723662000586046,0.0006160319990158314,3.0356999559444375e-05,0.003944674001104431,0.0038957634285571984,0.0020000000000000018,0.7791526857114397,17.43602800499793,0.761237751403772,False,nan,nan,False,False
1392,6.96,0.0049934840008063475,0.0008285089988930849,3.827000909950584e-06,0.0005923970002186252,0.0005975060012133326,2.802299968607258e-05,0.004120523000892717,0.00400499735745491,0.0020000000000000018,0.8009994714909819,16.667222073292912,0.7960762042088909,False,nan,nan,False,False
1393,6.965,0.0049965009984589415,0.0009581810008967295,3.727000148501247e-06,0.0018247209991386626,0.0007622450011695037,1.361599970550742e-05,0.00398352599950158,0.0037134921789866177,0.0020000000000000018,0.7426984357973235,20.78494641346201,0.8433879034252192,False,nan,nan,False,False
1394,6.97,0.004988034001144115,0.0007879029999457998,3.5859993658959866e-06,0.0005762470009358367,0.0005635530014842516,2.7530999432201497e-05,0.004178089999186341,0.0034734729082950932,0.0020000000000000018,0.6946945816590185,20.78516369319071,0.8861465436665374,False,nan,nan,False,False
1395,6.9750000000000005,0.005014472999391728,0.0010070230000565061,3.767001544474624e-06,0.0017016309993778123,0.0007631869993929286,2.9354001526371576e-05,0.003946778000681661,0.0037589975587139558,0.0020000000000000018,0.7517995117427911,18.622300695544663,0.7586431513185606,False,nan,nan,False,False
1396,6.98,0.005004194999855827,0.0008263250001618871,3.956998625653796e-06,0.0005208940001466544,0.00058820999947784,2.8833999749622308e-05,0.004120943000089028,0.004010619559559714,0.0020000000000000018,0.8021239119119425,20.784622538735473,0.7984237427923815,False,nan,nan,False,False
1397,6.985,0.00499600900002406,0.0008874590002960758,4.047000402351841e-06,0.001186598001368111,0.0006366600009641843,2.754099841695279e-05,0.004059999000673997,0.004043519751141538,0.0020000000000000018,0.8087039502283075,12.000116067197858,1.027484702755822,False,nan,nan,False,False
1398,6.99,0.004988153999875067,0.0008008880013221642,3.5169996408512816e-06,0.0006936160007171566,0.0005684320003638277,2.8212998586241156e-05,0.004163101999438368,0.0034124868066478897,0.0017000000000000348,0.682497361329578,26.83283472701169,0.7666061542014723,False,nan,nan,False,False
1399,6.995,0.0050036840002576355,0.0008869480006978847,3.426001057960093e-06,0.0019104319999314612,0.0006592329991690349,2.7381000109016895e-05,0.004068203999850084,0.002800013620006908,0.0014000000000000679,0.5600027240013815,26.832816060857034,0.7783239113662549,False,nan,nan,False,False
1400,7.0,0.004993955000827555,0.0007937139998830389,3.2059997465694323e-06,0.0006953399988560705,0.0005656670000462327,2.7711001166608185e-05,0.004165065998677164,0.0031567485692660553,0.0017000000000000348,0.631349713853211,26.83284582525892,0.4534557106113882,False,nan,nan,False,False
1401,7.005,0.004995748999135685,0.0009473810005147243,3.006000042660162e-06,0.0018126280010619666,0.0007290930007002316,2.654899981280323e-05,0.004024042000310146,0.003502863250355017,0.0020000000000000018,0.7005726500710033,26.832815734294375,0.3925245073164435,False,nan,nan,False,False
1402,7.01,0.0050099950003641425,0.000790947999121272,3.0150004022289068e-06,0.0004969589990651002,0.0005637240010401001,2.645899985509459e-05,0.004162472001553397,0.003423814075202891,0.001984303886914507,0.6847628150405782,24.008211860681694,0.7685553091630355,False,nan,nan,False,False
1403,7.015000000000001,0.0049903189992619446,0.0009668370003055315,2.9760012694168836e-06,0.0016939769993769005,0.0007416759999614442,3.35830009134952e-05,0.0039961599995876895,0.003309269580367206,0.0019108206619029566,0.6618539160734412,24.179324582063646,0.7591909102818987,False,nan,nan,False,False
1404,7.0200000000000005,0.005000928000299609,0.0008430560010310728,2.7950009098276496e-06,0.0005705559997295495,0.0005524520001927158,2.7009999030269682e-05,0.004126001998884021,0.0030166448510539298,0.0017000000000000348,0.6033289702107859,24.29477859158074,0.5579188866788111,False,nan,nan,False,False
1405,7.025,0.005019513000661391,0.0009676589997980045,3.937000656151213e-06,0.0018226060001325095,0.0007880140001361724,1.2833999790018424e-05,0.00396967000051518,0.0024248754178658014,0.0014000000000000679,0.4849750835731602,24.51731581626143,0.635092185701725,False,nan,nan,False,False
1406,7.03,0.004983785998774692,0.0008119980011542793,3.6470009945333004e-06,0.0005699350003851578,0.0005818779991386691,2.6629999410943128e-05,0.004150197999479133,0.0017862059968380682,0.001100000000000101,0.35724119936761367,26.832815756839235,0.6398224897621791,False,nan,nan,False,False
1407,7.035,0.005008402000385104,0.000990722001006361,3.656999979284592e-06,0.0017107369985751575,0.0007678959991608281,2.7131000024382956e-05,0.00397917899863387,0.001833035451027509,0.0013882974208352383,0.3666070902055018,26.832825296610615,0.45965985655411007,False,nan,nan,False,False
1408,7.04,0.005043007000494981,0.0012762160004058387,5.719999535358511e-06,0.0006267720000323607,0.0009100010011025006,5.2086999858147465e-05,0.0036577669998223428,0.0013230765119674835,0.0010882974208352714,0.26461530239349673,26.83282209811285,0.5780945501114155,False,nan,nan,False,False
1409,7.045,0.005004995999115636,0.0014823810015514027,5.240000973572023e-06,0.001748689001033199,0.0011371359996701358,4.2268999095540494e-05,0.0034560809999675257,0.0010203134776012419,0.0007882974208353044,0.2040626955202484,26.832846260485372,0.4409021542224053,False,nan,nan,False,False
1410,7.05,0.005008523001379217,0.0013187749991629971,5.440000677481294e-06,0.0005732409990741871,0.0009339759999420494,4.18780000472907e-05,0.003611271000409033,0.0011097536020696077,0.0007000000000000062,0.22195072041392158,26.832841538890627,0.3535372345363185,False,nan,nan,False,False
1411,7.055,0.005011307999666315,0.0014360139994096244,6.080999810365029e-06,0.0016903899995668326,0.001087021000785171,4.292000085115433e-05,0.003500343000268913,0.001523831025813652,0.0010000000000000009,0.3047662051627304,26.832864871395156,0.2069214452729996,False,nan,nan,False,False
1412,7.0600000000000005,0.005010254999433528,0.0012969250001333421,5.8010009524878114e-06,0.0006155609989946242,0.0009226040001522051,4.2949999624397606e-05,0.0036193249998177635,0.002076674403967624,0.0013000000000000789,0.4153348807935247,26.832900415674313,0.287007079978345,False,nan,nan,False,False
1413,7.065,0.0049889860001712805,0.0014448309993895236,5.730000339099206e-06,0.0016585400007897988,0.0010995850007020636,4.255900057614781e-05,0.0034773700008372543,0.002683855939495664,0.0016000000000000458,0.5367711878991328,26.83300415415754,0.4470970131015264,False,nan,nan,False,False
1414,7.07,0.0049897480002982775,0.0012482629990699934,5.5300006351899356e-06,0.0006670070015388774,0.0008904550013539847,4.1647999751148745e-05,0.003671614000268164,0.0033156593664915063,0.0019000000000000128,0.6631318732983013,26.832954667783063,0.3661689718850531,False,nan,nan,False,False
1415,7.075,0.004985219000445795,0.0014445199994952418,5.029000021750107e-06,0.0017556619986862643,0.0010916310002357932,4.2579000364639796e-05,0.003493250000246917,0.0036865361086678185,0.0020000000000000018,0.7373072217335636,18.1021226367327,0.7307630914257467,False,nan,nan,False,False
1416,7.08,0.005006608998883166,0.0012692720010818448,5.310001142788678e-06,0.0006941979991097469,0.0008660290004627313,5.0504999308031984e-05,0.0036750399995071348,0.003909658363960405,0.0020000000000000018,0.7819316727920809,20.784611507210442,0.5474965910064644,False,nan,nan,False,False
1417,7.085,0.005025272999773733,0.0014685460009786766,5.930998668191023e-06,0.001815875000829692,0.0011071999997511739,4.338100006862078e-05,0.0034403310000925558,0.004010412520487484,0.0020000000000000018,0.8020825040974968,10.410416707817616,0.7865717292492055,False,nan,nan,False,False
1418,7.09,0.0049775850002333755,0.0013065230014035478,5.40000110049732e-06,0.000670532999720308,0.000941009999223752,4.3430998630356044e-05,0.0036590899999282556,0.003858772612566401,0.0020000000000000018,0.7717545225132801,16.97059833499907,0.7244277454091388,False,nan,nan,False,False
1419,7.095,0.005034612000599736,0.0016508349999639904,5.509999027708545e-06,0.0018627419995027594,0.0012950399996043416,4.938200072501786e-05,0.003233584999179584,0.0038101191007747703,0.0020000000000000018,0.7620238201549541,13.242792825070422,0.8170764184539551,False,nan,nan,False,False
1420,7.1000000000000005,0.004936286999509321,0.0008315040013258113,3.907000063918531e-06,0.0006444150003517279,0.0005957429984846385,2.969599881907925e-05,0.004129930999624776,0.0036861728886862354,0.0020000000000000018,0.7372345777372471,16.982162404382187,0.7782299180444787,False,nan,nan,False,False
1421,7.105,0.005046954000135884,0.000529660999745829,6.802998541388661e-06,0.001857893001215416,0.0003110409998043906,1.4306000593933277e-05,0.004346794999946724,0.0038101406271850674,0.0020000000000000018,0.7620281254370135,17.00140546554963,0.7901926999509996,False,nan,nan,False,False
1422,7.11,0.004925758001263603,0.000835251999887987,3.998000465799123e-06,0.0006020849996275501,0.0005955429987807292,2.9365000955294818e-05,0.004127696000068681,0.003532635313568865,0.0020000000000000018,0.706527062713773,20.90323305231872,0.775203875286325,False,nan,nan,False,False
1423,7.115,0.005009624999729567,0.0011832820000563515,3.54699841409456e-06,0.0017115489990828792,0.0006689609999739332,5.1236000217613764e-05,0.0037974379993102048,0.003608166525150714,0.0020000000000000018,0.7216333050301428,20.80274626529312,0.8400144460342501,False,nan,nan,False,False
1424,7.12,0.005052003998571308,0.0012963030003447784,5.619998773909174e-06,0.000564855999982683,0.0009200099993904587,4.2439000026206486e-05,0.0036306969996076077,0.0035388117883524113,0.0020000000000000018,0.7077623576704822,12.948260811491057,0.5699156325886917,False,nan,nan,False,False
1425,7.125,0.004995627999960561,0.001432458000635961,5.5199998314492404e-06,0.0014958259998820722,0.0010837259997060755,4.1958999645430595e-05,0.0034935900002892595,0.0030229721667019162,0.0017000000000000348,0.6045944333403833,26.891953584307615,0.8549368414658809,False,nan,nan,False,False
1426,7.13,0.004992212001525331,0.0012530529984360328,5.210000381339341e-06,0.00044826799967268016,0.0009016049989440944,4.015500053355936e-05,0.0036825230017711874,0.003485246174134835,0.0020000000000000018,0.697049234826967,24.60544714224777,0.6399294903230337,False,nan,nan,False,False
1427,7.135,0.005004414999348228,0.0014622939997934736,5.501000487129204e-06,0.001601833999302471,0.0010928230003628414,4.069600072398316e-05,0.003465358000539709,0.0033609970555359653,0.0020000000000000018,0.6721994111071931,27.631070582465437,0.26650593071965634,False,nan,nan,False,False
1428,7.140000000000001,0.004995568999220268,0.0012412200012477115,5.40000110049732e-06,0.0004166890012129443,0.0008870990004652413,4.050499956065323e-05,0.0036978419993829448,0.0037238263548247208,0.0020000000000000018,0.7447652709649442,23.754196310050503,0.6290385005070507,False,nan,nan,False,False
1429,7.1450000000000005,0.005004144000849919,0.0014266269990912406,4.619001629180275e-06,0.0015417720005643787,0.0008972769992396934,4.103700121049769e-05,0.003503910000290489,0.004020030487717122,0.0020000000000000018,0.8040060975434243,19.162798494948383,0.7112249788173407,False,nan,nan,False,False
1430,7.15,0.0049986340000032214,0.0012395470002957154,5.149999196873978e-06,0.00037720500040450133,0.0008422549999522744,4.153699956077617e-05,0.0037057469999126624,0.0041726334938687595,0.0020000000000000018,0.8345266987737519,16.956225615421598,0.7511160179897457,False,nan,nan,False,False
1431,7.155,0.005023801000788808,0.0014570839994121343,5.780999345006421e-06,0.0015440160004800418,0.0011048950000258628,4.2208999730064534e-05,0.0034517919993959367,0.0042514391685216195,0.0020000000000000018,0.8502878337043239,16.97056274847738,0.8404917321196868,False,nan,nan,False,False
1432,7.16,0.0049870829989231424,0.001261507999515743,5.609999789157882e-06,0.00046154299889167305,0.0008994609997898806,4.2239000322297215e-05,0.0036583180008165073,0.003840954803172843,0.0020000000000000018,0.7681909606345686,24.015507710532656,0.8747325643282245,False,nan,nan,False,False
1433,7.165,0.004989647000911646,0.0014131209991319338,5.4299998737405986e-06,0.0016091070010588737,0.001069448999260203,4.0004999391385354e-05,0.0035155620007571997,0.003469104652933307,0.0020000000000000018,0.6938209305866613,20.832307434870632,0.8424275401215423,False,nan,nan,False,False
1434,7.17,0.004993323998860433,0.0012680710005952278,5.080000846646726e-06,0.0004408049990161089,0.0008595270010118838,4.06360013585072e-05,0.0036702699999295874,0.002987390548312179,0.0020000000000000018,0.5974781096624358,26.832815729996106,0.822279647926301,False,nan,nan,False,False
1435,7.175,0.005008252001061919,0.0013832459990226198,5.190000592847355e-06,0.0015996799993445165,0.001017933000184712,4.1968998630181886e-05,0.0035500560006767046,0.003172821739775287,0.0020000000000000018,0.6345643479550575,21.09243951012675,0.6201070965530515,False,nan,nan,False,False
1436,7.18,0.005005065999284852,0.0012745029998768587,6.592999852728099e-06,0.0005815059994347394,0.0008983489988168003,4.132799949729815e-05,0.003761330999623169,0.0031570523051398696,0.0020000000000000018,0.6314104610279739,24.146214996308288,0.7776417474336551,False,nan,nan,False,False
1437,7.1850000000000005,0.005309545000272919,0.0016327729990734952,1.7923999621416442e-05,0.0020347240006231004,0.0011927100003958913,3.0406999940169044e-05,0.0029590210015157936,0.0030040459712593515,0.0019114992798670016,0.6008091942518703,21.264527053183798,0.7879637888607851,False,nan,nan,False,False
1438,7.19,0.0046336920004250715,0.001210562999403919,3.667000783025287e-06,0.00038579200008825865,0.0008377459998882841,4.175800131633878e-05,0.0037811990005138796,0.0028594258071104567,0.0017892882017616074,0.5718851614220913,24.493756213691995,0.6309143931764285,False,nan,nan,False,False
1439,7.195,0.005073184000139008,0.0015626709991920507,6.222000592970289e-06,0.0016079260003607487,0.0011822699998447206,4.1817998862825334e-05,0.0033468759993411368,0.0026060275313869587,0.0016769982200059985,0.5212055062773917,24.417935972408422,0.5654995465343279,False,nan,nan,False,False
1440,7.2,0.004975840998667991,0.0014016300010553095,5.391000740928575e-06,0.0004624049997801194,0.0008808459988358663,0.00020511399998213165,0.0035527519994502654,0.0024721306740430027,0.0015240134861047583,0.4944261348086005,23.499509454037742,0.40979370247146324,False,nan,nan,False,False
1441,7.205,0.005022339000788634,0.001424662999852444,5.399999281507917e-06,0.0015660579992982093,0.0010760909990494838,4.161800097790547e-05,0.003487989999484853,0.0024143364078186734,0.0014007306710532852,0.4828672815637346,24.503577987176534,0.551563349899614,False,nan,nan,False,False
1442,7.21,0.0049869819995365106,0.0013067420004517771,5.8610003179637715e-06,0.00045578299977933057,0.0009175340001092991,4.328099930717144e-05,0.003617373000452062,0.002235922789754942,0.0011007306710533182,0.4471845579509884,26.836410312159842,0.4582666298512402,False,nan,nan,False,False
1443,7.215,0.004994466000425746,0.0014303440002549905,5.580999641097151e-06,0.0015898120000201743,0.001081742000678787,4.4873999286210164e-05,0.003503177998936735,0.0017853050441259109,0.0008585314662851035,0.35706100882518216,26.83780705016265,0.6695169862144197,False,nan,nan,False,False
1444,7.22,0.005001388999517076,0.001361025000733207,5.5510008678538725e-06,0.00044248700032767374,0.0009186570005113026,4.247899960319046e-05,0.003579770998840104,0.0011161052043022646,0.0005585314662851018,0.22322104086045297,26.838615544736232,0.44526855130652143,False,nan,nan,False,False
1445,7.2250000000000005,0.005007240999475471,0.001390078001350048,5.049001629231498e-06,0.001587957998708589,0.0010368980001658201,4.145700040680822e-05,0.003540227999110357,0.0012144996294541053,0.0008585314662851035,0.24289992589082107,26.887056303603767,0.3537272559538768,False,nan,nan,False,False
1446,7.23,0.0050117480004701065,0.0015568399994663196,6.340998879750259e-06,0.0003105300002061995,0.0010289239999110578,3.998499960289337e-05,0.003352728001118521,0.0007856738684216586,0.0005585314662851018,0.15713477368433174,27.08692457015935,0.4311887890156236,False,nan,nan,False,False
1447,7.235,0.004981783000403084,0.0013850590003130492,5.560001227422617e-06,0.0015110139993339544,0.0010458550004841527,4.247899960319046e-05,0.003543914999681874,0.0008868940413277621,0.00047264911679145705,0.1773788082655524,24.376133586127896,0.42777475890197364,False,nan,nan,False,False
1448,7.24,0.004999274999136105,0.001297345001148642,5.350000719772652e-06,0.0004220079990773229,0.0009163619997707428,6.558200038853101e-05,0.0036345839998830343,0.0012624995648454077,0.0007726491167914656,0.2524999129690816,26.857796491940874,0.371235872541704,False,nan,nan,False,False
1449,7.245,0.005003683001632453,0.001400167999236146,5.580001015914604e-06,0.0015213530004984932,0.001054521999321878,4.267999975127168e-05,0.0035281349992146716,0.0018165102018002284,0.0010726491167914604,0.3633020403600457,26.842585041946588,0.18068705840836344,False,nan,nan,False,False
1450,7.25,0.004995938999854843,0.0012728000001516193,5.3199983085505664e-06,0.0008954639997682534,0.0008959249989857199,4.31099997513229e-05,0.0036862809993181145,0.002430259289575848,0.001372649116791455,0.48605185791516964,26.833152575933877,0.21584967524572557,False,nan,nan,False,False
1451,7.255,0.005041514999902574,0.0014506419993267627,6.511998435598798e-06,0.0015147320009418763,0.0010733060007623862,4.302100023778621e-05,0.003439318999880925,0.0030680100812700986,0.0016726491167914637,0.6136020162540198,26.832848298264803,0.47993008098397627,False,nan,nan,False,False
1452,7.26,0.004965041000104975,0.0013076539999019587,7.063001248752698e-06,0.0009045410006365273,0.0009079970004677307,6.42100003460655e-05,0.0036147270002402365,0.0037174154027200296,0.0019726491167914584,0.743483080544006,26.832860209872127,0.4774207357322951,False,nan,nan,False,False
1453,7.265000000000001,0.0049915809995582094,0.001429050998922321,5.390000296756625e-06,0.0014355940002133138,0.0010664940000424394,4.231899947626516e-05,0.0035058740013482748,0.0040349443516189566,0.0020000000000000018,0.8069888703237912,17.922067322589136,0.7329954729412744,False,nan,nan,False,False
1454,7.2700000000000005,0.005007611000110046,0.0013423189993773121,5.449999662232585e-06,0.0009090590010600863,0.000917516001209151,6.580300032510422e-05,0.0035813449994748225,0.004069096907063663,0.0020000000000000018,0.8138193814127326,16.97280308016246,0.6538770497152063,False,nan,nan,False,False
1455,7.275,0.004992312000467791,0.0013450039987219498,5.521000275621191e-06,0.0014615220006817253,0.0009712850005598739,5.801900078949984e-05,0.003587977000279352,0.00411984940199278,0.0020000000000000018,0.823969880398556,7.367617858080492,0.8256897286178156,False,nan,nan,False,False
1456,7.28,0.005002901998523157,0.0012967340007890016,5.529998816200532e-06,0.0008131100003083702,0.0009309199995186646,4.9231999582843855e-05,0.003649641999800224,0.004058791440559279,0.0020000000000000018,0.8117582881118558,12.22040709192297,0.8032399107285663,False,nan,nan,False,False
1457,7.285,0.005014534001020365,0.0012796819992217934,5.230000169831328e-06,0.0014720519993716152,0.0009439950008527376,1.3846000001649372e-05,0.0036120120003033662,0.0040187529921047,0.0020000000000000018,0.80375059842094,12.023029905934225,0.8303059834594734,False,nan,nan,False,False
1458,7.29,0.004959239999152487,0.0012393070010148222,5.720999979530461e-06,0.0008140419995470438,0.0008678419999341713,4.788899968843907e-05,0.0037151649994484615,0.004004577572011995,0.0020000000000000018,0.8009155144023989,8.0194497868496,0.918866924848736,False,nan,nan,False,False
1459,7.295,0.005024973001127364,0.0013133859993104124,5.529998816200532e-06,0.0013052899994363543,0.0009631610009819269,4.193800123175606e-05,0.003615849000198068,0.0034017478448789924,0.0017000000000000348,0.6803495689757985,26.835688598436395,0.8640112086297747,False,nan,nan,False,False
1460,7.3,0.004997632999220514,0.001246750000063912,5.330000931280665e-06,0.000736116000553011,0.0008712180006114068,5.204700028116349e-05,0.0036832059995504096,0.0034766787919248456,0.0020000000000000018,0.6953357583849692,26.8328612691704,0.8904525740994718,False,nan,nan,False,False
1461,7.305,0.0050026919998344965,0.0013399640010902658,5.6799999583745375e-06,0.001903157999549876,0.000990882999758469,4.095700023754034e-05,0.0035866849993908545,0.003527539070328718,0.0020000000000000018,0.7055078140657435,18.38973427037267,0.4959487432572323,False,nan,nan,False,False
1462,7.3100000000000005,0.004994746001102612,0.0012468409986468032,5.300000339047983e-06,0.0007368170008703601,0.0008837120003590826,4.181800068181474e-05,0.0036876530011795694,0.0033742046825984604,0.0020000000000000018,0.674840936519692,20.785424875229673,0.8743075999394391,False,nan,nan,False,False
1463,7.315,0.005007430998375639,0.0013467270000546705,5.841000529471785e-06,0.0018919369995273883,0.0009849620000750292,5.275900002743583e-05,0.0035811050001939293,0.0029405624616471748,0.0017000000000000348,0.588112492329435,26.832817318259714,0.7669869615682485,False,nan,nan,False,False
1464,7.32,0.004999115000828169,0.0012636320007004542,5.821000740979798e-06,0.0007411049991787877,0.0009051319993886864,4.2409999878145754e-05,0.0036646909993578447,0.003006860707070151,0.0019227659125464758,0.6013721414140304,22.97729772099811,0.7236850450672159,False,nan,nan,False,False
1465,7.325,0.004993964999812306,0.0013561550003942102,5.420000888989307e-06,0.0012716270011878805,0.0009981149996747263,4.199800059723202e-05,0.00360019999970973,0.002772032789466827,0.001786091488592545,0.5544065578933655,26.832818210346066,0.36867739346900985,False,nan,nan,False,False
1466,7.33,0.005027597999287536,0.0012512190005509183,5.900999894947745e-06,0.0008840430000418564,0.000901905999853625,4.135800008953083e-05,0.0036520369994832436,0.003214468462509972,0.0020000000000000018,0.6428936925019944,25.479620319565512,0.6989144370121801,False,nan,nan,False,False
1467,7.335,0.004966955000782036,0.001622022000447032,5.46000046597328e-06,0.001982275998670957,0.001277808998565888,3.931399987777695e-05,0.0033180529990204377,0.002951966491966645,0.0020000000000000018,0.590393298393329,24.000004263461623,0.47212490870955454,False,nan,nan,False,False
1468,7.34,0.005010906999814324,0.0012564290009322576,5.539999619941227e-06,0.0008624820002296474,0.0009044200014614034,4.128700129513163e-05,0.003669349000119837,0.003357508449111,0.0020000000000000018,0.6715016898221999,24.000017344994355,0.7526021617778993,False,nan,nan,False,False
1469,7.345,0.0050064290007867385,0.0014056879990675952,6.2920007621869445e-06,0.0020027430000482127,0.0010409259994048625,5.121600042912178e-05,0.003517184000884299,0.0032208966094752016,0.0020000000000000018,0.6441793218950402,24.000005981627748,0.47854494296224875,False,nan,nan,False,False
1470,7.3500000000000005,0.005025884998758556,0.0012587130004249047,5.32000012753997e-06,0.0008937709990277654,0.0008972380001068814,4.120700032217428e-05,0.003668356999696698,0.0031930268058570476,0.0020000000000000018,0.6386053611714094,24.0008667895326,0.7602498565774346,False,nan,nan,False,False
1471,7.355,0.00500786100019468,0.0014143340013106354,6.3520001276629046e-06,0.002033662000030745,0.001048358999469201,4.3320998884155415e-05,0.0034727219990600133,0.003276707526274762,0.0020000000000000018,0.6553415052549524,24.00144466579259,0.5618302389154425,False,nan,nan,False,False
1472,7.36,0.004959200001394493,0.001282537999941269,5.940999471931718e-06,0.000860608999573742,0.000917594999918947,4.207799975119997e-05,0.0036470069990173215,0.0033404449497291674,0.0020000000000000018,0.6680889899458334,21.208181439809962,0.6401262085673389,False,nan,nan,False,False
1473,7.365,0.00500122899939015,0.0013549129998864373,5.539999619941227e-06,0.0020007500006613554,0.0010040570014098193,4.0626000554766506e-05,0.003574922999177943,0.003424810927219343,0.0020000000000000018,0.6849621854438684,20.801827074723864,0.6408334316210699,False,nan,nan,False,False
1474,7.37,0.00500412499968661,0.0012830979994760128,5.85100133321248e-06,0.0008675110002513975,0.0009271230010199361,4.219900074531324e-05,0.0036403550002432894,0.003139071970425415,0.0020000000000000018,0.627814394085083,24.463805319100775,0.6283517544540351,False,nan,nan,False,False
1475,7.375,0.004992152000340866,0.0013827749990014127,5.4700012697139755e-06,0.0019903299998986768,0.0010258580005029216,4.22590001107892e-05,0.0035488840003381483,0.00310535401432861,0.0020000000000000018,0.621070802865722,18.50602477253665,0.660495405164854,False,nan,nan,False,False
1476,7.38,0.0050021999995806254,0.0012626509997062385,5.619998773909174e-06,0.0008583649996580789,0.0009080370000447147,4.190800063952338e-05,0.003667846000098507,0.0029124161016345095,0.0020000000000000018,0.5824832203269019,24.012296586742455,0.6578165827368055,False,nan,nan,False,False
1477,7.385,0.004996900999685749,0.0013452250004775124,5.309000698616728e-06,0.0014246739992813673,0.000984661000984488,4.188900129520334e-05,0.0035755339995375834,0.0033504881887648904,0.0020000000000000018,0.670097637752978,24.006410278661832,0.6312911127523383,False,nan,nan,False,False
1478,7.390000000000001,0.004972376000296208,0.0010200659999100026,4.178000381216407e-06,0.0008607889994891593,0.0006539019996125717,4.6716999349882826e-05,0.003941598000892554,0.003283985497048769,0.0020000000000000018,0.6567970994097537,24.002811783694312,0.6067785100414502,False,nan,nan,False,False
1479,7.3950000000000005,0.005026275001000613,0.0015847119993850356,5.2699997468153015e-06,0.0019883460008713882,0.00123395699847606,4.295000144338701e-05,0.0033473580006102566,0.003361524346512527,0.0020000000000000018,0.6723048693025054,21.996584996022435,0.795347325686853,False,nan,nan,False,False
1480,7.4,0.00500654899951769,0.0012548760005302029,6.062000466044992e-06,0.0008660690000397153,0.0008949130005930783,4.2629000745364465e-05,0.003668106999612064,0.0034726286373573923,0.0020000000000000018,0.6945257274714784,23.259816314160737,0.5842591158918959,False,nan,nan,False,False
1481,7.405,0.004989226999896346,0.0014165169995976612,5.218998921918683e-06,0.0019825870003842283,0.0010751299996627495,4.201900082989596e-05,0.003518126999551896,0.003519883563353197,0.0020000000000000018,0.7039767126706394,20.79537476559375,0.6886821398797736,False,nan,nan,False,False
1482,7.41,0.005006588000469492,0.001238916000147583,5.5109994718804955e-06,0.0008576029995310819,0.0008738340002309997,4.361199898994528e-05,0.003691790998345823,0.0034748967965186734,0.0020000000000000018,0.6949793593037347,17.030266289454932,0.6334801645991235,False,nan,nan,False,False
1483,7.415,0.005000126999220811,0.0013396049998846138,5.410000085248612e-06,0.001991733000977547,0.000984952001090278,4.238899964548182e-05,0.003605710000556428,0.003468864955194345,0.0020000000000000018,0.6937729910388689,17.196171783578976,0.6894812811530466,False,nan,nan,False,False
1484,7.42,0.0050193930001114495,0.0012769370005116798,6.321999535430223e-06,0.0008793140004854649,0.0009091689989872975,4.258900116838049e-05,0.003640625998741598,0.003521817939700861,0.0020000000000000018,0.7043635879401722,20.78460969082564,0.653833462055615,False,nan,nan,False,False
1485,7.425,0.004986501000530552,0.0012877680001111003,5.940999471931718e-06,0.0020055590011907043,0.0009447359989280812,4.200799958198331e-05,0.003634403999967617,0.003608715118225449,0.0020000000000000018,0.7217430236450898,20.7846096908258,0.6782720276980972,False,nan,nan,False,False
1486,7.43,0.004991681998944841,0.0012298889996600337,5.359999704523943e-06,0.0008446890005870955,0.0008728520006116014,4.145700040680822e-05,0.0036980130007577827,0.00328374821317537,0.0017000000000000348,0.6567496426350741,29.393876913396458,0.7280226042642318,False,nan,nan,False,False
1487,7.4350000000000005,0.004993164000552497,0.0014016599998285528,5.289999535307288e-06,0.0014261960004660068,0.0010228020000795368,4.2208999730064534e-05,0.003538824999850476,0.003912632707313766,0.0020000000000000018,0.7825265414627531,26.158055248717574,0.759674164447343,False,nan,nan,False,False
1488,7.44,0.005011527999158716,0.0012582920007844223,5.9710000641644e-06,0.0008635949998279102,0.0009044300004461547,4.267999975127168e-05,0.0036944059993402334,0.004152617568797718,0.0020000000000000018,0.8305235137595436,18.369613254101687,0.6563785423116176,False,nan,nan,False,False
1489,7.445,0.0050343000002612825,0.0014665520011476474,6.321999535430223e-06,0.002027759999691625,0.0010820729985425714,4.142700163356494e-05,0.0034290200001123594,0.004256827343139714,0.0020000000000000018,0.8513654686279427,17.13007834327739,1.134851941562711,False,nan,nan,False,False
1490,7.45,0.004970312000295962,0.0012555670000438113,5.850999514223076e-06,0.0008642060001875507,0.0008987309993244708,4.238899964548182e-05,0.003670911999506643,0.00375494140681141,0.0017658399014223655,0.7509882813622819,25.268706469833223,0.8134596110659108,False,nan,nan,False,False
1491,7.455,0.0050236810002388665,0.0015748030000395374,7.07300023350399e-06,0.0020255460003681947,0.0011683140000968706,4.7749001168995164e-05,0.0033317479992547305,0.0038431345983375104,0.0020000000000000018,0.7686269196675021,15.084441120719045,0.8400779061012046,False,nan,nan,False,False
1492,7.46,0.004984556999261258,0.001357768000161741,6.062000466044992e-06,0.0008741540004848503,0.0009172249992843717,5.6164999477914535e-05,0.0035642530001496198,0.0031653690845800607,0.0017000000000000348,0.6330738169160122,27.563181483410172,0.5874642286958969,False,nan,nan,False,False
1493,7.465,0.0049995260014839005,0.0015093009988049744,5.920999683439732e-06,0.002009496000027866,0.0011538870003278134,4.542499846138526e-05,0.003412349000427639,0.00335107881740897,0.0020000000000000018,0.6702157634817939,23.718870448552927,0.9648946746514798,False,nan,nan,False,False
1494,7.47,0.004996910998670501,0.0013007710003876127,5.750998752773739e-06,0.0008635140002297703,0.0008760279997659381,5.5823998991400003e-05,0.0036328509995655622,0.0027119467630169957,0.0017000000000000348,0.542389352603399,29.393876913396348,0.7159744948983686,False,nan,nan,False,False
1495,7.4750000000000005,0.0050048250013787765,0.0014820910000707954,5.420999514171854e-06,0.0014367049989232328,0.0010919310007011518,4.3370999264880084e-05,0.0034369749992038123,0.003283846472840733,0.0020000000000000018,0.6567692945681466,24.173867227410962,1.0106251774958221,False,nan,nan,False,False
1496,7.48,0.004992552998373867,0.0012762360001943307,5.6009994295891374e-06,0.0008640449996164534,0.0008752859994274331,6.27370009169681e-05,0.0036547520012391033,0.0026688353420847703,0.0017000000000000348,0.533767068416954,27.1201564902249,0.49568299301066565,False,nan,nan,False,False
1497,7.485,0.005003553000278771,0.0013907800002925796,5.730000339099206e-06,0.0014364549988385988,0.0009768159998202464,4.352100040705409e-05,0.003539135999744758,0.0028687970428609515,0.0020000000000000018,0.5737594085721903,26.96688120446512,1.030602767649207,False,nan,nan,False,False
1498,7.49,0.0050054170005751075,0.0012601660000655102,5.481000698637217e-06,0.0008771290013100952,0.0008684130007168278,5.032399894844275e-05,0.003659259999039932,0.0023752756646166573,0.0017000000000000348,0.47505513292333146,26.83405580083434,0.41925515191379154,False,nan,nan,False,False
1499,7.495,0.005004515000109677,0.0014179310001054546,5.149999196873978e-06,0.001445923000574112,0.000990611999441171,4.409200118971057e-05,0.0034936609990836587,0.001988469816419981,0.0014000000000000679,0.39769396328399625,26.844060083448174,0.5929019079366232,False,nan,nan,False,False
1500,7.5,0.0049862409996421775,0.0012575809996633325,5.550999048864469e-06,0.0008614700000180164,0.0008729109995329054,4.890099990007002e-05,0.0036719740000989987,0.001779525127750575,0.001100000000000101,0.35590502555011505,26.86775173210601,0.3773020555939635,False,nan,nan,False,False
1501,7.505,0.005000207000193768,0.0014183610001055058,5.559999408433214e-06,0.0014329979985632235,0.0009745309998834273,4.3481000830070116e-05,0.003506725999613991,0.0018106438660880147,0.0012224023624742841,0.36212877321760295,26.835525903644186,0.39210244806203404,False,nan,nan,False,False
1502,7.51,0.0050001969993900275,0.0012700340012088418,5.891000910196453e-06,0.0008709579997230321,0.0008814180000626948,6.043299981683958e-05,0.0036605730001610937,0.002071302127886135,0.0015224023624744731,0.4142604255772269,26.83996403804529,0.38682698249537883,False,nan,nan,False,False
1503,7.515000000000001,0.005020585000238498,0.0017192340001201956,6.6519987740321085e-06,0.0014552409993484616,0.0012514090012700763,4.503399941313546e-05,0.003186907999406685,0.0024904639234224362,0.00182240236247444,0.4980927846844873,26.832823198118096,0.48344280594367595,False,nan,nan,False,False
1504,7.5200000000000005,0.0049827149996417575,0.0012718470006802818,5.870999302715063e-06,0.0008731429988984019,0.0008748849995754426,5.210699964663945e-05,0.003652878000139026,0.0029171796515924586,0.0020000000000000018,0.5834359303184917,25.02929253886287,0.4061391419009054,False,nan,nan,False,False
1505,7.525,0.004995989000235568,0.0014259550007409416,5.289999535307288e-06,0.0014337100001284853,0.001063367999449838,4.293100028007757e-05,0.0035003439988940954,0.003295241267374307,0.0020000000000000018,0.6590482534748614,24.000033604128053,0.5266789046023199,False,nan,nan,False,False
1506,7.53,0.004999996001060936,0.0013031660000706324,5.841000529471785e-06,0.0008655389992782148,0.0008485069993184879,5.2968998716096394e-05,0.0036312789998191874,0.00357109856666999,0.0020000000000000018,0.7142197133339979,20.809323503298234,0.5201787340795819,False,nan,nan,False,False
1507,7.535,0.005005757999242633,0.0014645169994764728,5.7010001910384744e-06,0.0014400929994735634,0.0010676950005290564,5.328999941411894e-05,0.0034570930001791567,0.00378908956689759,0.0020000000000000018,0.7578179133795179,17.695511291429487,0.7301915320020135,False,nan,nan,False,False
1508,7.54,0.004998353000701172,0.0012611179990926757,5.821000740979798e-06,0.0008729710007173708,0.0008756469997024396,5.09450001118239e-05,0.0036644499996327795,0.0038374738642114707,0.0020000000000000018,0.7674947728422942,20.78585631164982,0.6168976414717796,False,nan,nan,False,False
1509,7.545,0.005015204998926492,0.0016573690008954145,5.469999450724572e-06,0.0014507620016956935,0.0012866849992860807,4.4222999349585734e-05,0.003248962999350624,0.0039541357424173005,0.0020000000000000018,0.7908271484834599,20.784679253163592,0.8143039300908065,False,nan,nan,False,False
1510,7.55,0.004979769000783563,0.00124470700029633,5.661000614054501e-06,0.0008688239995535696,0.0008651970001665177,4.717800038633868e-05,0.0036864809990220238,0.003994509237979626,0.0020000000000000018,0.7989018475959252,21.455795696199363,0.7743393748726456,False,nan,nan,False,False
1511,7.555,0.0050046350006596185,0.0014578049995179754,5.470999894896522e-06,0.00144218599962187,0.0011127710004075198,4.402300146466587e-05,0.003466419999313075,0.003847543517110327,0.0020000000000000018,0.7695087034220653,17.43731180723824,0.7610627549212416,False,nan,nan,False,False
1512,7.5600000000000005,0.004997291998733999,0.0012826080001104856,5.500000042957254e-06,0.0008625120008218801,0.0008758570002100896,6.410999958461616e-05,0.003646797000328661,0.0040430535138681395,0.0020000000000000018,0.8086107027736279,16.987299584050533,0.7160522033603272,False,nan,nan,False,False
1513,7.565,0.005003002001103596,0.001402782998411567,5.590000000665896e-06,0.0014504909995594062,0.001024013999995077,4.3120999180246145e-05,0.0035305990004417254,0.0038475503290546697,0.0020000000000000018,0.7695100658109338,16.971413544219836,0.6565927122822784,False,nan,nan,False,False
1514,7.57,0.005006489000152214,0.001271957999051665,6.081998435547575e-06,0.0008833409992803354,0.0008639749994472368,5.2397999752429314e-05,0.0036504130002867896,0.003690666379280832,0.0020000000000000018,0.7381332758561664,16.97396405337654,0.7775201862634407,False,nan,nan,False,False
1515,7.575,0.005013601999962702,0.0014309449998108903,6.1420014390023425e-06,0.001452103999326937,0.0010647400013112929,4.2748999476316385e-05,0.0034712790002231486,0.003461785750714211,0.0020000000000000018,0.6923571501428423,24.014133076538737,0.7725389870739057,False,nan,nan,False,False
1516,7.58,0.004975400999683188,0.0012749229990731692,5.810999937239103e-06,0.0008665700006531551,0.0008902139998099301,5.21869988006074e-05,0.003657557001133682,0.003095507466114521,0.0020000000000000018,0.6191014932229042,22.071721375871174,0.8729311671196395,False,nan,nan,False,False
1517,7.585,0.005002812000384438,0.0014086529990890995,5.570000212173909e-06,0.0014355639996210812,0.0010542500003793975,4.298000021663029e-05,0.0035304890006955247,0.003299868179788978,0.0020000000000000018,0.6599736359577956,23.87265997010355,0.7370061533553873,False,nan,nan,False,False
1518,7.59,0.0050143629996455275,0.001263301999642863,5.8610003179637715e-06,0.0008745850009290734,0.0008658580009068828,5.1036000513704494e-05,0.003654199999800767,0.003596390596533934,0.0020000000000000018,0.7192781193067868,24.000473540266313,0.8502277093796117,False,nan,nan,False,False
1519,7.595,0.005017348999899696,0.001424132000465761,5.23999915458262e-06,0.0014699579987791367,0.0010531789994274732,4.200900002615526e-05,0.00346918499963067,0.003626076429234511,0.0020000000000000018,0.7252152858469022,16.975063826044085,0.9735219478846242,False,nan,nan,False,False
1520,7.6000000000000005,0.004967725999449613,0.0012503580001066439,5.570000212173909e-06,0.0008681129984324798,0.0008677120003994787,4.801999966730364e-05,0.00367751399971894,0.0032200253283756384,0.0017000000000000348,0.6440050656751277,26.88224670985122,0.7979101761461613,False,nan,nan,False,False
1521,7.605,0.005018121000830433,0.0014349819994095014,5.480000254465267e-06,0.0014595479988201987,0.0010799479987326777,4.24899990321137e-05,0.003472420999969472,0.0029132923741904517,0.0015999999999999973,0.5826584748380903,26.83294939542157,0.740393769048932,False,nan,nan,False,False
1522,7.61,0.004979908999303007,0.0012426030007191002,5.5300006351899356e-06,0.0008602380003139842,0.0008629230014776113,4.720800097857136e-05,0.0036893359992973274,0.00269539185760669,0.001700000000000007,0.5390783715213381,26.846435315101196,0.5557818013857928,False,nan,nan,False,False
1523,7.615,0.005016928000259213,0.00141969399919617,5.23999915458262e-06,0.001449099001547438,0.0010351149994676234,4.3210999137954786e-05,0.0034887620004155906,0.0031116668039803735,0.0020000000000000018,0.6223333607960747,24.34793398847331,0.49221850659042965,False,nan,nan,False,False
1524,7.62,0.004981281999789644,0.001260155000636587,5.650999810313806e-06,0.0008611899993411498,0.000863373999891337,4.987399915989954e-05,0.00367167399963364,0.002995134876467697,0.0018174903200134512,0.5990269752935394,26.876517422763534,0.5229933358646419,False,nan,nan,False,False
1525,7.625,0.00500664900027914,0.0014620229994761758,5.450001481221989e-06,0.0014253150002332404,0.0011138419995404547,4.3681000533979386e-05,0.0034604190004756674,0.0031043757270575556,0.0018838761122734332,0.6208751454115111,21.93115429413562,0.790360656363182,False,nan,nan,False,False
1526,7.63,0.00499650999881851,0.0012716270011878805,5.560999852605164e-06,0.0008660389994474826,0.0008800960004009539,5.186700036574621e-05,0.0036559139989549294,0.002486621133381541,0.0015838761122734385,0.49732422667630827,26.887558036101975,0.6488096936578731,False,nan,nan,False,False
1527,7.635,0.005013592000977951,0.001480697999795666,5.199999577598646e-06,0.0014531369997712318,0.0011204940001334762,5.7627001297078095e-05,0.003430902999753016,0.002297036077886268,0.0014000000000000679,0.45940721557725356,25.63397070432497,0.6739164830230386,False,nan,nan,False,False
1528,7.640000000000001,0.00498648100074206,0.0012565789984364528,5.609999789157882e-06,0.0008679429993208032,0.0008735529991099611,4.895100028079469e-05,0.003669830000944785,0.002337940250971728,0.0016587624512975352,0.4675880501943456,26.86101873693156,0.40007813728954,False,nan,nan,False,False
1529,7.6450000000000005,0.005009584998333594,0.0014448810015892377,6.7230012064101174e-06,0.0014465039985225303,0.0010864310006581945,4.353099939180538e-05,0.0034726009998848895,0.002326974985903382,0.0014000000000000679,0.4653949971806764,24.16168135620939,0.5315343261238351,False,nan,nan,False,False
1530,7.65,0.0049915010004042415,0.0012755640000250423,5.249999958323315e-06,0.00031865599885350093,0.0008774000016273931,5.182699896977283e-05,0.0036524580009427154,0.0021828763166035856,0.0016587624512975352,0.436575263320717,26.83572818722671,0.49617637691967587,False,nan,nan,False,False
1531,7.655,0.005000687000574544,0.0014932319991203258,5.5300006351899356e-06,0.0014356829997268505,0.0011501799999678042,4.361100036476273e-05,0.0034317250010644784,0.0017391506434364884,0.0013587624512975266,0.34783012868729773,26.832946932923072,0.5398035575991695,False,nan,nan,False,False
1532,7.66,0.004999034999855212,0.0012545859990495956,5.730000339099206e-06,0.0008680730006744852,0.0008777699986239895,4.298000021663029e-05,0.0036728250015585218,0.0014779515369906014,0.0010587624512975319,0.2955903073981203,26.83282057614349,0.37503514337806254,False,nan,nan,False,False
1533,7.665,0.005016678000174579,0.0013879750003980007,5.230000169831328e-06,0.001968569999007741,0.0010309370009053964,4.288999843993224e-05,0.0035170439987268765,0.0014980110619188171,0.0010000000000000009,0.2996022123837634,26.832851388307393,0.23519885985069028,False,nan,nan,False,False
1534,7.67,0.004976852998879622,0.001230010000654147,5.769999916083179e-06,0.0007975309999892488,0.000865948999489774,4.2179000956821255e-05,0.0036979729993618093,0.001789897545610144,0.0012999999999999956,0.35797950912202886,26.83282318597997,0.27712604033108956,False,nan,nan,False,False
1535,7.675,0.005017099001634051,0.001437667999198311,5.8610003179637715e-06,0.0018755059991235612,0.0010943659999611555,4.143700061831623e-05,0.003475986999546876,0.002250206765495686,0.0016000000000000042,0.4500413530991372,26.832845025658262,0.18638270105116517,False,nan,nan,False,False
1536,7.68,0.004986170999472961,0.0012573099993460346,5.40000110049732e-06,0.0007987940007296856,0.000866729998961091,4.2649999159039e-05,0.003667205000965623,0.0027969851805424613,0.001899999999999999,0.5593970361084922,26.832826706912353,0.3296294873837939,False,nan,nan,False,False
1537,7.6850000000000005,0.004997230998924351,0.0014637270014645765,5.279998731566593e-06,0.0018606480007292703,0.00112272900150856,4.24190002377145e-05,0.0034657779997360194,0.0032623338862192712,0.0020000000000000018,0.6524667772438543,24.331051808239,0.5316737043930373,False,nan,nan,False,False
1538,7.69,0.005002552001315053,0.0012484340004448313,5.5199998314492404e-06,0.0007981819999258732,0.0008690750000823755,4.222899951855652e-05,0.0036769029993592994,0.0035407523925549663,0.0020000000000000018,0.7081504785109932,20.78677023926541,0.43635686475193874,False,nan,nan,False,False
1539,7.695,0.004997291000108817,0.0014559419996658107,1.3564998880610801e-05,0.0018705170004977845,0.0010907089999818709,4.328099930717144e-05,0.0034728619993984466,0.0038653744062648963,0.0020000000000000018,0.7730748812529792,20.784611213124077,0.7597517281360578,False,nan,nan,False,False
1540,7.7,0.004999796999982209,0.0012634009999601403,5.559999408433214e-06,0.0007887140000093495,0.0008919870015233755,5.2548999519785866e-05,0.0036656829997809837,0.004172399674213998,0.0020000000000000018,0.8344799348427996,18.50187232907682,0.5882229142698903,False,nan,nan,False,False
1541,7.705,0.005003712998586707,0.0014418460013985168,5.881000106455758e-06,0.0018681830006244127,0.0010860309994313866,4.31909993494628e-05,0.0034850539996114094,0.004323617598620811,0.0020000000000000018,0.8647235197241622,12.65004526154501,0.8093185649632453,False,nan,nan,False,False
1542,7.71,0.004998694001187687,0.0012095210004190449,5.289999535307288e-06,0.0007921699998405529,0.00086951599951135,4.208899918012321e-05,0.0037174699991737725,0.004446167387503157,0.0020000000000000018,0.8892334775006313,12.000216777725313,0.7974205356884928,False,nan,nan,False,False
1543,7.715,0.005001609999453649,0.001465749999624677,5.410000085248612e-06,0.0018566409999039024,0.0010936139988189097,4.362099934951402e-05,0.003462032000243198,0.004472137454137461,0.0020000000000000018,0.8944274908274922,2.358213380782123,0.8886501796201843,False,nan,nan,False,False
1544,7.72,0.004998794000130147,0.0012882179998996435,5.669999154633842e-06,0.0007873810009186855,0.0009153610008070245,4.2520001443335786e-05,0.0036397540006873896,0.0042166384394653825,0.0020000000000000018,0.8433276878930764,16.97524311145935,0.8747683015159856,False,nan,nan,False,False
1545,7.7250000000000005,0.005001679999622866,0.0013950880002084887,5.8610003179637715e-06,0.0018696539991651662,0.0010413760010123951,4.313099998398684e-05,0.003531241000018781,0.004472138321678097,0.0020000000000000018,0.8944276643356193,16.970699339065554,0.8959782695500731,False,nan,nan,False,False
1546,7.73,0.005000588000257267,0.0012414200009516208,5.490999683388509e-06,0.0007956380013638409,0.0008684530002938118,4.7639001422794536e-05,0.003681060999952024,0.004472136128476431,0.0020000000000000018,0.894427225695286,0.1342100612189358,0.8695651468634639,False,nan,nan,False,False
1547,7.735,0.004995338000298943,0.0014305740005511325,5.529998816200532e-06,0.0018615700009831926,0.0010888659999181982,4.142699981457554e-05,0.003497567999147577,0.004348305903441193,0.0020000000000000018,0.8696611806882386,13.15129354223695,1.161036242237445,False,nan,nan,False,False
1548,7.74,0.004999966000468703,0.0012350489996606484,5.669999154633842e-06,0.0007935129997349577,0.0008766189985180972,4.143799924349878e-05,0.003692443000545609,0.0042184330768531945,0.0020000000000000018,0.8436866153706389,20.788524050354027,0.9014607340667784,False,nan,nan,False,False
1549,7.745,0.005001860999982455,0.0014498999989882577,5.649999366141856e-06,0.001863884999693255,0.0010889360000874149,4.3591000576270744e-05,0.003479474000414484,0.004097021667242762,0.0020000000000000018,0.8194043334485523,20.80297162165065,0.6933768424448243,False,nan,nan,False,False
1550,7.75,0.005004123999242438,0.0013545820002036635,5.541000064113177e-06,0.0007111489994713338,0.0009278939996875124,4.285000068193767e-05,0.0035691720004251692,0.004050786064153782,0.0020000000000000018,0.8101572128307563,17.251651572271694,0.6837883546223902,False,nan,nan,False,False
1551,7.755,0.004997652000383823,0.0014410439998755464,5.580999641097151e-06,0.0017831530003604712,0.0010856890003196895,4.1778001104830764e-05,0.0034860060004575644,0.0037355486719177736,0.0019255547624763558,0.7471097343835548,17.981264785049063,0.8609361601918347,False,nan,nan,False,False
1552,7.76,0.0050004069998976775,0.0013898790002713213,5.780999345006421e-06,0.0006276230014918838,0.0008739129989407957,4.4243000957067125e-05,0.003545466999639757,0.0036959931965725897,0.0020000000000000018,0.7391986393145179,23.2421819679632,0.7844903522252803,False,nan,nan,False,False
1553,7.765000000000001,0.005110342999614659,0.001221313001224189,6.222000592970289e-06,4.24190002377145e-05,0.0008485260004817974,4.31910011684522e-05,0.0035950109995610546,0.0031786742785050166,0.0017000000000000348,0.6357348557010034,22.704017348317993,0.5642257416186055,False,nan,nan,False,False
1554,7.7700000000000005,0.004889019000984263,0.0013820240001223283,5.5799991969252005e-06,0.0005608980009128572,0.0008635949998279102,4.357100078777876e-05,0.0035629599988169502,0.00311716644924343,0.0020000000000000018,0.623433289848686,26.375752348738093,0.7783078011883671,False,nan,nan,False,False
1555,7.775,0.005041393998908461,0.001406650000717491,8.11500103736762e-06,0.0016208500001084758,0.0010180429999309126,4.572500074573327e-05,0.003479373999653035,0.002660748062365487,0.0017000000000000348,0.5321496124730974,24.902737057886583,0.4840718292446293,False,nan,nan,False,False
1556,7.78,0.004960944001140888,0.0013346849991648924,5.960999260423705e-06,0.0005380260008678306,0.0008796839993010508,4.473300032259431e-05,0.0036449340004764963,0.0024137539941760833,0.0014000000000000679,0.48275079883521665,24.170506280848397,0.7329080344743316,False,nan,nan,False,False
1557,7.785,0.005273026999930153,0.002367154998864862,1.7423000826966017e-05,0.0019451759999356,0.001797381000869791,4.5265000153449364e-05,0.002284160000272095,0.0017984543315765764,0.001100000000000101,0.35969086631531527,27.02874821332752,0.5033723105352076,False,nan,nan,False,False
1558,7.79,0.004725803999463096,0.0012801030006812653,5.860998498974368e-06,0.0009805230001802556,0.0008723009996174369,4.981299935025163e-05,0.003652908999356441,0.0015495922658941114,0.0009979088201095276,0.3099184531788223,27.59195021987703,0.5674942612194469,False,nan,nan,False,False
1559,7.795,0.005008612999517936,0.0014447200010181405,5.720999979530461e-06,0.0015425530000356957,0.001055452999935369,5.382100061979145e-05,0.003475035999144893,0.0011115450499730093,0.0006979088201095607,0.22230900999460185,27.816109431579815,0.41684296548381383,False,nan,nan,False,False
1560,7.8,0.004996900999685749,0.0014593080013582949,5.609999789157882e-06,0.0009818550006457372,0.0009172739992209245,4.505399920162745e-05,0.00346207099937601,0.0010208605537900364,0.0008410654289895264,0.20417211075800729,29.173855477298634,0.22677631182800967,False,nan,nan,False,False
1561,7.805000000000001,0.0049932340007217135,0.0015738120000605704,5.871001121704467e-06,0.0015248810013872571,0.0011742249989765696,4.3460999222588725e-05,0.0033515449995320523,0.0012864884250388046,0.0011410654289895211,0.25729768500776096,27.130818329916185,0.2071040814729975,False,nan,nan,False,False
1562,7.8100000000000005,0.0049986140002147295,0.0013023539995629108,6.332000339170918e-06,0.0007910490003268933,0.0009136680000665365,5.181699998502154e-05,0.0036300659994594753,0.0017852763174893672,0.0014410654289895158,0.3570552634978735,27.653969096758285,0.3226136633950329,False,nan,nan,False,False
1563,7.815,0.00500314199962304,0.0015524520003964426,5.399999281507917e-06,0.0018661789999896428,0.0012014460007776506,4.207900019537192e-05,0.0033738269994501024,0.002377576737761002,0.0017410654289895244,0.4755153475522005,27.506396534281265,0.4547901990458211,False,nan,nan,False,False
1564,7.82,0.005000847999326652,0.0013218110016168794,5.89099909120705e-06,0.0007576860007247888,0.0009266920005757129,6.0783999288105406e-05,0.0036078749999433057,0.0029716681638485387,0.0020000000000000018,0.5943336327697076,26.173210509777338,0.36514113844581514,False,nan,nan,False,False
1565,7.825,0.00500473600004625,0.0015927370004646946,4.999999873689376e-06,0.0018162449996452779,0.00123948699911125,4.356200042821001e-05,0.003327701000671368,0.003429345712843605,0.0020000000000000018,0.6858691425687211,24.091526691083043,0.6603806665697121,False,nan,nan,False,False
1566,7.83,0.004998143000193522,0.0012953210007253801,5.810999937239103e-06,0.002858002999346354,0.0009212320001097396,4.2919999032164924e-05,0.003624446000685566,0.003907249760621182,0.0020000000000000018,0.7814499521242364,23.84039618907055,0.5109743598199649,False,nan,nan,False,False
1567,7.835,0.005000197001209017,0.001552873000036925,5.881000106455758e-06,0.0015882589996181196,0.0011873389994434547,4.390199865156319e-05,0.0033670039993012324,0.004153825978700282,0.0020000000000000018,0.8307651957400565,26.83281572999561,0.8018759162840033,False,nan,nan,False,False
1568,7.84,0.0049923619990295265,0.0014685759997519199,5.4299998737405986e-06,0.0008865969994076295,0.0009796410013223067,4.511400038609281e-05,0.0034577830010675825,0.004493984891509567,0.0020000000000000018,0.8987969783019133,19.844324528761955,0.6060505030769279,False,nan,nan,False,False
1569,7.845,0.00499480700091226,0.001467583999328781,5.029000021750107e-06,0.0019536330000846647,0.0011074800004280405,4.292999983590562e-05,0.0034818179992726073,0.0044848932465726,0.0020000000000000018,0.8969786493145201,4.182859543657649,0.7912056140316783,False,nan,nan,False,False
1570,7.8500000000000005,0.00502542399954109,0.0013748809997196076,5.599998985417187e-06,0.0008649659994262038,0.0009711949987831758,4.62160005554324e-05,0.003532271999574732,0.004474612711581653,0.0020000000000000018,0.8949225423163305,7.567037688773078,0.7865497629930385,False,nan,nan,False,False
1571,7.855,0.004978417000529589,0.0014690759999211878,5.390000296756625e-06,0.0019115129998681368,0.001104414999645087,4.267899930709973e-05,0.0034587859991006553,0.004348889937258724,0.0020000000000000018,0.8697779874517447,16.970562748476205,0.7727174104678642,False,nan,nan,False,False
1572,7.86,0.0049974019984802,0.0013317690008989302,5.570000212173909e-06,0.000770070000726264,0.0009596239997335942,4.257000000507105e-05,0.0035976750004920177,0.0037045281014094706,0.0017000000000000348,0.7409056202818941,29.39387691339646,0.870451684602144,False,nan,nan,False,False
1573,7.865,0.005004394000934553,0.001408973999787122,5.91100069868844e-06,0.0018520319990784628,0.001052667999829282,4.423300015332643e-05,0.003525591000652639,0.0031232104174336458,0.0014492170609303745,0.6246420834867291,28.646593725003562,0.8828404654753635,False,nan,nan,False,False
1574,7.87,0.0050158470003225375,0.0013901279999117833,6.402000508387573e-06,0.0007686370008741505,0.0009729889989102958,5.2989000323577784e-05,0.0035350079997442663,0.00280067580525729,0.001700000000000007,0.560135161051458,26.833847421871415,0.8026010509616113,False,nan,nan,False,False
1575,7.875,0.0050071900004695635,0.001587236998602748,5.9610010794131085e-06,0.001877269000033266,0.0010984239997924305,4.5485001464840025e-05,0.0033265980000578566,0.002465322963066927,0.0014492170609303745,0.49306459261338537,26.93552274638875,0.5794072101767542,False,nan,nan,False,False
1576,7.88,0.0050220079992868705,0.0014375669998116791,6.110998583608307e-06,0.0007248950005305232,0.0010308559994882671,5.3019000915810466e-05,0.003466919999482343,0.0020467834275314733,0.0011492170609301855,0.40935668550629467,29.3938769134002,0.7942696912217562,False,nan,nan,False,False
1577,7.885,0.004990097000700189,0.0015905639993434306,6.100999598857015e-06,0.0018016979993262794,0.0010819819999596803,4.6125998778734356e-05,0.003310527999929036,0.0023215906080686576,0.0014492170609303745,0.4643181216137315,27.99310042460489,0.7424866312141437,False,nan,nan,False,False
1578,7.890000000000001,0.004983886999980314,0.001504091998867807,6.141999620012939e-06,0.0006454659996961709,0.0010825039989867946,4.516400076681748e-05,0.0034224169994558906,0.002039834627404987,0.0011492170609301855,0.4079669254809974,29.393876913400202,0.5007254580877543,False,nan,nan,False,False
1579,7.8950000000000005,0.005029521998949349,0.001496656999734114,7.92399987403769e-06,0.0017332299994450295,0.0010823230004461948,4.408200038596988e-05,0.00338726200061501,0.002161279282269029,0.0014492170609303745,0.43225585645380576,29.39387691340042,0.6808535029074748,False,nan,nan,False,False
1580,7.9,0.004964821000612574,0.0014876309996907366,6.262000169954263e-06,0.000543124999239808,0.0009781890003068838,4.5405000491882674e-05,0.0034353909995843424,0.0017552564790252847,0.0011492170609301855,0.351051295805057,29.393876913399975,0.4609768075785969,False,nan,nan,False,False
1581,7.905,0.005003231999580748,0.0014547499995387625,6.130998372100294e-06,0.0017075610012398101,0.0010678569997253362,4.42729997303104e-05,0.003453145000094082,0.00213019033654081,0.0014492170609303745,0.42603806730816207,28.878574744287878,0.652181949012301,False,nan,nan,False,False
1582,7.91,0.004980269999578013,0.0014607709999836516,5.900999894947745e-06,0.0005392879993451061,0.0009704339991003508,4.260000059730373e-05,0.003474344001006102,0.0020417435357130715,0.0016000000000000458,0.4083487071426143,29.393876913400423,0.37232649096992637,False,nan,nan,False,False
1583,7.915,0.005006708999644616,0.0014663110014225822,5.931000487180427e-06,0.0016129850009747315,0.0010913509995589266,4.3031001041526906e-05,0.0034578939994389657,0.0024693543427162933,0.0019000000000000128,0.4938708685432587,29.39387691339997,0.6388266459769911,False,nan,nan,False,False
1584,7.92,0.004996360001314315,0.0015128879986150423,5.591000444837846e-06,0.0009902010006044293,0.0009745409988681786,4.522500057646539e-05,0.003413892000025953,0.0025154416674637438,0.0020000000000000018,0.5030883334927487,24.37448808521964,0.26247376712808684,False,nan,nan,False,False
1585,7.925,0.004998653999791713,0.0014620530000684084,5.5199998314492404e-06,0.0015203220009425422,0.0011034420003852574,4.212900057609659e-05,0.003468733999397955,0.002628739353660622,0.0020000000000000018,0.5257478707321243,26.832815729996103,0.6493682054888087,False,nan,nan,False,False
1586,7.930000000000001,0.0050011290004476905,0.0013513959984265966,5.720999979530461e-06,0.0009241169991582865,0.0009563380008330569,4.369199996290263e-05,0.003582557001209352,0.002861535655779337,0.0020000000000000018,0.5723071311558675,26.832815729996103,0.48231447237807995,False,nan,nan,False,False
1587,7.9350000000000005,0.0050019499994959915,0.001512938999439939,5.350000719772652e-06,0.001428110001143068,0.0011492779995023739,4.3792000724351965e-05,0.00341488300000492,0.0031940092983219898,0.0020000000000000018,0.6388018596643978,24.003703450862012,0.6467984652054741,False,nan,nan,False,False
1588,7.94,0.004999335998945753,0.0013538300008804072,5.7010001910384744e-06,0.0008432270005869213,0.0009620789987820899,4.3652000385918655e-05,0.0035769170008279616,0.003596970200241899,0.0020000000000000018,0.7193940400483798,26.832815730000075,0.562183908129513,False,nan,nan,False,False
1589,7.945,0.005003353000574862,0.0014631039994128514,5.480000254465267e-06,0.0019771970000874717,0.0011057360006816452,4.2098999983863905e-05,0.003459227000348619,0.0038344015080128595,0.0020000000000000018,0.7668803016025719,21.540659228536583,0.6740836473815424,False,nan,nan,False,False
1590,7.95,0.004994045000785263,0.0013440530001389561,5.410000085248612e-06,0.0008371849999093683,0.0009511080006632255,4.557499960355926e-05,0.003581514998586499,0.003954515725272579,0.0020000000000000018,0.7909031450545158,20.784609690825,0.6076775551173796,False,nan,nan,False,False
1591,7.955,0.004993564998585498,0.00138638099997479,5.800999133498408e-06,0.0019629890011856332,0.0010044379996543285,4.370100032247137e-05,0.0035477320016070735,0.0039018833715384876,0.0020000000000000018,0.7803766743076975,21.166010488515926,0.77432481057527,False,nan,nan,False,False
1592,7.96,0.005005717001040466,0.0013856299992767163,5.740999768022448e-06,0.0008408519988734042,0.000948001999859116,5.25779996678466e-05,0.003551699001036468,0.003814695699048324,0.0020000000000000018,0.7629391398096648,17.086615895205455,0.6829859406690149,False,nan,nan,False,False
1593,7.965,0.005021926999688731,0.0015899930003797635,6.2609997257823125e-06,0.00200772300013341,0.001186718000099063,4.530499973043334e-05,0.003326567999465624,0.003975696757376758,0.0020000000000000018,0.7951393514753514,20.784609690830926,0.7591911069993575,False,nan,nan,False,False
1594,7.97,0.004998002999855089,0.0015656270006729756,6.311000106506981e-06,0.0008831510003801668,0.000981314999080496,4.504400021687616e-05,0.0033513549988128943,0.003814695699048324,0.0020000000000000018,0.7629391398096648,20.78460969083093,0.7854991767024011,False,nan,nan,False,False
1595,7.9750000000000005,0.004997472000468406,0.0015074080001795664,6.300999302766286e-06,0.001991392999116215,0.0011474549992271932,4.426200030138716e-05,0.003404003000468947,0.003878482790236879,0.0020000000000000018,0.7756965580473757,12.820996451832237,0.9637895062371556,False,nan,nan,False,False
1596,7.98,0.004986390998965362,0.0013940660010121064,6.201000360306352e-06,0.0008505700006935513,0.000986113998806104,4.6146000386215746e-05,0.0035400579999986803,0.0037412589134897772,0.0020000000000000018,0.7482517826979553,22.24947608674407,0.6651303852054393,False,nan,nan,False,False
1597,7.985,0.00500664000173856,0.0014093739991949406,5.539999619941227e-06,0.001876997999715968,0.0010506540002097609,4.387199987831991e-05,0.0035100620007142425,0.003221437310891905,0.001745074901007948,0.644287462178381,24.127237226118293,0.7704490944759195,False,nan,nan,False,False
1598,7.99,0.004990738998458255,0.0013667250004800735,5.681000402546488e-06,0.0007520159997511655,0.0009678900005383184,4.409200118971057e-05,0.0035853120007232064,0.003616109067052028,0.0020000000000000018,0.7232218134104057,21.509452076464566,0.80443261150574,False,nan,nan,False,False
1599,7.995,0.0050223280013597105,0.0015041919996292563,5.690999387297779e-06,0.0013660630011145258,0.000980413000434055,4.255900057614781e-05,0.0034013780004897853,0.0035445871753880566,0.0020000000000000018,0.7089174350776113,21.007065221520847,0.7421955403955561,False,nan,nan,False,False
1600,8.0,0.004978646999006742,0.0013392029995884513,5.46000046597328e-06,0.0007424079994962085,0.0009515580004517687,4.3081001422251575e-05,0.0035954720005975105,0.003644599676743677,0.0020000000000000018,0.7289199353487353,22.54886567354441,0.7086706297672714,False,nan,nan,False,False
1601,8.005,0.005013402000258793,0.0014767299999220995,6.551999831572175e-06,0.001869024001280195,0.0010987540008500218,4.4473999878391623e-05,0.003436985000007553,0.0030110178613901844,0.0017000000000000348,0.6022035722780369,26.9841723918782,0.7827573983406413,False,nan,nan,False,False
1602,8.01,0.004987754000467248,0.0013538499988499098,5.759999112342484e-06,0.0008480249998683576,0.000956257001234917,4.298999920138158e-05,0.0035756739998760168,0.003107831184533688,0.0020000000000000018,0.6215662369067374,26.8330762634806,0.7020144521127107,False,nan,nan,False,False
1603,8.015,0.004998622998755309,0.0014984920017013792,5.309999323799275e-06,0.001996021001104964,0.0011262360003456706,4.206900121062063e-05,0.003434799999013194,0.003054800511324774,0.0020000000000000018,0.6109601022649548,24.559803521713107,0.34596285767677787,False,nan,nan,False,False
1604,8.02,0.005012671001168201,0.0015018670001154533,5.820998921990395e-06,0.0008519129987689666,0.0009666869991633575,4.3431999074527994e-05,0.0034126499995181803,0.0025614959727961214,0.0017000000000000348,0.5122991945592243,26.83587918698366,0.7026587919925359,False,nan,nan,False,False
1605,8.025,0.00498576999962097,0.001444891000573989,5.540001438930631e-06,0.001960846000656602,0.0010870019996218616,4.420299956109375e-05,0.0034848239993152674,0.0025121935122925324,0.0016823643113736686,0.5024387024585064,26.528502339656296,0.585663869585161,False,nan,nan,False,False
1606,8.03,0.005000678000214975,0.0015089600001374492,5.410000085248612e-06,0.0008435460003966,0.0009548449997964781,0.00021255799947539344,0.0034192019993497524,0.0023440557566997023,0.00138236431137366,0.4688111513399405,24.010684570133566,0.5550462070063233,False,nan,nan,False,False
1607,8.035,0.005001178000384243,0.0014872009996906854,5.399999281507917e-06,0.0019294169997010613,0.0011299829984636744,4.2298999687773176e-05,0.003439338999669417,0.002543607440246553,0.0014000000000000679,0.5087214880493105,25.12047736517989,0.5142362156053805,False,nan,nan,False,False
1608,8.040000000000001,0.004998655000235885,0.001451091999115306,5.29999852005858e-06,0.0004183830005786149,0.0009675180008343887,4.403200000524521e-05,0.003475968000202556,0.002608226895484551,0.0015393558640596702,0.5216453790969101,24.426790038684125,0.7019666739400762,False,nan,nan,False,False
1609,8.045,0.004994204999093199,0.0013765740004600957,5.339999916031957e-06,0.0019711349996214267,0.0010123219999513822,4.282000008970499e-05,0.003557399999408517,0.00310544592351027,0.0018393558640596719,0.621089184702054,26.39157763853815,0.6588922772364825,False,nan,nan,False,False
1610,8.05,0.005004926000765408,0.0012895410000055563,5.23999915458262e-06,0.0008581040001445217,0.0009091500014619669,5.2397999752429314e-05,0.003639262999058701,0.002842496351648676,0.0020000000000000018,0.5684992703297351,23.226509196205434,0.463120634410681,False,nan,nan,False,False
1611,8.055,0.004997481999453157,0.0013561649993789615,5.671001417795196e-06,0.0019887479993485613,0.0009852120001596631,5.3701000069850124e-05,0.003575404000002891,0.0025070366434762235,0.0020000000000000018,0.5014073286952446,24.01292995879397,0.7501533550047228,False,nan,nan,False,False
1612,8.06,0.005002681999030756,0.0013136150009813718,5.279998731566593e-06,0.000861541000631405,0.0009350170003017411,4.480400093598291e-05,0.003613745999246021,0.0023398781728135695,0.0017000000000000001,0.4679756345627139,26.905870263442846,0.5518956600492754,False,nan,nan,False,False
1613,8.065,0.004997672000172315,0.0014141339997877367,5.440000677481294e-06,0.001991602999623865,0.0010455640003783628,4.31909993494628e-05,0.00351848700120172,0.0024252192860609255,0.0020000000000000018,0.4850438572121852,27.360002000204183,0.4727271029533496,False,nan,nan,False,False
1614,8.07,0.005003824000596069,0.0013043779999861727,6.281999958446249e-06,0.0008624719994259067,0.0009151400008704513,4.649699985748157e-05,0.0036191559993312694,0.0021834129219143526,0.0017000000000000001,0.4366825843828705,26.92106918801597,0.4681572741935963,False,nan,nan,False,False
1615,8.075,0.004989207000107854,0.0014063880007597618,5.259998943074606e-06,0.0019869749994541053,0.001058218000252964,4.26500009780284e-05,0.0035139689989591716,0.0021357214153268295,0.0013999999999999985,0.42714428306536595,27.170379459206938,0.6342440638052405,False,nan,nan,False,False
1616,8.08,0.005015335000280174,0.001521763999335235,7.2740003815852106e-06,0.0008678819995111553,0.0010302760001650313,4.86210010421928e-05,0.0034028410009341314,0.0023056446328689408,0.0016250389466645476,0.4611289265737881,29.388906269656662,0.4070355074290123,False,nan,nan,False,False
1617,8.085,0.004996298999685678,0.0014418259997910354,5.699999746866524e-06,0.001991523000469897,0.0010772840014396934,4.983300095773302e-05,0.0034847639999497915,0.002624096577949085,0.0019250389466647366,0.524819315589817,26.926422118191432,0.41450063704650075,False,nan,nan,False,False
1618,8.09,0.004999717000828241,0.0012763049999193754,5.289999535307288e-06,0.0008648269995319424,0.0009095400000660447,4.388200068206061e-05,0.00364767899918661,0.0028990085960869777,0.0020000000000000018,0.5798017192173955,24.421423210251856,0.3722946078886606,False,nan,nan,False,False
1619,8.095,0.004992371999833267,0.0013770039986411575,5.32000012753997e-06,0.0019961520010838285,0.0010195260001637507,4.282000008970499e-05,0.0035513290004018927,0.0032204214185267703,0.0020000000000000018,0.644084283705354,25.355777762998287,0.5510046237534284,False,nan,nan,False,False
1620,8.1,0.004989897999621462,0.0011772300003940472,4.759000148624182e-06,0.0008495579986629309,0.0009085080000659218,1.3074000889901072e-05,0.0037443599994730903,0.0028041199035083895,0.0017000000000000348,0.5608239807016779,29.15587984043299,0.46004956381752093,False,nan,nan,False,False
1621,8.105,0.005022127999836812,0.0011015090003638761,5.259998943074606e-06,0.002036607000263757,0.0009448870005144272,1.3464999938150868e-05,0.0037855459995626006,0.0031384613472099877,0.0020000000000000018,0.6276922694419975,26.85593506355925,0.6276398515170567,False,nan,nan,False,False
1622,8.11,0.00493507499959378,0.0007833849995222408,3.7370009522419423e-06,0.0008030819990381133,0.0005638540005747927,2.8343001758912578e-05,0.0041865760013024556,0.0035899909919803736,0.0020000000000000018,0.7179981983960747,24.05638435691138,0.40296691018521674,False,nan,nan,False,False
1623,8.115,0.005033298999478575,0.0015689530009694863,5.129999408381991e-06,0.001975342000150704,0.001158194998424733,5.255799987935461e-05,0.003391139000086696,0.003960783966125826,0.0020000000000000018,0.792156793225165,21.249724026594315,0.7689583464210836,False,nan,nan,False,False
1624,8.120000000000001,0.005027659000916174,0.0012494149996200576,5.529998816200532e-06,0.0008611100001871819,0.0009013850012706826,4.016499951831065e-05,0.00366716499956965,0.0040020175717535265,0.0020000000000000018,0.8004035143507053,21.590194106852163,0.8390406380555662,False,nan,nan,False,False
1625,8.125,0.004977303999112337,0.0014444900007219985,4.528001227299683e-06,0.0018404509992251405,0.001098392998756026,5.3499999921768904e-05,0.003500643999359454,0.00422027708362024,0.0020000000000000018,0.8440554167240479,20.784609690826922,0.6823877913379532,False,nan,nan,False,False
1626,8.13,0.005011177001506439,0.0012457389984774636,5.369998689275235e-06,0.0008447789987258147,0.0008984999985841569,4.029500087199267e-05,0.0036842870013060747,0.0041783279751356275,0.0020000000000000018,0.8356655950271256,25.26588725844999,0.6622126026295643,False,nan,nan,False,False
1627,8.135,0.004989858000044478,0.0013180039986764314,4.798999725608155e-06,0.0019728570005099755,0.0009397670000907965,4.0404998799203895e-05,0.003652568000688916,0.004275734333228246,0.0020000000000000018,0.8551468666456491,24.78112146776184,0.8804788014075717,False,nan,nan,False,False
1628,8.14,0.005038598999817623,0.001246599998921738,5.539999619941227e-06,0.0008840629998303484,0.0008874289997038431,4.004500078735873e-05,0.0036560250009642914,0.004054855450442974,0.0020000000000000018,0.8109710900885949,18.616701599717157,0.8453173410598976,False,nan,nan,False,False
1629,8.145,0.0049642799986031605,0.0013216200004535494,4.699000783148222e-06,0.001983999000003678,0.0009790399999474175,4.035599886265118e-05,0.003615187999457703,0.004013237999935116,0.0020000000000000018,0.8026475999870231,26.068026104135477,0.998299657124369,False,nan,nan,False,False
1630,8.15,0.004998564001652994,0.0012029079989588354,4.6889999794075266e-06,0.0008524539989593904,0.0008349700001417659,4.147799882048275e-05,0.0037356129996624077,0.004150130350453677,0.0020000000000000018,0.8300260700907354,20.813969259026525,0.9043023638025207,False,nan,nan,False,False
1631,8.155,0.005001809999157558,0.0013748500005021924,5.228999725659378e-06,0.001988216999961878,0.0010064309990411857,4.0175000322051346e-05,0.0035673980000865413,0.003867317007075162,0.0020000000000000018,0.7734634014150324,24.11965707838174,0.8411276885193456,False,nan,nan,False,False
1632,8.16,0.005008743000871618,0.001233715998750995,5.009000233258121e-06,0.0008583140006521717,0.0008720000005268957,3.972400008933619e-05,0.003695178000270971,0.003927837960732695,0.0020000000000000018,0.785567592146539,24.02463118121434,0.9230372153650277,False,nan,nan,False,False
1633,8.165000000000001,0.005004834998544538,0.0014442000010603806,5.480000254465267e-06,0.0019859019994328264,0.001064300000507501,4.61470008303877e-05,0.003485946999717271,0.003466711967167322,0.0020000000000000018,0.6933423934334643,22.495906299476164,0.6854646741542288,False,nan,nan,False,False
1634,8.17,0.0049993560005532345,0.001262208999833092,5.410000085248612e-06,0.0008574929997848812,0.0008927580001909519,4.0766000893199816e-05,0.0036613550000765827,0.003488216231859945,0.0020000000000000018,0.6976432463719889,26.27908925841282,0.9399015949583586,False,nan,nan,False,False
1635,8.175,0.004992862999642966,0.0013984140005049994,5.219000740908086e-06,0.001984279999305727,0.0010186639992753044,4.124700171814766e-05,0.0035372130005271174,0.0031090682997575707,0.001724717373094764,0.6218136599515142,20.792562855431655,0.5198298502845378,False,nan,nan,False,False
1636,8.18,0.005003053000109503,0.0012279250004212372,6.692998795188032e-06,0.0008609689994045766,0.0008676219986227807,4.149699998379219e-05,0.0036992349996580742,0.0025136971303838553,0.001424717373094575,0.5027394260767711,26.833707762713516,0.8797210189082978,False,nan,nan,False,False
1637,8.185,0.004990028000975144,0.001411989000189351,4.818999514100142e-06,0.001979650000066613,0.001037419000567752,4.158799856668338e-05,0.0035281959990243195,0.001967462733716178,0.001124717373094608,0.3934925467432357,26.841763111964696,0.4191490143217105,False,nan,nan,False,False
1638,8.19,0.005006267998396652,0.0012396880010783207,4.878998879576102e-06,0.0008540359995095059,0.0008787930000835331,4.31909993494628e-05,0.0036928329991496867,0.0015306663579468483,0.0008247173730946411,0.3061332715893697,24.906451340586038,0.586384674291119,False,nan,nan,False,False
1639,8.195,0.004993204000129481,0.0013063520000287099,4.929001079290174e-06,0.001982015999601572,0.0009177860010822769,5.199699990043882e-05,0.0036340229999041185,0.0013357060119144604,0.0009024394156686849,0.2671412023828921,26.834399399799324,0.24428151372632978,False,nan,nan,False,False
1640,8.2,0.005006890000004205,0.0012376630002108868,5.099998816149309e-06,0.0008608499992988072,0.0008805750003375579,4.129700027988292e-05,0.0036936249998689163,0.0014919906521042713,0.0012024394156686796,0.2983981304208543,26.83481394703939,0.5402658281063286,False,nan,nan,False,False
1641,8.205,0.004993825001292862,0.0013424389999272535,4.739000360132195e-06,0.001983246998861432,0.0009953709995897952,4.077700032212306e-05,0.0035945090003224323,0.001657414637554269,0.0015024394156686743,0.3314829275108538,26.840902110846397,0.34781860967417005,False,nan,nan,False,False
1642,8.21,0.0050044649997289525,0.0012548659997264622,6.201998985488899e-06,0.000847815001179697,0.0008964460012066411,4.35010006185621e-05,0.0036774239997612312,0.001907689195694885,0.001802439415668683,0.38153783913897693,26.839985072732606,0.3443342889638874,False,nan,nan,False,False
1643,8.215,0.0049880739989021095,0.0013558150003518676,4.698998964158818e-06,0.0019827760006592143,0.000997664999886183,4.232900028000586e-05,0.0035959920005552704,0.002238544127554159,0.0020000000000000018,0.44770882551083185,25.267796911625215,0.4806042581398495,False,nan,nan,False,False
1644,8.22,0.005012771000110661,0.0012048920016241027,4.9390000640414655e-06,0.0008582850005041109,0.0008633839988760883,4.116700074519031e-05,0.003723900999830221,0.002520269835543406,0.0020000000000000018,0.5040539671086811,24.000066317049015,0.5154324235654686,False,nan,nan,False,False
1645,8.225,0.0049828040009742836,0.0013500439999916125,4.307999915909022e-06,0.0019618280002760002,0.0009917739989759866,4.174800051259808e-05,0.0036044079988641897,0.0028802886067605038,0.0020000000000000018,0.5760577213521008,22.382078417031494,0.4224912685048238,False,nan,nan,False,False
1646,8.23,0.0050169179994554725,0.0012020169997413177,4.849000106332824e-06,0.0008552979998057708,0.0008604089998698328,4.007499956060201e-05,0.003727258001163136,0.0033198374802012776,0.0020000000000000018,0.6639674960402555,24.000405974066688,0.41415093982873447,False,nan,nan,False,False
1647,8.235,0.00498455799970543,0.0012986980000277981,4.469000487006269e-06,0.0019679289998748573,0.0009220129995810566,4.027599970868323e-05,0.0036405250011739554,0.0036615535128379827,0.0020000000000000018,0.7323107025675966,24.003390276525984,0.6547944270283588,False,nan,nan,False,False
1648,8.24,0.004987393000192242,0.0007985430002008798,3.5270004445919767e-06,0.0007530980001320131,0.0005701959998987149,2.804200084938202e-05,0.00415136099945812,0.003941100686453185,0.0020000000000000018,0.7882201372906371,17.892643112862373,0.637801254719803,False,nan,nan,False,False
1649,8.245000000000001,0.005014795000533923,0.0012778889995388454,5.440000677481294e-06,0.00195882200023334,0.0009368910014018184,4.066600013175048e-05,0.003666814000098384,0.004022301297102577,0.0020000000000000018,0.8044602594205152,17.051244495000866,0.6844950964707912,False,nan,nan,False,False
1650,8.25,0.005003001999284606,0.0012054230010107858,4.899999112240039e-06,0.0008387279995076824,0.0008315839986607898,4.198899841867387e-05,0.003735071999471984,0.004084371899143616,0.0020000000000000018,0.816874379828723,9.877836794282539,0.6014924511891624,False,nan,nan,False,False
1651,8.255,0.004995438001060393,0.0013539209994632984,4.808998710359447e-06,0.0019554649989004247,0.0010005809999711346,4.0236000131699257e-05,0.003592786000808701,0.004034502071345795,0.0020000000000000018,0.806900414269159,12.114015288913608,0.7819807960146963,False,nan,nan,False,False
1652,8.26,0.005003172998840455,0.0011740950012608664,4.397999873617664e-06,0.0008482960001856554,0.0008274170013464754,4.4583000999409705e-05,0.003771068999412819,0.0034076119174681176,0.0017000000000000348,0.6815223834936235,26.92870533159779,0.871996190839684,False,nan,nan,False,False
1653,8.265,0.005002470999897923,0.0013064520007901592,4.699000783148222e-06,0.001972928001123364,0.0009072960001503816,4.1336999856866896e-05,0.0036423790006665513,0.00373710950502295,0.0020000000000000018,0.7474219010045899,26.83435890895894,0.8465725440956419,False,nan,nan,False,False
1654,8.27,0.0050124900008086115,0.0011939319992961828,5.209998562349938e-06,0.0008515019999322249,0.0008395089989789994,4.1016000977833755e-05,0.003731676000825246,0.003638627364945093,0.0020000000000000018,0.7277254729890186,15.527841788626263,0.7722452204751347,False,nan,nan,False,False
1655,8.275,0.004987092999726883,0.0013163900002837181,4.658999387174845e-06,0.0019617979996837676,0.0009094699998968281,4.212900057609659e-05,0.003626358999099466,0.003557775655562348,0.0020000000000000018,0.7115551311124695,17.069523782883955,0.698578310335343,False,nan,nan,False,False
1656,8.28,0.005005836999771418,0.0011978590009675827,6.4520008891122416e-06,0.000857521999932942,0.000842745001136791,4.2951000068569556e-05,0.0037468039990926627,0.0029916741750625983,0.0017000000000000348,0.5983348350125198,26.8372860358636,0.7485724168815151,False,nan,nan,False,False
1657,8.285,0.005007922000004328,0.0013214900009188568,1.2473999959183857e-05,0.001995009000893333,0.0009509379997325595,4.024599911645055e-05,0.0036075039988645585,0.0031624529647831345,0.0020000000000000018,0.6324905929566269,24.710152787414522,0.6092088180117986,False,nan,nan,False,False
1658,8.290000000000001,0.004998424001314561,0.0011954739984503249,4.74900116387289e-06,0.0008551690007152501,0.0008374249991902616,4.8922000132733956e-05,0.0037312350013962714,0.002959045820486899,0.0017000000000000348,0.5918091640973798,26.87347805534697,0.4411815877421866,False,nan,nan,False,False
1659,8.295,0.004985097999451682,0.0012841309999203077,4.6080003812676296e-06,0.0019468800001050113,0.0008971269999165088,3.9242999264388345e-05,0.0036588900002243463,0.003534242458364808,0.0020000000000000018,0.7068484916729614,26.836409314731053,0.5660957908493364,False,nan,nan,False,False
1660,8.3,0.005000367998945876,0.0011832110012619523,4.808998710359447e-06,0.000839659998746356,0.0008306019990413915,4.137799987802282e-05,0.0037581260003207717,0.0034853369811154965,0.0020000000000000018,0.6970673962230993,20.858041929756652,0.5678482320139484,False,nan,nan,False,False
1661,8.305,0.0049949870008276775,0.0013471780002873857,4.2380015656817704e-06,0.001968189000763232,0.0009092489999602549,3.950400059693493e-05,0.003592795999793452,0.0031815638946767295,0.0017000000000000348,0.6363127789353459,26.833442068442697,0.6098587479325743,False,nan,nan,False,False
1662,8.31,0.004989908000425203,0.0008347799994226079,4.397999873617664e-06,0.0008257329991465667,0.0005939000002399553,2.873399898817297e-05,0.0041028499999811174,0.003616217160933984,0.0020000000000000018,0.7232434321867968,26.834248657109846,0.5896644680452535,False,nan,nan,False,False
1663,8.315,0.0049768030003178865,0.0008967369994934415,3.285998900537379e-06,0.0019673679998959415,0.0006584809998457786,3.4323998988838866e-05,0.004070949000379187,0.003483079501262823,0.0017752005996352072,0.6966159002525645,26.833878145531514,0.5313174506730182,False,nan,nan,False,False
1664,8.32,0.0050192829985462595,0.0008201430009648902,4.036999598611146e-06,0.0008235389996116282,0.0005821380000270437,2.8713999199680984e-05,0.004124750999835669,0.0038184249679515648,0.0020000000000000018,0.7636849935903129,24.5364199045783,0.6784741654622517,False,nan,nan,False,False
1665,8.325,0.004993324000679422,0.0009224940004060045,4.01800025429111e-06,0.001781179000317934,0.0006840380010544322,2.802199924190063e-05,0.004030574998978409,0.0035104513725001062,0.0020000000000000018,0.7020902745000213,21.336885515741233,0.755284998106912,False,nan,nan,False,False
1666,8.33,0.005000507999284309,0.0008150130015565082,4.0380000427830964e-06,0.0006156399995234096,0.0005822279999847524,2.7781999961007386e-05,0.004132123998715542,0.003094177201437682,0.0020000000000000018,0.6188354402875365,24.002038334498927,0.8120983708299909,False,nan,nan,False,False
1667,8.335,0.004988635000700015,0.0008836819997668499,3.3460000850027427e-06,0.001678567999988445,0.0006515379991469672,2.8263000785955228e-05,0.0040863190006348304,0.0028240344980828783,0.0017000000000000001,0.5648068996165757,26.894151667059578,0.523783089946963,False,nan,nan,False,False
1668,8.34,0.005014935000872356,0.0008042529989324976,3.597000613808632e-06,0.0005313139990903437,0.0005711569992854493,2.8202999601489864e-05,0.004146592000324745,0.0024484209739951243,0.0015046136580993963,0.48968419479902486,24.206134976029965,0.6684129453187366,False,nan,nan,False,False
1669,8.345,0.005000657998607494,0.0009268520007026382,4.1170005715684965e-06,0.0016365999999834457,0.0006962519983062521,2.8993999876547605e-05,0.0040132319991244,0.0020398889368667844,0.0012046136580994293,0.4079777873733568,26.84828685744505,0.4821303222304085,False,nan,nan,False,False
1670,8.35,0.004978506000043126,0.0008044639998843195,3.4970016713486984e-06,0.00047161099973891396,0.0005699960001948057,2.770200080703944e-05,0.004160046000833972,0.0017967652403615478,0.0013000000000000025,0.35935304807230956,26.832844680493587,0.4777522544176918,False,nan,nan,False,False
1671,8.355,0.0050042350012518,0.0008595559993409552,3.496999852359295e-06,0.0016069329994934378,0.0006155700011731824,2.6979998438037e-05,0.00409937299991725,0.0017876249576258025,0.0015999999999999973,0.3575249915251605,26.832821765526802,0.3678047557913485,False,nan,nan,False,False
1672,8.36,0.004998082999009057,0.0008089420007308945,3.195998942828737e-06,0.0004887240011157701,0.0005816070006403606,2.7210999178350903e-05,0.004154185999141191,0.00201564792374324,0.001899999999999999,0.403129584748648,26.832816228855023,0.42254456386366235,False,nan,nan,False,False
1673,8.365,0.0050074600003426895,0.0009032889993250137,3.477000063867308e-06,0.0016047999997681472,0.0006777770013286499,2.8053000278305262e-05,0.0040587069997855,0.0022869396752032106,0.0020000000000000018,0.45738793504064207,24.331135575277173,0.5807552992355797,False,nan,nan,False,False
1674,8.370000000000001,0.005001479999918956,0.0007847569995647063,3.716999344760552e-06,0.00051173600149923,0.0005622509997920133,2.6679999791667797e-05,0.004167310000411817,0.0024753364223501335,0.0020000000000000018,0.4950672844700267,24.000186377586942,0.4202460021183867,False,nan,nan,False,False
1675,8.375,0.0049941359993681544,0.0008983290008472977,3.295999704278074e-06,0.0016105909999168944,0.0006552849990839604,2.8393000320647843e-05,0.0040617630002088845,0.0027184910141829343,0.0020000000000000018,0.5436982028365869,24.00163822046769,0.4787137842022482,False,nan,nan,False,False
1676,8.38,0.004997992000426166,0.0007889150001574308,3.1859999580774456e-06,0.00048443600098835304,0.0005682320006599184,2.7041000066674314e-05,0.00424795099934272,0.003047609570479993,0.0020000000000000018,0.6095219140959985,21.11877636221326,0.5243988841366846,False,nan,nan,False,False
1677,8.385,0.005263409000690444,0.0018172580003010808,1.6209998648264445e-05,0.0018923170009657042,0.001425535001544631,2.8292999559198506e-05,0.0028803639997931896,0.0034440051018898975,0.0020000000000000018,0.6888010203779795,24.000002250688887,0.44992991701772117,False,nan,nan,False,False
1678,8.39,0.004735331998745096,0.0008160659999703057,3.2059997465694323e-06,0.0003437630002736114,0.0005989290002617054,2.9134998840163462e-05,0.004146892000790103,0.003606645741206204,0.0020000000000000018,0.7213291482412407,17.888932158275708,0.4962994059810129,False,nan,nan,False,False
1679,8.395,0.0050038540011883015,0.000931381999180303,3.155999365844764e-06,0.001403903999744216,0.0006937670004845131,2.8643000405281782e-05,0.004029392001029919,0.003706029903070434,0.0020000000000000018,0.7412059806140867,16.97059193563733,0.7319249011038854,False,nan,nan,False,False
1680,8.4,0.004997602998628281,0.0007834040006855503,3.0459996196441352e-06,0.00026974399952450767,0.0005644250013574492,2.6880999939749017e-05,0.0041752550005185185,0.003816793009029052,0.0020000000000000018,0.7633586018058104,16.970587148133262,0.6560058344522182,False,nan,nan,False,False
1681,8.405,0.004999395001505036,0.0009802519998629577,3.2759999157860875e-06,0.0012635010007215897,0.0007471469998563407,2.4756000129855238e-05,0.0039752619995852,0.003970034542648284,0.0020000000000000018,0.7940069085296567,16.97069136733649,0.6558550490276983,False,nan,nan,False,False
1682,8.41,0.004994125998564414,0.0007944250010041287,2.9660004656761885e-06,0.0008074090001173317,0.0005759169998782454,2.7611999030341394e-05,0.004175043999566697,0.0033522997610824744,0.0017000000000000348,0.6704599522164949,26.832862627679468,0.8491238263461832,False,nan,nan,False,False
1683,8.415000000000001,0.005014383001253009,0.0008760679993429221,3.4670010791160166e-06,0.0013908300006733043,0.0006233559997781413,2.6730000172392465e-05,0.0040782140004012035,0.003359108342044704,0.0020000000000000018,0.6718216684089409,25.228885571829355,0.960678016355318,False,nan,nan,False,False
1684,8.42,0.004991891999452491,0.0007859289999032626,3.356000888743438e-06,0.0008332369998242939,0.0005641850002575666,2.7011001293431036e-05,0.004174793999482063,0.0036685038595661652,0.0020000000000000018,0.733700771913233,21.20909923523908,0.7512419017191408,False,nan,nan,False,False
1685,8.425,0.0050011090006591985,0.0009210709995386424,3.315999492770061e-06,0.0014024820011400152,0.0006783379994885763,2.7971998861175962e-05,0.004039270999783184,0.0033876200016777617,0.0020000000000000018,0.6775240003355525,24.004591406376388,0.9465949265143866,False,nan,nan,False,False
1686,8.43,0.005000266999559244,0.0007938439994177315,3.0859991966281086e-06,0.0007857589989725966,0.0005690340003638994,2.730100095504895e-05,0.004164915000728797,0.003625217003403063,0.0020000000000000018,0.7250434006806126,24.0000019310579,0.8997361346994844,False,nan,nan,False,False
1687,8.435,0.004999105000024429,0.0009238269994966686,3.104998540948145e-06,0.0013939560012659058,0.000687956000547274,2.1511001250473782e-05,0.004028981000374188,0.003547673422333072,0.0020000000000000018,0.7095346844666144,20.784656902430918,0.6654355905121744,False,nan,nan,False,False
1688,8.44,0.004993474000002607,0.0007915599999250844,3.3059986890293658e-06,0.0008335790007549804,0.00056754100114631,2.6850999347516336e-05,0.004173130999333807,0.0029583294732088007,0.0017000000000000348,0.5916658946417601,25.115796576741957,0.7359457236859309,False,nan,nan,False,False
1689,8.445,0.00500433500019426,0.0008990110000013374,3.106000804109499e-06,0.0013772150014119688,0.0006680090009467676,2.7070000214735046e-05,0.004062955000335933,0.00312374207450372,0.0020000000000000018,0.6247484149007441,24.575880727568695,0.790699580771583,False,nan,nan,False,False
1690,8.45,0.005000007000489859,0.0007978909998200834,3.1859999580774456e-06,0.0008308729993586894,0.0005547870005102595,2.7582000257098116e-05,0.004164093999861507,0.0026214335447335003,0.0017000000000000348,0.5242867089467002,26.832817783384392,0.5016833850263978,False,nan,nan,False,False
1691,8.455,0.005001879999326775,0.0009124249991145916,2.9550010367529467e-06,0.0014066900002944749,0.0006794199998694239,2.694000068004243e-05,0.004047136000735918,0.0025055459085736712,0.0020000000000000018,0.5011091817147343,26.832815886496842,0.6150503464800664,False,nan,nan,False,False
1692,8.46,0.005027989000154776,0.0007832939991203602,3.0150004022289068e-06,0.0008237390011345269,0.0005572820009547286,2.625900015118532e-05,0.0041508290014462546,0.0021146899528664263,0.0017000000000000348,0.4229379905732853,26.832815816293227,0.5450782424439223,False,nan,nan,False,False
1693,8.465,0.004976211999746738,0.0009164229995803908,3.295999704278074e-06,0.0013917719988967292,0.0006861729998490773,2.6019000870292075e-05,0.004036846999952104,0.0018883955101268077,0.0014000000000000679,0.3776791020253616,26.833091075705784,0.5524755670849509,False,nan,nan,False,False
1694,8.47,0.0049928739990718896,0.0007842260001780232,3.1960007618181407e-06,0.0008251629988080822,0.0005627119990094798,2.6730000172392465e-05,0.004178160001174547,0.0018868777534329759,0.0011402543824297062,0.3773755506865952,26.834774720012692,0.35342364172693613,False,nan,nan,False,False
1695,8.475,0.005001960000299732,0.0008999020010378445,3.2759999157860875e-06,0.0013895580013922881,0.0006618070001422893,2.6760000764625147e-05,0.0040616329988552025,0.002111009183087138,0.0014402543824296732,0.42220183661742766,26.927215927198016,0.4777895275486896,False,nan,nan,False,False
1696,8.48,0.004998133001208771,0.0007828329999028938,3.0049995984882116e-06,0.0008178890002454864,0.0005632129996229196,2.631899951666128e-05,0.004178721999778645,0.00249969709818776,0.0017402543824296401,0.49993941963755195,26.89180730620915,0.36936494973980344,False,nan,nan,False,False
1697,8.485,0.005000457000278402,0.0008982999988802476,3.336001100251451e-06,0.001390940000419505,0.0006588220003322931,2.7230000341660343e-05,0.004066040999532561,0.002963243413012158,0.0020000000000000018,0.5926486826024315,26.178129021345004,0.4225824275186734,False,nan,nan,False,False
1698,8.49,0.005001569999876665,0.000780098998802714,2.8550002753036097e-06,0.000758727999709663,0.0005659079997712979,2.7261001378064975e-05,0.004182688000582857,0.003325690066365171,0.0020000000000000018,0.6651380132730341,24.00638794473413,0.4272657223726016,False,nan,nan,False,False
1699,8.495000000000001,0.005002100999263348,0.0008712189992365893,3.074999767704867e-06,0.0019330839986650972,0.0006462780002038926,2.6368999897385947e-05,0.0040870800003176555,0.0035735280887371863,0.0020000000000000018,0.7147056177474372,20.80825376375568,0.6242796016439353,False,nan,nan,False,False
1700,8.5,0.004996499999833759,0.0007784549998177681,3.195998942828737e-06,0.000792872000602074,0.0005599369997071335,2.6830000933841802e-05,0.004186746000414132,0.0036154398774977297,0.0020000000000000018,0.723087975499546,21.25161559751388,0.7541045671401291,False,nan,nan,False,False
1701,8.505,0.005005696999432985,0.000883542001247406,3.166000169585459e-06,0.0019089479992544511,0.000655946001643315,2.7731999580282718e-05,0.0040721120003581746,0.003944780334963023,0.0020000000000000018,0.7889560669926045,20.991137327789385,0.6471054952921667,False,nan,nan,False,False
1702,8.51,0.0049939760010602186,0.0007691070004511857,3.166000169585459e-06,0.0007936639995023143,0.0005497380007000174,2.572799894551281e-05,0.00419704599880788,0.003885491018683185,0.0020000000000000018,0.777098203736637,24.90674612118288,0.7739886338615082,False,nan,nan,False,False
1703,8.515,0.005013751999285887,0.0008506800004397519,3.836999894701876e-06,0.001938904999406077,0.0006081170013203518,3.041700074390974e-05,0.00410147699949448,0.0038419817144334737,0.0020000000000000018,0.7683963428866947,19.39007348559736,0.9468465412275959,False,nan,nan,False,False
1704,8.52,0.005000737999580451,0.0007800080002198229,3.56700002157595e-06,0.0008169770007953048,0.0005636040004901588,2.7121001039631665e-05,0.004169715000898577,0.004209999513076342,0.0020000000000000018,0.8419999026152682,21.346368288603056,0.7956454875062896,False,nan,nan,False,False
1705,8.525,0.0049879340003826655,0.0008771400007390184,3.315999492770061e-06,0.0019668469994940097,0.0006454159993154462,2.7100999432150275e-05,0.004084444999534753,0.00384190981726288,0.0020000000000000018,0.7683819634525759,21.312959193920726,0.639410229645384,False,nan,nan,False,False
1706,8.53,0.005003563001082512,0.0007820219998393441,3.336001100251451e-06,0.0007987329991010483,0.0005652060008287663,2.711100023589097e-05,0.004172730999925989,0.0037749622670844897,0.0020000000000000018,0.7549924534168979,20.807355493441882,1.0503777993568897,False,nan,nan,False,False
1707,8.535,0.004992672998923808,0.0008884010003384901,3.0960000003688037e-06,0.001918845999171026,0.0006547140001202933,2.711100023589097e-05,0.004082612000274821,0.004013330189119018,0.0020000000000000018,0.8026660378238035,16.692470604619434,0.7043034344670628,False,nan,nan,False,False
1708,8.540000000000001,0.00502179800059821,0.0008426849999523256,3.956998625653796e-06,0.0008122489998640958,0.0005878090014448389,3.229000139981508e-05,0.004104772999198758,0.0033524567867810892,0.0017000000000000348,0.6704913573562179,26.833481857608596,0.8604328539493056,False,nan,nan,False,False
1709,8.545,0.004998603999410989,0.0009788400002435083,3.9670012483838946e-06,0.0019575590013118926,0.0007210679996205727,2.9676000849576667e-05,0.003970592000769102,0.0036593808945966076,0.0020000000000000018,0.7318761789193214,26.832925685412096,0.9624071458190687,False,nan,nan,False,False
1710,8.55,0.0050002870011667255,0.0008342299988726154,3.44700129062403e-06,0.0008338890002050903,0.0006225529996299883,2.2231000912142918e-05,0.004105334000996663,0.003718874665463051,0.0020000000000000018,0.7437749330926102,13.144459668271258,0.5121786552975139,False,nan,nan,False,False
1711,8.555,0.0049878439986059675,0.000791919999755919,3.646999175543897e-06,0.0019669159992190544,0.0006473100002040155,1.641999915591441e-05,0.0041597360013838625,0.0030955863531328697,0.0017000000000000348,0.6191172706265738,26.833633403025566,0.8718145383755042,False,nan,nan,False,False
1712,8.56,0.005000066999855335,0.0008805560009932378,3.997000021627173e-06,0.0008363630004168954,0.0006301379999058554,2.9445000109262764e-05,0.00408280199917499,0.00343627750846125,0.0020000000000000018,0.68725550169225,21.29870469528417,0.6992491238008586,False,nan,nan,False,False
1713,8.565,0.0050125100005971035,0.0009714959996927064,3.997000021627173e-06,0.0019861130003846483,0.0007182620011008112,3.0036000680411234e-05,0.003975722000177484,0.003529242724809031,0.0020000000000000018,0.7058485449618063,20.784754474861625,0.35328006187779293,False,nan,nan,False,False
1714,8.57,0.004996089000997017,0.0008928600000217557,3.887998900609091e-06,0.0007326600007218076,0.0006401669998012949,2.852299985534046e-05,0.00406152199866483,0.0030096711687071153,0.0017000000000000348,0.6019342337414232,26.832891806668194,0.8124998671199982,False,nan,nan,False,False
1715,8.575000000000001,0.004995979999875999,0.0008940009993239073,3.496999852359295e-06,0.0018624209988047369,0.0006566480005858466,3.460399966570549e-05,0.0040592679997644154,0.0035560759468044253,0.0020000000000000018,0.711215189360885,26.832862737277704,0.6890008794255057,False,nan,nan,False,False
1716,8.58,0.004995176999727846,0.0007837649991415674,3.3060005080187693e-06,0.0007355150009971112,0.0005687430002581095,2.711100023589097e-05,0.00417316099992604,0.0031572529112230963,0.0017000000000000348,0.6314505822446193,26.832919795951703,0.4991001219527281,False,nan,nan,False,False
1717,8.585,0.004995448000045144,0.0008318549989780877,2.9559996619354934e-06,0.0018653870010894025,0.0005868170010217,2.8552998628583737e-05,0.004134499000429059,0.003474728484858698,0.0020000000000000018,0.6949456969717397,20.788783429490664,0.5191026777446062,False,nan,nan,False,False
1718,8.59,0.005008522999560228,0.000784997000664589,3.4660006349440664e-06,0.0007339320000028238,0.0005665190001309384,2.726099955907557e-05,0.00417244999880495,0.003236713030654421,0.001765966039133593,0.6473426061308842,26.832815926830573,0.6066774151544104,False,nan,nan,False,False
1719,8.595,0.005005056000300101,0.0011007079992850777,3.537001248332672e-06,0.0018268460007675458,0.0008177189993148204,3.132900019409135e-05,0.0038641230003122473,0.003561812176886726,0.0020000000000000018,0.7123624353773451,23.493674288641195,0.7834164321799371,False,nan,nan,False,False
1720,8.6,0.005029661999287782,0.0013038470005994895,5.560001227422617e-06,0.000765531000070041,0.000930538999455166,4.1698000131873414e-05,0.0036479699992923997,0.003306694502077986,0.0020000000000000018,0.6613389004155972,24.000000044154657,0.5471674755817285,False,nan,nan,False,False
1721,8.605,0.005013060999772279,0.0014528960000461666,4.498999260249548e-06,0.0017889640002977103,0.0010842369993042666,4.57459991594078e-05,0.003477230000498821,0.003146737104513783,0.0020000000000000018,0.6293474209027566,24.000009793005404,0.9764588475954689,False,nan,nan,False,False
1722,8.61,0.004991630999938934,0.0012543850007205037,4.618999810190871e-06,0.0006840590012870962,0.0009177150004688883,3.238099998270627e-05,0.0036725449990626657,0.0030967183549772633,0.0020000000000000018,0.6193436709954526,24.00057547013405,0.6668998611952416,False,nan,nan,False,False
1723,8.615,0.0049869230006152065,0.0014100759999564616,4.618001185008325e-06,0.0017734160010149935,0.0010370990003139013,4.324099973018747e-05,0.0035399770004005404,0.0029566843083015182,0.0020000000000000018,0.5913368616603036,20.78699130369712,0.5939221925339789,False,nan,nan,False,False
1724,8.620000000000001,0.005003652999221231,0.0008863570001267362,3.9480000850744545e-06,0.0007163989994296571,0.0006450660002883524,3.531599941197783e-05,0.004036305001136498,0.0028990055534086926,0.0020000000000000018,0.5798011106817386,20.784735733426658,0.6116090786844113,False,nan,nan,False,False
1725,8.625,0.004963899000358651,0.0009283760009566322,3.556999217835255e-06,0.001687744999799179,0.0006829760004620766,2.878399936889764e-05,0.004038228000354138,0.002737967891449204,0.0020000000000000018,0.5475935782898408,24.00109372595139,0.6639041880111809,False,nan,nan,False,False
1726,8.63,0.005008903000998544,0.0008398909994866699,3.496999852359295e-06,0.0006296169995039236,0.0006107720000727568,2.7580999812926166e-05,0.004110993999347556,0.0024897208042131656,0.0017000000000000001,0.49794416084263315,26.833407566036453,0.6248575597745002,False,nan,nan,False,False
1727,8.635,0.004991821999283275,0.0008928389997890918,3.2860007195267826e-06,0.0017692869987513404,0.0006578600005013868,2.6931000320473686e-05,0.004066121000505518,0.002408518970055505,0.0013999999999999985,0.48170379401110097,26.832925751204726,0.6331790922331372,False,nan,nan,False,False
1728,8.64,0.0050000770006590756,0.0008188510000763927,3.416000254219398e-06,0.0006182960005389759,0.0005921869997109752,2.711999877647031e-05,0.00413883599867404,0.0027610122685231405,0.001592670141357777,0.5522024537046281,26.833220539909323,0.513432844267239,False,nan,nan,False,False
1729,8.645,0.004995428000256652,0.0009334549995401176,3.2759999157860875e-06,0.0017585069999768166,0.0006178250005177688,3.6518000342766754e-05,0.0040300740001839586,0.003159980399842036,0.001892670141357744,0.6319960799684072,26.834012274864502,0.4136567465227789,False,nan,nan,False,False
1730,8.65,0.005003863998354063,0.0008015580006031087,3.225999535061419e-06,0.0006354580000333954,0.0005739429998357082,2.801300070132129e-05,0.004156709999733721,0.0032802243255446815,0.0020000000000000018,0.6560448651089363,24.383106814244762,0.45389230229889654,False,nan,nan,False,False
1731,8.655,0.004996149000362493,0.0008193220000975998,3.155999365844764e-06,0.0017914790005306713,0.0005797030007670401,2.6759998945635743e-05,0.004144718001043657,0.003383812306938795,0.0020000000000000018,0.676762461387759,22.360494884818003,0.6634980240408456,False,nan,nan,False,False
1732,8.66,0.005004395001378725,0.0008002059985301457,3.236000338802114e-06,0.0007232919997477438,0.0005692739996447926,2.671999936865177e-05,0.004158854000706924,0.0034496376623498353,0.0020000000000000018,0.6899275324699671,20.79171656662468,0.5810465099946718,False,nan,nan,False,False
1733,8.665000000000001,0.005000888999347808,0.0008852339997247327,3.0560004233848304e-06,0.0017734049997670809,0.0006543740000779508,2.802199924190063e-05,0.004071972000019741,0.003471331757400463,0.0020000000000000018,0.6942663514800925,17.44216686707337,0.5052797662385843,False,nan,nan,False,False
1734,8.67,0.004997321000701049,0.0008105659999273485,3.2759999157860875e-06,0.0007203169989224989,0.0005854240007465705,2.7220999982091598e-05,0.004148524998527137,0.0034885582624799324,0.0020000000000000018,0.6977116524959864,16.97213869128663,0.6313240547567309,False,nan,nan,False,False
1735,8.675,0.0049972419983532745,0.0008522730004187906,3.085000571445562e-06,0.0018429249994369457,0.0006288549993769266,2.69110005319817e-05,0.004109392000827938,0.003556684479843156,0.0020000000000000018,0.7113368959686311,16.971357576423955,0.7375392704917265,False,nan,nan,False,False
1736,8.68,0.005000297000151477,0.0007800280000083148,3.0350001907208934e-06,0.0007236429992190097,0.0005624010009341873,2.6198998966719955e-05,0.004179002000455512,0.003672876861323034,0.0020000000000000018,0.7345753722646068,16.970938891230677,0.7496527080376797,False,nan,nan,False,False
1737,8.685,0.004996650000975933,0.0008247019995906157,3.0459996196441352e-06,0.0017923900013556704,0.0005803750009363284,2.6759998945635743e-05,0.004141581999647315,0.003531329497604232,0.0020000000000000018,0.7062658995208464,24.016003128553653,0.7523317974141871,False,nan,nan,False,False
1738,8.69,0.0050080919991160044,0.0007992139999259962,3.2460011425428092e-06,0.0007266079992405139,0.0005740730011893902,2.6690000595408492e-05,0.004166439000982791,0.004031152364561643,0.0020000000000000018,0.8062304729123283,24.00034333941627,0.841747460639894,False,nan,nan,False,False
1739,8.695,0.005004665999877034,0.0008814170014375122,3.3469987101852894e-06,0.001809012001103838,0.000645156000246061,2.7271000362816267e-05,0.004070979999596602,0.004262637015572451,0.0020000000000000018,0.8525274031144902,16.9718083703955,0.697206317657092,False,nan,nan,False,False
1740,8.700000000000001,0.004992853000658215,0.0007865099996706704,3.0859991966281086e-06,0.000725456000509439,0.0005662590010615531,2.640899947436992e-05,0.0041724500006239396,0.004428319974161449,0.0020000000000000018,0.8856639948322899,12.659532590957383,1.0784276752717474,False,nan,nan,False,False
1741,8.705,0.004995919000066351,0.0008802649990684586,2.9349994292715564e-06,0.0018395090010017157,0.000655546000416507,2.691999907256104e-05,0.004082091001691879,0.004082891348541594,0.0020000000000000018,0.8165782697083188,21.166326184673828,0.8329366481430359,False,nan,nan,False,False
1742,8.71,0.005002521000278648,0.0007931729996926151,3.1859999580774456e-06,0.000728300999981002,0.0005666990000463556,2.70609998551663e-05,0.0041664689997560345,0.004237924339327844,0.0020000000000000018,0.8475848678655689,20.784613553699522,0.9079499814382506,False,nan,nan,False,False
1743,8.715,0.004997632999220514,0.000861049000377534,3.0960000003688037e-06,0.0018009169998549623,0.0006386139993992401,2.5938999897334725e-05,0.0041071779996855184,0.004346263224746899,0.0020000000000000018,0.8692526449493798,12.000008627485355,0.727387074795737,False,nan,nan,False,False
1744,8.72,0.005016656999941915,0.0008230090006691171,3.887000275426544e-06,0.0007372780000878265,0.0005821380000270437,2.8262998966965824e-05,0.004123397999137524,0.0036769552626873736,0.0017000000000000348,0.7353910525374747,26.832943032829867,1.0514514278627274,False,nan,nan,False,False
1745,8.725,0.004988045000573038,0.0008463920003123349,3.3659998734947294e-06,0.0018009369996434543,0.0006029070009390125,2.7010999474441633e-05,0.004112888000236126,0.0036235342460104784,0.0020000000000000018,0.7247068492020956,26.832831140724938,0.9058804591759329,False,nan,nan,False,False
1746,8.73,0.004996199000743218,0.0007786759997543413,2.9450002330122516e-06,0.000722810998922796,0.0005609280015050899,2.5818000722210854e-05,0.004182517999652191,0.0037496681579076148,0.0020000000000000018,0.7499336315815229,20.784890997226565,0.7148970287136787,False,nan,nan,False,False
1747,8.735,0.0050009989990940085,0.000881657999343588,3.315999492770061e-06,0.0018387470008747187,0.0006492840002465528,2.6891000743489712e-05,0.004079105001437711,0.003096773145066099,0.0017000000000000348,0.6193546290132198,26.83287274209778,0.633886766918922,False,nan,nan,False,False
1748,8.74,0.004998473999876296,0.0007866400010243524,2.91600008495152e-06,0.0007118300000001909,0.0005691339993063593,2.6470001103007235e-05,0.0041758659990591696,0.0032649446745887326,0.0020000000000000018,0.6529889349177465,24.16111376735819,0.9178644489579525,False,nan,nan,False,False
1749,8.745000000000001,0.0050029619997076225,0.0008895930004655384,3.025001205969602e-06,0.0017926820000866428,0.0006539519999932963,2.6679999791667797e-05,0.0040731440003582975,0.0026705145907877487,0.0017000000000000348,0.5341029181575498,26.832816956566635,0.26384879458943344,False,nan,nan,False,False
1750,8.75,0.005004495000321185,0.0007934730001579737,3.0859991966281086e-06,0.0007321989996853517,0.0005697449996659998,2.6770001568365842e-05,0.004162089999226737,0.002395800761931322,0.0014000000000000679,0.4791601523862644,26.83284156809163,0.6203191219655153,False,nan,nan,False,False
1751,8.755,0.004994416000045021,0.0008664600009069545,3.225999535061419e-06,0.0017977400002564536,0.0006404470004781615,2.6879999495577067e-05,0.004094633999557118,0.001910930343299435,0.001100000000000101,0.382186068659887,26.83294706035942,0.5022785960993733,False,nan,nan,False,False
1752,8.76,0.004998293999960879,0.0007886439998401329,2.9359998734435067e-06,0.0007634670000697952,0.0005607380007859319,2.65199996647425e-05,0.004178962000878528,0.0015695590423168142,0.0007999999999999119,0.31391180846336286,26.83772616513521,0.6763568007083988,False,nan,nan,False,False
1753,8.765,0.005012920999433845,0.0008478650015604217,3.326000296510756e-06,0.0018537250016379403,0.0006013449983583996,2.6939998861053027e-05,0.004102798999156221,0.0014748598143424344,0.0009999999999998899,0.29497196286848687,26.834897159223257,0.3554798309946114,False,nan,nan,False,False
1754,8.77,0.0049889260008058045,0.0007895159997133305,2.8659997042268515e-06,0.0007296040002984228,0.0005631129988614703,2.742099968600087e-05,0.004170575999523862,0.001669440358002333,0.0013000000000000789,0.33388807160046663,26.834348052369393,0.3844609384382044,False,nan,nan,False,False
1755,8.775,0.004999745999157312,0.0008448490007140208,3.2459993235534057e-06,0.001793131999875186,0.000599630999204237,2.765200042631477e-05,0.004118378999919514,0.0020733495755946877,0.0016000000000000458,0.4146699151189375,26.83359574574794,0.2685675956592196,False,nan,nan,False,False
1756,8.78,0.005001850000553532,0.0007792260003043339,3.0759983928874135e-06,0.0007285720002982998,0.0005605880014627473,2.645899985509459e-05,0.004179714000201784,0.0025904768977736818,0.0019000000000000128,0.5180953795547365,26.83294656977236,0.32941477705197447,False,nan,nan,False,False
1757,8.785,0.004998033000447322,0.0009076160004042322,3.1150011636782438e-06,0.001800014999389532,0.0005873579993931344,2.7280999347567558e-05,0.004053548000229057,0.003030238385230347,0.0020000000000000018,0.6060476770460693,24.331342181169312,0.42173187027137504,False,nan,nan,False,False
1758,8.790000000000001,0.004998262998924474,0.0007990040012373356,3.0360006348928437e-06,0.0007182730005297344,0.0005761669999628793,2.6749999960884452e-05,0.004162661000009393,0.003338285148335478,0.0020000000000000018,0.6676570296670955,21.16671446361129,0.679805224593548,False,nan,nan,False,False
1759,8.795,0.005002251000405522,0.0008819690010568593,3.1159997888607904e-06,0.0018359219993726583,0.0006473699995694915,2.712099922064226e-05,0.004078443998878356,0.0036408675889296766,0.0020000000000000018,0.7281735177859353,20.78630863746428,0.6075112761805338,False,nan,nan,False,False
1760,8.8,0.004997923000701121,0.0007748179996269755,2.8349986678222194e-06,0.0007228909998957533,0.0005575019986281404,2.647900146257598e-05,0.00418761800028733,0.003988453332683912,0.0020000000000000018,0.7976906665367824,20.788665320395673,0.537058642207068,False,nan,nan,False,False
1761,8.805,0.005002181000236305,0.0008755259987083264,3.236000338802114e-06,0.001799113000743091,0.0006456570008595008,2.6338999305153266e-05,0.004083933999936562,0.004292106026933453,0.0020000000000000018,0.8584212053866905,21.96076536029084,0.8927774650479325,False,nan,nan,False,False
1762,8.81,0.004997111000193399,0.0007965289987623692,3.0150004022289068e-06,0.0007267290002346272,0.0005681519996869611,3.532600021571852e-05,0.00416774100085604,0.0042553821548620765,0.0020000000000000018,0.8510764309724153,13.298826162100799,0.9349532856003532,False,nan,nan,False,False
1763,8.815,0.005004905999157927,0.0008715990006749053,3.1159997888607904e-06,0.0018089820005116053,0.000646779999442515,2.6048999643535353e-05,0.004086689999894588,0.004025744679387257,0.0020000000000000018,0.8051489358774514,16.970682338990585,0.7887713280146973,False,nan,nan,False,False
1764,8.82,0.004994977000023937,0.0007825129996490432,2.9450002330122516e-06,0.0007231220006360672,0.0005559389992413344,2.6248999347444624e-05,0.004186586000287207,0.003829489254649668,0.0020000000000000018,0.7658978509299336,16.971273505637647,0.8701248622561277,False,nan,nan,False,False
1765,8.825000000000001,0.005017839999709395,0.0009362600012536859,3.987001036875881e-06,0.0018574820005596848,0.0006228740003280109,2.8483000278356485e-05,0.004008472998975776,0.0040257453862814485,0.0020000000000000018,0.8051490772562897,16.973812229524636,0.8015566483485422,False,nan,nan,False,False
1766,8.83,0.004984187000445672,0.0007965189997776179,2.9650000215042382e-06,0.0007238929993036436,0.0005726799990952713,2.8053000278305262e-05,0.004167930999756209,0.0036817637915194912,0.0020000000000000018,0.7363527583038982,20.805859002938764,0.8190644297770738,False,nan,nan,False,False
1767,8.835,0.005005446999348351,0.0008863570001267362,3.2759999157860875e-06,0.0017997639988607261,0.0006521190007333644,3.401399953872897e-05,0.004072122001161915,0.0036719837864075417,0.0020000000000000018,0.7343967572815083,20.786925728473136,0.8047133411661078,False,nan,nan,False,False
1768,8.84,0.004997691999960807,0.000788373999967007,2.97599945042748e-06,0.0007192749999376247,0.0005667300010827603,2.7021000278182328e-05,0.004173081000772072,0.0035898872601627945,0.0020000000000000018,0.7179774520325588,12.184550754910633,0.6544497691723481,False,nan,nan,False,False
1769,8.845,0.005006559000321431,0.0009380440005770652,3.256000127294101e-06,0.0018085610008711228,0.0007087049998517614,2.7632000637822784e-05,0.004015606999018928,0.002990767736655521,0.0017000000000000348,0.5981535473311043,26.834460003821512,0.812853487718371,False,nan,nan,False,False
1770,8.85,0.004992423000658164,0.0007900370001152623,3.065999408136122e-06,0.0007267389992193785,0.0005682020000676857,2.685000072233379e-05,0.00416965399926994,0.0034340472942748414,0.0020000000000000018,0.6868094588549681,25.87539876918241,0.6201826249670003,False,nan,nan,False,False
1771,8.855,0.005000547000236111,0.0009014959996420657,2.9559996619354934e-06,0.0018421029999444727,0.0006732090005243663,2.869300078600645e-05,0.004064897999342065,0.0034827736700948986,0.0020000000000000018,0.6965547340189797,17.133707868307063,0.4429399549614443,False,nan,nan,False,False
1772,8.86,0.005018320998715353,0.0009116550008911872,5.190000592847355e-06,0.0007544509990111692,0.0006804419990658062,2.8252999982214533e-05,0.004045792999022524,0.0030441984097561957,0.0017000000000000348,0.608839681951239,26.83291684707013,0.803624029152808,False,nan,nan,False,False
1773,8.865,0.005002271000194014,0.0008883110003807815,3.3160013117594644e-06,0.0018107749983755639,0.000660084000628558,2.8333000955171883e-05,0.004053336999277235,0.003663954968671269,0.0020000000000000018,0.7327909937342537,26.833160717822626,0.6859507565872262,False,nan,nan,False,False
1774,8.870000000000001,0.004979057999662473,0.0007884240003477316,3.125998773612082e-06,0.0007282110000232933,0.0005602269993687514,2.7441999918664806e-05,0.004172630000539357,0.0033588723508257683,0.0017000000000000348,0.6717744701651537,26.832833837708037,0.43900964002467696,False,nan,nan,False,False
1775,8.875,0.00500152000131493,0.0009625689999666065,3.385999661986716e-06,0.0018007159997068811,0.0007420570000249427,2.7341000532032922e-05,0.0039933949992700946,0.00401988488723302,0.0020000000000000018,0.8039769774466042,26.833062080447938,0.8649988527367037,False,nan,nan,False,False
1776,8.88,0.004992461999790976,0.0007888950003689388,2.8750000637955964e-06,0.0005948609996266896,0.0005680320009560091,2.609799958008807e-05,0.004176536998784286,0.0038388722180970718,0.0018257143196096504,0.7677744436194144,26.832831415522435,0.6616318168902083,False,nan,nan,False,False
1777,8.885,0.005006348999813781,0.0009681489991635317,3.2459993235534057e-06,0.0017511030000605388,0.0007353349992627045,2.4835999283823185e-05,0.0039841280013206415,0.0037007758177333,0.0020000000000000018,0.74015516354666,24.992016362947844,1.0387648127501798,False,nan,nan,False,False
1778,8.89,0.004988094000509591,0.0007751289995212574,2.804999894578941e-06,0.0005880790013179649,0.0005549070010602009,2.598899845906999e-05,0.004193209000732168,0.0036482873563509943,0.0020000000000000018,0.7296574712701988,20.86806309691951,0.7407357089956551,False,nan,nan,False,False
1779,8.895,0.0050080319997505285,0.0009714560001157224,3.257000571466051e-06,0.0016795100000308594,0.0007480589993065223,2.688000131456647e-05,0.003990178998719784,0.003352611124708103,0.0020000000000000018,0.6705222249416205,20.78461487065569,0.6873774893120851,False,nan,nan,False,False
1780,8.9,0.004998073000024306,0.0007748079988232348,2.954999217763543e-06,0.0005107950000819983,0.0005533639996428974,2.6879999495577067e-05,0.004187387999991188,0.002920129523315094,0.0018560311058076623,0.5840259046630188,22.538781541751487,0.8357371785979064,False,nan,nan,False,False
1781,8.905,0.00500043700048991,0.0008586149997427128,3.155999365844764e-06,0.0016948679985944182,0.0006041599990567192,2.6129000616492704e-05,0.00407798299966089,0.0023455716072224428,0.0015560311058076606,0.4691143214444885,26.833041919668936,0.7834979106160309,False,nan,nan,False,False
1782,8.91,0.005004985998311895,0.0009163830000034068,6.643000233452767e-06,0.0007162490001064725,0.0006524789987452095,3.7830999644938856e-05,0.00406243400175299,0.002059220021399225,0.0015468578206705441,0.411844004279845,24.003955971176357,0.542556834872006,False,nan,nan,False,False
1783,8.915000000000001,0.00503125500108581,0.0012224059992149705,3.998000465799123e-06,0.0018701259996305453,0.0008546669996576384,4.554499901132658e-05,0.003743197001313092,0.00168185922248272,0.0012468578206705772,0.336371844496544,26.832860260137313,0.4597720144611253,False,nan,nan,False,False
1784,8.92,0.005044530000304803,0.0014026119988557184,6.131000191089697e-06,0.0008042440003919182,0.0009868150009424426,4.744899888464715e-05,0.0035217639997426886,0.0015221423689482482,0.0009468578206703882,0.30442847378964966,26.832816725751083,0.39508791137172566,False,nan,nan,False,False
1785,8.925,0.005002230998798041,0.0014536070011672564,5.881000106455758e-06,0.001871948999905726,0.0010493010013306048,4.6226999984355643e-05,0.003471509999144473,0.001868802178320464,0.0010000000000000009,0.3737604356640928,26.832816105828602,0.39198007453210554,False,nan,nan,False,False
1786,8.93,0.005016558001443627,0.0014450409998971736,6.833000952610746e-06,0.0007837840003048768,0.0010360260002926225,5.4801999795017764e-05,0.0034574429992062505,0.0021025441358651312,0.0013000000000000789,0.42050882717302623,26.832853906954707,0.25689314404971564,False,nan,nan,False,False
1787,8.935,0.00498276399957831,0.0015018379999673925,6.251000741031021e-06,0.0018388970001979033,0.001130472999648191,4.4894000893691555e-05,0.0034150840001530014,0.002729912674056545,0.0016000000000000458,0.5459825348113091,26.833247397121806,0.5240136689520002,False,nan,nan,False,False
1788,8.94,0.0049933139998756815,0.001524530000097002,5.951000275672413e-06,0.0006644730001426069,0.0009777569994184887,5.3470001148525625e-05,0.003400808000151301,0.0030758238017334627,0.0019000000000000128,0.6151647603466925,26.833258667072357,0.2338194957809856,False,nan,nan,False,False
1789,8.945,0.005008864000046742,0.001528857999801403,6.171998393256217e-06,0.0017815600003814325,0.0011295120002614567,4.469399937079288e-05,0.003392721999261994,0.003269396622951976,0.0020000000000000018,0.6538793245903952,21.540745565310353,0.5880744711546573,False,nan,nan,False,False
1790,8.950000000000001,0.005026937000366161,0.0015348189990618266,6.923000910319388e-06,0.0006348169990815222,0.0011284189986326965,4.5244998545967974e-05,0.0033506330000818707,0.0034171949708472252,0.0020000000000000018,0.683438994169445,20.784613671817468,0.5959649049930947,False,nan,nan,False,False
1791,8.955,0.004973265999069554,0.0014904969993949635,7.92500031820964e-06,0.0016825849997985642,0.0011005680007656338,4.369199996290263e-05,0.0034230890014441684,0.003516459595019537,0.0020000000000000018,0.7032919190039074,17.435595784076934,0.5869246206099202,False,nan,nan,False,False
1792,8.96,0.0049919819994102,0.0014991630014264956,6.03199987381231e-06,0.0005478740004036808,0.0009776170008990448,4.4873999286210164e-05,0.0034236899991810787,0.003608844270730099,0.0020000000000000018,0.7217688541460197,16.97059312146527,0.5491537445660041,False,nan,nan,False,False
1793,8.965,0.0050038740009767935,0.001499153000622755,5.661000614054501e-06,0.00161678199947346,0.0010993849991791649,4.414199975144584e-05,0.003428217998589389,0.003747268757251929,0.0020000000000000018,0.7494537514503857,16.97056363876487,0.6622431564859446,False,nan,nan,False,False
1794,8.97,0.00501206899934914,0.001570586000525509,6.592001227545552e-06,0.0004787149991898332,0.0010349050007789629,4.61470008303877e-05,0.003333602000566316,0.003926867568243379,0.0020000000000000018,0.7853735136486758,16.970566766857857,0.7302614345767867,False,nan,nan,False,False
1795,8.975,0.004976914000508259,0.0015583229996991577,5.83099972573109e-06,0.001541933001135476,0.00117173000035109,6.048300019756425e-05,0.0033724639997672057,0.0038650428030653017,0.0020000000000000018,0.7730085606130603,24.000000437700898,0.8109865752360813,False,nan,nan,False,False
1796,8.98,0.005009795000660233,0.0015279359995474806,6.222000592970289e-06,0.0009910019998642383,0.0009904910002660472,4.539499968814198e-05,0.0033906280004885048,0.004363648672890974,0.0020000000000000018,0.8727297345781947,23.01091162963357,0.8478561243303804,False,nan,nan,False,False
1797,8.985,0.004999916000087978,0.0027672629985318054,1.4356999599840492e-05,0.0015618299985362682,0.002154096999220201,4.499399983615149e-05,0.002148577001207741,0.0044721361820732166,0.0020000000000000018,0.8944272364146432,10.241244619052312,0.8484453368997233,False,nan,nan,False,False
1798,8.99,0.004990057999748387,0.001446223999664653,5.91100069868844e-06,0.0007636080008524004,0.0009877459997369442,6.423999911930878e-05,0.0034969369989994448,0.004034241312665383,0.0020000000000000018,0.8068482625330767,21.175819919439427,0.9884410287369794,False,nan,nan,False,False
1799,8.995000000000001,0.005033059000197682,0.0015064059989526868,6.853000741102733e-06,0.0014272080006776378,0.0010617940006341087,4.527400051301811e-05,0.003390318001038395,0.004146831987947322,0.0020000000000000018,0.8293663975894644,21.088335869507592,1.0215398441454877,False,nan,nan,False,False
1800,9.0,0.004973326998879202,0.0014927900010661688,5.641000825562514e-06,0.0008621319993835641,0.0009898600001179148,4.578500011120923e-05,0.003435702999922796,0.003482270849999836,0.0017000000000000348,0.6964541699999672,26.832845344355626,0.9101794216829686,False,nan,nan,False,False
1801,9.005,0.005004004000511486,0.0015587540001433808,5.85100133321248e-06,0.001427428000170039,0.0010687280009733513,4.3932001062785275e-05,0.0033587880006962223,0.0032506191209812647,0.0020000000000000018,0.650123824196253,24.000011051131604,1.0382636361137743,False,nan,nan,False,False
1802,9.01,0.004991379999410128,0.0014167389999784064,5.529998816200532e-06,0.0008591860005253693,0.0009876670010271482,4.502400042838417e-05,0.003521062000800157,0.0028093763729900418,0.0017000000000000348,0.5618752745980083,25.19253137057247,0.831016711383527,False,nan,nan,False,False
1803,9.015,0.0050272879998374265,0.0015030400008981815,6.6829998104367405e-06,0.002016398999330704,0.001114644001063425,4.4672999138128944e-05,0.0033968000007007504,0.0025937645230150823,0.0020000000000000018,0.5187529046030165,26.832859532704813,0.6501271542174853,False,nan,nan,False,False
1804,9.02,0.004974078001396265,0.0014741859995410778,5.5799991969252005e-06,0.0008683140003995504,0.0009747120002430165,4.4762999095837586e-05,0.0034579139992274577,0.0020155951906249414,0.0017000000000000348,0.4031190381249883,26.833005004059164,0.49151731400134563,False,nan,nan,False,False
1805,9.025,0.005005446999348351,0.0014776520001760218,5.800000508315861e-06,0.0019951099984609755,0.001116026000090642,4.349200025899336e-05,0.0034434669996699085,0.0015158141444057863,0.0014000000000000679,0.30316282888115725,26.834526953926044,0.6074778873894435,False,nan,nan,False,False
1806,9.03,0.004997312000341481,0.0014744460004294524,5.900999894947745e-06,0.0008655980000185082,0.0009807829992496409,4.4883998270961456e-05,0.0034573029988678172,0.0011971804297255604,0.001100000000000101,0.23943608594511206,26.86253380414974,0.2931924039109126,False,nan,nan,False,False
1807,9.035,0.005019923999498133,0.0015107740000530612,6.6829998104367405e-06,0.0014459119993261993,0.0011228189996472793,4.453300061868504e-05,0.003394474999367958,0.001211515060073698,0.0007999999999999119,0.2423030120147396,26.867812421274653,0.17815270555411553,False,nan,nan,False,False
1808,9.040000000000001,0.004982473999916692,0.0014810779994149925,5.941001290921122e-06,0.0008685739994689357,0.0009885779982141685,4.49740000476595e-05,0.003440552000029129,0.0015504348403953025,0.000999851863894688,0.3100869680790605,26.89091765039404,0.21269534084589556,False,nan,nan,False,False
1809,9.045,0.004996670000764425,0.0015033999989100266,5.880998287466355e-06,0.0019907409987354185,0.0011256640009378316,5.911999869567808e-05,0.003424882999752299,0.0019404597453233877,0.0012998518638946827,0.38809194906467753,24.035595483948438,0.322556959010007,False,nan,nan,False,False
1810,9.05,0.005014663998736069,0.0014292920004663756,6.272000973694958e-06,0.0007427380005537998,0.0010101080006279517,5.408099968917668e-05,0.003480526000203099,0.002517518373788124,0.0015998518638946843,0.5035036747576248,26.85021057978281,0.2655718268583723,False,nan,nan,False,False
1811,9.055,0.004985850000593928,0.0017319779999525053,6.001000656397082e-06,0.0018523229991842527,0.0011846850011352217,4.581500070344191e-05,0.0031926980009302497,0.0031322307856766173,0.001899851863894686,0.6264461571353235,26.835692814940014,0.4224198791418473,False,nan,nan,False,False
1812,9.06,0.005002051000701613,0.0013823339995724382,6.100999598857015e-06,0.000804142999186297,0.0009793710014491808,4.441299824975431e-05,0.0035538829997676658,0.0036530044588949165,0.0020000000000000018,0.7306008917789832,24.332117142604634,0.423582686874038,False,nan,nan,False,False
1813,9.065,0.005013852000047336,0.001466611998694134,6.080999810365029e-06,0.001875265999842668,0.0010912100005953107,4.468299994186964e-05,0.003442305000135093,0.004045670916536989,0.0020000000000000018,0.8091341833073977,21.16619154423045,0.7065364638763593,False,nan,nan,False,False
1814,9.07,0.004985118999684346,0.0013605439999082591,5.719999535358511e-06,0.0007887649990152568,0.000980703000095673,5.407100070442539e-05,0.00356014499993762,0.00420594882183205,0.0020000000000000018,0.8411897643664098,12.896563148100554,0.5349995255018111,False,nan,nan,False,False
1815,9.075000000000001,0.004996560999643407,0.001471240000682883,5.940999471931718e-06,0.0018621420003910316,0.001111698000386241,4.414199975144584e-05,0.003462773000137531,0.004308133505539215,0.0020000000000000018,0.861626701107843,12.00250095491771,0.7403277721424327,False,nan,nan,False,False
1816,9.08,0.005023089999667718,0.001429411000572145,6.461999873863533e-06,0.0008192919995053671,0.0010142650007765042,5.656600114889443e-05,0.0034742850002658088,0.004428319134210753,0.0020000000000000018,0.8856638268421505,12.000021199683896,0.7068703817301769,False,nan,nan,False,False
1817,9.085,0.0049784960010583745,0.001469236000048113,5.780999345006421e-06,0.001869734998763306,0.001108132000808837,4.436300150700845e-05,0.003455569998550345,0.004472136658852691,0.0020000000000000018,0.894427331770538,4.000100465084649,0.8556884900284548,False,nan,nan,False,False
1818,9.09,0.005000537999876542,0.0013992549993417924,6.001000656397082e-06,0.0007917100010672584,0.0010208579988102429,4.4873999286210164e-05,0.0035334149997652275,0.004445003437868383,0.0020000000000000018,0.8890006875736766,2.457615218517304,0.8990993038739915,False,nan,nan,False,False
1819,9.095,0.005006117999073467,0.0015171160011959728,5.800999133498408e-06,0.0018701259996305453,0.0011460730001999764,5.3640000260202214e-05,0.0034082610000041313,0.004322604784770033,0.0020000000000000018,0.8645209569540064,12.000283892390724,0.8666906747168779,False,nan,nan,False,False
1820,9.1,0.005015345001083915,0.0014512629986711545,6.402000508387573e-06,0.0008160450015566312,0.001005389998681494,5.1155999244656414e-05,0.003452554001341923,0.003946110094048618,0.0020000000000000018,0.7892220188097236,20.785008048901823,0.8655180815825368,False,nan,nan,False,False
1821,9.105,0.004978846998710651,0.001498883000749629,5.810999937239103e-06,0.0018724699984886684,0.0011189619999640854,4.486400030145887e-05,0.003422636998948292,0.0036791328735792024,0.0020000000000000018,0.7358265747158406,24.001018665941203,0.8323692324604002,False,nan,nan,False,False
1822,9.11,0.004998565000278177,0.0013558440004999284,5.670000973623246e-06,0.0007882139998400817,0.000982035999186337,4.452299981494434e-05,0.0035655749998113606,0.003630704350581471,0.0020000000000000018,0.7261408701162942,26.836367068525877,0.8264356795917169,False,nan,nan,False,False
1823,9.115,0.00499683000089135,0.0014876509994792286,5.6200005928985775e-06,0.0018679320000956068,0.0011262759999226546,4.299099964555353e-05,0.003458254999713972,0.0032012339963845057,0.0017000000000000348,0.6402467992769012,26.832859860522426,0.7328128842065986,False,nan,nan,False,False
1824,9.120000000000001,0.0050343610000709305,0.0014189729990903288,6.803000360378064e-06,0.00083098299910489,0.0010093869987031212,5.376999979489483e-05,0.003505803000734886,0.0025561686681038107,0.0014000000000000679,0.5112337336207622,26.850663185306455,0.8550494278517055,False,nan,nan,False,False
1825,9.125,0.00500654899951769,0.0014697379992867354,6.240999937290326e-06,0.001905462999275187,0.0010847069988813018,4.5094000597600825e-05,0.003415344001041376,0.0022449637937822435,0.0014000000000000679,0.44899275875644873,26.83287197376736,0.6803106752922887,False,nan,nan,False,False
1826,9.13,0.004956865999702131,0.001357768000161741,5.7299985201098025e-06,0.0007865000006859191,0.0009787590006453684,4.3171001379960217e-05,0.0035697339990292676,0.002324995037308553,0.0014000000000000679,0.4649990074617106,26.834540895605812,0.5185687137708147,False,nan,nan,False,False
1827,9.135,0.004998714999601361,0.0014616019998356933,5.700998372049071e-06,0.0018604479992063716,0.0011000960003002547,4.462300057639368e-05,0.003477289999864297,0.002826922314441792,0.0017000000000000348,0.5653844628883584,26.83287926582262,0.47030996910843925,False,nan,nan,False,False
1828,9.14,0.0050266560010641115,0.0014205159986886429,6.682001185254194e-06,0.0008173379992513219,0.0010154780011362163,5.414100087364204e-05,0.003489953000098467,0.0031300824774339584,0.0020000000000000018,0.6260164954867916,26.837840985882846,0.5045776193283784,False,nan,nan,False,False
1829,9.145,0.004986922000171035,0.0014565429992217105,5.77100036025513e-06,0.0018774300006043632,0.0010943060005956795,4.3081001422251575e-05,0.0034596980003698263,0.003003880612799516,0.0017000000000000348,0.6007761225599032,26.832926772351087,0.7589712200500585,False,nan,nan,False,False
1830,9.15,0.004992071999367909,0.0013718249992962228,5.410000085248612e-06,0.0007950360013637692,0.000983578998784651,5.414099905465264e-05,0.0035506170006556204,0.003239571639750208,0.0020000000000000018,0.6479143279500417,24.008856880248917,0.39599967461156876,False,nan,nan,False,False
1831,9.155,0.004995217999749002,0.0014882520008541178,5.591000444837846e-06,0.0018652269991434878,0.0011148739995405776,4.3742000343627296e-05,0.0034388690000923816,0.003048105303164974,0.0017000000000000348,0.6096210606329949,26.834191754559537,0.5163020446948439,False,nan,nan,False,False
1832,9.16,0.005000888999347808,0.001365753001664416,5.89099909120705e-06,0.0007947459998831619,0.0009722879985929467,4.471400097827427e-05,0.0035695919996214798,0.0031538988318570572,0.001959844502991137,0.6307797663714115,26.832970545893545,0.5688226569894472,False,nan,nan,False,False
1833,9.165000000000001,0.005026496000937186,0.0015761159993417095,6.923000910319388e-06,0.0018849940006475663,0.0010769529999379301,4.6006000047782436e-05,0.0033322689996566623,0.0030126974597993635,0.0020000000000000018,0.6025394919598727,24.054623340033157,0.6873795698794732,False,nan,nan,False,False
1834,9.17,0.004985739999028738,0.0013755810014117742,5.990999852656387e-06,0.0008021100002224557,0.000986323999313754,4.440299926500302e-05,0.003556157998900744,0.003326574823154217,0.0020000000000000018,0.6653149646308435,24.002630541683235,0.6373679576900129,False,nan,nan,False,False
1835,9.175,0.005008322001231136,0.0014632459988206392,5.960999260423705e-06,0.0018792930004565278,0.0010883450013352558,4.2468998799449764e-05,0.003445260001171846,0.0031490185391204765,0.0020000000000000018,0.6298037078240952,21.166576563956568,0.6076888159870587,False,nan,nan,False,False
1836,9.18,0.00498033999974723,0.0013675160007551312,5.990999852656387e-06,0.000793462999354233,0.0009763649995875312,4.384199928608723e-05,0.0035696339982678182,0.0029860601784564966,0.0020000000000000018,0.5972120356912992,20.78483453377836,0.7569098010934925,False,nan,nan,False,False
1837,9.185,0.005024812999181449,0.001497259001553175,6.671998562524095e-06,0.0018975470011355355,0.00110908300121082,4.491400068218354e-05,0.003416015999391675,0.002908056742358524,0.0020000000000000018,0.5816113484717048,20.78633423580828,0.5987567114656933,False,nan,nan,False,False
1838,9.19,0.004988284999853931,0.0013734870008192956,5.881000106455758e-06,0.0008043540001381189,0.000990552000075695,4.4694001189782284e-05,0.0035465300006762845,0.0026592966478636636,0.0019091443669769087,0.5318593295727327,24.275813494616603,0.6135849920969058,False,nan,nan,False,False
1839,9.195,0.0049934240014408715,0.0014793359987379517,5.9419999161036685e-06,0.0018747849990177201,0.0011158859997522086,4.386200089356862e-05,0.0034385680010018405,0.00238884585995632,0.001609144366976907,0.47776917199126395,26.833425094490792,0.6029078182251247,False,nan,nan,False,False
1840,9.200000000000001,0.004991210998923634,0.0013677870010724291,6.050999218132347e-06,0.000792680999438744,0.0009850719998212298,4.3000000005122274e-05,0.0035588020000432152,0.0022893960120963356,0.0013091443669769054,0.4578792024192671,26.83303859379594,0.5924633823328076,False,nan,nan,False,False
1841,9.205,0.004998313001124188,0.0016035479984566336,5.539999619941227e-06,0.0018652059989108238,0.0012280360006116098,4.395199903228786e-05,0.003329223000037018,0.0023824515647714478,0.0016000000000000458,0.4764903129542895,26.83282421741624,0.4125940914074827,False,nan,nan,False,False
1842,9.21,0.005007851999835111,0.001366094000331941,5.560001227422617e-06,0.0007963290008774493,0.0009785789989109617,4.432299829204567e-05,0.0035573489985836204,0.0028673669285261194,0.0019000000000000128,0.573473385705224,26.832816708952034,0.44992468781000833,False,nan,nan,False,False
1843,9.215,0.004995076998966397,0.0014392310004041065,5.759999112342484e-06,0.0018740840005193604,0.0010124130003532628,4.284999886294827e-05,0.0034884310007328168,0.003096189956256262,0.0020000000000000018,0.6192379912512525,21.603672708654553,0.4494994229828994,False,nan,nan,False,False
1844,9.22,0.005002752001018962,0.0013566959987656446,5.819998477818444e-06,0.0007967900000949157,0.0009700440004962729,4.1989000237663276e-05,0.0035658260003401665,0.0032720398293981053,0.0020000000000000018,0.6544079658796211,24.00004824054751,0.5220642602849787,False,nan,nan,False,False
1845,9.225,0.005001569999876665,0.0014722819996677572,5.900999894947745e-06,0.001869715999418986,0.0011084420002589468,4.28100011049537e-05,0.003460588999587344,0.003431831904144311,0.0020000000000000018,0.6863663808288621,21.299500423446993,0.5757881747914446,False,nan,nan,False,False
1846,9.23,0.005022629000450252,0.0014310049991763663,6.632000804529525e-06,0.0008177890013030265,0.0010129439997399459,5.3449999541044235e-05,0.003486427000098047,0.0034780873439488624,0.0020000000000000018,0.6956174687897724,17.43674694543886,0.5409564916191351,False,nan,nan,False,False
1847,9.235,0.005005125998650328,0.001499973999671056,6.6020002122968435e-06,0.001915069999085972,0.0011064880000049016,4.533399987849407e-05,0.0034157760001107818,0.0035194749800597012,0.0020000000000000018,0.7038949960119402,16.97160258964706,0.6812946192694423,False,nan,nan,False,False
1848,9.24,0.005035263000536361,0.0014472750008280855,7.413000275846571e-06,0.0007637480011908337,0.0010243739998259116,4.86209992232034e-05,0.00341496399960306,0.0036105844703735964,0.0020000000000000018,0.7221168940747194,16.971032693928642,0.6743448306395201,False,nan,nan,False,False
1849,9.245000000000001,0.004936347000693786,0.0014314459986053407,6.100999598857015e-06,0.0017815699993661838,0.0010089759998663794,4.4312999307294376e-05,0.0034901650014944607,0.003747798624827477,0.0020000000000000018,0.7495597249654954,16.97243889897727,0.7270440764439453,False,nan,nan,False,False
1850,9.25,0.004993504999220022,0.0013690489995497046,5.671001417795196e-06,0.0006649429997196421,0.0009752130008564563,4.4483998863142915e-05,0.0035561380009312415,0.003926264615734561,0.0020000000000000018,0.7852529231469122,16.97370925620579,0.7783395551008236,False,nan,nan,False,False
1851,9.255,0.00499319399932574,0.0015704960005678004,5.461000910145231e-06,0.001775118000296061,0.0011879609992320184,4.392200025904458e-05,0.003366292999999132,0.0041406752043108355,0.0020000000000000018,0.8281350408621672,16.97173756058756,0.8366375378047135,False,nan,nan,False,False
1852,9.26,0.005010326000046916,0.001465630000893725,6.121999831520952e-06,0.0006196480007929495,0.0009914940001181094,4.3971998820779845e-05,0.0034661289992072852,0.0035564577438017804,0.0017000000000000348,0.7112915487603562,24.49117171263078,0.8454049869532669,False,nan,nan,False,False
1853,9.265,0.005006900000807946,0.0014900250007485738,7.835000360500999e-06,0.001706610000837827,0.0011127710004075198,4.267999975127168e-05,0.0034359629989921814,0.0030454378331440084,0.001664090762514947,0.6090875666288016,24.00110439832421,0.9371775280518241,False,nan,nan,False,False
1854,9.27,0.004999576000045636,0.001453546999982791,5.931000487180427e-06,0.0005550080004468327,0.0009728389995871112,4.3341000491636805e-05,0.003464135999820428,0.0025754464551868595,0.001661907904562554,0.5150892910373719,24.00016660347119,0.7809373532602151,False,nan,nan,False,False
1855,9.275,0.004988504999346333,0.0014362849997269223,7.483999070245773e-06,0.0016453349999210332,0.0010789870011649327,4.2548999772407115e-05,0.0034945020015584305,0.002939480543995956,0.0014611946996989644,0.5878961087991912,25.309644635858223,0.5424126414210543,False,nan,nan,False,False
1856,9.28,0.005000828001357149,0.0014419459985219873,5.501000487129204e-06,0.0005417530010163318,0.0009579010002198629,4.369199996290263e-05,0.0034861270014516776,0.00288916845709582,0.0017000000000000348,0.5778336914191641,24.344624977416927,0.70887211157611,False,nan,nan,False,False
1857,9.285,0.0049955989998125006,0.0014428969989239704,4.92899926030077e-06,0.0016144389992405195,0.001085349000277347,4.3149999328306876e-05,0.003491086001304211,0.002993261412303342,0.0014000000000000679,0.5986522824606685,26.640227379582885,0.9943547867777821,False,nan,nan,False,False
1858,9.290000000000001,0.005002220999813289,0.001437195998732932,5.5199998314492404e-06,0.0010086460006277775,0.000976104000073974,4.317999992053956e-05,0.0034946830000990303,0.0024011980263528403,0.001100000000000101,0.480239605270568,24.31543468683765,0.5389426957788844,False,nan,nan,False,False
1859,9.295,0.005001018000257318,0.0014606099994125543,5.289999535307288e-06,0.0014801069992245175,0.0010918710013356758,5.377100023906678e-05,0.0034687850002228515,0.0021297053240669044,0.001320978325507302,0.4259410648133809,22.786333903702293,0.6329519513607412,False,nan,nan,False,False
1860,9.3,0.005000146999009303,0.0014158770009089494,5.461000910145231e-06,0.0009343060009996407,0.000967219000813202,4.498399903241079e-05,0.0035157719994458603,0.0014809477210044586,0.0010209783255073004,0.2961895442008917,26.832828311739757,0.31002420637107914,False,nan,nan,False,False
1861,9.305,0.005004205000659567,0.001478162999774213,5.280000550555997e-06,0.0020142949997534743,0.0011095840000052704,5.2869001592625864e-05,0.0034483159997762414,0.0014201994332933541,0.001320978325507302,0.2840398866586708,25.897289470380255,0.41866496992286406,False,nan,nan,False,False
1862,9.31,0.004998262998924474,0.0013399050003499724,5.631000021821819e-06,0.0008562210005038651,0.0009541740000713617,4.361100036476273e-05,0.0035883580003428506,0.0010394576561999784,0.0010209783255073004,0.2078915312399957,26.832815808133347,0.3795207307187146,False,nan,nan,False,False
1863,9.315,0.0049967610011663055,0.001427217999662389,5.149999196873978e-06,0.0019456069985608337,0.0010612440000841161,4.339099905337207e-05,0.003505593000227236,0.0012635855452508124,0.001035606240307737,0.2527171090501625,24.00713148089443,0.39439937715641066,False,nan,nan,False,False
1864,9.32,0.005004234999432811,0.0013467669996316545,4.989000444766134e-06,0.0007919700001366436,0.0009607859992684098,4.4102000174461864e-05,0.0035810240005957894,0.00150710875411367,0.0007356062403077353,0.30142175082273404,26.83281632114564,0.17045704292001632,False,nan,nan,False,False
1865,9.325000000000001,0.005000717999791959,0.0014349720004247501,5.40000110049732e-06,0.0018620210012159077,0.0010745190011220984,4.386200089356862e-05,0.003494291999231791,0.0019444971943546993,0.0010000000000000009,0.38889943887093986,26.1376408226337,0.31842721997978374,False,nan,nan,False,False
1866,9.33,0.004998884000087855,0.00136026300060621,5.690000762115233e-06,0.0007878819997131359,0.0009799319996091072,5.263800085231196e-05,0.0035702539989870274,0.0024962148211674987,0.0013000000000000789,0.4992429642334998,26.832819295754483,0.13893207033010013,False,nan,nan,False,False
1867,9.335,0.0050054969997290755,0.0014388700001291,5.980999048915692e-06,0.0018654770010471111,0.0010761619996628724,4.287000047042966e-05,0.0034845139998651575,0.0030953358735424574,0.0016000000000000458,0.6190671747084915,26.832826620386427,0.39849184132601295,False,nan,nan,False,False
1868,9.34,0.004995839000912383,0.0014834929988865042,5.640000381390564e-06,0.0006906509988766629,0.0009781179996934952,4.505400102061685e-05,0.0034432070006005233,0.0036727506833929917,0.0019000000000000128,0.7345501366785984,25.225563787429085,0.29479080367083765,False,nan,nan,False,False
1869,9.345,0.00499419599873363,0.0013806410006509395,5.650999810313806e-06,0.0017844359990704106,0.0009799510007724166,4.3059999370598234e-05,0.0035507379998307442,0.00389792118096807,0.0020000000000000018,0.7795842361936138,14.013098742608053,0.5915369472930874,False,nan,nan,False,False
1870,9.35,0.005000398001357098,0.0013981929987494368,5.289999535307288e-06,0.0006660350009042304,0.0009868240013020113,4.2559999201330356e-05,0.0035321630002727034,0.0035409358472182377,0.0017000000000000348,0.7081871694436476,24.049306054242052,0.6014908575781298,False,nan,nan,False,False
1871,9.355,0.005000346998713212,0.0014220980010577478,5.369998689275235e-06,0.001780438000423601,0.0010630169999785721,4.3461999666760676e-05,0.003520641999784857,0.0033748415543713196,0.0017495639867504131,0.674968310874264,20.855375990561935,0.7829283971751725,False,nan,nan,False,False
1872,9.36,0.005012820000047213,0.0013968220009701326,5.870999302715063e-06,0.0006296769988693995,0.0009562780014675809,4.3391000872361474e-05,0.0035234759998274967,0.002905890893324381,0.0014495639867504462,0.5811781786648762,20.260771296398534,0.6749717485340601,False,nan,nan,False,False
1873,9.365,0.004997362000722205,0.0014757690005353652,8.064998837653548e-06,0.0017017210011545103,0.0011032620004698401,4.236999848217238e-05,0.003445640999416355,0.002239933991259693,0.0011495639867504792,0.4479867982519386,26.832826767322764,0.69367511271427,False,nan,nan,False,False
1874,9.370000000000001,0.004989647999536828,0.0014139129998511635,5.4299998737405986e-06,0.000544037000508979,0.0009602750014892081,4.223899850330781e-05,0.003516253000270808,0.0016625134411254793,0.0008495639867505123,0.3325026882250958,24.390432193401544,0.6009864131594211,False,nan,nan,False,False
1875,9.375,0.005000598001061007,0.0014496200001303805,7.2830007411539555e-06,0.0016683689991623396,0.0010897069987549912,4.2800000301213004e-05,0.0034813469992514,0.0010110645145873088,0.0005495639867505453,0.20221290291746177,26.832838357825192,0.4641138706377042,False,nan,nan,False,False
1876,9.38,0.0050011280000035185,0.0014300940001703566,5.590000000665896e-06,0.0005447490002552513,0.0009759250006027287,4.1187000533682294e-05,0.003507716999592958,0.001205246417558762,0.0008495639867505123,0.2410492835117524,26.832860462644145,0.396658349838129,False,nan,nan,False,False
1877,9.385,0.005006620000131079,0.0014277079990279162,5.410000085248612e-06,0.0016205700012505986,0.0010737669999798527,4.146799983573146e-05,0.003493801999866264,0.0008893354726813728,0.0005495639867505453,0.17786709453627456,26.832999825662768,0.1955129306237786,False,nan,nan,False,False
1878,9.39,0.00498808399970585,0.0014398519997484982,4.949999492964707e-06,0.001010059000691399,0.0009686810008133762,4.423300015332643e-05,0.0034955440005433047,0.0015170004596917462,0.0008495639867505123,0.3034000919383492,26.833167362167735,0.2963706823950623,False,nan,nan,False,False
1879,9.395,0.005002841999157681,0.0014365460010594688,4.9600002967054024e-06,0.0015448880003532395,0.0010817530001077102,4.2559999201330356e-05,0.003495573999316548,0.0016491162001058034,0.0009999999999998899,0.3298232400211607,26.833014188752074,0.19448695116849857,False,nan,nan,False,False
1880,9.4,0.00500041800114559,0.0015400579995912267,5.049001629231498e-06,0.00043160700079170056,0.0010978820009768242,5.625599987979513e-05,0.0033933539998542983,0.002144501167322427,0.0013000000000000789,0.42890023346448536,25.847571168459016,0.2637076652160381,False,nan,nan,False,False
1881,9.405,0.005001608999009477,0.0014325080010166857,5.249999958323315e-06,0.0015447480000148062,0.0010774239999591373,4.2358999053249136e-05,0.0034967369992955355,0.002548183130844473,0.0016000000000000458,0.5096366261688946,26.83282227851025,0.4319771360102552,False,nan,nan,False,False
1882,9.41,0.004996400000891299,0.0014038339995749993,5.199999577598646e-06,0.0009842199997365242,0.0009485930004302645,4.198899841867387e-05,0.003543483999237651,0.0030475548445407273,0.0019000000000000128,0.6095109689081455,26.832816097860814,0.34805639399688343,False,nan,nan,False,False
1883,9.415000000000001,0.005017749999751686,0.0014828919993306044,5.640999006573111e-06,0.0015672889985580696,0.0009858030007308116,4.218899994157255e-05,0.00343142500059912,0.0034515797778228077,0.0020000000000000018,0.6903159555645615,23.302169154827297,0.5402794836877266,False,nan,nan,False,False
1884,9.42,0.004983826998795848,0.0014017100002092775,5.37999949301593e-06,0.0009888980002870085,0.0009484629990765825,4.364099913800601e-05,0.00352762400143547,0.0033057016890107884,0.0020000000000000018,0.6611403378021576,24.73011400419313,0.47252245219683575,False,nan,nan,False,False
1885,9.425,0.004996749999918393,0.001455551000617561,5.539999619941227e-06,0.0015369829998235218,0.0010952669999824138,4.230900049151387e-05,0.003479283999695326,0.0033521813315895137,0.0020000000000000018,0.6704362663179027,15.798189907777573,0.715807678555529,False,nan,nan,False,False
1886,9.43,0.005004716000257758,0.0014349920002132421,5.641000825562514e-06,0.000991564000287326,0.000971585999650415,4.316100057621952e-05,0.0034918680012197,0.003217050608808109,0.0017000000000000001,0.6434101217616218,19.56928192806054,0.5398684276308384,False,nan,nan,False,False
1887,9.435,0.004992222000510083,0.0014256449994718423,5.1200004236306995e-06,0.0015268850002030376,0.0010685079996619606,4.183899909548927e-05,0.003510653001285391,0.0030313665069999747,0.0018895129901339708,0.606273301399995,26.612727457040542,0.7220076713868462,False,nan,nan,False,False
1888,9.44,0.005007780999221723,0.0013494430004357127,5.580001015914604e-06,0.0009393969994562212,0.0009587829990778118,4.8741001592134126e-05,0.003582205999919097,0.0027031999565902565,0.0019640235521383373,0.5406399913180513,21.265590936710954,0.8135260891885114,False,nan,nan,False,False
1889,9.445,0.005005998000342515,0.0014271680011006538,5.8610003179637715e-06,0.0020248050004738616,0.0010699199992814101,4.2580000808811747e-05,0.0034967169995070435,0.002092345287358805,0.001664023552138339,0.41846905747176094,26.832837051708534,0.6942856895170041,False,nan,nan,False,False
1890,9.450000000000001,0.004992623000362073,0.0013358870000956813,5.421001333161257e-06,0.0008602979996794602,0.0009409790000063367,4.4783000703318976e-05,0.003594429999793647,0.001603332228265597,0.0013640235521383375,0.3206664456531194,24.160130067469407,0.6383771036553836,False,nan,nan,False,False
1891,9.455,0.004997943000489613,0.00145764499939105,5.681000402546488e-06,0.001986183000553865,0.0010951069998554885,4.151800021645613e-05,0.003474425000604242,0.0011043800031522468,0.0010640235521383393,0.22087600063044938,26.832916876329847,0.2923517954586405,False,nan,nan,False,False
1892,9.46,0.005002851999961422,0.0013257579994387925,4.969000656274147e-06,0.0008548079986212542,0.0009477410003455589,4.2800000301213004e-05,0.0036056909993931185,0.0015060241517962428,0.0013640235521383375,0.30120483035924855,26.837963024252144,0.5090833840981688,False,nan,nan,False,False
1893,9.465,0.005004134000046179,0.001440392999938922,5.640000381390564e-06,0.001990610999200726,0.0010697399993659928,4.173900015302934e-05,0.0034847839997382835,0.0014131329217040365,0.0010640235521383393,0.28262658434080734,26.83463856798318,0.20041136097626452,False,nan,nan,False,False
1894,9.47,0.004995108000002801,0.0012749229990731692,5.4299998737405986e-06,0.0008544469983462477,0.0008939110011851881,5.130600038683042e-05,0.0036633480012824293,0.0016204627450197595,0.0009505896282893112,0.3240925490039519,26.83342419798621,0.3862186398315317,False,nan,nan,False,False
1895,9.475,0.0050211859997943975,0.0015898629990260815,6.150999979581684e-06,0.0020116499999858206,0.0011151949984196108,4.130700108362362e-05,0.003318513001431711,0.0020043433521909964,0.0012505896282892781,0.40086867043819924,26.834843483745864,0.3952713951497329,False,nan,nan,False,False
1896,9.48,0.004974498999217758,0.001249095999810379,4.998999429517426e-06,0.0008525529992766678,0.0008890919998520985,4.180799987807404e-05,0.003683024000565638,0.0024667693166033878,0.001550589628289245,0.4933538633206776,24.197262589474082,0.3372323264605293,False,nan,nan,False,False
1897,9.485,0.005000218001441681,0.0013845779994881013,5.280000550555997e-06,0.001996401999349473,0.0010296649998053908,4.1897999835782684e-05,0.0035497859989845892,0.002986662250407615,0.001850589628289212,0.597332450081523,26.83313333949737,0.5865462043497527,False,nan,nan,False,False
1898,9.49,0.00500142899909406,0.00128657499953988,5.449999662232585e-06,0.0008591860005253693,0.0008950039991759695,4.257000000507105e-05,0.0036451440009841463,0.0034684778370349897,0.0020000000000000018,0.6936955674069979,24.732931425648566,0.5037690268246737,False,nan,nan,False,False
1899,9.495000000000001,0.005019553000238375,0.0016014239990909118,5.570000212173909e-06,0.0014490090015897295,0.0012423520001902943,4.2498999391682446e-05,0.003315277001092909,0.003628832611231643,0.0020000000000000018,0.7257665222463285,17.43597506708044,0.8102510769302129,False,nan,nan,False,False
1900,9.5,0.004985550000128569,0.0013080949993309332,5.410000085248612e-06,0.0008655479996377835,0.0009218929990311153,4.4112999603385106e-05,0.003621641000790987,0.0037769063280431122,0.0020000000000000018,0.7553812656086225,16.970564350178655,0.6248531821660527,False,nan,nan,False,False
1901,9.505,0.0050001969993900275,0.0013637789998028893,5.489999239216559e-06,0.0020015919999423204,0.0010074629990413086,4.154799898969941e-05,0.0035653560007631313,0.003965049233074746,0.0020000000000000018,0.7930098466149491,16.970625760421616,0.6350641920715971,False,nan,nan,False,False
1902,9.51,0.004998053000235814,0.0012768670003424631,5.32000012753997e-06,0.0008668299997225404,0.0009055230002559256,4.2179000956821255e-05,0.0036501640006463276,0.003769378965605624,0.0017000000000000348,0.7538757931211247,26.83304504550715,0.674081793507971,False,nan,nan,False,False
1903,9.515,0.004991761999917799,0.001389676999679068,4.978999641025439e-06,0.0019920239992643474,0.001005009000436985,4.191900006844662e-05,0.0035478320005495334,0.004145661579372404,0.0020000000000000018,0.8291323158744809,24.98205079670093,0.7800073565932628,False,nan,nan,False,False
1904,9.52,0.005004034001103719,0.0012758249995385995,4.719000571640208e-06,0.0008627819988760166,0.0009013449998747092,4.2630001189536415e-05,0.0036616039997170446,0.003480793145529774,0.0017000000000000348,0.6961586291059548,26.835302731506204,0.7168668140397982,False,nan,nan,False,False
1905,9.525,0.005005696999432985,0.0013148679990990786,5.641000825562514e-06,0.0019960209992859745,0.0009559469999658177,4.23399997089291e-05,0.003616781001255731,0.003456992283736614,0.0020000000000000018,0.6913984567473226,26.17104746980685,1.0509377311708965,False,nan,nan,False,False
1906,9.53,0.005001669998819125,0.0012766470008500619,5.359999704523943e-06,0.0008657990001665894,0.0009077169997908641,4.211899977235589e-05,0.0036489909998635994,0.003473349201286679,0.0017000000000000348,0.6946698402573357,26.833242807122645,0.6373071514437642,False,nan,nan,False,False
1907,9.535,0.004993064001610037,0.001381082000079914,5.420000888989307e-06,0.001987575999010005,0.0010127639998245286,4.265999996277969e-05,0.003557398998964345,0.003892152817117188,0.0020000000000000018,0.7784305634234375,26.832883859365012,0.9928891866146418,False,nan,nan,False,False
1908,9.540000000000001,0.005014963999201427,0.0012555880002764752,6.281999958446249e-06,0.0008580140001868131,0.0008786929993220838,4.258899934939109e-05,0.0036750999988726107,0.0032322233731881234,0.0017000000000000348,0.6464446746376247,26.833750521541425,0.7021164134696921,False,nan,nan,False,False
1909,9.545,0.004990239000107977,0.001426397000614088,4.6889999794075266e-06,0.0019903810007235734,0.0010702910003601573,4.3171001379960217e-05,0.003500292999888188,0.0032488041968449697,0.0018650736566934167,0.6497608393689939,24.07215879968414,1.087257901541842,False,nan,nan,False,False
1910,9.55,0.0049880139995366335,0.0013102299999445677,4.908999471808784e-06,0.0008462920013698749,0.0009156619998975657,4.452299981494434e-05,0.0036273599998821737,0.0026040354994727446,0.0015650736566934498,0.520807099894549,26.832962893384348,0.47719501479887655,False,nan,nan,False,False
1911,9.555,0.004997042000468355,0.001447565999114886,4.5979995775269344e-06,0.001835801998822717,0.0010788370000227587,4.129699846089352e-05,0.003504861000692472,0.002653732493174763,0.0018650736566934167,0.5307464986349526,26.833144259262532,0.7550706904223587,False,nan,nan,False,False
1912,9.56,0.005015344999264926,0.0013119120012561325,4.768999133375473e-06,0.0006829670001025079,0.0009256299999833573,4.2689000110840425e-05,0.003613705999669037,0.0020853234573098953,0.0015650736566934498,0.41706469146197905,26.83450014249292,0.6291628548559764,False,nan,nan,False,False
1913,9.565,0.004992842999854474,0.0014617130000260659,5.46000046597328e-06,0.0017367569998896215,0.0010893260005104821,5.588500062003732e-05,0.003473132001090562,0.0015984354654477251,0.0012650736566934828,0.31968709308954507,26.840555322222844,0.5493832904732343,False,nan,nan,False,False
1914,9.57,0.004994928000087384,0.0013963400015200023,4.587998773786239e-06,0.000584682999033248,0.0009210419993905816,5.084500116936397e-05,0.0035417700000834884,0.0012888444048795324,0.0009650736566935159,0.2577688809759065,26.83736833430683,0.3053850069917278,False,nan,nan,False,False
1915,9.575000000000001,0.004996659999960684,0.0014611410006182268,4.268000338925049e-06,0.001670863000981626,0.000978600000962615,4.168800114712212e-05,0.0034835019996535266,0.0012912811490897805,0.0010000000000000009,0.2582562298179561,26.83302110912034,0.32429379410685355,False,nan,nan,False,False
1916,9.58,0.005001920000722748,0.0013229529995442135,4.5289998524822295e-06,0.0005397789991548052,0.0009076570004253881,4.207900019537192e-05,0.0036143170000286773,0.001604269628226159,0.001299999999999999,0.32085392564523174,26.833327480498166,0.30007935176633754,False,nan,nan,False,False
1917,9.585,0.00503074399966863,0.0025338770010421285,1.4047000149730593e-05,0.0017386500003340188,0.0018912659998022718,4.2490000851103105e-05,0.0023754309986543376,0.002092838982118589,0.0016000000000000007,0.41856779642371766,26.833698377559436,0.3907779193463404,False,nan,nan,False,False
1918,9.59,0.004968969000401557,0.0013711939991480904,6.1709997680736706e-06,0.0005044230001658434,0.0009016960011649644,5.725700066250283e-05,0.0035687810013769194,0.002661998938643933,0.001899999999999999,0.5323997877287866,26.833238265680258,0.5081093383840554,False,nan,nan,False,False
1919,9.595,0.005000768000172684,0.0014534570000250824,4.958999852533452e-06,0.001630507998925168,0.0010863709994737292,4.1647999751148745e-05,0.0034858469989558216,0.0031388732990655843,0.0020000000000000018,0.6277746598131169,24.331255919599258,0.4004862106837924,False,nan,nan,False,False
1920,9.6,0.004997792999347439,0.0013657630006491672,4.638999598682858e-06,0.00046428799942077603,0.0008979989997897064,4.262899892637506e-05,0.003572016999896732,0.0035984438769181364,0.0020000000000000018,0.7196887753836273,24.000458847488126,0.6254601099660041,False,nan,nan,False,False
1921,9.605,0.004993964999812306,0.0014831429998594103,4.167000952293165e-06,0.0015236479994200636,0.001123229998484021,4.1137000152957626e-05,0.003461250000327709,0.003975919210353007,0.0020000000000000018,0.7951838420706014,20.994313121934457,0.6440846032986083,False,nan,nan,False,False
1922,9.61,0.005002071000490105,0.0012977460010006325,4.519000867730938e-06,0.0009461890003876761,0.0009288969995395746,4.1897999835782684e-05,0.003664329999082838,0.004227476275111016,0.0020000000000000018,0.8454952550222032,17.106893814716337,0.5108614617836779,False,nan,nan,False,False
1923,9.615,0.005021287001000019,0.0014148639984341571,4.638999598682858e-06,0.0015444969994860003,0.001001112001176807,4.206900121062063e-05,0.0035157330003130483,0.0043600429758139875,0.0020000000000000018,0.8720085951627974,12.149128022856619,0.7678713777372359,False,nan,nan,False,False
1924,9.620000000000001,0.004989506998754223,0.0013004100001126062,4.489000275498256e-06,0.0009721179994812701,0.0009388840007886756,4.170800093561411e-05,0.003629295000791899,0.004472136059098375,0.0020000000000000018,0.894427211819675,10.603082692057576,0.7602315779600767,False,nan,nan,False,False
1925,9.625,0.004987031999917235,0.0013957990013295785,4.338000508141704e-06,0.001470077999329078,0.0010242740008834517,4.1507999412715435e-05,0.003555726998456521,0.004472136080663167,0.0020000000000000018,0.8944272161326333,0.0038098081889433033,0.8469635341006926,False,nan,nan,False,False
1926,9.63,0.005012039000575896,0.001282458000787301,4.658999387174845e-06,0.000862572000187356,0.0009150499990937533,4.1677998524392024e-05,0.0036508839984890074,0.00408289127658003,0.0020000000000000018,0.8165782553160059,20.784609713802777,0.9383380813397058,False,nan,nan,False,False
1927,9.635,0.004991391000658041,0.001395018000039272,4.437999450601637e-06,0.0019636400011222577,0.001033931999700144,4.0425000406685285e-05,0.00354428499849746,0.004377640425800162,0.0020000000000000018,0.8755280851600324,17.259986634094034,0.9451720564554573,False,nan,nan,False,False
1928,9.64,0.004997080999601167,0.001263050999114057,3.967999873566441e-06,0.0006676579996565124,0.0008887109997886,4.0927001464297064e-05,0.003687903999889386,0.004427567701925904,0.0020000000000000018,0.8855135403851807,9.328132193541558,0.8700811584487879,False,nan,nan,False,False
1929,9.645,0.005010015998777817,0.0014708890012116171,4.387999069876969e-06,0.001764398000887013,0.0011266259989497485,4.084600004716776e-05,0.0034648669989110203,0.004317882253406178,0.0020000000000000018,0.8635764506812357,7.138693592609949,1.0626152300176364,False,nan,nan,False,False
1930,9.65,0.004995207000320079,0.0012685920009971596,4.487999831326306e-06,0.0006399360008799704,0.0009003430004668189,4.0715998693485744e-05,0.0036745889992744196,0.0037969135601132963,0.0020000000000000018,0.7593827120226593,24.000004534064153,0.9394796663828535,False,nan,nan,False,False
1931,9.655,0.005006168999898364,0.0015142000011110213,4.617999366018921e-06,0.0017194239990203641,0.0011647869996522786,4.1897999835782684e-05,0.003421747000174946,0.004034712677202523,0.0020000000000000018,0.8069425354405048,24.211263221588787,0.8611667684671271,False,nan,nan,False,False
1932,9.66,0.005001780000384315,0.0014233199999580393,4.679000994656235e-06,0.0005427950000012061,0.0008759880001889542,4.294099926482886e-05,0.0035100220011372585,0.0036591292447059054,0.0020000000000000018,0.7318258489411812,26.832954052654355,0.67625456145887,False,nan,nan,False,False
1933,9.665000000000001,0.0049949670010391856,0.00140192099934211,4.909999915980734e-06,0.0017361760001222137,0.0010333719983464107,4.2208999730064534e-05,0.0035528610005712835,0.003494086330842077,0.001811567762080718,0.6988172661684154,26.83602730555817,1.0031147077300258,False,nan,nan,False,False
1934,9.67,0.005039219999162015,0.0013381709995883284,7.683998774155043e-06,0.0007004889994277619,0.0009083269997063326,4.3971998820779845e-05,0.0035617789999378147,0.002828560811583257,0.001511567762080718,0.5657121623166513,26.90982567964932,0.7607838545013185,False,nan,nan,False,False
1935,9.675,0.004963748999216477,0.001465840001401375,4.918998456560075e-06,0.0017671030000201426,0.0010872220009332523,4.3120999180246145e-05,0.0034713589993771166,0.002810445318176031,0.001811567762080718,0.5620890636352062,26.946594109411667,0.6170586198968911,False,nan,nan,False,False
1936,9.68,0.0050003870001091855,0.0014260160005505895,4.6980003389762715e-06,0.0006541219991049729,0.0009095810000872007,4.357100078777876e-05,0.0035118949999741744,0.0024681644213455645,0.001511567762080718,0.4936328842691129,27.003798764293684,0.6301535321757906,False,nan,nan,False,False
1937,9.685,0.0049995260014839005,0.0014406129994313233,4.86899989482481e-06,0.0017723829987517092,0.001078254999811179,4.166799953964073e-05,0.0035152919990650844,0.0018709215229709346,0.0012115677620807177,0.37418430459418695,26.843435060124186,0.6446367989677646,False,nan,nan,False,False
1938,9.69,0.005046934998972574,0.0013933440004620934,6.382000719895586e-06,0.0007065910012897803,0.0009568990008119727,4.420299956109375e-05,0.0034957349998876452,0.001345096760112639,0.0009115677620807178,0.26901935202252775,26.857473062910124,0.6552051462573223,False,nan,nan,False,False
1939,9.695,0.0049489310003991704,0.0014323180002975278,5.039999450673349e-06,0.0017710800002532778,0.0010685779998311773,4.257000000507105e-05,0.0035071559996140422,0.001010801299774155,0.0006115677620807178,0.20216025995483097,26.92799792660053,0.2907623217332858,False,nan,nan,False,False
1940,9.700000000000001,0.004999845999918762,0.0013578889993368648,4.959001671522856e-06,0.0006573689988726983,0.0009147599994321354,4.2749999920488335e-05,0.003587295999750495,0.0010630027274424359,0.0007080615680101765,0.2126005454884872,26.86857840380608,0.3084187512226208,False,nan,nan,False,False
1941,9.705,0.005008272999475594,0.0014329080004245043,4.969000656274147e-06,0.0017750189999787835,0.0010788769995997427,4.199900104140397e-05,0.003518257000905578,0.001463350140449258,0.0010080615680101712,0.2926700280898516,26.901002806479045,0.24915730311370685,False,nan,nan,False,False
1942,9.71,0.0050403820005158195,0.001455319999877247,6.472000677604228e-06,0.0007081240000843536,0.001047597999786376,4.5205000787973404e-05,0.0034480159993108828,0.0020127102346829085,0.0013080615680101798,0.40254204693658174,26.936430769001767,0.28962939390543674,False,nan,nan,False,False
1943,9.715,0.004981362000762601,0.0015050129986775573,6.141999620012939e-06,0.0017947360011021374,0.0009981759994843742,4.496400106290821e-05,0.0034131009997508954,0.002620069322281491,0.0016080615680101745,0.5240138644562983,27.056446049834467,0.39775663951687174,False,nan,nan,False,False
1944,9.72,0.004992391999621759,0.0014200249988789437,5.821000740979798e-06,0.0006225140004971763,0.000989850999758346,4.4081998566980474e-05,0.003504792000967427,0.0032516195781904325,0.0019080615680101762,0.6503239156380864,26.843631210134827,0.21596626352668505,False,nan,nan,False,False
1945,9.725,0.005075228000350762,0.0012655350001296028,6.161999408504926e-06,5.0224000005982816e-05,0.000861831000293023,4.330099909566343e-05,0.0035909329999412876,0.003669599152467734,0.0020000000000000018,0.7339198304935468,21.5260729936827,0.6721646344062714,False,nan,nan,False,False
1946,9.73,0.004941075998431188,0.0015730710001662374,6.4520008891122416e-06,0.0005696549997082911,0.0009752730002219323,4.479400013224222e-05,0.003338010001243674,0.0040196685642499095,0.0020000000000000018,0.8039337128499818,21.09583948474611,0.5056953219821064,False,nan,nan,False,False
1947,9.735,0.005081780000182334,0.0012557669997477205,8.014998456928879e-06,5.176599916012492e-05,0.000873994000357925,4.435300070326775e-05,0.0035723280016100034,0.004336979165452649,0.0020000000000000018,0.8673958330905299,18.284729970556818,0.7871180220049478,False,nan,nan,False,False
1948,9.74,0.004901452000922291,0.0015117059992917348,5.91100069868844e-06,0.0005360320010368014,0.000955706998865935,4.282000008970499e-05,0.0034115779999410734,0.004472463557918603,0.0020000000000000018,0.8944927115837205,9.946630543052912,0.9047542531240024,False,nan,nan,False,False
1949,9.745000000000001,0.00500022699998226,0.0014496999992843485,6.080999810365029e-06,0.00156076699931873,0.0010974709985021036,4.2630001189536415e-05,0.003472751999652246,0.004346386230380381,0.0020000000000000018,0.8692772460760763,12.493220393442643,0.9266340120500791,False,nan,nan,False,False
1950,9.75,0.004995999999664491,0.0015221350004139822,5.780999345006421e-06,0.0004789949998666998,0.0009650640004110755,5.507300011231564e-05,0.0034168669990322087,0.004248332559571632,0.0020000000000000018,0.8496665119143264,10.76659288918237,0.830019866022434,False,nan,nan,False,False
1951,9.755,0.005036425000071176,0.0014218180003808811,5.921001502429135e-06,0.0016852999997354345,0.0010499729996809037,4.355099918029737e-05,0.003471538999292534,0.004296871712576339,0.0020000000000000018,0.8593743425152678,5.531396245497406,0.7416487328800814,False,nan,nan,False,False
1952,9.76,0.004968056999132386,0.0014186820008035284,5.570000212173909e-06,0.0005554190011025639,0.0009188379990519024,4.5213999328552745e-05,0.0035094400009256788,0.004415216576735429,0.0020000000000000018,0.8830433153470857,12.004339450570527,0.8270086245544069,False,nan,nan,False,False
1953,9.765,0.005102157001601881,0.0012494759994297056,7.833999916329049e-06,5.049500032328069e-05,0.0008644659992569359,4.312999953981489e-05,0.0035730990002775798,0.0038901642434969086,0.002,0.7780328486993817,24.113948513383626,0.9659290587079883,False,nan,nan,False,False
1954,9.77,0.0048960229996737326,0.0013575270004366757,5.600000804406591e-06,0.0005613899993477389,0.0009472409983573016,4.2690000555012375e-05,0.003576655999495415,0.003912569106302831,0.0020000000000000018,0.7825138212605662,22.431274996192773,0.9493576085700912,False,nan,nan,False,False
1955,9.775,0.005043297000156599,0.0014450319995376049,8.775999958743341e-06,0.00172478499916906,0.0010444019990245579,4.4984000851400197e-05,0.0034385979997750837,0.0032476717550819407,0.0017000000000000348,0.6495343510163882,26.901328795789386,0.617685316578237,False,nan,nan,False,False
1956,9.78,0.004956715998559957,0.0013461760008794954,5.751000571763143e-06,0.0005630120012938278,0.000929756999539677,4.434299989952706e-05,0.0035790609999821754,0.003453917984829101,0.0020000000000000018,0.6907835969658201,26.834910600739263,0.7847372035800163,False,nan,nan,False,False
1957,9.785,0.00501366300159134,0.0013969709998491453,8.025001079658978e-06,0.0017010000010486692,0.0010243349988741102,4.31909993494628e-05,0.0035149599989381386,0.0028101725999361655,0.0017000000000000348,0.5620345199872331,27.14377551969411,0.5230358510048422,False,nan,nan,False,False
1958,9.790000000000001,0.004983374999937951,0.001384727998811286,5.581001460086554e-06,0.0005481450007209787,0.0009194790000037756,4.378199992061127e-05,0.0035584920005931053,0.0028545418959988866,0.0020000000000000018,0.5709083791997773,24.773239226514534,0.7840028116484826,False,nan,nan,False,False
1959,9.795,0.005028990999562666,0.0014488279994111508,6.382000719895586e-06,0.0017045660006260732,0.0010687180001696106,4.4504000470624305e-05,0.003454216999671189,0.002296880559845093,0.0017000000000000348,0.4593761119690186,26.833288127319967,0.3437859793498463,False,nan,nan,False,False
1960,9.8,0.004979597999408725,0.0013758929999312386,6.120999387349002e-06,0.0005661180002789479,0.000949014000070747,4.458399962459225e-05,0.0035419710002315696,0.002654620481077596,0.0020000000000000018,0.5309240962155192,26.848937669826395,0.696969194521856,False,nan,nan,False,False
1961,9.805,0.005001270001230296,0.0014020309990883106,8.295000952784903e-06,0.0016936960000748513,0.0010467060001246864,4.282000008970499e-05,0.0035162219992344035,0.0022804038603014285,0.0017000000000000348,0.4560807720602857,25.05720089071303,0.17856589974160494,False,nan,nan,False,False
1962,9.81,0.004991449999579345,0.0013673559988092165,5.810999937239103e-06,0.0005637340000248514,0.0009476609993726015,4.407300002640113e-05,0.003554745000656112,0.0020669786876378344,0.0014127074107885829,0.4133957375275669,26.87976203303673,0.7367403418360954,False,nan,nan,False,False
1963,9.815,0.004984166998838191,0.0015163950010901317,5.079000402474776e-06,0.0035375129991734866,0.0009587519998603966,5.424100163509138e-05,0.0034394699996482814,0.0020493436368471483,0.0011127074107883939,0.4098687273694296,26.83507303274036,0.8623089288957642,False,nan,nan,False,False
1964,9.82,0.005060700999820256,0.0012622990016097901,6.943000698811375e-06,0.0007851579994166968,0.0008929789983085357,3.479499901004601e-05,0.0036136259986960795,0.0022421431196222572,0.0013988300396670095,0.44842862392445143,26.836597807045734,0.5674478915170827,False,nan,nan,False,False
1965,9.825000000000001,0.004951816001266707,0.0014689759991597384,7.443999493261799e-06,0.0018529640001361258,0.0009638619994802866,5.963200055703055e-05,0.0034578840004542144,0.0025415023066009427,0.0016095185406819201,0.5083004613201886,25.44428535785977,0.34988874977612655,False,nan,nan,False,False
1966,9.83,0.004989838000255986,0.00123596099911083,5.249999958323315e-06,0.000720215999535867,0.0008769399992161198,4.22690009145299e-05,0.003695246999996016,0.002665005833970413,0.0016661423362393964,0.5330011667940825,26.846867663541577,0.5159987447891875,False,nan,nan,False,False
1967,9.835,0.004991740999685135,0.0014339609988383017,4.737999915960245e-06,0.0017741569990903372,0.0010779449985420797,4.1838000470306724e-05,0.003511785000227974,0.0031453111613662377,0.001966142336239398,0.6290622322732475,25.26243023309286,0.5319369355852639,False,nan,nan,False,False
1968,9.84,0.005004354999982752,0.0014045259995327797,4.759000148624182e-06,0.0006310999997367617,0.0009224639998137718,4.1457999031990767e-05,0.0035383440008445177,0.003178439571114551,0.0020000000000000018,0.6356879142229102,20.851899265571515,0.540723820595939,False,nan,nan,False,False
1969,9.845,0.005006348999813781,0.0014966779999667779,5.068999598734081e-06,0.0017171600011351984,0.0011459819997980958,4.130700108362362e-05,0.003436032999161398,0.0030279761807790813,0.0020000000000000018,0.6055952361558162,24.001540447552745,0.7810143934341838,False,nan,nan,False,False
1970,9.85,0.0049951069995586295,0.001440603000446572,4.909999915980734e-06,0.0005472829998325324,0.0009957210004358785,5.4812999223941006e-05,0.003557730999091291,0.0029997797448156464,0.0020000000000000018,0.5999559489631294,23.345358877635487,0.6145640666082429,False,nan,nan,False,False
1971,9.855,0.005138616001204355,0.0017352839986415347,1.2153001080150716e-05,0.0018099930002790643,0.0013184449999243952,5.0614000429050066e-05,0.0031324560004577506,0.0030796535007521697,0.0020000000000000018,0.6159307001504339,24.00144655588609,0.5790978257949744,False,nan,nan,False,False
1972,9.86,0.0049966309998126235,0.0016465979988424806,9.747998774400912e-06,0.0006768160001229262,0.001216744998600916,4.822000119020231e-05,0.0032277230002364377,0.0035266327960090296,0.0020000000000000018,0.705326559201806,24.001503568141292,0.6453643602750988,False,nan,nan,False,False
1973,9.865,0.005011317000025883,0.0016804119986773003,1.2592998245963827e-05,0.0017542189998493996,0.0012647240000660531,4.774899935000576e-05,0.0032214519997069146,0.003591472566195318,0.0020000000000000018,0.7182945132390636,21.352815457154904,0.580060058197203,False,nan,nan,False,False
1974,9.870000000000001,0.005040402998929494,0.0015477030010515591,8.955999874160625e-06,0.0011923490001208847,0.0011103460001322674,4.7559000449837185e-05,0.0032644219991198042,0.0035557195718292703,0.0020000000000000018,0.711143914365854,17.560353704192,0.7052982880130055,False,nan,nan,False,False
1975,9.875,0.0049357560001226375,0.0017668630007392494,1.4176999684423208e-05,0.0016596120003669057,0.0013221619992691558,4.776899913849775e-05,0.003119371998764109,0.003508505986939785,0.0020000000000000018,0.701701197387957,16.975900050076056,0.579761704631455,False,nan,nan,False,False
1976,9.88,0.005011979999835603,0.0016883259995665867,9.297000360675156e-06,0.0010586999997030944,0.0012569890004670015,4.803999945579562e-05,0.003178341001330409,0.0035123698169992022,0.0020000000000000018,0.7024739633998404,17.043461320517032,0.6437898013995893,False,nan,nan,False,False
1977,9.885,0.004992252001102315,0.0016906199998629745,9.637999028200284e-06,0.002111376999891945,0.0012313319984968984,4.8851001338334754e-05,0.003181607999067637,0.0034090168597970733,0.0020000000000000018,0.6818033719594147,21.376568755013874,0.6754380234750369,False,nan,nan,False,False
1978,9.89,0.0049930639997910475,0.0015648449989384972,9.777999366633594e-06,0.0008626729995739879,0.0011172180002176901,4.757900023832917e-05,0.0033130730007542297,0.0036708068922409443,0.0020000000000000018,0.7341613784481889,20.795584412506873,0.7489333742057412,False,nan,nan,False,False
1979,9.895,0.0049978219994955,0.0016803109992906684,9.689001672086306e-06,0.0019150600001012208,0.0012475620005716337,5.777800106443465e-05,0.003203058000508463,0.0038180942162072554,0.0020000000000000018,0.763618843241451,17.00088946190673,0.7975315893859372,False,nan,nan,False,False
1980,9.9,0.005010086000766023,0.001571386999785318,9.446999683859758e-06,0.0008194819984055357,0.0011217979990760796,4.7488001655437984e-05,0.0032922849986789515,0.004005194151318719,0.0020000000000000018,0.8010388302637438,17.186323973302784,0.926629023314636,False,nan,nan,False,False
1981,9.905,0.004989916998965782,0.0017298239999945508,9.707999197416939e-06,0.0018529839999246178,0.0011260549999860814,5.698599852621555e-05,0.003164486000969191,0.003789459291946028,0.0020000000000000018,0.7578918583892057,26.09934915892244,0.8695467440975106,False,nan,nan,False,False
1982,9.91,0.005022740000640624,0.0018289889994775876,9.548000889481045e-06,0.0007431390004057903,0.0012005240005237283,5.275900002743583e-05,0.0030145350010570837,0.0038736167886264153,0.0020000000000000018,0.774723357725283,18.569706075193764,0.8729960272388152,False,nan,nan,False,False
1983,9.915000000000001,0.004952958999638213,0.001878221000879421,1.927599987538997e-05,0.0018038120015262393,0.001396942001520074,5.6355000197072513e-05,0.0030320279984152876,0.00422434451220488,0.0020000000000000018,0.8448689024409759,22.15069566483544,0.7564254070615939,False,nan,nan,False,False
1984,9.92,0.005033649000324658,0.0016702129996701842,9.446999683859758e-06,0.0006389650006894954,0.0012230259999341797,4.7960000301827677e-05,0.0031841420004639076,0.0037520274689666865,0.002,0.7504054937933372,24.331216794297916,0.7531013952047327,False,nan,nan,False,False
1985,9.925,0.004966585000147461,0.0018249909990117885,2.3233998945215717e-05,0.001718052000796888,0.0013574579988926416,5.806800072605256e-05,0.0030615230007242644,0.0038666509231477936,0.0020000000000000018,0.7733301846295586,22.132517838873635,0.8955781255245722,False,nan,nan,False,False
1986,9.93,0.004995467999833636,0.0016321909988619154,8.225000783568248e-06,0.0005416330004663905,0.0011932209999940824,4.7669000196037814e-05,0.0032240970012935577,0.0037263055549490985,0.0020000000000000018,0.7452611109898197,20.78472999522763,0.5661317089442223,False,nan,nan,False,False
1987,9.935,0.0049294849995931145,0.0015109140003914945,6.001000656397082e-06,0.0015644049999536946,0.0011302330003672978,4.5936001697555184e-05,0.0034197429995401762,0.003075664880844324,0.0017000000000000348,0.6151329761688646,26.832819358165853,0.693219248391653,False,nan,nan,False,False
1988,9.94,0.005009734999475768,0.001493281000875868,6.262000169954263e-06,0.0004365370004961733,0.0010243550004815916,4.432300011103507e-05,0.003421125999011565,0.0031645025347502957,0.0020000000000000018,0.6329005069500592,26.832816840888224,0.8396722532515186,False,nan,nan,False,False
1989,9.945,0.004990839001038694,0.0015059050001582364,5.850999514223076e-06,0.0015937990010570502,0.0011462929996923776,4.4393000280251727e-05,0.003417268999328371,0.0025823322138673545,0.0017000000000000348,0.5164664427734709,26.832825188391855,0.2949863961020676,False,nan,nan,False,False
1990,9.950000000000001,0.00499519799996051,0.0013853999989805743,5.591000444837846e-06,0.00045352799861575477,0.000965735000136192,4.3911999455303885e-05,0.0035384540005907184,0.002881458090009138,0.0020000000000000018,0.5762916180018276,26.832823460267846,0.5340132535356679,False,nan,nan,False,False
1991,9.955,0.004992932999812183,0.0014277890004450455,5.359999704523943e-06,0.0015807850013516145,0.0010855189993890235,4.152799920120742e-05,0.0035040410002693534,0.0024570638351771703,0.0017000000000000348,0.4914127670354341,26.832816268572167,0.3299127380693633,False,nan,nan,False,False
1992,9.96,0.005001659999834374,0.0013950680004199967,5.641000825562514e-06,0.00044930900003237184,0.0009157120002782904,4.4702999730361626e-05,0.0035388349988352275,0.002161370968829114,0.0014000000000000679,0.4322741937658228,26.832846091217316,0.638691577757169,False,nan,nan,False,False
1993,9.965,0.005004104999898118,0.0014088129992160248,5.410000085248612e-06,0.0015737209996586898,0.0010512050012039253,4.2669998947530985e-05,0.00352741400092782,0.0020508258210025707,0.001100000000000101,0.41016516420051413,26.832817353679996,0.21646010251783104,False,nan,nan,False,False
1994,9.97,0.0050082020006811945,0.0013925129987910623,5.940999471931718e-06,0.0004459529991436284,0.0009279740006604698,4.3600999561022036e-05,0.0035257910003565485,0.0021541238209681884,0.0013607287822694492,0.43082476419363774,26.832841154632295,0.3692401154453802,False,nan,nan,False,False
1995,9.975,0.004985689998648013,0.00142302000131167,5.539999619941227e-06,0.0015823880003154045,0.0010759720007627038,4.233899926475715e-05,0.003510972999720252,0.002444302039182952,0.0016607287822696382,0.4888604078365904,26.8328206057905,0.323855100123599,False,nan,nan,False,False
1996,9.98,0.005002491001505405,0.0013831359992764192,5.6009994295891374e-06,0.00043691700011549983,0.0009137279994320124,4.2749999920488335e-05,0.0035473110001476016,0.0028651306410247667,0.001960728782269605,0.5730261282049532,26.832823952544707,0.5665375054470752,False,nan,nan,False,False
1997,9.985,0.004996419998860802,0.0014266770012909546,5.349998900783248e-06,0.0015868870013946434,0.001070110000000568,4.2239000322297215e-05,0.0035071559996140422,0.003046999281498385,0.001899999999999999,0.609399856299677,25.478148505256524,0.5964392118676333,False,nan,nan,False,False
1998,9.99,0.005004475000532693,0.001391591998981312,5.8610003179637715e-06,0.00043508399903657846,0.0009202410001307726,4.3660998926497996e-05,0.0035500660014804453,0.003173951980391591,0.0020000000000000018,0.6347903960783183,24.33106447601376,0.6071193410850084,False,nan,nan,False,False
1999,9.995000000000001,0.0050105070004065055,0.0014055969986657146,5.048999810242094e-06,0.0015698349998274352,0.0010479379998287186,4.2638999730115756e-05,0.0035146200007147854,0.003292297678703975,0.0020000000000000018,0.658459535740795,17.64031710405633,0.6668001201918734,False,nan,nan,False,False
