step,time_s,cycle_period_s,cycle_work_s,state_read_s,state_age_s,controller_step_s,publish_s,sleep_s,command_step_norm_rad,command_step_max_abs_rad,command_velocity_norm_rad_s,command_accel_norm_rad_s2,feedback_velocity_norm_rad_s,tcp_pose_used,tcp_pose_age_s,tcp_fk_error_norm_m,deadline_miss,period_overrun
0,0.0,nan,0.0011928679996344727,6.612000106542837e-06,0.00018241399993712548,0.0009043940003721218,1.8294000255991705e-05,0.003874902999996266,4.077198670657491e-06,2.4652342840436603e-06,0.0008154397341314982,0.0,9.45104393477789e-32,False,nan,nan,False,False
1,0.005,0.0051129959997524566,0.0009011279998958344,4.058000286022434e-06,0.0008163580000655202,0.0006200479997460207,3.071799983445089e-05,0.004067927000050986,1.8191242946476266e-05,1.2038611179709946e-05,0.003638248589295253,0.885245626757021,2.8777553139447783e-36,False,nan,nan,False,False
2,0.01,0.0050130980002904835,0.0009551899997859437,3.7470003917405847e-06,0.0019116429998575768,0.000716779999947903,3.1199000204651384e-05,0.004001109999990149,1.1060446257619549e-05,7.400446934813232e-06,0.0022120892515239098,0.2860312463816152,1.5879648722381402e-38,False,nan,nan,False,False
3,0.015,0.0049975479996646754,0.0008402630001000944,3.988000116805779e-06,0.0007205580000118061,0.0005974860000605986,3.0487999993056292e-05,0.004119452999930218,1.0916191250370924e-05,7.31047931079587e-06,0.0021832382500741854,0.005802683586397217,4.9586767848137274e-40,False,nan,nan,False,False
4,0.02,0.004998460000024352,0.0008258759999080212,3.7670001802325714e-06,0.00022852099982628715,0.0005849020003552141,2.870399976018234e-05,0.004125895000015589,7.718468567403095e-06,5.212077797134285e-06,0.0015436937134806188,0.14349562139145808,2.7367359008263677e-42,False,nan,nan,False,False
5,0.025,0.004972490999989532,0.0003896339999300835,1.8730002011579927e-06,0.0002957169999717735,0.0002771720000964706,1.4136999652691884e-05,0.004583598000408529,1.5042449611000243e-05,9.638503700060141e-06,0.0030084899222000494,0.9096446324686086,8.547920632381384e-44,False,nan,nan,False,False
6,0.03,0.005014208999909897,0.0008380090002901852,3.50600021192804e-06,8.318699974552146e-05,0.0006105109996497049,2.8693999865936348e-05,0.004135583999868686,1.345350902422062e-05,8.61991600276113e-06,0.0026907018048441243,0.06388146950136822,0.0,False,nan,nan,False,False
7,0.035,0.0050113040001633635,0.0008046460002333333,3.3159999475174118e-06,0.00121707400012383,0.0005763059998571407,2.8032999580318574e-05,0.004183223999916663,6.651193088422817e-06,3.8348407611632496e-06,0.0013302386176845633,0.2857825384329609,0.0,False,nan,nan,False,False
8,0.04,0.005029328000091482,0.0008215779998863582,3.3159999475174118e-06,7.416900007228833e-05,0.0005885789996682433,3.2761999591457425e-05,0.004108974000246235,4.854053077965301e-06,3.064720907938678e-06,0.0009708106155930602,0.09704784018362936,0.0,False,nan,nan,False,False
9,0.045,0.004971539000052871,0.0007941869998830953,3.626999841799261e-06,0.001129367999965325,0.0005725989999518788,3.161899985570926e-05,0.00416414800019993,4.5455357562016e-06,3.8097660172914143e-06,0.00090910715124032,0.08594740303389407,0.0,False,nan,nan,False,False
10,0.05,0.005020862000037596,0.0008960589998423529,5.110000074637355e-06,0.002261410999835789,0.0006646130000262929,2.9385999823716702e-05,0.004042599000058544,1.0346785682504134e-05,7.046110741148165e-06,0.002069357136500827,0.5818679694634694,0.0,False,nan,nan,False,False
11,0.055,0.00497790100007478,0.0008265980000032869,3.4469999263819773e-06,0.0011040510003113013,0.000590291999742476,2.91549999928975e-05,0.004132627999752003,9.19156876974213e-06,6.1602111261212196e-06,0.0018383137539484263,0.0469525340682194,0.0,False,nan,nan,False,False
12,0.06,0.0050903239998660865,0.000801198999852204,3.7069999052619096e-06,4.5044999751553405e-05,0.0005743720003010822,2.8483999813033734e-05,0.0040691789999982575,3.5786204089223078e-06,2.4820598905917646e-06,0.0007157240817844615,0.23285589272661097,0.0,False,nan,nan,False,False
13,0.065,0.004909181000130047,0.0007995070000106352,3.50600021192804e-06,0.0011078580000685179,0.0005702549997295137,3.2902000384638086e-05,0.004159508999691752,1.9332167265036825e-06,1.3916088594800868e-06,0.0003866433453007365,0.14524605494214687,0.0,False,nan,nan,False,False
14,0.07,0.0050905939997392124,0.0007987049998519069,3.347000074427342e-06,4.502499996306142e-05,0.0005721590000575816,2.9043999802524922e-05,0.004072094000093784,8.029869225557316e-06,6.317373594157828e-06,0.0016059738451114634,0.34480419081452485,0.0,False,nan,nan,False,False
15,0.075,0.004914501000257587,0.0008123609995891456,3.5169996408512816e-06,0.001122005000070203,0.0005779389998679108,3.0777999654674204e-05,0.004141615000207821,5.279450627524404e-06,4.215941063718359e-06,0.0010558901255048807,0.12259669957885211,0.0,False,nan,nan,False,False
16,0.08,0.00509096399991904,0.0008202159997381386,3.4570002753753215e-06,5.3080000270711025e-05,0.0005914239995945536,2.8994999865972204e-05,0.004043651000301907,3.253157419156572e-06,2.1520060569325577e-06,0.0006506314838313145,0.13896975805891165,0.0,False,nan,nan,False,False
17,0.085,0.004904382999939116,0.0007933349997983896,3.485999968688702e-06,0.00109856100016259,0.0005697229998986586,3.289099959147279e-05,0.004167344000052253,4.467893426001378e-06,3.027960928214668e-06,0.0008935786852002757,0.2542976528772102,0.0,False,nan,nan,False,False
18,0.09,0.005105572000047687,0.0008291419999295613,3.857000137941213e-06,4.672799968830077e-05,0.0005865250000169908,3.00069996228558e-05,0.004024974999992992,1.557195714873835e-05,1.029458877233047e-05,0.0031143914297476704,0.7907604013461689,0.0,False,nan,nan,False,False
19,0.095,0.004893441999684001,0.0008276890002889559,3.6070000533072744e-06,0.0011011649999090878,0.0005869659999007126,2.768200010905275e-05,0.004132397999910609,5.615871940213926e-06,3.925674544102975e-06,0.0011231743880427854,0.41575380170751175,0.0,False,nan,nan,False,False
20,0.1,0.00502477899999576,0.0009007480002765078,4.6889999794075266e-06,0.002381117000368249,0.0006379730002663564,2.8793999717890983e-05,0.004032830000141985,3.995602142145069e-06,2.8191316476799955e-06,0.0007991204284290136,0.0768081941030608,0.0,False,nan,nan,False,False
21,0.105,0.004972170000201004,0.0007814830000825168,3.4059999052260537e-06,0.001038907999827643,0.0005643139998028346,2.790300004562596e-05,0.004183645000011893,2.0127917422647107e-05,1.6935436032476045e-05,0.004025583484529422,0.7246031768734148,0.0,False,nan,nan,False,False
22,0.11,0.005003570000098989,0.0009051759998328635,3.256000127294101e-06,0.002122770999903878,0.0006814039998062071,2.8624000151467044e-05,0.0040544200001022546,1.5104856250784234e-05,1.1856852215928143e-05,0.003020971250156847,0.23499353585072763,3.051174246593291e-08,False,nan,nan,False,False
23,0.115,0.004996867000045313,0.0007803399998920213,3.437000032135984e-06,0.00098056800015911,0.0005619590001515462,2.9536000056396006e-05,0.0041899869997905625,8.644179748434967e-06,7.326359955127601e-06,0.001728835949686993,0.27039290857367687,9.52777967633267e-10,False,nan,nan,False,False
24,0.12,0.005011404000015318,0.0009093239996218472,3.546000243659364e-06,0.002146764999906736,0.0006637910000790725,3.9102999835449737e-05,0.004043700000238459,8.179321349323303e-06,5.886397752520546e-06,0.0016358642698646607,0.11423181411473604,5.257493659177603e-12,False,nan,nan,False,False
25,0.125,0.0049923179999495915,0.0007884759997978108,3.5870002648152877e-06,0.0009791450002012425,0.0005636920000142709,3.0166999749781098e-05,0.004172113000095123,4.4968827766161104e-05,3.8000583929486445e-05,0.008993765553232221,1.4922047734439698,1.641736470077773e-13,False,nan,nan,False,False
26,0.13,0.004999120999855222,0.0009011790002659836,3.2359998840547632e-06,0.002180609999868466,0.0006762339999113465,2.7602000045590103e-05,0.004059910999785643,3.562272734637058e-05,3.0633748584354785e-05,0.007124545469274115,0.3853475304256687,9.059211129671427e-16,False,nan,nan,False,False
27,0.135,0.004999302000214811,0.0007968719996824802,3.4059999052260537e-06,0.00099233999981152,0.0005754039998464577,3.247099994041491e-05,0.0041615320001255895,2.9847139215066305e-05,2.5221567396312146e-05,0.005969427843013261,0.24324721287896622,2.82888357954847e-17,False,nan,nan,False,False
28,0.14,0.004996244999802002,0.000969066999914503,3.3669998629193287e-06,0.0021119799998814415,0.0006237249999685446,2.8432999897631817e-05,0.0039952390002326865,2.549654051739496e-05,2.1530726567505723e-05,0.005099308103478992,0.17409761850469815,8.833640639261247e-19,False,nan,nan,False,False
29,0.145,0.0050033600000460865,0.0007900689997768495,3.4769996091199573e-06,0.0009811290001380257,0.0005715279999094491,2.9565999739133986e-05,0.004170880000401667,2.4931048360990033e-05,2.099815598397078e-05,0.004986209672198007,0.02390463657304871,4.874462662572403e-21,False,nan,nan,False,False
30,0.15,0.005010502000004635,0.0008603920000496146,3.7770000744785648e-06,0.002200577000166959,0.0006124239998825942,2.8293000013945857e-05,0.004089235999799712,2.1720317917427273e-05,1.834411864705402e-05,0.004344063583485454,0.12862477499570396,1.522128826076054e-22,False,nan,nan,False,False
31,0.155,0.004987319000065327,0.0007794590001140023,3.3159999475174118e-06,0.0009844549999797891,0.0005588829999396694,2.8995000320719555e-05,0.004186118999768951,2.129284162461995e-05,1.7937258090315298e-05,0.0042585683249239895,0.01824364048289508,1.4742146959179081e-05,False,nan,nan,False,False
32,0.16,0.005003078999834543,0.0009403920003023813,3.477000063867308e-06,0.002177864000259433,0.000607774999934918,2.833300004567718e-05,0.004019233999770222,1.8601257832841442e-05,1.5508246593091745e-05,0.003720251566568288,0.11038953235326861,1.4033251227729693e-09,False,nan,nan,False,False
33,0.165,0.004998769999929209,0.0008017710001695377,3.2459997783007566e-06,0.0009204040002259717,0.0005618290001621062,3.382400018381304e-05,0.004158416999871406,1.8224833397978768e-05,1.5123063767280563e-05,0.0036449666795957537,0.017553985573704935,1.3033308664896128e-15,False,nan,nan,False,False
34,0.17,0.004998159000024316,0.0008778950000305485,3.105999894614797e-06,0.001983126999675733,0.0006533509999826492,2.847299992936314e-05,0.004085840000243479,2.4427633273689166e-05,1.6263581030351304e-05,0.004885526654737833,0.6588838785340924,1.210461595429953e-21,False,nan,nan,False,False
35,0.17500000000000002,0.005005563999930018,0.0008422970004176022,3.5170000955986325e-06,0.0008772830001362308,0.0005795520000901888,2.9366000035224715e-05,0.004119522999644687,1.9632060092169157e-05,1.4295686145474125e-05,0.0039264120184338315,0.4927371032045304,1.1522551046298214e-25,False,nan,nan,False,False
36,0.18,0.005001385000014125,0.0008630160000393516,3.4360000427113846e-06,0.0020579679999173095,0.0006200980001267453,2.8823999855376314e-05,0.00409101000013834,1.8492543558652378e-05,1.4317084603353706e-05,0.003698508711730475,0.08876935969639106,1.0968474244432012e-29,False,nan,nan,False,False
37,0.185,0.004991998000150488,0.0008152660002451739,3.266000021540094e-06,0.0008646500000395463,0.0005698539998775232,3.2701999771234114e-05,0.0041476359997432155,1.8996150055955904e-05,1.3760258607522709e-05,0.0037992300111911806,0.08487617805312514,1.1056132558874448e-35,False,nan,nan,False,False
38,0.19,0.005001865999929578,0.0008540590001757664,3.285999810032081e-06,0.0020096970001759473,0.0006085869999878923,2.8372999622661155e-05,0.004106239000066125,2.1093794928402237e-05,1.848386302024074e-05,0.004218758985680447,0.49648151537664176,1.3418673285974424e-37,False,nan,nan,False,False
39,0.195,0.004998029000034876,0.000770632000239857,3.3360001907567494e-06,0.0008581470001445268,0.0005569400000240421,2.8172999918751884e-05,0.004196318999674986,2.298209674645987e-05,2.0420709809661946e-05,0.004596419349291974,0.17322621932833399,7.40432095565916e-40,False,nan,nan,False,False
40,0.2,0.005005213000004005,0.0009366550002596341,3.3869996514113154e-06,0.0019967230000474956,0.0006994579998718109,3.112800004601013e-05,0.0040205269997386495,2.430867653057127e-05,2.1584747042554527e-05,0.004861735306114254,0.11771415588169981,4.0861863219711666e-42,False,nan,nan,False,False
41,0.20500000000000002,0.004997277000256872,0.0008882439997250913,3.5870002648152877e-06,0.0008675250001033419,0.0005587629998444754,2.9666000045835972e-05,0.004073005999998713,2.769725203216406e-05,2.422700131631343e-05,0.005539450406432812,0.23294644696066993,1.2751816025355835e-43,False,nan,nan,False,False
42,0.21,0.004999421999855258,0.0007898379999460303,3.2460002330481075e-06,0.0002671639999789477,0.0005649340000672964,3.176000018356717e-05,0.004170770000200719,2.676894484819533e-05,2.3303801461008376e-05,0.005353788969639067,0.11102393808158287,1.401298464324817e-45,False,nan,nan,False,False
43,0.215,0.005000003000077413,0.0007977129998835153,3.406999894650653e-06,0.000877614000273752,0.0005636020000565622,3.2080999972095015e-05,0.004162363999967056,2.8557642705853294e-05,2.5557586946120626e-05,0.00571152854117066,0.26676362249410007,0.0,False,nan,nan,False,False
44,0.22,0.004999811999823578,0.0009050260000549315,3.5860002753906883e-06,0.002032480999787367,0.0006761949998690397,2.8714000109175686e-05,0.004056865000165999,3.821865207817269e-05,3.163135917763789e-05,0.0076437304156345386,0.6285331828489424,2.7022588255931623e-07,False,nan,nan,False,False
45,0.225,0.005002878000141209,0.0008208569997805171,3.3960000109800603e-06,0.0008711719997336331,0.0005709259999093774,3.064800011998159e-05,0.004138399000112258,3.7332249272281474e-05,3.140448888480438e-05,0.007466449854456294,0.07977492100129363,8.438235887808787e-09,False,nan,nan,False,False
46,0.23,0.004997818999981973,0.000920223999855807,3.5260000004200265e-06,0.001981074000013905,0.0006914829996276239,2.8172999918751884e-05,0.0040424379999421944,3.912012043618675e-05,3.4730363164323925e-05,0.00782402408723735,0.37978527356278546,4.6562753652779065e-11,False,nan,nan,False,False
47,0.23500000000000001,0.005001335000088147,0.0007958399996823573,3.3759997677407227e-06,0.0008183519998965494,0.0005649439999615424,3.379299960215576e-05,0.004185227000107261,4.038810663152416e-05,3.5509275816981716e-05,0.008077621326304832,0.17186474145868394,1.4539963200457806e-12,False,nan,nan,False,False
48,0.24,0.005021102999762661,0.0007769839999127726,3.2570001167187e-06,0.0002461740000399004,0.0005579009998655238,3.145000027870992e-05,0.0041615530003582535,4.227707604081441e-05,3.7750543318037603e-05,0.008455415208162882,0.20265625797666445,8.023249389356186e-15,False,nan,nan,False,False
49,0.245,0.004979463999916334,0.0007854200002839207,3.28699979945668e-06,0.0007548019998466771,0.0005584629998338642,3.0207000236259773e-05,0.0041764409997995244,4.342060083087485e-05,3.841225727245979e-05,0.00868412016617497,0.09514988315057137,2.5053881974044557e-16,False,nan,nan,False,False
50,0.25,0.00500320900027873,0.0007861710000724997,3.2970001484500244e-06,0.0002275790002386202,0.0005659660000674194,3.1318999845098006e-05,0.0041703189999680035,4.5938199471219225e-05,4.044724674207478e-05,0.009187639894243845,0.30176060722862025,1.3824902222146032e-18,False,nan,nan,False,False
51,0.255,0.00499514300008741,0.0007838069996068953,3.385999661986716e-06,0.0007082950000949495,0.0005629409997709445,2.971599997181329e-05,0.004178214000148728,7.356126742240157e-05,6.462853814675308e-05,0.014712253484480313,1.2796240039282014,4.3170468927437284e-20,False,nan,nan,False,False
52,0.26,0.005002076999971905,0.0007977829995979846,3.716999799507903e-06,0.00013659800015375367,0.0005614179999611224,3.178000042680651e-05,0.004160581000178354,6.996842529669132e-05,6.171159328765352e-05,0.013993685059338262,0.1789586891424952,2.3821759082954857e-22,False,nan,nan,False,False
53,0.265,0.004998569999770552,0.0007937559998936194,3.6970000110159162e-06,0.0012257200000931334,0.0005682810001417238,3.51260000570619e-05,0.004179757000201789,6.560046742633323e-05,5.7714167139840525e-05,0.013120093485266646,0.4818934950483233,7.438724833406196e-24,False,nan,nan,False,False
54,0.27,0.005033775999891077,0.0012011840003651741,5.080000391899375e-06,0.00012388400000418187,0.0008670540000821347,4.352199994173134e-05,0.003751659999579715,6.568262756673838e-05,5.756881547493915e-05,0.013136525513347675,0.055676465882475525,4.1047384964068e-26,False,nan,nan,False,False
55,0.275,0.005012146000353823,0.0012776779999512655,5.270000201562652e-06,0.0012842600003750704,0.0008890760000213049,4.3032000121456804e-05,0.0036475439997047943,6.389488164317186e-05,5.6810087941852375e-05,0.01277897632863437,0.3568721339077498,1.2817702225673619e-27,False,nan,nan,False,False
56,0.28,0.004966409999724419,0.0007862910001676937,3.4869999581133015e-06,0.00010969699997076532,0.0005691630003639148,2.8233000193722546e-05,0.0041608209999139945,9.153323890543612e-05,8.093061252901466e-05,0.01830664778108722,1.1315415105653444,7.072894965959826e-30,False,nan,nan,False,False
57,0.28500000000000003,0.004985955999927683,0.0007876039999246132,3.035999725398142e-06,0.0012177950002296711,0.0005626610000035726,3.4574999972392106e-05,0.004175329000190686,9.06157507625394e-05,8.015505095379843e-05,0.01812315015250788,0.04115659932162803,2.2086245808164878e-31,False,nan,nan,False,False
58,0.29,0.005009621000226616,0.0007952880000630103,3.53700033883797e-06,0.00011300300002403674,0.0005727899997509667,2.850400005627307e-05,0.0041588079998291505,8.566375809323896e-05,7.615177715982418e-05,0.01713275161864779,0.3019348644278105,1.2187338084913315e-33,False,nan,nan,False,False
59,0.295,0.004994952999822999,0.0007935650000945316,3.385999661986716e-06,0.001225348999923881,0.0005645439996442292,2.8544000088004395e-05,0.004164078000030713,8.334639816135371e-05,7.411614175336258e-05,0.016669279632270738,0.1326343700782466,0.0003044767945539206,False,nan,nan,False,False
60,0.3,0.004997017000277992,0.000778266999986954,3.195999852323439e-06,0.00010526799997023772,0.0005603260001407762,2.8482999823609134e-05,0.004181569999673229,9.332764777421504e-05,8.275065928533297e-05,0.018665529554843005,0.4784681276121006,0.0004114833372927597,False,nan,nan,False,False
61,0.305,0.004999301999760064,0.0007869229998505034,3.3359997360093985e-06,0.0012271129999135155,0.0005659259995809407,2.8733999897667672e-05,0.004173194000031799,0.00010149063825965699,8.96458603081516e-05,0.020298127651931397,0.41217190636795065,0.0006866750413232363,False,nan,nan,False,False
62,0.31,0.0049993910001830955,0.0007875739997871278,3.3760002224880736e-06,0.00011746099971787771,0.0005654560000039055,2.8342999939923175e-05,0.004172464000021137,0.00010577339662390495,9.335566192596184e-05,0.02115467932478099,0.2610011370720007,0.0005738084424375529,False,nan,nan,False,False
63,0.315,0.004999210999812931,0.000779298999987077,3.59699970431393e-06,0.0012215619999551564,0.0005599250002887857,2.7803000193671323e-05,0.0041929019998860895,0.00010664933250675038,9.41089314406946e-05,0.021329866501350075,0.04166709813165724,0.0006086553016438495,False,nan,nan,False,False
64,0.32,0.0050305009999647154,0.0011764370001401403,5.5199998314492404e-06,0.0001508239997747296,0.0008296840001094097,4.264000017428771e-05,0.0037765669999316742,0.00011427233003972362,0.000101113445472584,0.022854466007944725,0.9123289843923724,0.0008047888070917929,False,nan,nan,False,False
65,0.325,0.005012224999973114,0.001285933999952249,4.958999852533452e-06,0.0012635610000870656,0.0008321089999299147,4.1417999909754144e-05,0.003655038000033528,0.00011427867936882925,0.00010112595358521142,0.022855735873765853,0.0042339731782619705,0.0017462242666142617,False,nan,nan,False,False
66,0.33,0.004996988000129932,0.0011721689998012153,4.888999683316797e-06,0.0001895170003081148,0.0008275499999399472,4.157800003667944e-05,0.003775715000301716,0.00011445902582973075,0.00010145409534796656,0.02289180516594615,0.1261250418181628,0.0026727046829938,False,nan,nan,False,False
67,0.335,0.005005922999771428,0.001296704000196769,5.190000138100004e-06,0.0012266020003153244,0.0008308060000672413,4.259099978298764e-05,0.0036413829998309666,0.00012420564301958304,0.00010863624374458401,0.0248411286039166,1.0693408127394244,0.0020807289793168837,False,nan,nan,False,False
68,0.34,0.004996787000436598,0.001158082999609178,6.703000053676078e-06,0.00012698899990937207,0.0008302139999614155,4.6999000005598646e-05,0.0037798729999849456,0.0001250810947683722,0.00011086730478764619,0.025016218953674434,0.5581139154691703,0.0011501378868072887,False,nan,nan,False,False
69,0.34500000000000003,0.004995253999823035,0.0012997989997529658,4.8790002438181546e-06,0.0012801729999409872,0.000840232999962609,4.348199991000001e-05,0.0036453400002756098,0.00012611300880689512,0.00011112671672727106,0.02522260176137902,0.2611442621974707,0.0026294415482327467,False,nan,nan,False,False
70,0.35000000000000003,0.005003008000130649,0.001170086000001902,4.7789999371161684e-06,0.00015263800014508888,0.0008509340000273369,4.227999988870579e-05,0.003772839999783173,0.00012940091185859425,0.00011458222594026526,0.02588018237171884,0.28417533340621615,0.002672288639394939,False,nan,nan,False,False
71,0.355,0.005001415999686287,0.0013273409999783325,4.788999831362162e-06,0.0006892689998494461,0.0008426379999946221,4.174900004727533e-05,0.003615253000134544,0.00014956202260827907,0.00013011214889513354,0.029912404521655812,1.092096517778446,0.002339747117757496,False,nan,nan,False,False
72,0.36,0.005028236000271136,0.0013421089997791569,7.193000328697963e-06,0.0023469530001420935,0.001002759999664704,4.3000999994546873e-05,0.0035715910003091267,0.000147162795947927,0.00012922339910850363,0.029432559189585403,0.3323959073352176,0.004407838911838402,False,nan,nan,False,False
73,0.365,0.00497081799994703,0.0012858529998993617,4.607999926520279e-06,0.0012114529999962542,0.0008562729999539442,4.3032000121456804e-05,0.003656420999959664,0.0001448656649768334,0.00012752407069902905,0.028973132995366677,0.1535175094114022,0.0035042413938855274,False,nan,nan,False,False
74,0.37,0.004998989999876358,0.0011852739999085316,4.639000053430209e-06,0.002244198999960645,0.0008500019998791686,5.618599971057847e-05,0.0037633420001839113,0.0001451971668296081,0.0001284700617472776,0.029039433365921623,0.3472080222223727,0.003423320251322234,False,nan,nan,False,False
75,0.375,0.0050233570000273176,0.0009250640000573185,6.102000043028966e-06,0.001273239000056492,0.0006599939997613546,3.2110000120155746e-05,0.004006911000033142,0.00014522372554814374,0.00012849779868014973,0.02904474510962875,0.003114060303038883,0.003747031979725015,False,nan,nan,False,False
76,0.38,0.005023167000217654,0.001306181000018114,7.373999778792495e-06,0.00016439999990325305,0.0009258850000151142,5.433200021798257e-05,0.0035962069996458013,0.0001453074750547343,0.0001262261760671769,0.029061495010946865,0.7127917932299155,0.004053969782181472,False,nan,nan,False,False
77,0.385,0.004970726999999897,0.0013082259997645451,6.241999926714925e-06,0.001220930999807024,0.0008554129999538418,4.5015000068815425e-05,0.0036274560002311773,0.00015760140025779107,0.0001393268960207057,0.03152028005155822,1.1926665854333396,0.004301060554680424,False,nan,nan,False,False
78,0.39,0.005012275999888516,0.0013647820001096989,7.4239997047698125e-06,0.002307177999682608,0.0010197020001214696,4.412299995237845e-05,0.0035528159996829345,0.0001581661838679184,0.00013965061556289168,0.03163323677358368,0.16474866591967927,0.006613087597107743,False,nan,nan,False,False
79,0.395,0.004979513999842311,0.001290231999973912,4.889999672741396e-06,0.0009280589997615607,0.0009538580002299568,4.1988999782915926e-05,0.003689002000101027,0.0001549386111340015,0.00013687195057546697,0.030987722226800296,0.38654734863550955,0.004726355265587506,False,nan,nan,False,False
80,0.4,0.005060657000285573,0.0012171639996267913,6.943000244064024e-06,0.0004255619996911264,0.0008741779997762933,4.6288000248750905e-05,0.0036673419999715406,0.00015332953179491557,0.0001349256153747486,0.03066590635898311,0.34829642817934303,0.003138306548274581,False,nan,nan,False,False
81,0.405,0.004958685000019614,0.001556673999857594,6.3820002651482355e-06,0.0014406549998966511,0.0011896820001311426,4.491400022743619e-05,0.0033701209999890125,0.00017542057688863246,0.00014970488036271352,0.035084115377726495,1.3301876716712053,0.00542568206311132,False,nan,nan,False,False
82,0.41000000000000003,0.005001785999866115,0.0013951089999864053,6.823000148870051e-06,0.0003904059999513265,0.0010286889996677928,6.013299980622833e-05,0.003681508999761718,0.00016977689683827263,0.00014618952323096,0.033955379367654526,0.3414897853103663,0.006216412301463462,False,nan,nan,False,False
83,0.41500000000000004,0.005203816999710398,0.0016480460003549524,9.90899980024551e-06,0.0015719929997430881,0.001225860999966244,5.185700001675286e-05,0.0031109829997149063,0.00016616097528327295,0.00014423409113019354,0.03323219505665459,0.2925102943812947,0.0038060879550546947,False,nan,nan,False,False
84,0.42,0.004895376000149554,0.0015076909999152122,1.1823000022559427e-05,0.000402959999973973,0.0010805459996845457,5.762799992226064e-05,0.0033233829999517184,0.0001514684909162194,0.00013198442167320149,0.030293698183243886,0.6205872720321965,0.004361661780062614,False,nan,nan,False,False
85,0.425,0.004913269000098808,0.0017052240000339225,7.4539998422551434e-06,0.001341929000318487,0.0012598749999597203,4.67579998257861e-05,0.0032476299998052127,0.00018455803249480985,0.0001617019307058637,0.03691160649896196,1.4347766052988045,0.004847954486176071,False,nan,nan,False,False
86,0.43,0.005073471999821777,0.001614312000128848,9.778999810805544e-06,0.00021745000003647874,0.0011776890000874118,5.2399000196601264e-05,0.0032302069998877414,0.00017908572518352835,0.00015636803136785183,0.03581714503670566,0.2545374063992607,0.0044428276492380825,False,nan,nan,False,False
87,0.435,0.004926934000195615,0.001673543999913818,7.173000085458625e-06,0.0013026650003666873,0.0012849510003434261,4.722899984699325e-05,0.0032616970001981826,0.00017062237492536785,0.00014825245473600317,0.034124474985073566,0.36897406941270533,0.005601076059306124,False,nan,nan,False,False
88,0.44,0.005035009000039281,0.0016573039997638261,7.914999969216296e-06,0.00021347299980334355,0.0012136770001234254,5.306000002747169e-05,0.003227361999961431,0.0001466423911992707,0.00012660070426786618,0.029328478239854135,1.0418684986726923,0.005162242031905541,False,nan,nan,False,False
89,0.445,0.004971458999989409,0.0015379989999928512,7.754999842291e-06,0.0013079249997645093,0.0011282760001449788,4.684799978349474e-05,0.0033628569999564206,0.0001634380840863829,0.000141751784962863,0.03268761681727658,0.7075955677282469,0.004965792625400365,False,nan,nan,False,False
90,0.45,0.004965487999925244,0.0012273729998923955,6.76300032864674e-06,0.0001447829999960959,0.0008739370000512281,4.45140003648703e-05,0.0036954739998691366,0.00015775266643049105,0.000136101430365347,0.03155053328609821,0.24249048057822786,0.005532563618648192,False,nan,nan,False,False
91,0.455,0.004968002000168781,0.0008191239999177924,3.8070002119638957e-06,0.0012346170001364953,0.0005775180002274283,3.7431000237120315e-05,0.004123230000004696,0.00019577330258602137,0.00017000482700427948,0.03915466051720427,1.5930767086090267,0.00480609411638837,False,nan,nan,False,False
92,0.46,0.004987849999906757,0.0008144749999701162,3.7969998629705515e-06,0.00010202299972661422,0.0005763059998571407,3.039700004592305e-05,0.004146695000144973,0.00018741705292148222,0.00016201033462512468,0.03748341058429644,0.34872986618075075,0.005093499557545395,False,nan,nan,False,False
93,0.465,0.0050165339998784475,0.0008493310001540522,4.578999778459547e-06,0.001240186999893922,0.0006015330000082031,3.112800004601013e-05,0.004089716999715165,0.00017937917349509082,0.00015449478022289587,0.035875834699018165,0.33430822903808816,0.005621151261850787,False,nan,nan,False,False
94,0.47000000000000003,0.004981899000085832,0.0008124410001073556,3.916999958164524e-06,0.00010037999982159818,0.0005801239999527752,3.036799989786232e-05,0.004141063999668404,0.0001610299429707922,0.00013936628499273398,0.032205988594158436,0.7512691661418299,0.006057710003009552,False,nan,nan,False,False
95,0.47500000000000003,0.004995974999928876,0.0008121609998852364,3.836999894701876e-06,0.0012116239995521028,0.0005798629999844707,2.9956000162201235e-05,0.004149019000124099,0.00018008335056290975,0.0001527455074875556,0.036016670112581944,1.3809100331558073,0.006944106662652321,False,nan,nan,False,False
96,0.48,0.0050051230000462965,0.0008914499999264081,5.160000000614673e-06,0.0023038320000523527,0.0006473599996752455,3.022700002475176e-05,0.004071863000262965,0.00017204371512077852,0.00014583215842668522,0.034408743024155704,0.39672613767293863,0.005027780385160859,False,nan,nan,False,False
97,0.485,0.005019798999910563,0.0008205570002246532,5.030000011174707e-06,0.0012533120002444775,0.0006003510002301482,1.9707000319613144e-05,0.00423083299983773,0.00016564178442086622,0.0001406541978448202,0.033128356884173246,0.5027523019763842,0.005413431210456597,False,nan,nan,False,False
98,0.49,0.005129778000082297,0.0008219390001613647,4.298000021663029e-06,0.00011983600006715278,0.0005882089999431628,3.095800002483884e-05,0.003986942999745224,0.00015694678368384426,0.00013585489192795449,0.03138935673676886,0.7254825624554004,0.006277428799810351,False,nan,nan,False,False
99,0.495,0.004852204000144411,0.0008081329997366993,3.415999799472047e-06,0.0010939919998236292,0.0005754649996561056,2.9796000035275938e-05,0.004258445000232314,0.00022806916027544373,0.00017632446820453466,0.04561383205508874,3.535218637647637,0.005221250302639491,False,nan,nan,False,False
100,0.5,0.005141859999639564,0.0008059090000642755,3.6469996302912477e-06,0.00011388400025680312,0.0005754649996561056,3.110900024694274e-05,0.004003404000286537,0.00021761358972258266,0.000170042601175559,0.04352271794451653,0.5000093754008472,0.004241736095703045,False,nan,nan,False,False
101,0.505,0.004850581000027887,0.000804466000317916,3.5069997466052882e-06,0.001094462000310159,0.0005745620001107454,2.9315000119822798e-05,0.004161152000051516,0.00021121952869093336,0.00016639985732716978,0.04224390573818668,0.30016270094412184,0.005324916210046192,False,nan,nan,False,False
102,0.51,0.005038596000304096,0.0009288599999308644,5.670000064128544e-06,0.002246633999675396,0.000665233999825432,3.18699999297678e-05,0.003995560000021214,0.00019872180889310233,0.0001588879976258538,0.039744361778620466,0.6019766868053801,0.007168052859150433,False,nan,nan,False,False
103,0.515,0.0049696249998305575,0.0008474070000374923,4.058000286022434e-06,0.0012064229999850795,0.0005984780000289902,3.174999983457383e-05,0.004223239000111789,0.00019360515705334184,0.000156084128498936,0.03872103141066836,0.23907599824387302,0.00720296188132334,False,nan,nan,False,False
104,0.52,0.005147039999883418,0.0008091350000540842,4.21799995820038e-06,0.00011689099983414053,0.0005800730000373733,3.3242999961657915e-05,0.003996352000285697,0.00018068479162922666,0.0001485576780211656,0.036136958325845334,0.589505296724689,0.0072034523488605185,False,nan,nan,False,False
105,0.525,0.004848387000038201,0.0008120610000332817,3.4169997888966464e-06,0.001087168999674759,0.0005689519998668402,3.3181999697262654e-05,0.0042729719998533255,0.00017110356940346972,0.00014356429132494875,0.03422071388069394,0.4745991854617235,0.0067934812166486796,False,nan,nan,False,False
106,0.53,0.005177867999918817,0.0008571560001655598,5.0399999054207e-06,0.00014163600008032518,0.0006173540000418143,3.545700019458309e-05,0.003924596000160818,0.00017431400657240238,0.0001505228857064814,0.034862801314480475,1.0307875403177955,0.006354823890579599,False,nan,nan,False,False
107,0.535,0.004826706000130798,0.000816668999959802,3.507000201352639e-06,0.0011013950002052297,0.0005843019998792442,2.9645999802596634e-05,0.004133599999931903,0.0001736402453608492,0.00014584836575541908,0.03472804907216984,1.1260011061827824,0.006185301911504234,False,nan,nan,False,False
108,0.54,0.004994954000267171,0.0010270849998050835,4.969999736204045e-06,0.002284695000071224,0.0007777460000397696,3.8361999941116665e-05,0.003928062999875692,0.00018323386100374263,0.00015327235086024394,0.03664677220074852,1.2495279154621939,0.005778632633828974,False,nan,nan,False,False
109,0.545,0.005001114999686251,0.0008216680002988141,3.90800005334313e-06,0.0012124350000703998,0.0005841199999849778,3.0106999929557787e-05,0.004245801999786636,0.00018079524773176452,0.00015304450402776762,0.03615904954635291,0.896871952934302,0.004781773877503317,False,nan,nan,False,False
110,0.55,0.005122814000060316,0.0008396819998779392,4.5080000745656434e-06,0.00010069000018120278,0.0006008730001667573,3.093800023634685e-05,0.0039919630003169004,0.00018101078613677425,0.00014867522801954316,0.03620215722735485,1.026534920413597,0.004326574461797456,False,nan,nan,False,False
111,0.555,0.004874486000062461,0.0008214079998651869,3.6369997360452544e-06,0.0010964959997181722,0.0005829279998579295,3.605799975048285e-05,0.004242205000082322,0.00018786117781865465,0.00015858218672743624,0.03757223556373093,1.0971104495855666,0.004795685331943685,False,nan,nan,False,False
112,0.56,0.005133735000072193,0.0008231309998336656,3.5870002648152877e-06,0.00010782400022435468,0.0005934979999437928,2.9275000088091474e-05,0.0040007800002968,0.00019478944194379938,0.00016233434809832283,0.038957888388759875,0.4607302553104801,0.0039572020007009635,False,nan,nan,False,False
113,0.5650000000000001,0.004867061999902944,0.000793225000052189,3.746999936993234e-06,0.0011801340001511562,0.0005685920000360056,3.340300008858321e-05,0.0041780739998102945,0.00020306423677206997,0.00017266754504928223,0.040612847354414,1.269904020260146,0.004081500372612972,False,nan,nan,False,False
114,0.5700000000000001,0.00502683300010176,0.0008421879997513315,4.709000222646864e-06,0.00012264099996173172,0.0005997399998705077,3.067799980271957e-05,0.004089316000317922,0.0002067111414993798,0.0001751451841966612,0.04134222829987596,0.8656207321462225,0.004297481556352401,False,nan,nan,False,False
115,0.5750000000000001,0.0049737139997887425,0.0008241330001510505,3.747999926417833e-06,0.0012246279998180398,0.0005871969997315318,3.0727999728696886e-05,0.004131875999974,0.00021954551226444814,0.00018200824208505057,0.04390910245288963,0.9577137703444178,0.004226593810161213,False,nan,nan,False,False
116,0.58,0.004997788000309811,0.000795799999650626,3.786999968724558e-06,0.0001038250002238783,0.0005725589999201475,3.2531000215385575e-05,0.004169116999946709,0.0002172278928181115,0.00018292146668065306,0.04344557856362231,1.8443974065157562,0.0049301097502457945,False,nan,nan,False,False
117,0.585,0.0050207119998049166,0.0006337840000014694,4.8089996198541485e-06,0.0012438740000106918,0.0004926879996673961,1.5489000361412764e-05,0.004300254000099812,0.00023251502240989713,0.00019491849139915388,0.04650300448197942,1.6314631942462856,0.0045501784224727775,False,nan,nan,False,False
118,0.59,0.004986907999864343,0.0008987340002022393,4.367999736132333e-06,0.00010680100012905314,0.0006535819998134684,3.1569000384479295e-05,0.004056153999954404,0.00022575384018904174,0.00018931918719899878,0.04515076803780835,0.4361142000122798,0.004846436851337127,False,nan,nan,False,False
119,0.595,0.005000263000056293,0.0008077630000116187,3.857000137941213e-06,0.0012341260003267962,0.0005783599999631406,3.330200024720398e-05,0.004145421999965038,0.00026763309172872843,0.00022646060906035916,0.053526618345745694,1.6981611099694727,0.0058171310584956785,False,nan,nan,False,False
120,0.6,0.004998029000034876,0.0008080030002020067,3.806999757216545e-06,0.00011082899982284289,0.0005749040001319372,3.2100999760587e-05,0.004146904999743128,0.00024743136324884663,0.00020794100433377803,0.049486272649769326,0.8839997768167724,0.005059281851494338,False,nan,nan,False,False
121,0.605,0.004998961000183044,0.0007989259997884801,3.4960003176820464e-06,0.001231400000051508,0.0005732800000259886,3.407400026844698e-05,0.004160961000252428,0.0002814357327920391,0.00023824265480509909,0.056287146558407816,1.4282807110590472,0.0056501803890818105,False,nan,nan,False,False
122,0.61,0.005011013000057574,0.000903011999980663,4.058000286022434e-06,0.0001160080000772723,0.0006521889999930863,3.1740000395075185e-05,0.004128148999825498,0.00026328856543237115,0.00022024682685328843,0.05265771308647423,0.9435344738786416,0.0058604363418301615,False,nan,nan,False,False
123,0.615,0.005219185999976617,0.0013439419999485835,1.9315999907121295e-05,0.0014563049999196664,0.0009218069999405998,3.0106999929557787e-05,0.0034175010000581096,0.0003204680681057088,0.00027347032950457884,0.06409361362114177,2.5896807010954204,0.006732157006268643,False,nan,nan,False,False
124,0.62,0.004804002999662771,0.00079257300012614,3.716999799507903e-06,7.50610001887253e-05,0.0005726089998461248,2.9756000003544614e-05,0.004126176000227133,0.0003063260497039433,0.0002600927930132592,0.06126520994078867,0.7537750957448183,0.007268173555047603,False,nan,nan,False,False
125,0.625,0.004960027000379341,0.0007983739997143857,3.3960000109800603e-06,0.0011178460003975488,0.0005734110000048531,3.6519000332191354e-05,0.0041634859999248874,0.00028919908168909984,0.0002427850513651306,0.05783981633781997,1.0103134758025833,0.00690653059632322,False,nan,nan,False,False
126,0.63,0.005009890999644995,0.001003281000066636,3.6669998735305853e-06,0.00218220199985808,0.0007745689999865135,2.909500017267419e-05,0.003954492000048049,0.0003332294801780563,0.0002829204441044239,0.06664589603561126,2.011100968961951,0.008029727213119642,False,nan,nan,False,False
127,0.635,0.005012236000311532,0.0008329590000357712,4.4989997149968985e-06,0.0009983519998968404,0.0005957329999546346,3.0156999855535105e-05,0.004104564999579452,0.00031553269866109994,0.00026571463254006786,0.06310653973221998,1.0026360253120978,0.007990124390986545,False,nan,nan,False,False
128,0.64,0.0049864659999911964,0.0010355219997109089,3.53700033883797e-06,0.0021670329997505178,0.0007958300002428587,3.0156999855535105e-05,0.003916529999969498,0.000336968691412692,0.0002841651716075557,0.0673937382825384,0.8603797683173768,0.008836527016254613,False,nan,nan,False,False
129,0.645,0.004995874999622174,0.0008076520002759935,3.717000254255254e-06,0.0010855559999072284,0.0005880079997950816,2.872499999284628e-05,0.004145642999901611,0.0003221171543258104,0.00027002704867524216,0.06442343086516207,0.6520317727935127,0.009900510562556262,False,nan,nan,False,False
130,0.65,0.005001095000352507,0.0010386369999650924,3.626999841799261e-06,0.0020977440003662196,0.0007938260000628361,4.149799997321679e-05,0.003923723999832873,0.00038964671194762016,0.00032744039288679777,0.07792934238952404,2.935260432888995,0.009259663235818363,False,nan,nan,False,False
131,0.655,0.005017815999963204,0.0008302839996758848,4.639000053430209e-06,0.001110202000290883,0.0005979070001558284,3.0748000426683575e-05,0.004106048000267037,0.0003733224006943891,0.00031302036980071133,0.07466448013887783,0.7592255291575889,0.008225884078642247,False,nan,nan,False,False
132,0.66,0.004984963999959291,0.0010078689997499168,3.56700002157595e-06,0.00225155399994037,0.0007657119999748829,2.867399962269701e-05,0.0039406260002579074,0.0003494519558374162,0.00029310321676786523,0.06989039116748323,1.3073432423662532,0.009610296808093057,False,nan,nan,False,False
133,0.665,0.004989671999737766,0.0008003090001693636,3.756999831239227e-06,0.0010935710001831467,0.0005792809997728909,2.9425000320770778e-05,0.004160218999913923,0.0003571847895271094,0.0002906103862594313,0.07143695790542189,2.381171562701148,0.012223056612583777,False,nan,nan,False,False
134,0.67,0.005011104000004707,0.000937837000037689,4.969999736204045e-06,0.0022567529999832914,0.0006893590002619021,3.0378000246855663e-05,0.004022941000130231,0.0003565819082823765,0.0002943438509726364,0.0713163816564753,0.9421671425056757,0.010959838757143193,False,nan,nan,False,False
135,0.675,0.0050158620001639065,0.0012867350001215527,4.35799984188634e-06,0.0011333259999446454,0.0008549210001547181,4.672800014304812e-05,0.0036800249999942025,0.00035836954429703023,0.00029976532374877195,0.07167390885940605,1.8437805710229747,0.010764699761682673,False,nan,nan,False,False
136,0.68,0.005037443000219355,0.0012668479998865223,7.685000127821695e-06,0.002266350999889255,0.0009339000002910325,4.50549996457994e-05,0.0036538449999170552,0.00038381990137212346,0.0003175380971209645,0.0767639802744247,2.254580411026115,0.010919525472164958,False,nan,nan,False,False
137,0.685,0.004983981999885145,0.0012664370001402858,5.200000032345997e-06,0.0011585930001274392,0.0009079710002879438,1.6942000002018176e-05,0.003637093999714125,0.00037069542788411105,0.0003088910743692412,0.07413908557682221,1.3327970001316958,0.01137191210098036,False,nan,nan,False,False
138,0.6900000000000001,0.004958685000019614,0.0009418149998055014,5.219999820837984e-06,0.0022687549999318435,0.000631080000403017,2.9245000405353494e-05,0.00402018600016163,0.00036577978644083785,0.00030278884284736136,0.07315595728816758,0.9749507175377712,0.012446126151502684,False,nan,nan,False,False
139,0.6950000000000001,0.005016482999963046,0.0008276899998236331,4.267999884177698e-06,0.0011315730002934288,0.0005943900000602298,2.8885000119771576e-05,0.004106910000245989,0.0003844185933705347,0.00031709768268064565,0.07688371867410694,1.8097396582839302,0.009418765889582735,False,nan,nan,False,False
140,0.7000000000000001,0.004988981999758835,0.0008745580003051145,5.1590000111900736e-06,0.0022692469997309672,0.0006285839999691234,3.1709999802842503e-05,0.004077583999787748,0.0003695602177734047,0.00030325257471349766,0.07391204355468094,1.675201589983206,0.00967903107150824,False,nan,nan,False,False
141,0.705,0.004994031000023824,0.0008945660001700162,3.656999979284592e-06,0.001107316999878094,0.0005892509998375317,3.286199989815941e-05,0.0040605320000395295,0.0003860325189720351,0.0003178023637941431,0.07720650379440702,1.641369060121373,0.011008660937285421,False,nan,nan,False,False
142,0.71,0.005001896000067063,0.0009100249999391963,5.088999841973418e-06,0.0022220070000003034,0.0006768959997316415,3.9325000216194894e-05,0.004052707000028022,0.00037412745266126885,0.00030556885895759037,0.07482549053225376,1.5682662857467091,0.013213153954319025,False,nan,nan,False,False
143,0.715,0.005004762000226037,0.0008100159998321033,3.877999915857799e-06,0.0011261319996265229,0.0005835500001012406,2.994699980263249e-05,0.004143838999880245,0.00039386126183331763,0.0003235882603368047,0.07877225236666352,1.766240967818282,0.011485848698915065,False,nan,nan,False,False
144,0.72,0.005018776999804686,0.0009050960002241482,5.711000085284468e-06,0.002293763000125182,0.0006429920003938605,3.1288999707612675e-05,0.00402372300004572,0.0003787950550738892,0.00030872145841942013,0.07575901101477783,1.6325550526584103,0.010481469024928018,False,nan,nan,False,False
145,0.725,0.004972040000211564,0.0008119300000544172,3.3960000109800603e-06,0.0011092810000263853,0.0005708459998459148,3.0097000035311794e-05,0.004144650999933219,0.00040864128401015584,0.0003339586817702961,0.08172825680203116,2.3241244761052053,0.011366455789173693,False,nan,nan,False,False
146,0.73,0.005005492999771377,0.0008652400001665228,4.7789999371161684e-06,0.002262915000301291,0.0006266410000534961,2.974600010929862e-05,0.0040903579997575434,0.00039034765644313616,0.0003175286519370383,0.07806953128862723,1.6400616773590089,0.01242754683221492,False,nan,nan,False,False
147,0.735,0.004996915999981866,0.0007841179999559245,3.1859999580774456e-06,0.0011114240001006692,0.0005647749999297957,2.9225999696791405e-05,0.004185927999969863,0.0003976135802474701,0.0003240187477359987,0.07952271604949403,0.5752319867946948,0.011070488541596857,False,nan,nan,False,False
148,0.74,0.005033065000134229,0.0009676939998826128,5.831000180478441e-06,0.002268255000217323,0.0007111400000212598,3.1369000225822674e-05,0.003956466000090586,0.00040498606457696804,0.00032466255999874863,0.08099721291539362,1.729218989456405,0.011435525487670054,False,nan,nan,False,False
149,0.745,0.004982168999958958,0.0008189430000129505,4.066999736096477e-06,0.0011359909999555384,0.0005885690002287447,3.055800016227295e-05,0.004122479000216117,0.0004062738805085445,0.0003254544356714644,0.08125477610170889,2.329093675243729,0.010682888773649736,False,nan,nan,False,False
150,0.75,0.004994902999897022,0.000917669000045862,5.140000212122686e-06,0.0022644880000370904,0.0006837590003669902,2.9907000225648517e-05,0.00402822100022604,0.0004134803668994549,0.00033545582044912457,0.08269607337989099,2.3864756678182384,0.01084851391209373,False,nan,nan,False,False
151,0.755,0.004987067999991268,0.0008059790002334921,3.546000243659364e-06,0.0011015860000043176,0.0005783300002804026,3.07079999402049e-05,0.004158365999956004,0.00041028242721917696,0.0003286318679109378,0.08205648544383538,2.090625052630835,0.011179693032616506,False,nan,nan,False,False
152,0.76,0.005021903999931965,0.0010498579999875801,4.558000000542961e-06,0.0022796159996687493,0.0007916219997241569,3.169999990859651e-05,0.003888888000346924,0.0004439349333235969,0.0003602085214813337,0.08878698666471939,3.1532372844603085,0.012142155590126547,False,nan,nan,False,False
153,0.765,0.004980835999958799,0.0007991260004018841,3.84700024369522e-06,0.0010926790000667097,0.0005739620000895229,3.002599987667054e-05,0.00415606199976537,0.00043227631901606003,0.0003488825946833837,0.08645526380321202,1.6676696900972263,0.010820320629685312,False,nan,nan,False,False
154,0.77,0.005004891000226053,0.0009403019998899254,5.299999884300632e-06,0.002234019999832526,0.0006974240000090504,3.0156999855535105e-05,0.004011059000276873,0.0004198466015140102,0.0003357972424383694,0.08396932030280203,1.2352268719007125,0.011504391248661016,False,nan,nan,False,False
155,0.775,0.004993330000161222,0.0008004389997040562,3.7269996937538963e-06,0.0011213930001758854,0.0005775679996986582,2.9846000416000606e-05,0.004167343000062829,0.00045881288405345757,0.0003666873991937879,0.0917625768106915,2.9063392740656973,0.011906694340868466,False,nan,nan,False,False
156,0.78,0.00502798499974233,0.0009709099999781756,6.052000117051648e-06,0.0022908969999662077,0.0007207779999589548,3.0267000056483084e-05,0.003959943000154453,0.0004458651600177583,0.0003543603275985409,0.08917303200355166,1.300707869269731,0.01174752873929692,False,nan,nan,False,False
157,0.785,0.00497271099993668,0.0008206170000448765,3.686999662022572e-06,0.0011140289998365915,0.0005678900001839793,6.0775000292778714e-05,0.004137777000323695,0.0004368321935883174,0.00034564952940410905,0.08736643871766347,1.8349621967036955,0.0111366424470067,False,nan,nan,False,False
158,0.79,0.005015161000301305,0.0009247230000255513,6.493000000773463e-06,0.0022763500001019565,0.0006781480001336604,3.0778000109421555e-05,0.004018632999759575,0.00045630996983945556,0.0003653483476618144,0.0912619939678911,2.333366787685649,0.013216991514744605,False,nan,nan,False,False
159,0.795,0.004991055999653327,0.0009619030001886131,4.32800015914836e-06,0.0011175659997206822,0.0006397049996849091,3.9695000396022806e-05,0.004036967000047298,0.00044825778216522205,0.0003498423049448662,0.08965155643304441,2.722041803974852,0.012552373928845102,False,nan,nan,False,False
160,0.8,0.005066888000328618,0.0009845360000326764,5.6500002756365575e-06,0.00011418500025683898,0.0007266299999173498,3.9463999655708903e-05,0.003919015000064974,0.0004614849543752061,0.0003676419953758821,0.0922969908750412,2.3813003163876645,0.01298937116791899,False,nan,nan,False,False
161,0.805,0.004959045999839873,0.0009870100002444815,5.048999810242094e-06,0.001169183999991219,0.0007144460000745312,3.531699985614978e-05,0.003944231999867043,0.00046340660426811024,0.0003649500073643441,0.09268132085362205,1.7345155220815762,0.012197538537981051,False,nan,nan,False,False
162,0.81,0.005035719000261452,0.0009320269996351271,4.509000063990243e-06,6.140499999673921e-05,0.0006749220001438516,3.354299997226917e-05,0.003967095999996673,0.00047683568904232564,0.0003777462751514372,0.09536713780846512,2.808974566604038,0.0120924518548481,False,nan,nan,False,False
163,0.8150000000000001,0.00495693199991365,0.0010231179999209417,4.86899989482481e-06,0.0011349490000611695,0.0007267299997693044,3.723999998328509e-05,0.003930075999960536,0.0004805062619128988,0.0003801737842257951,0.09610125238257976,1.8187402158229968,0.012318305881687124,False,nan,nan,False,False
164,0.8200000000000001,0.005015250999804266,0.0011002830001416442,6.321999990177574e-06,0.0022684949999529636,0.0008274890001302992,3.472599973974866e-05,0.0038399869999921066,0.00048767482154882437,0.0003828796073622096,0.09753496430976487,0.8558462345879484,0.012913861841812977,False,nan,nan,False,False
165,0.8250000000000001,0.005002937999961432,0.0013666449999618635,5.5199998314492404e-06,0.0011750250000659435,0.0009229090001099394,4.496500014283811e-05,0.003617035999923246,0.0005058383846237214,0.00040110284215764134,0.1011676769247443,2.7309376273197112,0.01250050978736466,False,nan,nan,False,False
166,0.8300000000000001,0.005043244000262348,0.0012592429998221633,5.419999979494605e-06,0.00010571900020295288,0.0009081719999812776,4.302100023778621e-05,0.0036317640001470863,0.000502987289420042,0.0003943584982266978,0.10059745788400838,2.4754698485910303,0.012017689787460628,False,nan,nan,False,False
167,0.835,0.0049523819998285035,0.0013622370001939998,5.549999968934571e-06,0.0011681010000756942,0.0008935040000324079,4.462400011107093e-05,0.003617336999923282,0.0005122664865474224,0.0004057172093705399,0.1024532973094845,2.4177926625242594,0.012982510832584627,False,nan,nan,False,False
168,0.84,0.005040448999807268,0.0012665970002672111,4.809000074601499e-06,0.00010512800008655176,0.0009137119996012188,4.311100019549485e-05,0.0036327960001472093,0.00051966813798152,0.00040677138148062855,0.103933627596304,2.7731181579324504,0.01405189311995175,False,nan,nan,False,False
169,0.845,0.0049670400003378745,0.0014473169999291713,5.66100015930715e-06,0.0011550769995665178,0.0009286899999096931,4.748899982587318e-05,0.003487843000129942,0.000526437150449108,0.0004158622819320757,0.10528743008982158,2.6123491538828043,0.013540916967285661,False,nan,nan,False,False
170,0.85,0.005079752999790799,0.0012889790000372159,5.4600000112259295e-06,6.441200002882397e-05,0.0009349319998364081,4.2920000396406977e-05,0.0035640959999909683,0.000529116150043635,0.00041550634100491913,0.105823230008727,2.001534167225868,0.020057392133869145,False,nan,nan,False,False
171,0.855,0.004912447000151587,0.0013616969999930006,5.2189998314133845e-06,0.0011423330001889553,0.0008902680001483532,4.3261999962851405e-05,0.003579004000130226,0.0005749698086780896,0.00045734950357245816,0.11499396173561792,2.404854072135221,0.014638758522086598,False,nan,nan,False,False
172,0.86,0.005009670999697846,0.0014203360001374676,7.463999736501137e-06,0.002272712999911164,0.00099942299993927,4.505500010054675e-05,0.003514563999942766,0.0005581988536676035,0.00043833425145464646,0.11163977073352069,1.9663896616084464,0.01626348459904018,False,nan,nan,False,False
173,0.865,0.005005072000130895,0.001390640999943571,5.259999852569308e-06,0.0011583729997255432,0.0009079309998014651,4.2890999793598894e-05,0.0035334880003574654,0.0005726388727302408,0.0004489581792833353,0.11452777454604818,0.8702896954611513,0.015435796127774884,False,nan,nan,False,False
174,0.87,0.005072638999990886,0.001283980000152951,5.229999715083977e-06,3.977499954999075e-05,0.0009175390000564221,4.378299991003587e-05,0.0035718409999390133,0.0005885898498768341,0.0004600170692213952,0.11771796997536682,0.7063993934381166,0.014525554045540599,False,nan,nan,False,False
175,0.875,0.004914812000151869,0.0014048479997654795,5.390000296756625e-06,0.001108307999857061,0.0009147840000878205,4.455399994185427e-05,0.0035316050002620614,0.0006067839152466903,0.00047277530642033,0.12135678304933807,1.583999222450983,0.015488779587124062,False,nan,nan,False,False
176,0.88,0.004992729000150575,0.0014262179997786006,4.789000286109513e-06,0.0021778339996672003,0.001054336999914085,4.338200005804538e-05,0.0035393789999034198,0.0006070716867726995,0.00047682771251322895,0.1214143373545399,2.6319071210934197,0.014652278320232187,False,nan,nan,False,False
177,0.885,0.005025960999773815,0.001304177999827516,4.888999683316797e-06,0.0010628429999997024,0.0009079900000870111,4.785999999512569e-05,0.003615643000102864,0.0006121693589681551,0.0004742556995353444,0.12243387179363101,2.3814319582906003,0.015806190526360498,False,nan,nan,False,False
178,0.89,0.004985165000107372,0.0014611729998250667,5.4600000112259295e-06,0.0021312359999683395,0.0011129969998364686,1.870500000222819e-05,0.0034381790001134505,0.0006342935509570024,0.000500545761280744,0.12685871019140046,3.091728924196064,0.016740938039963873,False,nan,nan,False,False
179,0.895,0.004940028999953938,0.0007878649998929177,3.53599989466602e-06,0.0009138119999079208,0.0005615879999822937,3.314200012027868e-05,0.004180378000000928,0.0006273936671119202,0.0004880332302540733,0.12547873342238405,2.188846889729528,0.016925014754447774,False,nan,nan,False,False
180,0.9,0.005006213999877218,0.0009386390001964173,3.5469997783366125e-06,0.002033311999639409,0.0007100080001691822,2.8795000162062934e-05,0.00402529599978152,0.0006476458104126165,0.0005087191381660345,0.1295291620825233,1.35759289334733,0.01776686162974109,False,nan,nan,False,False
181,0.905,0.0050027880001835,0.000772304999827611,3.3460000850027427e-06,0.0008305350002046907,0.0005485639999278646,3.967499969803612e-05,0.004188053000234504,0.0006521569950327959,0.000504243334012942,0.13043139900655917,1.7472224835184913,0.017429241674378267,False,nan,nan,False,False
182,0.91,0.005000232999918808,0.0007736580000710092,3.818000095634488e-06,0.0003125389998785977,0.0005578010000135691,2.833300004567718e-05,0.004188763000001927,0.0006561566718850217,0.0005147553305244676,0.13123133437700435,2.640077696304502,0.017952120398912152,False,nan,nan,False,False
183,0.915,0.005001335000088147,0.0007659829998374335,3.3569999686733354e-06,0.0008313169996654324,0.0005466299999170587,2.7692000003298745e-05,0.004195345999960409,0.0006625587422305314,0.0005119369286242801,0.13251174844610628,2.5291189471584268,0.01798941680608214,False,nan,nan,False,False
184,0.92,0.004999781999686093,0.0007838770002308593,3.325999841763405e-06,0.00022653699988950393,0.0005698230002053606,2.841299965439248e-05,0.004186870000012277,0.0006657044328062206,0.0005214650062824299,0.13314088656124412,3.045424410580474,0.0167152386129226,False,nan,nan,False,False
185,0.925,0.005027584000345087,0.0012792909997187962,4.457999693840975e-06,0.0013564470000346773,0.000951792999785539,4.173799970885739e-05,0.0036746650002896786,0.000674041717507962,0.0005215420302140221,0.1348083435015924,2.6910725969382012,0.018284063664492475,False,nan,nan,False,False
186,0.93,0.005013657999825227,0.001174773999991885,5.339999916031957e-06,0.00019594899958974565,0.0008512439999321941,4.154899988861871e-05,0.00376288100005695,0.0006713272414737272,0.000524148442091755,0.13426544829474543,2.566131264891132,0.01681447625867361,False,nan,nan,False,False
187,0.935,0.0049938309998651675,0.0012748730000566866,5.4600000112259295e-06,0.0012618569999176543,0.000844532000428444,4.231999992043711e-05,0.003669525000077556,0.0006983632335806902,0.0005406687640954,0.13967264671613802,3.029904491618659,0.017159574740763135,False,nan,nan,False,False
188,0.9400000000000001,0.005005092000374134,0.0011897519998456119,4.959000307280803e-06,0.00011771099980251165,0.0008405739999943762,4.49740000476595e-05,0.003748474000076385,0.0006890432459874116,0.0005375377612011909,0.1378086491974823,2.6331054814589536,0.018321205608758138,False,nan,nan,False,False
189,0.9450000000000001,0.004996956000013597,0.0012575299997479306,5.330000021785963e-06,0.0011909740001101454,0.0008279109997602063,4.375299977255054e-05,0.0036934009999640693,0.0007099850351837547,0.0005496486954346307,0.14199700703675092,2.3460812753143676,0.01825340980820348,False,nan,nan,False,False
190,0.9500000000000001,0.005020751999836648,0.0013823949998368334,2.026799984378158e-05,0.0023048539997034823,0.0010205230000792653,4.310199983592611e-05,0.003540943000189145,0.000713595040255812,0.0005580454247145015,0.1427190080511624,2.9617956583373624,0.018599532685261235,False,nan,nan,False,False
191,0.9550000000000001,0.004988420999779919,0.0012767160001203592,5.2189998314133845e-06,0.00111633400001665,0.0008351239998773963,4.5495999984268565e-05,0.003659316000266699,0.0007037576321983619,0.0005468505858736627,0.14075152643967237,1.4124312407317798,0.01773367080536161,False,nan,nan,False,False
192,0.96,0.0050001220001831825,0.0013379020001593744,7.112999810487963e-06,0.002175529999931314,0.0009945249998963845,4.3462000121508026e-05,0.003598039999815228,0.0007734499655706374,0.0006068232591143821,0.15468999311412748,4.528453605220526,0.017907486397666223,False,nan,nan,False,False
193,0.965,0.004991035999864835,0.0013125929999660002,5.32000012753997e-06,0.000992459999906714,0.0009603599996808043,4.330199999458273e-05,0.0036312130000624165,0.0007530309353994032,0.0005885349480833696,0.15060618707988066,1.6316364326165687,0.0192945113912173,False,nan,nan,False,False
194,0.97,0.005004912000003969,0.0011803740003415442,5.640000381390564e-06,0.0003736039998329943,0.0008568249995732913,4.251000018484774e-05,0.0037571299999399344,0.0007305918108270006,0.0005669730747488201,0.14611836216540014,2.006624817901041,0.01933998918156679,False,nan,nan,False,False
195,0.975,0.004993379000097775,0.0012649340001189557,5.309999778546626e-06,0.0009061170003406005,0.000927297000089311,4.2440000015631085e-05,0.003687689999878785,0.0007760882614252739,0.0006046841630440612,0.15521765228505477,3.7844201087157026,0.017690714764610323,False,nan,nan,False,False
196,0.98,0.005012626999814529,0.001421749000201089,5.419999979494605e-06,0.0020117910003136785,0.0010745250001491513,5.21879996995267e-05,0.0035122989997944387,0.0007651161081909963,0.0005947889251705389,0.15302322163819926,2.5277057171902286,0.019504718127643116,False,nan,nan,False,False
197,0.985,0.004997888000161765,0.0013365889999477076,6.14200007476029e-06,0.000896027999715443,0.0009915880000335164,4.264000017428771e-05,0.003600295000069309,0.000755931381781499,0.000585637784132449,0.1511862763562998,0.5546196557080434,0.020908775469393594,False,nan,nan,False,False
198,0.99,0.005000743999971746,0.0013510260000657581,6.942999789316673e-06,0.0020124530001339735,0.000995254999907047,5.611599999610917e-05,0.0035742459999710263,0.0008252675695678025,0.0006449040907691638,0.16505351391356052,2.970436659531532,0.021226716589996975,False,nan,nan,False,False
199,0.995,0.004969143999915104,0.000833301000056963,3.5159996514266822e-06,0.0008194950000870449,0.000597386000208644,3.8591999782511266e-05,0.004110786000182998,0.0007749092882424063,0.000595841250598827,0.15498185764848127,2.2236682496294975,0.018342924017263524,False,nan,nan,False,False
200,1.0,0.0049842930002341745,0.0008140439999806404,3.53599989466602e-06,0.0002151860003323236,0.0005715770003007492,2.9726000320806634e-05,0.004145692999827588,0.0008232121144874712,0.0006418637098792087,0.16464242289749423,2.0613050662155077,0.018942658356170424,False,nan,nan,False,False
201,1.0050000000000001,0.004999641999802407,0.0008303750000777654,3.6159999581286684e-06,0.0007684379997954238,0.0006035470000824716,2.807300006679725e-05,0.004127137000068615,0.0007789751993657632,0.0005905647289828142,0.15579503987315263,2.1330864181390776,0.021985925816062825,False,nan,nan,False,False
202,1.01,0.005028485999901022,0.0007929740004328778,3.355999979248736e-06,0.0001149960003203887,0.0005689919998985715,2.8233000193722546e-05,0.004134941999836883,0.0008550925367221708,0.000670088615776155,0.17101850734443416,3.368341764190906,0.022101083438970562,False,nan,nan,False,False
203,1.0150000000000001,0.00496554700021079,0.0007798400001775008,3.2759999157860875e-06,0.0011942400001316855,0.0005576810003731225,2.696999990803306e-05,0.004242294000050606,0.000815705679417388,0.0006241978333025259,0.16314113588347762,1.880041626325217,0.022283783334518838,False,nan,nan,False,False
204,1.02,0.005092646999855788,0.0007971230002112861,3.4060003599734046e-06,0.00010806399995999527,0.0005764960001215513,2.8233000193722546e-05,0.004072643999734282,0.0008177465260480847,0.0006294249467345015,0.16354930520961694,0.6280486510525445,0.022844891352301458,False,nan,nan,False,False
205,1.025,0.004905815000256553,0.0007947879998937424,3.105999894614797e-06,0.0006401860000551096,0.0005556470000556146,2.7833000331156654e-05,0.004168976000073599,0.0008580732467489773,0.0006511410449165072,0.17161464934979545,2.641232014059269,0.02322584646318227,False,nan,nan,False,False
206,1.03,0.005032775000017864,0.0007878540000092471,3.4569998206279706e-06,0.00011083899971708888,0.0005663669999194099,2.8093000310036587e-05,0.0041434579998167465,0.0008292245298844226,0.0006307434906171324,0.16584490597688453,2.7321803575610017,0.022311994448417395,False,nan,nan,False,False
207,1.035,0.004967510999904334,0.0007864819999667816,3.166000169585459e-06,0.000607666000178142,0.0005517600002349354,2.8484000267781084e-05,0.004178474000127608,0.0008651026500216035,0.0006633608233331083,0.17302053000432072,2.441124925187186,0.022323093072447883,False,nan,nan,False,False
208,1.04,0.005033394999827578,0.0007844880001357524,3.166000169585459e-06,0.00011219099997106241,0.000562510000236216,2.821299995048321e-05,0.004144610999901488,0.0008356768329405117,0.0006321713794863112,0.16713536658810232,2.988173344384047,0.022132013491151983,False,nan,nan,False,False
209,1.045,0.004965538000305969,0.0007885349996286095,3.2160000955627766e-06,0.000638323000202945,0.0005585019998761709,3.4485000014683465e-05,0.004177773000265006,0.0008873660303317263,0.0006789905560754669,0.17747320606634526,3.803933898676737,0.023377220555956122,False,nan,nan,False,False
210,1.05,0.005038984999828244,0.0008017609998205444,3.53700033883797e-06,0.00011594800025704899,0.0005702540001948364,2.7692000003298745e-05,0.004129412000111188,0.0008547163189512755,0.0006458729842187009,0.17094326379025512,2.439553828486728,0.023130618146244206,False,nan,nan,False,False
211,1.055,0.0049687639998410305,0.0007978530002219486,3.085000116698211e-06,0.0006403269999282202,0.0005734609999308304,2.773200003503007e-05,0.004203351999876759,0.0008873259415071268,0.0006799972631349868,0.17746518830142538,1.5025061081281286,0.023238960995332257,False,nan,nan,False,False
212,1.06,0.0050715070001388085,0.0007984550002220203,3.4059999052260537e-06,0.00010780399998111534,0.0005673789996762935,2.9765999897790607e-05,0.004088513999704446,0.0008459749551455027,0.0006282411308521241,0.16919499102910054,2.215914996522582,0.02412655220781567,False,nan,nan,False,False
213,1.065,0.004923688999951992,0.0007831150001038623,2.9960001484141685e-06,0.0011001429998032108,0.0005599959999926796,2.790300004562596e-05,0.004296768000131124,0.0009394875579683998,0.0007249954485525865,0.18789751159367996,4.246454593132824,0.022483541800981416,False,nan,nan,False,False
214,1.07,0.005153171000074508,0.0007921219998934248,3.256000127294101e-06,0.00011031799976990442,0.0005709859997296007,2.844399978130241e-05,0.004017491000013251,0.0009055550096818512,0.0006864016987256734,0.18111100193637023,1.618399308539309,0.022371991422267524,False,nan,nan,False,False
215,1.075,0.004845761000069615,0.0007855909998397692,3.25599967254675e-06,0.0010878500002036162,0.0005578410000453005,3.387400010979036e-05,0.004264516000148433,0.0008650530968630907,0.0006408322846194565,0.17301061937261816,2.3253722097013965,0.022312795248976613,False,nan,nan,False,False
216,1.08,0.005127312999775313,0.0008255960001406493,3.526999989844626e-06,0.00011380500018276507,0.0006040279999979248,2.816300002450589e-05,0.004010307000044122,0.0009224925334578956,0.0007012584089894219,0.1844985066915791,2.83051372088591,0.02433564148770821,False,nan,nan,False,False
217,1.085,0.004871490000368794,0.0007867829999668174,3.165999714838108e-06,0.0010847539997485,0.0005578909999712778,2.7380999654269544e-05,0.004287368999939645,0.0008770219731756381,0.0006432048524508882,0.17540439463512764,2.3712266804622346,0.022955468558192214,False,nan,nan,False,False
218,1.09,0.005152699999598553,0.0008108680003715563,3.4259996937180404e-06,0.00011605899999267422,0.0005834089997733827,2.9275000088091474e-05,0.0040020019996518386,0.0009589374625882422,0.0007362348561305845,0.19178749251764843,3.8601056023893157,0.022499772404654415,False,nan,nan,False,False
219,1.095,0.004848948000017117,0.0008459540003968868,3.076000211876817e-06,0.0010493370000403957,0.00061817499999961,2.997699994011782e-05,0.0042383969998809334,0.0009202521736787449,0.0006885875047258627,0.18405043473574897,1.9789713814997547,0.023005006863786683,False,nan,nan,False,False
220,1.1,0.005159894000371423,0.0008155269997587311,3.7579998206638265e-06,0.00011388500024622772,0.0005737609999414417,2.8152999675512547e-05,0.003987684000094305,0.0009450865833754542,0.0007196880908607864,0.18901731667509086,1.5475092637322976,0.022847945169050803,False,nan,nan,False,False
221,1.105,0.0048399499996776285,0.0007982649999576097,3.3659998734947294e-06,0.001034539000102086,0.0005606059999081481,2.7892000161955366e-05,0.00416901600010533,0.0009506149348792125,0.0007060984279692491,0.19012298697584248,3.0681451794021632,0.023423876106646233,False,nan,nan,False,False
222,1.11,0.005006275000141613,0.001025060999836569,1.1051000001316424e-05,0.0021552019998125616,0.0007833260001461895,2.9585999982373323e-05,0.003936227999929542,0.0009759243891519152,0.0007404027618127824,0.19518487783038307,3.7394668558235975,0.023522225545269112,False,nan,nan,False,False
223,1.115,0.0050001320000774285,0.0008010299998204573,3.296000159025425e-06,0.001086778000171762,0.0005739120001635456,2.903499989770353e-05,0.004157495000072231,0.0009646504400666064,0.0007241690011273259,0.19293008801332126,2.7851496464696943,0.02331276750559092,False,nan,nan,False,False
224,1.12,0.004997006999928999,0.0009746370001266769,3.447000381129328e-06,0.0022378670000762213,0.0007347040000240668,3.0417999823839637e-05,0.003993294999872887,0.0010071394050756197,0.0007654341487737266,0.20142788101512393,4.008143651944934,0.024208902112355393,False,nan,nan,False,False
225,1.125,0.005011534000004758,0.0008334909998666262,3.7370000427472405e-06,0.0010922080000455026,0.0005918260003454634,2.9796000035275938e-05,0.004117840000162687,0.0009945376937143824,0.0007490201598418234,0.19890753874287648,3.1933846996415274,0.02392670151565794,False,nan,nan,False,False
226,1.1300000000000001,0.0049992909998763935,0.0009306940000897157,5.410000085248612e-06,0.002218911999989359,0.0006989880002947757,2.8433999887056416e-05,0.004021197999918513,0.001004944368992498,0.0007602975083671731,0.20098887379849958,1.542313751414787,0.02549736746734561,False,nan,nan,False,False
227,1.135,0.004995323999992252,0.000811598999916896,3.416000254219398e-06,0.0010990109999511333,0.0005758149995926942,2.9666000045835972e-05,0.004156293000050937,0.0010124475400699986,0.000756257791101141,0.20248950801399968,3.0026991446749323,0.026170070448376964,False,nan,nan,False,False
228,1.1400000000000001,0.005031682000208093,0.0017645949997131538,6.00099974690238e-06,0.0022840540000288456,0.000667879000047833,1.6600999970250996e-05,0.0031499460001214175,0.0010349376324195,0.000784009399799836,0.20698752648389995,3.8477277628055306,0.026665307401638038,False,nan,nan,False,False
229,1.145,0.004959025000061956,0.0008613129998593649,3.897000169672538e-06,0.0010917370000242954,0.0006187359999785258,3.056800005651894e-05,0.004108141999950021,0.0010360838475437938,0.0007761412854516685,0.20721676950875872,3.9141290571484637,0.026077617773041725,False,nan,nan,False,False
230,1.1500000000000001,0.0050191989998893405,0.000897039999927074,5.079999937152024e-06,0.0022635960003754008,0.0006503949998659664,3.266200019425014e-05,0.004051275000165333,0.0010370134935650055,0.0007811368209170114,0.20740269871300107,2.895676553768882,0.02633428444452336,False,nan,nan,False,False
231,1.155,0.004989712999758922,0.0008153470002980612,3.296000159025425e-06,0.001029218999974546,0.0005767070001638785,2.889400002459297e-05,0.004149459000018396,0.0010599539699656328,0.0007917552551719043,0.21199079399312656,4.097912432146609,0.025894360130262195,False,nan,nan,False,False
232,1.16,0.0050352890002614,0.001027605999752268,6.080999810365029e-06,0.0022346709997691505,0.0007643899998583947,3.5337000099389115e-05,0.0038994390001789725,0.0010573076211101737,0.0007959104494145598,0.21146152422203474,3.3110726114385254,0.0269862654560589,False,nan,nan,False,False
233,1.165,0.004971588999978849,0.0008448819999102852,3.7269996937538963e-06,0.0010376759996688634,0.0006109219998506887,2.9555999844887992e-05,0.004104193999864947,0.001063183067895517,0.000797085669220007,0.2126366135791034,2.364088402114949,0.026114019122460804,False,nan,nan,False,False
234,1.17,0.00499061399978018,0.000992721000329766,3.437000032135984e-06,0.0021498010000868817,0.0007508650001000206,2.9476000236172695e-05,0.003966023999964818,0.0011007422206766474,0.0008317954824602399,0.22014844413532944,5.188529205717168,0.02864997131766679,False,nan,nan,False,False
235,1.175,0.004997268000352051,0.000916075999612076,3.536999884090619e-06,0.000949921000028553,0.0005707360000997141,3.133900008833734e-05,0.004045253000185767,0.0010912927642009276,0.0008218013043050504,0.2182585528401855,2.073908039613858,0.028384760212017603,False,nan,nan,False,False
236,1.18,0.004999660999601474,0.0009766910002326767,3.4469999263819773e-06,0.002052857999842672,0.0006584210000255553,3.019699988726643e-05,0.0039847289999670465,0.0011078671002407298,0.0008300146062648357,0.22157342004814592,3.5545930887959405,0.0280311242504803,False,nan,nan,False,False
237,1.185,0.005001746000289131,0.0008404239997616969,3.505999757180689e-06,0.00084983100032332,0.0005740010001318296,2.9455999992933357e-05,0.0041205950001312885,0.0011019123345199066,0.0008288214919190164,0.2203824669039813,3.202577702859365,0.029579249552284616,False,nan,nan,False,False
238,1.19,0.005002287000024808,0.0009419549996891874,3.687000116769923e-06,0.001958630999979505,0.0007116309998309589,2.898499997172621e-05,0.004016028000023653,0.0011083468860126223,0.0008308613927207869,0.22166937720252444,1.932587690592726,0.028609807894581167,False,nan,nan,False,False
239,1.195,0.0049981489996753226,0.0008113190001495241,3.476000074442709e-06,0.000831526999718335,0.0005651149999721383,2.9536000056396006e-05,0.004161631999977544,0.0011325356378865817,0.0008525243769787194,0.22650712757731634,4.250352350350895,0.027554253825322228,False,nan,nan,False,False
240,1.2,0.005031562000112899,0.0008565240000280028,4.799000180355506e-06,0.0002464750000399363,0.0006220219997885579,3.1909999961499125e-05,0.004078304999893589,0.0011238651372533577,0.0008413186623195904,0.22477302745067154,2.7631788603948553,0.031657839112320195,False,nan,nan,False,False
241,1.205,0.004980234999948152,0.0008428579999417707,3.626999841799261e-06,0.0007695399999647634,0.0006026259998179739,3.0276999950729078e-05,0.00410776100034127,0.001151266082138577,0.0008669562985629299,0.2302532164277154,1.2525213376677744,0.02916018770509968,False,nan,nan,False,False
242,1.21,0.004994021000129578,0.0008013400001800619,3.4660001801967155e-06,0.00019802299993898487,0.0005707149998670502,2.9455999992933357e-05,0.00423752599999716,0.0011312440031464323,0.0008395035794315324,0.22624880062928643,1.3894530246793917,0.029670977323497712,False,nan,nan,False,False
243,1.215,0.005246376999821223,0.0016210350004257634,1.55890002133674e-05,0.0015396520002468606,0.0012303080002311617,3.427399997235625e-05,0.0031559069998365885,0.0012166066777126673,0.0009255149171486128,0.24332133554253346,4.0645869655920075,0.030435217957984654,False,nan,nan,False,False
244,1.22,0.004828880000331992,0.0009055959999386687,4.127000011067139e-06,9.087099988391856e-05,0.000657228999898507,3.325299985590391e-05,0.003978959000050963,0.0011697184467205678,0.0008722688495920797,0.23394368934411358,2.3407367990301933,0.028104194834929846,False,nan,nan,False,False
245,1.225,0.004937383999731537,0.0008151760002874653,3.837000349449227e-06,0.0011057140000048093,0.0005906129999857512,3.068799969696556e-05,0.004139050000048883,0.001194280605500601,0.0008995392767179953,0.2388561211001202,1.2845562485493702,0.029157213263890674,False,nan,nan,False,False
246,1.23,0.0050192890003017965,0.001324956999724236,1.0369999927206663e-05,0.0022062279999772727,0.0009728739996717195,4.48239998149802e-05,0.0036245199999029865,0.0012107968312147308,0.0008993141165669349,0.24215936624294615,1.357518504219138,0.031942766069402655,False,nan,nan,False,False
247,1.235,0.0050227149999955145,0.0013337229997887334,5.419999979494605e-06,0.0010660790003385046,0.0009993530002248008,4.3401999846537365e-05,0.0035935119999521703,0.001215217518830712,0.0009141086081312037,0.24304350376614245,1.348989562958427,0.03034204588707636,False,nan,nan,False,False
248,1.24,0.004989612999906967,0.001385931999720924,5.259999852569308e-06,0.0021235619997241884,0.001050759999998263,4.369199996290263e-05,0.003572191000330349,0.0012599643210866622,0.0009374365328605836,0.2519928642173324,2.8916876838485472,0.030119254050862673,False,nan,nan,False,False
249,1.245,0.005041150000124617,0.0014298839996627066,6.573000064236112e-06,0.0009754479997354792,0.0009601500000826491,5.7268000091426075e-05,0.0034758910001073673,0.001231789190019366,0.0009183995094111993,0.24635783800387318,3.0198244666949887,0.0320652251931722,False,nan,nan,False,False
250,1.25,0.004967530999692826,0.0013569470002039452,5.360000159271294e-06,0.001939063999998325,0.0010196420003012463,4.466400014280225e-05,0.003568755999822315,0.0012831496799385453,0.0009638213650019229,0.25662993598770906,3.8969405087234197,0.030671075678210515,False,nan,nan,False,False
251,1.2550000000000001,0.004983992000234139,0.0013058810000075027,4.9989998842647765e-06,0.0008302749997710634,0.0009649190001255192,4.372300008981256e-05,0.003634399000020494,0.0012562937257143475,0.000938848956768502,0.25125874514286944,3.126340518841332,0.032255429683684396,False,nan,nan,False,False
252,1.26,0.0050018359997920925,0.0013162710001779487,5.119999968883349e-06,0.0020401140000103624,0.000987661000181106,4.3090999952255515e-05,0.0036462009998103895,0.0012902686598703994,0.0009653082335551056,0.2580537319740799,3.2760829510201686,0.031127822043134044,False,nan,nan,False,False
253,1.2650000000000001,0.005059154000264243,0.0014916309996806376,8.214999979827553e-06,0.0009775109997463005,0.0011177460000908468,5.436299989014515e-05,0.0033933650001927163,0.0012723725156116843,0.0009484486819362602,0.2544745031223368,3.7227506245641964,0.03095083681317405,False,nan,nan,False,False
254,1.27,0.004946691999975883,0.0015637970000170753,5.169999894860666e-06,0.0020137749997957144,0.0011178659997312934,5.544400028156815e-05,0.0033695199999783654,0.0012939990310128833,0.0009665215737692592,0.2587998062025767,3.2827418655352467,0.03127220905578316,False,nan,nan,False,False
255,1.2750000000000001,0.004994301999886375,0.0015961180001795583,5.339999916031957e-06,0.0008666030003041669,0.0012325029997555248,5.222899972068262e-05,0.0033658429997558414,0.001289374410594527,0.0009599280248985386,0.2578748821189054,3.5854758023913273,0.034212953971482704,False,nan,nan,False,False
256,1.28,0.005023176000122476,0.0013653030000568833,5.1800002438540105e-06,0.0019307889997435268,0.0010108540000146604,4.423299969857908e-05,0.0035585159998845484,0.0013192085107845025,0.0009852288738122234,0.2638417021569005,4.026005978561964,0.03196259162186204,False,nan,nan,False,False
257,1.285,0.00500649399964459,0.0013995280000926869,7.714999810559675e-06,0.0008136330002344039,0.0010299300001861411,4.825099995287019e-05,0.0035144230000696552,0.0013109150712048534,0.0009779271474368596,0.2621830142409707,3.371454708344791,0.03245840755198151,False,nan,nan,False,False
258,1.29,0.0049827700004243525,0.0012239869997756614,6.020999990141718e-06,0.0002814600002238876,0.0008814309999252146,4.409300026964047e-05,0.003701435000039055,0.0013200847567546145,0.000980692545847114,0.26401695135092285,3.6240928020191374,0.03342377587639482,False,nan,nan,False,False
259,1.295,0.004988440999568411,0.0012872660004177305,5.66100015930715e-06,0.000782714999786549,0.0009571939999659662,4.307099970901618e-05,0.0036481649999586807,0.001326668337553794,0.000989916147563514,0.2653336675107588,3.287742266480707,0.03320153355559124,False,nan,nan,False,False
260,1.3,0.0050148100003752916,0.0009380080000482849,5.350000265025301e-06,0.00033080399998652865,0.0007002699999247852,2.9486000130418688e-05,0.003962576999583689,0.001341762339023632,0.0009959592818606332,0.2683524678047264,4.139165848975569,0.033202116312250986,False,nan,nan,False,False
261,1.305,0.004940951999742538,0.0007787770000504679,3.5570001273299567e-06,0.0007792080000399437,0.0005567690000134462,2.8664000183198368e-05,0.004196178000256623,0.0013426914965787046,0.0010000000000000009,0.2685382993157409,3.53089117286656,0.0339426494911338,False,nan,nan,False,False
262,1.31,0.005031381000208057,0.0008395419999942533,4.49800018031965e-06,0.00023869000006015995,0.0006061819999558793,3.099900004599476e-05,0.004094044999874313,0.0013496045262856415,0.0010000000000000009,0.2699209052571283,3.357129307621487,0.0337196514923694,False,nan,nan,False,False
263,1.315,0.004976327999884234,0.0008213979999709409,3.806999757216545e-06,0.0013319300001057854,0.0005914449998272175,2.9756000003544614e-05,0.004130193000037252,0.0013514406214159209,0.0010000000000000009,0.27028812428318416,4.021367416143425,0.03324506703348174,False,nan,nan,False,False
264,1.32,0.0049968560001616424,0.0007840279999982158,3.597000159061281e-06,0.00020975500001441105,0.0005671689996233908,2.8693999865936348e-05,0.004169798000020819,0.0013561638161991608,0.0010000000000000009,0.2712327632398322,3.4791311826160247,0.036037085402239974,False,nan,nan,False,False
265,1.325,0.004998599999908038,0.0007963210000525578,3.475999619695358e-06,0.0013144169997758581,0.0005806540002595284,2.8243999622645788e-05,0.00418353399982152,0.0013610074935482119,0.0010000000000000009,0.27220149870964233,3.047932062165523,0.03433257321630915,False,nan,nan,False,False
266,1.33,0.0050425129998075136,0.0008987330002128147,5.779999810329173e-06,9.781400012798258e-05,0.000642751000214048,3.1149000278674066e-05,0.004018182999971032,0.0013658980490180383,0.0010000000000000009,0.2731796098036076,3.4260599618923577,0.036017128479739736,False,nan,nan,False,False
267,1.335,0.004963072999998985,0.0008271280003100401,5.079000402474776e-06,0.0011293889997432416,0.0005938990002505307,3.556699994078372e-05,0.004128189999846654,0.001367093421167249,0.0010000000000000009,0.27341868423344984,2.6190465779278145,0.03514308571004934,False,nan,nan,False,False
268,1.34,0.005030900000292604,0.0009475459996792779,5.389999842009274e-06,0.0022588060000998667,0.0006992879998506396,2.980599992952193e-05,0.003974890000336018,0.0013806296288786043,0.0010000000000000009,0.2761259257757208,4.316537275628842,0.035245839083174635,False,nan,nan,False,False
269,1.345,0.004970115999640257,0.0008190340004148311,4.449000243766932e-06,0.0011155519996464136,0.0005960329999652458,2.8964000193809625e-05,0.0041406529999221675,0.001375591901359169,0.0010000000000000009,0.2751183802718338,2.9120619316318774,0.03762294487379892,False,nan,nan,False,False
270,1.35,0.005043565000050876,0.0009403020003446727,5.850999968970427e-06,0.0017923979999068251,0.0007046280002214189,3.064700013055699e-05,0.0039673559999755525,0.001392823479557465,0.0010000000000000009,0.27856469591149297,3.8991898321276723,0.03651757891784732,False,nan,nan,False,False
271,1.355,0.004957181000008859,0.0008206669999708538,3.6970000110159162e-06,0.0011175250001542736,0.0005899920001866121,2.999700018335716e-05,0.004132387000026938,0.0013848675887541604,0.0010000000000000009,0.27697351775083207,2.78800262940809,0.03519242353205902,False,nan,nan,False,False
272,1.36,0.005031512000186922,0.0009136919998127269,5.060000148660038e-06,0.0017159539997919637,0.0006872650001241709,2.9085000278428197e-05,0.004002032000244071,0.0014010593713389633,0.0010000000000000009,0.2802118742677927,2.7490245107870046,0.03816306329035766,False,nan,nan,False,False
273,1.365,0.0049564509999981965,0.0008146149998538021,3.4869999581133015e-06,0.0011035099996661302,0.0005842410000695963,2.8213999939907808e-05,0.004148968000208697,0.0013945703907352275,0.0010000000000000009,0.27891407814704544,2.7291408605452956,0.03573301849239873,False,nan,nan,False,False
274,1.37,0.005050807999850804,0.0010307719999218534,5.7100000958598685e-06,0.0022769309998693643,0.0007434809999722347,3.0097000035311794e-05,0.0038791000001765497,0.0014098236740779468,0.0010000000000000009,0.28196473481558937,3.0236344199561946,0.03717980417434723,False,nan,nan,False,False
275,1.375,0.004951200000050449,0.0008022520000849909,3.6070000533072744e-06,0.0010592460002953885,0.00057645600008982,3.767099997276091e-05,0.004167684000094596,0.0014026021938157451,0.0010000000000000009,0.280520438763149,3.202330091228718,0.03636873016844616,False,nan,nan,False,False
276,1.3800000000000001,0.005031401999985974,0.0014083539999774075,5.370000053517288e-06,0.0021767110001746914,0.0010475439999027003,5.340000006981427e-05,0.0035466839999571675,0.0014187354756454015,0.0010000000000000009,0.28374709512908025,3.5080203273657777,0.03723580009487446,False,nan,nan,False,False
277,1.385,0.005019027999878745,0.0012484730000323907,5.431000317912549e-06,0.001049879000220244,0.0008730049999030598,6.572399979631882e-05,0.003682178999952157,0.0014109430528709002,0.0010000000000000009,0.28218861057418,3.064118656232679,0.03600412484702922,False,nan,nan,False,False
278,1.3900000000000001,0.004991587000404252,0.0015276079998329806,5.4600000112259295e-06,0.0021096149998811597,0.0011590039998736756,5.8370000260765664e-05,0.003429692999816325,0.0014215223917667446,0.0010000000000000009,0.28430447835334893,1.241893329890073,0.0371008344999911,False,nan,nan,False,False
279,1.395,0.005018696999741223,0.0012943699998686498,5.4510001064045355e-06,0.0009500400001343223,0.0009588770003574609,4.3312000343576074e-05,0.003624128999945242,0.001418322621260936,0.0010000000000000009,0.2836645242521872,3.0015223405888474,0.0355653723231593,False,nan,nan,False,False
280,1.4000000000000001,0.00497777100008534,0.0013650719997713168,5.110000074637355e-06,0.0021036749999439053,0.0010171459998673527,4.32709998676728e-05,0.0035836240003845887,0.0014402720986414646,0.0010000000000000009,0.28805441972829293,4.184591116340362,0.03567307517706784,False,nan,nan,False,False
281,1.405,0.005019990000164398,0.0013516669996533892,6.262000169954263e-06,0.0007980539999152825,0.0009933319997799117,6.054400000721216e-05,0.003574306000245997,0.0014321403243809296,0.0010000000000000009,0.28642806487618594,2.9375596468089626,0.03576273450682948,False,nan,nan,False,False
282,1.41,0.004998869999781164,0.001206212999932177,5.770999905507779e-06,0.0002756290000434092,0.0008618939996267727,4.2920999931084225e-05,0.0037311920000320242,0.0014349992690906675,0.0010000000000000009,0.2869998538181335,1.1983450684947676,0.03647915145809111,False,nan,nan,False,False
283,1.415,0.005024990000038088,0.0014009400001668837,7.1529998422192875e-06,0.0008499119999214599,0.0010319550001440803,4.579599999487982e-05,0.0035019689998989634,0.001443869730595194,0.0010000000000000009,0.2887739461190388,2.3470505789488394,0.03405788466524937,False,nan,nan,False,False
284,1.42,0.004967460999978357,0.0014127720000942645,5.4600000112259295e-06,0.0019202680000489636,0.0010401300000921765,4.291100003683823e-05,0.0035192619998269947,0.0014540978566042076,0.0010000000000000009,0.2908195713208415,3.2560381977153035,0.03693886105562875,False,nan,nan,False,False
285,1.425,0.004993659999854572,0.0013746610002272064,5.52099982087384e-06,0.0007697410001128446,0.0009316450000369514,4.503499985730741e-05,0.0035602689999905124,0.0014520554642518016,0.0010000000000000009,0.2904110928503603,2.8507957406988575,0.037732390066440885,False,nan,nan,False,False
286,1.43,0.004994192000140174,0.0011854640001729422,5.360000159271294e-06,0.00018350600021221908,0.0008541390002392291,5.1467000048432965e-05,0.003766717999951652,0.0014589381717335064,0.0010000000000000009,0.2917876343467013,2.007109314369622,0.03634256236560777,False,nan,nan,False,False
287,1.435,0.005034447000070941,0.0013665550000041549,6.9030002123326994e-06,0.0012921450002068013,0.0010174970002481132,4.379300025902921e-05,0.0035462229998302064,0.0014662114796372598,0.0010000000000000009,0.293242295927452,2.113209105642725,0.03565818148755648,False,nan,nan,False,False
288,1.44,0.0049755969998841465,0.0012167919999228616,5.750000127591193e-06,0.00014502400017590844,0.0008753799997975875,4.5294999836187344e-05,0.0037168750000091677,0.0014717250696966834,0.0010000000000000009,0.2943450139393367,2.4534094742530264,0.037933697016703016,False,nan,nan,False,False
289,1.445,0.004997668000214617,0.0012772669997502817,6.061000021873042e-06,0.0007292939999388182,0.0008712320000086038,4.463400000531692e-05,0.0036923080001542985,0.0014773077014096547,0.0010000000000000009,0.29546154028193095,1.9656005299043782,0.039111903808077886,False,nan,nan,False,False
290,1.45,0.005028565999964485,0.0011616589999903226,5.359999704523943e-06,0.00010745200006567757,0.0008369669999410689,4.387299986774451e-05,0.0037783999996463535,0.0014843284689499917,0.0010000000000000009,0.29686569378999833,2.344083597127019,0.03978388622325405,False,nan,nan,False,False
291,1.455,0.005022413999995479,0.001359221999791771,6.923000000824686e-06,0.0012488939996728732,0.0008720030000404222,4.610699988916167e-05,0.003628417000072659,0.0014902338506131009,0.0010000000000000009,0.29804677012262015,2.0877605518772815,0.039308651540677225,False,nan,nan,False,False
292,1.46,0.005052081000030739,0.0011923669999305275,6.00099974690238e-06,0.0001109690001612762,0.000838339999972959,4.2950000079144957e-05,0.003635921999830316,0.0014934920329024372,0.0010000000000000009,0.29869840658048746,1.4478295354135455,0.04028857473705732,False,nan,nan,False,False
293,1.465,0.0048869889997149585,0.0012943490000907332,5.0399999054207e-06,0.0011331059999974968,0.0008287820000987267,4.4082999920647126e-05,0.0036652180001510715,0.0015021590065140095,0.0010000000000000009,0.3004318013028019,0.54544032194004,0.041678737434322446,False,nan,nan,False,False
294,1.47,0.00513459600006172,0.0012647339999602991,6.492000011348864e-06,4.0826999793353025e-05,0.0009184909999930824,4.142799980400014e-05,0.0035855070000252454,0.0015039669820588553,0.0010000000000000009,0.30079339641177105,0.46009609521491246,0.04266706609362753,False,nan,nan,False,False
295,1.475,0.004982189000202197,0.001630091999686556,1.7863000266515883e-05,0.0011997200003861508,0.0011725399999704678,5.045499983680202e-05,0.003224186000352347,0.0015115166287749968,0.0010000000000000009,0.3023033257549993,0.4459698868128392,0.04111802320756887,False,nan,nan,False,False
296,1.48,0.004954236999765271,0.0017723089999890362,2.2542000351677416e-05,0.002255310000236932,0.0012874959998043778,4.791099991052761e-05,0.003105813000274793,0.0015159740830778454,0.0010000000000000009,0.3031948166155691,0.263309924216284,0.04089869233645047,False,nan,nan,False,False
297,1.485,0.0049391769998692325,0.0015850870004214812,5.631000021821819e-06,0.0010229270001218538,0.001046751999638218,4.987399961464689e-05,0.003352758999881189,0.001521152512475879,0.0010000000000000009,0.3042305024951758,0.5065563357021512,0.041469223112788146,False,nan,nan,False,False
298,1.49,0.005005142000300111,0.0014066109997656895,5.960999715171056e-06,0.002113513000040257,0.0010453089998918585,4.437300003701239e-05,0.003524251000271761,0.0015284747935035323,0.0010000000000000009,0.30569495870070645,0.43989372490119727,0.039339607476374695,False,nan,nan,False,False
299,1.495,0.004991556999812019,0.0013894779999645834,5.419999979494605e-06,0.0008914000000004307,0.000999574000161374,5.402200031312532e-05,0.00355426800024361,0.0015310141651191478,0.0010000000000000009,0.3062028330238295,0.18808645783164796,0.03863034229727201,False,nan,nan,False,False
300,1.5,0.005015401000036945,0.0014065109999137348,5.870999757462414e-06,0.0020597919997271674,0.0010671009999896341,4.3932000153290574e-05,0.003518671000165341,0.0015421366461961738,0.0010000000000000009,0.3084273292392347,0.9491801087177494,0.04022018700712028,False,nan,nan,False,False
301,1.5050000000000001,0.004990495000129158,0.0010649470000316796,5.4299998737405986e-06,0.0008911790000638575,0.0008686969999871508,1.3945999853604008e-05,0.0038457470000139438,0.0015441197611752468,0.0010000000000000009,0.3088239522350493,0.31270957205393063,0.03955581881891316,False,nan,nan,False,False
302,1.51,0.0049685929998304346,0.0011553570002433844,5.1500001063686796e-06,0.000203032000172243,0.0008316880002894322,4.341200019553071e-05,0.0038142779999361665,0.0015479087753074,0.0010000000000000009,0.30958175506147995,0.2183834919057544,0.03808469020855682,False,nan,nan,False,False
303,1.5150000000000001,0.005039666999891779,0.0017492670003775856,5.711000085284468e-06,0.0008053380001911137,0.0013226129999566183,4.8241000058624195e-05,0.003181805999702192,0.0015542197857503154,0.0010000000000000009,0.3108439571500631,0.3874066768050777,0.038780096619868566,False,nan,nan,False,False
304,1.52,0.004999181000130193,0.0012087979998796072,5.339999916031957e-06,0.0002738760003921925,0.0008639380002932739,4.400300031193183e-05,0.0037182370001573872,0.0015573661676581165,0.0010000000000000009,0.3114732335316233,0.24770279669278253,0.03955181209837481,False,nan,nan,False,False
305,1.5250000000000001,0.004990293999981077,0.0013917430001129105,6.543000381498132e-06,0.0007340930001191737,0.0009100849997594196,4.3681999613909284e-05,0.00354036199996699,0.0015669177975785272,0.0010000000000000009,0.3133835595157054,0.5534550169999753,0.0390342884752899,False,nan,nan,False,False
306,1.53,0.0049914060000446625,0.001168382000287238,5.2099999265919905e-06,0.00019954600020355429,0.000849110000217479,4.218899994157255e-05,0.003773089999867807,0.0015699954927281608,0.0010000000000000009,0.3139990985456322,0.20839845396091375,0.041056735357938294,False,nan,nan,False,False
307,1.5350000000000001,0.005001905999961309,0.001378337999994983,5.17899979968206e-06,0.0007240950003506441,0.0009300130000156059,4.4903999878442846e-05,0.0035737440002776566,0.0015776018044708557,0.0010000000000000009,0.3155203608941711,0.5231426422246653,0.040185513750630404,False,nan,nan,False,False
308,1.54,0.005031572000007145,0.001288849000047776,6.832000053691445e-06,0.00017125300018960843,0.000897782000265579,4.80799999422743e-05,0.0036256930002309673,0.0015808223260970068,0.0010000000000000009,0.31616446521940134,0.19763384765018147,0.04026564110859481,False,nan,nan,False,False
309,1.545,0.004982870000276307,0.0014376999997693929,5.780999799753772e-06,0.000701853000009578,0.0009680950001893507,4.6137000026647e-05,0.003524301000197738,0.0015852913526682721,0.0010000000000000009,0.3170582705336544,0.36394472442086284,0.04180391622964411,False,nan,nan,False,False
310,1.55,0.005022424999879149,0.001193027999761398,5.079999937152024e-06,0.00011435600026743487,0.0008591890000388958,4.2811000184883596e-05,0.003709270000399556,0.0015860151006486165,0.0010000000000000009,0.3172030201297233,0.07893695235143973,0.0408890510935515,False,nan,nan,False,False
311,1.555,0.004960707999998704,0.0012918950001221674,5.029000021750107e-06,0.0005977659998279705,0.0008567539998693974,4.63669998680416e-05,0.0036635540000133915,0.0015856267146062736,0.0010000000000000009,0.3171253429212547,0.21849767182421068,0.04167316030791424,False,nan,nan,False,False
312,1.56,0.0050749839997479285,0.0014007500003572204,8.77699994816794e-06,0.0017982680001296103,0.001049396999860619,4.412299995237845e-05,0.0034869209998760198,0.0015875667988760234,0.0010000000000000009,0.31751335977520473,0.3619217668795106,0.041166609271013205,False,nan,nan,False,False
313,1.565,0.004951261000314844,0.0012705139997706283,5.17899979968206e-06,0.0006171730001369724,0.0008666230000926589,4.339099996286677e-05,0.0036541859999488224,0.0015874270047095001,0.0010000000000000009,0.31748540094190003,0.19170609248343898,0.04090536877410967,False,nan,nan,False,False
314,1.57,0.005021742999815615,0.0013638800000990159,7.243999789352529e-06,0.0017267849998461315,0.001016425000216259,4.191900006844662e-05,0.0035321059999660065,0.0015892196653951142,0.0010000000000000009,0.3178439330790228,0.40169640500721576,0.04123286116363446,False,nan,nan,False,False
315,1.575,0.004956720999871322,0.001315519000399945,5.230000169831328e-06,0.00110037399963403,0.0008870510000633658,4.655700013245223e-05,0.003627315999892744,0.0015881146481230596,0.0010000000000000009,0.3176229296246119,0.4280578891319012,0.04038036235183801,False,nan,nan,False,False
316,1.58,0.0050059740001415776,0.001406469999892579,5.34999981027795e-06,0.0016392990000895225,0.0010495179999452375,4.271100033292896e-05,0.003524161000314052,0.0015889521860008415,0.0010000000000000009,0.3177904372001683,0.07477092793349058,0.040968434754471005,False,nan,nan,False,False
317,1.585,0.004987808999885601,0.0012084970003343187,4.959000307280803e-06,0.0010020390000136103,0.000867123999796604,4.310100030124886e-05,0.00375634900001387,0.0015895233660873503,0.0010000000000000009,0.31790467321747007,0.11143722206059443,0.03972768984602354,False,nan,nan,False,False
318,1.59,0.0050260020002497185,0.001401120000082301,5.048999810242094e-06,0.0021296330000950547,0.0010340090002500801,4.7018000259413384e-05,0.0035178589996576193,0.0015916058085474693,0.0010000000000000009,0.31832116170949387,0.3425095951718122,0.039366366882152,False,nan,nan,False,False
319,1.595,0.004975775999810139,0.0013031060002504091,4.909999915980734e-06,0.0009105959998123581,0.0009651579998717352,5.164699996385025e-05,0.003639187999851856,0.0015905653347300594,0.0010000000000000009,0.3181130669460119,0.3893665072449782,0.039014553092144834,False,nan,nan,False,False
320,1.6,0.0050017860003208625,0.0013350859999263776,4.918999820802128e-06,0.0019984149998890643,0.0009939629999280442,4.24200002271391e-05,0.0036061759997210174,0.0015930315932938689,0.0010000000000000009,0.31860631865877376,0.5675392935903454,0.04031905705299333,False,nan,nan,False,False
321,1.605,0.0049983789999714645,0.0013085059999866644,4.900000021734741e-06,0.0008355450004273735,0.0008643189999020251,4.199899967716192e-05,0.0036236989999451907,0.0015931828506688512,0.0010000000000000009,0.3186365701337703,0.10353902133069111,0.041115305230087225,False,nan,nan,False,False
322,1.61,0.00497523599960914,0.000788866000220878,3.7370000427472405e-06,0.00022988299997450667,0.0005699640000784711,2.8804000066884328e-05,0.004156804000103875,0.0015920715452106035,0.0010000000000000009,0.3184143090421207,0.23235323818472833,0.03949236316382778,False,nan,nan,False,False
323,1.615,0.004983370999980252,0.0007780960004311055,3.317000391689362e-06,0.0007326710001507308,0.0005533229996217415,2.8393000320647843e-05,0.004183633999673475,0.0015941859850479199,0.0010000000000000009,0.31883719700958396,0.4465102192609932,0.039565388083465214,False,nan,nan,False,False
324,1.62,0.005000753000331315,0.0008164189998751681,3.6470000850385986e-06,0.00021314199966582237,0.0005959430000075372,2.762199983408209e-05,0.00414425899998605,0.0015930030192953964,0.0010000000000000009,0.3186006038590793,0.25208944687540474,0.04100245029586003,False,nan,nan,False,False
325,1.625,0.004998047999833943,0.0007681179999963206,3.136000032100128e-06,0.0007342030003201216,0.0005495260002135183,2.7631999728328083e-05,0.004193682000277477,0.0015935457778462293,0.0010000000000000009,0.31870915556924584,0.13213458470985104,0.042433514791096826,False,nan,nan,False,False
326,1.6300000000000001,0.005002437000257487,0.0007779159996061935,3.4169997888966464e-06,0.00012847200014221016,0.0005593939999926079,2.779200031000073e-05,0.0041815600002337305,0.0015932505515180208,0.0010000000000000009,0.31865011030360413,0.07362592911425545,0.04413329233645816,False,nan,nan,False,False
327,1.635,0.004996023999865429,0.0007556040000054054,3.136000032100128e-06,0.0007286330001079477,0.0005479520000335469,2.7020999823434977e-05,0.004206927999803156,0.0015938386898827655,0.0010000000000000009,0.3187677379765531,0.18350288717011934,0.04207513022010481,False,nan,nan,False,False
328,1.6400000000000001,0.005000332999770762,0.0007710130003033555,3.1159997888607904e-06,0.0002057980000245152,0.0005481529997268808,3.456500007814611e-05,0.0041920099997696525,0.0015937131529150854,0.0010000000000000009,0.31874263058301705,0.04767041722741329,0.04056594582722154,False,nan,nan,False,False
329,1.645,0.005002457000045979,0.0007727460001660802,3.516000106174033e-06,0.0007396639998660248,0.000555576999886398,2.8082999961043242e-05,0.00418761099990661,0.0015934866647572133,0.0010000000000000009,0.3186973329514427,0.04125256589058962,0.04283707226152319,False,nan,nan,False,False
330,1.6500000000000001,0.005000213000130316,0.0007852889998503088,3.2460002330481075e-06,0.00021644800017384114,0.0005605669998658414,2.8733999897667672e-05,0.004175529000349343,0.00159357616740719,0.0010000000000000009,0.318715233481438,0.07017154736776152,0.04477742653680798,False,nan,nan,False,False
331,1.655,0.00499853900009839,0.0007791180000822351,3.2160000955627766e-06,0.0007414270003209822,0.0005602759997600515,2.881499995055492e-05,0.004183933999684086,0.0015939654027711764,0.0010000000000000009,0.3187930805542353,0.19301411668396912,0.04152843311361572,False,nan,nan,False,False
332,1.6600000000000001,0.005003307999686513,0.0009099150001929956,3.5660000321513508e-06,0.001898026999697322,0.0006757439996363246,2.8234000183147145e-05,0.004050612999890291,0.0015950040227867433,0.0010000000000000009,0.31900080455734864,0.2822472051246267,0.04354699989878359,False,nan,nan,False,False
333,1.665,0.004998038000394445,0.0007675969995943888,3.1860004128247965e-06,0.000731478000034258,0.0005481829998643661,3.347300025779987e-05,0.004193432000192843,0.001594758961663968,0.0010000000000000009,0.3189517923327936,0.021330215493763963,0.04418971843478966,False,nan,nan,False,False
334,1.67,0.005001033999633364,0.000773066999954608,3.166000169585459e-06,0.00013147699974069837,0.0005543640004361805,2.8092999855289236e-05,0.004186439000022801,0.001595337455223692,0.0010000000000000009,0.3190674910447384,0.253431804012892,0.044016338580024794,False,nan,nan,False,False
335,1.675,0.00499691699997129,0.0007671350003874977,3.3070000426960178e-06,0.001216061999912199,0.0005489949999173405,2.7712000246538082e-05,0.0041965679997701955,0.001595012249669429,0.0010000000000000009,0.31900244993388577,0.04152948869218198,0.04143135607503366,False,nan,nan,False,False
336,1.68,0.005003107999982603,0.0007746690002932155,3.3869996514113154e-06,9.42269998631673e-05,0.0005545849999180064,2.819299970724387e-05,0.004184326000086003,0.0015959562638145298,0.0010000000000000009,0.31919125276290594,0.2405735403705444,0.042367992909554265,False,nan,nan,False,False
337,1.685,0.004996044000108668,0.0007783270002619247,3.3759997677407227e-06,0.0012085379999007273,0.0005605060000561934,2.8563999876496382e-05,0.004211014999782492,0.0015966346558224033,0.0010000000000000009,0.31932693116448063,0.2555813236977992,0.0443221744134227,False,nan,nan,False,False
338,1.69,0.005033525000271766,0.0008155069999702391,3.626999841799261e-06,7.704499967076117e-05,0.0005888400000912952,3.365300017321715e-05,0.0041163369996866095,0.0015981081708593312,0.0010000000000000009,0.3196216341718663,0.37746138677242713,0.044916146997875286,False,nan,nan,False,False
339,1.695,0.004970826999851852,0.0007892680000622931,3.296000159025425e-06,0.0011282870000286493,0.0005701439999938884,2.8293000013945857e-05,0.004175208000106068,0.0015982592761123317,0.0010000000000000009,0.3196518552224663,0.07082390162286707,0.04367913025374247,False,nan,nan,False,False
340,1.7,0.005039397000018653,0.0008923909999793977,5.501000032381853e-06,0.002267211999878782,0.0006603749998248531,2.8853999992861645e-05,0.004029933999845525,0.0016002426136986797,0.0010000000000000009,0.32004852273973594,0.4945934336979325,0.04365945657141824,False,nan,nan,False,False
341,1.705,0.004964153999935661,0.0007898690000729403,3.757000285986578e-06,0.0011119559999315243,0.000570294999761245,2.881399996113032e-05,0.004198692000045412,0.0016008868156649919,0.0010000000000000009,0.3201773631329984,0.17938387559270258,0.0447058790299411,False,nan,nan,False,False
342,1.71,0.005077348000213533,0.001014160999602609,6.1920000007376075e-06,0.0023487260000365495,0.0007603429999107902,3.251099997214624e-05,0.0038703840000380296,0.0016013844718533823,0.0010000000000000009,0.32027689437067647,0.13899481205694775,0.04202464076872503,False,nan,nan,False,False
343,1.715,0.004927885999677528,0.0008149959999173007,3.656999979284592e-06,0.001105183000163379,0.0005897820001337095,3.039700004592305e-05,0.00415082200015604,0.0016022814291780556,0.0010000000000000009,0.32045628583561114,0.3196010755998716,0.0386344822386664,False,nan,nan,False,False
344,1.72,0.00503904600009264,0.0011782000001403503,5.34999981027795e-06,0.002347604000078718,0.0008582979999118834,4.635799996322021e-05,0.0037632919998031866,0.001604093948522485,0.0010000000000000009,0.320818789704497,0.38781888265492875,0.04138097227801474,False,nan,nan,False,False
345,1.725,0.005003128000225843,0.0013239749996500905,5.549999968934571e-06,0.0011211220003133349,0.0008840759996928682,4.9432999730925076e-05,0.003622035000262258,0.0016039144648230645,0.0010000000000000009,0.3207828929646129,0.016325012322229878,0.0416465594316215,False,nan,nan,False,False
346,1.73,0.005036610999923141,0.0014476279998234531,9.498000054009026e-06,0.002240943000288098,0.001061410000147589,4.553500002657529e-05,0.0034653200000320794,0.001606991965671968,0.0010000000000000009,0.3213983931343936,0.6995791950874357,0.04000794916432617,False,nan,nan,False,False
347,1.735,0.004977990000043064,0.0013520180000341497,5.450000116979936e-06,0.001021113999740919,0.0009033629999066761,4.715900013252394e-05,0.003566921999663464,0.001606582033794456,0.0010000000000000009,0.32131640675889117,0.03526032563593474,0.040406219677878115,False,nan,nan,False,False
348,1.74,0.004983721999906265,0.001391251999848464,5.640999916067813e-06,0.0021167290001358197,0.0010533949998716707,4.345199977251468e-05,0.0035428860001047724,0.0016079000769046435,0.0010000000000000009,0.3215800153809287,0.27818255100728684,0.041578723074171604,False,nan,nan,False,False
349,1.745,0.004996805999780918,0.001443731000108528,5.34999981027795e-06,0.0009189620000142895,0.0010554680002314853,4.7730000005685724e-05,0.00350543500007916,0.0016088384287625795,0.0010000000000000009,0.3217676857525159,0.22966590017859462,0.0419093805285008,False,nan,nan,False,False
350,1.75,0.005019729000196094,0.0014185529998940183,5.831000180478441e-06,0.001981353999781277,0.0009647880001466547,4.534600020633661e-05,0.0035036429999308893,0.0016091140728055034,0.0010000000000000009,0.3218228145611007,0.14161052511120006,0.04286976042399069,False,nan,nan,False,False
351,1.7550000000000001,0.004985394999948767,0.0013446640000438492,5.259999852569308e-06,0.0007938259996080888,0.0009956970002349408,4.4423999952414306e-05,0.0035866580001311377,0.001610388463720117,0.0010000000000000009,0.3220776927440234,0.3013810956149087,0.04057712610742425,False,nan,nan,False,False
352,1.76,0.004999981999844749,0.0014100670000516402,6.9030002123326994e-06,0.0019063219997406122,0.0010254630001327314,4.8951999815471936e-05,0.0035225880001235055,0.0016110400412445306,0.0010000000000000009,0.32220800824890616,0.17228838782816303,0.041332389232968884,False,nan,nan,False,False
353,1.7650000000000001,0.0049977070002569235,0.0014647610000793065,5.540000074688578e-06,0.0007168910001382756,0.0010447790000398527,4.685800013248809e-05,0.003505184999994526,0.00161187064448633,0.0010000000000000009,0.32237412889726597,0.19946199002141765,0.0421251468003811,False,nan,nan,False,False
354,1.77,0.005046019000019442,0.00123497699996733,5.8610003179637715e-06,0.0002530170004320098,0.0008882340002855926,5.1888000143662794e-05,0.003655589000118198,0.0016120696249459685,0.0010000000000000009,0.3224139249891937,0.09093408055586194,0.04120998245481929,False,nan,nan,False,False
355,1.7750000000000001,0.004953193999881478,0.001403385000230628,5.32000012753997e-06,0.000799336999989464,0.0009120280001297942,7.991000029505813e-05,0.0035325769999872136,0.0016122612368695483,0.0010000000000000009,0.32245224737390965,0.10105036176117049,0.04037826672988498,False,nan,nan,False,False
356,1.78,0.0049994109999715874,0.0012040790002174617,5.299999884300632e-06,0.0001887560001705424,0.0008758210001360567,4.370299984657322e-05,0.0037290169998414058,0.0016131037956220934,0.0010000000000000009,0.3226207591244186,0.2055344427217657,0.043760168591754814,False,nan,nan,False,False
357,1.7850000000000001,0.0049948119999498886,0.0012649240002247097,5.83099972573109e-06,0.0012684299999818904,0.0008781450001151825,4.355200007921667e-05,0.003689622999900166,0.0016147791934850303,0.0010000000000000009,0.32295583869700606,0.3789034706651254,0.04226658249249833,False,nan,nan,False,False
358,1.79,0.0050399980000293,0.0012680089998866606,6.833000043116044e-06,0.0001564049998705741,0.000917570000183332,4.5837000016035745e-05,0.0036360420003802574,0.001615264626377466,0.0010000000000000009,0.32305292527549323,0.11853187758790416,0.04025083321615208,False,nan,nan,False,False
359,1.795,0.004964975999882881,0.0013126329999977315,5.399999736255268e-06,0.0011930180003218993,0.0008655309998175653,4.446399998414563e-05,0.0036297000001468405,0.0016155920130318986,0.0010000000000000009,0.3231184026063797,0.1056486303910071,0.04120944010972981,False,nan,nan,False,False
360,1.8,0.0050090190002265444,0.0013864719999219233,7.553999694209779e-06,0.0017035900000337278,0.0010099930000251334,4.349200025899336e-05,0.003540943000189145,0.001616497587681942,0.0010000000000000009,0.3232995175363883,0.2228367924600045,0.04117643089677581,False,nan,nan,False,False
361,1.805,0.004992026999843802,0.0011989690001428244,5.520000286196591e-06,0.0011211320002075809,0.0008359759999621019,4.349200025899336e-05,0.003734697999789205,0.0016171830957516112,0.0010000000000000009,0.32343661915032224,0.1517551898330301,0.04061489524631812,False,nan,nan,False,False
362,1.81,0.004995202999907633,0.0014158779999888793,7.052999990264652e-06,0.002152064999791037,0.0010438469998916844,4.376300012154388e-05,0.003514172000450344,0.0016184932732986284,0.0010000000000000009,0.3236986546597257,0.32112138594795525,0.040258290705385905,False,nan,nan,False,False
363,1.815,0.004973312000402075,0.0008447319996776059,3.7069999052619096e-06,0.0009924999999384454,0.0005851330001860333,2.8773999929398997e-05,0.004099535000023025,0.0016193918151374334,0.0010000000000000009,0.3238783630274867,0.18018394034392776,0.04082247944186037,False,nan,nan,False,False
364,1.82,0.004984391999641957,0.0009212270001626166,3.656999979284592e-06,0.0020741980001730553,0.000604369000029692,2.8994000331294956e-05,0.004037587999846437,0.0016203256218738215,0.0010000000000000009,0.32406512437476426,0.23328750098425458,0.04125048117719502,False,nan,nan,False,False
365,1.825,0.0049966060000770085,0.0008023119999052142,3.3960000109800603e-06,0.0005211819998294231,0.0005539540002246213,2.980699991894653e-05,0.004160230000252341,0.0016217195736136089,0.0010000000000000009,0.3243439147227218,0.28537064564102105,0.04016845836005147,False,nan,nan,False,False
366,1.83,0.005003218000183551,0.0007968419999997423,3.4660001801967155e-06,0.00025782600005186396,0.000553813999886188,3.568700003597769e-05,0.004166450999946392,0.001622813812606142,0.0010000000000000009,0.3245627625212284,0.24539936864281592,0.0421369728672351,False,nan,nan,False,False
367,1.835,0.0050037089999932505,0.0008061190001171781,3.2759999157860875e-06,0.0007841769997867232,0.0005620990000352322,2.805299982355791e-05,0.004148507999616413,0.0016245044136138983,0.0010000000000000009,0.3249008827227796,0.35487577637820844,0.040231645862157904,False,nan,nan,False,False
368,1.84,0.004994231999717158,0.0007719440000073519,3.355999979248736e-06,0.00019371500002307585,0.0005569699997067801,2.9907000225648517e-05,0.004189856000266445,0.0016249416313586069,0.0010000000000000009,0.32498832627172136,0.14198133635659993,0.04348904372101844,False,nan,nan,False,False
369,1.845,0.005003328000384499,0.0007838069996068953,3.4360000427113846e-06,0.0012591330000759626,0.0005596749997494044,2.9696000183321303e-05,0.004182331000265549,0.0016269318594595641,0.0010000000000000009,0.3253863718919129,0.39473058332360556,0.04241077062464967,False,nan,nan,False,False
370,1.85,0.005018185999688285,0.0009337300002698612,4.408000222611008e-06,0.00012445499987734365,0.0006414090003090678,3.1398999908560654e-05,0.004020224999749189,0.0016274538296535703,0.0010000000000000009,0.3254907659307141,0.15978151721873765,0.04166270724815359,False,nan,nan,False,False
371,1.855,0.005016253000121651,0.0012598739999702957,5.169999894860666e-06,0.001246728999831248,0.0008659720001560345,4.557600004773121e-05,0.003688050000164367,0.0016291185441937776,0.0010000000000000009,0.3258237088387555,0.37254815004203495,0.042091173003404384,False,nan,nan,False,False
372,1.86,0.005010170999867114,0.0011647950000224228,5.601000339083839e-06,0.00013100699970891583,0.000835694999750558,4.32709998676728e-05,0.0037762760002806317,0.00163037202479268,0.0010000000000000009,0.32607440495853596,0.2516705689495277,0.041955866734090734,False,nan,nan,False,False
373,1.865,0.00501258600024812,0.001568064999901253,5.780999799753772e-06,0.0012246880000930105,0.0011402589998397161,5.476299975271104e-05,0.0034505319999880157,0.0016329536866729645,0.0010000000000000009,0.3265907373345929,0.4463028983052634,0.04142992018438634,False,nan,nan,False,False
374,1.87,0.005107694999878731,0.0016402209998886974,7.283999821083853e-06,0.00016136399972310755,0.001238394000210974,4.7368999730679207e-05,0.0031776880000506935,0.0016336805085605114,0.0010000000000000009,0.3267361017121023,0.19588833115321527,0.04085143831158958,False,nan,nan,False,False
375,1.875,0.004878803999872616,0.0013325710001481639,5.359999704523943e-06,0.0011328850000609236,0.0008705399995960761,5.51340003767109e-05,0.0036055539999324537,0.001635695585443825,0.0010000000000000009,0.327139117088765,0.3646744163900592,0.042059182964111125,False,nan,nan,False,False
376,1.8800000000000001,0.005004911000014545,0.0013602130002254853,9.90899980024551e-06,0.0022107859999778157,0.001017688000047201,4.294099971957621e-05,0.0035721409999496245,0.0016386378831186627,0.0010000000000000009,0.32772757662373253,0.4791027791796945,0.03922802657539045,False,nan,nan,False,False
377,1.885,0.004992508000214002,0.0011944909997509967,5.509999937203247e-06,0.0009291809997193923,0.0008432990002802399,4.723900019598659e-05,0.0037486030000764003,0.0016389725116637633,0.0010000000000000009,0.32779450233275265,0.19742694276931766,0.04119651974686219,False,nan,nan,False,False
378,1.8900000000000001,0.005009238999718946,0.0013387930002863868,5.640999916067813e-06,0.0020594309999069083,0.0010069680001834058,4.2469999698369065e-05,0.0036032699999850593,0.0016407487482611473,0.0010000000000000009,0.3281497496522295,0.2799804465549494,0.04059920956372631,False,nan,nan,False,False
379,1.895,0.005030149000049278,0.0014016009999977541,7.144000392145244e-06,0.0009981510002035066,0.0010412719998385,4.663799973059213e-05,0.003502661000311491,0.001641113752542664,0.0010000000000000009,0.3282227505085328,0.13959818643938585,0.03937777936148896,False,nan,nan,False,False
380,1.9000000000000001,0.004967210000359046,0.001320518999818887,5.7100000958598685e-06,0.0020442319996618608,0.0009619229999771051,5.494299966812832e-05,0.003620542000135174,0.0016438161691862115,0.0010000000000000009,0.32876323383724226,0.40274828947031666,0.04087715110521508,False,nan,nan,False,False
381,1.905,0.0050035989997923025,0.0013538809998863144,5.400999725679867e-06,0.0008083129996521166,0.0010048330000245187,4.4053000237909146e-05,0.003576569999950152,0.0016460992904461607,0.0010000000000000009,0.3292198580892321,0.3523237982685493,0.04383505887628902,False,nan,nan,False,False
382,1.9100000000000001,0.004993851000108407,0.0012196580000818358,5.609999789157882e-06,0.00027094100005342625,0.0008790070000941341,4.49750000370841e-05,0.0037055829998280387,0.0016481481389681984,0.0010000000000000009,0.3296296277936397,0.32790610566745954,0.04210993356065859,False,nan,nan,False,False
383,1.915,0.00499347899994973,0.0009264969999094319,3.5170000955986325e-06,0.0007875139999669045,0.00061477899998863,2.971599997181329e-05,0.003993745000116178,0.0016518102527841028,0.0010000000000000009,0.33036205055682055,0.5320011761140425,0.04009249991981249,False,nan,nan,False,False
384,1.92,0.004961049000030471,0.0008040849997996702,3.415999799472047e-06,0.000234351000017341,0.0005768870000792958,2.8884999665024225e-05,0.004154349000145885,0.0016523932454652285,0.0010000000000000009,0.3304786490930457,0.15736612248752843,0.044022409564145076,False,nan,nan,False,False
385,1.925,0.004997326999728102,0.0007893470001363312,3.476000074442709e-06,0.0007673660002183169,0.0005586520001088502,3.793100040638819e-05,0.00416957800007367,0.0016536398866892473,0.0010000000000000009,0.3307279773378495,0.2523407123649938,0.044035659791341476,False,nan,nan,False,False
386,1.93,0.004998449000140681,0.0009041140001500025,3.4660001801967155e-06,0.0019158499999321066,0.0006819149998591456,3.213099989807233e-05,0.00405858799967973,0.001655197292781517,0.0010000000000000009,0.3310394585563034,0.3081142234152719,0.043703533964085294,False,nan,nan,False,False
387,1.935,0.0050001730000985845,0.000795108000147593,3.3569999686733354e-06,0.0008033640001485765,0.0005645129999720666,2.827399976013112e-05,0.004165218999787612,0.0016555795518083335,0.0010000000000000009,0.3311159103616667,0.1284484590153073,0.04294209703803147,False,nan,nan,False,False
388,1.94,0.004998840000098426,0.0008332499996868137,3.247000222472707e-06,0.001881386000150087,0.0005980270002510224,2.8833999749622308e-05,0.00413017300024876,0.0016592740980928514,0.0010000000000000009,0.3318548196185703,0.5227512929728647,0.042524501741612014,False,nan,nan,False,False
389,1.945,0.005002085999876726,0.0007820129999345227,3.3370001801813487e-06,0.0007633090003764664,0.0005631210001411091,2.8935000045748893e-05,0.00417855400019107,0.0016608453732443694,0.0010000000000000009,0.33216907464887385,0.26760173041451984,0.04262225903949308,False,nan,nan,False,False
390,1.95,0.0049992399999609916,0.0009022509998430905,3.3360001907567494e-06,0.0019368800003576325,0.0005953820000286214,2.9224999707366806e-05,0.004077323000274191,0.0016628244648882928,0.0010000000000000009,0.33256489297765857,0.30712896642013526,0.044752955844377586,False,nan,nan,False,False
391,1.955,0.005016312999941874,0.0008027630001379293,3.1559998205921147e-06,0.0007769640001242806,0.000591294000059861,2.8053000278305262e-05,0.004142134999710834,0.0016633741824639257,0.0010000000000000009,0.3326748364927852,0.17090694673737636,0.04282709638331341,False,nan,nan,False,False
392,1.96,0.004983000000265747,0.000777384999764763,3.575999926397344e-06,0.00021503499965547235,0.000553041999864945,2.83030003629392e-05,0.004185075999885157,0.0016648956761561929,0.0010000000000000009,0.3329791352312385,0.2575667889350291,0.04485098881660698,False,nan,nan,False,False
393,1.965,0.005000272999950539,0.0007739779998701124,3.2260004445561208e-06,0.0007402249998449406,0.0005585120002251642,2.7983000109088607e-05,0.004186358999959339,0.0016683135988819007,0.0010000000000000009,0.3336627197763802,0.4626611284496391,0.044068548450635785,False,nan,nan,False,False
394,1.97,0.004999039999802335,0.0007782870002301934,3.1559998205921147e-06,0.00011983600006715278,0.0005612780000774364,2.8082999961043242e-05,0.004189133999716432,0.0016699983981456757,0.0010000000000000009,0.3339996796291351,0.2687814504230442,0.0468307385853098,False,nan,nan,False,False
395,1.975,0.005007024999940768,0.0007635790002495924,3.3760002224880736e-06,0.0012170240001978527,0.0005466499997055507,2.782299998216331e-05,0.0041947849999814935,0.001671473111284551,0.0010000000000000009,0.3342946222569102,0.24678643438155096,0.04473760001489514,False,nan,nan,False,False
396,1.98,0.004995463999875938,0.0007572670001536608,3.0559999686374795e-06,0.0001038350001181243,0.0005455380000967125,2.847399991878774e-05,0.004201787000056356,0.0016732264179594271,0.0010000000000000009,0.3346452835918854,0.2697537204165312,0.044406572927955454,False,nan,nan,False,False
397,1.985,0.004995924000013474,0.0007602430000588356,3.115000254183542e-06,0.001221031000113726,0.0005423210000117251,2.8223000299476553e-05,0.004211536000184424,0.0016759533004632962,0.0010000000000000009,0.33519066009265924,0.38738339023696894,0.04450153508514503,False,nan,nan,False,False
398,1.99,0.005010291000417055,0.0007566459998997743,3.2459997783007566e-06,7.472000015695812e-05,0.0005458179998640844,2.788299980238662e-05,0.004212427999846113,0.001677839373261267,0.0010000000000000009,0.3355678746522534,0.2825970594520101,0.04691697069072113,False,nan,nan,False,False
399,1.995,0.005024498999773641,0.0012220730000080948,4.367999736132333e-06,0.00060942799973418,0.00083403200005705,4.1899000279954635e-05,0.0037506570001824002,0.0016808648157660584,0.0010000000000000009,0.3361729631532117,0.3813094694206469,0.04391256704227337,False,nan,nan,False,False
400,2.0,0.005033505000028526,0.0012045799999214069,5.270000201562652e-06,0.00011440600019341218,0.000837717999729648,4.325100007918081e-05,0.003712886999892362,0.001683217302640379,0.0010000000000000009,0.3366434605280758,0.3129957467744438,0.04437287197594665,False,nan,nan,False,False
401,2.005,0.00497633799977848,0.0012829370002691576,5.078999947727425e-06,0.0011620599998423131,0.0008369269999093376,4.313099998398684e-05,0.0036581230001502263,0.001685409880597261,0.0010000000000000009,0.33708197611945223,0.31681405647556227,0.04554973722607018,False,nan,nan,False,False
402,2.0100000000000002,0.005041800000071817,0.0013668460001099447,7.1439999373978935e-06,0.002261682000153087,0.0009155860002465488,4.310200029067346e-05,0.003537626000252203,0.0016899364946912057,0.0010000000000000009,0.33798729893824114,0.5450648073529083,0.046000545214829824,False,nan,nan,False,False
403,2.015,0.00496045799991407,0.00119613400011076,4.948999958287459e-06,0.0011059839998779353,0.0008375490001526487,5.682800019712886e-05,0.003733104000275489,0.001690861446735196,0.0010000000000000009,0.3381722893470392,0.17852051105245023,0.04238833184358968,False,nan,nan,False,False
404,2.02,0.004978832000233524,0.0009568929999659304,4.387999979371671e-06,0.0021372770002017205,0.0006426410000131,3.0387999686354306e-05,0.003982785000061995,0.001695499240391335,0.0010000000000000009,0.33909984807826693,0.559044963864829,0.04208181048473662,False,nan,nan,False,False
405,2.025,0.0050037089999932505,0.0007773850002195104,3.3460000850027427e-06,0.0010039409999080817,0.0005609669997284072,2.8714000109175686e-05,0.004157674999987648,0.0016983140010161494,0.0010000000000000009,0.33966280020322986,0.36320519035917387,0.04530769995249619,False,nan,nan,False,False
406,2.0300000000000002,0.004975034999915806,0.0009257140000045183,3.1560002753394656e-06,0.00204433200042331,0.0007031249997453415,2.7952999971603276e-05,0.004046075000132987,0.0017014311773480987,0.0010000000000000009,0.3402862354696197,0.41343698227332293,0.04499015376616613,False,nan,nan,False,False
407,2.035,0.005027264000091236,0.0012148890000389656,4.678000095736934e-06,0.0008708710001883446,0.0008815610003694019,4.2328999825258506e-05,0.0037464600000021164,0.0017038263903443873,0.0010000000000000009,0.34076527806887746,0.32617230592218627,0.04233486436739354,False,nan,nan,False,False
408,2.04,0.005022023000037734,0.0013027249997321633,5.129999863129342e-06,0.0020477690000006987,0.0009706589999041171,4.828100009035552e-05,0.0036325450000731507,0.0017079281514560186,0.0010000000000000009,0.34158563029120365,0.4630665930060945,0.045223012572462515,False,nan,nan,False,False
409,2.045,0.004991797000002407,0.0013378610001382185,4.849000106332824e-06,0.0008966200002760161,0.0009875109999484266,4.8662000153854024e-05,0.003606214999763324,0.0017089576594210454,0.0010000000000000009,0.3417915318842091,0.21882146561160534,0.04240498507050789,False,nan,nan,False,False
410,2.05,0.0050096599998141755,0.0013131139999131847,5.49000014871126e-06,0.002021077999870613,0.0009787549997781753,4.3000999994546873e-05,0.0036194810004417377,0.001714167701060384,0.0010000000000000009,0.34283354021207674,0.5628571532578103,0.043220924598651594,False,nan,nan,False,False
411,2.055,0.004994001000341086,0.0013649519996761228,5.280000095808646e-06,0.0008546310000383528,0.0009335699996881885,4.279999984646565e-05,0.0035730429999603075,0.0017179179737354972,0.0010000000000000009,0.3435835947470995,0.6023658837004322,0.04161541017176108,False,nan,nan,False,False
412,2.06,0.005000462999760202,0.0015723020001132682,5.700000201613875e-06,0.0018908739998551027,0.0011352090000400494,8.976999970400357e-05,0.0033807710001383384,0.001725124893682102,0.0010000000000000009,0.3450249787364204,0.6816214647152071,0.04221787166611907,False,nan,nan,False,False
413,2.065,0.0050177550001535565,0.0013585299998339906,5.461000000650529e-06,0.0007920129996819014,0.0010139299997717899,4.510400003709947e-05,0.0035660899998219975,0.001729232400728537,0.0010000000000000009,0.3458464801457074,0.5056560064201125,0.04139142326849287,False,nan,nan,False,False
414,2.07,0.004997337000077096,0.0013800709998577076,6.321999990177574e-06,0.0018733099996097735,0.0010280870001224685,4.3912999899475835e-05,0.003544609000073251,0.0017366022261783131,0.0010000000000000009,0.3473204452356626,0.6564298248412412,0.04155707840515777,False,nan,nan,False,False
415,2.075,0.00498655699993833,0.001311160999648564,6.632999884459423e-06,0.000737469999876339,0.0009234810004272731,4.401299975143047e-05,0.0036259120001886913,0.0017399944380031523,0.0010000000000000009,0.34799888760063047,0.4085363450851882,0.041940716287025746,False,nan,nan,False,False
416,2.08,0.005000201999791898,0.0015473359999305103,5.359999704523943e-06,0.001776056999915454,0.0011433640001996537,8.892699997886666e-05,0.0034253150001859467,0.001747642597900543,0.0010000000000000009,0.34952851958010867,0.7244936077620779,0.04277125006445643,False,nan,nan,False,False
417,2.085,0.005041370000071765,0.0013834569999744417,5.850999968970427e-06,0.0007205679999060521,0.0009182600001622632,4.494399991017417e-05,0.003514503000133118,0.0017524117261339706,0.0010000000000000009,0.35048234522679417,0.47014688652652753,0.0416696758407336,False,nan,nan,False,False
418,2.09,0.004964334999840503,0.0012022959999740124,5.411000074673211e-06,0.00018063100014842348,0.0008710609999980079,4.4023000100423815e-05,0.0037294280000423896,0.0017542720090646452,0.0010000000000000009,0.35085440181292904,0.33771557420158554,0.04411456237931726,False,nan,nan,False,False
419,2.095,0.0049939210002776235,0.0013631789997816668,5.509999937203247e-06,0.001270273000045563,0.0009144629998445453,4.857099975197343e-05,0.0035771810003097926,0.001756467027531771,0.0010000000000000009,0.3512934055063542,0.5915005100300613,0.04600319734034734,False,nan,nan,False,False
420,2.1,0.0050038389999826904,0.001203538000027038,5.6710000535531435e-06,0.00015171600034591393,0.0008733859999665583,4.327200031184475e-05,0.003742852999948809,0.0017574987877020277,0.0010000000000000009,0.3514997575404055,0.2704619668335083,0.04610769182660414,False,nan,nan,False,False
421,2.105,0.005029477999869414,0.0013651519998347794,6.952999683562666e-06,0.0012901520003651967,0.0010113150001416216,4.627699991033296e-05,0.0035411329999988084,0.0017599844547273376,0.0010000000000000009,0.3519968909454675,0.6175642200617503,0.044369615832036434,False,nan,nan,False,False
422,2.11,0.004968302000179392,0.0012132059996474709,5.440000222733943e-06,9.68530002865009e-05,0.0008590190000177245,4.479500012166682e-05,0.0037214030003269727,0.0017605637510165583,0.0010000000000000009,0.3521127502033116,0.1442769169721029,0.045208137601525145,False,nan,nan,False,False
423,2.115,0.004992447999939031,0.001333071999852109,5.319999672792619e-06,0.0006588020000890538,0.0008859800000209361,4.31119997301721e-05,0.003619200000230194,0.0017627587592175915,0.0010000000000000009,0.3525517518435183,0.5153744220455907,0.04644456496518298,False,nan,nan,False,False
424,2.12,0.005022383999857993,0.0008298940001623123,6.472000222856877e-06,0.000140975999784132,0.0005842410000695963,3.0376999802683713e-05,0.004067665000093257,0.0017636276165025283,0.0010000000000000009,0.3527255233005057,0.20465052851578008,0.04354383023385111,False,nan,nan,False,False
425,2.125,0.004938777000006667,0.0008249640000030922,4.798999725608155e-06,0.0006701529996462341,0.0005987479999021161,2.8844000098615652e-05,0.0041327680000904365,0.001765507879475476,0.0010000000000000009,0.3531015758950952,0.4202233031981545,0.045811977329726195,False,nan,nan,False,False
426,2.13,0.0049992909998763935,0.0007754309999654652,4.156999693805119e-06,0.00011369399999239249,0.0005541949999496865,2.7752000278269406e-05,0.004182732000117539,0.001767066491067278,0.0010000000000000009,0.3534132982134556,0.341864977618754,0.04477560331471572,False,nan,nan,False,False
427,2.1350000000000002,0.004996535000373115,0.0007751009998173686,4.488999820750905e-06,0.0006620369999836839,0.000545808999959263,3.4884999877249356e-05,0.004243667000082496,0.0017695649739188004,0.0010000000000000009,0.35391299478376004,0.5263679194358956,0.04730236377115101,False,nan,nan,False,False
428,2.14,0.005059433999576868,0.000775832000272203,3.3460000850027427e-06,7.574200026283506e-05,0.0005618089999188669,2.7160999707120936e-05,0.004126435999751266,0.0017704820684952623,0.0010000000000000009,0.3540964136990525,0.19407571401731913,0.04944818634181174,False,nan,nan,False,False
429,2.145,0.004940720000377041,0.0008099570000013046,3.9569999898958486e-06,0.0006150789999992412,0.0005604560001302161,3.1568999929731945e-05,0.0041522940000504605,0.0017723319046582511,0.0010000000000000009,0.3544663809316502,0.37433774433236106,0.04655064484045963,False,nan,nan,False,False
430,2.15,0.00500665499976094,0.000798425000084535,5.029000021750107e-06,9.381699965160806e-05,0.0005762559999311634,2.9195000024628825e-05,0.0041575139998712984,0.0017737177311768295,0.0010000000000000009,0.35474354623536586,0.27531850420980725,0.046832736025202035,False,nan,nan,False,False
431,2.1550000000000002,0.004995784000129788,0.0007728669997959514,4.468000042834319e-06,0.0006121030000940664,0.0005546850002247083,2.8482999823609134e-05,0.004186449000371795,0.0017760586488886866,0.0010000000000000009,0.35521172977773724,0.45078329287218405,0.04769840023576777,False,nan,nan,False,False
432,2.16,0.005007657000078325,0.0007875439996496425,3.5169996408512816e-06,0.00011303300016152207,0.0005610370003523713,3.5536999803298386e-05,0.004165019000083703,0.001777311665774484,0.0010000000000000009,0.3554623331548968,0.23952225675171718,0.046929414551701236,False,nan,nan,False,False
433,2.165,0.00499377000005552,0.0007894579998719564,4.6889999794075266e-06,0.0006729779997840524,0.0005543349998333724,2.8062999717803905e-05,0.004167923999830236,0.0017798047980922855,0.0010000000000000009,0.3559609596184571,0.4593690843254759,0.048046772460680925,False,nan,nan,False,False
434,2.17,0.0050023069998133,0.0007653520001440484,3.786999968724558e-06,0.00010781299988593673,0.0005437339996205992,2.8314000246609794e-05,0.004189745000076073,0.0017816408939344104,0.0010000000000000009,0.35632817878688205,0.3303353151379932,0.047252701229091656,False,nan,nan,False,False
435,2.1750000000000003,0.004992877999939083,0.0007692799999858835,3.7070003600092605e-06,0.0012192869999125833,0.0005479630003719649,2.7983000109088607e-05,0.0041932409999390075,0.0017834712288915086,0.0010000000000000009,0.3566942457783017,0.3258098189777414,0.0490465418537044,False,nan,nan,False,False
436,2.18,0.005002447000151733,0.0007919519998722535,5.000000328436727e-06,0.00011360400003468385,0.0005684610000571411,2.8042999929311918e-05,0.004167503000189754,0.001785465005832087,0.0010000000000000009,0.3570930011664174,0.3471168212292405,0.04971186049170858,False,nan,nan,False,False
437,2.185,0.004996675999791478,0.000768999000229087,3.7770000744785648e-06,0.0005960829998912232,0.0005429240000012214,3.5757000205194345e-05,0.004193982999822765,0.0017881466392878,0.0010000000000000009,0.35762932785755996,0.4536681833639723,0.04714655360311449,False,nan,nan,False,False
438,2.19,0.0050082570000995474,0.000764350999816088,3.687000116769923e-06,0.00012696899966613273,0.0005472210000334599,2.8403000214893837e-05,0.004189554000276985,0.0017902246867450785,0.0010000000000000009,0.35804493734901566,0.3440548876964402,0.04658488782277284,False,nan,nan,False,False
439,2.195,0.004992037000192795,0.0007649419999324891,4.2280003071937244e-06,0.000676374999784457,0.0005387150004025898,2.74509998234862e-05,0.004196857999886561,0.0017933990649044865,0.0010000000000000009,0.35867981298089724,0.5117583350453819,0.04712505366832674,False,nan,nan,False,False
440,2.2,0.005005402999813668,0.0007772240001031605,3.988000116805779e-06,9.387699992657872e-05,0.00055212000006577,3.3071999951062026e-05,0.004182110999863653,0.0017947376381904022,0.0010000000000000009,0.35894752763808047,0.21542554951166829,0.047595747826183865,False,nan,nan,False,False
441,2.205,0.004999661000056221,0.0007969120001689589,4.517999968811637e-06,0.0005903829996896093,0.0005659859998559114,2.8392999865900492e-05,0.004161300999840023,0.0017981731681788124,0.0010000000000000009,0.3596346336357624,0.5334326093564651,0.04659326630623819,False,nan,nan,False,False
442,2.21,0.004997427000034804,0.000797402999978658,3.546000243659364e-06,0.00010423699995953939,0.0005515590000868542,2.779199985525338e-05,0.0041702779999468476,0.0017997020747029314,0.0010000000000000009,0.3599404149405863,0.23636085571201146,0.048614860386178446,False,nan,nan,False,False
443,2.215,0.005007846999887988,0.0007882949998929689,4.387999979371671e-06,0.0007316190003621159,0.0005580709998866951,2.7741999929276062e-05,0.004164027000115311,0.0018039398123636994,0.0010000000000000009,0.36078796247273986,0.6318927363014825,0.046101760087586964,False,nan,nan,False,False
444,2.22,0.0049930589998439245,0.0007898779999777616,4.86899989482481e-06,0.00020274200005587772,0.0005594740000560705,2.8763999580405653e-05,0.004171501000200806,0.0018064430526067803,0.0010000000000000009,0.36128861052135597,0.3668636847540791,0.04546781927767411,False,nan,nan,False,False
445,2.225,0.005003208000289305,0.0008186929999283166,3.597000159061281e-06,0.0007702520001657831,0.0005804440002066258,2.89240001620783e-05,0.004138337999847863,0.001811210495017924,0.0010000000000000009,0.3622420990035848,0.6771521395722375,0.04771827844888701,False,nan,nan,False,False
446,2.23,0.004999771999791847,0.0007853900001464353,4.567999894788954e-06,0.00020860299991909415,0.0005664770001203578,2.8804000066884328e-05,0.004171721000147954,0.0018136289890703747,0.0010000000000000009,0.3627257978140749,0.33748835868223936,0.04896053912517452,False,nan,nan,False,False
447,2.235,0.004993880000256468,0.0007783470000504167,3.1759996090841014e-06,0.0007620460000907769,0.0005550859996219515,2.9004999760218197e-05,0.0041867899999488145,0.0018172928144394077,0.0010000000000000009,0.36345856288788153,0.502504314918073,0.047824429860423075,False,nan,nan,False,False
448,2.24,0.005010100999697897,0.0007863420000830956,4.7190001168928575e-06,0.00013969300016469788,0.0005645740002364619,3.0097000035311794e-05,0.004166661999988719,0.0018209085015766804,0.0010000000000000009,0.3641817003153361,0.4839065318866816,0.04706000752450618,False,nan,nan,False,False
449,2.245,0.004992759000288061,0.0007971019999786222,4.238000201439718e-06,0.0006558860000041022,0.0005618479999611736,2.8914000267832307e-05,0.004167362999851321,0.001825024990397757,0.0010000000000000009,0.3650049980795514,0.5394477102201448,0.04993079004941459,False,nan,nan,False,False
450,2.25,0.005017604999920877,0.0007793690001562936,3.6970000110159162e-06,0.00010155100017072982,0.0005633720002151676,2.8463000035117147e-05,0.004164126999967266,0.0018280479024910187,0.0010000000000000009,0.3656095804982038,0.39089313398231834,0.05069276525543764,False,nan,nan,False,False
451,2.255,0.004983219999758148,0.0007901690000835515,4.459000138012925e-06,0.001209449000270979,0.0005658860000039567,3.461500000412343e-05,0.004167985000094632,0.0018334352591593446,0.0010000000000000009,0.3666870518318689,0.676311792608951,0.04807495356288289,False,nan,nan,False,False
452,2.2600000000000002,0.005006645000321441,0.000793124999745487,3.505999757180689e-06,9.15030000214756e-05,0.0005648839996865718,3.903300012098043e-05,0.004160320000210049,0.0018357122587262923,0.0010000000000000009,0.3671424517452584,0.2857339511762348,0.0480627034089933,False,nan,nan,False,False
453,2.265,0.004991135999716789,0.0007742580000922317,4.799000180355506e-06,0.0012021760003335658,0.0005521509997379326,2.850399960152572e-05,0.004185497999969812,0.0018413431748972467,0.0010000000000000009,0.3682686349794494,0.6810161663082173,0.0481231494463099,False,nan,nan,False,False
454,2.27,0.005022263000228122,0.0008670439997331414,5.279999641061295e-06,0.0022694660001434386,0.0006422400001611095,2.923500005636015e-05,0.0040744380003161496,0.001847133316230869,0.0010000000000000009,0.3694266632461738,0.6837246705094063,0.051449573724159474,False,nan,nan,False,False
455,2.275,0.004980916000022262,0.0007929449998300697,4.618999810190871e-06,0.0011034600001949002,0.000557972000024165,2.810299974953523e-05,0.004165659000136657,0.001850128056449951,0.0010000000000000009,0.3700256112899902,0.34936517238884235,0.050040684575461736,False,nan,nan,False,False
456,2.2800000000000002,0.005004731000099127,0.0010094319995914702,5.2400000640773214e-06,0.001742203000048903,0.0006063629998607212,3.0127000172797125e-05,0.003945165000004636,0.0018580918437614273,0.0010000000000000009,0.37161836875228543,0.9030258654548379,0.04948762161252714,False,nan,nan,False,False
457,2.285,0.0049965159996645525,0.0008014800000637479,4.517999968811637e-06,0.0011105730000053882,0.0005774579999524576,2.8794000172638334e-05,0.004157144000146218,0.0018604962928622244,0.0010000000000000009,0.37209925857244486,0.26987585734028613,0.04599170035389113,False,nan,nan,False,False
458,2.29,0.005033475000345788,0.0009021899995786953,5.069000053481432e-06,0.0016937420000431302,0.0006773760001124174,2.997699994011782e-05,0.004032700000152545,0.0018668041747846793,0.0010000000000000009,0.37336083495693584,0.6922807306400364,0.05024958937162688,False,nan,nan,False,False
459,2.295,0.0049914359997274005,0.0012291259999983595,4.849000106332824e-06,0.0010596670003906183,0.000842758000089816,4.953400002705166e-05,0.0037301390002539847,0.001870653341606629,0.0010000000000000009,0.3741306683213258,0.4161630824875787,0.046797864638569726,False,nan,nan,False,False
460,2.3000000000000003,0.005025088999900618,0.0013900799999646551,7.053999979689252e-06,0.0021718420002798666,0.001016295000226819,4.797000019607367e-05,0.003544880000390549,0.0018777028842313615,0.0010000000000000009,0.37554057684627223,0.745432401862391,0.04578088015657642,False,nan,nan,False,False
461,2.305,0.004997377000108827,0.0012612270002136938,5.440999757411191e-06,0.0010253220002596208,0.0008858999999574735,4.401299975143047e-05,0.003671940000003815,0.0018855356936537204,0.0010000000000000009,0.3771071387307441,0.8103464040292694,0.04541531309223271,False,nan,nan,False,False
462,2.31,0.00499378099993919,0.0013229129999672296,5.260000307316659e-06,0.002144660999874759,0.0009787349999896833,4.271000034350436e-05,0.003623778000019229,0.001891296248747344,0.0010000000000000009,0.3782592497494688,0.5849228429480743,0.04666378099807717,False,nan,nan,False,False
463,2.315,0.005018016000121861,0.0013240749999567925,6.212000243976945e-06,0.0010358919998907368,0.0009175989998766454,4.627699991033296e-05,0.003608881000218389,0.0018966896576829279,0.0010000000000000009,0.37933793153658557,0.5389488179882395,0.04649514116955786,False,nan,nan,False,False
464,2.32,0.005011103000015282,0.0016520730000593176,6.752999979653396e-06,0.002147796999906859,0.0011456489996817254,7.633400036866078e-05,0.0032714250000935863,0.0019048861860647582,0.0010000000000000009,0.3809772372129516,0.803655385470223,0.04633659995123413,False,nan,nan,False,False
465,2.325,0.004990473999896494,0.0009895850002976658,5.7309998737764545e-06,0.0009810990000005404,0.0007293650000974594,3.6467999962042086e-05,0.003925316999811912,0.0019086615117670032,0.0010000000000000009,0.3817323023534006,0.36579904576635197,0.04533942723569933,False,nan,nan,False,False
466,2.33,0.00498511400019197,0.0009416849998160615,5.920999683439732e-06,0.002042308999989473,0.0006902609998178377,2.9185000130382832e-05,0.003984458000104496,0.0019198927450758201,0.0010000000000000009,0.38397854901516404,1.0641154598157025,0.04582992478771821,False,nan,nan,False,False
467,2.335,0.004985685000065132,0.0013876349999009108,5.530000180442585e-06,0.0008827739998196193,0.0010305619998689508,1.4807999832555652e-05,0.0035454710000522027,0.0019279515272330276,0.0010000000000000009,0.3855903054466055,0.7468171813712572,0.048960676977277656,False,nan,nan,False,False
468,2.34,0.005004651000035665,0.00132700099993599,5.871000212209765e-06,0.002009667000038462,0.0009581149997757166,4.486400030145887e-05,0.0036261430000195105,0.001937606107045922,0.0010000000000000009,0.3875212214091843,0.8755300062036566,0.04971508207412835,False,nan,nan,False,False
469,2.345,0.005027062999943155,0.0014446519999182783,6.541999937326182e-06,0.0009188519998133415,0.0010830209998857754,4.407300002640113e-05,0.0034865100001297833,0.0019406612450418902,0.0010000000000000009,0.388132249008378,0.27678768770381146,0.04638014074817937,False,nan,nan,False,False
470,2.35,0.004994280999653711,0.001343832000202383,5.32000012753997e-06,0.002012050999837811,0.0010120770002686186,4.2520000079093734e-05,0.00357826399977057,0.0019511003817623933,0.0010000000000000009,0.3902200763524787,0.9221953923746481,0.04737844169671779,False,nan,nan,False,False
471,2.355,0.0049799950002125115,0.0014161479998620052,5.078999947727425e-06,0.003126501999759057,0.0010274359997310967,4.375300022729789e-05,0.003542706000189355,0.0019666950501479844,0.0010000000000000009,0.39333901002959687,1.3419414215538608,0.04890919255800711,False,nan,nan,False,False
472,2.36,0.005045476999839593,0.0012987780000912608,7.243999789352529e-06,0.0004116449999855831,0.0009026910001921351,4.938299980494776e-05,0.003602578000027279,0.0019562145099844626,0.0010000000000000009,0.3912429019968925,0.605589332430925,0.04831502570722072,False,nan,nan,False,False
473,2.365,0.004965396999978111,0.0013308380002854392,5.219999820837984e-06,0.0009016689996315108,0.0009901859998535656,4.4563999836100265e-05,0.0035908059999201214,0.001974555182504145,0.0010000000000000009,0.39491103650082887,1.1745714427594518,0.04919828177172138,False,nan,nan,False,False
474,2.37,0.004988591000255838,0.0011821369998870068,5.540000074688578e-06,0.00036239300015949993,0.0008457939998152142,4.3572000322456006e-05,0.0037681210001210275,0.0019673199511831946,0.0010000000000000009,0.39346399023663897,0.9163375934601868,0.048512072032542215,False,nan,nan,False,False
475,2.375,0.005021621999730996,0.0014014610001140682,6.1710002228210215e-06,0.0009142419999079721,0.0010573930003374699,4.263100026946631e-05,0.003539630999966903,0.001990670943946674,0.0010000000000000009,0.39813418878933476,1.3452081802679938,0.05185333763018235,False,nan,nan,False,False
476,2.38,0.00502303600023879,0.0012224540000715933,6.5930003074754495e-06,0.0004128279997530626,0.0008663220000926231,5.747800014432869e-05,0.0036785219999728724,0.0019638743523467295,0.0010000000000000009,0.3927748704693459,1.9449391951082922,0.052878107625215845,False,nan,nan,False,False
477,2.3850000000000002,0.004965046000052098,0.0013113609998072207,5.4209999689192045e-06,0.0008973310000328638,0.0009719309996398806,4.4423999952414306e-05,0.0036245310002414044,0.0020097202575399863,0.0010000000000000009,0.4019440515079972,2.6192124034801756,0.05207546694246861,False,nan,nan,False,False
478,2.39,0.005004961999929947,0.001380221000090387,6.331999884423567e-06,0.00038949400004639756,0.0010299410000698117,4.24200002271391e-05,0.003555649999725574,0.001955946782439922,0.0010000000000000009,0.39118935648798436,3.62181185351818,0.05286177846426765,False,nan,nan,False,False
479,2.395,0.005008298000120703,0.001519341999937751,5.831000180478441e-06,0.0009206649997395289,0.0011497870000312105,6.531300005008234e-05,0.0034011299999292532,0.002030862760681865,0.0010000000000000009,0.40617255213637293,4.3386471105544215,0.055410839966514774,False,nan,nan,False,False
480,2.4,0.004971837999619311,0.0009303740002906125,4.368000190879684e-06,0.00036588000011761324,0.0006976150002628856,3.1739999940327834e-05,0.0040145039997696585,0.001929385857863014,0.0010000000000000009,0.38587717157260276,6.468848216012651,0.05195396173768572,False,nan,nan,False,False
481,2.4050000000000002,0.005009771000004548,0.0013144570002623368,5.850999968970427e-06,0.0008561130002817663,0.0009629050000512507,4.513499970926205e-05,0.0036289879999458208,0.0020520549038810366,0.0010000000000000009,0.41041098077620736,7.251501706361496,0.05076907736926053,False,nan,nan,False,False
482,2.41,0.005012616000385606,0.0011801529999502236,5.831000180478441e-06,0.0003899450002791127,0.0008512439999321941,4.332200023782207e-05,0.0037471619998541428,0.0019242548491355481,0.0010000000000000009,0.38485096982710965,7.47285804473767,0.0529501000171975,False,nan,nan,False,False
483,2.415,0.004992497999865009,0.0013386820000960142,5.541000064113177e-06,0.0008904680003070098,0.0009886930001812289,4.646800016416819e-05,0.003609481999774289,0.0020617580063333023,0.0010000000000000009,0.4123516012666605,8.152794015288862,0.053885213141946005,False,nan,nan,False,False
484,2.42,0.005026922000070044,0.0013718549998884555,6.642000244028168e-06,0.0003958059996875818,0.001014532000226609,5.713800010198611e-05,0.003549528999883478,0.0018943052180254302,0.0010000000000000009,0.37886104360508605,9.79194806812545,0.05191555185319422,False,nan,nan,False,False
485,2.4250000000000003,0.00499106600000232,0.0013384320000113803,5.720999979530461e-06,0.0006027559998074139,0.000991579000128695,4.711900010079262e-05,0.0035788239997600613,0.0020686937367121257,0.0010000000000000009,0.4137387473424251,10.39230518977912,0.048788519797543006,False,nan,nan,False,False
486,2.43,0.0049688529998093145,0.0008251049998762028,4.2579999899317045e-06,0.00023724699985905318,0.0005956729996796639,3.0777999654674204e-05,0.004114633000426693,0.0018943052180649563,0.0010000000000000009,0.3788610436129913,10.39230514316558,0.05161711118185402,False,nan,nan,False,False
487,2.435,0.005008087000078376,0.0013476700000865094,5.9710000641644e-06,0.0013793990001431666,0.000997780000034254,5.412200016507995e-05,0.0036015470000165806,0.0020686937352123007,0.0010000000000000009,0.4137387470424601,10.392304845637574,0.049596822234753486,False,nan,nan,False,False
488,2.44,0.005028205000144226,0.0013621169996440585,6.11099994785036e-06,0.00029040800018265145,0.0010182689998146088,4.5465999846783234e-05,0.0035537470002964255,0.0018943052180500806,0.0010000000000000009,0.3788610436100161,10.392304845408466,0.05250941138823934,False,nan,nan,False,False
489,2.445,0.0049834309998004755,0.0013254479999886826,5.691000296792481e-06,0.0013877450001018587,0.0009381579998262168,5.4321999868989224e-05,0.0036065560002498387,0.0020686937351465187,0.0010000000000000009,0.41373874702930374,10.392304862900392,0.04860231448122777,False,nan,nan,False,False
490,2.45,0.005001575000278535,0.0011835509999400529,5.690000307367882e-06,0.0002757190000011178,0.0008533879999959026,4.380200016385061e-05,0.003742862999843055,0.001966187239011788,0.0010000000000000009,0.3932374478023576,8.48528137455078,0.05201064743805711,False,nan,nan,False,False
491,2.455,0.004991896999854362,0.001317483000093489,5.521000275621191e-06,0.0013863129997844226,0.0009735240000736667,4.2349000068497844e-05,0.003621784999722877,0.0020686937352317127,0.0010000000000000009,0.4137387470463425,8.485281408460581,0.050246243107137364,False,nan,nan,False,False
492,2.46,0.005012907000036648,0.0011805239996647288,5.8910000007017516e-06,0.0002782239998850855,0.0008505319997311744,4.3542000184970675e-05,0.0037522410002566176,0.001894305218044581,0.0010000000000000009,0.3788610436089162,10.392304846004164,0.05384273056730112,False,nan,nan,False,False
493,2.465,0.005016923999846767,0.0014147460001368017,6.7219998527434655e-06,0.0008534980001968506,0.0010473239999555517,4.661799994210014e-05,0.003496839000035834,0.002068693737044964,0.0010000000000000009,0.4137387474089928,10.392305250938717,0.055799907373675746,False,nan,nan,False,False
494,2.47,0.004983549999906245,0.0012210720001348818,5.9710000641644e-06,0.00027785400016000494,0.0008740469997974287,5.025400014346815e-05,0.003712225000072067,0.0018943052195708285,0.0010000000000000009,0.3788610439141657,10.39230485458999,0.05132191147180474,False,nan,nan,False,False
495,2.475,0.00500115500017273,0.0013924240001870203,5.720999979530461e-06,0.0013995369999975082,0.0010336069999539177,4.452399980436894e-05,0.0035345099995538476,0.002068693749919381,0.0010000000000000009,0.41373874998387616,10.392307057397021,0.049212894789370645,False,nan,nan,False,False
496,2.48,0.004998930000056134,0.0012413089998517535,6.212000243976945e-06,0.00025551099997755955,0.0008924710000428604,4.6768000174779445e-05,0.003693189999921742,0.0018943052205758135,0.0010000000000000009,0.3788610441151627,10.392314086093158,0.0529021206794501,False,nan,nan,False,False
497,2.485,0.005018616999677761,0.0013839880002706195,7.41400026527117e-06,0.0014022529999238031,0.0010269760000483075,4.6688000111316796e-05,0.003524963000018033,0.0020686937424326183,0.0010000000000000009,0.41373874848652364,10.39231057709976,0.0544225290532874,False,nan,nan,False,False
498,2.49,0.0049794630003816565,0.0012278539998078486,6.061000021873042e-06,0.0002774419999695965,0.000890067000000272,4.523600000538863e-05,0.003699130999848421,0.001894305218891816,0.0010000000000000009,0.37886104377836316,10.392305858944093,0.05315251505259364,False,nan,nan,False,False
499,2.495,0.004995262999727856,0.0012925760001962772,6.011000095895724e-06,0.001391531999615836,0.0009129710001616331,4.382299994176719e-05,0.0036376150001160568,0.0020686937382987523,0.0010000000000000009,0.41373874765975055,10.392307152030469,0.04889526463785748,False,nan,nan,False,False
500,2.5,0.004994221000288235,0.0012092089996258437,5.541000064113177e-06,0.0002683460002117499,0.0008662830000503163,4.544600005829125e-05,0.0037420020003082755,0.0018943052446541565,0.0010000000000000009,0.3788610489308313,10.392319220379086,0.05249693659684301,False,nan,nan,False,False
501,2.505,0.005032844999732333,0.001349001000107819,6.551999831572175e-06,0.0014178310002535,0.0009891340000649507,4.5185000089986715e-05,0.003556712999852607,0.002068693739667769,0.0010000000000000009,0.4137387479335538,10.392320760977205,0.05325531211122699,False,nan,nan,False,False
502,2.5100000000000002,0.004979682999874058,0.001200723000238213,6.332000339170918e-06,0.0002844259997800691,0.0008556520001548051,4.3461999666760676e-05,0.0037197699998614553,0.00189430525040435,0.0010000000000000009,0.37886105008087,10.392323124343463,0.05049788931690012,False,nan,nan,False,False
503,2.515,0.004981317000329,0.001317182000093453,5.370000053517288e-06,0.0013778470001852838,0.0009660000000621949,4.369199996290263e-05,0.0036235889997442428,0.002068693742955364,0.0010000000000000009,0.41373874859107274,10.392326490385463,0.047420899403047126,False,nan,nan,False,False
504,2.52,0.0050044810000144935,0.001183370000035211,5.820999831485096e-06,0.00026642200009519,0.000858647999848472,4.287100000510691e-05,0.003767348999645037,0.001894305282743442,0.0010000000000000009,0.37886105654868835,10.392339930530294,0.0512195749013921,False,nan,nan,False,False
505,2.525,0.005031090000102267,0.0013664849998349382,6.17199975749827e-06,0.0014141050000944233,0.001002879999759898,4.505500010054675e-05,0.003531185000156256,0.0020686937693198304,0.0010000000000000009,0.413738753863966,10.392363295738262,0.05335090536370028,False,nan,nan,False,False
506,2.5300000000000002,0.004944908999732434,0.0008121199998640805,3.868000021611806e-06,0.00023731700002826983,0.0005757650001214643,2.9695999728573952e-05,0.004125454000131867,0.001894305241555277,0.0010000000000000009,0.3788610483110554,10.392339909228113,0.05215314922832427,False,nan,nan,False,False
507,2.535,0.00497842100003254,0.0007938660000945674,3.687000116769923e-06,0.0013325509999049245,0.000572047999867209,3.292200017313007e-05,0.004164657999808696,0.0020686937404576595,0.0010000000000000009,0.41373874809153194,10.39232023554977,0.049298263249143506,False,nan,nan,False,False
508,2.54,0.0049986290000560984,0.0007846889998290862,3.477000063867308e-06,0.00021254099965517526,0.0005576500002462126,3.092799988735351e-05,0.004175990000021557,0.0018943052189178198,0.0010000000000000009,0.37886104378356394,10.392305448710696,0.05312539755088376,False,nan,nan,False,False
509,2.545,0.005001075000109267,0.0007787569998072286,3.5870002648152877e-06,0.0013301769999998214,0.0005515789998753462,2.9256000289024087e-05,0.004188333000001876,0.0020686937421841947,0.0010000000000000009,0.41373874843683894,10.392308930580786,0.052363046816752225,False,nan,nan,False,False
510,2.5500000000000003,0.005020620999857783,0.0008263869999609597,4.398999863042263e-06,0.00022531400009029312,0.0005935789999966801,3.0457000320893712e-05,0.004119994000120641,0.0018943052213711525,0.0010000000000000009,0.37886104427423045,10.392311056618832,0.05422697170324405,False,nan,nan,False,False
511,2.555,0.004988600000160659,0.0008017909999580297,3.5469997783366125e-06,0.001339173999895138,0.0005697239998880832,3.2731999908719445e-05,0.0041486380000606005,0.0020686937523588023,0.0010000000000000009,0.4137387504717605,10.392315977156,0.049634627053919515,False,nan,nan,False,False
512,2.56,0.004992677999780426,0.0007935560001897102,3.5469997783366125e-06,0.00016387899995606858,0.0005674489998455101,3.288200014139875e-05,0.0041626039997026965,0.001894305274126983,0.0010000000000000009,0.3788610548253966,10.392345653977952,0.05359823352666857,False,nan,nan,False,False
513,2.565,0.004997157000161678,0.000775722000071255,3.516000106174033e-06,0.0012358789999780129,0.0005517599997801881,2.9565000204456737e-05,0.004208409999591822,0.0020686937994265197,0.0010000000000000009,0.41373875988530395,10.39237831524397,0.05275359110371946,False,nan,nan,False,False
514,2.57,0.005061938999915583,0.0012143379999542958,6.733000191161409e-06,0.0001639189999877999,0.0008770629997343349,4.624800021701958e-05,0.0037053830001241295,0.0018943052763767643,0.0010000000000000009,0.37886105527535285,10.392379697814937,0.052826867982527684,False,nan,nan,False,False
515,2.575,0.004980454999895301,0.0012969340000381635,4.809000074601499e-06,0.0012607349999598227,0.0008516150001014466,4.3582000216702e-05,0.0036425640000743442,0.0020686939012983982,0.0010000000000000009,0.4137387802596797,10.392434840166034,0.049012373814976494,False,nan,nan,False,False
516,2.58,0.004999792000035086,0.0011966550000579446,5.299999884300632e-06,0.00013483400016411906,0.0008537290000276698,4.788000023836503e-05,0.0037405190000754374,0.0018943052871398028,0.0010000000000000009,0.3788610574279605,10.392443278249791,0.05164123933668462,False,nan,nan,False,False
517,2.585,0.004995763999886549,0.0011870170001202496,4.918999820802128e-06,0.0010490170002412924,0.0008188230003725039,4.3622000248433324e-05,0.0037711159998252697,0.0020686941101358877,0.0010000000000000009,0.41373882202717754,10.392542612402293,0.05114863696987563,False,nan,nan,False,False
518,2.59,0.005136408999987907,0.001209329000175785,6.6829998104367405e-06,3.793200039581279e-05,0.0008712720000403351,4.4222999804333085e-05,0.0036078180000913562,0.001894305374924409,0.0010000000000000009,0.3788610749848818,10.392617923434836,0.052329244783012964,False,nan,nan,False,False
519,2.595,0.004889543999979651,0.0015762400003040966,6.492000011348864e-06,0.001200902999698883,0.0010817779998433252,4.7449999783566454e-05,0.003356304999670101,0.0020686947287731003,0.0010000000000000009,0.4137389457546201,10.392907781630553,0.0487546104251867,False,nan,nan,False,False
520,2.6,0.00503623000031439,0.0015559419998680823,9.148000117420452e-06,0.0023360219997812237,0.0011540949999471195,4.845100011152681e-05,0.00333174900015365,0.001894306293736994,0.0010000000000000009,0.3788612587473988,10.393565181914868,0.05168963832539043,False,nan,nan,False,False
521,2.605,0.004962831999819173,0.0015139729998736584,6.742000095982803e-06,0.0011974460003330023,0.0010462420000294514,5.431199997474323e-05,0.003507700000227487,0.0020687118672598607,0.0010000000000000009,0.4137423734519722,10.401082035740215,0.05220812799206378,False,nan,nan,False,False
522,2.61,0.005118705999848316,0.0013293140000314452,8.276000244222814e-06,0.0001610639997124963,0.0009744669996507582,4.646800016416819e-05,0.003482162000182143,0.0018943052196358878,0.0010000000000000009,0.37886104392717757,10.398184434354881,0.04982937922403003,False,nan,nan,False,False
523,2.615,0.004873753000083525,0.0012742510002681229,5.34999981027795e-06,0.0011544159997356473,0.0008663830003570183,4.513499970926205e-05,0.003659906999928353,0.002068694077527042,0.0010000000000000009,0.4137388155054084,10.392428904876555,0.04613182231325108,False,nan,nan,False,False
524,2.62,0.005029287000070326,0.001324316000136605,7.004000053711934e-06,0.002307968999957666,0.0009865789998002583,4.364200003692531e-05,0.003573032000076637,0.00197625796202142,0.0010000000000000009,0.395251592404284,10.392341342306032,0.05342060715881001,False,nan,nan,False,False
525,2.625,0.0049548970000614645,0.0012848209998992388,5.350000265025301e-06,0.0011693329997797264,0.0008230309999817109,4.5074999889038736e-05,0.0036854140003015345,0.002164878046409778,0.0010000000000000009,0.43297560928195555,10.392368124315448,0.05183732428746944,False,nan,nan,False,False
526,2.63,0.005133071999807726,0.0012530110002444417,6.9029997575853486e-06,3.82319999516767e-05,0.0008635570002297754,4.672800014304812e-05,0.003557985000043118,0.0019762582103991103,0.0010000000000000009,0.3952516420798221,10.392481665924942,0.0493752244156591,False,nan,nan,False,False
527,2.6350000000000002,0.00487205100034771,0.0012814950000574754,5.140000212122686e-06,0.0011555480000424723,0.0008317070000884996,4.438399992068298e-05,0.003653794999991078,0.0021648780419086587,0.0010000000000000009,0.4329756083817317,10.392345909830818,0.04678293549629366,False,nan,nan,False,False
528,2.64,0.004997136999918439,0.0014012399997227476,8.695400038050138e-05,0.0023367029998553335,0.0009195429997816973,4.274100001566694e-05,0.003536895000252116,0.0022266115089547575,0.0010000000000000009,0.4453223017909515,6.000159478243952,0.05543108643976549,False,nan,nan,False,False
529,2.645,0.004996395000034681,0.001287334999688028,5.129999863129342e-06,0.0012413690001267241,0.0008508829996571876,4.262099992047297e-05,0.0037109930003680347,0.002032657788712829,0.0010000000000000009,0.4065315577425658,10.392516740641328,0.05702271857968612,False,nan,nan,False,False
530,2.65,0.005078278999917529,0.0013364279998313577,6.211999789229594e-06,0.00013935299966760795,0.0009896249998746498,4.661699995267554e-05,0.0035428760002105264,0.002226611401889102,0.0010000000000000009,0.4453222803778204,10.39235001895045,0.051296500529281495,False,nan,nan,False,False
531,2.6550000000000002,0.004949897000187775,0.0013930849995631434,7.664999884582357e-06,0.0012841300003856304,0.0009945540000444453,4.440399970917497e-05,0.0035271760002615338,0.0022360679877052223,0.0010000000000000009,0.4472135975410445,0.8532768549525233,0.05397975898566712,False,nan,nan,False,False
532,2.66,0.004990012999769533,0.0012074050000592251,5.419999979494605e-06,0.00013425299994196394,0.000866491999659047,4.772000011143973e-05,0.003722324000136723,0.002041445566619608,0.0010000000000000009,0.4082891133239216,10.39230721055631,0.05368466209474246,False,nan,nan,False,False
533,2.665,0.004996044000108668,0.0013360479997572838,5.189999683352653e-06,0.001270704000035039,0.000880429000062577,4.401300020617782e-05,0.0036011350002809195,0.002236067984686976,0.0010000000000000009,0.44721359693739526,10.392308491656712,0.059532260821179094,False,nan,nan,False,False
534,2.67,0.005010741999740276,0.0013294150003275718,6.062000011297641e-06,0.00014836999980616383,0.0009757989996614924,5.026400003771414e-05,0.0035938319997512735,0.0020414455787113104,0.0010000000000000009,0.4082891157422621,10.392317457181749,0.05469213613823231,False,nan,nan,False,False
535,2.6750000000000003,0.0049872080003297015,0.0013561050000134856,5.660000169882551e-06,0.001267747999918356,0.0008926519999477023,4.4844000058219535e-05,0.0035765689999607275,0.0022360679801094094,0.0010000000000000009,0.44721359602188193,10.392313407862238,0.05448657046756594,False,nan,nan,False,False
536,2.68,0.004991304999748536,0.0011833300000034797,5.249999958323315e-06,0.00013372200010053348,0.0008323980000568554,6.229700011317618e-05,0.0037571090001620178,0.002236068186384184,0.0010000000000000009,0.44721363727683683,0.042982122903759946,0.058437389371076585,False,nan,nan,False,False
537,2.685,0.005011353000099916,0.0013524179998967156,5.450000116979936e-06,0.001272216999950615,0.0008576860000175657,7.618400013598148e-05,0.0035833030001413135,0.0020414456309114748,0.0010000000000000009,0.408289126182295,10.392320624382398,0.056390290766755204,False,nan,nan,False,False
538,2.69,0.005011122999803774,0.0013611240001409897,7.704999916313682e-06,0.000156794999838894,0.0009881820001282904,4.6627999836346135e-05,0.0035604489999059297,0.00223606799791025,0.0010000000000000009,0.44721359958205004,10.392356090594866,0.059018475962740014,False,nan,nan,False,False
539,2.695,0.004986225000266131,0.001312413000050583,5.500000042957254e-06,0.0012635210000553343,0.0009144729997387913,4.4964999688090757e-05,0.003646851999747014,0.00204144600780505,0.0010000000000000009,0.40828920156101006,10.39251310303939,0.05549678323950018,False,nan,nan,False,False
540,2.7,0.005024106999826472,0.0012049410001964134,5.750000127591193e-06,0.00014302999989013188,0.0008774530001574021,4.241999977239175e-05,0.0037043299998913426,0.002236068121028716,0.0010000000000000009,0.4472136242057433,10.392327417856158,0.05019496607131149,False,nan,nan,False,False
541,2.705,0.004980414999863569,0.0012586720004037488,5.099999725644011e-06,0.0012657649999709975,0.0008792470002845221,4.938300025969511e-05,0.003667059999770572,0.0022360680138065673,0.0010000000000000009,0.44721360276131344,0.04816504416314512,0.056475164498565836,False,nan,nan,False,False
542,2.71,0.004987960000107705,0.0011875969998982328,5.440000222733943e-06,0.0001276200000575045,0.0008625450000181445,4.199900013190927e-05,0.0037611380002999795,0.0020414456424722475,0.0010000000000000009,0.40828912849444954,10.39237590475267,0.05156144644244547,False,nan,nan,False,False
543,2.715,0.005031030000282044,0.0014066999997339735,7.022999852779321e-06,0.0012917140002173255,0.0009380480000800162,4.49750000370841e-05,0.0035101150001537462,0.0022360680185373617,0.0010000000000000009,0.4472136037074724,10.392306134900116,0.055836822701941465,False,nan,nan,False,False
544,2.72,0.004990994999843679,0.0012319409997871844,6.291000318014994e-06,0.0001502139998592611,0.0008714619998499984,4.432300011103507e-05,0.0036884400001326867,0.0022360679822078762,0.0010000000000000009,0.44721359644157527,0.011331730757331623,0.053029676468245635,False,nan,nan,False,False
545,2.725,0.004986134999853675,0.0013592410000455857,5.8910000007017516e-06,0.0012684399998761364,0.0008891659999790136,4.496500014283811e-05,0.003576349000013579,0.0022360679775539067,0.0010000000000000009,0.4472135955107814,0.006427380271315431,0.049209031699057056,False,nan,nan,False,False
546,2.73,0.0050003720002678165,0.0011521309997988283,5.531000169867184e-06,0.00014431199997488875,0.0008288620001621894,4.3541999730223324e-05,0.003784532000281615,0.0019006577848292361,0.0008500000000000174,0.3801315569658472,13.416408548015982,0.0573284017522404,False,nan,nan,False,False
547,2.735,0.004995412999960536,0.0008498520001012366,4.7789999371161684e-06,0.0012502159997893614,0.0006145080001260794,3.1829999898036476e-05,0.004080368999893835,0.0021189620120535243,0.0010000000000000009,0.42379240241070487,13.416407919610148,0.05633350170867916,False,nan,nan,False,False
548,2.74,0.004995994999717368,0.0011751940000976902,5.49000014871126e-06,0.0001397529999849212,0.0008369570000468229,4.407300002640113e-05,0.003764764000152354,0.002173131381784458,0.0010000000000000009,0.43462627635689155,6.000000239346739,0.05210800738703856,False,nan,nan,False,False
549,2.745,0.005006183000205056,0.0013802009998471476,5.440000222733943e-06,0.0012684799999078678,0.0009191519998239528,4.4874000195704866e-05,0.0035554890000639716,0.0022360679854527827,0.0010000000000000009,0.4472135970905566,6.000002562166407,0.0491007808350831,False,nan,nan,False,False
550,2.75,0.004998589000024367,0.0011613279998528014,5.711000085284468e-06,0.00013756899988948135,0.0008319270000356482,4.476399999475689e-05,0.0037928669999018894,0.0019006577868869693,0.0008500000000000174,0.38013155737739385,13.416414748673505,0.058382726667648044,False,nan,nan,False,False
551,2.755,0.005034596999848873,0.0013900789999752305,6.552999820996774e-06,0.0012922949999847333,0.0010351099999752478,4.523600000538863e-05,0.003523099000176444,0.0022360679799031625,0.0010000000000000009,0.44721359598063254,13.416407999520452,0.05915783451473689,False,nan,nan,False,False
552,2.7600000000000002,0.004982858999937889,0.0011611580002863775,5.820999831485096e-06,0.00015343899985964526,0.000834301999930176,4.262099992047297e-05,0.003758251999897766,0.002236067977499667,0.0010000000000000009,0.44721359549993345,0.004133680129301825,0.05278288236073502,False,nan,nan,False,False
553,2.765,0.004985595000107423,0.0012619980002455122,5.270000201562652e-06,0.0012642130000131147,0.0008715120002307231,4.311100019549485e-05,0.0036718789997394197,0.0022360679774997808,0.0010000000000000009,0.4472135954999562,4.48912856771205e-05,0.05041172310094195,False,nan,nan,False,False
554,2.77,0.005000092000045697,0.0011641030000646424,5.590000000665896e-06,0.00014303899979495327,0.0008403130000260717,4.299100010030088e-05,0.0037756850001642306,0.0019006577812163438,0.0008500000000000174,0.3801315562432688,13.416407939051096,0.060295609895504025,False,nan,nan,False,False
555,2.775,0.0050196480001432064,0.001371264999761479,6.762999873899389e-06,0.0012879969999630703,0.0010227179996036284,4.352199994173134e-05,0.0035445789999357658,0.0022360679783628343,0.0010000000000000009,0.4472135956725669,13.416407905616671,0.05850268372882734,False,nan,nan,False,False
556,2.7800000000000002,0.004980786000032822,0.001171336999959749,5.461000000650529e-06,0.00014428199983740342,0.0008429690001321433,4.5044999751553405e-05,0.003761958999803028,0.002236067978038986,0.0010000000000000009,0.4472135956077973,0.0005207641535317548,0.052653644412713425,False,nan,nan,False,False
557,2.785,0.004998419000003196,0.0013368889999583189,5.770999905507779e-06,0.001263760999790975,0.0009593479999239207,4.6137000026647e-05,0.0036050730000170006,0.002236068013454749,0.0010000000000000009,0.44721360269094984,0.014075264530339042,0.05292799751287112,False,nan,nan,False,False
558,2.79,0.00503006799999639,0.001175254999907338,5.469999905471923e-06,0.00017368699991493486,0.0008365460003005865,4.387199987831991e-05,0.003728895999756787,0.0019006580957317703,0.0008500000000000174,0.380131619146354,13.416541137210205,0.06215854141206527,False,nan,nan,False,False
559,2.795,0.0049767079999583075,0.001334986000074423,5.100000180391362e-06,0.001273790999675839,0.0008913589999792748,4.6426999688264914e-05,0.003626803999850381,0.0022360680842837427,0.0010000000000000009,0.44721361685674854,13.416417547445992,0.05873357586648737,False,nan,nan,False,False
560,2.8000000000000003,0.0050422310000612924,0.0012327129998084274,6.521999694086844e-06,0.00019342399991728598,0.0008900970001377573,4.54359997092979e-05,0.003653094000128476,0.002236068001441055,0.0010000000000000009,0.447213600288211,0.014553509273251206,0.05331151763802179,False,nan,nan,False,False
561,2.805,0.0049538849998498335,0.0012723380000352336,5.770999905507779e-06,0.0012664860000768385,0.0008717329997125489,4.350200015323935e-05,0.0037737110001216934,0.0022360680951312756,0.0010000000000000009,0.44721361902625517,0.042100701644715924,0.049521645367467136,False,nan,nan,False,False
562,2.81,0.005144745000052353,0.0011404589999983727,5.49000014871126e-06,0.00015062400007082033,0.0008186830000340706,4.352199994173134e-05,0.0036432349997994606,0.001972308853080936,0.001,0.39446177061618726,12.000326357840565,0.059444571733329496,False,nan,nan,False,False
563,2.815,0.004847533999964071,0.0014588489998459409,5.379999947763281e-06,0.0011220940000384871,0.0008800980003798031,4.344200033301604e-05,0.003628738000315934,0.002236068204480725,0.0010000000000000009,0.44721364089614496,12.000015343524309,0.05963354958796032,False,nan,nan,False,False
564,2.82,0.00518989900001543,0.001240667999809375,6.852999831608031e-06,0.00017714400019031018,0.000889807000021392,4.6969000322860666e-05,0.0035288799999761977,0.0022360680203261296,0.0010000000000000009,0.447213604065226,0.022795208375991787,0.05342862632904664,False,nan,nan,False,False
565,2.825,0.00483775600014269,0.0014855699996587646,5.650999810313806e-06,0.0011381249996702536,0.0008844670001053601,6.0103000123490347e-05,0.003537516000051255,0.0022360680815281357,0.0010000000000000009,0.44721361630562717,0.044788563673687824,0.05450480612335464,False,nan,nan,False,False
566,2.83,0.005124385999806691,0.0011663380000754842,5.7909996939997654e-06,0.00015217700001812773,0.0008364660002371238,4.3912999899475835e-05,0.003618327999902249,0.0019723092395110267,0.001,0.39446184790220534,12.00045587937452,0.06063231232549499,False,nan,nan,False,False
567,2.835,0.004851020999922184,0.0013951189998806512,5.190000138100004e-06,0.0011702860001605586,0.000869047999913164,4.523600000538863e-05,0.0036595159999706084,0.00223606842253088,0.0010000000000000009,0.44721368450617605,12.000018178253786,0.059114116188881856,False,nan,nan,False,False
568,2.84,0.005157017999863456,0.0014285620000009658,6.31200009593158e-06,0.0001708519998828706,0.0010244810000585858,5.378100013331277e-05,0.003359751000061806,0.0022360681441921256,0.0010000000000000009,0.44721362883842514,0.021894076052651958,0.05465045534041237,False,nan,nan,False,False
569,2.845,0.004856130999996822,0.0013210690003688796,5.6110002333298326e-06,0.0011431040002207737,0.000936855999952968,4.55959998362232e-05,0.003719859999819164,0.0022360679782408863,0.0010000000000000009,0.4472135956481773,0.03683929842208681,0.05403609213663291,False,nan,nan,False,False
570,2.85,0.0051309080004102725,0.0011856139999508741,5.69099984204513e-06,0.0001478780000070401,0.0008484589998261072,4.430399985722033e-05,0.003604602999985218,0.0022360680224056497,0.0010000000000000009,0.44721360448112996,0.015622413074897704,0.060427067250713694,False,nan,nan,False,False
571,2.855,0.004857764000007592,0.0014607329999307694,5.620999672828475e-06,0.001102097000057256,0.0008906980001484044,4.4614000216824934e-05,0.0035648369998853013,0.002236067994615331,0.0010000000000000009,0.4472135989230662,0.00685882354789298,0.056576159554857876,False,nan,nan,False,False
572,2.86,0.0050958519996129326,0.0011858450002364407,5.840999619977083e-06,0.00014110600022831932,0.0008522860002813104,4.401299975143047e-05,0.0036614289997487504,0.002236067982678748,0.0010000000000000009,0.44721359653574955,0.004979029314365511,0.059196349082721776,False,nan,nan,False,False
573,2.865,0.004930190000322909,0.001386934000038309,6.983000275795348e-06,0.0012595430002875219,0.0010223569997833692,4.5696000142925186e-05,0.00352834899968002,0.0022360679775008238,0.0010000000000000009,0.44721359550016476,0.005995638931530194,0.057261267996030735,False,nan,nan,False,False
574,2.87,0.004987257999800931,0.0011706059999596619,6.021999979566317e-06,0.0001492619999226008,0.0008423670001320716,4.4282999624556396e-05,0.003750376999960281,0.0022360681142476013,0.0010000000000000009,0.4472136228495203,0.03118886154794297,0.05780029852751232,False,nan,nan,False,False
575,2.875,0.004985154000223702,0.0013263989999359183,5.539999619941227e-06,0.0012639309998121462,0.0008683959999871149,4.310199983592611e-05,0.003612117000102444,0.0022360679813207824,0.0010000000000000009,0.44721359626415647,0.026051861479425436,0.05991130485114856,False,nan,nan,False,False
576,2.88,0.005008687999634276,0.001192257000184327,5.920999683439732e-06,0.00015536199998678057,0.0008576660002290737,4.42729997303104e-05,0.0037431529999594204,0.002236067978437985,0.0010000000000000009,0.44721359568759705,0.0026377594306011094,0.0613446537332209,False,nan,nan,False,False
577,2.8850000000000002,0.005015351000110968,0.0013790080001854221,6.8229996941227e-06,0.001286294000237831,0.0010267850002492196,4.548600009002257e-05,0.003539288999945711,0.0020414455685807452,0.0010000000000000009,0.4082891137161491,10.392304927098477,0.05679827590855858,False,nan,nan,False,False
578,2.89,0.004989021000255889,0.0012252279998392623,5.871000212209765e-06,0.00014105599984759465,0.0008735359997444903,4.410300016388646e-05,0.003702798000176699,0.002166067322055922,0.0010000000000000009,0.43321346441118447,8.51654341835541,0.06027483674195452,False,nan,nan,False,False
579,2.895,0.004994730999897001,0.0013535009998122405,5.631000021821819e-06,0.0012726280001515988,0.0008902080003281299,4.4563999836100265e-05,0.003575427000214404,0.0022279766104026113,0.0010000000000000009,0.44559532208052227,6.000000092063565,0.06084083728750861,False,nan,nan,False,False
580,2.9,0.00499677600009818,0.0011697139998432249,5.601000339083839e-06,0.00014866100036670105,0.0008357239998986188,4.3310999899404123e-05,0.003770544999952108,0.002236067977565109,0.0010000000000000009,0.44721359551302187,0.7290505301722865,0.06253851410631156,False,nan,nan,False,False
581,2.9050000000000002,0.005019347999677848,0.0013967820000289066,6.301999746938236e-06,0.001292524999826128,0.0009330780003438122,4.5555999804491876e-05,0.003518519999943237,0.0022360680004663135,0.0010000000000000009,0.4472136000932627,0.01213493614052051,0.05833835000423456,False,nan,nan,False,False
582,2.91,0.004984202000287041,0.001172869999663817,5.60000034965924e-06,0.00014662600005976856,0.0008434290002696798,4.4533000163937686e-05,0.003753914000299119,0.0022360697548408103,0.0010000000000000009,0.44721395096816213,0.12559180510251078,0.05785363504681682,False,nan,nan,False,False
583,2.915,0.004990784999790776,0.0013350950002859463,5.309999778546626e-06,0.0012432929997885367,0.0008665020000080403,5.484400026034564e-05,0.0036442470000110916,0.0020414469654919274,0.0010000000000000009,0.4082893930983855,10.39231902214321,0.05699066875499907,False,nan,nan,False,False
584,2.92,0.0050462789999983215,0.0011779290002777998,5.570000212173909e-06,0.00011394399962227908,0.0008514339997418574,4.333200013206806e-05,0.0037094999997862033,0.00223606897719816,0.0010000000000000009,0.447213795439632,10.392310698683492,0.060566160781846,False,nan,nan,False,False
585,2.9250000000000003,0.004953312999987247,0.0013736089999838441,5.070000042906031e-06,0.0011504980002428056,0.0008623150001767499,4.723899974123924e-05,0.0035814679999930377,0.0020414461111836857,0.0010000000000000009,0.40828922223673714,10.392334706775534,0.05687924944672928,False,nan,nan,False,False
586,2.93,0.005126771000050212,0.0012107809998269659,6.862999725854024e-06,3.8762999793107156e-05,0.0008674139999129693,4.610699988916167e-05,0.0036009260002174415,0.0022360682568819223,0.0010000000000000009,0.4472136513763845,10.392315602543603,0.05409971845116989,False,nan,nan,False,False
587,2.935,0.004876127999978053,0.0013376010001593386,5.83099972573109e-06,0.0011350289996698848,0.0008775940000305127,4.370199985714862e-05,0.0035873689998879854,0.0020414455816417567,0.0010000000000000009,0.40828911632835135,10.392448988939618,0.05838474743916979,False,nan,nan,False,False
588,2.94,0.005048312999861082,0.0008396820003326866,4.2279998524463736e-06,6.0212999869690975e-05,0.00057113599996228,5.5234999763342785e-05,0.00404939000009108,0.002236067977572828,0.0010000000000000009,0.4472135955145656,10.392309007287261,0.05918340086644023,False,nan,nan,False,False
589,2.945,0.0049575520001781115,0.0013935749998381652,5.609999789157882e-06,0.0011454089999460848,0.0008670529996379628,4.7388999973918544e-05,0.0035526850001588173,0.00223606810316163,0.0010000000000000009,0.44721362063232606,0.029262410998449145,0.058392404261978295,False,nan,nan,False,False
590,2.95,0.005119225999806076,0.0012182250002297224,6.633000339206774e-06,3.9574000311404234e-05,0.0008652400001665228,4.5756999952573096e-05,0.003594664000047487,0.0021083226157959764,0.0010000000000000009,0.4216645231591953,8.48831647037282,0.05371848727378739,False,nan,nan,False,False
591,2.955,0.004879014000380266,0.0013511160000234668,5.960999715171056e-06,0.0011449069997979677,0.0008940849997998157,4.480400002648821e-05,0.003588701999888144,0.00223607052120599,0.0010000000000000009,0.447214104241198,8.485508423869582,0.06182369786750117,False,nan,nan,False,False
592,2.96,0.005021361999752116,0.0014111190002950025,8.23499976831954e-06,0.002270658000270487,0.0010195410000051197,4.6568000016122824e-05,0.0035054349996244127,0.0022360681498356694,0.0010000000000000009,0.44721362996713393,0.09979612139302992,0.058068852047501354,False,nan,nan,False,False
593,2.965,0.004982086999916646,0.0013931060002505546,5.640999916067813e-06,0.001150908999989042,0.00087953699994614,4.8190999677899526e-05,0.003549196999756532,0.002236070208222648,0.0010000000000000009,0.4472140416445296,0.16145590900255,0.053619055963964976,False,nan,nan,False,False
594,2.97,0.005113606000122672,0.0012285050001992204,7.073999768181238e-06,3.710000009959913e-05,0.0008796269999038486,4.6627999836346135e-05,0.003586217999782093,0.002236128478399458,0.0010000000000000009,0.4472256956798916,0.7843026759681659,0.059977736484881645,False,nan,nan,False,False
595,2.975,0.004884263999883842,0.0013520880002033664,6.31200009593158e-06,0.0011480430002848152,0.000883815000179311,4.647800005841418e-05,0.0035788229997706367,0.00217317491845153,0.0010000000000000009,0.43463498369030606,6.000966974214202,0.05817173834090901,False,nan,nan,False,False
596,2.98,0.005012825999983761,0.0013355360001696681,7.945000106701627e-06,0.002262603999952262,0.0009936429996741936,4.409299981489312e-05,0.0035812490000353137,0.0022360940904078397,0.0010000000000000009,0.44721881808156794,6.0011597633517555,0.05490313746790696,False,nan,nan,False,False
597,2.985,0.004980645000159711,0.001366756000152236,5.531000169867184e-06,0.0011447169999883045,0.0009025109998219705,5.412200016507995e-05,0.003588671999750659,0.0021731409560118023,0.0010000000000000009,0.43462819120236046,6.0025289529394765,0.056974556659329434,False,nan,nan,False,False
598,2.99,0.005054494999967574,0.001502139999956853,9.116999990510521e-06,0.002319902000181173,0.0011079480000262265,4.655700013245223e-05,0.0033958789999815053,0.0022360682728062944,0.0010000000000000009,0.4472136545612588,6.003746636337683,0.05752138628793802,False,nan,nan,False,False
599,2.995,0.004964214000210632,0.0012884079997093068,6.011000095895724e-06,0.0011454280001998995,0.0008880239997779427,4.658800025936216e-05,0.003632114000083675,0.0022360752987314924,0.0010000000000000009,0.44721505974629844,0.27484893911203884,0.05825324289681459,False,nan,nan,False,False
600,3.0,0.0050020250000670785,0.0013132949998180266,8.235999757744139e-06,0.0022565919998669415,0.0009280290000788227,4.3371999709052034e-05,0.0036001939997731824,0.002236075642682589,0.0010000000000000009,0.4472151285365178,0.4630769089042797,0.05750576954743218,False,nan,nan,False,False
601,3.005,0.004978200999630644,0.0012513280003076943,5.379999947763281e-06,0.0011446169996816025,0.0008667329998388595,4.426299983606441e-05,0.0037025369997536473,0.0020414482168012033,0.0010000000000000009,0.4082896433602407,10.398740149984338,0.054786893325947036,False,nan,nan,False,False
602,3.0100000000000002,0.005048633000114933,0.0014677560002382961,9.19700005397317e-06,0.002311134999672504,0.0010790340002131416,6.398000004992355e-05,0.0034239519995935552,0.0022360681256229902,0.0010000000000000009,0.44721362512459806,10.392776677491891,0.05755378543475343,False,nan,nan,False,False
603,3.015,0.004958243000146467,0.00133408400006374,5.991999842080986e-06,0.0011316820000502048,0.0008807599997453508,4.537599988907459e-05,0.003601606999836804,0.0022360683398446797,0.0010000000000000009,0.44721366796893586,0.08347472568182568,0.05440165349063289,False,nan,nan,False,False
604,3.02,0.005012975999761693,0.0013409670000328333,7.573999937449116e-06,0.0022658200000478246,0.0010021779999078717,4.4082999920647126e-05,0.0035786839998763753,0.0020414455663940196,0.0010000000000000009,0.40828911327880396,10.392434225857063,0.04995859651927487,False,nan,nan,False,False
605,3.025,0.004986507000012352,0.0013490820001607062,6.191000011313008e-06,0.0008791069999460888,0.0008829339999465446,4.6877999920980074e-05,0.003595744999984163,0.0022360679776862805,0.0010000000000000009,0.4472135955372561,10.392305056307219,0.052404686396265686,False,nan,nan,False,False
606,3.0300000000000002,0.0050411990000611695,0.001407693000146537,9.837999641604256e-06,0.0022201440001481387,0.0010490859999663371,4.547600019577658e-05,0.0035001749997718434,0.002236067980021123,0.0010000000000000009,0.44721359600422456,0.00540324160945975,0.05711999970627908,False,nan,nan,False,False
607,3.035,0.004975195000042731,0.001289710000037303,5.881000106455758e-06,0.0010368230000494805,0.0008938750002016604,5.5545000122947386e-05,0.0036273149999033194,0.0021083168647422924,0.0010000000000000009,0.42166337294845846,8.485281710766982,0.049900123107024845,False,nan,nan,False,False
608,3.04,0.004987457999959588,0.0014545909998560091,6.071000370866386e-06,0.002138930999990407,0.0009853770002337114,4.93930001539411e-05,0.0034785249999913503,0.0022360679782253614,0.0010000000000000009,0.44721359564507224,8.485281384676943,0.054836984900661835,False,nan,nan,False,False
609,3.045,0.004977109000265045,0.0009140519996435614,3.656999979284592e-06,0.0010376760001236107,0.0005962129998806631,2.9415999961202033e-05,0.004013672999917617,0.002173131413440487,0.0010000000000000009,0.43462628268809744,6.000024796248028,0.05783062381510648,False,nan,nan,False,False
610,3.0500000000000003,0.004974332999609032,0.001566250999985641,3.7069999052619096e-06,0.0020847679998041713,0.0010496280001461855,5.899200004932936e-05,0.003412650999962352,0.002108316912313534,0.0010000000000000009,0.4216633824627068,10.39235718276733,0.05526486474927444,False,nan,nan,False,False
611,3.055,0.005044466000072134,0.0013669859999936307,5.651000265061157e-06,0.0010261140000693558,0.0010251020003124722,4.49750000370841e-05,0.003565228000297793,0.002236067978265489,0.0010000000000000009,0.4472135956530978,8.485305781241513,0.05612271388182902,False,nan,nan,False,False
612,3.06,0.00500098300017271,0.0013703929998882813,5.581000095844502e-06,0.002135434000138048,0.0010203120000369381,4.342199963502935e-05,0.0035580039998421853,0.0021731314210705153,0.0010000000000000009,0.4346262842141031,6.000017060171679,0.0560363879420424,False,nan,nan,False,False
613,3.065,0.0049915260001398565,0.001231039999765926,5.379999947763281e-06,0.0010216750001745822,0.00087245399981839,4.510500002652407e-05,0.0037074060001032194,0.002108317622860504,0.0010000000000000009,0.4216635245721007,10.392679037189332,0.05679154900381397,False,nan,nan,False,False
614,3.0700000000000003,0.0050045999996655155,0.0015848670000195852,5.590999990090495e-06,0.0021344719998523942,0.0011574509999263682,4.669800000556279e-05,0.003349822000018321,0.002236068028036454,0.0010000000000000009,0.4472136056072908,8.485764589879278,0.05609294611590247,False,nan,nan,False,False
615,3.075,0.004998068000077183,0.00134103700020205,5.410000085248612e-06,0.001023398000143061,0.0009927209998750186,4.403299999466981e-05,0.00359745900004782,0.002173132106717098,0.0010000000000000009,0.43462642134341967,6.000675646341349,0.051914156417659695,False,nan,nan,False,False
616,3.08,0.005004030000236526,0.0013340329996935907,5.7909996939997654e-06,0.0021350430001803034,0.000988281999980245,4.311100019549485e-05,0.0035967580001852184,0.0022360688457257662,0.0010000000000000009,0.4472137691451532,6.001870936872512,0.05525947641965909,False,nan,nan,False,False
617,3.085,0.00499551299981249,0.0013388729998951021,5.9720000535889994e-06,0.0010217349999948055,0.0009864489998108183,4.426299983606441e-05,0.0036000029999740946,0.002236083967347686,0.0010000000000000009,0.44721679346953724,0.4170715991422212,0.05808288210212949,False,nan,nan,False,False
618,3.09,0.005004319999898144,0.0013810420000481827,5.410000085248612e-06,0.0021393810002336977,0.0009138219998021668,4.34220000897767e-05,0.003561722000085865,0.002041455577941371,0.0010000000000000009,0.40829111558827424,10.392632405084496,0.056230873564606196,False,nan,nan,False,False
619,3.095,0.0050247479998688505,0.00140911500011498,6.732999736414058e-06,0.0010460309999871242,0.000922859000183962,4.725899998447858e-05,0.003500516000258358,0.0021562367023736408,0.0010000000000000009,0.4312473404747281,8.667928496353804,0.05348210490767091,False,nan,nan,False,False
620,3.1,0.004977349000000686,0.0013859420000699174,5.80100004299311e-06,0.0021299929999258893,0.0010224970001218026,4.445400008989964e-05,0.0035473340003591147,0.0020372354077980042,0.0010000000000000009,0.40744708155960085,8.595496598341803,0.05619358493670333,False,nan,nan,False,False
621,3.105,0.0050011340003948135,0.0012425810000422643,5.761000011261785e-06,0.0010287479999533389,0.0008717119999346323,5.3731000207335455e-05,0.0036883099996884994,0.0022315422760004976,0.0010000000000000009,0.44630845520009954,10.392526272600328,0.05471258569888875,False,nan,nan,False,False
622,3.11,0.004999730999770691,0.0013546430000133114,5.339999916031957e-06,0.0021414150000964582,0.0009934419999808597,4.500500017456943e-05,0.0035954549998677976,0.0021042404762956573,0.0010000000000000009,0.4208480952591314,8.485378842747581,0.05510277539523733,False,nan,nan,False,False
623,3.115,0.005033575000197743,0.0014446820000557636,7.034000191197265e-06,0.00106779199995799,0.0009807890000956831,4.5495999984268565e-05,0.0034741569998004707,0.002231542096598597,0.0010000000000000009,0.44630841931971943,8.485404205907404,0.05084618733499496,False,nan,nan,False,False
624,3.12,0.004989371999727155,0.0013552539999182045,5.961000169918407e-06,0.002162433999728819,0.0010011469998971734,4.6087000100669684e-05,0.0035504300003594835,0.002236068120928202,0.0010000000000000009,0.44721362418564037,0.41209100702849355,0.05636472576164707,False,nan,nan,False,False
625,3.125,0.004971137000211456,0.0012500759999056754,5.510000391950598e-06,0.0010125479998350784,0.0008707199999662407,4.666799986807746e-05,0.003687068000090221,0.002236071037063323,0.0010000000000000009,0.4472142074126646,0.17999682499990977,0.056627631665475596,False,nan,nan,False,False
626,3.13,0.005004870999982813,0.0013577489999079262,5.670000064128544e-06,0.0021438300000227173,0.0009991330002776522,5.28090004081605e-05,0.0035900849998142803,0.002236070093541307,0.0010000000000000009,0.4472140187082614,0.024911587437860105,0.053984712027834614,False,nan,nan,False,False
627,3.1350000000000002,0.005030019000059838,0.0013199370000620547,6.752999979653396e-06,0.0010781219998534652,0.0009097240003939078,4.627700036508031e-05,0.003582711000035488,0.002236069189123298,0.0010000000000000009,0.44721383782465957,0.02993836445154411,0.053640700086222314,False,nan,nan,False,False
628,3.14,0.004971497000042291,0.001407371999903262,5.720999979530461e-06,0.0021252349997666897,0.0010532650003369781,4.3992999962938484e-05,0.0035171280001122796,0.002236068382738988,0.0010000000000000009,0.44721367654779753,0.039262629104088495,0.05562869191863562,False,nan,nan,False,False
629,3.145,0.004973411999799282,0.0009507419999863487,4.128000000491738e-06,0.0009904759999699309,0.0006221530002221698,3.079799989791354e-05,0.0039937050000844465,0.0022360679848821884,0.0010000000000000009,0.4472135969764377,0.061116557551844766,0.059166209266415956,False,nan,nan,False,False
630,3.15,0.005014508999920508,0.00132202100030554,5.811000391986454e-06,0.002166702000067744,0.0009258750001208682,4.412299995237845e-05,0.003619289999733155,0.0022360680127553605,0.0010000000000000009,0.44721360255107206,0.023151084826220542,0.057153206493488096,False,nan,nan,False,False
631,3.1550000000000002,0.005006744000183971,0.001468067000132578,5.66100015930715e-06,0.0010273349998897174,0.0010565110001152789,4.771000021719374e-05,0.003487821999897278,0.002236067993083509,0.0010000000000000009,0.44721359861670185,0.00532320475836555,0.056319823758678104,False,nan,nan,False,False
632,3.16,0.005030490000081045,0.0014102769996497955,5.870999757462414e-06,0.0021537580000767775,0.0009325370001533884,4.8521000280743465e-05,0.0035019490001104714,0.0022360679825476322,0.0010000000000000009,0.4472135965095264,0.0045497547678579955,0.05690189316201616,False,nan,nan,False,False
633,3.165,0.004975975999968796,0.0012437840000529832,5.7010001910384744e-06,0.0010348499999963678,0.0008750689999033057,4.576599985739449e-05,0.0036856149999948684,0.0022360679803571687,0.0010000000000000009,0.44721359607143374,0.010531843616878676,0.058944645773909246,False,nan,nan,False,False
634,3.17,0.004994161000013264,0.0013636789999509347,5.670000064128544e-06,0.0021358449998842843,0.0010156840003219259,4.52850003966887e-05,0.003569626999706088,0.0022360679776533493,0.0010000000000000009,0.44721359553066986,0.005570542579841711,0.05642595569933006,False,nan,nan,False,False
635,3.1750000000000003,0.004999479999696632,0.0012391850000312843,5.769999916083179e-06,0.001029389999985142,0.0008614440002929769,7.46810001146514e-05,0.003705333000198152,0.0022360679775139435,0.0010000000000000009,0.4472135955027887,0.0007288424872503797,0.055591885217753476,False,nan,nan,False,False
636,3.18,0.005026953000196954,0.0013902800001233118,6.722999842168065e-06,0.002170720000322035,0.0010244800000691612,4.6087000100669684e-05,0.0035231179999755113,0.002236067978068824,0.0010000000000000009,0.4472135956137647,0.0023379873096784657,0.06052672874526265,False,nan,nan,False,False
637,3.185,0.004978510999990249,0.0013586599998234306,5.49100013813586e-06,0.0010327459999643906,0.001009041000088473,4.446399998414563e-05,0.0035701179999705346,0.002236067977602693,0.0010000000000000009,0.4472135955205385,0.0011594007209804798,0.059984467795188255,False,nan,nan,False,False
638,3.19,0.004997387000003073,0.0013573179999184504,5.220000275585335e-06,0.0021381890001066495,0.0010065070000564447,4.3651999931171304e-05,0.00357504700014033,0.0022360680798080806,0.0010000000000000009,0.4472136159616161,0.026197900744075252,0.05502954715031881,False,nan,nan,False,False
639,3.1950000000000003,0.004996244999802002,0.0013270100002955587,5.711000085284468e-06,0.0010271260002809868,0.0008774840002843121,4.910300003757584e-05,0.003621194000061223,0.0022360685186930502,0.0010000000000000009,0.44721370373860997,0.0892857351747239,0.055526454685358134,False,nan,nan,False,False
640,3.2,0.00502982800026075,0.0014516249998450803,7.304000064323191e-06,0.0021705710000787803,0.0010590460001367319,7.002199981798185e-05,0.003470299000127852,0.002236085208413239,0.0010000000000000009,0.44721704168264775,0.4133628080063225,0.05792944894440691,False,nan,nan,False,False
641,3.205,0.0049896319997060345,0.0012592330003826646,5.6710000535531435e-06,0.0010500890002731467,0.0008849770001688739,4.5434999719873304e-05,0.0036562789996423817,0.002236080711901053,0.0010000000000000009,0.44721614238021057,0.049272415786022566,0.057805379048287156,False,nan,nan,False,False
642,3.21,0.0049827590000859345,0.0013544220000767382,5.6710000535531435e-06,0.0021443109999381704,0.0009912270002132573,4.502499996306142e-05,0.003579936000278394,0.0022360762389544995,0.0010000000000000009,0.4472152477908999,0.058726997677978905,0.05490986723354064,False,nan,nan,False,False
643,3.215,0.004999260000204231,0.0013474090001182049,5.449999662232585e-06,0.0010342189998482354,0.001011134999771457,4.534600020633661e-05,0.0035988919998999336,0.002236071936213073,0.0010000000000000009,0.44721438724261453,0.07483015207942148,0.05502025399740089,False,nan,nan,False,False
644,3.22,0.005030899999837857,0.0014753200002814992,7.012999958533328e-06,0.0021741359996667597,0.0010776810004244908,6.585399978575879e-05,0.0034335699997427582,0.002236068516864503,0.0010000000000000009,0.44721370337290056,0.10618018889310422,0.056166792605699886,False,nan,nan,False,False
645,3.225,0.004978021000169974,0.0012652139998863277,6.101000053604366e-06,0.0010417630001029465,0.0008819020004011691,5.6085999858623836e-05,0.0036599559998649056,0.002236069149970923,0.0010000000000000009,0.4472138299941845,0.15371826185436518,0.057706233321109156,False,nan,nan,False,False
646,3.23,0.004992967999896791,0.0013576880000982783,5.571000201598508e-06,0.0021359950001169636,0.0010017180002250825,4.471400006877957e-05,0.003574285000013333,0.002236090573040503,0.0010000000000000009,0.44721811460810057,0.4936905334388715,0.05439436450345506,False,nan,nan,False,False
647,3.235,0.00499962100002449,0.0013299560000632482,5.450000116979936e-06,0.0010348199998588825,0.0008763209998505772,4.561600007946254e-05,0.0036134189999756927,0.0022360828627889344,0.0010000000000000009,0.44721657255778685,0.07573624390366587,0.054970263775608465,False,nan,nan,False,False
648,3.24,0.00502559000005931,0.0014248550000957039,6.9030002123326994e-06,0.0021715620000577474,0.0010509909998290823,4.953300003762706e-05,0.0035014879999835102,0.00223607536436347,0.0010000000000000009,0.447215072872694,0.09645522189604322,0.05817622860872768,False,nan,nan,False,False
649,3.245,0.004994451000129629,0.0013165209998078353,5.711000085284468e-06,0.00105530800010456,0.0009148439999080438,4.6427000143012265e-05,0.0036063960001229134,0.0022360691874219133,0.0010000000000000009,0.44721383748438265,0.13685902917535023,0.05780115056539984,False,nan,nan,False,False
650,3.25,0.004994621999685478,0.0013523880002139776,5.700000201613875e-06,0.0021890550001444353,0.000951893000092241,4.4733999857271556e-05,0.0035765789998549735,0.002236069565272509,0.0010000000000000009,0.4472139130545018,0.19963453981940243,0.058638471683385374,False,nan,nan,False,False
651,3.255,0.004999580999992759,0.0012792500001523877,5.599999894911889e-06,0.001054476999797771,0.0008922609999899578,4.6456999825750245e-05,0.0036480049998317554,0.0022360936469101146,0.0010000000000000009,0.44721872938202295,0.5351636969352886,0.054975705131235224,False,nan,nan,False,False
652,3.2600000000000002,0.0050123050000365765,0.0013349050000215357,7.383999673038488e-06,0.0021895859999858658,0.0009598179999557033,4.794100004801294e-05,0.0035761190001721843,0.0022360850016651876,0.0010000000000000009,0.44721700033303746,0.07955411314827468,0.05977622845977747,False,nan,nan,False,False
653,3.265,0.004978180000307475,0.001348551999853953,6.321000000752974e-06,0.0010478849999344675,0.0009040230002028693,4.6317000396811636e-05,0.00357904399970721,0.002236076457205486,0.0010000000000000009,0.4472152914410971,0.1026958501432963,0.05801954037742004,False,nan,nan,False,False
654,3.27,0.004993799999738258,0.0014410059998226643,5.371000042941887e-06,0.002100938999774371,0.0010908849999395898,4.424299959282507e-05,0.0034952760001942806,0.0022360695344209288,0.0010000000000000009,0.4472139068841858,0.14077667362711196,0.056484329688022195,False,nan,nan,False,False
655,3.275,0.005001405000257364,0.0012841999996453524,5.540000074688578e-06,0.0010221759998785274,0.000904534999790485,5.317000022841967e-05,0.0036572809999597666,0.002236069326439905,0.0010000000000000009,0.44721386528798096,0.20379399737006398,0.056890603797476326,False,nan,nan,False,False
656,3.2800000000000002,0.005025819999900705,0.0014587989999199635,6.692999704682734e-06,0.002183634000175516,0.00108496400025615,5.301000010149437e-05,0.003463426000053005,0.0022360870779671313,0.0010000000000000009,0.4472174155934262,0.46793809147754345,0.055739652335555445,False,nan,nan,False,False
657,3.285,0.00498870999990686,0.0013596119997600908,5.6500002756365575e-06,0.0010183090003010875,0.0009053659996425267,4.736900018542656e-05,0.0035605400003078103,0.0022360793169860266,0.0010000000000000009,0.44721586339720526,0.08484328728701317,0.053378901912542416,False,nan,nan,False,False
658,3.29,0.004988561000118352,0.0013720449996981188,5.900999894947745e-06,0.002082042999973055,0.0010335279998798796,4.438299993125838e-05,0.0035564220002015645,0.0022360722641576306,0.0010000000000000009,0.4472144528315261,0.10971234084388022,0.05532710713328439,False,nan,nan,False,False
659,3.295,0.004993678999653639,0.0013782070000161184,5.450000116979936e-06,0.0009001860003081674,0.001039368999954604,4.434399988895166e-05,0.003558105000138312,0.00223606802908129,0.0010000000000000009,0.44721360581625796,0.1559250122120126,0.0540576090927311,False,nan,nan,False,False
660,3.3000000000000003,0.005003939000289392,0.0015836349998608057,5.609999789157882e-06,0.0020131729997956427,0.0010686340001484496,5.4383000133384485e-05,0.0033464960001765576,0.0022360683541676014,0.0010000000000000009,0.44721367083352026,0.07112714588499056,0.0550403904691881,False,nan,nan,False,False
661,3.305,0.00498898099976941,0.0012899010002911382,5.269000212138053e-06,0.0008280900001409464,0.0009537779997117468,4.39720001850219e-05,0.003651471000011952,0.0022360680873441483,0.0010000000000000009,0.4472136174688296,0.07995087092792816,0.05457361714465034,False,nan,nan,False,False
662,3.31,0.005002196000077674,0.0011758660002669785,5.059999693912687e-06,0.0001323800001955533,0.0008470469997519103,4.34220000897767e-05,0.003760144999887416,0.0022360692303333768,0.0010000000000000009,0.4472138460666753,0.1227167067170584,0.05477618120259592,False,nan,nan,False,False
663,3.315,0.00499991200013028,0.0012995490001230792,4.848999651585473e-06,0.0006053510001038376,0.0009584360000189918,4.561600007946254e-05,0.003646319999916159,0.0022360685796017866,0.0010000000000000009,0.4472137159203573,0.029043725786305215,0.05442424491633431,False,nan,nan,False,False
664,3.3200000000000003,0.005009989999962272,0.0012193279999337392,5.4000001910026185e-06,0.00020771100025740452,0.0008762019997448078,4.3652000385918655e-05,0.0037203299998509465,0.0022360680714856996,0.0010000000000000009,0.44721361429713996,0.039704798869666366,0.05641134586166282,False,nan,nan,False,False
665,3.325,0.005020530999900075,0.001387333999900875,6.581999969057506e-06,0.0007431609997183841,0.0009401019997312687,4.485399995246553e-05,0.0035279180001452914,0.00223606807476153,0.0010000000000000009,0.447213614952306,0.052313641466082306,0.0579872916485515,False,nan,nan,False,False
666,3.33,0.004980324999905861,0.0012031670003125328,5.639999926643213e-06,0.0001353150000795722,0.000861052999880485,4.376200013211928e-05,0.003721141999903921,0.002236069131198464,0.0010000000000000009,0.44721382623969275,0.11723897854238678,0.05535559212535121,False,nan,nan,False,False
667,3.335,0.0049864659999911964,0.0012168230000497715,5.34999981027795e-06,0.0011871169999722042,0.0008303539998451015,4.414300019561779e-05,0.0037218830002530012,0.002236068499836262,0.0010000000000000009,0.4472136999672524,0.029722725877915364,0.05761406894741519,False,nan,nan,False,False
668,3.34,0.005020119000164414,0.0013286940002217307,7.293000180652598e-06,0.0022557800002687145,0.0009933119999914197,4.80010003229836e-05,0.003601305999836768,0.0022360680478336935,0.0010000000000000009,0.4472136095667387,0.03870173014376596,0.05687058912657666,False,nan,nan,False,False
669,3.345,0.005009138999866991,0.0013852310003130697,5.940999926679069e-06,0.0011005139999724634,0.0009164169996438432,4.986400017514825e-05,0.0035175479997633374,0.002236068083331043,0.0010000000000000009,0.44721361666620857,0.04995216964315879,0.05591828937367941,False,nan,nan,False,False
670,3.35,0.004948946000240539,0.0009463229998800671,3.937000201403862e-06,0.0020685869999397255,0.0007115710000107356,2.929500033133081e-05,0.003991881999809266,0.0022360688571849835,0.0010000000000000009,0.4472137714369967,0.10685649364297212,0.05920895904236918,False,nan,nan,False,False
671,3.355,0.004978761000074883,0.0007847089996175782,3.717000254255254e-06,0.0009538080003039795,0.0005637119998027629,2.858400011973572e-05,0.0041755680003916495,0.0022360681899847726,0.0010000000000000009,0.44721363799695446,0.04034543104639232,0.05517342160940799,False,nan,nan,False,False
672,3.36,0.005003318000035506,0.000962724999681086,3.477000063867308e-06,0.002072424999823852,0.0006956009997338697,3.036700036318507e-05,0.004020975999992515,0.0022360679877684725,0.0010000000000000009,0.4472135975536945,0.047564479255230954,0.05529943588465664,False,nan,nan,False,False
673,3.365,0.005050416999893059,0.000853327999720932,4.1880002754624e-06,0.0009213459998136386,0.0005927269999119744,3.422499958105618e-05,0.00405511100007061,0.002236068037273015,0.0010000000000000009,0.4472136074546029,0.029252909435831666,0.05709458915109579,False,nan,nan,False,False
674,3.37,0.004950918999838905,0.000936855999952968,3.817000106209889e-06,0.00192616000003909,0.0006927959998392907,2.8974000088055618e-05,0.004019013000288396,0.002236067991798455,0.0010000000000000009,0.44721359835969093,0.010565955338482398,0.05691841722749906,False,nan,nan,False,False
675,3.375,0.004996385000140435,0.0007861210001465224,3.4059999052260537e-06,0.0008273489997918659,0.0005683510003109404,2.833300004567718e-05,0.0041842749997158535,0.002236067978954857,0.0010000000000000009,0.44721359579097136,0.013341902966825978,0.058273459256115365,False,nan,nan,False,False
676,3.38,0.005034596999848873,0.0011783700001615216,5.640999916067813e-06,0.00024704599991309806,0.0008522160001120938,4.285100021661492e-05,0.0037677800000892603,0.002236067978205031,0.0010000000000000009,0.44721359564100616,0.000980235839883471,0.05888168720609006,False,nan,nan,False,False
677,3.3850000000000002,0.005009339000025648,0.0013708229998883326,5.089999831398018e-06,0.0013697609997507243,0.0009122390001721215,4.441400005816831e-05,0.003583944000183692,0.0022360679786815373,0.0010000000000000009,0.4472135957363074,0.0006614530739031426,0.05684216491023957,False,nan,nan,False,False
678,3.39,0.0050315510002292285,0.0011954929996136343,6.421999842132209e-06,0.00022939200016480754,0.0008603920000496146,4.5154999952501385e-05,0.003713417000199115,0.0022360679784215105,0.0010000000000000009,0.4472135956843021,0.005476418863827527,0.0586876448532124,False,nan,nan,False,False
679,3.395,0.004967039999883127,0.0012736399999084824,5.330000021785963e-06,0.0012675279999712075,0.0008255650000137393,4.243000012138509e-05,0.0036644150000029185,0.0022360679879128965,0.0010000000000000009,0.4472135975825793,0.011200321297873453,0.0616232157932658,False,nan,nan,False,False
680,3.4,0.004999120999855222,0.0011579110000639048,5.5199998314492404e-06,0.0001306060003116727,0.0008349630002157937,4.3060999814770184e-05,0.0037876979999964533,0.002236067977703748,0.0010000000000000009,0.4472135955407496,0.009840479619185513,0.06353748119978954,False,nan,nan,False,False
681,3.4050000000000002,0.005015701000047557,0.0016276770002150442,5.711000085284468e-06,0.0012705139997706283,0.0011242380001021957,8.593199981987709e-05,0.0033176609999827633,0.0022360680002904572,0.0010000000000000009,0.44721360005809135,0.013978685414060056,0.059065061705418614,False,nan,nan,False,False
682,3.41,0.005033133999859274,0.0014061189999665658,6.952999683562666e-06,0.00017429900026399991,0.001042293999944377,4.38130000475212e-05,0.0034903980003946344,0.002236068032508708,0.0010000000000000009,0.44721360650174147,0.03260986976973249,0.06042292826068035,False,nan,nan,False,False
683,3.415,0.004968922999978531,0.0014783660003558907,6.2219996834755875e-06,0.001266756999939389,0.0010349710000809864,4.234000016367645e-05,0.0034927709998555656,0.002236067986929251,0.0010000000000000009,0.4472135973858502,0.011625496346769949,0.06157004486389017,False,nan,nan,False,False
684,3.42,0.005090212000141037,0.0014737169999534672,9.498000054009026e-06,0.00024544300003981334,0.0010597769996820716,5.799900009151315e-05,0.003501688000142167,0.0022360680153484694,0.0010000000000000009,0.4472136030696939,0.024670917869583614,0.05497412044548262,False,nan,nan,False,False
685,3.4250000000000003,0.00509464000015214,0.002069468999707169,9.50799994825502e-06,0.0014635679999628337,0.0015936629997668206,5.400099962571403e-05,0.0026875140001720865,0.0022360681645721024,0.0010000000000000009,0.44721363291442046,0.053043367628034035,0.05696244048180706,False,nan,nan,False,False
686,3.43,0.004840710999815201,0.001581129999976838,7.553999694209779e-06,0.0001900680003927846,0.0011323039998387685,5.8830999932979466e-05,0.0033323590000691183,0.002236067978486308,0.0010000000000000009,0.4472135956972616,0.03924369817116113,0.0574101610448295,False,nan,nan,False,False
687,3.435,0.004994782000267151,0.001603541999884328,7.1529998422192875e-06,0.0012990380000701407,0.0012009319998469437,5.651699984809966e-05,0.003302802999769483,0.0022360679816208987,0.0010000000000000009,0.44721359632417973,0.0027733392988523713,0.05826138164421885,False,nan,nan,False,False
688,3.44,0.004968010999618855,0.0014077730002099997,5.38099993718788e-06,0.0001458449996789568,0.0010424039996905776,4.551599977276055e-05,0.0035344399998393783,0.002236067977505382,0.0010000000000000009,0.4472135955010764,0.00522775642713446,0.05566801831200204,False,nan,nan,False,False
689,3.4450000000000003,0.0050157320001744665,0.001629540000067209,6.48199966235552e-06,0.0012827069999730156,0.0010844630000974576,8.946900015871506e-05,0.0033007199999701697,0.0022360679796421283,0.0010000000000000009,0.44721359592842563,0.0037127534088819032,0.055544160263498,False,nan,nan,False,False
690,3.45,0.005014709000079165,0.0012546640000437037,6.994000159465941e-06,0.00017669299995759502,0.001081497999621206,1.499800009696628e-05,0.0036368739997669763,0.002236067979961781,0.0010000000000000009,0.44721359599235616,0.008112738415748461,0.06018367424462396,False,nan,nan,False,False
691,3.455,0.004968241999904421,0.0013692400002582872,6.672999916190747e-06,0.0012728890001199034,0.000988291999874491,4.4333000005281065e-05,0.003600564999942435,0.002236068008284043,0.0010000000000000009,0.4472136016568086,0.01903900799370182,0.060374211036889426,False,nan,nan,False,False
692,3.46,0.005089270000098622,0.0013915619997533213,9.437999779038364e-06,0.00024088400004984578,0.0009878820001176791,6.226699997569085e-05,0.00348155100027725,0.002236068029566441,0.0010000000000000009,0.4472136059132881,0.03414347759003045,0.06135266213289228,False,nan,nan,False,False
693,3.465,0.004956408999987616,0.0016103150001072208,6.8229996941227e-06,0.0013109010001244314,0.0012144990000706457,4.753900020659785e-05,0.003301921999991464,0.0022360680073550006,0.0010000000000000009,0.4472136014710001,0.03391780849580486,0.058274662827440475,False,nan,nan,False,False
694,3.47,0.005009149999750662,0.001472454000122525,8.20500008558156e-06,0.00019964600005550892,0.001088580999748956,5.817000010210904e-05,0.0034193340002275363,0.00223606802449545,0.0010000000000000009,0.4472136048990899,0.03295379553255399,0.0606008814472718,False,nan,nan,False,False
695,3.475,0.004968392000137101,0.0015099249999366293,6.371999916154891e-06,0.0012814339997930801,0.0011422519996813207,5.5594000059500104e-05,0.0034125610000046436,0.0022360679796112606,0.0010000000000000009,0.44721359592225207,0.02222488716624634,0.06300599946443555,False,nan,nan,False,False
696,3.48,0.004997776999971393,0.00134090700021261,6.62200000078883e-06,0.00017077199981940794,0.0009955660002560762,4.510500002652407e-05,0.003642533999936859,0.0022360679904104715,0.0010000000000000009,0.44721359808209427,0.005724479814295051,0.058030422554965405,False,nan,nan,False,False
697,3.485,0.005102245000216499,0.0015899360000730667,9.327000043413136e-06,0.0013878649997423054,0.0011723589996108785,5.04049999108247e-05,0.003271493999818631,0.0022360679835647067,0.0010000000000000009,0.4472135967129413,0.016199295515001565,0.05716792970115899,False,nan,nan,False,False
698,3.49,0.004982518999895547,0.0013842879998264834,9.39800020205439e-06,0.00023826899996493012,0.0009872310001810547,5.198799999561743e-05,0.0035319950002303813,0.0022360679976268427,0.0010000000000000009,0.44721359952536854,0.018588492397377372,0.05797049877118885,False,nan,nan,False,False
699,3.495,0.005035788999975921,0.0017875980001917924,9.206999948219163e-06,0.0014090959998611652,0.0013188249999984691,5.2227999731258024e-05,0.0030483339996862924,0.002236067980127624,0.0010000000000000009,0.4472135960255248,0.007664378803386601,0.05564677995723721,False,nan,nan,False,False
700,3.5,0.004956248999860691,0.0015453119999619958,9.607999800209654e-06,0.00024970000004032045,0.0011483339999358577,5.164699996385025e-05,0.0034666220003600756,0.002236067982372596,0.0010000000000000009,0.44721359647451914,0.010241307261300068,0.0542736226740515,False,nan,nan,False,False
701,3.505,0.005132321000019147,0.0017176569999719504,9.246999979950488e-06,0.001494926999839663,0.001316321000103926,5.097599978398648e-05,0.0030419419999816455,0.002236067982307274,0.0010000000000000009,0.4472135964614548,0.011770117673520996,0.05457166510038912,False,nan,nan,False,False
702,3.5100000000000002,0.004879284000253392,0.001608261000001221,9.387999853061046e-06,0.000260450000041601,0.001194039999973029,5.741800032410538e-05,0.0033086240000557154,0.0022360679775059083,0.0010000000000000009,0.4472135955011816,0.006076936542932134,0.056082539612941226,False,nan,nan,False,False
703,3.515,0.005035638999743242,0.001604022000265104,9.386999863636447e-06,0.0008607720001236885,0.0010893630001191923,5.173799991098349e-05,0.0032312589996763563,0.0022360679774996745,0.0010000000000000009,0.4472135954999349,0.00022683117958623045,0.054137066770467625,False,nan,nan,False,False
704,3.52,0.004956219000177953,0.0016574329997638415,9.358000170323066e-06,0.0002460139999129751,0.0011718579999069334,5.294999982652371e-05,0.003251778000048944,0.0022360679779825756,0.0010000000000000009,0.44721359559651513,0.0018438231475314897,0.05343650198854162,False,nan,nan,False,False
705,3.525,0.005028354999922158,0.0017596659999981057,9.297999895352405e-06,0.0013822750001963868,0.001353840999854583,5.125600000610575e-05,0.0031009330000415503,0.0022360679789772877,0.0010000000000000009,0.44721359579545755,0.00511056159576117,0.05674263843638137,False,nan,nan,False,False
706,3.5300000000000002,0.0049808560002020386,0.0017089200000555138,9.527999736747006e-06,0.0002556019999246928,0.001282607000121061,6.180600030347705e-05,0.0031932769998093136,0.0022360679775018737,0.0010000000000000009,0.4472135955003747,0.0033779851320547534,0.05530448457404604,False,nan,nan,False,False
707,3.535,0.0050210609997520805,0.0016293710000354622,9.348000276077073e-06,0.0013918129998273798,0.0012191470000288973,5.1236000217613764e-05,0.0031928160001370998,0.0022360679824368753,0.0010000000000000009,0.4472135964873751,0.0058173883671077216,0.05648607879007254,False,nan,nan,False,False
708,3.54,0.004906315999960498,0.0013779159999103285,7.2740003815852106e-06,0.00018584999997983687,0.0010172769998462172,4.888200010100263e-05,0.003592780000417406,0.002236068120819295,0.0010000000000000009,0.44721362416385896,0.037967348969153845,0.05566002910168229,False,nan,nan,False,False
709,3.545,0.005090452000331425,0.001596718999735458,9.408000096300384e-06,0.0007614139999532199,0.0011733209998965322,5.096599988974049e-05,0.0033694889998514554,0.002236067984845931,0.0010000000000000009,0.4472135969691861,0.024773391374113947,0.05662663486216069,False,nan,nan,False,False
710,3.5500000000000003,0.005084219999844208,0.0016270259998236725,9.42799988479237e-06,0.00021207999998296145,0.001196665000406938,5.173699992155889e-05,0.003170925000176794,0.002236067998828386,0.0010000000000000009,0.4472135997656772,0.019604012105624957,0.05516613459664423,False,nan,nan,False,False
711,3.555,0.004917607000152202,0.0017107929998019245,9.356999726151116e-06,0.0012338749997979903,0.0013002000000597036,1.653100025578169e-05,0.0031381039998450433,0.0022360679873967473,0.0010000000000000009,0.4472135974793494,0.02076912542943369,0.0561568043716583,False,nan,nan,False,False
712,3.56,0.004989320999811753,0.0015972299997883965,1.1863000054290751e-05,0.002379673999712395,0.0013899190003030526,1.9055999928241363e-05,0.0032709840002098645,0.0022360680022874054,0.0010000000000000009,0.447213600457481,0.02173325037117421,0.05599580446237185,False,nan,nan,False,False
713,3.565,0.004988249999769323,0.00143482400017092,9.257000328943832e-06,0.0011444069996286999,0.0012335950000306184,2.0056999801454367e-05,0.0034969190000992967,0.002236067995504827,0.0010000000000000009,0.4472135991009653,0.024668445834825307,0.05523855429875921,False,nan,nan,False,False
714,3.5700000000000003,0.005065876000116987,0.0012228939999658905,1.1921999885089463e-05,0.001832733999890479,0.001017026000226906,1.661100031924434e-05,0.0035900950001632737,0.002236068053091618,0.0010000000000000009,0.4472136106183236,0.0346076216947001,0.05596711945015126,False,nan,nan,False,False
715,3.575,0.004933296000217524,0.0011095599998043326,9.316999694419792e-06,0.001063594999777706,0.0009001460002764361,1.6801000128907617e-05,0.003768762000163406,0.0022360679813390504,0.0010000000000000009,0.44721359626781004,0.0180156606112286,0.05504639100560004,False,nan,nan,False,False
716,3.58,0.005019076999815297,0.0018659560000742204,2.9566000193881337e-05,0.002322035000361211,0.0014135239998722682,5.142700001670164e-05,0.003020953000032023,0.002236067977992092,0.0010000000000000009,0.4472135955984183,0.0033642816947220375,0.055730779361420145,False,nan,nan,False,False
717,3.585,0.005006845000025351,0.0018622090001372271,9.327000043413136e-06,0.0010891430001720437,0.0014321990001917584,5.2828999741905136e-05,0.003017886999714392,0.002236067977504364,0.0010000000000000009,0.44721359550087275,0.0016933485217471582,0.05537201600220651,False,nan,nan,False,False
718,3.59,0.004999400000087917,0.0017226459999619692,1.1070999789808411e-05,0.002188664999721368,0.001215650000176538,5.9081000017613405e-05,0.003196474000105809,0.0022360679787859156,0.0010000000000000009,0.4472135957571831,0.002849982334194334,0.05620316673127378,False,nan,nan,False,False
719,3.595,0.005038714999955118,0.0017479540001659188,9.428000339539722e-06,0.001044297000134975,0.0011455490002845181,6.10249999226653e-05,0.0030589039997721557,0.0022360679810414833,0.0010000000000000009,0.4472135962082966,0.00806799731499135,0.05450163500192621,False,nan,nan,False,False
720,3.6,0.004926854000132153,0.0016953750000539003,9.487999705015682e-06,0.002085600000100385,0.001252931000180979,7.486100003006868e-05,0.0031695319999016647,0.00223606798468792,0.0010000000000000009,0.44721359693758406,0.012206046282552915,0.057663824130913026,False,nan,nan,False,False
721,3.605,0.004946229999859497,0.0014117300001998956,7.914999969216296e-06,0.0008297930003209331,0.0009960870002032607,7.398899970212369e-05,0.003492440999707469,0.0022360679790129636,0.0010000000000000009,0.4472135958025926,0.003881169192056628,0.05495645914309152,False,nan,nan,False,False
722,3.61,0.004982078000011825,0.0017534339999656368,6.762999873899389e-06,0.0019566470000427216,0.0013283329999467242,6.48320001346292e-05,0.0031696219998593733,0.0022360679819413668,0.0010000000000000009,0.4472135963882733,0.0023469276251335816,0.05544709290649147,False,nan,nan,False,False
723,3.615,0.005002055000204564,0.001411368999924889,6.76300032864674e-06,0.000789817999702791,0.0009487580000495655,4.7880999773042277e-05,0.0034990129997822805,0.0022360679775859913,0.0010000000000000009,0.4472135955171982,0.006423626640584284,0.05324664937268794,False,nan,nan,False,False
724,3.62,0.004969653999978618,0.0016098930000225664,5.4299998737405986e-06,0.001847069999712403,0.0012250780000613304,4.9945000228035497e-05,0.0033640389997344755,0.002236067981726627,0.0010000000000000009,0.44721359634532537,0.006285660919893363,0.052855521731938686,False,nan,nan,False,False
725,3.625,0.00503996699990239,0.0013989959998070844,5.761000011261785e-06,0.0002577659997768933,0.0009605099999134836,5.5143999816209543e-05,0.003543537000041397,0.0022360679799772907,0.0010000000000000009,0.4472135959954581,0.0012890864010374518,0.05133441866943524,False,nan,nan,False,False
726,3.63,0.005061386999841488,0.0015151050001804833,9.296999905927805e-06,0.00022827000020697596,0.001087389000076655,6.83090001984965e-05,0.0033366769998792734,0.0022360679917767267,0.0010000000000000009,0.44721359835534524,0.014317883616914653,0.05258078796763582,False,nan,nan,False,False
727,3.6350000000000002,0.0049331650002386596,0.0013995770000292396,7.033999736449914e-06,0.000733272000161378,0.0010024590001194156,4.927299960399978e-05,0.0035069880000264675,0.002236067977545171,0.0010000000000000009,0.44721359550903417,0.010678114611196002,0.0521770458891858,False,nan,nan,False,False
728,3.64,0.0049723590000212425,0.0012005019998468924,5.509999937203247e-06,0.0001440109999748529,0.0008633170000393875,4.658799980461481e-05,0.0037421619999804534,0.0022360679775439906,0.0010000000000000009,0.44721359550879813,0.0011340852409441923,0.05301610341531031,False,nan,nan,False,False
729,3.645,0.005019608999646152,0.0016356520000044839,6.582999958482105e-06,0.000728933000118559,0.0012232050003149197,4.6518000090145506e-05,0.0032759320001787273,0.0022360679774998406,0.0010000000000000009,0.4472135954999681,0.0006009416095455579,0.05489591837788887,False,nan,nan,False,False
730,3.65,0.004975345000275411,0.0013985149998916313,5.439999767986592e-06,0.00012945400021635578,0.001028517999657197,4.486399984671152e-05,0.0035465830001157883,0.00223606797773257,0.0010000000000000009,0.44721359554651396,0.001253381598884947,0.05435719784452763,False,nan,nan,False,False
731,3.6550000000000002,0.005018285999994987,0.0015060069999890402,6.180999662319664e-06,0.0007181729997682851,0.0012781880000147794,1.6881999727047514e-05,0.003395497999918007,0.002236067977650377,0.0010000000000000009,0.44721359553007534,0.00025246447582983787,0.05475777430933954,False,nan,nan,False,False
732,3.66,0.004973059999883844,0.001229497000167612,5.931000032433076e-06,0.00012169000001449604,0.0008782849999988684,4.5976999899721704e-05,0.003725560000020778,0.0022360679806234258,0.0010000000000000009,0.4472135961246851,0.0036892474686527864,0.05759662812403582,False,nan,nan,False,False
733,3.665,0.0050288960001125815,0.0014093159998083138,6.492000011348864e-06,0.0007149170000957383,0.0010611789998620225,4.375199978312594e-05,0.003517137000017101,0.0022360679797472733,0.0010000000000000009,0.44721359594945465,0.008738115568593023,0.056898983536847206,False,nan,nan,False,False
734,3.67,0.004997115999685775,0.0014157070004330308,5.9809999584103934e-06,0.00013507499988918426,0.0010090810001202044,5.184800011193147e-05,0.0035832919998028956,0.002236067978414885,0.0010000000000000009,0.44721359568297697,0.0014512387536515844,0.05730147028528246,False,nan,nan,False,False
735,3.6750000000000003,0.005120038000313798,0.0018386339997960022,9.426999895367771e-06,0.0006990880001467303,0.0013568370000029972,5.2939999932277715e-05,0.00297983500013288,0.002236067978328812,0.0010000000000000009,0.4472135956657624,0.004994875689486039,0.05744332310428411,False,nan,nan,False,False
736,3.68,0.004942391999975371,0.0016521940001439361,9.557999874232337e-06,0.0017369429997415864,0.0012241669996910787,5.2880000112054404e-05,0.003233631999592035,0.002236067980489557,0.0010000000000000009,0.4472135960979114,0.002189588269234356,0.05669750463196096,False,nan,nan,False,False
737,3.685,0.0049646749998828454,0.0015316260000872717,7.403999916277826e-06,0.0010710379997362907,0.0010438770000291697,5.026400003771414e-05,0.0034318170000915416,0.0022360679890001565,0.0010000000000000009,0.4472135978000313,0.013696811655164969,0.057495398200558066,False,nan,nan,False,False
738,3.69,0.005116361000091274,0.001636392999898817,1.1862000064866152e-05,0.0017401589998371492,0.001197686000068643,5.801899988000514e-05,0.0031544040002700058,0.0022360680091796543,0.0010000000000000009,0.44721360183593084,0.024127456627902992,0.05580261008631699,False,nan,nan,False,False
739,3.6950000000000003,0.004858915000113484,0.0013210299998718256,6.271000074775657e-06,0.0009720919997562305,0.0009197529998345999,8.43789998725697e-05,0.003607626999837521,0.0022360679787052935,0.0010000000000000009,0.4472135957410587,0.012118854712313921,0.0529124292556744,False,nan,nan,False,False
740,3.7,0.00502095100000588,0.0014111989999037178,6.833000043116044e-06,0.0020843070001319575,0.0010557589998825279,4.8209999931714265e-05,0.003488493000077142,0.002236067977952778,0.0010000000000000009,0.4472135955905555,0.0011365062137470767,0.05599219205363092,False,nan,nan,False,False
741,3.705,0.004961950000051729,0.0012263099997653626,5.650999810313806e-06,0.0008776130002843274,0.0008741269998608914,4.674899992096471e-05,0.0037153009998291964,0.0022360679775478374,0.0010000000000000009,0.44721359550956746,0.001213416281612029,0.05433882149972379,False,nan,nan,False,False
742,3.71,0.005017142999804491,0.0016341400000783324,7.294000170077197e-06,0.001982055000098626,0.0012402070001371612,7.252599971252494e-05,0.0032923029998528364,0.002236067980722872,0.0010000000000000009,0.44721359614457434,0.005389694231913803,0.05517959905331372,False,nan,nan,False,False
743,3.715,0.005001585000172781,0.0014334509996842826,6.673000370938098e-06,0.0008196339999813063,0.0010462710001775122,5.481300013343571e-05,0.003498310999930254,0.0022360679776791074,0.0010000000000000009,0.4472135955358214,0.0059356522573463764,0.05450033216906875,False,nan,nan,False,False
744,3.72,0.005007935999856272,0.0016687940001247625,6.302000201685587e-06,0.0019775060000029043,0.0012204300001030788,7.882899990363512e-05,0.0032444739999846206,0.0022360679827080963,0.0010000000000000009,0.44721359654161924,0.0072380061656840255,0.05340538877960112,False,nan,nan,False,False
745,3.725,0.004978400999789301,0.0012007220002487884,5.8610003179637715e-06,0.0008034229999793752,0.0008698290002939757,4.607700020642369e-05,0.0037363199999163044,0.002236067977747999,0.0010000000000000009,0.4472135955495998,0.007437882780112278,0.054883815002073795,False,nan,nan,False,False
746,3.73,0.005009188000258291,0.0017056540000339737,6.252000275708269e-06,0.0019203380002181802,0.001274150999961421,4.430399985722033e-05,0.0032401349999418017,0.0022360679775902093,0.0010000000000000009,0.44721359551804185,0.002138086680590086,0.05449004009174962,False,nan,nan,False,False
747,3.735,0.005018616999677761,0.001530774000002566,6.34199977866956e-06,0.0008287120003842574,0.0010399799998594972,4.4533999698614934e-05,0.003379789000064193,0.0022360679798819868,0.0010000000000000009,0.44721359597639726,0.004933770733004768,0.05308347329376574,False,nan,nan,False,False
748,3.74,0.0049802140001702355,0.0015965980001055868,6.291999852692243e-06,0.0019457369999145158,0.0012168930002189882,7.08739999026875e-05,0.0033447129999331082,0.002236067979190134,0.0010000000000000009,0.4472135958380268,0.007606715601416014,0.05473033269032235,False,nan,nan,False,False
749,3.745,0.005023045000143611,0.0012160109999967972,6.672999916190747e-06,0.000883854999756295,0.0008744679998926586,4.93930001539411e-05,0.0037029569998594525,0.002236067978941718,0.0010000000000000009,0.44721359578834363,0.0002656892564828061,0.053705275861662814,False,nan,nan,False,False
750,3.75,0.004987927999991371,0.0014331809998111567,6.1619998632522766e-06,0.002047617999778595,0.001088389999949868,4.5635999867954524e-05,0.0034743260002869647,0.0022360679778647983,0.0010000000000000009,0.44721359557295964,0.0048286942426261845,0.054687131757165205,False,nan,nan,False,False
751,3.755,0.004962251000051765,0.0011523809998834622,4.86899989482481e-06,0.0008879229999365634,0.0008283709998977429,4.261999993104837e-05,0.0038628490001428872,0.002236067980039929,0.0010000000000000009,0.4472135960079858,0.005879855496885981,0.05312393556922584,False,nan,nan,False,False
752,3.7600000000000002,0.005133653000029881,0.001766068000051746,9.317000149167143e-06,0.0021558419998655154,0.0012844000002587563,5.15669999003876e-05,0.0031227439999383932,0.0022360679969022205,0.0010000000000000009,0.4472135993804441,0.016046191784633776,0.05436890584188968,False,nan,nan,False,False
753,3.765,0.005008196999824577,0.0017280359998039785,9.387999853061046e-06,0.0010376360000918794,0.0013268810002955433,5.055499968875665e-05,0.0031537419999949634,0.0022360679807444566,0.0010000000000000009,0.4472135961488913,0.016601270417922413,0.05173718859256465,False,nan,nan,False,False
754,3.77,0.004999729999781266,0.001876326000001427,9.107000096264528e-06,0.0021488089996637427,0.0012248480002199358,6.135600006018649e-05,0.0030090000000200234,0.0022360679784505224,0.0010000000000000009,0.4472135956901045,0.0022100690698785,0.05333420420585465,False,nan,nan,False,False
755,3.775,0.005004460000236577,0.001583643999765627,9.348000276077073e-06,0.0010478149997652508,0.001117947000238928,5.171799966774415e-05,0.0033096460001615924,0.0022360679781142103,0.0010000000000000009,0.4472135956228421,0.00470545527431856,0.05243412013847536,False,nan,nan,False,False
756,3.7800000000000002,0.005011853999803861,0.0017178870002680924,1.4797999938309658e-05,0.002188553999985743,0.0012369209998723818,5.2799000059167156e-05,0.0031516779999947175,0.0022360679775760522,0.0010000000000000009,0.44721359551521045,0.0028364385232982656,0.05496222658178113,False,nan,nan,False,False
757,3.785,0.005000883000320755,0.0014706609999848297,9.497999599261675e-06,0.0010505190002731979,0.0010353610000493063,5.219799959377269e-05,0.0033905889999914507,0.002236067977954766,0.0010000000000000009,0.44721359559095325,0.0025440249435261346,0.05316682587655165,False,nan,nan,False,False
758,3.79,0.004980213999715488,0.0018795210003190732,9.308000244345749e-06,0.0021657810002579936,0.0014309660000435542,5.145700015418697e-05,0.003006054999787011,0.0022360679775421,0.0010000000000000009,0.44721359550842,0.0023557845542276283,0.05430756296246367,False,nan,nan,False,False
759,3.795,0.005005111000173201,0.0016329270001733676,9.42799988479237e-06,0.0010362029997850186,0.0011897720000888512,5.230800024946802e-05,0.0032429499997306266,0.002236067979424316,0.0010000000000000009,0.44721359588486315,0.0031598635896546495,0.05333551163418463,False,nan,nan,False,False
760,3.8000000000000003,0.004995281999981671,0.0019339549999131123,1.3906000276620034e-05,0.002165239000078145,0.0013542720002988062,5.351100026018685e-05,0.002951792000203568,0.002236067982214162,0.0010000000000000009,0.4472135964428324,0.00951917133485528,0.05362131154080225,False,nan,nan,False,False
761,3.805,0.005007325999940804,0.001713027000278089,9.447000138607109e-06,0.0010288079997735622,0.0012286750002203917,5.38210001650441e-05,0.0031633109997528663,0.002236067980833185,0.0010000000000000009,0.447213596166637,0.0009241865808012241,0.05422298207766282,False,nan,nan,False,False
762,3.81,0.004995342000256642,0.0018877069996960927,9.377999958815053e-06,0.0021621149999191402,0.0013705229998777213,5.456300004880177e-05,0.002996015000007901,0.0022360679776683525,0.0010000000000000009,0.44721359553367046,0.0059826631862494924,0.055568941486054645,False,nan,nan,False,False
763,3.815,0.005002105999665218,0.001587320999988151,9.467999916523695e-06,0.0010337480002817756,0.0010421040001347137,5.477299964695703e-05,0.0032920230000854644,0.002236067984810104,0.0010000000000000009,0.4472135969620208,0.008331245383112943,0.05373440064712353,False,nan,nan,False,False
764,3.8200000000000003,0.004998478000288742,0.0019146380000165664,9.42799988479237e-06,0.0021597889999611652,0.001389437999932852,5.374100010158145e-05,0.0029667499998140556,0.0022360679777702866,0.0010000000000000009,0.44721359555405726,0.008624130298960102,0.054819183273548844,False,nan,nan,False,False
765,3.825,0.005000712999844836,0.0017175160000988399,9.39799974730704e-06,0.001025832999857812,0.0013116820000504958,5.128599968884373e-05,0.0031722169997010496,0.002236067977505928,0.0010000000000000009,0.4472135955011856,0.0016036786522315844,0.05099365621271915,False,nan,nan,False,False
766,3.83,0.005008678000194777,0.0017510389998278697,1.4508000276691746e-05,0.0021736049998253293,0.0013218110002526373,5.178699984753621e-05,0.0031200789999275003,0.0022360679787837966,0.0010000000000000009,0.4472135957567593,0.0032433520146954646,0.054468434484122565,False,nan,nan,False,False
767,3.835,0.004989330999705999,0.0016838530000313767,9.377000424137805e-06,0.001035571000102209,0.001120762000027753,5.4724000165151665e-05,0.003198867000264727,0.0022360679803813794,0.0010000000000000009,0.4472135960762758,0.007572207784689613,0.05244429304707773,False,nan,nan,False,False
768,3.84,0.005002246000003652,0.0017188279998663347,9.387999853061046e-06,0.0021619740000460297,0.0012584609999066743,5.445199985842919e-05,0.0031608660001438693,0.0022360679792088334,0.0010000000000000009,0.4472135958417667,0.0010437901872446741,0.05290290081400705,False,nan,nan,False,False
769,3.845,0.004998738000267622,0.0016661099998600548,9.188000149151776e-06,0.0010321049999220122,0.0010382069999650412,6.06439998591668e-05,0.0032176129998333636,0.002236067977694567,0.0010000000000000009,0.4472135955389133,0.0023161374544935077,0.05073163127993404,False,nan,nan,False,False
770,3.85,0.005002375999993092,0.0018147999999200692,9.22699973671115e-06,0.002169557999877725,0.0013902000000598491,5.103599960420979e-05,0.003063361999920744,0.0022360679781782285,0.0010000000000000009,0.44721359563564567,0.0010225338548917895,0.051701275642612385,False,nan,nan,False,False
771,3.855,0.004997997999907966,0.0016571119999753137,9.517999842501013e-06,0.0010348099999646365,0.0012042289999953937,5.624599998554913e-05,0.0032231039999714994,0.0022360679799362866,0.0010000000000000009,0.44721359598725724,0.006379082429639721,0.04948198744200302,False,nan,nan,False,False
772,3.86,0.005007315000057133,0.001604723999662383,1.31050001073163e-05,0.0021802680003020214,0.0013977940002405376,1.952699994944851e-05,0.0032425700001113,0.0022360679801459375,0.0010000000000000009,0.4472135960291875,0.008527024106790104,0.05208272171313545,False,nan,nan,False,False
773,3.865,0.004966998999861971,0.001494195999839576,9.42799988479237e-06,0.0010224460002064006,0.0011978970001109701,1.726199980112142e-05,0.003387663000012253,0.0022360679775197813,0.0010000000000000009,0.4472135955039562,0.003971873460716499,0.0522317565883423,False,nan,nan,False,False
774,3.87,0.005004219000056764,0.0013862219998372893,9.417999990546377e-06,0.0021798269999635522,0.0011847219998344372,1.656099993851967e-05,0.003490917999897647,0.002236067995402975,0.0010000000000000009,0.4472135990805949,0.010938781473007638,0.054464078748738376,False,nan,nan,False,False
775,3.875,0.0049957239998548175,0.0011239479999858304,9.477999810769688e-06,0.0010237989999950514,0.0009162870001091505,1.6089999917312525e-05,0.0037541030001193576,0.0022360680120510593,0.0010000000000000009,0.4472136024102118,0.02704192720106549,0.05301791983221186,False,nan,nan,False,False
776,3.88,0.0049959640000452055,0.0019677169998431054,9.297999895352405e-06,0.002174848999857204,0.0015744470001664013,1.6350999885617057e-05,0.0029168360001676774,0.002236067977827555,0.0010000000000000009,0.447213595565511,0.017255322738595785,0.05894477639666359,False,nan,nan,False,False
777,3.8850000000000002,0.005004999999982829,0.0017588340001566394,9.22699973671115e-06,0.001022525999815116,0.001344082999821694,6.619499981752597e-05,0.0031453669998882106,0.002236067977555508,0.0010000000000000009,0.44721359551110157,0.0008995312339415268,0.05698231717154535,False,nan,nan,False,False
778,3.89,0.0050218129999848315,0.0017262720002690912,9.216999842465157e-06,0.002166131000194582,0.0013067719996797678,5.318100011209026e-05,0.003158642000016698,0.002236067977562148,0.0010000000000000009,0.44721359551242956,3.6519229702579705e-05,0.05449991126523657,False,nan,nan,False,False
779,3.895,0.005003887999919243,0.001682120000168652,9.167999905912438e-06,0.0010249510000903683,0.0012789500001417764,5.0475000080041355e-05,0.0031943089998094365,0.002236067978735233,0.0010000000000000009,0.44721359574704656,0.002304641786637232,0.056952160743344214,False,nan,nan,False,False
780,3.9,0.004995313000108581,0.0016791540001577232,9.177000265481183e-06,0.0020985740002288367,0.001265304999833461,5.105600030219648e-05,0.0032026250000853906,0.002236067981008271,0.0010000000000000009,0.4472135962016542,0.00798396816340415,0.05650659638190692,False,nan,nan,False,False
781,3.9050000000000002,0.005000943000140978,0.0015568640001220047,9.467999916523695e-06,0.0009543180003674934,0.0010837119998541311,5.11769999320677e-05,0.003324743999655766,0.002236067977516961,0.0010000000000000009,0.4472135955033922,0.0046585359955469054,0.05538155784309283,False,nan,nan,False,False
782,3.91,0.004999500999929296,0.0016359119999833638,9.386999863636447e-06,0.0003988819998994586,0.00118256800033123,5.145599971001502e-05,0.0032431109998469765,0.0022360679784259566,0.0010000000000000009,0.4472135956851913,0.002222498939538224,0.05429068210244873,False,nan,nan,False,False
783,3.915,0.005016832999899634,0.0017543849999128724,9.56900021265028e-06,0.0009717709999677027,0.0013360779998947692,5.085600014353986e-05,0.003109349000169459,0.0022360679786386788,0.0010000000000000009,0.44721359572773567,0.005429390735868186,0.05458111905243143,False,nan,nan,False,False
784,3.92,0.004982517999906122,0.0015612619999956223,9.307999789598398e-06,0.00038203899975997047,0.0011393970003155118,7.355900015681982e-05,0.003320467000321514,0.0022360679776624423,0.0010000000000000009,0.4472135955324884,0.003934173222695905,0.05387503275604453,False,nan,nan,False,False
785,3.9250000000000003,0.004999941000278341,0.001669074999881559,9.19800004339777e-06,0.000952785000208678,0.0012592630000654026,5.1097000323352404e-05,0.003211461999853782,0.0022360679786464915,0.0010000000000000009,0.44721359572929825,0.003943947537079017,0.05471565412934972,False,nan,nan,False,False
786,3.93,0.00500064299967562,0.0014831850003247382,9.287000011681812e-06,0.0003885820001414686,0.0010671610002646048,5.2319000133138616e-05,0.003397121000034531,0.0022360679775761637,0.0010000000000000009,0.4472135955152327,0.002124684961404255,0.05300075824062185,False,nan,nan,False,False
787,3.935,0.005012926000290463,0.0017107929998019245,9.296999905927805e-06,0.0009702379998088873,0.0012859230000685784,5.287000021780841e-05,0.003159975000016857,0.002236067977499763,0.0010000000000000009,0.4472135954999526,0.0007106111841823505,0.053886876699487246,False,nan,nan,False,False
788,3.94,0.004989060999832873,0.0016318540001520887,9.328000032837735e-06,0.0003859270000248216,0.0011798830000770977,5.1435999921523035e-05,0.003267217000029632,0.0022360679791571343,0.0010000000000000009,0.44721359583142684,0.0034144944683287756,0.05172105561706398,False,nan,nan,False,False
789,3.9450000000000003,0.0050184960000478895,0.0016858560002219747,9.557999874232337e-06,0.0009729540001899295,0.0012257789999239321,5.116700003782171e-05,0.0031737899998915964,0.0022360679783006883,0.0010000000000000009,0.4472135956601377,0.005837962836184628,0.054025245802353586,False,nan,nan,False,False
790,3.95,0.004977998999947886,0.0015432380000675039,9.477999810769688e-06,0.0003841940001620969,0.0011404589999983727,5.2428000344661996e-05,0.0033359160001964483,0.002236067978417494,0.0010000000000000009,0.44721359568349883,0.00016861363607957396,0.05254233905050448,False,nan,nan,False,False
791,3.955,0.004997647999971377,0.0018305389999113686,9.278000106860418e-06,0.0009536570000818756,0.0014052379997337994,6.683600031465176e-05,0.00306126800023776,0.0022360679779083554,0.0010000000000000009,0.44721359558167106,0.0008526153365972936,0.0559510110110396,False,nan,nan,False,False
792,3.96,0.005010119999951712,0.0014859100001558545,9.376999969390454e-06,0.00039061600000422914,0.0010862870003620628,5.127699978402234e-05,0.0033890149998114794,0.0022360679783753994,0.0010000000000000009,0.4472135956750799,0.0007931593692329431,0.055739219608135875,False,nan,nan,False,False
793,3.9650000000000003,0.004993749000277603,0.0017605680000087887,9.098000191443134e-06,0.0009844649998740351,0.0013256479996925918,5.3249999837134965e-05,0.003121260999705555,0.002236067977534895,0.0010000000000000009,0.447213595506979,0.0030055178666598087,0.0559138903469639,False,nan,nan,False,False
794,3.97,0.005002977000003739,0.0016443790000266745,9.2280001808831e-06,0.00039232900007846183,0.0011709870000231604,7.199599986051908e-05,0.0032456459998684295,0.002236067977499978,0.0010000000000000009,0.4472135954999956,0.00045325906232113254,0.05487274407818183,False,nan,nan,False,False
795,3.975,0.00500936999969781,0.0017629220001253998,9.25799986362108e-06,0.0009712810001474281,0.0013627880002786696,5.0906000069517177e-05,0.003075794999858772,0.0022360679778676935,0.0010000000000000009,0.44721359557353874,0.0016718037568430556,0.056993391253716344,False,nan,nan,False,False
796,3.98,0.004945788999975775,0.0013399650001701957,7.524000011471799e-06,0.00034613199977684417,0.0009571740001774742,6.391100032487884e-05,0.0035228179999649,0.002236067977978488,0.0010000000000000009,0.44721359559569757,0.003473860744677531,0.054363436194457826,False,nan,nan,False,False
797,3.985,0.004945689000123821,0.0015614220001225476,7.64499964134302e-06,0.0008573060003982391,0.001183500000024651,4.6316999942064285e-05,0.0034109570001419343,0.002236067977805712,0.0010000000000000009,0.4472135955611423,0.0003711550414428735,0.05475473983802772,False,nan,nan,False,False
798,3.99,0.005091092999919056,0.0016841130000102567,9.588000011717668e-06,0.0020365469999887864,0.001242661000105727,5.19579998581321e-05,0.0032030050001594645,0.0022360679780955633,0.0010000000000000009,0.4472135956191126,0.0035448417092622175,0.05398608129921972,False,nan,nan,False,False
799,3.995,0.005006684000363748,0.001586288999988028,9.098000191443134e-06,0.0009485479999966628,0.0011744930002350884,5.0023999847326195e-05,0.0032441019998259435,0.002236067978377678,0.0010000000000000009,0.4472135956755356,0.000441573328796227,0.05463293523062824,False,nan,nan,False,False
800,4.0,0.004929488000016136,0.0013629279997076083,7.95500000094762e-06,0.000318531000175426,0.0009810890001062944,5.675699958374025e-05,0.0035525650000636233,0.002236067977549323,0.0010000000000000009,0.44721359550986456,0.0031027565984904815,0.054377819199845516,False,nan,nan,False,False
801,4.005,0.005035117999796057,0.0017207020000569173,9.517999842501013e-06,0.0009215959998982726,0.0013017229998695257,4.99440002386109e-05,0.003152068999952462,0.002236067977738907,0.0010000000000000009,0.44721359554778145,0.0007122254816009632,0.055323586536336275,False,nan,nan,False,False
802,4.01,0.004957921999903192,0.0014416660001188575,7.283999821083853e-06,0.0003131899998152221,0.0010792039997795655,4.638800010070554e-05,0.003459608999946795,0.002236067978490172,0.0010000000000000009,0.44721359569803437,0.0013538152614240074,0.057364596452951624,False,nan,nan,False,False
803,4.015,0.00497802000018055,0.00153939999972863,7.012999958533328e-06,0.0008578869997108995,0.0011663380000754842,4.363200014267932e-05,0.0033739680002327077,0.0022360679775076642,0.0010000000000000009,0.44721359550153283,0.002901842787140908,0.0567723204210479,False,nan,nan,False,False
804,4.0200000000000005,0.004993047999960254,0.00121227399995405,6.711999958497472e-06,0.0002785940000649134,0.0008678650001456845,4.6457999815174844e-05,0.0037196190000940987,0.002236067978311287,0.0010000000000000009,0.4472135956622573,0.002649485700950333,0.05514506214410222,False,nan,nan,False,False
805,4.025,0.005008508000173606,0.001431546999810962,6.512000254588202e-06,0.0008562640000491228,0.0010598869998830196,6.180600030347705e-05,0.0035531349999473605,0.0022360679779069035,0.0010000000000000009,0.4472135955813807,0.004116986338994298,0.056791631547422436,False,nan,nan,False,False
806,4.03,0.005104306999783148,0.0018184270002166159,9.477999810769688e-06,0.0020325799996498972,0.0013836980001542543,5.719799992220942e-05,0.003070474999731232,0.002236067980871005,0.0010000000000000009,0.44721359617420103,0.00320448918088355,0.05713300569552924,False,nan,nan,False,False
807,4.035,0.00500807700018413,0.00169979299971601,9.488000159763033e-06,0.0009731739996823308,0.0012691209999502462,5.099600002722582e-05,0.003113787000074808,0.0022360679807550228,0.0010000000000000009,0.44721359615100453,8.522373236426965e-05,0.060287221347980716,False,nan,nan,False,False
808,4.04,0.004908438999791542,0.001641592999931163,8.206000075006159e-06,0.00031646600018575555,0.0012319019997448777,6.263800014494336e-05,0.003253971000049205,0.002236067977499704,0.0010000000000000009,0.4472135954999407,0.004847232987777146,0.053978965906246325,False,nan,nan,False,False
809,4.045,0.004977078000138135,0.001551733999804128,6.672000381513499e-06,0.0008543099997950776,0.0011771980002777127,4.496500014283811e-05,0.0033541699999659613,0.0022360679774996455,0.0010000000000000009,0.447213595499929,1.6736102392047583e-05,0.05343390960723831,False,nan,nan,False,False
810,4.05,0.004966697999861935,0.0011859750002258806,5.649999820889207e-06,0.00025897800014718086,0.0008571849998588732,4.474499974094215e-05,0.00375987500001429,0.002236067980988025,0.0010000000000000009,0.44721359619760503,0.005000233918394487,0.054903190901898366,False,nan,nan,False,False
811,4.055,0.005020671000238508,0.0014370779999808292,6.643000233452767e-06,0.0008425969999734662,0.0010861169998861442,4.446399998414563e-05,0.003492129999813187,0.0022360679775377743,0.0010000000000000009,0.4472135955075548,0.004473735841028256,0.054491945458748796,False,nan,nan,False,False
812,4.0600000000000005,0.00500164400000358,0.0015804279996700643,6.120999842096353e-06,0.0019081449995610456,0.0012070539996784646,4.533600031209062e-05,0.003340905000186467,0.00223606797752284,0.0010000000000000009,0.44721359550456796,0.0009297593417159611,0.05422437963414459,False,nan,nan,False,False
813,4.065,0.0049844119998851966,0.001601898999979312,5.651000265061157e-06,0.0008266269996966003,0.00116660799994861,6.026400023984024e-05,0.003329173000111041,0.0022360679775008294,0.0010000000000000009,0.4472135955001659,0.0003152675006309663,0.053174832245307196,False,nan,nan,False,False
814,4.07,0.004967760999988968,0.0007623470000908128,3.656999979284592e-06,0.00021633799997289316,0.0005465999997795734,2.8873999781353632e-05,0.004200313999717764,0.002236067977674966,0.0010000000000000009,0.44721359553499324,0.0010279039220422808,0.0527157818404798,False,nan,nan,False,False
815,4.075,0.005033074000039051,0.0014581169998564292,5.549999968934571e-06,0.0008295530001305451,0.001159835999715142,1.3635999948746758e-05,0.0035215660000176285,0.002236067978366378,0.0010000000000000009,0.44721359567327557,0.003610401486203347,0.057112488514511624,False,nan,nan,False,False
816,4.08,0.005099558999972942,0.0012550239998745383,9.477999810769688e-06,0.00034585200000947225,0.0010607389999677252,1.6410999705840368e-05,0.0036256719999983034,0.002236067977632751,0.0010000000000000009,0.44721359552655016,0.003466283653281402,0.05594406817348857,False,nan,nan,False,False
817,4.085,0.005001733999961289,0.0016679629998179735,9.39799974730704e-06,0.0009212059999299527,0.0010676020001483266,6.0833999668830074e-05,0.003239914999994653,0.002236067978172355,0.0010000000000000009,0.447213595634471,0.0031699094198457136,0.05666163810003418,False,nan,nan,False,False
818,4.09,0.005026561999784462,0.0016562000000703847,9.107000096264528e-06,0.0003295199999229226,0.001179673000024195,5.2378999953361927e-05,0.003221380000013596,0.0022360679775002366,0.0010000000000000009,0.4472135955000473,0.0021287892889418803,0.06036274755636613,False,nan,nan,False,False
819,4.095,0.004996464000214473,0.0018520200001148623,9.288000001106411e-06,0.0008443110000371234,0.001433201000054396,5.2768999921681825e-05,0.0030428539998865745,0.0022360679778924164,0.0010000000000000009,0.4472135955784832,0.0017416303671904893,0.05574327729962333,False,nan,nan,False,False
820,4.1,0.005014750000100321,0.0015965679999681015,9.188000149151776e-06,0.00028229100007592933,0.0011615190001066367,7.257699962792685e-05,0.003267347000019072,0.002236067978021311,0.0010000000000000009,0.44721359560426216,0.0036084757054434444,0.05637959584888056,False,nan,nan,False,False
821,4.105,0.004983289999927365,0.0017535040001348534,9.247999969375087e-06,0.001387152999996033,0.0011462799998298578,6.071500001780805e-05,0.003133523999622412,0.0022360679783052675,0.0010000000000000009,0.4472135956610535,0.0004689210308472889,0.05882973416438778,False,nan,nan,False,False
822,4.11,0.00500612199994066,0.0014614540000366105,9.278000106860418e-06,0.00026595200006340747,0.0010607689996504632,5.085600014353986e-05,0.003415244999814604,0.002236067977503138,0.0010000000000000009,0.44721359550062756,0.0025590950417637526,0.0576181364555976,False,nan,nan,False,False
823,4.115,0.004996143999960623,0.0017451190001338546,9.458000022277702e-06,0.0013273609997668245,0.0013118120000399358,5.343099974197685e-05,0.003168299999742885,0.0022360679785678197,0.0010000000000000009,0.44721359571356395,0.002922783849252904,0.056974347212435696,False,nan,nan,False,False
824,4.12,0.0050332549999438925,0.0016290690000460017,9.466999927099096e-06,0.00020024699961140868,0.0011649250000118627,5.1236000217613764e-05,0.003216591000182234,0.002236067978465867,0.0010000000000000009,0.44721359569317337,0.0001352446850515286,0.05514264433035449,False,nan,nan,False,False
825,4.125,0.004963681999925029,0.0018628110001372988,9.408000096300384e-06,0.001263620999907289,0.0014330899998640234,5.357100008041016e-05,0.003076977000091574,0.0022360679776492905,0.0010000000000000009,0.4472135955298581,0.0015946073997272746,0.05484989043787555,False,nan,nan,False,False
826,4.13,0.005060426000000007,0.0015605300000061106,9.218000286637107e-06,0.0002066489996650489,0.0011337559999446967,7.384899981843773e-05,0.0032625180001559784,0.002236067977567644,0.0010000000000000009,0.4472135955135288,0.001732342121966475,0.05360803081691789,False,nan,nan,False,False
827,4.135,0.004941481000059866,0.0016756370000621246,9.237999620381743e-06,0.0012628790000235313,0.0012591629997587006,5.139699987921631e-05,0.003320617000099446,0.0022276578098043313,0.0010000000000000009,0.44553156196086624,0.7579990981764082,0.056060994738858005,False,nan,nan,False,False
828,4.14,0.005115629000101762,0.0014785459998165607,9.50799994825502e-06,0.0002108369999405113,0.001032785999996122,7.221600026241504e-05,0.003286723000201164,0.0022129014094566593,0.0010000000000000009,0.4425802818913318,1.3594025024219163,0.05306810289090014,False,nan,nan,False,False
829,4.1450000000000005,0.004884413000127097,0.0015547599996352801,9.426999895367771e-06,0.0011456289998932334,0.0011454780001258769,5.091599996376317e-05,0.003335545000027196,0.0021988135132237244,0.0010000000000000009,0.4397627026447448,1.336102748436931,0.05571450125722599,False,nan,nan,False,False
830,4.15,0.005031611000049452,0.002169317999687337,1.2033000075462041e-05,0.002281578999827616,0.0015079220002007787,5.7809000281849876e-05,0.0026853100002881547,0.002173439720951835,0.0010000000000000009,0.434687944190367,1.911387586985543,0.05301706895425167,False,nan,nan,False,False
831,4.155,0.004974743999810016,0.0017652060000727943,9.638999927119585e-06,0.0010966459999508515,0.001363338999908592,5.018499996367609e-05,0.0031104810000215366,0.002128645600360439,0.0010000000000000009,0.42572912007208785,3.0470654009643816,0.056392556516401376,False,nan,nan,False,False
832,4.16,0.004993760000161274,0.0019460069997876417,9.296999905927805e-06,0.002147647000128927,0.0012462780000532803,5.8029000228998484e-05,0.0029132590002518555,0.002089572205440917,0.0010000000000000009,0.4179144410881833,2.7428339606935785,0.05623169097144714,False,nan,nan,False,False
833,4.165,0.004979662999630818,0.0016883710000001884,9.50800040300237e-06,0.0010052839998024865,0.0012361989997771161,5.188699969949084e-05,0.003215840000393655,0.002038430810104281,0.0010000000000000009,0.4076861620208561,3.8299225818397122,0.05261422615722482,False,nan,nan,False,False
834,4.17,0.005023566000090796,0.001889720000235684,9.518000297248363e-06,0.0020950480002284166,0.0014259270001275581,5.3621999995812075e-05,0.0030753450000702287,0.001996522481550719,0.0010000000000000009,0.3993044963101438,3.2913095080899875,0.053429637475602906,False,nan,nan,False,False
835,4.175,0.00508487100023558,0.0016123679997690488,9.387999853061046e-06,0.00104822499997681,0.0010823200000231736,5.204800027058809e-05,0.00319716400008474,0.00194719047182375,0.0010000000000000009,0.38943809436474996,4.247403755997214,0.05120489726193451,False,nan,nan,False,False
836,4.18,0.004929107999942062,0.0018305290000171226,9.337999927083729e-06,0.002052097000159847,0.0013954900000499038,6.178600006023771e-05,0.0029839329999958863,0.0019120435127824497,0.0010000000000000009,0.38240870255648995,3.255081869904258,0.050845229944637554,False,nan,nan,False,False
837,4.1850000000000005,0.004912485999739147,0.00168923299997914,7.985000138432952e-06,0.0008801180001682951,0.0012885979999737174,4.8300999878847506e-05,0.0031931270000313816,0.0018670976320751857,0.0010000000000000009,0.3734195264150372,4.706784394275622,0.04823436762798288,False,nan,nan,False,False
838,4.19,0.00494407600035629,0.0016050149997681729,5.4510001064045355e-06,0.0019017629997506447,0.001228874999924301,6.249799980651005e-05,0.003341184999953839,0.0018408663106414351,0.0010000000000000009,0.368173262128287,3.074254922329398,0.04940570639994079,False,nan,nan,False,False
839,4.195,0.005022242999984883,0.0015529170000263548,6.9329998950706795e-06,0.0008499720001964306,0.001164955000149348,4.638699965653359e-05,0.0033617740000408958,0.0018057440390983565,0.0010000000000000009,0.3611488078196713,4.884771100043975,0.04598783926647598,False,nan,nan,False,False
840,4.2,0.00497486399990521,0.0013493629999175027,5.3510002544499e-06,0.0018916549997811671,0.0010015269999712473,4.4593999973585596e-05,0.0035983799998575705,0.0017866147705011208,0.0010000000000000009,0.3573229541002242,3.1911399157515206,0.046089654393063395,False,nan,nan,False,False
841,4.205,0.005020840999804932,0.0015668330001972208,6.372000370902242e-06,0.000839362000078836,0.0011286869998912152,4.896199970971793e-05,0.0033707610000419663,0.0017656165443049403,0.0010000000000000009,0.3531233088609881,4.570005475164965,0.04301278995684717,False,nan,nan,False,False
842,4.21,0.005009128999972745,0.00121227399995405,6.292000307439594e-06,0.0002980919998663012,0.0008639479997327726,4.697799977293471e-05,0.0036962240001230384,0.0017539645334276053,0.0010000000000000009,0.35079290668552104,3.561530343787965,0.044112499586716536,False,nan,nan,False,False
843,4.215,0.0049708460001056665,0.001550672000121267,5.360000159271294e-06,0.0008225599999605038,0.0011444769997979165,6.968099978621467e-05,0.0033873429997584026,0.0017465439891232544,0.0010000000000000009,0.34930879782465085,3.9682937101412707,0.04218532633066423,False,nan,nan,False,False
844,4.22,0.004999831000077393,0.0013756520002061734,5.110000074637355e-06,0.00025218500013579614,0.0010191200003646372,4.3542000184970675e-05,0.0035612509996099107,0.0017491395227560947,0.0010000000000000009,0.3498279045512189,6.006607642963425,0.04412494894309919,False,nan,nan,False,False
845,4.225,0.005002106000119966,0.0014779039997847576,4.9689997467794456e-06,0.000592196000070544,0.001041553000050044,4.584599992085714e-05,0.003478585000266321,0.001753479245909831,0.0010000000000000009,0.35069584918196617,8.485281377112193,0.04428374921420637,False,nan,nan,False,False
846,4.23,0.005039494999891758,0.0012150299999120762,6.663000021944754e-06,0.00020665900001404225,0.0008702990003257582,4.6347000079549616e-05,0.003693368999847735,0.0017940973943788199,0.0010000000000000009,0.35881947887576393,8.48528158768605,0.044181061400916904,False,nan,nan,False,False
847,4.235,0.004986766999991232,0.001463757999772497,7.103999905666569e-06,0.0012733289995594532,0.0011078069996983686,4.544500006886665e-05,0.0034653500001695647,0.0017898561582313447,0.0010000000000000009,0.35797123164626893,8.485281465396206,0.043279590422663786,False,nan,nan,False,False
848,4.24,0.005004138999993302,0.001264532999812218,6.65299967295141e-06,0.00017683299984128098,0.0009143529996435973,5.204799981584074e-05,0.003709980000166979,0.0018540984492811394,0.0010000000000000009,0.3708196898562278,8.485281409149733,0.04601998768645304,False,nan,nan,False,False
849,4.245,0.005093958000088605,0.0017201919999934034,9.387999853061046e-06,0.0013786479998998402,0.001318954999987909,5.096600034448784e-05,0.003116351999778999,0.001939530111707149,0.0010000000000000009,0.3879060223414298,8.485281998313528,0.04256233075682762,False,nan,nan,False,False
850,4.25,0.0049367520000487275,0.001526997999917512,8.276000244222814e-06,0.00020800199990844703,0.0011128560004181054,5.060500006948132e-05,0.0033584679999876244,0.0018540984502193592,0.0010000000000000009,0.37081969004387183,8.485281451381145,0.04587539408008681,False,nan,nan,False,False
851,4.255,0.004964786000073218,0.0015333989999817277,6.672000381513499e-06,0.0007334420001825492,0.0011593650001486822,4.7109000206546625e-05,0.0033838859999377746,0.0017898561573409257,0.0010000000000000009,0.3579712314681851,8.485282067645157,0.04991448009109907,False,nan,nan,False,False
852,4.26,0.004992315999970742,0.001410637999924802,6.811999810452107e-06,0.0001615840001250035,0.0010523730002205411,5.411199981608661e-05,0.0036059949998161756,0.0017491395231194402,0.0010000000000000009,0.349827904623888,8.485281453790025,0.0491653870990973,False,nan,nan,False,False
853,4.265,0.005136579000009078,0.0016248019996965013,9.327000043413136e-06,0.0008676649999870278,0.0011838000000352622,5.3200999900582246e-05,0.0031955710001057014,0.0017534792461055188,0.0010000000000000009,0.35069584922110375,8.485281385398956,0.046323193547787994,False,nan,nan,False,False
854,4.2700000000000005,0.004924699999719451,0.0009344710001641943,8.727000022190623e-06,0.00022147700019559124,0.0007351350000135426,1.6381000023102388e-05,0.003909064999788825,0.001783224568433102,0.0010000000000000009,0.3566449136866204,8.485281502619081,0.046098688074752855,False,nan,nan,False,False
855,4.275,0.004921443000057479,0.0016008970001166745,6.733000191161409e-06,0.0007151380000323115,0.001176125999791111,5.315999987942632e-05,0.0033427879998271237,0.001807607117798208,0.0010000000000000009,0.36152142355964156,7.15777943657985,0.04286374633783365,False,nan,nan,False,False
856,4.28,0.0050176139998256986,0.0014429890002247703,6.692000170005485e-06,0.0001631469999665569,0.0010468430000400986,7.676499990338925e-05,0.0034797879998222925,0.0017826862357723321,0.0010000000000000009,0.3565372471544664,8.485281434219994,0.04271568823021249,False,nan,nan,False,False
857,4.285,0.005001314000310231,0.0014867619997858128,6.7129999479220714e-06,0.0007314079998650413,0.0011229450001337682,5.5114000133471563e-05,0.0034372570003142755,0.0018429159202025243,0.0010000000000000009,0.36858318404050483,8.485281378680714,0.043487488706754014,False,nan,nan,False,False
858,4.29,0.00500413000008848,0.0012034769997626427,6.4420000853715464e-06,0.0001660829998400004,0.0008640880000712059,4.6918999942136e-05,0.003715500999987853,0.001924761795177326,0.0010000000000000009,0.38495235903546515,8.485282042189532,0.04499958830223645,False,nan,nan,False,False
859,4.295,0.004992025999854377,0.0014416959998015955,6.883000423840713e-06,0.0007194459999482206,0.0010005959998125036,4.382299994176719e-05,0.0034828430002562527,0.0018429159203147427,0.0010000000000000009,0.3685831840629485,8.48528161793893,0.044814431476673654,False,nan,nan,False,False
860,4.3,0.004998097999759921,0.0013058399999863468,5.961000169918407e-06,0.00016257599963864777,0.0009029009997902904,4.458399962459225e-05,0.0036842620002062176,0.0018670330379128657,0.0010000000000000009,0.3734066075825731,8.485281379410287,0.04647040938433622,False,nan,nan,False,False
861,4.305,0.005112132000249403,0.0017184789999191707,9.386999863636447e-06,0.0008424170000580489,0.0013162499999452848,5.1216999963799026e-05,0.0031445439999515656,0.0019144935727656717,0.0010000000000000009,0.38289871455313435,8.485281446545777,0.04647835242729752,False,nan,nan,False,False
862,4.3100000000000005,0.004982267999821488,0.0017167450000670215,9.438000233785715e-06,0.0002555420001044695,0.0013011119999646326,5.301000010149437e-05,0.003125248999822361,0.001867033037900858,0.0010000000000000009,0.37340660758017163,8.485281374511011,0.04662701841739203,False,nan,nan,False,False
863,4.315,0.004923176999909629,0.0015338900002461742,6.823000148870051e-06,0.0012800919998881,0.00115810200031774,4.703800004790537e-05,0.003409053999803291,0.001842915920229879,0.0010000000000000009,0.36858318404597573,8.48528137427062,0.04761454829702887,False,nan,nan,False,False
864,4.32,0.005062219000137702,0.001474268000038137,9.669000064604916e-06,0.00024205599993365468,0.001069174999884126,5.331000011210563e-05,0.003491477999887138,0.0019247617937660358,0.0010000000000000009,0.38495235875320716,8.485281392227318,0.04873409304860514,False,nan,nan,False,False
865,4.325,0.005083828999886464,0.0015889040000729437,9.186999704979826e-06,0.0008906180000849417,0.001147893000052136,5.215800001678872e-05,0.0032428500003334193,0.0019478658164526345,0.0010000000000000009,0.3895731632905269,8.485281431247037,0.04715315137002853,False,nan,nan,False,False
866,4.33,0.0049505280003359076,0.0020508139996309183,9.2280001808831e-06,0.0019584100000429316,0.0014828749999651336,5.317000022841967e-05,0.002770401000361744,0.0018670330379294618,0.0010000000000000009,0.37340660758589234,8.485281534709465,0.04778521172176155,False,nan,nan,False,False
867,4.335,0.00490243800004464,0.0016383459997086902,6.942999789316673e-06,0.0012987869999960822,0.0012371909997455077,4.8071000037452905e-05,0.003280572000221582,0.0019478658163134966,0.0010000000000000009,0.3895731632626993,8.485281387690458,0.05006712119101159,False,nan,nan,False,False
868,4.34,0.004988789999970322,0.0016288689998873451,6.703000053676078e-06,0.003968758999690181,0.001258822999716358,4.620700019586366e-05,0.0032975529998111597,0.0020475717605897667,0.0010000000000000009,0.4095143521179533,8.4852815631142,0.046953246126239336,False,nan,nan,False,False
869,4.345,0.004970465000042168,0.0008027229996514507,3.757000285986578e-06,0.001252208999630966,0.0005799119999210234,3.114800028924947e-05,0.0041208350003216765,0.0019478658163261957,0.0010000000000000009,0.3895731632652391,8.485281535013431,0.04443603134170505,False,nan,nan,False,False
870,4.3500000000000005,0.004965276999882917,0.0007965599997987738,3.6169999475532677e-06,9.238399979949463e-05,0.0005725089999941702,2.9455000003508758e-05,0.004185597000287089,0.002047571760007311,0.0010000000000000009,0.4095143520014622,8.485281374877587,0.04616032137927421,False,nan,nan,False,False
871,4.355,0.005052539999724104,0.0011376330003258772,5.529999725695234e-06,0.0012634310000976257,0.0009731339996505994,1.3956000202597352e-05,0.003836970000065776,0.002069988545723295,0.0010000000000000009,0.413997709144659,2.358803132748408,0.0457414806233615,False,nan,nan,False,False
872,4.36,0.005093496999961644,0.0016964770002232399,9.407999641553033e-06,0.00025339800004076096,0.0012137480002820666,5.2679000418720534e-05,0.0032126430000971595,0.001965887485477608,0.0010000000000000009,0.39317749709552163,8.48528139259488,0.05228350766344945,False,nan,nan,False,False
873,4.365,0.005028435000440368,0.0017553279999447113,9.377999958815053e-06,0.0013962309999442368,0.001348922000033781,5.0955999995494494e-05,0.003092426999955933,0.0020699885454051746,0.0010000000000000009,0.41399770908103495,8.48528153747774,0.04927251372705627,False,nan,nan,False,False
874,4.37,0.004968401999576599,0.0015716110001449124,9.498000054009026e-06,0.00024453099968013703,0.0011596559997997247,6.04040001235262e-05,0.0033435400000598747,0.0019658874848040063,0.0010000000000000009,0.3931774969608012,8.485281391688531,0.0507036810625355,False,nan,nan,False,False
875,4.375,0.005048633000114933,0.0014178619999256625,9.657999726186972e-06,0.0014168000002428016,0.0012126450001233025,1.9767000139836455e-05,0.0034288700003344275,0.0018800464430943154,0.0010000000000000009,0.37600928861886307,8.485281400205062,0.050144558893918376,False,nan,nan,False,False
876,4.38,0.004966338000031101,0.001252029000170296,9.467999916523695e-06,0.0002650290002748079,0.0010556890001680586,1.989800011870102e-05,0.0036187789996802167,0.0018989328583849268,0.0010000000000000009,0.37978657167698543,6.998265112736597,0.05426444157528013,False,nan,nan,False,False
877,4.385,0.00499001300022428,0.0017498969996267988,9.487000170338433e-06,0.0008211370000026363,0.0013065419998383732,5.3420999847730855e-05,0.0031608660001438693,0.001839508267886779,0.0010000000000000009,0.36790165357735577,8.485281494055616,0.05057623417678733,False,nan,nan,False,False
878,4.39,0.005031028999837872,0.0016471640001327614,9.238000075129094e-06,0.00028096899995944113,0.0011651760000859213,7.542200000898447e-05,0.0032246959999611136,0.0018032291417294283,0.0010000000000000009,0.3606458283458856,8.485281568922586,0.04719222929787702,False,nan,nan,False,False
879,4.3950000000000005,0.004990794000150345,0.0017488260000391165,9.337999927083729e-06,0.001384026999858179,0.0013435120004032797,5.0535999889689265e-05,0.0031375019998449716,0.0017915021648909153,0.0010000000000000009,0.35830043297818304,8.485281377173521,0.048575940822286126,False,nan,nan,False,False
880,4.4,0.005006653999771515,0.0015929119999782415,9.238000075129094e-06,0.0002851369999916642,0.0011510879999150347,7.611399996676482e-05,0.0032847190000211413,0.0018048059941896627,0.0010000000000000009,0.36096119883793254,8.485281378646548,0.046632277793692174,False,nan,nan,False,False
881,4.405,0.005003639000278781,0.001699601999916922,9.357999715575716e-06,0.0013982350001242594,0.0012862440003118536,6.191600004967768e-05,0.003176265000092826,0.0018425985309247256,0.0010000000000000009,0.36851970618494506,8.485281374241245,0.04685112222200818,False,nan,nan,False,False
882,4.41,0.004996484000002965,0.0014842269997643598,9.42799988479237e-06,0.00027763300022343174,0.0010699560002649378,5.277900027067517e-05,0.003394725999896764,0.0019034216597600374,0.0010000000000000009,0.38068433195200746,8.485281436128941,0.045128365210818484,False,nan,nan,False,False
883,4.415,0.004998419000003196,0.001568454999869573,9.407999641553033e-06,0.001392624000345677,0.0011532829998941452,5.748800003857468e-05,0.0033123819998763793,0.0019851596119980835,0.0010000000000000009,0.39703192239961665,8.485281430576158,0.04504237053678468,False,nan,nan,False,False
884,4.42,0.0049995199997283635,0.0016480859999319364,9.166999916487839e-06,0.0002767209998637554,0.001168161999885342,5.23389999216306e-05,0.003231708999919647,0.0020459427923129147,0.0010000000000000009,0.40918855846258295,6.649495696383844,0.044967358316755704,False,nan,nan,False,False
885,4.425,0.004998408000119525,0.0017357110000375542,9.39799974730704e-06,0.0013974339999549557,0.0013030750001234992,5.1437000365694985e-05,0.003145456999845919,0.0020827203322717563,0.0010000000000000009,0.41654406645435116,6.000000250721132,0.04870330434409925,False,nan,nan,False,False
886,4.43,0.004998899999918649,0.0015518039999733446,9.36699962039711e-06,0.00027327499992679805,0.001141430999723525,5.232900002738461e-05,0.003330004999952507,0.0021294520557645193,0.0010000000000000009,0.4258904111529038,6.000000131590701,0.045784022373243125,False,nan,nan,False,False
887,4.4350000000000005,0.004999651000161975,0.0016905849997783662,9.337999927083729e-06,0.0013989560002301005,0.0012630299997908878,5.042500015406404e-05,0.0031915540002955822,0.0021854995144473064,0.0010000000000000009,0.4370999028894612,6.0000003352343105,0.051715808230674475,False,nan,nan,False,False
888,4.44,0.005002224999770988,0.001472334000027331,9.177000265481183e-06,0.0002720429997680185,0.0010688440002013522,5.3019000006315764e-05,0.0034107470000890316,0.002236067978244148,0.0010000000000000009,0.4472135956488295,4.7543909460912195,0.04986937432655497,False,nan,nan,False,False
889,4.445,0.005003367999961483,0.0015881019999142154,9.187999694404425e-06,0.0013489309999386023,0.0011751850001928688,5.069500002718996e-05,0.0032900100000006205,0.0022360679775149774,0.0010000000000000009,0.44721359550299544,0.0019768347371689767,0.053162377590292305,False,nan,nan,False,False
890,4.45,0.00499735600033091,0.0016287290000036592,9.438000233785715e-06,0.00018737299978965893,0.0011674090001179138,6.299899996520253e-05,0.0032583999995949853,0.002236067978136459,0.0010000000000000009,0.4472135956272918,0.0024658872400807187,0.05429894989251797,False,nan,nan,False,False
891,4.455,0.005006073000004108,0.001835247999679268,9.658000180934323e-06,0.0012788300000465824,0.0014151459999993676,5.2848999985144474e-05,0.003084292000039568,0.0022360679778870257,0.0010000000000000009,0.44721359557740514,0.0004697408354095234,0.05860251689605602,False,nan,nan,False,False
892,4.46,0.005039264999595616,0.001591469000231882,9.487999705015682e-06,0.00020427400022526854,0.0011720190000232833,5.182699987926753e-05,0.0032530899998164386,0.0022360679775235413,0.0010000000000000009,0.44721359550470824,0.0020784234870624575,0.0550412953667476,False,nan,nan,False,False
893,4.465,0.004963703000157693,0.0016495879999638419,9.266999768442474e-06,0.0012833079999836627,0.0012340459998085862,5.0955999995494494e-05,0.0032636099999763246,0.0022360679776371904,0.0010000000000000009,0.4472135955274381,0.0014055994830088723,0.05799168686711825,False,nan,nan,False,False
894,4.47,0.005032383000070695,0.0014880339999763237,9.426999895367771e-06,0.000202941999759787,0.0010575019996394985,5.100600037621916e-05,0.00335125399988101,0.0022360679777635043,0.0010000000000000009,0.44721359555270085,0.00038198500809555097,0.058828080257113335,False,nan,nan,False,False
895,4.4750000000000005,0.004959223999776441,0.0011881090003953432,9.517999842501013e-06,0.0012727889998132014,0.0009055069999703846,2.1090000245749252e-05,0.0037359189996095665,0.002236067977508086,0.0010000000000000009,0.4472135955016172,0.0011282652238334622,0.059494931655893556,False,nan,nan,False,False
896,4.48,0.005041289000018878,0.0016593870000178867,9.408000096300384e-06,0.0002104469999721914,0.0011803340003098128,6.247800001801807e-05,0.003191083000274375,0.002236067977630798,0.0010000000000000009,0.4472135955261595,0.0007229514680801702,0.05314113770122604,False,nan,nan,False,False
897,4.485,0.004970276000221929,0.0017338070001642336,9.39699975788244e-06,0.0012971139999535808,0.0013225819998297084,5.1066000196442474e-05,0.0031850709997343074,0.002236067977646273,0.0010000000000000009,0.44721359552925455,5.555805564737282e-05,0.055048796062733496,False,nan,nan,False,False
898,4.49,0.005038122999849293,0.0017269340000893862,9.237000085704494e-06,0.00020802199969693902,0.0011367420001988648,5.7438000112597365e-05,0.0031032870001581614,0.002236067977499927,0.0010000000000000009,0.4472135954999854,0.0009792073079073233,0.059638789491128406,False,nan,nan,False,False
899,4.495,0.004949416000272322,0.0017550069997014361,9.287000011681812e-06,0.0012630100000023958,0.0011515699998199125,5.741800032410538e-05,0.0031791400001566217,0.0022360679775106297,0.0010000000000000009,0.44721359550212586,0.0003254807781603061,0.0608869957251757,False,nan,nan,False,False
900,4.5,0.005052780999903916,0.0014789560000281199,9.578000117471674e-06,0.00020652900002460228,0.0010610990002533072,6.205699992278824e-05,0.0033481589998700656,0.002236067977775938,0.0010000000000000009,0.4472135955551876,0.0011256770362188973,0.055684477873727996,False,nan,nan,False,False
901,4.505,0.0049471719999019115,0.001568425000186835,9.447999673284357e-06,0.0012760839999828022,0.0011547660001269833,5.151699997441028e-05,0.0033548309997968317,0.0022360679780052493,0.0010000000000000009,0.4472135956010499,0.0004959976291891905,0.05717468759076801,False,nan,nan,False,False
902,4.51,0.005044103999807703,0.0017470520001552359,9.36800006456906e-06,0.00020692999987659277,0.0011696040000970243,5.260900024950388e-05,0.00308799899994483,0.002236067977600238,0.0010000000000000009,0.4472135955200475,0.0010536482640004178,0.059517760295766824,False,nan,nan,False,False
903,4.515,0.004954466000071989,0.001706093999928271,9.517999842501013e-06,0.0012827169998672616,0.0013049179997324245,5.091599996376317e-05,0.0032236550000561692,0.002236067978320639,0.0010000000000000009,0.44721359566412777,0.0015753408530086912,0.06105579527561354,False,nan,nan,False,False
904,4.5200000000000005,0.0050490130001890066,0.001550422000036633,9.578000117471674e-06,0.00020943499976056046,0.0011438450001151068,5.1577000249380944e-05,0.003290350000042963,0.0022360679786985584,0.0010000000000000009,0.4472135957397117,0.005352700486403073,0.05601714021784181,False,nan,nan,False,False
905,4.525,0.004959616000178357,0.0017892809996737924,9.357000180898467e-06,0.001286954999613954,0.0013722959997721773,5.294899983709911e-05,0.0031200490002447623,0.002236067977499644,0.0010000000000000009,0.4472135954999288,0.002926053082631131,0.059527139309357435,False,nan,nan,False,False
906,4.53,0.005028624999795284,0.0014598100001421699,9.487999705015682e-06,0.00019530800000211457,0.0010527839999667776,5.2539000080287224e-05,0.003381571999852895,0.002236067977590173,0.0010000000000000009,0.4472135955180346,0.0008019518667938839,0.060712949513564415,False,nan,nan,False,False
907,4.535,0.004959374999998545,0.0016022089998841693,9.227000191458501e-06,0.0012709350003206055,0.0011792430000241438,4.987400006939424e-05,0.0033280510001532093,0.002236067977826789,0.0010000000000000009,0.44721359556535784,0.0007251421280864037,0.060439709153024546,False,nan,nan,False,False
908,4.54,0.005049625000083324,0.0016200119998757145,9.347000286652474e-06,0.00020325299965406884,0.0011714269999174576,5.083499991087592e-05,0.0032138560000021243,0.0022360679775114316,0.0010000000000000009,0.44721359550228634,0.0018204303910987294,0.05534495397451795,False,nan,nan,False,False
909,4.545,0.00495447499997681,0.001743975999943359,9.458000022277702e-06,0.0012819560001844366,0.0013403160000962089,5.046600017521996e-05,0.003181023999786703,0.0022360679775562248,0.0010000000000000009,0.44721359551124495,0.0009267331889780745,0.058574601245064174,False,nan,nan,False,False
910,4.55,0.005044835999797215,0.0015780329999870446,9.42799988479237e-06,0.00020416500001374516,0.001137834000019211,6.204700002854224e-05,0.0032559159999436815,0.0022360679775097324,0.0010000000000000009,0.4472135955019465,0.0009049871336018055,0.05937549930998257,False,nan,nan,False,False
911,4.555,0.004952823000166973,0.0016744350000408303,9.417000001121778e-06,0.0012687510002251656,0.0012602849997165322,4.9713999942468945e-05,0.0032472180000695516,0.0022360679775840007,0.0010000000000000009,0.4472135955168001,0.0005082327805208274,0.05960460035699362,False,nan,nan,False,False
912,4.5600000000000005,0.005040768000071694,0.001513581999915914,9.418000445293728e-06,0.00020187099971735734,0.0010739140002442582,5.170800022824551e-05,0.0033272089999627497,0.0022360679775982953,0.0010000000000000009,0.4472135955196591,6.32524198897346e-05,0.05435358080301965,False,nan,nan,False,False
913,4.565,0.004959774999861111,0.0016861069998412859,9.297999895352405e-06,0.0012762149999616668,0.0012549039997793443,5.2117999985057395e-05,0.0032362980000470998,0.002236067977588772,0.0010000000000000009,0.44721359551775436,0.0016387758101768701,0.05638346609852693,False,nan,nan,False,False
914,4.57,0.005041660000188131,0.0016727419997550896,9.458000022277702e-06,0.00020235099964338588,0.0011958530003539636,5.1215999974374427e-05,0.0031684599998698104,0.002236067977841675,0.0010000000000000009,0.4472135955683349,0.0007658145796205092,0.05897142543211342,False,nan,nan,False,False
915,4.575,0.004961418999755551,0.001689112999883946,9.436999789613765e-06,0.0012742010003421456,0.001288949000354478,5.069600001661456e-05,0.003235496000343119,0.0022360679775095824,0.0010000000000000009,0.4472135955019164,0.001297726113942666,0.058960965939234784,False,nan,nan,False,False
916,4.58,0.005044365000230755,0.0015243319999171945,9.33699993765913e-06,0.00020390399959069327,0.0011810649998551526,1.6692000372131588e-05,0.003291281999736384,0.0022360679775021396,0.0010000000000000009,0.44721359550042794,0.0004003514869532136,0.0541662787632448,False,nan,nan,False,False
917,4.585,0.004934697999942728,0.0014601519997086143,9.177000265481183e-06,0.0012657750003199908,0.0012550550000014482,1.624000014999183e-05,0.0035005450004064187,0.0022360679793631327,0.0010000000000000009,0.44721359587262643,0.00378524801555554,0.058472124667684346,False,nan,nan,False,False
918,4.59,0.005080121999981202,0.0012042299999848183,9.42799988479237e-06,0.00023514299982707598,0.0010114359997714928,1.6591000076005002e-05,0.0035947729998042632,0.0022360679775076044,0.0010000000000000009,0.44721359550152084,0.00341290190472025,0.058553792088535596,False,nan,nan,False,False
919,4.595,0.004918106999866723,0.0011498670000946731,9.498000054009026e-06,0.0012675279999712075,0.000937074999910692,1.639099991734838e-05,0.00382932599995911,0.0022360679775295404,0.0010000000000000009,0.44721359550590806,0.0002238464339884693,0.06055295444655427,False,nan,nan,False,False
920,4.6000000000000005,0.005098027000258298,0.0016494179999426706,9.53800008574035e-06,0.00023905000034574186,0.0011705049996635353,6.401099972208613e-05,0.0031631199999537785,0.0022360679777222153,0.0010000000000000009,0.447213595544443,0.0007994561485690887,0.059032563530648945,False,nan,nan,False,False
921,4.605,0.004931992999900103,0.0017772989999684796,9.517999842501013e-06,0.001323522999882698,0.0014755100000911625,1.641100016058772e-05,0.003177275999860285,0.002236067978534287,0.0010000000000000009,0.4472135957068574,0.001458920814611435,0.05644751441035626,False,nan,nan,False,False
922,4.61,0.00507396000011795,0.0015439189996868663,9.447999673284357e-06,0.00024233600015577395,0.0011265120001553441,5.2598999900510535e-05,0.003254392000144435,0.002236067977812793,0.0010000000000000009,0.4472135955625586,0.0012239994253102093,0.05878885064282068,False,nan,nan,False,False
923,4.615,0.004917044999729114,0.0016948830002547766,9.33699993765913e-06,0.0012750030000461265,0.0011515099999996892,5.522399987967219e-05,0.003261865999775182,0.0022360679775092975,0.0010000000000000009,0.44721359550185946,0.001234067268336621,0.06142178688409694,False,nan,nan,False,False
924,4.62,0.005080142000224441,0.001470571000027121,9.316999694419792e-06,0.0002385490001870494,0.0010528939997129783,5.294999982652371e-05,0.00333142699992095,0.0022360679777606064,0.0010000000000000009,0.44721359555212126,0.0016293289897120233,0.056780413406217235,False,nan,nan,False,False
925,4.625,0.004921071999888227,0.001584395999998378,9.328000032837735e-06,0.0012759240003106243,0.0011745429997063184,5.006500032322947e-05,0.0033463549998486997,0.0022360679776604,0.0010000000000000009,0.44721359553208,0.0002939792600287269,0.05642198788782174,False,nan,nan,False,False
926,4.63,0.005050016000041069,0.0016460709998682432,9.36700007514446e-06,0.00021169899991946295,0.0011892100001205108,5.263899993224186e-05,0.0031854620001467993,0.002236067977941289,0.0010000000000000009,0.44721359558825785,0.0007051718079852047,0.05850318570586478,False,nan,nan,False,False
927,4.635,0.004950396999902296,0.0017750450001585705,9.426999895367771e-06,0.001268519999939599,0.001337100000000646,5.127700023876969e-05,0.0031518379996668955,0.00223606797750913,0.0010000000000000009,0.44721359550182604,0.0015171351206585983,0.05750843192476947,False,nan,nan,False,False
928,4.64,0.005045696999786742,0.0015551400001641014,9.258000318368431e-06,0.00020740000036312267,0.0011425019997659547,5.147699994267896e-05,0.003276313000242226,0.0022360679775773446,0.0010000000000000009,0.4472135955154689,0.00048509678323312687,0.0542401933373414,False,nan,nan,False,False
929,4.6450000000000005,0.0049514300003465905,0.0016993919998640195,9.487000170338433e-06,0.0012768949995916046,0.0012534219999906782,6.276799967963598e-05,0.0032388919998993515,0.0022360679775362286,0.0010000000000000009,0.4472135955072457,0.00023399575787743504,0.058807023777532774,False,nan,nan,False,False
930,4.65,0.005056747999788058,0.0015548690003015508,9.246999979950488e-06,0.00021830099967701244,0.0011343369997121044,5.8739999985846225e-05,0.0032717749995754275,0.0022360679775106154,0.0010000000000000009,0.4472135955021231,0.00023144888284729308,0.055711470544382725,False,nan,nan,False,False
931,4.655,0.004957029000252078,0.001721564000035869,9.238000075129094e-06,0.0012858330001108698,0.0012751330000355665,5.32010003553296e-05,0.0032034969999585883,0.002236067978037967,0.0010000000000000009,0.4472135956075934,0.0016824323405080616,0.0573572594438834,False,nan,nan,False,False
932,4.66,0.0050446459999875515,0.0016532049999113951,9.657999726186972e-06,0.0002075709999189712,0.0011843819997920946,5.1467000048432965e-05,0.0031767049999871233,0.0022360679775488656,0.0010000000000000009,0.4472135955097731,0.002556106292620119,0.0578361465602387,False,nan,nan,False,False
933,4.665,0.004951038999934099,0.0017884690000755654,9.39799974730704e-06,0.001284360000227025,0.001342548999673454,8.536099994671531e-05,0.0031281849996958044,0.0022360679775166852,0.0010000000000000009,0.44721359550333695,0.00024426706158808755,0.056100874120202794,False,nan,nan,False,False
934,4.67,0.0050379119998069655,0.0015634659998795541,9.05699971553986e-06,0.0002050859998234955,0.0011555370001588017,5.462299986902508e-05,0.0032897680002861307,0.002236067977725728,0.0010000000000000009,0.44721359554514556,0.0016211060904387582,0.056891661675523245,False,nan,nan,False,False
935,4.675,0.004971407000084582,0.0017730909999045252,9.247999969375087e-06,0.001277637000384857,0.0011559980002857628,5.8148999869445106e-05,0.0031393449999086442,0.00223606797751246,0.0010000000000000009,0.44721359550249196,0.0015747412071384877,0.05696068666182716,False,nan,nan,False,False
936,4.68,0.005032010999912018,0.001222544000029302,9.337999927083729e-06,0.00020857299978160881,0.001029108999773598,1.6771999980846886e-05,0.00361209599986978,0.0022360679775008246,0.0010000000000000009,0.4472135955001649,0.00039479213711699195,0.05458269303639455,False,nan,nan,False,False
937,4.6850000000000005,0.004954406000251765,0.0016030799997679424,9.42799988479237e-06,0.0012911529997836624,0.0011795320001510845,5.108599998493446e-05,0.0033244940000258794,0.0022360679788446104,0.0010000000000000009,0.4472135957689221,0.003010273408120376,0.058104324584621475,False,nan,nan,False,False
938,4.69,0.0050472899997657805,0.001624200000151177,9.377999958815053e-06,0.00020946500035279314,0.001173871999981202,5.1126000016665785e-05,0.003202374000011332,0.0022360679775196095,0.0010000000000000009,0.44721359550392187,0.0034802067231314926,0.06000300186464348,False,nan,nan,False,False
939,4.695,0.004946098999880633,0.0017346490003546933,9.177000265481183e-06,0.0012712549996649614,0.0013162200002625468,5.190800038690213e-05,0.0031963819997145038,0.002236067977628073,0.0010000000000000009,0.4472135955256146,0.0005806496440307067,0.05590203543281362,False,nan,nan,False,False
940,4.7,0.005050727000252664,0.0015536470000370173,9.386999863636447e-06,0.0002075309998872399,0.0011498160001792712,5.1326000175322406e-05,0.0032766639997134916,0.0022360679775354033,0.0010000000000000009,0.4472135955070806,0.0014644774069893596,0.05632493452149381,False,nan,nan,False,False
941,4.705,0.00495025700001861,0.0016685340001458826,9.47800026551704e-06,0.0012757239996972203,0.0012569179998536129,5.34310001967242e-05,0.0032580989995949494,0.0022360679775754464,0.0010000000000000009,0.44721359551508927,0.0012423302538028334,0.06206610283066884,False,nan,nan,False,False
942,4.71,0.00505950299975666,0.001515205000032438,9.22699973671115e-06,0.00021789099992020056,0.0010840019999704964,5.926099993303069e-05,0.003301301000192325,0.0022360679776903644,0.0010000000000000009,0.44721359553807283,0.0004317170550799279,0.05774769964255757,False,nan,nan,False,False
943,4.715,0.004937153000355465,0.0015894849998403515,9.448000128031708e-06,0.0012690510002357769,0.0011763359998440137,4.94729997626564e-05,0.0033432189998165995,0.0022360679775136902,0.0010000000000000009,0.44721359550273804,0.0014852408696426893,0.05808626354400255,False,nan,nan,False,False
944,4.72,0.005051998999988427,0.0016383969996240921,9.448000128031708e-06,0.00020688999984486145,0.0011791519996222632,4.973399973096093e-05,0.003192846000274585,0.002236067977669793,0.0010000000000000009,0.44721359553395856,0.0014204426375468923,0.05909499692712549,False,nan,nan,False,False
945,4.7250000000000005,0.004950728000039817,0.0017184879998239921,9.42799988479237e-06,0.0012737600000036764,0.0013190149998081324,4.874199976256932e-05,0.0032064719998743385,0.002236067979594868,0.0010000000000000009,0.4472135959189735,0.002768575333022161,0.05929604517340541,False,nan,nan,False,False
946,4.73,0.005058380999798828,0.0015454519998456817,9.498000054009026e-06,0.00021846099980393774,0.0011447370002315438,4.9884000418387586e-05,0.00327793600035875,0.0022360679776294774,0.0010000000000000009,0.4472135955258954,0.0029081208067441994,0.05584694937574004,False,nan,nan,False,False
947,4.735,0.004943194000134099,0.0017159929998342704,9.206999948219163e-06,0.0012729689997286187,0.0013101180002195179,4.8411000079795485e-05,0.003211742000075901,0.002236067977513272,0.0010000000000000009,0.4472135955026544,0.0006515698312766242,0.05801988854737899,False,nan,nan,False,False
948,4.74,0.00504620799983968,0.0014612529998885293,9.19700005397317e-06,0.00020719000031022006,0.0010591860000204179,4.938299980494776e-05,0.003369999999904394,0.002236067977500453,0.0010000000000000009,0.4472135955000906,0.00038842860701401296,0.05897692117354281,False,nan,nan,False,False
949,4.745,0.004950979000113875,0.0015086929997778498,9.256999874196481e-06,0.0012709650000033434,0.0010655279997990874,4.938299980494776e-05,0.003419753000343917,0.002236067977563329,0.0010000000000000009,0.4472135955126657,0.0007511973132830153,0.06038607083564082,False,nan,nan,False,False
950,4.75,0.00504852199992456,0.001671600000008766,9.647999831940979e-06,0.0002067489999717509,0.001176115999896865,5.914100029258407e-05,0.003159482999762986,0.0022360679775229255,0.0010000000000000009,0.44721359550458506,0.0002668915076968351,0.05470228217274457,False,nan,nan,False,False
951,4.755,0.004949686000145448,0.0017575120000401512,9.2280001808831e-06,0.0012771770002473204,0.001211984000292432,5.153700021764962e-05,0.003178868999839324,0.0022360679777239686,0.0010000000000000009,0.44721359554479373,0.0008587796470772694,0.05634669019215332,False,nan,nan,False,False
952,4.76,0.005056757999682304,0.0016735540002628113,9.458000022277702e-06,0.0002121799998349161,0.0011380040000403824,4.9093000143329846e-05,0.003155765999963478,0.00223606797763929,0.0010000000000000009,0.4472135955278579,0.002266559727519529,0.06180164473408994,False,nan,nan,False,False
953,4.765,0.004947833000187529,0.0016658690001349896,9.19700005397317e-06,0.0012716460000774532,0.0012535519999801181,4.898199995295727e-05,0.003269369999998162,0.0022360679780789447,0.0010000000000000009,0.4472135956157889,0.0010363471303328985,0.05965803450178357,False,nan,nan,False,False
954,4.7700000000000005,0.005053902999861748,0.0014984630001890764,9.276999662688468e-06,0.00021477499967659242,0.001073713000096177,4.958299996360438e-05,0.003369679000115866,0.002236067977881581,0.0010000000000000009,0.4472135955763161,0.0003828067974266157,0.0551606955951233,False,nan,nan,False,False
955,4.775,0.004987176000213367,0.0016827310000735451,9.50799994825502e-06,0.0013120120001985924,0.0012505859999691893,4.9994000164588215e-05,0.003209937999599788,0.002236067977801059,0.0010000000000000009,0.44721359556021173,0.00018456634264470725,0.05836370677072775,False,nan,nan,False,False
956,4.78,0.0050132369997299975,0.001637224000205606,9.36699962039711e-06,0.00020823299973926623,0.001163592000011704,4.9914000101125566e-05,0.0031898510001155955,0.0022360679782471044,0.0010000000000000009,0.44721359564942087,0.0008440708130212451,0.061056538729450195,False,nan,nan,False,False
957,4.785,0.004945818000123836,0.0017523719998280285,9.267999757867074e-06,0.0013066820001768065,0.0013341339999897173,1.7703000139590586e-05,0.0031043090002640383,0.002236067977748863,0.0010000000000000009,0.44721359554977264,0.0009772668353950813,0.060048518037327386,False,nan,nan,False,False
958,4.79,0.004990664000160905,0.0017715579997457098,1.191199999084347e-05,0.002406503999736742,0.0013401050000538817,4.7840000206633704e-05,0.003116322000096261,0.002236067977501139,0.0010000000000000009,0.44721359550022777,0.0012319279938973317,0.05611777616035356,False,nan,nan,False,False
959,4.795,0.005006844000035926,0.0016768689997661568,9.327000043413136e-06,0.001271476000056282,0.0012694520000877674,4.788000023836503e-05,0.0032590710002295964,0.002236067978068168,0.0010000000000000009,0.4472135956136336,0.0019134712899370352,0.05955999693669951,False,nan,nan,False,False
960,4.8,0.005060885999682796,0.0014854579999337147,9.307999789598398e-06,0.00021824200030096108,0.0010748350000540086,5.747800014432869e-05,0.0033913700003722624,0.002236067978002814,0.0010000000000000009,0.44721359560056273,0.00011946553004819234,0.057390598971999156,False,nan,nan,False,False
961,4.805,0.00500667300002533,0.0016089220002868387,1.3946000308351358e-05,0.001348731000234693,0.0011942899996029155,4.880200003753998e-05,0.0033148150000670284,0.002236067978005037,0.0010000000000000009,0.4472135956010074,4.187388115677054e-06,0.05666777288683361,False,nan,nan,False,False
962,4.8100000000000005,0.005043513000146049,0.001632736999908957,9.438000233785715e-06,0.00024727600020924,0.0011920359997930063,4.879200014329399e-05,0.003133464000256936,0.0022360679780516622,0.0010000000000000009,0.44721359561033247,8.578396191402546e-05,0.05566243023275861,False,nan,nan,False,False
963,4.815,0.004896837000160303,0.0019407370000408264,1.3635999948746758e-05,0.0011878790000992012,0.0012557760001072893,5.5114000133471563e-05,0.002935630999672867,0.0022360679775139678,0.0010000000000000009,0.44721359550279355,0.0016672830534712353,0.054946650760445914,False,nan,nan,False,False
964,4.82,0.005009588999655534,0.0019523079999999027,1.1741999969672179e-05,0.002387068000189174,0.0015126800003599783,5.116600004839711e-05,0.0028962680003132846,0.0022360679779977488,0.0010000000000000009,0.44721359559954976,0.0015677374786987116,0.055900442156447856,False,nan,nan,False,False
965,4.825,0.0049462500001027365,0.0017508179998912965,7.694000032643089e-06,0.00041923899971152423,0.001305168999806483,5.037500022808672e-05,0.0032328520001101424,0.002236067977502638,0.0010000000000000009,0.4472135955005275,0.002034290398103111,0.05583843328039827,False,nan,nan,False,False
966,4.83,0.005118353999932879,0.001982134000172664,1.1601999631238868e-05,0.0023681519996898714,0.00140719099999842,5.240800010142266e-05,0.0028179299997646012,0.0022360679775298886,0.0010000000000000009,0.44721359550597767,0.0006116021099765808,0.05584702494624551,False,nan,nan,False,False
967,4.835,0.004919339000025502,0.0017729000001054374,9.246999979950488e-06,0.001155457000095339,0.0013336330002857721,5.155700000614161e-05,0.0031097090000002936,0.002236067977569392,0.0010000000000000009,0.4472135955138784,0.001171669072538522,0.05431558516724303,False,nan,nan,False,False
968,4.84,0.005013747000248259,0.0019466469998405955,1.16319997687242e-05,0.0022709390000272833,0.0012970140001016262,5.1126000016665785e-05,0.002919512000062241,0.0022360679775016465,0.0010000000000000009,0.44721359550032924,0.000826192132693878,0.05654507407779429,False,nan,nan,False,False
969,4.845,0.0049855839997690055,0.0017503869999018207,9.308000244345749e-06,0.0011494459999994433,0.0013394729999163246,4.890200034424197e-05,0.003127563000361988,0.00223606797755381,0.0010000000000000009,0.44721359551076195,0.0007422988230238213,0.056232056264616165,False,nan,nan,False,False
970,4.8500000000000005,0.005004890000236628,0.0018448060000082478,1.1902000096597476e-05,0.0022783829999752925,0.001319736999903398,4.969400015397696e-05,0.003031491999990976,0.0022360679778724796,0.0010000000000000009,0.44721359557449586,0.001010774166887462,0.057061262375207825,False,nan,nan,False,False
971,4.855,0.004996264000055817,0.0018248779997520614,9.327000043413136e-06,0.0011433639997449063,0.001355233000140288,5.008400012229686e-05,0.003130698999939341,0.0022360679776566544,0.0010000000000000009,0.44721359553133083,0.0005733960041325037,0.05585050124413801,False,nan,nan,False,False
972,4.86,0.005090640999696916,0.0018188480003118457,1.1682000149448868e-05,0.0023552580000796297,0.0012640219997592794,5.137700009072432e-05,0.0029728309996244207,0.0022360679777468266,0.0010000000000000009,0.44721359554936535,0.00026998211996286385,0.055783013642913874,False,nan,nan,False,False
973,4.865,0.00491360900014115,0.0016254819997811865,9.417999990546377e-06,0.0011617889999797626,0.0012069540002812573,4.9252000280830543e-05,0.003250866000144015,0.002236067977899403,0.0010000000000000009,0.44721359557988055,0.0003613597031940617,0.05496509222409694,False,nan,nan,False,False
974,4.87,0.0051205479999225645,0.0018066140000883024,9.798000064620283e-06,0.00013771900012216065,0.0011839300000247022,5.453299991131644e-05,0.002951490999748785,0.002236067979316736,0.0010000000000000009,0.4472135958633472,0.001914550621579306,0.05585114805423944,False,nan,nan,False,False
975,4.875,0.004877109000062774,0.0016726620001463743,9.358000170323066e-06,0.0011456390002422268,0.0012230249999447551,4.840100018554949e-05,0.003203976999884617,0.002236067978087738,0.0010000000000000009,0.44721359561754753,0.0015544800049842116,0.053718804378177124,False,nan,nan,False,False
976,4.88,0.005003869000120176,0.001966654999705497,1.1982000160060124e-05,0.002269737000005989,0.0014844370002720098,4.950299990014173e-05,0.002909111999997549,0.0022360679780363646,0.0010000000000000009,0.4472135956072729,9.16457135271317e-05,0.0536837008419803,False,nan,nan,False,False
977,4.885,0.004994750999685493,0.0015016490001471539,9.458000022277702e-06,0.001148393999756081,0.0012904610002806294,1.947700002347119e-05,0.0033682670000416692,0.0022360679776277917,0.0010000000000000009,0.4472135955255583,0.0010021323733309397,0.05479510864367563,False,nan,nan,False,False
978,4.89,0.004997336000087671,0.001854885000284412,1.1721999726432841e-05,0.0022758080003768555,0.0012744310001835402,0.00019536799982233788,0.0031191169996418466,0.0022360679774999096,0.0010000000000000009,0.4472135954999819,0.0009138854336751334,0.05491577085453441,False,nan,nan,False,False
979,4.8950000000000005,0.005092746000173065,0.001797355999769934,9.218000286637107e-06,0.0012455159999262833,0.0013617859999612847,4.907199991066591e-05,0.0029910260000178823,0.002236067977869331,0.0010000000000000009,0.44721359557386614,0.001670122990441195,0.05344328871657253,False,nan,nan,False,False
980,4.9,0.004915089999940392,0.0020029649999742105,1.296499976888299e-05,0.002277570999922318,0.0013979740001559549,5.816000020786305e-05,0.0028728329998557456,0.0022360679774997205,0.0010000000000000009,0.4472135954999441,0.0016028473549030266,0.05504976529044178,False,nan,nan,False,False
981,4.905,0.004995582999981707,0.0017386660001648124,9.116999990510521e-06,0.0011592440000640636,0.0013406459997895581,4.888200010100263e-05,0.003139405999718292,0.002236067977509653,0.0010000000000000009,0.44721359550193057,0.00024405021463563803,0.05437271189552949,False,nan,nan,False,False
982,4.91,0.005005260999951133,0.0018547149998084933,1.1953000011999393e-05,0.002279214999816759,0.001226219999807654,5.965300033494714e-05,0.0030221440001696465,0.0022360679775530416,0.0010000000000000009,0.44721359551060835,0.0008857682686878464,0.05502602045119113,False,nan,nan,False,False
983,4.915,0.00499661499998183,0.0016615509998700873,9.36700007514446e-06,0.001157280999905197,0.0012545140002657718,4.8101000174938235e-05,0.0032141060000867583,0.0022360679775229797,0.0010000000000000009,0.44721359550459594,0.0010267742009571273,0.055126322643067216,False,nan,nan,False,False
984,4.92,0.005002997000246978,0.001625581999633141,1.2322999737079954e-05,0.002274024999678659,0.0011485939999147377,4.8921999677986605e-05,0.0032577690003563475,0.00223606797753556,0.0010000000000000009,0.447213595507112,9.831511168756867e-05,0.056252691602622695,False,nan,nan,False,False
985,4.925,0.005005670999707945,0.0014871319999656407,9.788999705051538e-06,0.001169383000160451,0.0010508499999559717,4.975299998477567e-05,0.0033819830000538786,0.002236067977977783,0.0010000000000000009,0.44721359559555657,0.0023566267980203765,0.053234526607764,False,nan,nan,False,False
986,4.93,0.004996375000246189,0.00196768699970562,1.1842999811051413e-05,0.002290675999574887,0.0014077819996600738,5.2118000439804746e-05,0.002905354000176885,0.0022360679779704117,0.0010000000000000009,0.4472135955940823,1.4312984832038451e-05,0.05349602253768586,False,nan,nan,False,False
987,4.9350000000000005,0.004992436000065936,0.001730800999666826,9.36800006456906e-06,0.001163442000233772,0.0013278820001687563,4.7789999825909035e-05,0.0031588020001436234,0.0022360679781244027,0.0010000000000000009,0.4472135956248805,0.0002789755586847379,0.05487463524839559,False,nan,nan,False,False
988,4.94,0.0050194079999528185,0.0017753649999576737,1.1741999969672179e-05,0.0022946039998714696,0.0013441920000332175,6.560399970112485e-05,0.003084881999711797,0.002236067977561366,0.0010000000000000009,0.4472135955122732,0.001449763507081918,0.05333133756369383,False,nan,nan,False,False
989,4.945,0.004981054999916523,0.0017943309999282064,9.298000350099755e-06,0.0011567800002012518,0.0013657640001838445,5.1577000249380944e-05,0.0031028859998514235,0.0022360679783976663,0.0010000000000000009,0.4472135956795332,0.0018703305691439378,0.052464112370339995,False,nan,nan,False,False
990,4.95,0.005249491000085982,0.0014264779997574806,9.658000180934323e-06,0.00023563400009152247,0.0010318949998691096,5.17270000273129e-05,0.003210508999927697,0.002236067978972819,0.0010000000000000009,0.44721359579456377,0.0007118169875272996,0.05315942836968369,False,nan,nan,False,False
991,4.955,0.00475491899987901,0.0016419140001744381,9.19800004339777e-06,0.0010831610002242087,0.001227092000135599,4.8411000079795485e-05,0.00323042699983489,0.0022360679783977257,0.0010000000000000009,0.4472135956795451,0.0007117331656878562,0.0534380402029785,False,nan,nan,False,False
992,4.96,0.004990402999737853,0.0022663710001324944,9.358000170323066e-06,0.0021701890000258572,0.0016167859998859058,5.7077999827015446e-05,0.0026212090001536126,0.002236067977604312,0.0010000000000000009,0.44721359552086243,0.0016695660839536658,0.052687457512135806,False,nan,nan,False,False
993,4.965,0.005006884000067657,0.0017881300000226474,9.227000191458501e-06,0.0010280270003022451,0.0013878849999855447,4.822100027013221e-05,0.003088298999955441,0.002236067977511233,0.0010000000000000009,0.44721359550224654,0.0005774415604281325,0.05555722114136427,False,nan,nan,False,False
994,4.97,0.00499690600008762,0.001962336999895342,9.568000223225681e-06,0.002153386999907525,0.0013565859999289387,5.448299998533912e-05,0.0029204130000834994,0.0022360679776037033,0.0010000000000000009,0.44721359552074064,0.000574920269744237,0.05447648187493611,False,nan,nan,False,False
995,4.9750000000000005,0.005003196999950887,0.00171735499998249,9.256999874196481e-06,0.001029238999763038,0.0011245189998589922,5.7608000133768655e-05,0.003156398000101035,0.002236067977732159,0.0010000000000000009,0.4472135955464318,0.00042696532031363246,0.05514985578597675,False,nan,nan,False,False
996,4.98,0.0049924760000976676,0.0016591970002082235,9.147000127995852e-06,0.0021399919996838435,0.0011986589997832198,4.840100018554949e-05,0.0032585399999334186,0.00223606797750871,0.0010000000000000009,0.44721359550174195,0.0010351537556639687,0.05501606350385463,False,nan,nan,False,False
997,4.985,0.005037391999849206,0.0017164140003842476,9.296999905927805e-06,0.0010575229998721625,0.0010861159998967196,5.7577999996283324e-05,0.0030677499999001157,0.0022360679776764303,0.0010000000000000009,0.44721359553528606,0.0008700062327018107,0.053688853448791714,False,nan,nan,False,False
998,4.99,0.004848415000196837,0.0010578639999039297,4.959000307280803e-06,0.0020657919999393926,0.0008061690000431554,3.2360999739466934e-05,0.0038722260001122777,0.002236067977503423,0.0010000000000000009,0.4472135955006845,0.0012891757643279992,0.057986106846108686,False,nan,nan,False,False
999,4.995,0.005004148999887548,0.001683121000041865,6.3520001276629046e-06,0.0008667540000715235,0.0012405869997564878,5.451200013339985e-05,0.003316208999876835,0.0022360679775567114,0.0010000000000000009,0.4472135955113422,0.00047456296100013243,0.05705165515635159,False,nan,nan,False,False
