step,time_s,cycle_period_s,cycle_work_s,state_read_s,state_age_s,controller_step_s,publish_s,sleep_s,command_step_norm_rad,command_step_max_abs_rad,command_velocity_norm_rad_s,command_accel_norm_rad_s2,feedback_velocity_norm_rad_s,tcp_pose_used,tcp_pose_age_s,tcp_fk_error_norm_m,deadline_miss,period_overrun
0,0.0,nan,0.0020145779999438673,6.232000487216283e-06,0.0009635309997975128,0.0015698160004831152,5.26489993717405e-05,0.003160490000482241,0.0,0.0,0.0,0.0,6.881324225105345e-05,False,nan,nan,False,False
1,0.005,0.005300091999743017,0.0016414890005762572,9.487999705015682e-06,0.00023941699964780128,0.0011357539997334243,5.212700034462614e-05,0.0032190599995374214,3.016048684123511e-05,1.9755491814654746e-05,0.0060320973682470224,1.2064194736494045,6.710165325785056e-05,False,nan,nan,False,False
2,0.01,0.004985463000593882,0.0017131129998233519,9.346999831905123e-06,0.001329466999777651,0.0011775719995057443,5.246900036581792e-05,0.003106850000222039,1.77897296501967e-05,1.3469620178341302e-05,0.0035579459300393397,0.6976135221056525,6.547589873662218e-05,False,nan,nan,False,False
3,0.015,0.004907026000182668,0.0016759739992266987,7.735000508546364e-06,0.00013805800062982598,0.0011499009997351095,5.927100028202403e-05,0.003234840000004624,2.085946235157667e-05,1.5900454909845152e-05,0.004171892470315334,0.12485244126092632,6.317774386843666e-05,False,nan,nan,False,False
4,0.02,0.004995812999368354,0.001462975999857008,6.842999937362038e-06,0.0012359610000203247,0.0010817829997904482,4.9712999498296995e-05,0.0034521050001785625,1.761849326156803e-05,1.352488531081164e-05,0.003523698652313607,0.1331481954010805,6.103545456426218e-05,False,nan,nan,False,False
5,0.025,0.004986415000530542,0.0012573609992614365,5.810999937239103e-06,0.0002652570001373533,0.0008966260002125637,5.3820999710296746e-05,0.003654694000033487,1.4763656230112287e-05,1.1370005310373799e-05,0.0029527312460224573,0.12647089145890217,3.880498115904629e-05,False,nan,nan,False,False
6,0.03,0.0049751729993658955,0.001400079000632104,5.32000012753997e-06,0.001363649999802874,0.0010515759995541885,4.564500068227062e-05,0.003551540999978897,7.058715321509823e-06,5.8242665623708945e-06,0.0014117430643019646,0.34535749257156156,2.1412849093849218e-07,False,nan,nan,False,False
7,0.035,0.005019157000788255,0.0012260329995115171,5.521000275621191e-06,0.00022623299992119428,0.000876368999342958,5.433099977381062e-05,0.0036984159996791277,5.7318722427780035e-05,4.0178320931838485e-05,0.011463744485556007,2.0748892408650805,6.6865042391839324e-09,False,nan,nan,False,False
8,0.04,0.004987926999092451,0.0014864200002193684,5.239000529400073e-06,0.0013506859995686682,0.00105083500056935,6.600300002901349e-05,0.003458047000094666,3.8277939970362e-05,2.7973492376487386e-05,0.0076555879940724,0.7670445048151574,3.6896586480539284e-11,False,nan,nan,False,False
9,0.045,0.005017163000047731,0.0012209129999973811,5.6009994295891374e-06,0.0002485650002199691,0.0008748559994273819,5.248800061963266e-05,0.0036996790004195645,3.240652795943673e-05,2.3569671921963575e-05,0.006481305591887346,0.24012909385413372,1.152154760486468e-12,False,nan,nan,False,False
10,0.05,0.004983650000212947,0.0014091749999352032,5.259999852569308e-06,0.001308345999859739,0.0009407590005139355,4.565499966702191e-05,0.003532104999976582,2.7709664734984706e-05,2.0598444131492144e-05,0.005541932946996941,0.19346847735267841,3.5977873512425124e-14,False,nan,nan,False,False
11,0.055,0.005007664000004297,0.0011970790001214482,5.649999366141856e-06,0.0001913779997266829,0.0008590970001023379,4.629600061889505e-05,0.003733522000402445,2.3172805140283215e-05,1.5193821057746248e-05,0.004634561028056642,1.9578223923389355,2.649822761213727e-07,False,nan,nan,False,False
12,0.06,0.004994560000341153,0.001309428999775264,5.009000233258121e-06,0.00129032300083054,0.0009215930003847461,4.421199992066249e-05,0.0036358090001158416,1.246837824973748e-05,8.107570374393802e-06,0.002493675649947496,0.4370011246700748,1.1296610313848987e-09,False,nan,nan,False,False
13,0.065,0.005028122999647167,0.0012696049998339731,6.8130002546240576e-06,0.00013505199967767112,0.0008932499995353282,5.113600036565913e-05,0.003631060000770958,6.252962452649208e-06,4.832727770473368e-06,0.0012505924905298416,0.6065563679298411,3.14445274289187e-13,False,nan,nan,False,False
14,0.07,0.004967419999957201,0.0013935160004621139,5.711000085284468e-06,0.0012347790006970172,0.0009241379993909504,4.584599992085714e-05,0.003549797999767179,5.334654098091722e-06,4.7956785426179274e-06,0.0010669308196183443,0.10726140018136637,1.3405296947972503e-15,False,nan,nan,False,False
15,0.075,0.005008175000511983,0.0011974600001849467,5.28900000063004e-06,0.00012075599988747854,0.0008503799999743933,4.444299975148169e-05,0.003725435999513138,1.0358094417850996e-05,7.014792559489891e-06,0.0020716188835701995,0.3583659565997904,3.731414070137754e-19,False,nan,nan,False,False
16,0.08,0.004987817999790423,0.0013295660000949283,5.711000085284468e-06,0.0012540850002551451,0.0009332660001746262,4.4873999286210164e-05,0.003625569999712752,1.4090960020537605e-05,1.045472435761977e-05,0.002818192004107521,0.46207838380609356,1.5907602151066524e-21,False,nan,nan,False,False
17,0.085,0.005037730999902124,0.0012494860002334462,6.492000466096215e-06,0.00015097200048330706,0.0008872789994711638,5.4091000492917374e-05,0.0036500559999694815,3.075261237852412e-05,2.6311004575507724e-05,0.006150522475704823,1.1635059654124504,4.427951511759938e-25,False,nan,nan,False,False
18,0.09,0.004966346999935922,0.0014401630005522748,5.490999683388509e-06,0.001256119000572653,0.0009719079998831148,5.569400036620209e-05,0.0034990639996976824,2.050987054451604e-05,1.7215466357134446e-05,0.004101974108903208,0.42592154788392633,1.8879664647812884e-27,False,nan,nan,False,False
19,0.095,0.005007493999983126,0.0009736009997141082,5.650999810313806e-06,0.00011117800022475421,0.0006822349996582489,4.471400006877957e-05,0.00395006700000522,1.957383330401786e-05,1.6133731322920397e-05,0.0039147666608035725,0.0441764334453894,5.5382784830731076e-31,False,nan,nan,False,False
20,0.1,0.004987557999811543,0.0013020840005992795,5.249999958323315e-06,0.00122898800054827,0.0008908859999792185,4.3961999836028554e-05,0.0036545650000334717,1.5744269790577157e-05,1.0857902725591728e-05,0.0031488539581154312,0.4638585519867851,5.906322362980755e-33,False,nan,nan,False,False
21,0.105,0.005040095000367728,0.0012844020002376055,6.5529993662494235e-06,0.00015599100061081117,0.0008989809994091047,4.849099968851078e-05,0.0036145189997114358,1.4244528808215827e-05,1.0955456398287211e-05,0.0028489057616431653,0.25958719894307924,3.016294667804276e-35,False,nan,nan,False,False
22,0.11,0.00496285099961824,0.0014642280002590269,5.661000614054501e-06,0.001231592999829445,0.0009999999992942321,5.994200000714045e-05,0.0035046339999098564,1.8317099923414748e-05,1.2959742778262395e-05,0.00366341998468295,0.20696809345736175,9.416886961188961e-37,False,nan,nan,False,False
23,0.115,0.005039133000536822,0.0012130089999118354,6.151999514258932e-06,0.00012706699999398552,0.0008742150002944982,4.510399958235212e-05,0.003687444999741274,2.899724793678267e-05,2.5033670110419237e-05,0.005799449587356533,0.5925628527046478,5.1962810050998825e-39,False,nan,nan,False,False
24,0.12,0.004964384000231803,0.0013100499991196557,5.621000127575826e-06,0.0012497470006564981,0.0009097409993046313,4.48239998149802e-05,0.0036372820004544337,2.4445785743921693e-05,2.020843628880442e-05,0.004889157148784339,0.2155522316929428,1.6226195440223116e-40,False,nan,nan,False,False
25,0.125,0.005024184999456338,0.0013720360002480447,6.332000339170918e-06,0.00013282799955049995,0.0009849520001807832,4.705799983639736e-05,0.003559486999620276,5.482939584649129e-05,3.288328713213495e-05,0.010965879169298257,1.7267861507100224,8.954297187035581e-43,False,nan,nan,False,False
26,0.13,0.004996444000425981,0.0013904099996580044,5.400999725679867e-06,0.0012506290004239418,0.001032901000144193,4.4563999836100265e-05,0.003534811000463378,3.479315807226508e-05,2.5027478132821912e-05,0.006958631614453017,0.947811098362395,5.605193857299268e-45,False,nan,nan,False,False
27,0.135,0.004990702999748464,0.0012043019996781368,5.550999958359171e-06,0.00010854299944185186,0.0008598780004831497,4.5685000259254593e-05,0.0037211690005278797,3.3955063342590494e-05,2.4526791555956606e-05,0.006791012668518098,0.03767067686677581,0.0,False,nan,nan,False,False
28,0.14,0.0049926270003197715,0.001454138999179122,5.500000042957254e-06,0.001161702999525005,0.0010780960001284257,7.186399943748256e-05,0.0034791760008374695,2.8626086406954596e-05,2.045730015587388e-05,0.005725217281390919,0.7052550473034479,0.0,False,nan,nan,False,False
29,0.145,0.005000340999686159,0.0011809779998657177,5.7010001910384744e-06,0.0001181010002255789,0.0008460130002276856,4.387199987831991e-05,0.003756525000426336,2.662839035641537e-05,1.9569735504321173e-05,0.005325678071283074,0.6185125579077638,0.0,False,nan,nan,False,False
30,0.15,0.005020067999794264,0.0014305849999800557,6.4719997681095265e-06,0.001234088000273914,0.0010479290003786446,6.105400007072603e-05,0.0034858079998230096,4.661642474888271e-05,3.2157286294909326e-05,0.009323284949776542,1.1910962109181678,0.0,False,nan,nan,False,False
31,0.155,0.005021289000069373,0.001443699999981618,8.00500038167229e-06,0.0023429109996868647,0.0010256690002279356,7.951899988256628e-05,0.003453758999967249,2.787384686840607e-05,1.889968284229937e-05,0.005574769373681214,0.837487023034792,0.0,False,nan,nan,False,False
32,0.16,0.00497222900048655,0.0014218789992810343,5.720999979530461e-06,0.0009051619999809191,0.0010467370002515963,5.8628999795473646e-05,0.0034966890007126494,2.5926026886681045e-05,1.8468806061155973e-05,0.005185205377336208,0.16298614344023582,0.0,False,nan,nan,False,False
33,0.165,0.004989450999346445,0.0011971780004387256,5.881000106455758e-06,0.0005293899994285312,0.0008590070001446293,4.417299987835577e-05,0.003742709999642102,3.441393625208341e-05,2.4305683196557126e-05,0.0068827872504166835,0.367922460821761,0.0,False,nan,nan,False,False
34,0.17,0.005023574000006192,0.001463677000174357,6.6829998104367405e-06,0.0011306140004307963,0.0010941460004687542,4.5494999540096615e-05,0.0034452330000931397,2.1497858730757155e-05,1.5509763682475253e-05,0.004299571746151432,0.6281363289460329,0.0,False,nan,nan,False,False
35,0.17500000000000002,0.004976486000487057,0.0014581870000256458,5.841000529471785e-06,0.0021280000000842847,0.0010456250001880107,6.642399966949597e-05,0.0034863000000768807,2.828838636337279e-05,1.9872497493356178e-05,0.005657677272674558,0.30234626229929334,0.0,False,nan,nan,False,False
36,0.18,0.005020498999328993,0.0013862920004612533,6.082000254536979e-06,0.0010148479996132664,0.0010038569998869207,4.565600011119386e-05,0.003528549000293424,4.102917844212051e-05,3.6132372075408684e-05,0.008205835688424102,1.3627196984510979,0.0,False,nan,nan,False,False
37,0.185,0.00498083399997995,0.0011790450007538311,5.509999937203247e-06,0.000400640000407293,0.0008480359992972808,4.509399968810612e-05,0.0037572669998553465,3.945509045177632e-05,3.433960579746004e-05,0.007891018090355263,0.11769240834275249,0.0,False,nan,nan,False,False
38,0.19,0.005020589000196196,0.0014799580003455048,6.852999831608031e-06,0.0010208590001639095,0.001102552000702417,4.8099999730766285e-05,0.0034290419998797006,3.497892970981865e-05,2.4572738193415074e-05,0.00699578594196373,0.6676506608221322,0.0,False,nan,nan,False,False
39,0.195,0.004977237999810313,0.00122224599999754,5.8610003179637715e-06,0.0003857420006170287,0.0008787729993855464,4.8720999984652735e-05,0.0037115910008651554,3.174068417570448e-05,2.078580905406132e-05,0.0063481368351408956,0.16564520016425172,0.0,False,nan,nan,False,False
40,0.2,0.005001643000468903,0.0014542999997502193,5.711000085284468e-06,0.001025788000333705,0.001078226000572613,5.6195999604824465e-05,0.0034766620001391857,4.660673952917785e-05,2.7792820919964175e-05,0.009321347905835572,0.6209818330303268,0.0,False,nan,nan,False,False
41,0.20500000000000002,0.004999208999834082,0.0014795269999012817,5.4510001064045355e-06,0.0020882150001853006,0.001067696999598411,8.152300051733619e-05,0.0034620739997990313,3.788802509182927e-05,2.8824052199798734e-05,0.007577605018365855,0.6155558422072929,1.4157470218378876e-07,False,nan,nan,False,False
42,0.21,0.005029967000155011,0.0015157839998209965,6.8130002546240576e-06,0.001025799000672123,0.001120604999414354,5.372000032366486e-05,0.003383307000149216,3.7795535625163505e-05,2.8378624026132483e-05,0.0075591071250327,0.03486919811754609,1.3148676754597827e-13,False,nan,nan,False,False
43,0.215,0.004970173999936378,0.0012082299999747192,5.779999810329173e-06,0.0003933159996449831,0.0008651879998069489,4.754900055559119e-05,0.003721840000252996,7.913101537707145e-05,6.897695237421036e-05,0.01582620307541429,2.0164905513006985,1.2516405683868558e-17,False,nan,nan,False,False
44,0.22,0.004996814000151062,0.001355245000013383,5.37999949301593e-06,0.0009450569996261038,0.0009788410006876802,4.60559995190124e-05,0.003574684999875899,7.043538462839723e-05,6.120410766933487e-05,0.014087076925679443,0.4484829992157897,1.1914537079287268e-21,False,nan,nan,False,False
45,0.225,0.0049951920000239625,0.0011856569999508793,5.681000402546488e-06,0.000342100000125356,0.0008497190001435229,4.519400044955546e-05,0.0037498430001505767,6.196695995389466e-05,5.402978854871948e-05,0.012393391990778931,0.35453787235983786,1.1072258985223016e-06,False,nan,nan,False,False
46,0.23,0.005002083999897877,0.00143658700017113,5.570999746851157e-06,0.001479405999816663,0.0010127440000360366,6.806800047343131e-05,0.0035017979998883675,5.867761686480765e-05,5.07543453533478e-05,0.01173552337296153,0.2659268681948245,7.958135555532503e-06,False,nan,nan,False,False
47,0.23500000000000001,0.005006041999877198,0.0011969480001425836,5.109000085212756e-06,0.00030929799959267257,0.0008495889996993355,4.3991999518766534e-05,0.003730286000063643,5.653818919322308e-05,4.94675426418558e-05,0.011307637838644614,0.25028451813212377,0.0004002903588116624,False,nan,nan,False,False
48,0.24,0.005013093999878038,0.001549407999846153,5.670000064128544e-06,0.0015351309994002804,0.001189024000268546,4.379199981485726e-05,0.0033670060001895763,6.880394738842274e-05,5.4674856665673754e-05,0.013760789477684549,1.098926516077886,0.0003858102427329868,False,nan,nan,False,False
49,0.245,0.004986394999832555,0.001343303000794549,5.751000571763143e-06,0.00035304999983054586,0.0009950009998647147,4.238900055497652e-05,0.0035856649992638268,7.624163896401294e-05,6.70457862274704e-05,0.015248327792802588,1.0826260438208706,0.0003484622575342655,False,nan,nan,False,False
50,0.25,0.005008146000363922,0.0016400269996665884,6.210999345057644e-06,0.0013182349994167453,0.0012226560002090991,4.828000055567827e-05,0.0032772090007711085,7.680805371391704e-05,6.762666496680609e-05,0.015361610742783409,0.047178885096226975,0.0006229428108781576,False,nan,nan,False,False
51,0.255,0.004979371999979776,0.0011927300001843832,4.878999789070804e-06,0.00021678499979316257,0.0008601389999967068,4.420300047058845e-05,0.0037375599995357334,7.180845571423564e-05,6.13957728095126e-05,0.014361691142847124,0.5605272789134287,0.0006052283570170403,False,nan,nan,False,False
52,0.26,0.004991664000044693,0.0013421800003925455,4.769000042870175e-06,0.001357218000521243,0.000900664999790024,5.3930999456497375e-05,0.0036009239993290976,0.00010129248886702914,8.945648795551073e-05,0.020258497773405826,1.3926691159311058,0.0006910440279170871,False,nan,nan,False,False
53,0.265,0.005006442999729188,0.0011698680000336026,4.819000423594844e-06,0.00017660999947111122,0.000842354999804229,4.3000000005122274e-05,0.003763497999898391,9.66120417965697e-05,8.503653120140294e-05,0.019322408359313935,0.27113723359793035,0.0006522277253679931,False,nan,nan,False,False
54,0.27,0.005002324000088265,0.0015881999997873208,5.37999949301593e-06,0.0013413679998848238,0.0011832930003947695,4.426299983606441e-05,0.0033626590002313606,8.849913796243219e-05,7.577210296130043e-05,0.01769982759248644,0.6819477607359448,0.000665028637740761,False,nan,nan,False,False
55,0.275,0.005032732000472606,0.0012404499993863283,6.402000508387573e-06,0.0002577719997134409,0.0008845440006552963,4.7589000132575165e-05,0.0036591420002878294,9.046557125107405e-05,7.90775093285304e-05,0.01809311425021481,0.4072253985026332,0.0006922347820363939,False,nan,nan,False,False
56,0.28,0.004960696999660286,0.0013906399999541463,5.128999873704743e-06,0.0013931350003986154,0.0010216310001851525,6.31279999652179e-05,0.003551873000105843,0.00011841254360928862,9.853483892236035e-05,0.02368250872185772,1.453779157809339,0.002460382878780365,False,nan,nan,False,False
57,0.28500000000000003,0.005001593000088178,0.0011914280003111344,4.6590002966695465e-06,0.00014309700054582208,0.0008636349994048942,4.407300002640113e-05,0.0037552829999185633,0.00011446232910515436,9.690074265036251e-05,0.022892465821030872,0.30849299446198636,0.0017467556754127145,False,nan,nan,False,False
58,0.29,0.005021871000280953,0.0017056199994840426,6.3220004449249245e-06,0.0012884289999419707,0.0011641669998425641,4.624600023817038e-05,0.0032270350002363557,0.00010995383288077187,9.54966856486445e-05,0.021990766576154376,0.5638033663188824,0.001371595193631947,False,nan,nan,False,False
59,0.295,0.005021891999604122,0.0016777669998191413,6.833000043116044e-06,0.00016953700014710193,0.0012146709996159188,4.635599998437101e-05,0.0032222959998762235,0.00010763260462971094,9.427843606400039e-05,0.021526520925942188,0.5227925513334256,0.0012280727781748694,False,nan,nan,False,False
60,0.3,0.004962308999893139,0.0013210110000727582,5.7099996411125176e-06,0.0012945609996677376,0.0009728889999678358,4.4452999645727687e-05,0.003619287999754306,0.00011488642509625844,9.883551331848632e-05,0.02297728501925169,0.7053430269244987,0.0026131729710645295,False,nan,nan,False,False
61,0.305,0.005011422000279708,0.0013698020002266276,5.83099972573109e-06,0.00015853700006118743,0.0010236040006930125,4.315100068197353e-05,0.0035654269995575305,0.00012325519083959753,0.00010865910939566721,0.024651038167919505,0.9400982502362528,0.001951874888087323,False,nan,nan,False,False
62,0.31,0.00500993900004687,0.0014810299999226118,6.252000275708269e-06,0.001245479000317573,0.0011126110002805945,4.4223000259080436e-05,0.003474346999610134,0.0001232039744414342,0.00010787590957550607,0.024640794888286844,0.4213203380994875,0.0011429102646542725,False,nan,nan,False,False
63,0.315,0.005028182999922137,0.0012417520001690718,5.990999852656387e-06,0.00012433299980330048,0.0009050620001289644,4.2179000047326554e-05,0.003657068999928015,0.00014388657943003168,0.00012210769199613847,0.028777315886006332,1.1140027970487756,0.0016527604440620283,False,nan,nan,False,False
64,0.32,0.004997035000087635,0.001643953999518999,7.685000127821695e-06,0.0011997940000583185,0.0012260330004210118,4.5976000365044456e-05,0.0032868470007088035,0.0001387255886790813,0.00011925863560881557,0.02774511773581626,0.3456787381461975,0.002928121832271725,False,nan,nan,False,False
65,0.325,0.004992144999960146,0.0014321890002975124,4.929000169795472e-06,0.00010557699988567038,0.001034965999679116,7.35970006644493e-05,0.00345713499973499,0.00014980319467851937,0.00012917803245766197,0.029960638935703877,2.462987993422515,0.001660671965175608,False,nan,nan,False,False
66,0.33,0.004960817000210227,0.0015749359999972512,5.689999852620531e-06,0.0011540379991856753,0.001201948000016273,4.387199987831991e-05,0.003356546999384591,0.00014864349441744213,0.00013105174840378307,0.029728698883488426,0.9556240994435188,0.0016829401973677857,False,nan,nan,False,False
67,0.335,0.0050040480000461685,0.0013293859992700163,7.353000000875909e-06,0.0022353199992721784,0.0009971950003091479,4.2720000237750355e-05,0.0036166640002193162,0.00014828644380324795,0.0001308310341726907,0.02965728876064959,0.09357304450029194,0.003595073182906312,False,nan,nan,False,False
68,0.34,0.005044693999479932,0.0015770190002513118,7.323999852815177e-06,0.0011208960004296387,0.0011981800007561105,4.6256999667093623e-05,0.003319948999887856,0.00014811455534866224,0.00013016952600082928,0.029622911069732444,0.728436928022319,0.0022849234023762217,False,nan,nan,False,False
69,0.34500000000000003,0.004959054000210017,0.0011760190000131843,5.200000487093348e-06,0.000498521999361401,0.0008383280000998639,4.3602000005193986e-05,0.0037539599998126505,0.00020845249364868958,0.0001783016867774729,0.04169049872973791,2.6318144561433576,0.001624209540130586,False,nan,nan,False,False
70,0.35000000000000003,0.005002775999855658,0.0016414889996667625,5.310000233293977e-06,0.0010140570002477034,0.0012337070002104156,4.322099994169548e-05,0.0032843819999470725,0.00020274815765552553,0.0001744257262672632,0.040549631531105114,0.34546714581049476,0.003172171744834826,False,nan,nan,False,False
71,0.355,0.005015558999730274,0.0014433890000873362,5.821000740979798e-06,0.0004226299997753813,0.0010303469998689252,7.578199983981904e-05,0.0034801880001396057,0.00019624155954193454,0.0001694284912191887,0.03924831190838691,0.3277542006353462,0.003688575041620689,False,nan,nan,False,False
72,0.36,0.005024386000513914,0.0016683399999237736,7.7539998528664e-06,0.0010205680000581197,0.0012848730002588127,4.8099999730766285e-05,0.0032141299998329487,0.00018594808515920726,0.0001616424444613496,0.037189617031841454,0.5998414930128932,0.0037778670113384413,False,nan,nan,False,False
73,0.365,0.004942091999510012,0.0011918790005438495,5.169999894860666e-06,0.0003845790006380412,0.0008536870000170893,5.1775999963865615e-05,0.003744962999917334,0.00017328080046666948,0.00015098957938911527,0.034656160093333895,0.5374719106995011,0.0030664085197778367,False,nan,nan,False,False
74,0.37,0.004999439000130224,0.0013517480001610238,4.949999492964707e-06,0.0009570499996698345,0.0009995290001825197,5.687700013368158e-05,0.003598700000111421,0.00018144757710868113,0.0001576345204394547,0.036289515421736224,0.8211308832049369,0.0051416264734722265,False,nan,nan,False,False
75,0.375,0.005026720999921963,0.00169682300020213,6.512000254588202e-06,0.0021103369999764254,0.0012352590001682984,5.507300011231564e-05,0.0032643439999446855,0.00017741127872658048,0.00015481498237392719,0.03548225574531609,0.9793598655338028,0.004585115334139978,False,nan,nan,False,False
76,0.38,0.005059291000179655,0.0015383760000986513,7.483999979740474e-06,0.001076552999620617,0.0011445200007074163,4.6086000111245085e-05,0.0033177750001414097,0.00017931073014729087,0.00015647459360771277,0.03586214602945817,0.32565811299096803,0.003451275868100226,False,nan,nan,False,False
77,0.385,0.0049191389998668456,0.0011763299999074661,5.560000317927916e-06,0.000326401000165788,0.0008475150007143384,4.267999975127168e-05,0.0037655920004908694,0.0002702374744766621,0.00023431073288322118,0.05404749489533243,3.833423966256979,0.003967716448620693,False,nan,nan,False,False
78,0.39,0.005013075000533718,0.0015897619996394496,6.121000296843704e-06,0.0009777690002010786,0.0012267849997442681,4.3992999962938484e-05,0.003335188000164635,0.00026047173023278713,0.00022644990379346627,0.052094346046557424,0.5224284276173623,0.0035268038843541223,False,nan,nan,False,False
79,0.395,0.0049909029994523735,0.00118164000014076,5.270000656310003e-06,0.00033024799995473586,0.0008495990005030762,4.42830005340511e-05,0.003749530999812123,0.0002530894188467554,0.00022033918032485374,0.05061788376935107,0.3882367745601524,0.0035741694062634715,False,nan,nan,False,False
80,0.4,0.004996714000299107,0.0016030480001063552,5.7309998737764545e-06,0.0009590939998815884,0.0011932809993595583,4.737800009024795e-05,0.003337932000249566,0.00024347703652621952,0.00021211958052991763,0.04869540730524391,0.4736061194041244,0.0045742665096158075,False,nan,nan,False,False
81,0.405,0.005006862999834993,0.0012175769998066244,5.7609995565144345e-06,0.00036943099985364825,0.0008704080000825343,4.547500066109933e-05,0.003717571999914071,0.00023372987386702525,0.00020363947040457947,0.046745974773405044,0.45326651566403775,0.006707302649251503,False,nan,nan,False,False
82,0.41000000000000003,0.005000330999791913,0.0014139550003164914,5.681000402546488e-06,0.0009967940004571574,0.0010672159996829578,4.4252999941818416e-05,0.003528197000377986,0.00022120634780258198,0.00019240381030091844,0.0442412695605164,0.6482124564583813,0.004614014486643805,False,nan,nan,False,False
83,0.41500000000000004,0.005008256000110123,0.0011877110000568791,5.4299998737405986e-06,0.0003976640000473708,0.0008448900007351767,4.3121000089740846e-05,0.0037349149997680797,0.0001861242492176646,0.00016039347129127163,0.037224849843532914,1.5574024292288882,0.006048310004393826,False,nan,nan,False,False
84,0.42,0.004986806000488286,0.0016202789993258193,5.1590004659374245e-06,0.000978229999418545,0.0012164239997218829,4.6967999878688715e-05,0.003314438999950653,0.0002044303526436379,0.00017760303665047533,0.04088607052872758,0.8443065318374173,0.006358007755564908,False,nan,nan,False,False
85,0.425,0.0049997689993688255,0.001194344000396086,5.29000044480199e-06,0.00036760800048796227,0.0008622320001450134,4.3541000195546076e-05,0.003740625000318687,0.00018465523454621208,0.00015712179960658133,0.03693104690924242,0.8579355657461462,0.005598352503223576,False,nan,nan,False,False
86,0.43,0.0049986780004473985,0.0013846299998476752,5.619999683403876e-06,0.0009685209997769562,0.0010315889994672034,4.4133000301371794e-05,0.00355162100004236,0.00021575409653720848,0.00018837292389828624,0.04315081930744169,2.0762749850474043,0.005928364640575042,False,nan,nan,False,False
87,0.435,0.004999830000087968,0.0011694269996951334,5.921000592934433e-06,0.00020452299941098318,0.0008423750005022157,4.203899970889324e-05,0.0037638290004906594,0.00019377289636915494,0.0001662565796008295,0.03875457927383098,1.1488995614010307,0.0048543499309424126,False,nan,nan,False,False
88,0.44,0.004999068999495648,0.0013492230000338168,5.640000381390564e-06,0.0013095490003252053,0.0009992490004151477,4.275000082998304e-05,0.0036009340001328383,0.00018944416692887094,0.00016183980520783129,0.03788883338577419,0.25303470322611865,0.0055824791018014705,False,nan,nan,False,False
89,0.445,0.005034505000367062,0.0012487349995353725,6.682000275759492e-06,0.00018885300050897058,0.0008858370001689764,5.394999971031211e-05,0.003655235000223911,0.000165806506186072,0.00013611806670942787,0.0331613012372144,1.3208515292141185,0.005903617685784006,False,nan,nan,False,False
90,0.45,0.004967689999830327,0.001465459999963059,5.529999725695234e-06,0.0013011040000492358,0.0009641930000725552,7.596199975523632e-05,0.003473294999821519,0.0002085104715645997,0.00017889439104475417,0.04170209431291994,1.808415771301611,0.005200995077823533,False,nan,nan,False,False
91,0.455,0.005006733000300301,0.0011916479998035356,5.359999704523943e-06,0.00012589499965542927,0.0008559500001865672,4.511399947659811e-05,0.0037400040000648005,0.0001942254835857163,0.00016408202723950359,0.038845096717143264,0.6236523343368502,0.0049485874450678185,False,nan,nan,False,False
92,0.46,0.004996783999558829,0.0012829190000047674,5.169999894860666e-06,0.0012132490001022234,0.0008768500001679058,4.465300025913166e-05,0.003686914999889268,0.00017432538945192402,0.00014347278518754146,0.0348650778903848,0.8666698276856845,0.00441250577485525,False,nan,nan,False,False
93,0.465,0.0050475490006647306,0.0013909409999541822,6.082000254536979e-06,0.00013216800016380148,0.0009915439995893394,5.539399990084348e-05,0.003509833999487455,0.00017734124973587973,0.00014849214625621847,0.03546824994717594,0.7153725191026369,0.006321477786693671,False,nan,nan,False,False
94,0.47000000000000003,0.0049670689995764405,0.001309107999986736,5.7309998737764545e-06,0.0012517209997895407,0.0009261320001314743,4.511400038609281e-05,0.003642040999693563,0.00016656719252910242,0.00013385534029653097,0.03331343850582049,0.8035411923844729,0.005040841202694667,False,nan,nan,False,False
95,0.47500000000000003,0.005019797000386461,0.0012092009992556996,5.8910000007017516e-06,0.00011859200003527803,0.0008719010002096184,4.499399983615149e-05,0.0036849610005447175,0.00017399527607522724,0.0001363523996316038,0.03479905521504545,1.5852757738489043,0.005039781678930102,False,nan,nan,False,False
96,0.48,0.004959834999681334,0.0012882800001534633,5.309999323799275e-06,0.0012356309998722281,0.0008845040001688176,4.4193000576342456e-05,0.0036489630001597106,0.0001652381843508335,0.00013276980173107522,0.0330476368701667,1.6062987398733364,0.00482590991930469,False,nan,nan,False,False
97,0.485,0.005000721999749658,0.001181399000415695,5.34999981027795e-06,0.0001977600004465785,0.0008498300003338954,4.3230999835941475e-05,0.0037623560001520673,0.00020135787582763794,0.00015496989564125563,0.04027157516552759,2.698670210336121,0.004264381383734234,False,nan,nan,False,False
98,0.49,0.005029245000514493,0.0014268589993662317,6.563000169990119e-06,0.0012941300001330092,0.0010345350001443876,5.679600053554168e-05,0.0035129090001646546,0.00018309454128888418,0.00014340146897437748,0.03661890825777683,1.1335109313470888,0.004451126093659447,False,nan,nan,False,False
99,0.495,0.005007944999306346,0.0012099530003979453,5.491000592883211e-06,0.00012014500043733278,0.0008672920002936735,5.012399924453348e-05,0.003693566999572795,0.00016216227735145708,0.00012841425713843867,0.03243245547029141,1.781587178706865,0.003645684268059223,False,nan,nan,False,False
100,0.5,0.004969243000232382,0.0013186360001782305,5.310000233293977e-06,0.0012125069997637183,0.0009004439998534508,4.48239998149802e-05,0.0036323129997981596,0.00019259855327053983,0.00015231073053307924,0.03851971065410797,1.9536478550385086,0.003908419084958104,False,nan,nan,False,False
101,0.505,0.00502057900030195,0.001266537999981665,5.9910007621510886e-06,0.00011790999997174367,0.000901626000086253,5.2117999985057395e-05,0.0036515789997793036,0.00016975894337338478,0.00013238581909611326,0.03395178867467696,1.410379184032683,0.004492459608745096,False,nan,nan,False,False
102,0.51,0.005001773000003595,0.00150631699943915,6.873000529594719e-06,0.0011946340000577038,0.0010985139997501392,4.777999947691569e-05,0.003423101999942446,0.00026476792606551313,0.00020966366915439998,0.052953585213102616,4.371920491012213,0.003984217986884902,False,nan,nan,False,False
103,0.515,0.004998898999474477,0.001290101999984472,6.382000719895586e-06,0.00012140700073359767,0.000906985999790777,4.879100015386939e-05,0.003618497000388743,0.0002443752827605047,0.00019385646537022744,0.048875056552100934,0.9371986387427046,0.004709037811458351,False,nan,nan,False,False
104,0.52,0.00497606499993708,0.0014135540004645009,5.4809997891425155e-06,0.0011682849999488099,0.0010563050000200747,4.5094000597600825e-05,0.0035667000001922133,0.00021898432912021253,0.00017461204737799886,0.043796865824042505,1.3149262857788462,0.0052493738441441755,False,nan,nan,False,False
105,0.525,0.005048742000326456,0.0012750639998557745,5.881000106455758e-06,0.00012005400003545219,0.0008965070001067943,4.4843999603472184e-05,0.0036188180001772707,0.00019296747740161149,0.00015498107004207934,0.038593495480322294,1.7789316849644523,0.006095891890445326,False,nan,nan,False,False
106,0.53,0.0049778590000642,0.0014738760000909679,6.462000783358235e-06,0.001233637000041199,0.001096521000363282,4.860100034420611e-05,0.003462634999777947,0.00021125269256283416,0.00016861213186675976,0.04225053851256683,1.3523660202963501,0.004840976611237486,False,nan,nan,False,False
107,0.535,0.005003596999813453,0.0012252010001247982,5.470000360219274e-06,0.00011503599944262533,0.0008807969998088083,5.0104000365536194e-05,0.0036830380004175822,0.00023269094527165766,0.0001761951163894624,0.04653818905433153,3.722178344522731,0.004062046609946507,False,nan,nan,False,False
108,0.54,0.004974442000275303,0.001323585000136518,5.711000085284468e-06,0.0012380750004012953,0.000901925999642117,5.5633999181736726e-05,0.003617274999669462,0.0002300497619210321,0.00017931062967087362,0.04600995238420642,1.0088708424800719,0.005251627954184326,False,nan,nan,False,False
109,0.545,0.005007984999792825,0.001181921000352304,5.6799999583745375e-06,0.00011190899931534659,0.0008512419999533449,4.328100021666614e-05,0.0037412459996630787,0.00023210661701265556,0.00018507196747144451,0.046421323402531106,1.277386794470888,0.005445740820695977,False,nan,nan,False,False
110,0.55,0.0049997300002360134,0.0015408319995913189,6.121000296843704e-06,0.0010986950001097284,0.0009456790003241622,4.942199939250713e-05,0.003382846000022255,0.000250207523080997,0.0002061817927636238,0.05004150461619939,1.5241653565141045,0.004802503933641609,False,nan,nan,False,False
111,0.555,0.0049916050002138945,0.0014971299997341703,7.5240004662191495e-06,0.002283810999870184,0.0010766639998109895,9.134100037044846e-05,0.0034397119998175185,0.00025584721996583517,0.00019978554594615294,0.05116944399316704,2.675419989118053,0.005316999330693824,False,nan,nan,False,False
112,0.56,0.005008266000004369,0.0014040449996173265,5.780999345006421e-06,0.0012572810001074686,0.000919158999749925,4.539499968814198e-05,0.0035274069996376056,0.00026142913201152187,0.00020876115825076537,0.052285826402304364,1.5526129281203316,0.005015111484719509,False,nan,nan,False,False
113,0.5650000000000001,0.004998426999918593,0.0011904459997822414,5.720999979530461e-06,0.00011129799986520084,0.000852774999657413,4.398200053401524e-05,0.0037395230001493474,0.00027338702671485205,0.00022339284729841957,0.05467740534297041,1.6122776971976052,0.005821133741656032,False,nan,nan,False,False
114,0.5700000000000001,0.004995802999474108,0.0014585469998564804,5.5199998314492404e-06,0.00126758999977028,0.0008909959997254191,7.589100005134242e-05,0.003477844000371988,0.000271507250247232,0.0002064772908364305,0.0543014500494464,3.917994974043054,0.006393483705546559,False,nan,nan,False,False
115,0.5750000000000001,0.0050124630006394,0.001243795999471331,6.131000191089697e-06,0.00012589600009960122,0.0008892030000424711,4.6567000026698224e-05,0.0036747720005223528,0.0002786835443141115,0.00021938499005412092,0.0557367088628223,1.7385149143810468,0.005695623724789983,False,nan,nan,False,False
116,0.58,0.004984040999261197,0.001391381000757974,5.7309998737764545e-06,0.0012470020001273951,0.000890304999302316,4.62970001535723e-05,0.0035487069999362575,0.0003008090070539983,0.0002430680910754622,0.06016180141079966,2.131511087197517,0.006476681482233792,False,nan,nan,False,False
117,0.585,0.005004609000025084,0.001184955000098853,5.521000275621191e-06,0.00041206100013368996,0.0008429070003330708,4.449300013220636e-05,0.003746987999875273,0.00028445568490419285,0.0002263758966569746,0.05689113698083857,2.602371489901593,0.008250112374444379,False,nan,nan,False,False
118,0.59,0.004999499000405194,0.0013603639999928419,5.310000233293977e-06,0.0014852969998173648,0.0010175629995501367,4.52840004072641e-05,0.0035774199996012612,0.00031597105027401793,0.0002531459255488452,0.06319421005480358,2.8366909307667036,0.007294359528695082,False,nan,nan,False,False
119,0.595,0.005021050000323157,0.001249145999281609,7.062999429763295e-06,0.00029762699978164164,0.0008820190005280892,5.408099968917668e-05,0.0036585820007530856,0.00029454527465357425,0.00023466230416663465,0.058909054930714855,2.3218012863944644,0.007656258295931031,False,nan,nan,False,False
120,0.6,0.0049743519994081,0.0014720730005137739,5.660999704559799e-06,0.0014541789996656007,0.0011025020003216923,5.89400005992502e-05,0.0034701389995461795,0.0003299728226334824,0.00026252315067347605,0.06599456452669648,2.935508036271902,0.008017270851691358,False,nan,nan,False,False
121,0.605,0.005011311000089336,0.0012525530000857543,5.670000064128544e-06,0.00032968699997582007,0.000870256999405683,5.339899962564232e-05,0.0036674880002465216,0.0003189930524594161,0.00025619898356788254,0.06379861049188322,2.17723177055507,0.006792246831193053,False,nan,nan,False,False
122,0.61,0.004987557999811543,0.0013765740004600957,5.300000339047983e-06,0.001406178999786789,0.0010228929995719227,4.508399979386013e-05,0.0035674210002980544,0.0003621600710412093,0.00028790241257816806,0.07243201420824187,3.2785363271250425,0.008020143762172931,False,nan,nan,False,False
123,0.615,0.0050295650007683435,0.0012599769997905241,6.7320006564841606e-06,0.00037880799936829135,0.000891457000761875,5.417100055638002e-05,0.003642881999439851,0.0003476010900862755,0.00028221690673783766,0.0695202180172551,2.397825426778384,0.00852746225062843,False,nan,nan,False,False
124,0.62,0.004966938999132253,0.0013827050006511854,5.711000085284468e-06,0.0009046409995789872,0.0010361280001234263,4.553500002657529e-05,0.0035533049995137844,0.0003787000391418369,0.0002963721835563082,0.07574000782836737,3.0898656843819747,0.008094713490918287,False,nan,nan,False,False
125,0.625,0.0049979160003204015,0.0014153869997244328,5.169999894860666e-06,0.0019751640002141357,0.0010394230002930271,5.5283000619965605e-05,0.0035458310003377846,0.0003713659787754738,0.0003004470699556792,0.07427319575509475,2.4934543054545184,0.008287422964456934,False,nan,nan,False,False
126,0.63,0.005027672000323946,0.0013530400001400267,5.49000014871126e-06,0.001454860999729135,0.0010113810003531398,4.508399979386013e-05,0.0035707379993255017,0.0003545789138005653,0.000284674442996074,0.07091578276011307,0.7989650906977054,0.007882176355685572,False,nan,nan,False,False
127,0.635,0.005005790999348392,0.0012683620007010177,6.772000233468134e-06,0.00038079200021456927,0.0008916880005926942,5.425200015451992e-05,0.0036384539998834953,0.0004947686691922471,0.00039716495388458935,0.09895373383844945,7.446963364775128,0.008048856487262586,False,nan,nan,False,False
128,0.64,0.004974463000507967,0.0015231580000545364,5.940999471931718e-06,0.0013916230000177165,0.001141134000135935,4.6818000555504113e-05,0.003408744999433111,0.0004706316158858595,0.00037817981736454256,0.0941263231771719,1.31239923367085,0.009010860763000663,False,nan,nan,False,False
129,0.645,0.005028292999668338,0.0012086900005670032,5.2699997468153015e-06,0.0001502009999967413,0.000870428000780521,4.7670000640209764e-05,0.0036992979994465713,0.00044583633851666437,0.0003590341602406257,0.08916726770333287,1.3567511991211902,0.00920139301659957,False,nan,nan,False,False
130,0.65,0.00497430199993687,0.0015063270002428908,5.439999767986592e-06,0.0012485950001064339,0.0011505720003697206,4.370199985714862e-05,0.003472725000392529,0.00040588004083846673,0.00032570310146012534,0.08117600816769334,2.2134247622215315,0.013215505409503775,False,nan,nan,False,False
131,0.655,0.005062236999947345,0.0012606469999809633,6.491999556601513e-06,0.00019087700002273777,0.0008875299999999697,4.581600023811916e-05,0.0036015660007251427,0.0003593503827877348,0.0002816723013099253,0.07187007655754696,2.581893207295381,0.01254600934215195,False,nan,nan,False,False
132,0.66,0.004925050000565534,0.0014873210002406267,4.949999492964707e-06,0.0012547269998322008,0.0009607369993318571,5.4100999477668665e-05,0.0034546209999462008,0.00043532322175125255,0.00035247674953369813,0.0870646443502505,4.097487898083623,0.01212133778047994,False,nan,nan,False,False
133,0.665,0.005005070000152045,0.0011694269996951334,5.550999958359171e-06,0.00021793799987790408,0.0008420250005656271,4.3400999857112765e-05,0.003763959000025352,0.00040954872233552503,0.0003257751518907434,0.08190974446710501,1.310456537396741,0.011939309026340801,False,nan,nan,False,False
134,0.67,0.004999408999537991,0.0013906909998695482,5.38099993718788e-06,0.001345896999737306,0.0009257310002794839,4.5694999244005885e-05,0.0035574820003603236,0.00036651920182960814,0.00027778048522893607,0.07330384036592162,3.573592506278684,0.01174976152219991,False,nan,nan,False,False
135,0.675,0.005034153999986302,0.001252672999726201,7.122999704733957e-06,0.00026964399967255304,0.0008961559997260338,5.445199985842919e-05,0.003656007000245154,0.00039656368313580227,0.0003129062509370276,0.07931273662716044,2.6711612714941477,0.011170854262979313,False,nan,nan,False,False
136,0.68,0.004984191000403371,0.0013988459995744051,6.212000698724296e-06,0.0008303630002046702,0.0010461270003361278,4.489399998419685e-05,0.003530021000187844,0.00037417503333083985,0.0002758930760226805,0.07483500666616796,1.65918752095889,0.010765944782981991,False,nan,nan,False,False
137,0.685,0.004994580000129645,0.0011817499998869607,5.419999979494605e-06,0.00024987699998746393,0.0008414839994657086,4.4754000555258244e-05,0.003741116000128386,0.0004588035526123284,0.0003703575499179766,0.09176071052246568,4.078082418026269,0.011108493016885617,False,nan,nan,False,False
138,0.6900000000000001,0.004989620999367617,0.0014795570004935144,5.419999979494605e-06,0.001382326000566536,0.0009522410000499804,5.451200013339985e-05,0.0034615429995028535,0.0004321610366933452,0.00033999060413860555,0.08643220733866905,1.248767794693086,0.010882997663756538,False,nan,nan,False,False
139,0.6950000000000001,0.005018083999857481,0.001340527000138536,6.200999450811651e-06,0.00026225100009469315,0.0009572999997544684,4.601700038620038e-05,0.0035887710000679363,0.00038661587251873905,0.0002882871675802252,0.0773231745037478,2.131904674472275,0.009203957912424362,False,nan,nan,False,False
140,0.7000000000000001,0.0049969550000241725,0.001458898000237241,5.851000423717778e-06,0.0013622679998661624,0.0010001499995269114,5.662500007019844e-05,0.0034652599997571087,0.0004981585730438042,0.0004073630500871623,0.09963171460876086,4.918189372441343,0.010739146686853763,False,nan,nan,False,False
141,0.705,0.004989220000425121,0.0012162650000391295,5.511000381375197e-06,0.00023900700034573674,0.00087121000069601,4.732900015369523e-05,0.00372514599985152,0.00046743162076063764,0.0003730480515410123,0.09348632415212751,1.405841031290829,0.010133787993309839,False,nan,nan,False,False
142,0.71,0.00501886599977297,0.0014415659998121555,6.242000381462276e-06,0.0008491680000588531,0.0010689390001061838,6.547199973283568e-05,0.0034779329998855246,0.00042678589060991573,0.0003259911011669961,0.08535717812198315,1.9158714213636816,0.00919392065611243,False,nan,nan,False,False
143,0.715,0.004999028000383987,0.0013410779993137112,6.201000360306352e-06,0.0002491059995008982,0.0009430230002180906,4.6597000618930906e-05,0.0035706870003195945,0.000497598023594363,0.00040218145766670113,0.0995196047188726,4.076483351257584,0.014783729335331836,False,nan,nan,False,False
144,0.72,0.0049741419998099445,0.0013852499996573897,5.570999746851157e-06,0.0013706330000786693,0.0010286830001859926,4.637700021703495e-05,0.0035553289999370463,0.0004412778850183526,0.00034066264363819595,0.08825557700367051,3.0212100450969013,0.012178693723471646,False,nan,nan,False,False
145,0.725,0.005008295999687107,0.0011877810002260958,5.840999619977083e-06,0.0002430340000501019,0.0008553799998480827,4.480299958231626e-05,0.003758298000320792,0.0004615934704296518,0.00035087238165263605,0.09231869408593035,0.9219907663840096,0.010194908404939227,False,nan,nan,False,False
146,0.73,0.00503801100057899,0.001452296000024944,7.24300025467528e-06,0.001359812999908172,0.001036216999636963,5.015300030208891e-05,0.003443689999585331,0.0004227244959764905,0.000306386593418472,0.0845448991952981,2.451126817782931,0.012643482193103519,False,nan,nan,False,False
147,0.735,0.004965705999893544,0.0012662479994105524,5.711000085284468e-06,0.0003479409997453331,0.0009101819996431004,5.53640002181055e-05,0.0036692520006909035,0.0005102364909858224,0.0003960279134259436,0.10204729819716447,4.232080067995546,0.013241056573857261,False,nan,nan,False,False
148,0.74,0.005019406999963394,0.0014410249996217317,6.4719997681095265e-06,0.0013227029994595796,0.0010588600007395144,5.7517000641382765e-05,0.0034710810004980885,0.0004718195743112349,0.00035340280052885593,0.09436391486224698,1.8011788955915184,0.011469214987702531,False,nan,nan,False,False
149,0.745,0.00498167600017041,0.0012566299992613494,5.631000021821819e-06,0.00024119099998642923,0.0008976389999588719,5.569399945670739e-05,0.003669182000521687,0.0004304828435863912,0.00030265964039686774,0.08609656871727824,3.2452486817659234,0.01019099023910018,False,nan,nan,False,False
150,0.75,0.0049908929995581275,0.0014007299996592337,5.8910000007017516e-06,0.0013622779997604084,0.0010513560000617872,4.726800034404732e-05,0.0035503690005498356,0.0004889624403293462,0.00036761181593386507,0.09779248806586927,3.659567929325964,0.013320659528373994,False,nan,nan,False,False
151,0.755,0.005019426999751886,0.0011884320001627202,6.202000804478303e-06,0.0002791219994833227,0.0008427160000792355,4.595599966705777e-05,0.0038615620005657547,0.00044575450948819873,0.0003162601877693856,0.08915090189763976,2.2165753463961737,0.011596371537361753,False,nan,nan,False,False
152,0.76,0.0052447580001171445,0.0014495810000880738,7.673999789403751e-06,0.0016666769997755182,0.0010709930002121837,4.7027999244164675e-05,0.0032238490002782783,0.0005771402589218591,0.0004531086632403279,0.11542805178437181,5.870669946640776,0.01073888925456046,False,nan,nan,False,False
153,0.765,0.004743110000163142,0.001213339000059932,6.021999979566317e-06,0.00023817600049369503,0.0008726019996174728,4.6115999793983065e-05,0.003720888000316336,0.000540662863624416,0.0004122139680766577,0.10813257272488322,1.699381482885473,0.012211873392649888,False,nan,nan,False,False
154,0.77,0.005002284000511281,0.001392313999531325,5.560000317927916e-06,0.001350675000139745,0.0010267899997415952,5.07949998791446e-05,0.003543265999724099,0.00048263683507009325,0.00034587968435935727,0.09652736701401865,2.7997740228133767,0.01214941051749505,False,nan,nan,False,False
155,0.775,0.005003657999623101,0.0011953849998462829,5.610000698652584e-06,0.0002302410002812394,0.0008635550002509262,4.404300034366315e-05,0.003733001000000513,0.0005483636157084247,0.0004250727819446196,0.10967272314168494,3.2366953457160426,0.014459640442876318,False,nan,nan,False,False
156,0.78,0.005011520999687491,0.0013915529998485,6.6230004449607804e-06,0.0013677080005436437,0.0009909430000334396,4.7759999688423704e-05,0.003527476000272145,0.0005022726502278288,0.0003670401721093909,0.10045453004556576,2.3930700594528376,0.014095460568742606,False,nan,nan,False,False
157,0.785,0.0049857740004881634,0.0012076279999746475,5.820000296807848e-06,0.00022813700070400955,0.0008676429997649393,4.6877999920980074e-05,0.0037235039999359287,0.0005692758514824535,0.00043619106362646895,0.11385517029649071,3.1234303591028896,0.012429809411128846,False,nan,nan,False,False
158,0.79,0.004998867999347567,0.0013719960006710608,5.1590004659374245e-06,0.0013535609996324638,0.001013194999359257,4.59060001958278e-05,0.0035526940000636387,0.0005084237119871789,0.0003613176932544793,0.10168474239743579,3.1449524851696102,0.015262597376268443,False,nan,nan,False,False
159,0.795,0.004988880000382778,0.0011960370002270793,5.339999916031957e-06,0.000216424999962328,0.0008655390001877095,4.51340001745848e-05,0.0037411960001918487,0.0006179879918572972,0.0004799672836868006,0.12359759837145945,5.323370662153184,0.01369072768024952,False,nan,nan,False,False
160,0.8,0.005000049999580369,0.001478395000049204,5.6110002333298326e-06,0.0013386029995672288,0.000979261999418668,5.764799971075263e-05,0.003462143999968248,0.0005746122829433352,0.00043070271028946725,0.11492245658866701,2.082769908912476,0.015457824577919579,False,nan,nan,False,False
161,0.805,0.0050126240003010025,0.001240229999893927,5.560999852605164e-06,0.00022599299973080633,0.0008831709992591641,5.3029999435239006e-05,0.0036860629998045624,0.0005189793822643046,0.00036910539850514663,0.10379587645286092,3.1925281271204518,0.014374599528385984,False,nan,nan,False,False
162,0.81,0.004991935000361991,0.0013543029999709688,5.640999916067813e-06,0.0013452359999064356,0.0010116820003531757,4.602599983627442e-05,0.0035766189994319575,0.0006023713190455221,0.00045195415425078843,0.12047426380910443,5.247533338330565,0.015260966457150717,False,nan,nan,False,False
163,0.8150000000000001,0.004989059999388701,0.0011770010005420772,5.238999619905371e-06,0.00021607399958156748,0.0008490580003126524,4.5636000322701875e-05,0.003768237000258523,0.0005611403957335582,0.0004067261970418408,0.11222807914671165,2.5499909546765474,0.016633447335856557,False,nan,nan,False,False
164,0.8200000000000001,0.005018565000682429,0.001491919999352831,6.051999662304297e-06,0.0013525300000765128,0.0011353029995007091,4.3712000660889316e-05,0.003428141000767937,0.0005664882457439551,0.0004239990858216202,0.11329764914879101,2.641624123556883,0.015306595745320449,False,nan,nan,False,False
165,0.8250000000000001,0.004978560999916226,0.0011404520000724006,5.128999873704743e-06,0.00020448199938982725,0.0008215059997382923,4.197900034341728e-05,0.0038063880001573125,0.0005894693831151891,0.00042316682714305933,0.11789387662303782,4.824804515949644,0.016610215736512744,False,nan,nan,False,False
166,0.8300000000000001,0.005016039999645727,0.0015948620002745884,6.121000296843704e-06,0.0013432420000754064,0.001149759999861999,4.394200004753657e-05,0.003339275000143971,0.0005927908689995977,0.0004345298491501455,0.11855817379991954,4.345551756992617,0.01591935734191123,False,nan,nan,False,False
167,0.835,0.005008154999813996,0.0014651700003014412,6.59200031805085e-06,0.0002361920005569118,0.0010418680003567715,5.2909000260115135e-05,0.0034829940004783566,0.0005846146943861351,0.00042862857760798045,0.116922938877227,2.2215583139050628,0.015840544061438817,False,nan,nan,False,False
168,0.84,0.005021280000619299,0.0015824299998712377,6.662000487267505e-06,0.0013700019999305368,0.0012068979995092377,4.5153999963076785e-05,0.0033446739998908015,0.000659888738646694,0.00048490142277734377,0.1319777477293388,5.291080295334176,0.016852658950788867,False,nan,nan,False,False
169,0.845,0.00499918900004559,0.0013819839996358496,6.021000444889069e-06,0.0002550069993958459,0.0010100090003106743,4.324099973018747e-05,0.003635469000073499,0.0006339304433449459,0.0004655458007013064,0.12678608866898916,2.772587128885118,0.015141953242745415,False,nan,nan,False,False
170,0.85,0.005135854999934963,0.0016997080001601717,9.157999556919094e-06,0.0015044530000523082,0.0012677109998548985,5.18770002599922e-05,0.0031386099999508588,0.000598592624298583,0.0004334316041374334,0.1197185248597166,3.6192100160396863,0.015598928695130524,False,nan,nan,False,False
171,0.855,0.0049568690001251525,0.001552914000058081,9.398000656801742e-06,0.0003424500000619446,0.001023795000037353,5.291900015436113e-05,0.0033287749993178295,0.0006466558663143747,0.00047658363839452825,0.1293311732628749,4.256759016592557,0.015397942978365461,False,nan,nan,False,False
172,0.86,0.005000340999686159,0.0018447100001139916,9.267000677937176e-06,0.0014503720003631315,0.0013103299997965223,5.332999990059761e-05,0.0030091569997239276,0.0006306579886278024,0.0004591669256054781,0.12613159772556048,2.990578600255051,0.015803822026236508,False,nan,nan,False,False
173,0.865,0.004974282000148378,0.0016428130002168473,9.677999514678959e-06,0.00031176300035440363,0.001237935000062862,5.160600085218903e-05,0.0032298189998982707,0.0006961485199275684,0.0005167773519917165,0.13922970398551368,4.126836215199814,0.01626484302933563,False,nan,nan,False,False
174,0.87,0.004992756999854464,0.001725035999697866,9.436999789613765e-06,0.0014413159997275216,0.0013200089997553732,5.1205000090703834e-05,0.0031887830000414397,0.0006779905196985005,0.0004990172494017935,0.13559810393970012,2.816753749410465,0.017835424475178847,False,nan,nan,False,False
175,0.875,0.005032490999838046,0.0015784420002091792,9.407999641553033e-06,0.0003444539997872198,0.0011290419997749268,5.156599945621565e-05,0.0032734919996073586,0.0006625140849456021,0.00047609141935434866,0.13250281698912042,3.061633743202668,0.016823239245778894,False,nan,nan,False,False
176,0.88,0.004971807999936573,0.0016155410003193538,9.176999810733832e-06,0.0014424179998968611,0.0011924489999728394,6.230599956325023e-05,0.0032329159994333168,0.0007285410306784201,0.000541918910513901,0.145708206135684,5.273464642926139,0.018105866557571338,False,nan,nan,False,False
177,0.885,0.004931412000587443,0.00160946999949374,7.30299962015124e-06,0.0002616000001580687,0.001090679000299133,7.05619995642337e-05,0.0033719760003805277,0.0007091370080957941,0.0005214405647411217,0.14182740161915885,2.3724932819229014,0.01718920730344978,False,nan,nan,False,False
178,0.89,0.005100257999401947,0.0017770829999790294,9.44700059335446e-06,0.0014724339998792857,0.0013541620000978583,5.17270000273129e-05,0.0030412969999815687,0.0007108478110710666,0.0005066959855294876,0.14216956221421329,4.3193769624853875,0.01648959030749673,False,nan,nan,False,False
179,0.895,0.004901244999928167,0.0015611700000590645,7.4239997047698125e-06,0.0002612190000945702,0.0011108469998362125,4.8521000280743465e-05,0.003350075000525976,0.0007226013241154789,0.0005311202080195134,0.14452026482309577,3.5591406107271926,0.01935996341395195,False,nan,nan,False,False
180,0.9,0.004986384999938309,0.0016223540005739778,6.5930007622228e-06,0.001357277999886719,0.001237935000062862,4.778900074597914e-05,0.0032963139992716606,0.0007274887950971664,0.0005283240770818792,0.14549775901943326,2.920956168169711,0.01811110803804304,False,nan,nan,False,False
181,0.905,0.0049850020004669204,0.001198180999381293,5.199000042921398e-06,0.00022438000087277032,0.0008636449992991402,4.581600023811916e-05,0.0037549420003415435,0.0007395893651366936,0.0005451510433900015,0.14791787302733872,4.544299416265841,0.01596990038810435,False,nan,nan,False,False
182,0.91,0.00502860399956262,0.0014675740003440296,6.242000381462276e-06,0.0013764039995294297,0.0011077310000473517,4.472399996302556e-05,0.0034399429996483377,0.0007433891981733115,0.0005455881812650686,0.14867783963466233,2.87863175415321,0.01839746673933494,False,nan,nan,False,False
183,0.915,0.004978109000148834,0.001449772000341909,5.961000169918407e-06,0.00020838900036324048,0.0009928259996740962,5.78479994146619e-05,0.003544547999808856,0.0007424354676889235,0.0005311961511367275,0.1484870935377847,5.031263678664745,0.019269286833107763,False,nan,nan,False,False
184,0.92,0.005112622000524425,0.0018288189994564163,9.297999895352405e-06,0.0014388609997695312,0.0014135929995973129,5.1826000344590284e-05,0.003057468000406516,0.000767338329304389,0.000557591973615784,0.1534676658608778,3.860897231356167,0.018500895555735548,False,nan,nan,False,False
185,0.925,0.005005189999792492,0.00168146399937541,9.39799974730704e-06,0.0003367490007804008,0.0012231470000187983,5.2227999731258024e-05,0.003163566000694118,0.0008010242468818383,0.0005964237702386771,0.16020484937636767,2.572315815200036,0.0187928054884341,False,nan,nan,False,False
186,0.93,0.004964081999787595,0.0017135649995907443,9.288000001106411e-06,0.001426486999662302,0.0013055010003881762,5.153600068297237e-05,0.0031428770007551066,0.0007688436206368793,0.0005449395983782917,0.15376872412737586,4.332366221006318,0.020157864490411136,False,nan,nan,False,False
187,0.935,0.004935920999741938,0.0014679650003017741,6.821999704698101e-06,0.00024290400051540928,0.001059791999978188,5.045499983680202e-05,0.0034483190001992625,0.0008190009110500175,0.000608145407289617,0.1638001822100035,3.6063086906627153,0.019266327887684023,False,nan,nan,False,False
188,0.9400000000000001,0.0049987080001301365,0.0015482349999729195,6.792000021960121e-06,0.0013066330002402538,0.00116065099973639,4.9081000724982005e-05,0.003360976000294613,0.0007645175300080504,0.000541976840669478,0.15290350600161007,2.7910717526707236,0.018235445908009563,False,nan,nan,False,False
189,0.9450000000000001,0.004971637000380724,0.001195164999444387,5.279000106384046e-06,0.00012289000005694106,0.0008628329997009132,4.471400006877957e-05,0.003752207000616181,0.000895718904177454,0.0006845587963181373,0.17914378083549082,6.027922116577346,0.01995833158345119,False,nan,nan,False,False
190,0.9500000000000001,0.005020388999582792,0.0016574789997321204,6.051000127627049e-06,0.0012335669998719823,0.0012451479997253045,4.4903999878442846e-05,0.003260147000219149,0.0008532724541873714,0.0006342952785773556,0.17065449083747428,2.0598399061192927,0.020263277658080617,False,nan,nan,False,False
191,0.9550000000000001,0.004978199000106542,0.0014419770004678867,5.369999598769937e-06,9.688099999038968e-05,0.001022963000650634,5.051399966760073e-05,0.0035003049997612834,0.0007916088334956451,0.0005680109519931942,0.15832176669912904,3.074503343828446,0.018849417388368993,False,nan,nan,False,False
192,0.96,0.005013115000110702,0.00155185200037522,6.0720003602909856e-06,0.0012304199999562115,0.0011872099994434393,4.3310999899404123e-05,0.0033908109999174485,0.0009353753145081192,0.0007153586177970732,0.18707506290162385,6.636069434590828,0.022221034237012712,False,nan,nan,False,False
193,0.965,0.005013775999941572,0.0013628489996335702,5.951000275672413e-06,0.00012033500024699606,0.000994119000097271,4.438299947651103e-05,0.00355257299997902,0.0008882227152327012,0.0006633397693040005,0.17764454304654026,2.245900339122794,0.022006136201299792,False,nan,nan,False,False
194,0.97,0.004985303000466956,0.0014849669996692683,5.8910000007017516e-06,0.0012289579999560374,0.0011271679995843442,4.375199932837859e-05,0.00346185400030663,0.0008199035720853837,0.0005941307137152232,0.1639807144170767,4.248677433276342,0.022449681433516288,False,nan,nan,False,False
195,0.975,0.005019696999625012,0.0012902429998575826,6.0109996411483735e-06,0.00012542399963422213,0.0009197199997288408,4.666699987865286e-05,0.0036842899999101064,0.0008947018050857954,0.0006679915657865632,0.17894036101715907,4.691512709496547,0.02317071773592751,False,nan,nan,False,False
196,0.98,0.005093955999655009,0.001996073000555043,9.276999662688468e-06,0.00134789100047783,0.0015629929994247505,6.331799977488117e-05,0.0028931500000908272,0.0008466561112057387,0.0006122620516028614,0.16933122224114774,3.1452738648970278,0.022453947175646728,False,nan,nan,False,False
197,0.985,0.005008406000342802,0.0018227290001959773,9.477999810769688e-06,0.00022245600030146306,0.0012337269999989076,6.181599928822834e-05,0.0030219809996197,0.0009383045259064122,0.0007216388709358167,0.18766090518128242,4.570117171732064,0.022081506121399416,False,nan,nan,False,False
198,0.99,0.004963432000295143,0.0016440239996882156,9.157000022241846e-06,0.001314679000643082,0.0012433350002538646,5.238799985818332e-05,0.0032113460001710337,0.00088472369178955,0.0006549472102884554,0.17694473835791,2.755690572188046,0.024023204143811466,False,nan,nan,False,False
199,0.995,0.004936761999488226,0.0014456139997491846,7.24300025467528e-06,0.00013115500041749328,0.0010456650006744894,5.561400030273944e-05,0.0034667730005821795,0.0008631761138401622,0.0006216125652190015,0.17263522276803242,2.4238517502170214,0.023851674705394992,False,nan,nan,False,False
200,1.0,0.004988178000530752,0.0015529039992543403,6.412000402633566e-06,0.0012398090002534445,0.0011539679999259533,4.8240999603876844e-05,0.0033651430003374116,0.0009403281400261352,0.0007028686932970939,0.18806562800522703,5.3739849068377055,0.02323330771842859,False,nan,nan,False,False
201,1.0050000000000001,0.004981325999324326,0.0012046120000377414,5.459999556478579e-06,0.00010292200022377074,0.0008660190005684854,4.565600011119386e-05,0.003740064000339771,0.0009015421287656711,0.0006581469602328794,0.1803084257531342,2.5525965048633092,0.02324348746895399,False,nan,nan,False,False
202,1.01,0.005016750999857322,0.0016326230006598053,6.210999345057644e-06,0.0012417819998518098,0.0011937720000787522,4.410299970913911e-05,0.0032811359997140244,0.0009344017517727422,0.0006908917900534895,0.18688035035454845,4.683288953463354,0.02539841251380307,False,nan,nan,False,False
203,1.0150000000000001,0.004982798000128241,0.0015804260001459625,7.153000296966638e-06,0.00010396400011813967,0.001145341000665212,4.658699981519021e-05,0.0033538320003572153,0.0009129540053245055,0.0006696278226833996,0.1825908010649011,3.9637880515119743,0.025005115880731187,False,nan,nan,False,False
204,1.02,0.005003848000342259,0.001586856999892916,5.871000212209765e-06,0.0012263629996596137,0.0011351130006005405,4.4983999941905495e-05,0.003349403999891365,0.000910336472005915,0.0006607481877120586,0.182067294401183,3.263789910065182,0.02335833901740606,False,nan,nan,False,False
205,1.025,0.0050083559999620775,0.0013899189998483052,6.021999979566317e-06,0.00011935299971810309,0.0010079759995278437,4.322099994169548e-05,0.0035463419999359758,0.0009229379490098347,0.0006684243829362451,0.18458758980196693,4.486603807759267,0.02393791593938916,False,nan,nan,False,False
206,1.03,0.005009968999729608,0.001493372999902931,5.671000508300494e-06,0.0012440669997886289,0.001132808999500412,4.463300047063967e-05,0.003424033000555937,0.0009189933940018268,0.0006656936673293491,0.18379867880036538,3.521904477050535,0.025880345643476334,False,nan,nan,False,False
207,1.035,0.005001593000088178,0.0014133630002106656,8.775999958743341e-06,0.0001266170002054423,0.000992655999652925,5.077500009065261e-05,0.003565478000382427,0.0009327484703139664,0.0006714489871365121,0.1865496940627933,3.413404760156141,0.024060430225324957,False,nan,nan,False,False
208,1.04,0.005096691000289866,0.0017705809996186872,9.256999874196481e-06,0.001339333999567316,0.0013639609996971558,5.198800045036478e-05,0.003116478000265488,0.000934416963997242,0.000667460457683967,0.18688339279944838,4.7821556520268835,0.024383000209903378,False,nan,nan,False,False
209,1.045,0.005006172000321385,0.0016653239999868674,9.547999979986344e-06,0.00023421799960487988,0.0012262029995326884,5.154599966772366e-05,0.0032150629995157942,0.0009487991854517419,0.0006870359328862525,0.18975983709034838,4.196241744449848,0.02469230508365441,False,nan,nan,False,False
210,1.05,0.004999418999432237,0.001742930000546039,8.876999345375225e-06,0.001346859000477707,0.0013211609993959428,6.112500068411464e-05,0.0030818929999441025,0.0009350924433305681,0.0006636583615726331,0.18701848866611365,4.266193859409999,0.02542030779121542,False,nan,nan,False,False
211,1.055,0.004907647999971232,0.0014757899998585344,7.204000212368555e-06,0.0001364150002700626,0.0010680679997676634,4.929199985781452e-05,0.0034300540000913315,0.0009610367138369832,0.00069523656034486,0.19220734276739665,4.879267711734251,0.024234738095655288,False,nan,nan,False,False
212,1.06,0.004982107000614633,0.0014458539999395725,6.401999598892871e-06,0.001226532999680785,0.0010565959992163698,6.0122000832052436e-05,0.0034766310000122758,0.0009530331671044113,0.0006771887565082601,0.19060663342088227,3.964578871584992,0.024894598386072046,False,nan,nan,False,False
213,1.065,0.004986313999324921,0.001215152999975544,5.6799999583745375e-06,0.00010237199967377819,0.0008775409996815142,4.670699945563683e-05,0.0037214990006759763,0.000978661306274687,0.0007153617263400778,0.1957322612549374,3.893426124786676,0.025804258732374328,False,nan,nan,False,False
214,1.07,0.004996124000172131,0.0015872780004428932,5.009000233258121e-06,0.001222756999595731,0.0011539280003489694,5.011400025978219e-05,0.003347950999341265,0.0009810583311869669,0.0006922553729700855,0.19621166623739336,6.200243053162812,0.024779945584698686,False,nan,nan,False,False
215,1.075,0.004995811999833677,0.0011729130001185695,5.17999978910666e-06,9.54590004766942e-05,0.0008434269993813359,4.388200068206061e-05,0.00377231499987829,0.0009787487951612478,0.0007020003810029691,0.1957497590322496,3.7810231221062587,0.024477892967146374,False,nan,nan,False,False
216,1.08,0.005016371000237996,0.0016238259995589033,6.262000169954263e-06,0.0012327360000199405,0.0012467010001273593,4.5013999624643475e-05,0.0033363400007146993,0.0009860970801328342,0.0007083684780253884,0.1972194160265668,2.6860522331274495,0.025480981512377182,False,nan,nan,False,False
217,1.085,0.005021740999836766,0.0012190090001240605,5.048999810242094e-06,0.00010908399963227566,0.0008579949999329983,4.854099915974075e-05,0.003683418999571586,0.0009983018472478336,0.0007163473896320254,0.19966036944956672,5.111759183860821,0.024741028909666184,False,nan,nan,False,False
218,1.09,0.004961327999808418,0.0014318780004032305,4.658999387174845e-06,0.0010699710001063067,0.0010973220005325857,4.401200021675322e-05,0.0035347299999557436,0.0010052816460410612,0.0007224652998359081,0.20105632920821223,3.8846832586963105,0.026054128055733865,False,nan,nan,False,False
219,1.095,0.005027150999922014,0.001176880999992136,4.929000169795472e-06,0.00010936399939964758,0.0008415040001636953,4.403200000524521e-05,0.0037447330005306867,0.0010018168119784422,0.000711131410072785,0.20036336239568844,4.547447735318859,0.024730976436383476,False,nan,nan,False,False
220,1.1,0.004995943000722036,0.0016528199994354509,6.301999746938236e-06,0.0012367429999358137,0.001249566000296909,4.33509994763881e-05,0.0032737430001361645,0.00103182673895211,0.0007412713579415375,0.20636534779042195,4.229209075886815,0.0261583753771833,False,nan,nan,False,False
221,1.105,0.0049979360001088935,0.0014573649996236782,5.7909992392524146e-06,0.00011495500075398013,0.0010360480000599637,4.953300049237441e-05,0.0034790769996106974,0.0010216903728784976,0.0007333937296872314,0.20433807457569955,3.889273811070315,0.025945143876963075,False,nan,nan,False,False
222,1.11,0.005009257999518013,0.0015694749999966007,5.791000148747116e-06,0.001242973999978858,0.001194041999951878,4.559500030154595e-05,0.00338566099981108,0.001059766499355687,0.0007616867826608104,0.21195329987113737,5.222797985158984,0.027100898644189922,False,nan,nan,False,False
223,1.115,0.005044854000516352,0.001397653999447357,7.1140002546599135e-06,0.00016448800033685984,0.0010061210005005705,5.154599966772366e-05,0.003467964999799733,0.0010480107352897569,0.000757372766992866,0.20960214705795135,3.9186955924376274,0.026621632805622488,False,nan,nan,False,False
224,1.12,0.004929868999170139,0.001403114000822825,5.599999894911889e-06,0.0012136989998907666,0.0010511259997656452,4.4642999455390964e-05,0.003635447999840835,0.00108128082665541,0.0007808325890105092,0.216256165331082,4.505795817571305,0.027685692944562326,False,nan,nan,False,False
225,1.125,0.005136405000484956,0.0013526100001399755,7.845000254746992e-06,0.00016788399989309255,0.000939175999519648,6.18860003669397e-05,0.003455762000157847,0.0010640176358599552,0.000768435584530219,0.21280352717199102,3.628319365712241,0.028933938223168556,False,nan,nan,False,False
226,1.1300000000000001,0.004885516999820538,0.001442146000044886,6.412000402633566e-06,0.0011653900000965223,0.0010600819996398059,6.277800002862932e-05,0.003471222000371199,0.0011015198894750256,0.0008088507626375762,0.2203039778950051,2.5693340982194965,0.028411781753485115,False,nan,nan,False,False
227,1.135,0.004978169000423804,0.0012024689995087101,5.390000296756625e-06,0.0005303320003804401,0.0008672210005897796,4.632599939213833e-05,0.0037381800002549426,0.001080506177721318,0.0007738033337179647,0.21610123554426358,5.37840828362377,0.028635242784076892,False,nan,nan,False,False
228,1.1400000000000001,0.005003907999707735,0.001379348999762442,5.5199998314492404e-06,0.0010841270004675607,0.0009350289992653416,4.69980004709214e-05,0.003550630000063393,0.0011043637713127896,0.0008031217382483257,0.22087275426255792,3.8567859744249375,0.02836942687153923,False,nan,nan,False,False
229,1.145,0.004989349999959813,0.0011711899996953434,5.279999641061295e-06,0.0005270360006761621,0.0008333879995916504,4.386199998407392e-05,0.003780660000302305,0.0011022581246020815,0.0007896873229095627,0.2204516249204163,3.827292848324309,0.02920097194727179,False,nan,nan,False,False
230,1.1500000000000001,0.005034744999647955,0.0015325459999075974,5.900999894947745e-06,0.0011314160001347773,0.0010623360003592097,4.4593999518838245e-05,0.0033823350004240638,0.0011462496160290544,0.0008354024139656299,0.22924992320581086,5.5993634871171505,0.030820478848517772,False,nan,nan,False,False
231,1.155,0.0049898320003194385,0.0013067230001979624,6.061000021873042e-06,0.0005300909997458803,0.0009420110000064597,4.666699987865286e-05,0.0036769359994650586,0.001121689901754923,0.000811025562291335,0.22433798035098462,3.8093716647964,0.031515888102785404,False,nan,nan,False,False
232,1.16,0.005102121000163606,0.001771141999597603,9.407000106875785e-06,0.0012238780000188854,0.0013140270002622856,5.176699960429687e-05,0.0030568170004698914,0.0011548152163117895,0.0008458728442360293,0.2309630432623579,4.440729971349926,0.030464228280263895,False,nan,nan,False,False
233,1.165,0.004912487000183319,0.0015601169998262776,6.722999387420714e-06,0.00043526399986149045,0.0011489179996715393,4.796900066139642e-05,0.003344605000165757,0.0011353138107390733,0.0008248412095933702,0.22706276214781462,3.859803846962562,0.030596319122869836,False,nan,nan,False,False
234,1.17,0.004968791999999667,0.0013690199994016439,5.279999641061295e-06,0.0014668730000266805,0.0009972549996746238,4.682800044975011e-05,0.003567511000255763,0.0011719213456280978,0.0008595204834519598,0.23438426912561952,4.332169954509627,0.03202164317318649,False,nan,nan,False,False
235,1.175,0.004998978000003262,0.0012147019997428288,5.200000487093348e-06,0.0003364290005265502,0.0008605589991930174,6.130499969003722e-05,0.003727469999830646,0.001155941760783928,0.0008419917692784624,0.23118835215678557,3.702731328395539,0.03016546016412198,False,nan,nan,False,False
236,1.18,0.005014947999370634,0.0013863230005881633,5.922000127611682e-06,0.0014742670000487124,0.0009321030001956387,4.522400013229344e-05,0.0035464219999994384,0.0011674722558841176,0.0008502920836657366,0.23349445117682352,4.473375499910009,0.031024654386933543,False,nan,nan,False,False
237,1.185,0.004995803000383603,0.0011774120002883137,5.249999958323315e-06,0.0003484819999357569,0.0008481169998049154,4.349099981482141e-05,0.0037468359996637446,0.0011633217325920412,0.0008451011355614015,0.23266434651840825,3.5894915016435385,0.03041675762296052,False,nan,nan,False,False
238,1.19,0.0049855229999593575,0.0015445589997398201,5.450000571727287e-06,0.0014559629998984747,0.0011152059996675234,5.38909998795134e-05,0.003404365999813308,0.0011863576157866197,0.0008713532450033944,0.23727152315732394,2.9466094447875606,0.030999287673163373,False,nan,nan,False,False
239,1.195,0.005009839000194916,0.0011714599995684694,5.259999852569308e-06,0.0003498539999782224,0.0008371949998036143,4.311100019549485e-05,0.0037519369998335605,0.0011698713341262307,0.0008462183942667626,0.2339742668252461,4.486553415755052,0.02798164156470382,False,nan,nan,False,False
240,1.2,0.004988648999642464,0.0015944409997246112,5.761000466009136e-06,0.0014463349998550257,0.0012375140004223795,4.322100085119018e-05,0.0033507770003780024,0.0011905014615402059,0.0008670444889227955,0.23810029230804114,4.562724861707137,0.03040246476570547,False,nan,nan,False,False
241,1.205,0.005017553000470798,0.0013744499992753845,5.9710000641644e-06,0.0003342950003570877,0.0010053500000140048,4.3582000216702e-05,0.00355431700063491,0.0011889427515721842,0.0008596569714527623,0.23778855031443685,4.959103582784239,0.030040328358374814,False,nan,nan,False,False
242,1.21,0.00500085199928435,0.0015446180004801136,5.900999894947745e-06,0.0013246980006442755,0.0011883120005222736,4.382199949759524e-05,0.003385871999853407,0.0011943898336806247,0.0008685459573418448,0.2388779667361249,3.0946196137991233,0.031769587483831706,False,nan,nan,False,False
243,1.215,0.005002364000574744,0.0014722939995408524,5.871000212209765e-06,0.00021232699964457424,0.001022743000248738,6.473099983850261e-05,0.0034566040003483067,0.001242227642374792,0.0009037931977961509,0.2484455284749584,5.162655977815831,0.030478513564547293,False,nan,nan,False,False
244,1.22,0.004999669999961043,0.0016964129999905708,5.671000508300494e-06,0.0013356869994822773,0.0012767480002366938,5.340000006981427e-05,0.0032265330000882386,0.0012344444095047128,0.0008987776645220779,0.24688888190094255,3.887331292699289,0.03112095554091105,False,nan,nan,False,False
245,1.225,0.004996613999537658,0.0014031840000825468,5.910999789193738e-06,0.00023899700045149075,0.000991363999673922,4.142699981457554e-05,0.00352469200061023,0.0012292928758178632,0.0008963869093937017,0.24585857516357262,1.7278746374815068,0.03226364836996911,False,nan,nan,False,False
246,1.23,0.0049875170006998815,0.001250177999281732,4.939999598718714e-06,0.0013123950002409401,0.0008797350001259474,4.423199970915448e-05,0.003686904999995022,0.0013552161242808415,0.0009803307498568222,0.2710432248561683,6.9544836530580065,0.032232177505537765,False,nan,nan,False,False
247,1.235,0.0050048289995174855,0.001352960000076564,5.7099996411125176e-06,0.000209381999411562,0.0009803630000533303,4.341100066085346e-05,0.003654465000181517,0.001324127457044232,0.0009585666018473663,0.2648254914088464,2.6871263126541014,0.031291903889828526,False,nan,nan,False,False
248,1.24,0.005125044999658712,0.0017226010004378622,9.448000128031708e-06,0.001566158999594336,0.0013055210001766682,5.154599966772366e-05,0.0031632449999960954,0.001286877987543667,0.0009340212849381253,0.2573755975087334,3.80135534799847,0.03220222795134876,False,nan,nan,False,False
249,1.245,0.005003476000638329,0.001467043999582529,9.226999281963799e-06,0.00046588099939981475,0.001055464000273787,5.1976999202452134e-05,0.003421819000323012,0.0013202321638772707,0.0009734292246074173,0.26404643277545414,3.9081789055159697,0.03686885873464862,False,nan,nan,False,False
250,1.25,0.005007234000004246,0.00181401299960271,8.947000424086582e-06,0.0014585070002794964,0.0014034949999768287,5.13360000695684e-05,0.003020698000000266,0.001324676651656254,0.0009609444311999438,0.26493533033125083,5.779101919842989,0.03440491252454767,False,nan,nan,False,False
251,1.2550000000000001,0.004954205000103684,0.0016327229996022652,9.096999747271184e-06,0.0002994799997395603,0.0012093519999325508,5.145600061950972e-05,0.0032767279999461607,0.0013198143275026158,0.0009641369611502193,0.2639628655005231,3.229807079323647,0.03313136154729531,False,nan,nan,False,False
252,1.26,0.005028272999879846,0.0019094210001640022,9.157000022241846e-06,0.0014347329997690395,0.0014866100000290317,5.3159000344749074e-05,0.0029242880000310834,0.0013429606182306737,0.0009778986648220685,0.26859212364613466,4.6699289437181575,0.0358123888128305,False,nan,nan,False,False
253,1.2650000000000001,0.004920691999359406,0.0015133000006244401,7.0930000219959766e-06,0.00023931699979584664,0.0010863309998967452,4.910200004815124e-05,0.0033872240001073806,0.0013325561690113335,0.0009733275540629478,0.2665112338022667,3.8103350292436917,0.033737081131258465,False,nan,nan,False,False
254,1.27,0.004975444000592688,0.0016195990001506289,6.42200029687956e-06,0.0013347059993975563,0.0012489949995142524,4.68380003439961e-05,0.003307766000034462,0.0013704006232070833,0.0010080631973170204,0.2740801246414167,3.977330236729235,0.034386854960554415,False,nan,nan,False,False
255,1.2750000000000001,0.005006874000173411,0.0013169419999030652,6.672999916190747e-06,0.00022406900006899377,0.0009426329997950234,4.5746000068902504e-05,0.0035892819996661274,0.001340119987603832,0.0009761833569220443,0.2680239975207664,4.29781403164852,0.034715864865244084,False,nan,nan,False,False
256,1.28,0.004963420999956725,0.0016471409999212483,4.66799974674359e-06,0.0013379219999478664,0.0012332160004007164,4.634600009012502e-05,0.003309367999463575,0.0013776031311486432,0.0010109139226389709,0.2755206262297286,4.0578974801207,0.03559183455525547,False,nan,nan,False,False
257,1.285,0.0050299269996685325,0.0014726939998581656,6.351999218168203e-06,0.00021616399953927612,0.0010437719993205974,4.4022000110999215e-05,0.0034386200004519196,0.0013504963136370006,0.0009845447186917124,0.2700992627274001,4.240625891709587,0.033727106579922395,False,nan,nan,False,False
258,1.29,0.004977397999937239,0.001691002000370645,5.690999387297779e-06,0.0013455270000122255,0.0011296719994788873,4.6397000005526934e-05,0.0032613989997116732,0.0013997782556691202,0.0010227060657634797,0.279955651133824,5.52196809212443,0.03558713899249631,False,nan,nan,False,False
259,1.295,0.005029003999879933,0.0013896090003981953,6.772999768145382e-06,0.00022489100047096144,0.001013375000184169,4.3712000660889316e-05,0.0035291899994263076,0.0013818359378120829,0.0010129925166458137,0.27636718756241657,4.136399649029336,0.03657213776024499,False,nan,nan,False,False
260,1.3,0.004988749999938591,0.0015639640005247202,5.599999894911889e-06,0.0013317699995241128,0.0012101129996153759,4.356199951871531e-05,0.0033781479996832786,0.0013762023512869713,0.001002226503938046,0.2752404702573943,2.014207679054484,0.03543121609473562,False,nan,nan,False,False
261,1.305,0.005012984000131837,0.001247313000021677,5.951000275672413e-06,0.00019925200012949063,0.0009056940007212688,5.215800047153607e-05,0.003726969000126701,0.0013946137378958413,0.001021091944021042,0.27892274757916824,5.435097051503076,0.03317878242631577,False,nan,nan,False,False
262,1.31,0.00509381600022607,0.0018877399998018518,9.397000212629791e-06,0.0014306450002550264,0.0014755689999219612,5.1947000429208856e-05,0.002998648000357207,0.0014100385420292942,0.0010329981940161732,0.2820077084058588,4.091385752061277,0.03483129388079298,False,nan,nan,False,False
263,1.315,0.0050058209999406245,0.001666948000092816,9.657999726186972e-06,0.00036160600029688794,0.0012529840005299775,5.17270000273129e-05,0.003209751999747823,0.0013985049830489333,0.0010210465052478204,0.2797009966097867,6.130544613263332,0.03638398625841697,False,nan,nan,False,False
264,1.32,0.004994500000066182,0.0019222450000597746,9.377000424137805e-06,0.001471061000302143,0.0014816109996900195,5.3699999625678174e-05,0.0029680600000574486,0.0014195175991191342,0.0010394343765096972,0.28390351982382683,4.0782476583640275,0.036252549923203176,False,nan,nan,False,False
265,1.325,0.005010410000068077,0.0015515909999521682,9.266999768442474e-06,0.0004381499993542093,0.0011335500003042398,5.138600045029307e-05,0.003363830999660422,0.0014230785841921605,0.0010519322923221736,0.2846157168384321,4.457917698139257,0.03450462440834276,False,nan,nan,False,False
266,1.33,0.005032410999774584,0.0016844800002218108,9.096999747271184e-06,0.0016093790000013541,0.001251089000106731,6.270700032473542e-05,0.0030964099996708683,0.0014617588511335368,0.0010736610394190774,0.29235177022670733,6.006256596455035,0.03645933338197692,False,nan,nan,False,False
267,1.335,0.004862783999669773,0.0013806410006509395,7.012999958533328e-06,0.00023684299958404154,0.0009761049996086513,4.811000053450698e-05,0.003538446999300504,0.0014398522780010854,0.0010600526859516086,0.28797045560021706,2.9590129573238517,0.038228287899270075,False,nan,nan,False,False
268,1.34,0.004982477000339713,0.0016705340003682068,5.330000021785963e-06,0.0013017749997743522,0.0012270450006326428,5.5092999900807627e-05,0.003258002999245946,0.0015416359812683695,0.001140888135296574,0.3083271962536739,5.568226627702531,0.03935478774467341,False,nan,nan,False,False
269,1.345,0.004990342000382952,0.0012358619997030473,5.38099993718788e-06,0.00019631699979072437,0.0008759479997024755,6.152500009193318e-05,0.003704908000145224,0.0015065518789261143,0.0011126016249569364,0.30131037578522285,2.8240778240223725,0.036748040433532664,False,nan,nan,False,False
270,1.35,0.005038161999436852,0.001705759999822476,7.924999408714939e-06,0.0013870839993614936,0.0013191269999879296,4.856000032305019e-05,0.0032586840006842976,0.0014490614933386791,0.0010658571015153568,0.28981229866773583,3.4370562058027314,0.039600057415942184,False,nan,nan,False,False
271,1.355,0.005081994000647683,0.0015501079997193301,9.137999768427107e-06,0.00032243300029222155,0.0011293719999230234,6.384999960573623e-05,0.003466702999503468,0.0015498598677574113,0.0011434694961656097,0.30997197355148226,6.72722964896518,0.04064779560225271,False,nan,nan,False,False
272,1.36,0.005295391999425192,0.001639316000364488,1.1250999705225695e-05,0.00178581000000122,0.0011808789995484403,5.167600011191098e-05,0.0030045490002521547,0.0015084489090993825,0.0011050396461856175,0.3016897818198765,3.553738243117722,0.04145177444817552,False,nan,nan,False,False
273,1.365,0.004761744999996154,0.0017339830001219525,9.297000360675156e-06,0.0004130729994358262,0.001259956000467355,5.17270000273129e-05,0.00309400599962828,0.0015107000407277502,0.001125052078153636,0.30214000814555003,1.5682470590839774,0.038899558419802804,False,nan,nan,False,False
274,1.37,0.004946930999722099,0.0018188920003012754,9.267000677937176e-06,0.0008970879998742021,0.0014111589998719865,5.181699998502154e-05,0.003064489999815123,0.0016037309140635445,0.0011493455952362296,0.32074618281270884,6.752917770345634,0.04203726605017307,False,nan,nan,False,False
275,1.375,0.005001643000468903,0.0019085200001427438,9.287000466429163e-06,0.0003257890002714703,0.0012440069995136582,6.182600009196904e-05,0.004686493999543018,0.001574696745570087,0.0011430905809342116,0.3149393491140174,2.8111363460178107,0.039916530901042614,False,nan,nan,False,False
276,1.3800000000000001,0.0067031959997621016,0.0020575180005835136,7.974000254762359e-06,0.0030217610001272988,0.0015752350000184379,6.718599979649298e-05,0.0010540009998294408,0.0015556846733425034,0.0011586832714861883,0.3111369346685007,3.0971398397607692,0.04038415739543944,False,nan,nan,False,True
277,1.385,0.003181079000569298,0.001489073999437096,5.509999937203247e-06,0.00019764999979088316,0.0011030429996026214,4.93219995405525e-05,0.0034386910001558135,0.0015294119047130578,0.0010847252021799984,0.30588238094261155,5.936642466614409,0.04135063292352161,False,nan,nan,False,False
278,1.3900000000000001,0.004992796999431448,0.0014083630003369763,5.740999768022448e-06,0.0013132759995642118,0.0010330209997846396,4.742900000564987e-05,0.003536483999596385,0.0015698190069734668,0.0011467235998941661,0.3139638013946934,4.214948588216484,0.038846445171686596,False,nan,nan,False,False
279,1.395,0.0050118620001740055,0.0012365829998088884,6.342000233416911e-06,0.0001917890003824141,0.0008921090002331766,4.840100064029684e-05,0.0036889780003548367,0.001531841077684586,0.0011037002960903736,0.3063682155369172,2.324704125521412,0.039262161538951096,False,nan,nan,False,False
280,1.4000000000000001,0.004987727000298037,0.0013169129997550044,5.138999767950736e-06,0.0012736019998556003,0.0009439460000066902,4.598600025929045e-05,0.0036145289996056817,0.0016831771888189669,0.001270846558263039,0.3366354377637934,7.1038257324422975,0.03964891240429045,False,nan,nan,False,False
281,1.405,0.004994680999516277,0.0012180379999335855,5.049000719736796e-06,0.00019791999966400908,0.0008630439997432404,5.394100026023807e-05,0.0037242240005070926,0.0016463929461886467,0.0012275135897135102,0.32927858923772935,1.7989328729162755,0.03855277417197189,False,nan,nan,False,False
282,1.41,0.0050032859999191714,0.0012543060001917183,5.050000254414044e-06,0.0013194570001360262,0.0008730829995329259,4.3451000237837434e-05,0.0036827069998253137,0.0015843575742019679,0.001152134451541921,0.31687151484039355,3.3574613964320474,0.04150746191408977,False,nan,nan,False,False
283,1.415,0.004992096000023594,0.001192579999951704,4.528000317804981e-06,0.00019115800023428164,0.0008440380006504711,4.291000004741363e-05,0.003745154000171169,0.0016440469229620873,0.00122996568576942,0.32880938459241743,3.240489057512519,0.041642477024230636,False,nan,nan,False,False
284,1.42,0.004999088000658958,0.0013518379992092378,4.929000169795472e-06,0.0013142180005161208,0.0010129239999514539,4.2579999899317045e-05,0.00358784000036394,0.0015850442216926931,0.0011420027437671863,0.3170088443385386,4.01686934679787,0.041163918047692066,False,nan,nan,False,False
285,1.425,0.005002375000003667,0.0012238689996593166,4.999999873689376e-06,0.00018684000042412663,0.0008857570001055137,4.2860000576183666e-05,0.0037047879995952826,0.0016749897379708459,0.0012517787319302441,0.3349979475941692,5.012028280513432,0.04207993162428239,False,nan,nan,False,False
286,1.43,0.004976175999217958,0.001285283000470372,3.946999640902504e-06,0.00123586100016837,0.0008450010000160546,4.376200013211928e-05,0.0036759439999514143,0.0016302807648136363,0.0011936958315066082,0.3260561529627273,2.6087407105689113,0.04401352871077822,False,nan,nan,False,False
287,1.435,0.005034835000515159,0.001222976999997627,5.369999598769937e-06,0.00011117800022475421,0.0008771299999352777,4.2499999835854396e-05,0.0037004400001023896,0.0016798883570916764,0.001251206545072634,0.33597767141833523,2.704574314419147,0.041303593682645384,False,nan,nan,False,False
288,1.44,0.00498091499957809,0.0013799610005662544,4.729000465886202e-06,0.001182961999802501,0.0010284230002071126,4.353100030130008e-05,0.0036070249998374493,0.001638071341354951,0.0011940679737074272,0.32761426827099027,4.220486122573594,0.04339646951616861,False,nan,nan,False,False
289,1.445,0.0050576280000314,0.0011850460005007335,5.850999514223076e-06,0.00011559599988686386,0.0008458219999738503,4.39730001744465e-05,0.0036989769996580435,0.0016871899177190659,0.0012405858677007053,0.3374379835438132,4.7024011519790205,0.04484241914576417,False,nan,nan,False,False
290,1.45,0.004938846000186459,0.0013659839996762457,5.029000021750107e-06,0.0011765210001613013,0.0010213699997621006,4.258999979356304e-05,0.003616143000726879,0.00164545490602999,0.0011951784952077688,0.329090981205998,4.390457985841909,0.044415346097858965,False,nan,nan,False,False
291,1.455,0.005048881999755395,0.0011702780002451618,4.4779999370803125e-06,0.00010962500073219417,0.0008499289997416781,4.087599972990574e-05,0.0037244850000206497,0.0016944366926955814,0.0012430426094650095,0.3388873385391163,4.417191064196279,0.04324777580622606,False,nan,nan,False,False
292,1.46,0.0049508279998917715,0.001372957000057795,4.918999366054777e-06,0.0011767799996960093,0.0010327420004614396,4.2579999899317045e-05,0.003612645999965025,0.0016401057630311409,0.0011796948362792908,0.32802115260622816,4.091626460272635,0.04371816621597259,False,nan,nan,False,False
293,1.465,0.005054061000009824,0.0011804480000137119,4.737999915960245e-06,0.00011206999988644384,0.0008509110002705711,4.2269000005035195e-05,0.0037116210005478933,0.0016960995112034595,0.0012416115325078192,0.33921990224069193,3.438464557226134,0.04381040785548923,False,nan,nan,False,False
294,1.47,0.004947673000060604,0.001372477000586514,4.5079996198182926e-06,0.0011804870000560186,0.0009079080000446993,4.3150999772478826e-05,0.003572589999748743,0.0016451993740380193,0.0011720682405234016,0.3290398748076038,3.429223265795265,0.04252806496321217,False,nan,nan,False,False
295,1.475,0.005003597000722948,0.0014511939998556045,6.561999725818168e-06,0.002302515000337735,0.0010768939991976367,6.261700036702678e-05,0.003493082000204595,0.0017567262987003259,0.001296617841781738,0.3513452597400652,5.906074544291346,0.041161485204144505,False,nan,nan,False,False
296,1.48,0.005002223999326816,0.0013994569999340456,4.839999746764079e-06,0.001170258999991347,0.0010664439996617148,4.660800004785415e-05,0.003586818000258063,0.0017063146920011946,0.0012368209232718683,0.3412629384002389,2.572336427195577,0.041319782898032585,False,nan,nan,False,False
297,1.485,0.005039955000029295,0.0012089010006093304,4.378000085125677e-06,9.733200022310484e-05,0.0008807069998510997,4.652700044971425e-05,0.0036895200000799377,0.0017807333818696067,0.0013376991633819273,0.35614667637392133,4.152224188242581,0.04420202958477904,False,nan,nan,False,False
298,1.49,0.004952792000040063,0.0012600170002770028,4.828999408346135e-06,0.0011812290003945236,0.0009292869999626419,4.219899983581854e-05,0.00371205099963845,0.0017227698988595411,0.0012547395934404577,0.34455397977190816,3.554828797998514,0.04370161434574462,False,nan,nan,False,False
299,1.495,0.005026921000535367,0.001175648999378609,4.5589995352202095e-06,9.72420002653962e-05,0.0008536559998901794,4.2239000322297215e-05,0.003741857000022719,0.0018082572832499176,0.0013475771176718054,0.36165145664998355,3.9129069083215633,0.042036353901677,False,nan,nan,False,False
300,1.5,0.004970725000021048,0.0012976170000911225,4.3790005292976275e-06,0.0011896650003109244,0.0009661770000093384,4.1017000512511004e-05,0.00367834899952868,0.0017406212820155395,0.0012629503850807161,0.3481242564031079,3.4685933057781995,0.043741399764722654,False,nan,nan,False,False
301,1.5050000000000001,0.005032571999436186,0.0011746370000764728,4.5079996198182926e-06,9.946600039256737e-05,0.0008400009992328705,4.1618000068410765e-05,0.0037384110000857618,0.001842862207119951,0.001378996818403068,0.3685724414239902,4.81901291301949,0.04527404012692755,False,nan,nan,False,False
302,1.51,0.004966688000422437,0.0012791319995812955,4.9390000640414655e-06,0.0011870900007124874,0.0009436050004296703,4.3090999497508164e-05,0.0037091459998919163,0.0017817455385481572,0.0013018231585775614,0.3563491077096314,3.1427561639828103,0.046854953218797936,False,nan,nan,False,False
303,1.5150000000000001,0.0050415979994795634,0.0011706390005201683,4.458000148588326e-06,9.623000005376525e-05,0.0008295309999084566,4.210800034343265e-05,0.0037364469999374705,0.001807078791963961,0.001334047656573252,0.36141575839279216,1.327160625627531,0.043933705264407055,False,nan,nan,False,False
304,1.52,0.004966027000591566,0.0012799329997505993,4.437999450601637e-06,0.0011921790000997134,0.0009442450000278768,4.1166999835695606e-05,0.003712523000103829,0.0018087766265336997,0.0012887308306407386,0.3617553253067399,4.099155362603058,0.04852007664696088,False,nan,nan,False,False
305,1.5250000000000001,0.0050491619995227666,0.0011910370003533899,4.599000021698885e-06,0.0001032840000334545,0.000847434999741381,4.349200025899336e-05,0.003703215999848908,0.0018288747826294427,0.0013368114791496022,0.36577495652588854,4.054097965028484,0.047542304800815754,False,nan,nan,False,False
306,1.53,0.004954304999955639,0.0013750810003330116,6.582999958482105e-06,0.001200735999191238,0.0010158290006074822,4.571599947666982e-05,0.003566278999642236,0.0018087192799635817,0.001305612939685584,0.3617438559927163,2.2723288085411992,0.0501212845825732,False,nan,nan,False,False
307,1.5350000000000001,0.005007003000173427,0.0013213110005381168,8.925999281927943e-06,0.002253833999930066,0.0009754949996931828,4.347199956100667e-05,0.003611483999520715,0.0019364337137347902,0.0014564275242922135,0.387286742746958,7.962436700884137,0.04512965567761944,False,nan,nan,False,False
308,1.54,0.004987506999896141,0.0013659850001204177,5.069999133411329e-06,0.001098804999855929,0.0009656860001996392,4.510399958235212e-05,0.003579473000172584,0.0019017812215682372,0.001414164734498683,0.3803562443136474,2.1514985862266536,0.04737006263541949,False,nan,nan,False,False
309,1.545,0.005005070000152045,0.0013954089999970165,9.929000043484848e-06,0.002169026999581547,0.0010398539998277556,4.492399966693483e-05,0.0035786529997494654,0.0018506498512738615,0.0013439260733866115,0.3701299702547723,4.965479588043483,0.045784221438688856,False,nan,nan,False,False
310,1.55,0.005040064999775495,0.0013563669999712147,4.980000085197389e-06,0.0011044559996662429,0.0009903320005832938,4.60660003227531e-05,0.0035481650002111564,0.0018871429905700139,0.0013963127293588444,0.3774285981140028,3.962879447313434,0.047347288761462,False,nan,nan,False,False
311,1.555,0.004961008000464062,0.0011909369995919405,6.561999725818168e-06,0.00044939000054000644,0.0008483369992973167,4.60559995190124e-05,0.0037467960000867606,0.001842574504856988,0.001339436445157223,0.3685149009713976,3.0562716847729763,0.046240013708764204,False,nan,nan,False,False
312,1.56,0.0049941890001719,0.0013025559992456692,4.8089996198541485e-06,0.001510834999862709,0.0009502570001131971,4.317999992053956e-05,0.0036421210006665206,0.001984304699335018,0.0014986855581159524,0.39686093986700355,8.120832983171804,0.04387610541518763,False,nan,nan,False,False
313,1.565,0.004998076999982004,0.0011880609999934677,4.518000423558988e-06,0.00040875400009099394,0.0008516930001860601,4.3421000555099454e-05,0.003762526999707916,0.001945469039038113,0.0014520458910160343,0.3890938078076226,2.2554743405637465,0.04726251789828288,False,nan,nan,False,False
314,1.57,0.00500869600000442,0.0013146889996278333,5.070000042906031e-06,0.0014927410002201214,0.0009698639996713609,4.342099964560475e-05,0.0036231550002412405,0.0018987000637135977,0.0013944001650245327,0.37974001274271957,3.397792684106774,0.04724902914359654,False,nan,nan,False,False
315,1.575,0.004993788999854587,0.0011863279996759957,4.83900021208683e-06,0.0004350929993961472,0.0008647169997857418,4.227899989928119e-05,0.0037572370001726085,0.0019370481421936206,0.0014411137581764495,0.3874096284387241,1.9369651046526797,0.04931482615841094,False,nan,nan,False,False
316,1.58,0.004997846000151185,0.0013008429996261839,4.709000677394215e-06,0.0015010769993750728,0.0009561879996908829,5.6985999435710255e-05,0.003645075999884284,0.0019167747987796945,0.0013868168110548543,0.38335495975593886,2.5111929457748188,0.047923765237740924,False,nan,nan,False,False
317,1.585,0.005002424999474897,0.001197900000079244,4.679000085161533e-06,0.00043468300009408267,0.000866700999722525,4.290000015316764e-05,0.003743410999959451,0.002012819345709523,0.0015083139432970072,0.4025638691419046,5.204872892697579,0.05067311005273848,False,nan,nan,False,False
318,1.59,0.004995842999960587,0.0012821870004700031,4.6080003812676296e-06,0.0014841360007267212,0.000940118000471557,5.484300072566839e-05,0.0036680399998658686,0.001961829306961996,0.0014433487646911755,0.39236586139239926,2.661949623991523,0.052468570809813146,False,nan,nan,False,False
319,1.595,0.005007384000236925,0.0011824610000985558,4.7789999371161684e-06,0.00038825600040581776,0.0008601280005677836,4.2800000301213004e-05,0.003756795000299462,0.0019685968929577984,0.0014521000197529332,0.39371937859155975,1.0088606583162327,0.050122519699618985,False,nan,nan,False,False
320,1.6,0.004991984999833221,0.0012896119997094502,4.428000465850346e-06,0.00144192599964299,0.0009488739997323137,4.290000015316764e-05,0.0036591530006262474,0.0020738890207119077,0.0015214009515699817,0.41477780414238147,4.582978215153962,0.04940784636190846,False,nan,nan,False,False
321,1.605,0.005003186000067217,0.0011703390000548097,4.849000106332824e-06,0.00031951700020727003,0.0008532559995728661,4.194799930701265e-05,0.0037726649998148787,0.0020099654435480397,0.0014699309258572775,0.4019930887096079,2.8581933869640923,0.051214113380117145,False,nan,nan,False,False
322,1.61,0.004996204000235593,0.0012788510002792464,4.617999366018921e-06,0.0014074319997234852,0.0009512890001133201,4.1277000491390936e-05,0.0036696419992949814,0.002080900179538921,0.0015565506006413564,0.41618003590778424,3.5262448665413215,0.049777486194753834,False,nan,nan,False,False
323,1.615,0.005001843000172812,0.0012009960000796127,4.69899987365352e-06,0.0003058020001844852,0.0008693059999131947,5.196700021770084e-05,0.0037439009993249783,0.00199867208372887,0.0014454412544454079,0.39973441674577403,4.612640407968,0.05101422329126761,False,nan,nan,False,False
324,1.62,0.005000862000088091,0.0013211209998189588,4.5589995352202095e-06,0.0008721309995962656,0.0008785529998931452,4.330100000515813e-05,0.0036244579996491666,0.0021409006490653885,0.0015990251361289107,0.42818012981307774,6.685920533051694,0.05152018567364516,False,nan,nan,False,False
325,1.625,0.004999108999982127,0.001186208000035549,4.538000212050974e-06,0.0003108020000581746,0.0008394799997404334,4.4784000237996224e-05,0.0037613939994116663,0.002098553271840867,0.0015488636000426277,0.41971065436817345,2.086327770985791,0.0505718003953975,False,nan,nan,False,False
326,1.6300000000000001,0.00500461899991933,0.0013238450001153979,4.829000317840837e-06,0.0014076819998081191,0.0009854929994617123,4.392200025904458e-05,0.0036198899997543776,0.0020270652484577277,0.0014628535610373694,0.40541304969154557,3.7033626508425725,0.050982216438987794,False,nan,nan,False,False
327,1.635,0.004997925999305153,0.0011951450005653896,4.378000085125677e-06,0.00031645199942431645,0.0008582250002291403,4.3461999666760676e-05,0.0037502329996641492,0.002099549697773065,0.0015555413592363045,0.4199099395546129,3.9839093815957716,0.054288112210219654,False,nan,nan,False,False
328,1.6400000000000001,0.0049986780004473985,0.0013188760003686184,4.1880002754624e-06,0.0014242940005715354,0.0008713799998076865,4.3942999582213815e-05,0.0036280249996707425,0.0020506388057024254,0.0014904633577196916,0.41012776114048505,2.7127046210615005,0.0525053650807802,False,nan,nan,False,False
329,1.645,0.005004738999559777,0.0011658500006888062,4.388999514048919e-06,0.000317773999995552,0.0008354819992746343,4.11770006394363e-05,0.003771893999328313,0.0021232905444521426,0.0015840638929423,0.4246581088904286,3.8144363193792836,0.05058913421564955,False,nan,nan,False,False
330,1.6500000000000001,0.004995492000489321,0.0012831699996240786,5.7309998737764545e-06,0.0014210569997885614,0.0009354289995826548,4.152699966653017e-05,0.0036609260005207034,0.0020597492538181775,0.0014991585387863944,0.4119498507636355,3.4341873265356315,0.05385186731064618,False,nan,nan,False,False
331,1.655,0.004997756000193476,0.0011544290000529145,4.137999894737732e-06,0.0003114219998678891,0.0008292510001410847,4.431300021678908e-05,0.0037922819992672885,0.002131283574022869,0.001578996612865563,0.4262567148045738,3.391832271694301,0.054866621135953995,False,nan,nan,False,False
332,1.6600000000000001,0.004999378999855253,0.001247303000127431,4.21799995820038e-06,0.0014272790003815317,0.0008715399999346118,4.182799966656603e-05,0.0036999489993831958,0.002076284691733558,0.0015104294913420371,0.4152569383467116,2.92436852948654,0.054438326697645104,False,nan,nan,False,False
333,1.665,0.004999759999918751,0.0011529260000315844,4.087999514013063e-06,0.000306573000671051,0.0008275469999716734,4.3570999878284056e-05,0.0038081920001786784,0.0021208658568426784,0.0015718794405526933,0.42417317136853566,2.5959745102450267,0.05459481747169193,False,nan,nan,False,False
334,1.67,0.0050159699994765106,0.0013137270007064217,4.4990001697442494e-06,0.0014223899997887202,0.0009640430007493705,4.242900013196049e-05,0.0036186669995004195,0.0020624363473885346,0.0014837599533399116,0.41248726947770686,3.6540181271985843,0.05468740204147238,False,nan,nan,False,False
335,1.675,0.00498639500074205,0.0011826419995486503,4.27799932367634e-06,0.000315238999974099,0.0008626429998912499,4.1357000554853585e-05,0.0037645390002580825,0.0021683189069453337,0.0016107609255280285,0.4336637813890667,5.252430724287697,0.05453867040076092,False,nan,nan,False,False
336,1.68,0.005008705999898666,0.0013303790001373272,4.9390000640414655e-06,0.0014197349992173258,0.0009849620000750292,4.273000013199635e-05,0.0036122749997957726,0.0021215127917223655,0.0015524912994067386,0.424302558344473,2.3751675486820156,0.05300114192722552,False,nan,nan,False,False
337,1.685,0.004995722999410646,0.001194033000501804,4.327999704401009e-06,0.00017249299980903743,0.0008660800003781333,4.1728000724106096e-05,0.003743219999705616,0.002074202021003739,0.0015045031529588096,0.4148404042007478,2.268080725038371,0.053614284310698555,False,nan,nan,False,False
338,1.69,0.004989861000467499,0.0014045170000827056,4.007999450550415e-06,0.001279754000279354,0.0008690750000823755,4.694800009019673e-05,0.0035463819995129597,0.002236263627480797,0.0016628946435676244,0.4472527254961593,7.208388073878735,0.054129083575817666,False,nan,nan,False,False
339,1.695,0.005004378999728942,0.0011713499998222687,4.387999979371671e-06,0.00027801000032923184,0.0008517630003552767,4.089699996256968e-05,0.0037755510002170922,0.0021983080865984623,0.001622085891414618,0.43966161731969244,1.7864793787635413,0.05279384098806821,False,nan,nan,False,False
340,1.7,0.004999548999876424,0.0013917730002503959,4.298000021663029e-06,0.0012794020003639162,0.0008735940000406117,4.102599996258505e-05,0.003553585000190651,0.002137592225384655,0.001558581757833688,0.42751844507693104,2.8086426336021884,0.0538802977742144,False,nan,nan,False,False
341,1.705,0.0049997100004475215,0.0011850760001834715,4.718999662145507e-06,0.00029694600016227923,0.000858797000546474,4.149799951846944e-05,0.003760892999707721,0.0021338710011302247,0.0015811374701241339,0.42677420022604495,2.557343022681443,0.055450901145449726,False,nan,nan,False,False
342,1.71,0.005000350999580405,0.001414786000168533,4.549000550468918e-06,0.0014105870004641474,0.0008700970001882524,4.2149000364588574e-05,0.0035316240000611288,0.0021975227831457695,0.0015871538270496796,0.4395045566291539,6.577470135948507,0.05526946524153609,False,nan,nan,False,False
343,1.715,0.005001042000003508,0.0011560020002434612,4.3179998101550154e-06,0.00029005299984419253,0.0008283580000352231,3.995400038547814e-05,0.0037875830003031297,0.0021787737360085026,0.0015840354798638753,0.4357547472017005,2.5116752080339615,0.05487626630301818,False,nan,nan,False,False
344,1.72,0.004996724000193353,0.0012610579997271998,4.268000338925049e-06,0.001415097000062815,0.0009360900003230199,4.038600036437856e-05,0.0036879770004816237,0.002168657283966228,0.0016095032450296684,0.4337314567932457,4.364642977127257,0.055850442850210395,False,nan,nan,False,False
345,1.725,0.005002705999686441,0.00117884400060575,4.588000592775643e-06,0.0003130449995296658,0.0008314240003528539,4.688800072472077e-05,0.003795096999965608,0.00217167868433074,0.0015803192205102422,0.43433573686614796,5.10741838503937,0.05606990096362469,False,nan,nan,False,False
346,1.73,0.005094316000395338,0.001620359999833454,8.154999704856891e-06,0.001514602000497689,0.0012078390000169748,4.9031999878934585e-05,0.003263714000240725,0.002191913715194017,0.001617805338182298,0.4383827430388033,4.533934590122084,0.0559189489770819,False,nan,nan,False,False
347,1.735,0.004957391000061762,0.0014623850001953542,7.654000000911765e-06,0.00047917600022628903,0.0010626369994497509,7.407800057990244e-05,0.003437246999965282,0.002174539826676766,0.0015872212150572808,0.43490796533535325,3.613106912773123,0.05637192342783254,False,nan,nan,False,False
348,1.74,0.004956177999702049,0.0013324720002856338,4.7789999371161684e-06,0.0015005360000941437,0.000996212999780255,4.584599992085714e-05,0.0036117540003033355,0.0022482301486486814,0.001664901043795932,0.4496460297297362,4.984128486528429,0.05638663378533839,False,nan,nan,False,False
349,1.745,0.004998868000257062,0.0011848060003103456,5.019000127504114e-06,0.00043759799973486224,0.0008582450000176323,4.2809999285964295e-05,0.00375711600008799,0.002222625185170936,0.0016285709522945654,0.4445250370341873,3.3153146836479954,0.05408143504898299,False,nan,nan,False,False
350,1.75,0.0049969649999184185,0.0013322810000317986,4.788999831362162e-06,0.001480429000366712,0.0008875599996827077,4.295000053389231e-05,0.003613206999943941,0.002207633449292714,0.0015899739547032866,0.4415266898585427,5.858585851530039,0.05672575450913595,False,nan,nan,False,False
351,1.7550000000000001,0.00500156300040544,0.001174105999780295,4.798999725608155e-06,0.0004093249999641557,0.0008401719996982138,4.230899958201917e-05,0.0037684669996451703,0.002216630786945502,0.0016124597659369008,0.4433261573891004,3.2878438280239393,0.05554353882364326,False,nan,nan,False,False
352,1.76,0.004996813999241567,0.001317464000749169,4.829000317840837e-06,0.00094626000009157,0.0009522310001557344,4.4022000110999215e-05,0.0036311109997768654,0.0022722055900790752,0.001655460729921912,0.45444111801581505,3.7618767381502214,0.053665608060368145,False,nan,nan,False,False
353,1.7650000000000001,0.005009699000765977,0.001176680999378732,5.1500001063686796e-06,0.0004124509996472625,0.0008413929999733227,4.2409000343468506e-05,0.0037622850004481734,0.0022448459462368875,0.0016342092984384417,0.4489691892473775,3.09417506429809,0.05463649169998681,False,nan,nan,False,False
354,1.77,0.004994199000066146,0.0012827789996663341,4.589000127452891e-06,0.0014878530000714818,0.0009431939997739391,4.177800019533606e-05,0.003663851999590406,0.0023057885328833846,0.0016815472071480646,0.4611577065766769,5.304629040595351,0.055184684239444566,False,nan,nan,False,False
355,1.7750000000000001,0.005000821999601612,0.0011610920000748592,4.649000402423553e-06,0.00041605800015531713,0.0008267060002253857,4.1588000385672785e-05,0.003784466999604774,0.002280559210166163,0.0016651615671703056,0.4561118420332325,3.1446340960797463,0.05670431049662301,False,nan,nan,False,False
356,1.78,0.004998817999876337,0.0012909240003864397,4.538999746728223e-06,0.0014887740007907269,0.0009462199996050913,4.1989000237663276e-05,0.0036535929993988248,0.0023150810961430086,0.0016992076695137442,0.46301621922860164,2.2300880794309497,0.05760433793363259,False,nan,nan,False,False
357,1.7850000000000001,0.00500491000002512,0.0011745359997803462,4.719000571640208e-06,0.0004050679999636486,0.0008340289996340289,4.28809998993529e-05,0.0037653520003004814,0.002289591295337805,0.001667863040798169,0.457918259067561,4.366838867783034,0.05865933305474356,False,nan,nan,False,False
358,1.79,0.0049951310002143146,0.0012961040001755464,5.931000487180427e-06,0.0009605260001990246,0.0009489849999226863,4.200799958198331e-05,0.0036502559996733908,0.0023196530381252257,0.001693024578669454,0.4639306076250451,3.3665740828789223,0.06130310189916157,False,nan,nan,False,False
359,1.795,0.005000751999432396,0.0011792050008807564,4.849000106332824e-06,0.00043610500051727286,0.0008539170003132313,4.4131999857199844e-05,0.003769298999941384,0.0023302051083715592,0.0017143436589413773,0.4660410216743118,3.677549015081419,0.06335172543276689,False,nan,nan,False,False
360,1.8,0.0050039570005537826,0.0013235050000730553,4.6290006139315665e-06,0.0009452179992877063,0.0009721779997562408,4.375199932837859e-05,0.0036180859997330117,0.002354390027464969,0.0017119559057317546,0.4708780054929938,5.417671154548741,0.059922343666743864,False,nan,nan,False,False
361,1.805,0.004995782999685616,0.0011738250004782458,4.989000444766134e-06,0.00044285799958743155,0.0008530760005669435,4.219799939164659e-05,0.003768055999898934,0.0023384926268972465,0.0017128634031411578,0.46769852537944934,3.298568778152323,0.06122739277175012,False,nan,nan,False,False
362,1.81,0.004993899000510282,0.0012902019998364267,4.7280000217142515e-06,0.0015038219999041758,0.0009529219996693428,4.791000083059771e-05,0.00366057599967462,0.0023966389832192716,0.0017509890534435635,0.47932779664385433,4.872082603984509,0.06105017942206595,False,nan,nan,False,False
363,1.815,0.005004558000109682,0.0011618129992712056,4.709000677394215e-06,0.0004323780003687716,0.0008460119997835136,4.123700000491226e-05,0.0037807900007464923,0.002372821318484817,0.0017387480753706455,0.4745642636969634,2.7053250493258454,0.060826646979548905,False,nan,nan,False,False
364,1.82,0.004994891000023927,0.0012829190000047674,4.128000000491738e-06,0.0014694980000058422,0.0009596339996278402,4.150800032221014e-05,0.0036677789994428167,0.002388323624293488,0.0017671085435877545,0.4776647248586976,2.255120334192571,0.05761594124874552,False,nan,nan,False,False
365,1.825,0.005004187999475107,0.0011749980003514793,4.538000212050974e-06,0.0004340720006439369,0.0008452510001006885,4.275999981473433e-05,0.0037686669993490796,0.0024017007804415574,0.0017380253290177963,0.4803401560883115,4.91876498296086,0.059775808208026304,False,nan,nan,False,False
366,1.83,0.004998768000405107,0.0012710470000456553,5.130000317876693e-06,0.0014958070005377522,0.0009313720001955517,5.759799933002796e-05,0.003677346999211295,0.002416231504876057,0.001778053847249543,0.48324630097521143,3.84273604597903,0.058600773010343894,False,nan,nan,False,False
367,1.835,0.005007705000025453,0.001188091999210883,4.7789999371161684e-06,0.0004444209998837323,0.0008530960003554355,4.441300006874371e-05,0.003750523000235262,0.002398976422456953,0.0017369761931496155,0.4797952844913906,4.009674344689892,0.0609600528773925,False,nan,nan,False,False
368,1.84,0.004995792000045185,0.001310931999796594,4.919000275549479e-06,0.0015043229996081209,0.0009784199992282083,4.311100019549485e-05,0.003632142000242311,0.0024504818076512805,0.0018111085237768054,0.4900963615302561,4.844917331427291,0.05919657599663796,False,nan,nan,False,False
369,1.845,0.004997435999939626,0.001163745999292587,4.819000423594844e-06,0.0004237419998389669,0.0008413429995925981,4.301999979361426e-05,0.0037813720000485773,0.0024247594246782343,0.0017749031443156996,0.48495188493564684,2.217895833681534,0.06177556808382065,False,nan,nan,False,False
370,1.85,0.004999118999876373,0.0012983669994355296,4.298000021663029e-06,0.0014985630004957784,0.0008536759996786714,5.192699973122217e-05,0.0036485939999693073,0.0025387369425346478,0.001907726618112296,0.5077473885069295,6.229081649746675,0.06170419157183428,False,nan,nan,False,False
371,1.855,0.005002774999411486,0.0011770010005420772,4.468999577511568e-06,0.00043210900003032293,0.0008426459999100189,4.168799932813272e-05,0.003765040999496705,0.002502720419404747,0.001864194325429093,0.5005440838809494,2.140470868103631,0.06332774550350637,False,nan,nan,False,False
372,1.86,0.004996624000341399,0.001286585999878298,4.388999514048919e-06,0.0015029010000944254,0.0009486740000284044,4.264000017428771e-05,0.0036616770003092824,0.0024484875323863542,0.0017838356461385013,0.4896975064772709,4.6621750872695085,0.06289861476744232,False,nan,nan,False,False
373,1.865,0.005002664999665285,0.0011710200005836668,4.498999260249548e-06,0.0004170399997747154,0.0008344909992956673,4.353200074547203e-05,0.0037736670001322636,0.0024750663837052422,0.0018294413879798715,0.49501327674104845,3.7701574241100477,0.06470653613660393,False,nan,nan,False,False
374,1.87,0.004999940000743663,0.0013427320000118925,4.6980003389762715e-06,0.0009481629995207186,0.0008828720001474721,4.327099941292545e-05,0.003600542999265599,0.0024702525362604315,0.0017902104680611597,0.4940505072520863,4.74864357110343,0.0643210324277888,False,nan,nan,False,False
375,1.875,0.004996253999706823,0.0011698970001816633,4.4779999370803125e-06,0.0004264270000930992,0.0008376860005228082,4.221900053380523e-05,0.003776622999794199,0.0024827248603557345,0.0018214206426502844,0.4965449720711469,2.8245539872446255,0.06240717883464196,False,nan,nan,False,False
376,1.8800000000000001,0.005000240000299527,0.0013196579993746127,4.568999429466203e-06,0.0009577509999871836,0.0008646470005260198,4.151799930696143e-05,0.003627544000664784,0.002511524414667904,0.0018544865191078772,0.5023048829335808,1.8287101041220934,0.06403373609411572,False,nan,nan,False,False
377,1.885,0.005004108999855816,0.0013341039993974846,4.657999852497596e-06,0.002067506000457797,0.0009869750001598732,4.3031000132032204e-05,0.0036109530001340318,0.0026504974727005583,0.0019580584170529602,0.5300994945401117,7.099244597853999,0.06421545163115952,False,nan,nan,False,False
378,1.8900000000000001,0.005009056999369932,0.0013053610000497429,4.718999662145507e-06,0.0009649150006225682,0.0009653850001996034,4.295000053389231e-05,0.0036333540001578513,0.002601645979468275,0.0019202633572650146,0.520329195893655,2.4275397324112116,0.06474877581023589,False,nan,nan,False,False
379,1.895,0.004998988000807003,0.0011983409995082184,5.210000381339341e-06,0.0004409640005178517,0.0008595470008003758,4.650699975172756e-05,0.003738641999916581,0.002561058718559788,0.0018874380716167871,0.5122117437119575,2.0632570282188913,0.0640323950433934,False,nan,nan,False,False
380,1.9000000000000001,0.004998056999284017,0.0013864920001651626,5.070000042906031e-06,0.0014875920005579246,0.001021480000417796,5.575400064117275e-05,0.003557222999916121,0.002596357981756786,0.0019301403709471726,0.5192715963513573,2.621861832806215,0.06524731497343332,False,nan,nan,False,False
381,1.905,0.00500743400061765,0.0012253609993422288,5.070000042906031e-06,0.00043701699996745447,0.0008933799999795156,4.526499924395466e-05,0.003712182000526809,0.0025512045526317672,0.0018598619731943836,0.5102409105263535,4.475064957046098,0.0658430376941902,False,nan,nan,False,False
382,1.9100000000000001,0.004997174999516574,0.0013839279999956489,5.17999978910666e-06,0.0009722280001369654,0.0009494649993939674,4.408200038596988e-05,0.0035630630000014207,0.0026064832486779148,0.0019317739762583566,0.521296649735583,3.9225306685732506,0.06569553572804708,False,nan,nan,False,False
383,1.915,0.005019846999857691,0.0014898260005793418,6.362000021908898e-06,0.0004391309994389303,0.0010425399996165652,6.174500049382914e-05,0.003439662999880966,0.0025624530148814374,0.0018718942047223838,0.5124906029762875,2.6598084683886953,0.06589795389138481,False,nan,nan,False,False
384,1.92,0.005000361000384146,0.001584362999892619,5.961000169918407e-06,0.0015282479998859344,0.0012298300007387297,4.2949999624397606e-05,0.0033391549995940295,0.00266062635043756,0.001986699097159511,0.5321252700875121,4.710276637865519,0.06411144386148751,False,nan,nan,False,False
385,1.925,0.004993798999748833,0.0013649520005856175,5.569999302679207e-06,0.00045909900018159533,0.0010020629997598007,4.207900019537192e-05,0.0036364809993756353,0.0026135229542292547,0.0019314151200762533,0.522704590845851,2.2756132996849185,0.06628571260704655,False,nan,nan,False,False
386,1.93,0.0051226200002929545,0.0016362699998353492,1.0579999980109278e-05,0.0016491349997522775,0.0011983109998254804,5.18770002599922e-05,0.003178783999828738,0.002565166429330124,0.0018598306710811488,0.5130332858660248,3.1385376680240227,0.06335340313160048,False,nan,nan,False,False
387,1.935,0.004896526000266022,0.001376273999994737,7.122999704733957e-06,0.00048027899993030587,0.0009741610001583467,4.807899949810235e-05,0.003548084999238199,0.00263504454760757,0.0019491160740847044,0.5270089095215139,3.919776944913078,0.06492515966956428,False,nan,nan,False,False
388,1.94,0.00500727399958123,0.0017053090004992555,7.382999683613889e-06,0.0015842229995541857,0.0013001019997318508,4.627699945558561e-05,0.0031981610000002547,0.002590532785110408,0.001868094983133603,0.5181065570220816,4.197340770030389,0.0647871552271491,False,nan,nan,False,False
389,1.945,0.004977288000191038,0.0014956570003050729,5.900999894947745e-06,0.00046034099977987353,0.0010504949996175128,5.414199949882459e-05,0.003429523999329831,0.0026232781049512106,0.0019186567760883025,0.5246556209902422,2.382977040265605,0.06326415195129825,False,nan,nan,False,False
390,1.95,0.004994961000193143,0.0015821589995539398,5.850999514223076e-06,0.0009747029998834478,0.001218748999235686,4.4933999561180826e-05,0.0033434719998695073,0.0026739537683559277,0.0019640049328793346,0.5347907536711857,2.3093798654614113,0.06623935664851255,False,nan,nan,False,False
391,1.955,0.004986635000022943,0.0011678040000333567,5.0889993872260675e-06,0.0004468850002012914,0.0008388979995288537,4.421199992066249e-05,0.003896045999681519,0.002665058798579832,0.001969900226370447,0.5330117597159665,1.76520381923335,0.064589001154336,False,nan,nan,False,False
392,1.96,0.005390340999838372,0.001600001000042539,2.2631999854638707e-05,0.0019036099993172684,0.0010847180001292145,5.0474000090616755e-05,0.002959325000119861,0.00276003464073357,0.0020000000000000018,0.552006928146714,6.291990637197727,0.06604435790905971,False,nan,nan,False,False
393,1.965,0.0046356389993889024,0.0012331760008237325,6.502000360342208e-06,0.0003432519997659256,0.0008850849999362254,4.91619994136272e-05,0.0036908919992129086,0.002725042190067992,0.001985819495369752,0.5450084380135986,2.3314408575633396,0.06877893516910293,False,nan,nan,False,False
394,1.97,0.004994269000235363,0.0016678990004947991,6.421999387384858e-06,0.0014522250003210502,0.0012451390002752305,5.232799958321266e-05,0.0033269420000578975,0.002697120782799973,0.0020000000000000018,0.5394241565599946,3.5221501979631,0.06672012430699054,False,nan,nan,False,False
395,1.975,0.0051130120000379975,0.0016255090004051453,9.408000551047735e-06,0.00047061999975994695,0.0012267339998288662,5.24179995409213e-05,0.0032522319997951854,0.0027263509661603095,0.0020000000000000018,0.5452701932320619,2.9295539066346823,0.06958691004727872,False,nan,nan,False,False
396,1.98,0.004995492000489321,0.0017035349992511328,9.387999853061046e-06,0.0015759170000819722,0.001297476000218012,5.198700000619283e-05,0.0031796360008229385,0.00272990378104463,0.0020000000000000018,0.545980756208926,3.23420070306776,0.06889390448321625,False,nan,nan,False,False
397,1.985,0.005001522999918961,0.0015598469999531517,9.166999916487839e-06,0.00044188700030645123,0.0011171789992658887,5.234800028119935e-05,0.0033201489995917655,0.002735636595103808,0.0020000000000000018,0.5471273190207615,1.9451910431068429,0.06669867887284635,False,nan,nan,False,False
398,1.99,0.0049976860000242596,0.0015812470001037582,9.097000656765886e-06,0.001577269999870623,0.0011363849998815567,5.1666999752342235e-05,0.003296433999821602,0.002775560687608184,0.0020000000000000018,0.5551121375216368,6.537581133502879,0.06927962352922205,False,nan,nan,False,False
399,1.995,0.004995039999812434,0.0017016530000546481,9.106999641517177e-06,0.0004622839996955008,0.0012002550001852796,6.324799960566452e-05,0.003193270999872766,0.0027635680376187585,0.0020000000000000018,0.5527136075237516,1.8248445934373059,0.06701088507802273,False,nan,nan,False,False
400,2.0,0.005012464000174077,0.001823109999349981,9.157000022241846e-06,0.0015830510001251241,0.0013653229998453753,5.158600015420234e-05,0.0030542610002157744,0.002744009904325544,0.0020000000000000018,0.5488019808651088,3.617438923818546,0.06849528321015859,False,nan,nan,False,False
401,2.005,0.00499842799945327,0.0016051310003604158,9.016000149131287e-06,0.00045137400047678966,0.0011912179998034844,5.221699939284008e-05,0.0032714079998186207,0.0027472623739472194,0.0020000000000000018,0.5494524747894439,0.6265050252294628,0.06918504120402227,False,nan,nan,False,False
402,2.0100000000000002,0.004996272999960638,0.0018274270005349535,9.517000762571115e-06,0.001580585999363393,0.0012193100001240964,6.0832999224658124e-05,0.003077706000112812,0.0027537903840522742,0.0020000000000000018,0.5507580768104549,2.6523042830582573,0.06969513269448481,False,nan,nan,False,False
403,2.015,0.005023624000386917,0.0015191610000329092,9.166999916487839e-06,0.00048589899961370975,0.0010957589993267902,5.2578999202523846e-05,0.0033361289997628774,0.0027621555046502865,0.0020000000000000018,0.5524311009300573,2.976237470796813,0.06914427674009863,False,nan,nan,False,False
404,2.02,0.004972820000148204,0.0016566180001973407,9.127999874181114e-06,0.001578221000272606,0.0011238619999858201,5.277800028125057e-05,0.00325538799916103,0.002758326641145001,0.0020000000000000018,0.5516653282290002,2.314479195813768,0.07034658417222134,False,nan,nan,False,False
405,2.025,0.005031748999499541,0.0016736400002628216,9.026999578054529e-06,0.0004759800003739656,0.001217116000589158,5.246900036581792e-05,0.003174987999955192,0.002764018220670435,0.0020000000000000018,0.5528036441340869,1.6605785490823899,0.07146908612320144,False,nan,nan,False,False
406,2.0300000000000002,0.0049672700006340165,0.001796698999896762,9.276999662688468e-06,0.0015622009996150155,0.0013882560006095446,5.169700034457492e-05,0.0030873239993525203,0.002779818675870755,0.0020000000000000018,0.555963735174151,2.094610330540611,0.07096431210649523,False,nan,nan,False,False
407,2.035,0.005001932999221026,0.001616012000340561,9.106999641517177e-06,0.00045897800009697676,0.0011792550003519864,5.1776999498542864e-05,0.0032644149996485794,0.002763290610599833,0.0020000000000000018,0.5526581221199666,2.2785696224029097,0.07127433317604645,False,nan,nan,False,False
408,2.04,0.004998859000806988,0.0016836079994391184,9.045999831869267e-06,0.0015788119999342598,0.0013501049998012604,3.827099953923607e-05,0.0032002650004869793,0.0028113007167745235,0.0020000000000000018,0.5622601433549047,5.391010168243561,0.06963777565360843,False,nan,nan,False,False
409,2.045,0.005001021999305522,0.00154147200009902,8.936999620345887e-06,0.0004429380005603889,0.0010974320002787863,5.175699971005088e-05,0.003378969000550569,0.0027955694419719663,0.0020000000000000018,0.5591138883943934,1.9883250211983439,0.06856675035120102,False,nan,nan,False,False
410,2.05,0.005039153000325314,0.0016260809998129844,9.328000487585086e-06,0.0016143880002346123,0.0012220960006743553,5.223700009082677e-05,0.003257111000493751,0.002772248974832761,0.0020000000000000018,0.5544497949665522,3.59141371728874,0.07388488789113196,False,nan,nan,False,False
411,2.055,0.005001002000426524,0.0016638219995002146,9.186999704979826e-06,0.0004992929998479667,0.001206996999826515,5.449199943541316e-05,0.003176500000336091,0.0027872854971221265,0.0020000000000000018,0.5574570994244252,2.360863178276069,0.06883316485704205,False,nan,nan,False,False
412,2.06,0.0049577019999560434,0.0017684569993434707,9.117000445257872e-06,0.001573482999447151,0.001346897999610519,5.1605999942694325e-05,0.0031148550006037112,0.002800516949576999,0.0020000000000000018,0.5601033899153998,1.117995985242301,0.06783449565067314,False,nan,nan,False,False
413,2.065,0.005002664999665285,0.001610491999599617,9.166999916487839e-06,0.00044046299990441184,0.0011761890000343556,6.0383000345609616e-05,0.0032698140003049048,0.0027988466662008256,0.0020000000000000018,0.5597693332401651,1.3156445924312685,0.06905797519151684,False,nan,nan,False,False
414,2.07,0.0049979460000031395,0.0017831550003393204,8.977000106824562e-06,0.001570446999721753,0.0013612359998660395,5.103499916003784e-05,0.0031483979992117384,0.002808827200061318,0.0020000000000000018,0.5617654400122636,2.5211240701236037,0.0706709086837026,False,nan,nan,False,False
415,2.075,0.005049362999670848,0.001521726000646595,9.196999599225819e-06,0.0005106750004415517,0.001093996000236075,5.1916999836976174e-05,0.003357758999300131,0.0027976779897271164,0.0020000000000000018,0.5595355979454232,1.6598705456476184,0.07107219390269548,False,nan,nan,False,False
416,2.08,0.004997605999960797,0.0018178290001742425,9.076999958779197e-06,0.0016287660000671167,0.00139178199970047,5.391000013332814e-05,0.0030212500005291076,0.002840698825985517,0.0020000000000000018,0.5681397651971034,3.6415760785394586,0.07064884697291897,False,nan,nan,False,False
417,2.085,0.004955938000421156,0.0017297340000368422,9.297000360675156e-06,0.0004660119993786793,0.0012531229995147442,5.2768999921681825e-05,0.0031528660001640674,0.0028345701267826393,0.0020000000000000018,0.5669140253565278,0.9131985845828011,0.07120710016356659,False,nan,nan,False,False
418,2.09,0.005000070000278356,0.0017741479996402632,9.246999979950488e-06,0.001005289999739034,0.0013698909997401643,5.263799994281726e-05,0.0031094850000954466,0.002819922924662592,0.0020000000000000018,0.5639845849325184,2.2688019273732234,0.0710339581636942,False,nan,nan,False,False
419,2.095,0.005001683999580564,0.001609959999768762,8.906999937607907e-06,0.0004630559997167438,0.0011838440004794393,5.210700055613415e-05,0.003271037000558863,0.002823891305138868,0.0020000000000000018,0.5647782610277736,1.2666053590315005,0.0705444907230814,False,nan,nan,False,False
420,2.1,0.005000119999749586,0.0018135420004909975,9.166999916487839e-06,0.0015860060002523824,0.0012144919992351788,6.210599985934095e-05,0.003070851999837032,0.002843271956893125,0.0020000000000000018,0.5686543913786251,3.24355481050209,0.07079012820246561,False,nan,nan,False,False
421,2.105,0.005002916000194091,0.0015549580002698349,9.166999916487839e-06,0.0004670139996960643,0.0011131020000902936,5.280799996398855e-05,0.003322572999422846,0.0028389798247778013,0.0020000000000000018,0.5677959649555602,1.3707978556897473,0.07052981943576753,False,nan,nan,False,False
422,2.11,0.004996503999791457,0.0017930029998751706,9.05700017028721e-06,0.001567901999806054,0.0013647620007759542,5.430200053524459e-05,0.003093194000030053,0.0028503681082126305,0.0020000000000000018,0.5700736216425261,1.3376973777875827,0.07187665981440373,False,nan,nan,False,False
423,2.115,0.005005550000532821,0.0017134539994003717,9.196999599225819e-06,0.00045684399992751423,0.0012501880000854726,5.182699987926753e-05,0.003160521000609151,0.0028479189675380376,0.0020000000000000018,0.5695837935076075,0.4166520424124409,0.07103836493671009,False,nan,nan,False,False
424,2.12,0.00499155499983317,0.0017629160001888522,9.166999916487839e-06,0.0010179839991906192,0.0013403560005826876,5.247899935056921e-05,0.003134773000056157,0.0028771445674566315,0.0020000000000000018,0.5754289134913262,2.9472226926647385,0.07285928680587006,False,nan,nan,False,False
425,2.125,0.005016090000026452,0.001687205000052927,9.006999789562542e-06,0.0004811689996131463,0.0012310029997024685,5.8118999731959775e-05,0.0031898549996185466,0.002875015573541436,0.0020000000000000018,0.5750031147082872,0.22292563680344238,0.07236443948925052,False,nan,nan,False,False
426,2.13,0.004996112999833713,0.0019217740000385675,9.387000318383798e-06,0.0015902640006970614,0.001479647000451223,5.396100004873006e-05,0.0030209990000003017,0.0028688162773786883,0.0020000000000000018,0.5737632554757376,0.8753511335105425,0.07172151791944063,False,nan,nan,False,False
427,2.1350000000000002,0.005061896000370325,0.0015063669998198748,9.046999366546515e-06,0.0005461809996631928,0.0010888560000239522,6.23559999439749e-05,0.0033006630001182202,0.0028770596689870523,0.0020000000000000018,0.5754119337974104,1.185742397675908,0.07268124504680624,False,nan,nan,False,False
428,2.14,0.004926362999867706,0.0016460480001114774,9.007000699057244e-06,0.0015856649997658678,0.001240208999661263,5.263799994281726e-05,0.0032356809997509117,0.002901037685977565,0.0020000000000000018,0.580207537195513,1.684418534548459,0.07713341479219366,False,nan,nan,False,False
429,2.145,0.004999740000130259,0.001661435999267269,9.217999831889756e-06,0.0004712709996965714,0.0011778929992942722,6.45909995000693e-05,0.003220122000129777,0.0028986952089640286,0.0020000000000000018,0.5797390417928057,0.22033499839011667,0.07102143361660423,False,nan,nan,False,False
430,2.15,0.005001642999559408,0.0017940050001925556,9.437000699108467e-06,0.0015920670002742554,0.0013870540005882503,5.2418000450416e-05,0.0030844279999655555,0.0029164844924687576,0.0020000000000000018,0.5832968984937515,1.7436044647141087,0.07670906043305632,False,nan,nan,False,False
431,2.1550000000000002,0.00499763600055303,0.0016017649995774264,9.246999979950488e-06,0.00047020900001371047,0.0011863789995913976,5.207799949857872e-05,0.0032803049998619827,0.0029143723369516907,0.0020000000000000018,0.5828744673903382,0.15916643192440438,0.07726892548683409,False,nan,nan,False,False
432,2.16,0.0050016629993479,0.0017250660002900986,8.9169998318539e-06,0.0015857849994063145,0.0013079159998596879,6.01720003032824e-05,0.0031579659998897114,0.002923895152993125,0.0020000000000000018,0.584779030598625,0.9478637260886078,0.07709532902722342,False,nan,nan,False,False
433,2.165,0.005001674000595813,0.0015159439999479218,9.268000212614425e-06,0.0004656510000131675,0.0011060590004490223,5.2478000725386664e-05,0.003362788999766053,0.00292291739456814,0.0020000000000000018,0.5845834789136279,0.07213644402479864,0.07436165848891814,False,nan,nan,False,False
434,2.17,0.0049969839992627385,0.001668200000494835,9.08699985302519e-06,0.0015889610003796406,0.001251019000847009,5.175699971005088e-05,0.003295171999525337,0.0029349565723876185,0.0020000000000000018,0.5869913144775237,0.9870488347285142,0.07679772910640503,False,nan,nan,False,False
435,2.1750000000000003,0.0050821740005631,0.0016516189998583286,8.936999620345887e-06,0.0005494369997904869,0.0011981510006080498,5.2828999287157785e-05,0.003146934999676887,0.0029340163664123174,0.0020000000000000018,0.5868032732824635,0.060490619279726,0.0766197837506351,False,nan,nan,False,False
436,2.18,0.004917034999380121,0.001771333000760933,9.126999430009164e-06,0.0015813770005479455,0.0013630000003104215,5.223800053499872e-05,0.003114223999546084,0.0029481263444971427,0.0020000000000000018,0.5896252688994286,1.4597668978556615,0.07577520086088452,False,nan,nan,False,False
437,2.185,0.005004118000215385,0.0015873390002525412,9.197000508720521e-06,0.0004675640002460568,0.0011825419996966957,5.2848999985144474e-05,0.003302215000076103,0.0029459654735501,0.0020000000000000018,0.58919309471002,0.17868387810860495,0.07350815430913346,False,nan,nan,False,False
438,2.19,0.0050080760001947056,0.0017065210004147957,9.107000551011879e-06,0.0015980480002326658,0.0013005820001126267,5.2737999794771895e-05,0.0031663209992984775,0.0029542399027343005,0.0020000000000000018,0.59084798054686,0.6580512408770806,0.07567936972820972,False,nan,nan,False,False
439,2.195,0.004991724999854341,0.0015322750004997943,9.08699985302519e-06,0.00047180299952742644,0.0011119499995402293,5.3079000281286426e-05,0.0032978969993564533,0.0029544051662759156,0.0020000000000000018,0.590881033255183,0.10725267413839229,0.07683403093775831,False,nan,nan,False,False
440,2.2,0.004929268000523734,0.0014531469996654778,7.093999556673225e-06,0.0015130789997783722,0.0010228930004814174,5.409099958342267e-05,0.003432728999541723,0.0029622847431460984,0.0020000000000000018,0.5924569486292196,0.7829050274751576,0.07809857676123699,False,nan,nan,False,False
441,2.205,0.0049541539992787875,0.0012910949999422883,6.121999831520952e-06,0.0003476800002317759,0.0009279759997298243,4.874099977314472e-05,0.0036338350000733044,0.002962830886570007,0.0020000000000000018,0.5925661773140014,0.11484023453786604,0.0750139282431306,False,nan,nan,False,False
442,2.21,0.004988799000784638,0.0013267109998196247,6.362000021908898e-06,0.0014574649994756328,0.0009670480003478588,4.6857999222993385e-05,0.0036095109999223496,0.0029731973696909683,0.0020000000000000018,0.5946394739381936,0.8871657396559419,0.07755566717456933,False,nan,nan,False,False
443,2.215,0.004995862999749079,0.0012191300002086791,5.1500001063686796e-06,0.0003290249997007777,0.0008718110002519097,4.929199985781452e-05,0.003719815999829734,0.0029683209672982627,0.0020000000000000018,0.5936641934596526,0.4857570321588482,0.07871968070009967,False,nan,nan,False,False
444,2.22,0.004996773999664583,0.001345876999948814,5.180000698601361e-06,0.0014511629997286946,0.0009785000002011657,4.589600030158181e-05,0.003597658000217052,0.0029768063347799674,0.0020000000000000018,0.5953612669559935,0.6773656476886578,0.07847712262433497,False,nan,nan,False,False
445,2.225,0.0050005120001515024,0.0012028290002490394,5.208999937167391e-06,0.00033315300061076414,0.000876568999956362,4.341100066085346e-05,0.003734823999366199,0.0029749326133198402,0.0020000000000000018,0.594986522663968,0.15498480782620613,0.07482384435255178,False,nan,nan,False,False
446,2.23,0.004992936999769881,0.0013638099999297992,4.508000529312994e-06,0.001448257999982161,0.0009363010003653471,4.725799954030663e-05,0.0035844430003635352,0.002979828804328056,0.0020000000000000018,0.5959657608656113,0.4391832173357422,0.07646629869846622,False,nan,nan,False,False
447,2.235,0.005005310000342433,0.0011928309995710151,4.979000550520141e-06,0.00033778099987102905,0.0008646870001030038,4.494399945542682e-05,0.003747387000657909,0.0029794494141110305,0.0020000000000000018,0.5958898828222061,0.053517954115357216,0.0803854213853661,False,nan,nan,False,False
448,2.24,0.004996814000151062,0.0013128049995430047,4.599000021698885e-06,0.0014410750000024564,0.0008820299999570125,4.448300023796037e-05,0.0036297480000939686,0.0029934580386083796,0.0020000000000000018,0.598691607721676,1.0578561690175465,0.07830639159557509,False,nan,nan,False,False
449,2.245,0.004999248999411066,0.0012212640003781416,4.769000042870175e-06,0.00031713299995317357,0.0008941719997892505,4.4874000195704866e-05,0.0037265190003381576,0.002990229513144122,0.0020000000000000018,0.5980459026288243,0.30046979123213063,0.07451939171929775,False,nan,nan,False,False
450,2.25,0.005005711000194424,0.001336559999799647,5.169999894860666e-06,0.0014432990001296275,0.0009975559996746597,4.398200053401524e-05,0.0036038590005773585,0.0029945164498181454,0.0020000000000000018,0.5989032899636291,0.4505267923772191,0.07488419514033345,False,nan,nan,False,False
451,2.255,0.00499734500044724,0.001203520999297325,4.819000423594844e-06,0.0003322709999338258,0.0008545380005671177,4.324000019551022e-05,0.0037415169999803766,0.0029925039602265568,0.0020000000000000018,0.5985007920453114,0.22220719349140713,0.0765936338069877,False,nan,nan,False,False
452,2.2600000000000002,0.005003606999707699,0.0013305189995662658,4.769000042870175e-06,0.0014448720003201743,0.0008965269998952863,4.3421000555099454e-05,0.0036061830005564843,0.0030060032805999553,0.0020000000000000018,0.6012006561199911,1.0356237114682758,0.0744143379478358,False,nan,nan,False,False
453,2.265,0.005000170999664988,0.001192770000670862,4.83900021208683e-06,0.00034247999974468257,0.0008536659997844254,4.770899977302179e-05,0.0037431799992191372,0.0030035610746037746,0.0020000000000000018,0.6007122149207549,0.19878918212881033,0.07770162747467904,False,nan,nan,False,False
454,2.27,0.0049908030005099135,0.0013250679994598613,5.83099972573109e-06,0.0014495710001938278,0.0008725819998289808,4.323100074543618e-05,0.003621543000008387,0.0030124377375645764,0.0020000000000000018,0.6024875475129153,0.6548693108495072,0.0758276839798022,False,nan,nan,False,False
455,2.275,0.005001863999495981,0.0011844650007333257,4.948999958287459e-06,0.0003302770001027966,0.0008447700001852354,5.052399956184672e-05,0.00376520099962363,0.0030150817929058215,0.0020000000000000018,0.6030163585811643,0.31346356338343334,0.0802883789311087,False,nan,nan,False,False
456,2.2800000000000002,0.005008496000300511,0.001347198999610555,4.769000042870175e-06,0.0014554720000887755,0.000870218000272871,4.568599979393184e-05,0.003591817000597075,0.003024837823559827,0.0020000000000000018,0.6049675647119654,0.7538838526753684,0.07859923883793712,False,nan,nan,False,False
457,2.285,0.004997496000214596,0.0011946039994654711,4.948999958287459e-06,0.00033125899972219486,0.0008669609997014049,4.3591000576270744e-05,0.0037424380006996216,0.0030227924451655037,0.0020000000000000018,0.6045584890331008,0.24189717667883057,0.07781737303328955,False,nan,nan,False,False
458,2.29,0.004991795000023558,0.0013171829996281303,4.799000635102857e-06,0.0014439509996009292,0.0008844240001053549,4.48239998149802e-05,0.003636921000179427,0.0030327147930530726,0.0020000000000000018,0.6065429586106146,0.7821686382828774,0.0816890025325069,False,nan,nan,False,False
459,2.295,0.005009286999666074,0.0011889739998878213,4.958999852533452e-06,0.0003349859998706961,0.0008562719995097723,4.313099998398684e-05,0.0037476280003829743,0.00303122020616888,0.0020000000000000018,0.606244041233776,0.08345370733655888,0.08409941236588822,False,nan,nan,False,False
460,2.3000000000000003,0.004990772999917681,0.0012917260000904207,4.559000444714911e-06,0.0014469459993051714,0.0008728220000193687,4.229000023769913e-05,0.003653972999927646,0.0030352892472066944,0.0020000000000000018,0.607057849441339,0.4849901423599299,0.07795300351058287,False,nan,nan,False,False
461,2.305,0.005003146000490233,0.0011899559995072195,4.649000402423553e-06,0.00032761199963715626,0.0008448299995507114,4.245899981469847e-05,0.003751305000150751,0.003033513626035935,0.0020000000000000018,0.606702725207187,0.10874807157277414,0.07753632534466086,False,nan,nan,False,False
462,2.31,0.004996623999431904,0.0012668500003201189,4.118000106245745e-06,0.001445683000383724,0.0009372730000904994,4.362199979368597e-05,0.0036824460003117565,0.003038812541859595,0.0020000000000000018,0.6077625083719189,0.5482741371964747,0.08394793978927802,False,nan,nan,False,False
463,2.315,0.005008046000511968,0.0011978799993812572,5.170000804355368e-06,0.0003262899999754154,0.0008597970008850098,4.3121000089740846e-05,0.0037405050006782403,0.0030337245296809755,0.0020000000000000018,0.6067449059361952,0.44258969809347654,0.0832165702614497,False,nan,nan,False,False
464,2.32,0.00499386899991805,0.001297204999900714,4.508000529312994e-06,0.0014475770003627986,0.0009408200003235834,4.213899956084788e-05,0.003654463999737345,0.0030356376865908635,0.0020000000000000018,0.6071275373181727,0.27692229831162996,0.07934063087989085,False,nan,nan,False,False
465,2.325,0.005008705999898666,0.001190797000163002,4.469000487006269e-06,0.00033431599968025694,0.0008487780005452805,5.042500015406404e-05,0.003746456000044418,0.0030366027033331775,0.0020000000000000018,0.6073205406666355,0.2320065901485418,0.08128420843458364,False,nan,nan,False,False
466,2.33,0.005004398999517434,0.001268792000701069,5.239000529400073e-06,0.0014496909998342744,0.0009157029999187216,4.218899994157255e-05,0.0036653050001405063,0.003041057829381606,0.0020000000000000018,0.6082115658763213,0.7336232861675939,0.08187374521416318,False,nan,nan,False,False
467,2.335,0.004995672000404738,0.0011962469998252345,6.201999894983601e-06,0.0003419999993639067,0.0008550390002710628,4.3059999370598234e-05,0.003739853999832121,0.0030377992695770164,0.0020000000000000018,0.6075598539154032,0.23565501004776732,0.07570671762766418,False,nan,nan,False,False
468,2.34,0.0049900820004040725,0.0012548259992399835,4.567999894788954e-06,0.0014431489998969482,0.000877120999575709,4.4924000576429535e-05,0.00368864800020674,0.003045386312166496,0.0020000000000000018,0.6090772624332992,0.6831886417039856,0.0767197971440272,False,nan,nan,False,False
469,2.345,0.004996603999643412,0.0011688249996950617,4.258000444679055e-06,0.00032675100010237657,0.0008509009994668304,4.30410000262782e-05,0.0037800390000484185,0.0030437858352335354,0.0020000000000000018,0.608757167046707,0.330093125364341,0.07917209780908734,False,nan,nan,False,False
470,2.35,0.005006741999750375,0.0012818380000680918,4.739000360132195e-06,0.001440363000256184,0.0009508279999863589,4.457399973034626e-05,0.0036652939998020884,0.0030548455681701377,0.0020000000000000018,0.6109691136340275,0.8591802915205357,0.08076837970237127,False,nan,nan,False,False
471,2.355,0.005001432999961253,0.0012028400005874573,4.617999366018921e-06,0.0003339650002089911,0.000873744000273291,4.266900032234844e-05,0.003737578999789548,0.003054341559636788,0.0020000000000000018,0.6108683119273576,0.18335998234983708,0.08329595469039376,False,nan,nan,False,False
472,2.36,0.00499782699989737,0.0012626210000235005,4.4779999370803125e-06,0.0014380190004885662,0.0008790539995970903,4.255899966665311e-05,0.0036799210001845495,0.0030639304705477313,0.0020000000000000018,0.6127860941095462,0.7292201224341146,0.07986330370699436,False,nan,nan,False,False
473,2.365,0.004998076000447327,0.001182461999633233,4.8089996198541485e-06,0.00032282400024996605,0.0008575439997002832,4.291000004741363e-05,0.0037642890001734486,0.003062118490805057,0.0020000000000000018,0.6124236981610114,0.11856379607046218,0.0836440605116599,False,nan,nan,False,False
474,2.37,0.005001403000278515,0.0013178749995859107,4.80900052934885e-06,0.0014412260006793076,0.0008620220005468582,4.355100008979207e-05,0.0036254899996492895,0.0030666780025405817,0.0020000000000000018,0.6133356005081162,0.40268913780109633,0.08676721135953532,False,nan,nan,False,False
475,2.375,0.004997675999220519,0.0011753180006053299,4.66900019091554e-06,0.00032295399978465866,0.0008428259998254362,4.1799000428e-05,0.003769529000237526,0.003066523529373286,0.0020000000000000018,0.6133047058746571,0.2307876005649556,0.08478727874169979,False,nan,nan,False,False
476,2.38,0.00500953800019488,0.0013142080006218748,6.221000148798339e-06,0.001455362000342575,0.0008645359994261526,4.2810000195459e-05,0.0036300279998613405,0.0030739050465562546,0.0020000000000000018,0.6147810093112509,0.7395861269740578,0.07978747207205701,False,nan,nan,False,False
477,2.3850000000000002,0.00500190399998246,0.0012085799999113078,4.8089996198541485e-06,0.0003319709994684672,0.000873833999321505,4.2610000491549727e-05,0.0037293840005077072,0.0030748703920941804,0.0020000000000000018,0.6149740784188361,0.17225374804538465,0.07900636096442855,False,nan,nan,False,False
478,2.39,0.00499719500021456,0.0013551250003729365,4.83900021208683e-06,0.0008942619997469592,0.0008801660005701706,4.394200004753657e-05,0.003591475999201066,0.003081003540828733,0.0020000000000000018,0.6162007081657467,0.5533004705222333,0.08265964272090126,False,nan,nan,False,False
479,2.395,0.0050299269996685325,0.0012700940005743178,6.3220004449249245e-06,0.00034748999951261794,0.000894572999641241,6.112400023994269e-05,0.003647661999821139,0.0030786439229259165,0.0020000000000000018,0.6157287845851832,0.17396679600789539,0.07758683794369264,False,nan,nan,False,False
480,2.4,0.004998978000003262,0.0013992359999974724,6.532999577757437e-06,0.0014756990003661485,0.0010262390005664201,4.7309000365203246e-05,0.0036477020003076177,0.0030980303152558417,0.0020000000000000018,0.6196060630511684,1.397722844131613,0.07792024275563356,False,nan,nan,False,False
481,2.4050000000000002,0.005166532000657753,0.0015630529996997211,9.358000170323066e-06,0.00047050000011950033,0.001147666000179015,5.385100030252943e-05,0.003252993000387505,0.003096106907142739,0.0020000000000000018,0.6192213814285478,0.15858687717755166,0.079116545000352,False,nan,nan,False,False
482,2.41,0.004933705999974336,0.00188571599937859,9.387999853061046e-06,0.0014749579995623208,0.0014475970001512906,5.331000011210563e-05,0.0029991790006533847,0.0031036114911762044,0.0020000000000000018,0.6207222982352408,0.6435180839865783,0.07729742966787594,False,nan,nan,False,False
483,2.415,0.0050022440000248025,0.0016532019999431213,9.296999451180454e-06,0.00032511800054635387,0.001034165000419307,5.809799949929584e-05,0.003233366999666032,0.003113087761151396,0.0020000000000000018,0.6226175522302791,0.8106877373539632,0.07566215686691796,False,nan,nan,False,False
484,2.42,0.005004278999876988,0.001811387000088871,9.117000445257872e-06,0.0014606509994337102,0.0013913820002926514,6.723599926772295e-05,0.003067375999307842,0.003128564978785476,0.0020000000000000018,0.6257129957570952,1.074124638116473,0.08101020990949193,False,nan,nan,False,False
485,2.4250000000000003,0.004999087999749463,0.0016683200001352816,9.246999979950488e-06,0.0003304679994471371,0.0012259830000402872,5.192700064071687e-05,0.00321106499995949,0.003132526078772261,0.0020000000000000018,0.6265052157544522,0.3793525727982618,0.08048455866269368,False,nan,nan,False,False
486,2.43,0.004999349000172515,0.0017441219997635926,9.348000276077073e-06,0.0014647399993918953,0.0013268319999042433,5.3168999329500366e-05,0.003079910000451491,0.003158614158478291,0.0020000000000000018,0.6317228316956582,1.722844687910943,0.08173632684146133,False,nan,nan,False,False
487,2.435,0.00490631599950575,0.001463146000787674,7.3940000220318325e-06,0.0002515400001357193,0.001057727999977942,5.1887000154238194e-05,0.0034456529992894502,0.0031584645566766463,0.0020000000000000018,0.6316929113353292,0.12332847897885123,0.07774249454674516,False,nan,nan,False,False
488,2.44,0.004982026000106998,0.0015111960001377156,6.692000170005485e-06,0.001347950999843306,0.0011415449998821714,4.82300001749536e-05,0.003417099999751372,0.0031748686805730423,0.0020000000000000018,0.6349737361146084,1.1753970721736295,0.08070925022152976,False,nan,nan,False,False
489,2.445,0.005002173999855586,0.0013315500000317115,6.281999958446249e-06,0.00023572100053570466,0.0009585930001776433,4.9373000365449116e-05,0.0036527820002447697,0.003176349532377474,0.0020000000000000018,0.6352699064754947,0.20529630046819244,0.08213285652062016,False,nan,nan,False,False
490,2.45,0.00510153100003663,0.0018012880000242149,9.037000381795224e-06,0.001451854999686475,0.0013979339992147288,5.1916999836976174e-05,0.003031249000741809,0.00319169482564407,0.0020000000000000018,0.638338965128814,0.9818327796862831,0.0835858033947134,False,nan,nan,False,False
491,2.455,0.0049107130007541855,0.0015743039994049468,6.983000275795348e-06,0.00024370600021939026,0.001093494999622635,4.94719997732318e-05,0.0033988559998761048,0.003190573081994191,0.0020000000000000018,0.6381146163988382,0.18124229109692275,0.08064541003729996,False,nan,nan,False,False
492,2.46,0.005092472999422171,0.001703947000351036,9.30700025492115e-06,0.0014565840001523611,0.0013023150004300987,5.17270000273129e-05,0.003180847999828984,0.003205302745373566,0.0020000000000000018,0.6410605490747131,1.0238837764331399,0.07966034871874461,False,nan,nan,False,False
493,2.465,0.005003637000299932,0.001607696999599284,9.246999979950488e-06,0.0003478400003587012,0.001160890999926778,5.122600032336777e-05,0.003272800000559073,0.003203709931966285,0.0020000000000000018,0.640741986393257,0.20448846814827357,0.08576961701253105,False,nan,nan,False,False
494,2.47,0.004997615999855043,0.0016584519999014447,9.276999662688468e-06,0.001465780999751587,0.001249838000148884,5.195700032345485e-05,0.0031867389998296858,0.0032132717148755986,0.0020000000000000018,0.6426543429751197,0.7265168122396513,0.08545293458981476,False,nan,nan,False,False
495,2.475,0.004959154000061972,0.0015173570000115433,8.545999662601389e-06,0.0003009829997608904,0.0010124430000360007,5.2569000217772555e-05,0.0033429719997002394,0.003212749541602028,0.0020000000000000018,0.6425499083204056,0.21981725909826902,0.08052021398652917,False,nan,nan,False,False
496,2.48,0.004924648999804049,0.0013102909997542156,5.590000000665896e-06,0.0013276820000100997,0.000928737000322144,4.7759000153746456e-05,0.003628545000537997,0.003234859225446756,0.0020000000000000018,0.6469718450893512,1.5492702453781477,0.08069401944832036,False,nan,nan,False,False
497,2.485,0.005015560000174446,0.0014958869996917201,6.381999810400885e-06,0.0002356409995627473,0.001060292999682133,4.570500004774658e-05,0.0034160680006607436,0.003235863322291224,0.0020000000000000018,0.6471726644582447,0.2261008083376202,0.08570277887385112,False,nan,nan,False,False
498,2.49,0.004975433999788947,0.0016931660002228455,6.291999852692243e-06,0.001320869999290153,0.0013247070000943495,4.64470003862516e-05,0.0032509700004084152,0.0032439803880654565,0.0020000000000000018,0.6487960776130913,0.6249760599226831,0.08566416094390729,False,nan,nan,False,False
499,2.495,0.005017253000005439,0.0013827760003550793,6.131999725766946e-06,0.000218217999645276,0.0010127140003532986,4.455299949768232e-05,0.003547063000041817,0.0032475940121348018,0.0020000000000000018,0.6495188024269604,0.4110788596880064,0.07788757093355544,False,nan,nan,False,False
500,2.5,0.005002173999855586,0.0014733550005985308,6.220999239303637e-06,0.001347960999737552,0.0011158269999214099,4.4082999920647126e-05,0.003450983999755408,0.0032609240181288054,0.0020000000000000018,0.6521848036257611,0.955038401033096,0.083766585974181,False,nan,nan,False,False
501,2.505,0.004994540000552661,0.001290123000217136,6.291000318014994e-06,0.00022560199977306183,0.0009285970008932054,4.8180000703723636e-05,0.0036987769999541342,0.0032633850583768703,0.0020000000000000018,0.6526770116753741,0.35977820278764844,0.08557400378677392,False,nan,nan,False,False
502,2.5100000000000002,0.00510686999950849,0.0018100550005328842,9.147000127995852e-06,0.0014563740005542058,0.001297254999371944,5.093500021757791e-05,0.0030180739995557815,0.0032750294441162195,0.0020000000000000018,0.655005888823244,0.8599878530116273,0.08647791200576194,False,nan,nan,False,False
503,2.515,0.004908388999865565,0.0015879700004006736,6.9030002123326994e-06,0.00023233500087371795,0.0011118790007458301,4.819000059796963e-05,0.0033877949999805423,0.003276238560590844,0.0020000000000000018,0.6552477121181688,0.23084332532012547,0.08306788409074828,False,nan,nan,False,False
504,2.52,0.005094086000099196,0.0016884080005183932,9.207000402966514e-06,0.0014571249994332902,0.0012862760004281881,5.140599932929035e-05,0.0031718709997221595,0.0032865235291127627,0.0020000000000000018,0.6573047058225525,0.7411962670729842,0.08672411269226211,False,nan,nan,False,False
505,2.525,0.0049802240000644815,0.0016186270004254766,9.066999155038502e-06,0.0003237649998482084,0.001135802999669977,5.2308000704215374e-05,0.0033220719997189008,0.003283959779932981,0.0020000000000000018,0.6567919559865961,0.2614978160166388,0.08648529014054764,False,nan,nan,False,False
506,2.5300000000000002,0.005058650000137277,0.0016650429997753236,8.91599938768195e-06,0.0014936930001567816,0.0012329150004006806,5.1916999836976174e-05,0.0031229410005835234,0.003302796079562972,0.0020000000000000018,0.6605592159125944,1.2512486006701244,0.08649004497498751,False,nan,nan,False,False
507,2.535,0.004871930999797769,0.0013906399999541463,7.493999873986468e-06,0.0002446270000291406,0.0009947300004569115,4.747799994220259e-05,0.003542184000252746,0.0033000006238946594,0.0020000000000000018,0.6600001247789319,0.2295189504144792,0.08295079535728445,False,nan,nan,False,False
508,2.54,0.004995271000552748,0.0015199119998214883,5.5499995141872205e-06,0.0013525690001188195,0.0010564260001046932,5.678699926647823e-05,0.0034035250000670203,0.003309772391042499,0.0020000000000000018,0.6619544782084998,0.7806415155677777,0.08162365124348256,False,nan,nan,False,False
509,2.545,0.00499944900002447,0.0015814779999345774,6.973000381549355e-06,0.0002475930004948168,0.0010538909991737455,4.7047999942151364e-05,0.003326289999677101,0.0033116208090895544,0.0020000000000000018,0.6623241618179109,0.2807242219692226,0.08626564016035704,False,nan,nan,False,False
510,2.5500000000000003,0.004966206999597489,0.0015280180004992872,5.8910000007017516e-06,0.0013128649998179753,0.001133058999585046,4.510399958235212e-05,0.003420856999582611,0.003327128551226273,0.0020000000000000018,0.6654257102452545,1.063807185761368,0.08832487764865364,False,nan,nan,False,False
511,2.555,0.005024176000006264,0.0014074919999984559,6.232000487216283e-06,0.00021575400023721159,0.0010188249998464016,4.4393000280251727e-05,0.003542414000548888,0.003326554089489581,0.0020000000000000018,0.6653108178979162,0.2610850369829698,0.08275001614845631,False,nan,nan,False,False
512,2.56,0.005054641999777232,0.001542735000839457,8.025000170164276e-06,0.0014048869998077862,0.001155822000328044,4.836100015381817e-05,0.0033307689991488587,0.003343781746576173,0.0020000000000000018,0.6687563493152346,1.1051636711899233,0.08637702071652893,False,nan,nan,False,False
513,2.565,0.0049490350002088235,0.0013263310002002981,6.1110004025977105e-06,0.00024058999952103477,0.0009469710003031651,5.3850999393034726e-05,0.003654434000054607,0.0033421712582983355,0.0020000000000000018,0.6684342516596671,0.30839593323554815,0.09013785444565696,False,nan,nan,False,False
514,2.57,0.00509884500024782,0.001822559000174806,9.328000487585086e-06,0.0014644880002379068,0.001416358999449585,5.1496000196493696e-05,0.003006291999554378,0.003356542147305656,0.0020000000000000018,0.6713084294611312,0.9426395136193018,0.09079362367011284,False,nan,nan,False,False
515,2.575,0.0049087999996118015,0.0025780410005609156,7.07300023350399e-06,0.0002310720001332811,0.0015437969996128231,8.930700005294057e-05,0.0023392349994537653,0.003355213854540693,0.0020000000000000018,0.6710427709081387,0.22756287044244536,0.08314621864572855,False,nan,nan,False,False
516,2.58,0.004980354000508669,0.0013745599999310798,5.4000001910026185e-06,0.0012306810003792634,0.0010306580006727017,4.66069996036822e-05,0.0035520729998097522,0.003377913301357436,0.0020000000000000018,0.6755826602714873,1.5168654053706878,0.08709271168313554,False,nan,nan,False,False
517,2.585,0.004993096999896807,0.0012496070003180648,7.284000275831204e-06,0.0001025120000122115,0.0009176660005323356,4.333099968789611e-05,0.003685872999994899,0.0033756547834052383,0.0020000000000000018,0.6751309566810477,0.25816478918940355,0.08707919485599708,False,nan,nan,False,False
518,2.59,0.005011000999729731,0.0015311830002247007,6.051999662304297e-06,0.0012323850005486747,0.0011534269997355295,4.528499994194135e-05,0.003400079000130063,0.0033830614647808667,0.0020000000000000018,0.6766122929561732,0.6270315734878006,0.08940709287047692,False,nan,nan,False,False
519,2.595,0.005004679000194301,0.0012289480000617914,6.061000021873042e-06,0.00011699900005623931,0.0008878899998308043,4.6957000449765474e-05,0.003695751000122982,0.0033785591409567998,0.0020000000000000018,0.6757118281913599,0.36811820032686576,0.09083306095655862,False,nan,nan,False,False
520,2.6,0.004985804000170901,0.001387714999509626,4.9689997467794456e-06,0.001155109999672277,0.0010065119995488203,4.630700004781829e-05,0.003543426000760519,0.003385003939868989,0.0020000000000000018,0.6770007879737979,0.6970407651497097,0.08627225259763968,False,nan,nan,False,False
521,2.605,0.004997655999432027,0.0012123770002290257,5.019000127504114e-06,0.0005938510003034025,0.0008666509993418003,4.538500070339069e-05,0.0037260380004227045,0.003381745126177388,0.0020000000000000018,0.6763490252354777,0.43171284340483507,0.08985447214681803,False,nan,nan,False,False
522,2.61,0.004999910000151431,0.0013183350001781946,4.958999852533452e-06,0.0011168379996888689,0.0009854729996732203,4.3711999751394615e-05,0.003618527000071481,0.003386537096585268,0.0020000000000000018,0.6773074193170536,0.5922801925397811,0.09281592521681722,False,nan,nan,False,False
523,2.615,0.005009037000490935,0.0013847999998688465,6.090999704611022e-06,0.0005346400002963492,0.0010228419996565208,4.325099962443346e-05,0.0035451590001684963,0.003387951230768619,0.0020000000000000018,0.6775902461537239,0.43230193989788845,0.08642145492377387,False,nan,nan,False,False
524,2.62,0.005006843000046501,0.001493613000093319,6.301999746938236e-06,0.001099746000363666,0.0011308550001558615,4.341099975135876e-05,0.003428962999350915,0.003394459062270397,0.0020000000000000018,0.6788918124540794,0.7488270489636867,0.09050152411702435,False,nan,nan,False,False
525,2.625,0.004994709999664337,0.0012874479998572497,6.1709997680736706e-06,0.0005211640000197804,0.0009431139997104765,4.806000015378231e-05,0.003646820000540174,0.0033946725178213843,0.0020000000000000018,0.6789345035642768,0.3252343859423701,0.08975731588696427,False,nan,nan,False,False
526,2.63,0.0050080860000889516,0.0016472600000270177,6.612999641220085e-06,0.0011049060003642808,0.0012186880003355327,5.8319999880040996e-05,0.003264445000240812,0.0034037308365223186,0.0020000000000000018,0.6807461673044637,0.9107231604111291,0.09099078650506645,False,nan,nan,False,False
527,2.6350000000000002,0.00497198799985199,0.001415796999935992,4.798999725608155e-06,0.0005190410001887358,0.0009919249996528379,5.1126000471413136e-05,0.003527507000399055,0.003405532271338333,0.0020000000000000018,0.6811064542676666,0.3291860323716031,0.08558457734544433,False,nan,nan,False,False
528,2.64,0.00500101200032077,0.0015584839993607602,5.219999366090633e-06,0.0010836870005732635,0.0011896250007339404,4.324099973018747e-05,0.0033900200005518855,0.00341660078989302,0.0020000000000000018,0.6833201579786039,1.0570363605560549,0.08730866442102186,False,nan,nan,False,False
529,2.645,0.005020388000048115,0.0013830569996571285,5.922000127611682e-06,0.0005341489995771553,0.001013976999274746,4.1788000089582056e-05,0.0036127260000284878,0.0034118753525311566,0.0020000000000000018,0.6823750705062313,0.4640354504882091,0.09050086464072486,False,nan,nan,False,False
530,2.65,0.005114163999678567,0.0017175519997181254,9.107000551011879e-06,0.001232345000062196,0.0013113220002196613,5.1836999773513526e-05,0.003129392000118969,0.0034294165026170598,0.0020000000000000018,0.685883300523412,1.4013164885856113,0.08948978761667642,False,nan,nan,False,False
531,2.6550000000000002,0.0049383949999537435,0.0013436629997158889,1.043900010699872e-05,0.0005640649997076252,0.0010020540003097267,4.3150999772478826e-05,0.003536674000315543,0.003428550440760514,0.0020000000000000018,0.6857100881521028,0.3315863938078571,0.08478025327801954,False,nan,nan,False,False
532,2.66,0.0049629710001681815,0.0017195560003528954,7.042999641271308e-06,0.0010866920001717517,0.001299800999731815,4.777899994223844e-05,0.003194102999259485,0.00344544106551124,0.0020000000000000018,0.689088213102248,1.4110531266814463,0.08637600891190704,False,nan,nan,False,False
533,2.665,0.00498854899979051,0.0015255730004355428,5.881000106455758e-06,0.0005175879996386357,0.001075020999451226,4.471299962460762e-05,0.003387173999726656,0.0034477606076776597,0.0020000000000000018,0.6895521215355319,0.3767513375629496,0.09297565577770664,False,nan,nan,False,False
534,2.67,0.0049759049998101545,0.0016214530005527195,5.029999556427356e-06,0.0010627569999996922,0.0012484649996622466,4.6848000238242093e-05,0.003314958999908413,0.00345905038698539,0.0020000000000000018,0.6918100773970779,0.9076290021942315,0.09321734839503347,False,nan,nan,False,False
535,2.6750000000000003,0.004998177000743453,0.0011891539998032385,4.920000719721429e-06,0.00044321899986243807,0.0008619320005891495,4.360100047051674e-05,0.0037435399999594665,0.0034615700900254985,0.0020000000000000018,0.6923140180050997,0.4045679645318145,0.0845341933559338,False,nan,nan,False,False
536,2.68,0.005004508999263635,0.001511116000074253,5.450000571727287e-06,0.0010529890005273046,0.0011539979996086913,4.4954000259167515e-05,0.003423572000428976,0.0034881044536547406,0.0020000000000000018,0.6976208907309481,1.9446915166304375,0.08998541309969761,False,nan,nan,False,False
537,2.685,0.004995792000045185,0.0012311130003581638,4.829999852518085e-06,0.00036667599943029927,0.0008703080002305796,4.410299970913911e-05,0.003705860000081884,0.0034840081197683023,0.0020000000000000018,0.6968016239536604,0.3784977687665233,0.09283443137242046,False,nan,nan,False,False
538,2.69,0.004995352000150888,0.0014592690004064934,4.689000888902228e-06,0.0009639820000302279,0.0011060990000260063,5.533300009119557e-05,0.0034828729994842433,0.003508697194786291,0.0020000000000000018,0.7017394389572581,1.820441159620574,0.09282088747082676,False,nan,nan,False,False
539,2.695,0.0050022140003420645,0.0011519139998199535,4.237999746692367e-06,0.00031582000065100146,0.0008320259994434309,4.26500000685337e-05,0.0037864010000703274,0.0035034534914838156,0.0020000000000000018,0.700690698296763,0.4304103674523854,0.08721979979474205,False,nan,nan,False,False
540,2.7,0.005030637999880128,0.001422970999556128,6.762000339222141e-06,0.0009640630005378625,0.0010621860001265304,5.487199996423442e-05,0.0035106150007777615,0.003526531314813631,0.0020000000000000018,0.7053062629627262,1.6804938824832183,0.0917072721406715,False,nan,nan,False,False
541,2.705,0.004993036999621836,0.0011966680003752117,4.7789999371161684e-06,0.0003669459993034252,0.0008495289994243649,4.2829999983950984e-05,0.0037385409996204544,0.0035273665038879493,0.0020000000000000018,0.7054733007775899,0.3870731958502737,0.09369187575362282,False,nan,nan,False,False
542,2.71,0.005005360000723158,0.0014729049999004928,5.819999387313146e-06,0.0009061149994522566,0.001122579000366386,4.4782999793824274e-05,0.003441365000071528,0.0035380937598653507,0.0020000000000000018,0.7076187519730701,0.8750750073038747,0.08905898159227364,False,nan,nan,False,False
543,2.715,0.004972528999132919,0.0011470350000308827,5.040000360168051e-06,0.00045937899994896725,0.0008237909996751114,4.2829999983950984e-05,0.003798925000410236,0.0035401420657212774,0.0020000000000000018,0.7080284131442555,0.3822992253042275,0.08970378554223053,False,nan,nan,False,False
544,2.72,0.005016622000766802,0.001619377999304561,6.070999916119035e-06,0.0010835670000233222,0.001204713000333868,4.891099979431601e-05,0.003310551000140549,0.0035594087453252083,0.0020000000000000018,0.7118817490650416,1.4570222476132486,0.09040351755001261,False,nan,nan,False,False
545,2.725,0.004998997999791754,0.0016150999999808846,5.7010001910384744e-06,0.0021809280005982146,0.0011478059996079537,4.2579999899317045e-05,0.0033786679996410385,0.003581977649036892,0.0020000000000000018,0.7163955298073784,1.6274085268475778,0.09244169266510799,False,nan,nan,False,False
546,2.73,0.005112791000101424,0.001825403999646369,9.036999472300522e-06,0.001151493000179471,0.00130406900007074,5.6586000027891714e-05,0.0030103890003374545,0.0035835444835470385,0.0020000000000000018,0.7167088967094076,0.3387470226103178,0.08842619670678072,False,nan,nan,False,False
547,2.735,0.004921744000057515,0.0012991399999009445,7.112999810487963e-06,0.00047082099990802817,0.0009118250000028638,4.9743000090529677e-05,0.00366336000024603,0.0035883921013851964,0.0020000000000000018,0.7176784202770392,0.523504756265468,0.0870226981651021,False,nan,nan,False,False
548,2.74,0.005079478999505227,0.0016491140004291083,8.996999895316549e-06,0.0016383440006393357,0.0012314120003793505,5.151599998498568e-05,0.003180828000040492,0.0036083196430429913,0.0020000000000000018,0.7216639286085982,1.4144337881628297,0.08851011892974496,False,nan,nan,False,False
549,2.745,0.004911324000204331,0.0013840789997630054,7.022999852779321e-06,0.00048661000073479954,0.0009901920002448605,4.8831000640348066e-05,0.0035939810004492756,0.0036102794253246493,0.0020000000000000018,0.7220558850649298,0.4920251376648627,0.09159900982087152,False,nan,nan,False,False
550,2.75,0.005096431000310986,0.0018019199997070245,9.297000360675156e-06,0.0016554660005567712,0.0013901900001656031,5.2168000365782063e-05,0.0030202979996829526,0.0036377062290219343,0.0020000000000000018,0.7275412458043868,1.933020114228948,0.09424306198055463,False,nan,nan,False,False
551,2.755,0.004903749999357387,0.0015720700002930243,7.263000043167267e-06,0.0002764060000117752,0.0011064789996453328,5.576399962592404e-05,0.003340447000482527,0.0036338094388757036,0.0020000000000000018,0.7267618877751407,0.4746986777221734,0.08970634692030949,False,nan,nan,False,False
552,2.7600000000000002,0.0049908540004253155,0.0016131160000441014,6.401999598892871e-06,0.0014516450000883196,0.0012399690003803698,4.706799973064335e-05,0.0033067039994421066,0.0036578086706869476,0.0020000000000000018,0.7315617341373896,1.6368927555615,0.0943041319474668,False,nan,nan,False,False
553,2.765,0.004997355000341486,0.0014469059997281875,6.041999768058304e-06,0.00032850499974301783,0.0010356369994042325,5.333999979484361e-05,0.0035343089994057664,0.0036518338380337827,0.0020000000000000018,0.7303667676067566,0.5529111670578916,0.09768124754969516,False,nan,nan,False,False
554,2.77,0.0050998169999729726,0.001648992999434995,9.11699953576317e-06,0.001516416000413301,0.0012377940001897514,5.108599998493446e-05,0.003181901000061771,0.0036731206548949406,0.0020000000000000018,0.734624130978988,1.4855450388498919,0.09792005231080042,False,nan,nan,False,False
555,2.775,0.004912165999485296,0.0013824750003550434,7.093999556673225e-06,0.0002768080003079376,0.0009785910006030463,4.9203000344277825e-05,0.0035973969997940003,0.0036642536043975686,0.0020000000000000018,0.7328507208795138,0.6713142749761067,0.09036658406806106,False,nan,nan,False,False
556,2.7800000000000002,0.0050975120002476615,0.0018096449994118302,9.256999874196481e-06,0.0015131589998418349,0.0012818479999623378,5.195700032345485e-05,0.0030678970006192685,0.0036746588347790596,0.0020000000000000018,0.734931766955812,1.0105629699253094,0.09332901024933042,False,nan,nan,False,False
557,2.785,0.004994600999452814,0.0016652940003041294,9.317000149167143e-06,0.0002835400000549271,0.0012602470005731448,5.121600042912178e-05,0.0032157030000234954,0.003673709358927492,0.0020000000000000018,0.7347418717854984,0.4386737152416466,0.0970553060018267,False,nan,nan,False,False
558,2.79,0.005004698999982793,0.0017263580002691015,9.097000656765886e-06,0.0015097929999683402,0.001312925000092946,5.2027000492671505e-05,0.0031951549999575946,0.0036855266011403143,0.0020000000000000018,0.737105320228063,1.0642075875077053,0.0969765695046331,False,nan,nan,False,False
559,2.795,0.005040856000050553,0.0015638550003131968,9.557999874232337e-06,0.000489605999973719,0.00115048099996784,5.207699996390147e-05,0.0032718880001993966,0.003681822788460191,0.0020000000000000018,0.7363645576920382,0.5335200114042125,0.09115618863094233,False,nan,nan,False,False
560,2.8000000000000003,0.004954906000421033,0.0016671080002197414,9.177000720228534e-06,0.001573974000166345,0.001246100999196642,5.2027000492671505e-05,0.0032164349995582597,0.0037058168721888695,0.0020000000000000018,0.7411633744377738,1.6886430791821805,0.09790202117500471,False,nan,nan,False,False
561,2.805,0.005002464999961376,0.0014542190001520794,9.05700017028721e-06,0.0004605509993780288,0.0010226219992546248,5.1436000831017736e-05,0.0034231820000059088,0.00369593282337684,0.0020000000000000018,0.7391865646753679,0.7957306839008825,0.0993695713832748,False,nan,nan,False,False
562,2.81,0.004994990999875881,0.0018095240002367063,9.186999704979826e-06,0.0015481750006074435,0.0014056989994060132,5.246799992164597e-05,0.0030099289997451706,0.003722357441483663,0.0020000000000000018,0.7444714882967326,1.7511540312567144,0.09554362718615061,False,nan,nan,False,False
563,2.815,0.00489253900013864,0.00127797000004648,5.660000169882551e-06,0.0003643710006144829,0.0009146809998128447,6.158500036690384e-05,0.003645818000222789,0.003713925013576909,0.0020000000000000018,0.7427850027153817,0.7535430440864731,0.0942047752586734,False,nan,nan,False,False
564,2.82,0.004989461000150186,0.001661937999415386,6.461999873863533e-06,0.0014388299996426213,0.001264043999981368,5.809899994346779e-05,0.003271748000770458,0.0037343131252570365,0.0020000000000000018,0.7468626250514073,1.384170882902833,0.0977527376926972,False,nan,nan,False,False
565,2.825,0.004999979999411153,0.0012236290003784234,5.110000529384706e-06,0.00015286500001820968,0.0008708590003152494,4.8690999392420053e-05,0.0037146759996176115,0.003726064152112441,0.0020000000000000018,0.7452128304224882,0.7612146931711559,0.09755395543309388,False,nan,nan,False,False
566,2.83,0.005002826000236382,0.001407982999808155,5.2400000640773214e-06,0.001220982999257103,0.0010598819999358966,4.717800038633868e-05,0.0035570220006775344,0.0037552413154674958,0.0020000000000000018,0.7510482630934991,1.8846166756913472,0.09816058078578781,False,nan,nan,False,False
567,2.835,0.005041657999754534,0.0013043790004303446,6.362000021908898e-06,0.00013096500060783,0.0009322229998360854,4.478399932850152e-05,0.0036475209999480285,0.0037436166694642383,0.0020000000000000018,0.7487233338928476,0.8773509304757008,0.09306866943141176,False,nan,nan,False,False
568,2.84,0.005070552000688622,0.0017657019998296164,9.02700048754923e-06,0.0013251680002213106,0.0013092379995214287,5.243800023890799e-05,0.0031209359995045816,0.0037696127197493824,0.0020000000000000018,0.7539225439498766,1.741378532768121,0.09591929489647472,False,nan,nan,False,False
569,2.845,0.005004949999602104,0.0016641520005578059,9.217999831889756e-06,0.00022099299985711696,0.0012314730001889984,5.176600006961962e-05,0.003216384999177535,0.0037612197628961157,0.0020000000000000018,0.752243952579223,0.6702304265355196,0.09872218997638696,False,nan,nan,False,False
570,2.85,0.00499955899977067,0.0016787290005595423,9.246999979950488e-06,0.0013183759992898558,0.0012472319995140424,5.196700021770084e-05,0.003202168999450805,0.003774184162707825,0.0020000000000000018,0.754836832541565,1.020470986793161,0.10104934740476304,False,nan,nan,False,False
571,2.855,0.004999319000489777,0.0016506470001331763,9.05700017028721e-06,0.00021469199964485597,0.0011468839993540314,5.1236000217613764e-05,0.0031926299998303875,0.003770152374266335,0.0020000000000000018,0.754030474853267,0.599880773108473,0.09357244984609712,False,nan,nan,False,False
572,2.86,0.00494152099963685,0.001640096999835805,8.396000339416787e-06,0.0012600070003827568,0.0011353429999871878,5.09450001118239e-05,0.0032341579999410897,0.003794500054488364,0.0020000000000000018,0.7589000108976728,1.612784526398689,0.0960517110140478,False,nan,nan,False,False
573,2.865,0.004950708000251325,0.0014796469995417283,8.044999958656263e-06,0.0022841709997010184,0.0010726159998739604,4.9432999730925076e-05,0.0034406640006636735,0.003811792666006934,0.0020000000000000018,0.7623585332013868,1.2406852063442226,0.10117376525690609,False,nan,nan,False,False
574,2.87,0.004983890000403335,0.0013785789997200482,5.279999641061295e-06,0.0010972019999826443,0.0010304970001016045,4.7339000047941227e-05,0.0035550779994082404,0.0038102312560844205,0.0020000000000000018,0.762046251216884,0.38236671875879574,0.0971362819937725,False,nan,nan,False,False
575,2.875,0.004992385999685212,0.0011687059995892923,4.788999831362162e-06,0.0005082799998490373,0.0008318950003740611,4.5605000195791945e-05,0.0037790870001117582,0.003806021683412669,0.0020000000000000018,0.7612043366825338,0.4761902907464231,0.09883938827898127,False,nan,nan,False,False
576,2.88,0.005021480999857886,0.0015467120001630974,6.281999958446249e-06,0.00110002700057521,0.0011874609999722452,4.514499960350804e-05,0.0033808719999797177,0.0038280228333071905,0.0020000000000000018,0.7656045666614381,1.478089734228629,0.1004960737779887,False,nan,nan,False,False
577,2.8850000000000002,0.004999548999876424,0.0013787489997412194,6.110999493103009e-06,0.0005321649996403721,0.0010099580003952724,4.273000013199635e-05,0.0036091990004933905,0.0038185726101552667,0.0020000000000000018,0.7637145220310533,0.7669041826823745,0.10670063676486338,False,nan,nan,False,False
578,2.89,0.005106759999762289,0.0016863340006239014,9.176999810733832e-06,0.0012080790002073627,0.0012714479998976458,6.244699943636078e-05,0.0032073379998109885,0.0038475654850081663,0.0020000000000000018,0.7695130970016332,1.8378998063124035,0.09617139215117919,False,nan,nan,False,False
579,2.895,0.005013515999962692,0.0014545300000463612,9.076999958779197e-06,0.0006352269992930815,0.0010224119996564696,5.151699951966293e-05,0.0034181920000264654,0.0038307016933834637,0.0020000000000000018,0.7661403386766926,1.1733910450792153,0.10107146154258632,False,nan,nan,False,False
580,2.9,0.004991384000277321,0.0018309940005565295,9.045999831869267e-06,0.0012217039993629442,0.0014152659996398143,5.2147000133118127e-05,0.0030508049994750763,0.0038518098216713532,0.0020000000000000018,0.7703619643342707,1.3029960137649066,0.10380719487618528,False,nan,nan,False,False
581,2.9050000000000002,0.005013175000385672,0.0017864199999166885,1.1711999832186848e-05,0.002357198000026983,0.0013455870002871961,5.1946999519714154e-05,0.003082805000303779,0.003871985651049001,0.0020000000000000018,0.7743971302098,1.4437535957241925,0.09715589678045237,False,nan,nan,False,False
582,2.91,0.004987716999494296,0.001690021000285924,9.177000720228534e-06,0.001228998000442516,0.0012590350006576045,5.158700059837429e-05,0.003131686000415357,0.003866597139793988,0.0020000000000000018,0.7733194279587976,0.4851494924162181,0.09775051108591798,False,nan,nan,False,False
583,2.915,0.004906305000076827,0.0014665420003439067,7.904999620222952e-06,0.0005394689997046953,0.0010604030003378284,4.887200066150399e-05,0.0034389319998808787,0.003862387011945439,0.0020000000000000018,0.7724774023890878,0.3809836381366679,0.10205977978883894,False,nan,nan,False,False
584,2.92,0.004968621999978495,0.0013613250002890709,5.711000085284468e-06,0.001094477000151528,0.0010135649999938323,4.7669000196037814e-05,0.00358278000021528,0.003883181020474664,0.0020000000000000018,0.7766362040949328,1.36419223705926,0.10291999682530495,False,nan,nan,False,False
585,2.9250000000000003,0.005018745000597846,0.0013201989995650365,6.541999937326182e-06,0.0005487970001922804,0.0009444259994779713,4.5294000301510096e-05,0.00360887900023954,0.0038719141122672027,0.0020000000000000018,0.7743828224534405,0.9378432317120661,0.09660565762568186,False,nan,nan,False,False
586,2.93,0.005001963999347936,0.0016219429999182466,6.381999810400885e-06,0.0011093040002378984,0.0012014670001008199,4.748799983644858e-05,0.0033598730005905963,0.003913024753422093,0.0020000000000000018,0.7826049506844187,2.420147531862698,0.10182099712531377,False,nan,nan,False,False
587,2.935,0.005101230000036594,0.0016258200002994272,8.807000085653272e-06,0.0006519390008179471,0.0012015379998047138,5.2227000196580775e-05,0.0032562690003032913,0.003882513620516673,0.0020000000000000018,0.7765027241033345,2.010623534795888,0.10211269686993112,False,nan,nan,False,False
588,2.94,0.004998878000151308,0.0016862630000105128,9.037000381795224e-06,0.0012078889994882047,0.00128676600070321,5.099499958305387e-05,0.003287026999714726,0.003942240998980682,0.0020000000000000018,0.7884481997961362,3.467397375287392,0.10273499119191656,False,nan,nan,False,False
589,2.945,0.005092141999739397,0.001589613000760437,8.996999895316549e-06,0.0007444519997079624,0.0010830150004039751,5.493199932971038e-05,0.003205233999324264,0.003913462186802003,0.0020000000000000018,0.7826924373604007,1.9886816314740312,0.09693796660125395,False,nan,nan,False,False
590,2.95,0.004912788000183355,0.0016516280002178974,8.88700014911592e-06,0.001224038999680488,0.001245518999894557,5.285899987939047e-05,0.0032288180000250577,0.003946908887076715,0.0020000000000000018,0.7893817774153429,2.2363147213251233,0.1016930313966143,False,nan,nan,False,False
591,2.955,0.004998587000045518,0.0014276399997470435,9.117000445257872e-06,0.0006399570002031396,0.0010254979997625924,5.159600004844833e-05,0.0034523860003901063,0.003929168877948552,0.0020000000000000018,0.7858337755897103,1.6999851887224435,0.1025089587507438,False,nan,nan,False,False
592,2.96,0.004998498000531981,0.0018223469996883068,9.117000445257872e-06,0.0012075779995939229,0.0013236949998827185,5.2368000069691334e-05,0.003064530999836279,0.003956747029584631,0.0020000000000000018,0.7913494059169262,2.3249182517375684,0.10536594916589073,False,nan,nan,False,False
593,2.965,0.0050083759997505695,0.0017258669995499076,9.076999958779197e-06,0.0006762439998055925,0.001179144999696291,5.3278999985195696e-05,0.003160019000461034,0.003935193961898087,0.0020000000000000018,0.7870387923796175,2.0474658074392105,0.09973247283766654,False,nan,nan,False,False
594,2.97,0.005005320000236679,0.0018764889991871314,9.27700057218317e-06,0.0012327550002737553,0.0014511639992633718,5.3820999710296746e-05,0.003012293000210775,0.003976325295895457,0.0020000000000000018,0.7952650591790913,3.4581667165909624,0.10292618288211468,False,nan,nan,False,False
595,2.975,0.005007222999665828,0.001521234999927401,9.046999366546515e-06,0.0006777580001653405,0.0011002680003002752,5.474299996421905e-05,0.0033391549995940295,0.003942124204362496,0.0020000000000000018,0.7884248408724991,3.0605897539632867,0.10333383864642427,False,nan,nan,False,False
596,2.98,0.004978920999747061,0.0016336759999830974,9.006999789562542e-06,0.0012112550002711941,0.0012300609996600542,5.212799987930339e-05,0.0032713770006012055,0.003982771198173244,0.0020000000000000018,0.7965542396346488,3.47626778789182,0.10527814813593152,False,nan,nan,False,False
597,2.985,0.005022843000006105,0.0016969340003925026,9.216999387717806e-06,0.0006917030004842672,0.0011984909997408977,5.758799943578197e-05,0.00316137199934019,0.003934451828280557,0.0020000000000000018,0.7868903656561115,4.327677155245955,0.10024871635758542,False,nan,nan,False,False
598,2.99,0.0049776989999372745,0.001787582999895676,9.458000022277702e-06,0.001217897000060475,0.0013789479999104515,5.150600009073969e-05,0.0030957490007494926,0.004007687052565108,0.0020000000000000018,0.8015374105130215,6.246545464909896,0.10551134021361032,False,nan,nan,False,False
599,2.995,0.005000971999834292,0.0016948290003711008,9.448000128031708e-06,0.0006610459995499696,0.0011798260002251482,5.3730000217910856e-05,0.0031881519998933072,0.003929083608281572,0.0020000000000000018,0.7858167216563142,6.980103203528445,0.1047643140670501,False,nan,nan,False,False
600,3.0,0.005002565000722825,0.0016992279997793958,9.166999916487839e-06,0.0012175070005469024,0.0012843819995396188,5.22680002177367e-05,0.0031782030000613304,0.004014622263249801,0.0020000000000000018,0.8029244526499602,7.5005457277529155,0.10507769871100349,False,nan,nan,False,False
601,3.005,0.004995010999664373,0.001545830999930331,9.166999916487839e-06,0.0006416199994419003,0.0011144340005557751,7.999999979801942e-05,0.00333591799972055,0.003928115474927148,0.0020000000000000018,0.7856230949854295,7.820847223146184,0.09869161971546932,False,nan,nan,False,False
602,3.0100000000000002,0.0049989380004262784,0.0016433739992862684,8.987000001070555e-06,0.001225742000315222,0.0012403289993017097,5.0906000069517177e-05,0.0032404190005763667,0.004020942560822515,0.0020000000000000018,0.8041885121645028,8.186721578038359,0.10561224667226546,False,nan,nan,False,False
603,3.015,0.005002014999263338,0.0016819350003061118,9.36800006456906e-06,0.0006594730002689175,0.0011803769994003233,6.264700004976476e-05,0.0032018069996411214,0.003925194115433125,0.0020000000000000018,0.785038823086625,8.613623251854127,0.10642336284608592,False,nan,nan,False,False
604,3.02,0.005002554000384407,0.001932504000251356,9.19800004339777e-06,0.0012342380005065934,0.0012725300002784934,6.186600057844771e-05,0.0029516499998862855,0.004023470865795612,0.0020000000000000018,0.8046941731591223,8.684230489183665,0.10626882045686649,False,nan,nan,False,False
605,3.025,0.0050022750001517124,0.0016037289997257176,8.875999810697976e-06,0.0006425409992516506,0.0011802770004578633,5.136599975230638e-05,0.0032732110003053094,0.003910150413468761,0.0020000000000000018,0.7820300826937523,9.664244657849084,0.09860053287543054,False,nan,nan,False,False
606,3.0300000000000002,0.004994679999981599,0.0016913230001591728,9.418000445293728e-06,0.0012225760001456365,0.0012859739999839803,5.229700036579743e-05,0.003191818999766838,0.004032239069453519,0.0020000000000000018,0.8064478138907039,10.637984911424107,0.10234716033256441,False,nan,nan,False,False
607,3.035,0.005002545000024838,0.0015204239998638513,9.418000445293728e-06,0.0006580409999514814,0.0011012700006176601,5.388099998526741e-05,0.003357968999807781,0.003913429690081608,0.0020000000000000018,0.7826859380163215,10.160861627486941,0.10412095290845468,False,nan,nan,False,False
608,3.04,0.004997385999558901,0.0016894589998628362,9.13800067792181e-06,0.0012158030003774911,0.0011506220007504453,5.283900009089848e-05,0.003195285000401782,0.004029889326812582,0.0020000000000000018,0.8059778653625164,10.542447561795043,0.105223994541301,False,nan,nan,False,False
609,3.045,0.005004157999792369,0.0017412060005881358,9.067000064533204e-06,0.0006061129997760872,0.0011775119992307737,5.5483000323874876e-05,0.003139250999993237,0.0039160126845473545,0.0020000000000000018,0.783202536909471,9.453442796514594,0.09945808990572899,False,nan,nan,False,False
610,3.0500000000000003,0.00499734500044724,0.001772884999809321,9.276999662688468e-06,0.0017127030005212873,0.0013528800000131014,5.2427999435167294e-05,0.003109895999841683,0.004051275937218602,0.0020000000000000018,0.8102551874437204,11.826051177656678,0.10325828639899821,False,nan,nan,False,False
611,3.055,0.005001602999982424,0.0015907549995972659,9.026999578054529e-06,0.0005854350001754938,0.0011830920002466883,5.205699926591478e-05,0.0032884400006878423,0.003921296156078701,0.0020000000000000018,0.7842592312157401,10.84272334445518,0.10479328044142877,False,nan,nan,False,False
612,3.06,0.004998057000193512,0.0016974740001387545,9.447999218537007e-06,0.0016527609996046522,0.00128325900004711,5.232799958321266e-05,0.003240609999920707,0.004063088630379177,0.0020000000000000018,0.8126177260758353,12.326335376168638,0.10655230408771277,False,nan,nan,False,False
613,3.065,0.005056134999904316,0.0014986429996497463,9.096999747271184e-06,0.0006212420003066654,0.0010889870000028168,5.18770002599922e-05,0.0033851500002128887,0.00393283328057438,0.0020000000000000018,0.786566656114876,10.467072995348415,0.09933551162250874,False,nan,nan,False,False
614,3.0700000000000003,0.005003326999940327,0.001611173000128474,9.507999493507668e-06,0.0017086050002035336,0.001204772999699344,5.2739000238943845e-05,0.003222907000235864,0.004073993357537875,0.0020000000000000018,0.8147986715075749,12.293466881072852,0.10263681948297837,False,nan,nan,False,False
615,3.075,0.00495326300006127,0.0016928550003285636,9.217999831889756e-06,0.0005944709992036223,0.0012068769992765738,6.145499992271652e-05,0.0031761399995957618,0.003942773792351433,0.0020000000000000018,0.7885547584702866,10.534466430161975,0.10461455970778796,False,nan,nan,False,False
616,3.08,0.00498765700012882,0.0017715630001475802,8.895999599189963e-06,0.0016519600003448431,0.0013606639995487058,5.097500070405658e-05,0.0031100859996513464,0.004081323800323041,0.0020000000000000018,0.816264760064608,12.423296994573683,0.10675844163019085,False,nan,nan,False,False
617,3.085,0.0050004909999188385,0.001593189000232087,9.076999958779197e-06,0.000568391999877349,0.0011842350004371838,5.230799979472067e-05,0.0032877589992494904,0.003965854355697555,0.0020000000000000018,0.7931708711395111,9.015992528444167,0.10024440669861753,False,nan,nan,False,False
618,3.09,0.004998847999559075,0.00170720300047833,8.816999979899265e-06,0.00163925500055484,0.0013007529996684752,5.179700019652955e-05,0.0032435249995614868,0.004056582654071399,0.0020000000000000018,0.8113165308142796,8.896735754339806,0.10324707057075089,False,nan,nan,False,False
619,3.095,0.005069720999927085,0.0015195210007732385,9.286999556934461e-06,0.0005551779995585093,0.0011079119994974462,5.2338000386953354e-05,0.003362788999766053,0.0038922548114720757,0.0020000000000000018,0.778450962294415,12.354861309239132,0.1083628984091315,False,nan,nan,False,False
620,3.1,0.005001834000722738,0.0016361190000679926,8.996999895316549e-06,0.0016582309999648714,0.0012153030002082232,5.0814999667636584e-05,0.0031764699997438584,0.0039762439197356505,0.0020000000000000018,0.79524878394713,6.83706071771986,0.10661217817916811,False,nan,nan,False,False
621,3.105,0.004930129000058514,0.0018113669993908843,9.08699985302519e-06,0.00046810599997115787,0.0013625879992105183,5.488300030265236e-05,0.003070092000598379,0.003814173634309661,0.0020000000000000018,0.7628347268619321,10.291682665948422,0.09837842951652932,False,nan,nan,False,False
622,3.11,0.0049994889996014535,0.001796990999537229,9.136999324255157e-06,0.0015737930007162504,0.0013686499996765633,5.131600028107641e-05,0.003085310000642494,0.003987909056734441,0.0020000000000000018,0.7975818113468882,12.101960847578408,0.10166906823012574,False,nan,nan,False,False
623,3.115,0.0050002409998342046,0.0016258710002148291,8.957000318332575e-06,0.00045677500020246953,0.0011772010002459865,6.308800038823392e-05,0.0032524219996048487,0.0037960429081228962,0.0020000000000000018,0.7592085816245793,12.943891458771828,0.10659942682825657,False,nan,nan,False,False
624,3.12,0.004980354000508669,0.0016634300000077928,7.503999768232461e-06,0.0014588180001737783,0.0012241800004630932,6.163599937281106e-05,0.0033166229995913454,0.003892566863239924,0.0020000000000000018,0.7785133726479848,6.506383380987207,0.10835856802306565,False,nan,nan,False,False
625,3.125,0.00509849399986706,0.0017305259998465772,9.36699962039711e-06,0.0004783849999512313,0.0010983840002154466,6.232599935174221e-05,0.0030767440002819058,0.004035677794208279,0.0020000000000000018,0.8071355588416558,12.48225170390029,0.09726752486678354,False,nan,nan,False,False
626,3.13,0.004924740000205929,0.0017919609999808017,9.137000233749859e-06,0.001332731999355019,0.001361104999887175,5.410100038716337e-05,0.003169145999891043,0.0038790698869427855,0.0020000000000000018,0.7758139773885571,12.08645612152008,0.1007002746687829,False,nan,nan,False,False
627,3.1350000000000002,0.005079397999907087,0.0017200869997395785,9.268000212614425e-06,0.0003064230004383717,0.0012016270002277452,5.196700021770084e-05,0.0030771450001338962,0.00396078281026109,0.0020000000000000018,0.7921565620522182,12.904063558833434,0.10361815228754373,False,nan,nan,False,False
628,3.14,0.0049158729998453055,0.0017766430000847322,8.937000529840589e-06,0.001325939999333059,0.0013650020000568475,5.2338000386953354e-05,0.003107099999397178,0.003856149352492377,0.0020000000000000018,0.7712298704984755,12.420136266619963,0.10201543385543675,False,nan,nan,False,False
629,3.145,0.005001984000045923,0.0018353519999436685,9.246999979950488e-06,0.00022694400013278937,0.0012190900006316951,6.213699998625088e-05,0.003049844000088342,0.003901102019121975,0.0020000000000000018,0.780220403824395,15.071385797773573,0.09506128862328476,False,nan,nan,False,False
630,3.15,0.005003155999474984,0.0017359670000587357,9.528000191494357e-06,0.0013424500002656714,0.0013268109996715793,5.263800085231196e-05,0.0031389300002047094,0.003860949443842655,0.0020000000000000018,0.772189888768531,12.422804208662397,0.10303350450016853,False,nan,nan,False,False
631,3.1550000000000002,0.004993749000277603,0.0016136880003614351,8.936000085668638e-06,0.00023973800034582382,0.00115909800024383,5.179700019652955e-05,0.0033230839999305317,0.0037911344351071745,0.0020000000000000018,0.7582268870214347,13.480367435063963,0.09784670964920672,False,nan,nan,False,False
632,3.16,0.005033141999774671,0.0014946950004741666,7.78399953560438e-06,0.001408002999596647,0.001077334999536106,5.190699994273018e-05,0.0033032080000339192,0.003858695886290842,0.0020000000000000018,0.7717391772581683,14.278377022504719,0.10008609319892567,False,nan,nan,False,False
633,3.165,0.004885256000306981,0.0014260770003602374,7.464000191248488e-06,0.0001626740004212479,0.0010140360000150395,5.848900036653504e-05,0.003542684999956691,0.0038211442038335332,0.0020000000000000018,0.7642288407667066,16.8354453924543,0.09906918998063537,False,nan,nan,False,False
634,3.17,0.005086793000373291,0.0019165039993822575,9.127000339503866e-06,0.0014163690002533258,0.001500735999798053,5.263899947749451e-05,0.002925400000094669,0.00385512602118436,0.0020000000000000018,0.771025204236872,13.160728903785442,0.10005628199891944,False,nan,nan,False,False
635,3.1750000000000003,0.004982456999641727,0.002559446000304888,1.0259999726258684e-05,0.00023648200021852972,0.0020094279998374986,5.1717000133066904e-05,0.002273391999551677,0.003808371354363778,0.0020000000000000018,0.7616742708727555,16.51289869214965,0.0946027568593707,False,nan,nan,False,False
636,3.18,0.004907618000288494,0.0013901590000386932,6.391999704646878e-06,0.0012192599997433717,0.00100937699971837,4.850999994232552e-05,0.0035420340000200667,0.0038237191886149923,0.0020000000000000018,0.7647438377229985,11.265911967958013,0.09894514200223073,False,nan,nan,False,False
637,3.185,0.005025337000006402,0.0014252860000851797,7.915000423963647e-06,0.0022679109997625346,0.0010261289999107248,5.958200017630588e-05,0.003468725999482558,0.003950108204348417,0.0020000000000000018,0.7900216408696832,8.983667239248906,0.10222304119288857,False,nan,nan,False,False
638,3.19,0.004958171999533079,0.0012785910003003664,5.629999577649869e-06,0.0010892770005739294,0.0009131179995165439,4.557499960355926e-05,0.0036538129998007207,0.0037438200800597845,0.0020000000000000018,0.7487640160119569,12.747084466281153,0.10301494939628074,False,nan,nan,False,False
639,3.1950000000000003,0.004994971000087389,0.0011886729998877854,5.0499993449193425e-06,0.0005915159999858588,0.0008578540000598878,4.420299956109375e-05,0.0037537700000029872,0.0038334028024691203,0.0020000000000000018,0.766680560493824,6.663863888881471,0.09266351233309283,False,nan,nan,False,False
640,3.2,0.005015239000385918,0.0016675689994372078,5.690999387297779e-06,0.0011477160005597398,0.0012261330002729665,5.251800030237064e-05,0.0032762860000730143,0.003875846001521744,0.0020000000000000018,0.7751692003043488,5.520974506672322,0.09974263986209966,False,nan,nan,False,False
641,3.205,0.005020187999434711,0.0014902270004313323,6.301000212260988e-06,0.000549166999917361,0.001038250999954471,4.865100072493078e-05,0.003429243000027782,0.0037302467874633675,0.0020000000000000018,0.7460493574926734,7.85725977295175,0.10239481443837328,False,nan,nan,False,False
642,3.21,0.005028995000429859,0.0014420259994949447,6.48199966235552e-06,0.0011556210001799627,0.0010734079996836954,4.778000038641039e-05,0.003431427000577969,0.004001066252827548,0.0020000000000000018,0.8002132505655096,17.458406407959963,0.10379593120486734,False,nan,nan,False,False
643,3.215,0.00493395600005897,0.0011458029994173557,5.2189998314133845e-06,0.0004792970003109076,0.0008230289995481144,4.2609999582055025e-05,0.003787954000472382,0.0037661774593989172,0.0020000000000000018,0.7532354918797834,14.27381479198654,0.09376892984342877,False,nan,nan,False,False
644,3.22,0.00499508099983359,0.0014076030001888284,4.980000085197389e-06,0.0014647390007667127,0.0010809320001499145,4.379199981485726e-05,0.003532334999363229,0.003966595384227596,0.0020000000000000018,0.7933190768455192,11.435984356286463,0.09944515398206316,False,nan,nan,False,False
645,3.225,0.004999390000193671,0.0011668009992717998,4.7289995563915e-06,0.0003004119998877286,0.000844899999719928,4.394200004753657e-05,0.0037831150002602953,0.0036321139840868088,0.0020000000000000018,0.7264227968173617,18.231682908519122,0.10464970083305038,False,nan,nan,False,False
646,3.23,0.005016570999941905,0.0014717220001330134,5.330000021785963e-06,0.0014005689999976312,0.0011132919998999569,7.168399952206528e-05,0.0034542499997769482,0.003912057374046556,0.0020000000000000018,0.7824114748093111,14.616412815577842,0.10386078280019115,False,nan,nan,False,False
647,3.235,0.004987816999346251,0.0011628150004980853,5.009000233258121e-06,0.0003051509993383661,0.0008297719996335218,4.1446999603067525e-05,0.0037719430001743603,0.0035736366798103827,0.0020000000000000018,0.7147273359620766,18.272830047993608,0.09964276354252269,False,nan,nan,False,False
648,3.24,0.004996554000172182,0.001413033000062569,4.878999789070804e-06,0.0014398519997484982,0.0010520069999984116,4.287000047042966e-05,0.0035370340001463774,0.0037413877295433165,0.0020000000000000018,0.7482775459086632,8.618857715441408,0.09593494501937128,False,nan,nan,False,False
649,3.245,0.005009948999941116,0.0011607410006035934,4.679000085161533e-06,0.0004459239999050624,0.0008332890001838678,4.9713000407791696e-05,0.0037691279994760407,0.003921498754492698,0.0020000000000000018,0.7842997508985398,10.123350042412353,0.10127889394649686,False,nan,nan,False,False
650,3.25,0.0049916250000023865,0.001271105999876454,4.598000487021636e-06,0.0015194509996945271,0.000943713999731699,4.344100034359144e-05,0.0036783390005439287,0.003620970026111123,0.0020000000000000018,0.7241940052222245,17.308829355159432,0.10374029362545964,False,nan,nan,False,False
651,3.255,0.005022652000661765,0.0012675909993049572,6.311000106506981e-06,0.0004709009999714908,0.0009249699996871641,5.09449992023292e-05,0.0036602150003091083,0.0038494999999695956,0.0020000000000000018,0.7698999999939191,12.583751593197853,0.10666130401902892,False,nan,nan,False,False
652,3.2600000000000002,0.005002685999897949,0.0016998479995891103,5.711000085284468e-06,0.0015492570000787964,0.0012903130000267993,4.332099979365012e-05,0.003228257000046142,0.0035510671149637657,0.0020000000000000018,0.7102134229927531,17.457486865788468,0.09520955762095205,False,nan,nan,False,False
653,3.265,0.005037078999521327,0.0014701400004923926,6.473000212281477e-06,0.0004954870000801748,0.00103872300041985,4.292999983590562e-05,0.003420064999772876,0.0037236282751264217,0.0020000000000000018,0.7447256550252842,9.4302986540728,0.09764876180343224,False,nan,nan,False,False
654,3.27,0.004972409000401967,0.0011709089994837996,6.592999852728099e-06,0.0015321750006478396,0.000880656999470375,3.230099991924362e-05,0.0037321099998735008,0.00393311368478082,0.0020000000000000018,0.7866227369561639,11.113160407037062,0.10220360004533385,False,nan,nan,False,False
655,3.275,0.0049621990001469385,0.0011536779993548407,4.7280000217142515e-06,0.00044024399994668784,0.0008306529998662882,4.317099956097081e-05,0.003787012000429968,0.0036113968101637198,0.0020000000000000018,0.7222793620327438,17.950227700889315,0.09265635873176235,False,nan,nan,False,False
656,3.2800000000000002,0.005004259000088496,0.0013062619991615065,4.7789999371161684e-06,0.0015080499997566221,0.00097391199960839,4.369199996290263e-05,0.0036327640000308747,0.0038560802857262387,0.0020000000000000018,0.7712160571452477,13.212462228610567,0.09987797663416711,False,nan,nan,False,False
657,3.285,0.004997113999706926,0.0011919399994440028,4.699000783148222e-06,0.00044511299984151265,0.000865158000124211,4.435299979377305e-05,0.003748900000573485,0.0035709346256438913,0.0020000000000000018,0.7141869251287782,16.25962868282362,0.10250392552174489,False,nan,nan,False,False
658,3.29,0.005002474999855622,0.0012877890003437642,4.979000550520141e-06,0.0015153040003497154,0.0009600759995009867,4.296999941288959e-05,0.00365967399920919,0.003745790591974882,0.0020000000000000018,0.7491581183949766,9.191822813459238,0.09824934218339074,False,nan,nan,False,False
659,3.295,0.005018554999878688,0.001496959999712999,5.499999133462552e-06,0.0004681049995269859,0.001050203999511723,4.44329998572357e-05,0.0034364060002189944,0.003783104646642449,0.0020000000000000018,0.7566209293284898,3.809468963024937,0.09290094909995174,False,nan,nan,False,False
660,3.3000000000000003,0.005007755000406178,0.0016590129998803604,6.371999916154891e-06,0.001495116000114649,0.0011435180003900314,4.392200025904458e-05,0.0032527719995414373,0.0036787990501534577,0.0020000000000000018,0.7357598100306916,12.541980037608136,0.0933989027002174,False,nan,nan,False,False
661,3.305,0.004969773999619065,0.0011519540003064321,5.1500001063686796e-06,0.0004389910000099917,0.0008308439992106287,4.3010999434045516e-05,0.003787824000028195,0.003754344148613376,0.0020000000000000018,0.7508688297226752,13.579203598607407,0.10286855681831988,False,nan,nan,False,False
662,3.31,0.00500245500006713,0.0013299869997354108,5.360000614018645e-06,0.0015151030002016341,0.0009846719995039166,4.35819993072073e-05,0.0036089690001972485,0.0037198711599432262,0.0020000000000000018,0.7439742319886452,12.145374108519793,0.1003444156732722,False,nan,nan,False,False
663,3.315,0.0050040080004691845,0.0011665909996736445,5.199999577598646e-06,0.00045666400001209695,0.0008413329996983521,4.27999993917183e-05,0.0037681969997720444,0.0037074703063316957,0.0020000000000000018,0.7414940612663393,17.698804527448754,0.10151236287001071,False,nan,nan,False,False
664,3.3200000000000003,0.004993046999516082,0.0013416589999906137,5.029000021750107e-06,0.0014736560005985666,0.000994089000414533,4.418200023792451e-05,0.0036127559997112257,0.0037115441184174132,0.0020000000000000018,0.7423088236834826,13.459418710776141,0.09477317688464407,False,nan,nan,False,False
665,3.325,0.005016340999645763,0.001170449000710505,4.708999767899513e-06,0.0002448170007482986,0.0008438980003120378,4.284999977244297e-05,0.0037587480001093354,0.003602701452518175,0.0020000000000000018,0.7205402905036349,13.40846811911221,0.10059986630724319,False,nan,nan,False,False
666,3.33,0.004999779000172566,0.001698607000435004,5.560000317927916e-06,0.0014324479998322204,0.0011622440006249235,4.3602000005193986e-05,0.003227555999728793,0.0037761744316126894,0.0020000000000000018,0.7552348863225378,16.667243013888825,0.10313394350282849,False,nan,nan,False,False
667,3.335,0.004986746000213316,0.0011640169996098848,5.360000614018645e-06,0.00029805699978169287,0.0008311339997817413,4.2800000301213004e-05,0.0037726250002378947,0.0035737628350370407,0.0020000000000000018,0.7147525670074082,17.81070295008696,0.09339382750778456,False,nan,nan,False,False
668,3.34,0.004998237000108929,0.001407963000019663,5.339999916031957e-06,0.0013539219999074703,0.0010777750003398978,4.287000047042966e-05,0.0035404009995545493,0.0037783515388526167,0.0020000000000000018,0.7556703077705232,17.271937578549934,0.09875979818702375,False,nan,nan,False,False
669,3.345,0.005007744999602437,0.0011489980006444966,4.738999450637493e-06,0.0003082369994444889,0.0008211260001189657,4.239899953972781e-05,0.0037876529995628516,0.00354430439532141,0.0020000000000000018,0.708860879064282,18.76637670925391,0.09912302857240583,False,nan,nan,False,False
670,3.35,0.005006662000596407,0.0016582519992880407,5.649999366141856e-06,0.0013695510006073164,0.0012557190002553398,4.353099939180538e-05,0.0032739420003053965,0.003760306222539277,0.0020000000000000018,0.7520612445078554,16.5007112255132,0.0967747082337055,False,nan,nan,False,False
671,3.355,0.005000751999432396,0.0014537090000885655,6.031000339135062e-06,0.0002343579999433132,0.0010141970005861367,5.399100064096274e-05,0.003540110000358254,0.003493942190760958,0.0020000000000000018,0.6987884381521916,20.284593969316344,0.09550783661022252,False,nan,nan,False,False
672,3.36,0.005112810999889916,0.0019983370002591982,8.947000424086582e-06,0.0015271659995050868,0.001474407999921823,5.440200038719922e-05,0.0028748670001732535,0.0036036727274650145,0.0020000000000000018,0.7207345454930028,9.182027408001035,0.0907925371957341,False,nan,nan,False,False
673,3.365,0.00495034800042049,0.0015666500003135297,5.921000592934433e-06,0.00038159399991855025,0.0011240320000069914,4.952299968863372e-05,0.003306281999357452,0.0037002687033040704,0.0020000000000000018,0.740053740660814,12.713791109421138,0.09755697834195975,False,nan,nan,False,False
674,3.37,0.004939135999848077,0.0012087400000382331,6.111999937274959e-06,0.0008614420003141277,0.0008410129994445015,4.667699977289885e-05,0.0037167809996390133,0.003585962124242699,0.0020000000000000018,0.7171924248485397,13.498775475062882,0.09087722619799661,False,nan,nan,False,False
675,3.375,0.00498649499968451,0.0011919390008188202,5.129999408381991e-06,0.00030570099988835864,0.000857824999911827,4.463400000531692e-05,0.0038120789995446103,0.003670769273486993,0.0020000000000000018,0.7341538546973986,6.8028928236105,0.09492432859492896,False,nan,nan,False,False
676,3.38,0.005121447000419721,0.0019394470000406727,9.02700048754923e-06,0.0014451830002144561,0.001276898000469373,6.161500004964182e-05,0.0029567599995061755,0.003628048652479025,0.0020000000000000018,0.7256097304958049,10.849036193345,0.1014839420890939,False,nan,nan,False,False
677,3.3850000000000002,0.005013967000195407,0.0015963349997036858,9.076999958779197e-06,0.0005730619996029418,0.0011884320001627202,5.229799990047468e-05,0.0032909139999901527,0.003636706539110155,0.0020000000000000018,0.7273413078220309,12.332123984846325,0.08896911766560418,False,nan,nan,False,False
678,3.39,0.005006131999834906,0.0017291329995714477,9.448000128031708e-06,0.001651308999498724,0.00131973800034757,5.1887000154238194e-05,0.003139441000712395,0.0036603012424150346,0.0020000000000000018,0.7320602484830068,6.630532382059695,0.09452947198379331,False,nan,nan,False,False
679,3.395,0.004987596000319172,0.0015816989998711506,9.076999958779197e-06,0.0005819779999001184,0.0011582460001591244,5.1666999752342235e-05,0.0033568769995326875,0.0036057410010397802,0.0020000000000000018,0.721148200207956,13.334084209424923,0.0958640160745072,False,nan,nan,False,False
680,3.4,0.005056195999713964,0.0018330279999645427,9.387000318383798e-06,0.0016855719995874097,0.0013852600004611304,5.2687999414047226e-05,0.002997315000357048,0.0036357302308820715,0.0020000000000000018,0.7271460461764142,6.813694706981107,0.09770573969996747,False,nan,nan,False,False
681,3.4050000000000002,0.004948433999743429,0.001486459000261675,9.33699993765913e-06,0.000577038999836077,0.0010542710006120615,5.2117999985057395e-05,0.0033929559995158343,0.003590935082183784,0.0020000000000000018,0.7181870164367566,8.212953221965027,0.09180142547730054,False,nan,nan,False,False
682,3.41,0.004996854000637541,0.0019466799994916073,9.147000127995852e-06,0.001094697000553424,0.0013249080002424307,6.814799962739926e-05,0.0029407399997580796,0.0036155217128838023,0.0020000000000000018,0.7231043425767604,13.515614858779433,0.09294935957645548,False,nan,nan,False,False
683,3.415,0.005005700999390683,0.0016361699999833945,9.33699993765913e-06,0.0005010470003981027,0.0012314120003793505,5.219699960434809e-05,0.003236382000068261,0.0035846273408862033,0.0020000000000000018,0.7169254681772406,6.588245021437727,0.09658365476798789,False,nan,nan,False,False
684,3.42,0.004990543000531034,0.0019248589997005183,8.996999895316549e-06,0.0015741029992568656,0.0015041530004964443,5.348000013327692e-05,0.0029628310003317893,0.0036008783243344977,0.0020000000000000018,0.7201756648668995,4.97368167407902,0.09615908679427675,False,nan,nan,False,False
685,3.4250000000000003,0.005006451999179262,0.0015735330007373705,9.197000508720521e-06,0.0004564540004139417,0.0011561719993551378,5.1215999519627076e-05,0.0033034269999916432,0.0035473986935821438,0.0020000000000000018,0.7094797387164287,13.987713990439449,0.09010760083513371,False,nan,nan,False,False
686,3.43,0.004995833000066341,0.0016224040000452078,8.94699951459188e-06,0.0015651769999749376,0.0011742260003302363,5.1406000238785055e-05,0.0032603070003460743,0.0035963229922641718,0.0020000000000000018,0.7192645984528344,9.973760337012894,0.09424424776940046,False,nan,nan,False,False
687,3.435,0.0050004610002361005,0.0014922999998816522,9.276999662688468e-06,0.00044392000017978717,0.0010448340008224477,6.20359996901243e-05,0.00338895799995953,0.0035276708279130802,0.0020000000000000018,0.7055341655826161,12.026463094478157,0.09364181127513095,False,nan,nan,False,False
688,3.44,0.00499981899974955,0.002053411000815686,9.176999810733832e-06,0.001558002999445307,0.0016287560001728707,5.357999998523155e-05,0.0028279579992158688,0.0035986647121724067,0.0020000000000000018,0.7197329424344814,16.970562982637382,0.09085426457194747,False,nan,nan,False,False
689,3.4450000000000003,0.005000191000362975,0.0016564679999646614,9.02700048754923e-06,0.0004454929994608392,0.0012431550003384473,5.142600002727704e-05,0.003224871000384155,0.0035258639683307083,0.0020000000000000018,0.7051727936661416,13.847548947021581,0.08880732217246172,False,nan,nan,False,False
690,3.45,0.005013105000216456,0.0019364809995749965,9.016999683808535e-06,0.00157271199987008,0.0015133090000745142,5.345000045053894e-05,0.002933476000180235,0.0035922371720077443,0.0020000000000000018,0.7184474344015488,12.70534621315198,0.0927144833642623,False,nan,nan,False,False
691,3.455,0.004987165999409626,0.0015784120005264413,9.316999239672441e-06,0.00044663500011665747,0.0011576850001802086,5.1496000196493696e-05,0.003322823999951652,0.003523207383870442,0.0020000000000000018,0.7046414767740883,12.872226660446279,0.08981455536020236,False,nan,nan,False,False
692,3.46,0.005019417000767135,0.001868703999207355,8.756000170251355e-06,0.0015804149998075445,0.0014287520007201238,5.402100032370072e-05,0.0030170520003593992,0.003591823609583689,0.0020000000000000018,0.7183647219167377,12.950455104715408,0.09077493158343418,False,nan,nan,False,False
693,3.465,0.005004978999750165,0.0014830939999228576,9.22799972613575e-06,0.00043473300047480734,0.0010506250000617001,5.1125000027241185e-05,0.003373407999788469,0.003523491516684005,0.0020000000000000018,0.704698303336801,13.571413806584802,0.09147504862627502,False,nan,nan,False,False
694,3.47,0.004975255000317702,0.001952521000021079,9.297999895352405e-06,0.0015711079995526234,0.0015012880003268947,5.40510000064387e-05,0.002953582999907667,0.003560367312999175,0.0020000000000000018,0.712073462599835,7.413510862002109,0.09259094240992943,False,nan,nan,False,False
695,3.475,0.005025246999139199,0.0012209030001031351,9.327000043413136e-06,0.00046140300037222914,0.0008722309994482202,3.70699999621138e-05,0.003626081000220438,0.0035160447082775233,0.0020000000000000018,0.7032089416555046,16.970563090939464,0.08705791408029427,False,nan,nan,False,False
696,3.48,0.004964434000612528,0.0017372279999108287,9.117000445257872e-06,0.0015694749999966007,0.0013341550002223812,5.1326000175322406e-05,0.003153517999635369,0.003540584499511552,0.0020000000000000018,0.7081168999023104,14.63912072649411,0.09200459283369022,False,nan,nan,False,False
697,3.485,0.005010398999729659,0.0015569120005238801,9.017000593303237e-06,0.0004682460003095912,0.0011439189993325272,5.136599975230638e-05,0.0033573179998711566,0.0034925156140057983,0.0020000000000000018,0.6985031228011597,12.723531681511862,0.09383447413911283,False,nan,nan,False,False
698,3.49,0.005035567000049923,0.0018022399999608751,9.27700057218317e-06,0.0016047409999373485,0.0013715450004383456,5.326999962562695e-05,0.0030466879998130025,0.003531858769312247,0.0020000000000000018,0.7063717538624493,13.764338205588299,0.0946916353047259,False,nan,nan,False,False
699,3.495,0.004968240999914997,0.001480679000451346,9.047000276041217e-06,0.0004704200000560377,0.0010400050005046069,5.0904999625345226e-05,0.0033974029993260046,0.003486513198087245,0.0020000000000000018,0.697302639617449,15.985503583572994,0.08726857127221398,False,nan,nan,False,False
700,3.5,0.0049989280005320325,0.0020356469995022053,9.278000106860418e-06,0.001568884000334947,0.0015880399996603956,7.380800070677651e-05,0.002845351000360097,0.003529156762372543,0.0020000000000000018,0.7058313524745086,12.783618945396633,0.09523946886731996,False,nan,nan,False,False
701,3.505,0.004999479999241885,0.0016859630004546489,9.047000276041217e-06,0.0004502520005189581,0.0012791520002792822,5.105600030219648e-05,0.003192829999534297,0.003488139179212393,0.0020000000000000018,0.6976278358424786,13.405018258075689,0.09364702825749874,False,nan,nan,False,False
702,3.5100000000000002,0.004999739000595582,0.001763327999469766,9.42799943004502e-06,0.0015702769997005817,0.0013588310002887738,5.153599977347767e-05,0.0030833660002826946,0.003529079987254591,0.0020000000000000018,0.7058159974509182,12.15775967552789,0.09767585192393868,False,nan,nan,False,False
703,3.515,0.004944317000081355,0.0014152359999570763,7.845000254746992e-06,0.00040767199971014634,0.001000491000013426,6.380900049407501e-05,0.0034826029996111174,0.0034892167124542777,0.0020000000000000018,0.6978433424908554,12.778876294235214,0.08842223733257806,False,nan,nan,False,False
704,3.52,0.004983658999663021,0.0015332169996327139,6.521999239339493e-06,0.001495957999395614,0.0011427670006014523,5.0074000682798214e-05,0.003352409999934025,0.0035227044806762212,0.0020000000000000018,0.7045408961352442,10.821014864860455,0.09210203907515373,False,nan,nan,False,False
705,3.525,0.004946461000145064,0.0012863949996244628,5.118999979458749e-06,0.00015527100003964733,0.0009425819998796214,4.68380003439961e-05,0.0036467600002652034,0.003487036395949369,0.0020000000000000018,0.6974072791898737,12.722126576701406,0.09512003086647625,False,nan,nan,False,False
706,3.5300000000000002,0.004992225000023609,0.0015287289998013875,4.89899957756279e-06,0.001330437999968126,0.0009468710004512104,8.172300022124546e-05,0.0034287620001123287,0.003520415322495692,0.0020000000000000018,0.7040830644991384,11.660040961926198,0.09465174197159414,False,nan,nan,False,False
707,3.535,0.005020187999434711,0.0012211240000397083,5.28900000063004e-06,0.00019002600038220407,0.0008754070004215464,4.513499970926205e-05,0.0036956310004825355,0.0034877626858958633,0.0020000000000000018,0.6975525371791726,12.824535740139693,0.08725995089629834,False,nan,nan,False,False
708,3.54,0.004972910000105912,0.0014091150005697273,4.608999915944878e-06,0.0013139580005372409,0.0010710329997891677,4.408200038596988e-05,0.0035453899999993155,0.003516035044411179,0.0020000000000000018,0.7032070088822356,11.211602049897355,0.09280502405696321,False,nan,nan,False,False
709,3.545,0.005013245000554889,0.0012092409997421782,4.69899987365352e-06,0.00019073700059379917,0.0008558910003557685,4.353199983597733e-05,0.003720818000147119,0.003492687967587149,0.0020000000000000018,0.6985375935174297,13.878142994268837,0.09352241756029096,False,nan,nan,False,False
710,3.5500000000000003,0.004994799999622046,0.0014049179999346961,5.330000021785963e-06,0.0013363190000745817,0.0008724409999558702,5.229799990047468e-05,0.0035441580002952833,0.0034996037654938775,0.0020000000000000018,0.6999207530987754,7.628190229084278,0.0953232983524673,False,nan,nan,False,False
711,3.555,0.005011391999687476,0.0011677540005621267,6.291999852692243e-06,0.000193851999938488,0.0008383579997826018,4.504400021687616e-05,0.0037537700000029872,0.0034853458327481295,0.0020000000000000018,0.6970691665496258,12.877897252303438,0.08626085560280267,False,nan,nan,False,False
712,3.56,0.004975735000698478,0.0014017409994266927,4.538000212050974e-06,0.0012572719997478998,0.0010598710005069734,4.287100000510691e-05,0.00356200100031856,0.003501247505694656,0.0020000000000000018,0.7002495011389311,12.578237237897588,0.09180063006689647,False,nan,nan,False,False
713,3.565,0.005019596999773057,0.0011786340000981,4.819000423594844e-06,0.0001766499999575899,0.0008556200000384706,4.253900078765582e-05,0.0037491709999812883,0.0034880409246148903,0.0020000000000000018,0.697608184922978,12.916210741532206,0.09361468618055652,False,nan,nan,False,False
714,3.5700000000000003,0.004984862000128487,0.0013647519999722135,4.7289995563915e-06,0.0013010630000280798,0.0010246359997836407,4.547499975160463e-05,0.003578230999664811,0.003502057180265238,0.0020000000000000018,0.7004114360530475,12.767466172496297,0.09356981245589027,False,nan,nan,False,False
715,3.575,0.004997825999453198,0.0011955360005231341,4.548999640974216e-06,0.00020957099968654802,0.000873734000379045,4.227899989928119e-05,0.00374702699991758,0.0034965553131592947,0.0020000000000000018,0.6993110626318588,13.987227034236398,0.08728029974700394,False,nan,nan,False,False
716,3.58,0.005000812000616861,0.0013865330001863185,4.558000000542961e-06,0.0013404470000750734,0.00086409600044135,4.3210999137954786e-05,0.003561169000022346,0.0034936669864304684,0.0020000000000000018,0.6987333972860936,8.009300349109042,0.09134303229405857,False,nan,nan,False,False
717,3.585,0.005003436000151851,0.0011741959997380036,4.747999810206238e-06,0.00018272200031788088,0.0008410730006289668,4.164800066064345e-05,0.0037656919994333293,0.0034935103502198384,0.0020000000000000018,0.6987020700439676,12.787088253447381,0.09655664527799682,False,nan,nan,False,False
718,3.59,0.005004809999263671,0.0013481510004567099,4.69899987365352e-06,0.001230761000442726,0.0008569020001232275,4.213800002617063e-05,0.003606543999921996,0.0034955170010625763,0.0020000000000000018,0.6991034002125153,12.551740697134512,0.09656265275221598,False,nan,nan,False,False
719,3.595,0.005011902000660484,0.0011917889996766462,4.708999767899513e-06,0.000178123000296182,0.0008382679998248932,4.208900008961791e-05,0.0037314179999157204,0.0034993640395836116,0.0020000000000000018,0.6998728079167224,12.287231097626785,0.08566253647617776,False,nan,nan,False,False
720,3.6,0.004983599999832222,0.001375783000185038,4.679000085161533e-06,0.0013210409997554962,0.0010472779995325254,4.3391000872361474e-05,0.0035729920000449056,0.0034944010596827087,0.0020000000000000018,0.6988802119365418,8.224332681507383,0.09159878381909353,False,nan,nan,False,False
721,3.605,0.005003477000173007,0.00120804899961513,5.439999767986592e-06,0.00018029799957730575,0.0008573639997848659,5.070400038675871e-05,0.003726988999915193,0.0034994333292172543,0.0020000000000000018,0.6998866658434508,10.533093682766973,0.09419180783107639,False,nan,nan,False,False
722,3.61,0.004988949000107823,0.0014195549993019085,4.469000487006269e-06,0.0012878190000265022,0.0010788980007419013,4.210799943393795e-05,0.0035439970006336807,0.003497220270095243,0.0020000000000000018,0.6994440540190486,10.785675542997886,0.09377644754584638,False,nan,nan,False,False
723,3.615,0.005023954999160196,0.0011944040006710566,5.160000000614673e-06,0.0003112619997409638,0.0008708590003152494,4.2440000470378436e-05,0.0037298249999366817,0.003503055074866543,0.0020000000000000018,0.7006110149733086,9.108013159528435,0.08727295043813768,False,nan,nan,False,False
724,3.62,0.004980063000402879,0.0013063030000921572,4.417999662109651e-06,0.0014274900004238589,0.0008739439999772003,4.180799987807404e-05,0.003643633999672602,0.0034974470901302642,0.0020000000000000018,0.6994894180260528,6.656503824543542,0.09108387782404817,False,nan,nan,False,False
725,3.625,0.00500877699960256,0.0011766100005843327,4.6889999794075266e-06,0.00030935799986764323,0.0008549490003133542,4.261999947630102e-05,0.0037584889996651327,0.003503591150415698,0.0020000000000000018,0.7007182300831395,5.767834129668582,0.09275532063701783,False,nan,nan,False,False
726,3.63,0.0049900820004040725,0.0013513570002032793,4.617999366018921e-06,0.001289372000428557,0.0010061419998237398,4.152699966653017e-05,0.0036013150001963368,0.0035003119625769802,0.0020000000000000018,0.7000623925153959,3.584853160202178,0.09096978968457849,False,nan,nan,False,False
727,3.6350000000000002,0.00500979800017376,0.0011639670001386548,4.479000381252263e-06,0.00017893499989440897,0.000831775999358797,4.180799987807404e-05,0.0037689079999836395,0.0035046379247696794,0.0020000000000000018,0.7009275849539358,3.271511865025374,0.08565911421553649,False,nan,nan,False,False
728,3.64,0.004986725999515329,0.00135502400007681,4.738999450637493e-06,0.0013085869995848043,0.0010343450003347243,4.129700027988292e-05,0.0036411689998203656,0.0035030023971231823,0.0020000000000000018,0.7006004794246365,2.0045526279582613,0.09343661346969014,False,nan,nan,False,False
729,3.645,0.00506144500013761,0.0011810790001618443,4.268000338925049e-06,0.00014790600016567623,0.0008363839997400646,5.3079000281286426e-05,0.003705678999722295,0.0035055784034049744,0.0020000000000000018,0.701115680680995,1.6372851220319475,0.0963851189483911,False,nan,nan,False,False
730,3.65,0.004950618000293616,0.0012520109994511586,4.75899923912948e-06,0.0013290360002429225,0.0008868679997249274,4.0937000449048355e-05,0.003709467000589939,0.003505413267203226,0.0020000000000000018,0.701082653440645,0.9126223154984215,0.09524289165718518,False,nan,nan,False,False
731,3.6550000000000002,0.005024615999900561,0.0011653689998638583,4.878999789070804e-06,0.0001823110005716444,0.0008352520007974817,4.233900017425185e-05,0.0037471779996849364,0.0035075882463637114,0.0020000000000000018,0.7015176492727422,1.1882282341718775,0.08493349714770619,False,nan,nan,False,False
732,3.66,0.004967980999936117,0.0013911710002503241,5.34999981027795e-06,0.0013194069997553015,0.001044081999680202,4.205900040687993e-05,0.003552332999788632,0.003507846332276563,0.0020000000000000018,0.7015692664553125,0.48500296029635276,0.09059412090335368,False,nan,nan,False,False
733,3.665,0.004997234999791544,0.0011756780004361644,4.638999598682858e-06,0.00020624499939003726,0.000844158999825595,4.1278000026068185e-05,0.003786471000239544,0.0035104389451418045,0.0020000000000000018,0.7020877890283609,1.2949100409244998,0.09228201288032803,False,nan,nan,False,False
734,3.67,0.005018294000365131,0.0012827290001951042,4.83900021208683e-06,0.001343282000561885,0.0009071570002561202,6.332800057862187e-05,0.0036495249996733037,0.0035096119925710875,0.0020000000000000018,0.7019223985142176,1.3082266725921468,0.09365693581241834,False,nan,nan,False,False
735,3.6750000000000003,0.004990782999811927,0.0011710500002664048,4.849000106332824e-06,0.00017085899980884278,0.000846902999910526,4.167800034338143e-05,0.003765501999623666,0.00351383831871198,0.0020000000000000018,0.702767663742396,2.3301518753785717,0.09458476699449118,False,nan,nan,False,False
736,3.68,0.004993778999960341,0.001401110000188055,4.8790006985655054e-06,0.0013084669999443577,0.0010574480002105702,4.646700017474359e-05,0.003552293000211648,0.0035127202457244195,0.0020000000000000018,0.7025440491448839,1.4503322377388717,0.08814108722845299,False,nan,nan,False,False
737,3.685,0.005010609999771987,0.0012044720006088028,4.268000338925049e-06,0.0001831620002121781,0.0008785330001046532,4.308099960326217e-05,0.003727952000190271,0.0035167174706649635,0.0020000000000000018,0.7033434941329926,2.062248136961007,0.09137128555875587,False,nan,nan,False,False
738,3.69,0.004988549000700004,0.0013903499993830337,4.648999492928851e-06,0.0013259699999252916,0.0010630179995132494,4.211800023767864e-05,0.003560378000656783,0.0035161044672895403,0.0020000000000000018,0.7032208934579081,1.012000521099198,0.0960986472955032,False,nan,nan,False,False
739,3.6950000000000003,0.005005970999263809,0.0011818299999504234,4.509000063990243e-06,0.0001760889999786741,0.0008362029993804754,5.6505999964429066e-05,0.003761164000025019,0.0035199139142351988,0.0020000000000000018,0.7039827828470397,1.6672038621434657,0.0877624884919018,False,nan,nan,False,False
740,3.7,0.004999750000024505,0.001377556000079494,4.718999662145507e-06,0.0012761669995597913,0.0010514770001464058,4.106699998374097e-05,0.0035701970000445726,0.0035207161478617442,0.0020000000000000018,0.7041432295723488,0.26092037947170316,0.092744709710084,False,nan,nan,False,False
741,3.705,0.005007104000469553,0.0011858269999720505,4.408000677358359e-06,0.00018723999983194517,0.0008431959995505167,4.184800036455272e-05,0.0037450939998961985,0.0035268108472542702,0.0020000000000000018,0.705362169450854,2.379204888913323,0.0951043903433165,False,nan,nan,False,False
742,3.71,0.004985702999874775,0.0013692809998246958,4.458000148588326e-06,0.0012941799996042391,0.0008627440001873765,4.2459000724193174e-05,0.0035820980001517455,0.0035244150568314956,0.0020000000000000018,0.704883011366299,1.563621638399292,0.09528407591533813,False,nan,nan,False,False
743,3.715,0.005012143000385549,0.0012279659995328984,4.9689997467794456e-06,0.0001416850000168779,0.000890675000846386,4.8491000598005485e-05,0.003726228999767045,0.0035452832469235083,0.0020000000000000018,0.7090566493847016,12.131730825417232,0.08775382553248606,False,nan,nan,False,False
744,3.72,0.005035456999394228,0.0015202220001810929,6.272000064200256e-06,0.0014914589992258698,0.0011349719998179353,4.6486999963235576e-05,0.0033823960002337117,0.003511368175303457,0.0020000000000000018,0.7022736350606913,12.918550205791616,0.0917664351705305,False,nan,nan,False,False
745,3.725,0.004960526000104437,0.0012132290003137314,5.419999979494605e-06,0.00021579399981419556,0.0008804059998510638,4.400200032250723e-05,0.003725736999513174,0.003584953087583924,0.0020000000000000018,0.7169906175167847,16.970570733174316,0.09291424379950461,False,nan,nan,False,False
746,3.73,0.00499558200044703,0.0014577160000044387,4.7789999371161684e-06,0.0013275520004754071,0.0009012050004457706,5.775800036644796e-05,0.0034936530000777566,0.0035113681734685914,0.0020000000000000018,0.7022736346937182,16.970566665842625,0.09398205077893287,False,nan,nan,False,False
747,3.735,0.0050162409997938084,0.0012222650002513546,5.169999894860666e-06,0.00014842700056760805,0.0008928200004447717,4.4362999688019045e-05,0.0037034659999335418,0.003584953077171407,0.0020000000000000018,0.7169906154342813,16.97056330540025,0.08432439601434454,False,nan,nan,False,False
748,3.74,0.004983879999599594,0.0013893080003981595,4.63900050817756e-06,0.0012827990003643208,0.001057987999956822,4.2238999412802514e-05,0.0035769589994743,0.0035113681734585058,0.0020000000000000018,0.702273634691701,16.97056336028995,0.09209420115459764,False,nan,nan,False,False
749,3.745,0.0050258080000276095,0.0011877910001203418,4.910000825475436e-06,0.0001815189998524147,0.0008523129999957746,4.222899951855652e-05,0.003725757999745838,0.003584953101854828,0.0020000000000000018,0.7169906203709656,16.97057157817705,0.09321827835388127,False,nan,nan,False,False
750,3.75,0.0049698339998940355,0.0013816840000799857,4.518999958236236e-06,0.001325820000602107,0.0010530599993217038,4.25690004703938e-05,0.0035751960003835848,0.0035113682350225565,0.0020000000000000018,0.7022736470045111,16.970619218248192,0.09326032312166327,False,nan,nan,False,False
751,3.755,0.0050118520002797595,0.001187712000501051,4.587999683280941e-06,0.00018181999985245056,0.0008440490000793943,4.290000015316764e-05,0.003750522999325767,0.0035849530842799273,0.0020000000000000018,0.7169906168559854,16.970601984671628,0.08140224823195187,False,nan,nan,False,False
752,3.7600000000000002,0.00499803700040502,0.0013769249999313615,4.92899926030077e-06,0.001327733999460179,0.0008546480003133183,4.103599985683104e-05,0.003623556000093231,0.003511368174604893,0.0020000000000000018,0.7022736349209785,16.970564031132927,0.09380911764470343,False,nan,nan,False,False
753,3.765,0.005085019000034663,0.00130235599954176,4.559000444714911e-06,0.00013777799995295936,0.0009582120001141448,4.341099975135876e-05,0.00355462700008502,0.0035849530774989305,0.0020000000000000018,0.716990615499786,16.970562815884968,0.0929204412851279,False,nan,nan,False,False
754,3.77,0.004911725000056322,0.00125827399915579,4.89899957756279e-06,0.0013118229999236064,0.0008759979991737055,4.330100000515813e-05,0.003686353000375675,0.0035113681811332217,0.0020000000000000018,0.7022736362266442,16.970563263861344,0.09574515931882822,False,nan,nan,False,False
755,3.775,0.005001803999221011,0.0024224400003731716,4.66900019091554e-06,0.00018915399959951174,0.0016115540001919726,4.624700068234233e-05,0.002538527999604412,0.0035849530819017147,0.0020000000000000018,0.7169906163803429,16.97056275698493,0.08874287680032117,False,nan,nan,False,False
756,3.7800000000000002,0.005020329000217316,0.0013641900004586205,5.208999937167391e-06,0.0010931050001090625,0.001005529999929422,4.321100004744949e-05,0.003565297999557515,0.003511368234616153,0.0020000000000000018,0.7022736469232305,16.970571734604857,0.09573986251959098,False,nan,nan,False,False
757,3.785,0.004985673000192037,0.001173824999568751,4.577999789034948e-06,0.0005045739999332,0.0008467130001008627,4.253000042808708e-05,0.0037601920002998668,0.0035849530811935208,0.0020000000000000018,0.7169906162387041,16.97059779261508,0.09427503819678228,False,nan,nan,False,False
758,3.79,0.004990352000277198,0.0012998610000067856,4.648999492928851e-06,0.0015744040001663961,0.0009648249997553648,4.2920999476336874e-05,0.0036456369998632,0.0035113682297158613,0.0020000000000000018,0.7022736459431722,16.970595647679158,0.09205854564768577,False,nan,nan,False,False
759,3.795,0.005001372999686282,0.0011892239999724552,5.259999852569308e-06,0.0004234119996908703,0.0008483669998895493,4.211799932818394e-05,0.0037570360000245273,0.003584953122092556,0.0020000000000000018,0.7169906244185112,16.970562861174056,0.08483782286702567,False,nan,nan,False,False
760,3.8000000000000003,0.005003596999813453,0.0014113890001681284,4.798999725608155e-06,0.0015085509994605673,0.0010115519999089884,4.410299970913911e-05,0.003545270000358869,0.003511368173465173,0.0020000000000000018,0.7022736346930346,16.97057902930149,0.09259466563009967,False,nan,nan,False,False
761,3.805,0.005019136000555591,0.0012370329995974316,5.060000148660038e-06,0.0003381830001671915,0.0008817489997454686,4.5365000005404e-05,0.0036846009998043883,0.0035849530765036768,0.0020000000000000018,0.7169906153007354,16.970563255289534,0.09426064821022455,False,nan,nan,False,False
762,3.81,0.004988928999409836,0.0013136070001564804,5.128999873704743e-06,0.0014416260000871262,0.0009676400004536845,4.2980999751307536e-05,0.003633665000052133,0.003511368261831885,0.0020000000000000018,0.702273652366377,16.970585330551483,0.09398645390225582,False,nan,nan,False,False
763,3.815,0.005009258000427508,0.0012153829993621912,4.518999958236236e-06,0.0002902630003518425,0.0008775810001679929,4.2829999983950984e-05,0.0037067720004415605,0.003584953180671159,0.0020000000000000018,0.7169906361342319,16.97069222674032,0.08734408378391424,False,nan,nan,False,False
764,3.8200000000000003,0.004980734000127995,0.001284081999983755,4.598000487021636e-06,0.0013495340008375933,0.000952291000430705,4.2550000216579065e-05,0.00365808999958972,0.0035113684670740144,0.0020000000000000018,0.7022736934148028,16.97081330603093,0.09275365387932817,False,nan,nan,False,False
765,3.825,0.005001202999665111,0.0012042119997204281,4.859000000578817e-06,0.00017839400061347988,0.0008673519996591494,4.2498999391682446e-05,0.0037369279998529237,0.0035849530817467245,0.0020000000000000018,0.7169906163493449,16.970632884176354,0.09449907431968875,False,nan,nan,False,False
766,3.83,0.004997125000045344,0.0013361080000322545,4.518000423558988e-06,0.0012460499992812402,0.0009882180002023233,4.180799987807404e-05,0.0036127960001977044,0.0035113681773952026,0.0020000000000000018,0.7022736354790404,16.970562865800236,0.0932823838678691,False,nan,nan,False,False
767,3.835,0.0050154290001955815,0.0012268840000615455,5.419999979494605e-06,0.00011458399967523292,0.0008844140002111089,4.324099973018747e-05,0.003705418999743415,0.0035849531040016503,0.0020000000000000018,0.71699062080033,16.97056665558783,0.0878353164605114,False,nan,nan,False,False
768,3.84,0.004990962999727344,0.0013645520002683043,5.1200004236306995e-06,0.0011980609997408465,0.0010078949999297038,5.175699971005088e-05,0.003666656999484985,0.003446996772216904,0.0020000000000000018,0.6893993544433807,17.586179182717114,0.09163390050035143,False,nan,nan,False,False
769,3.845,0.005092063000120106,0.0012162140001237276,5.2400000640773214e-06,0.0001082620001398027,0.0008882809997885488,4.154700036451686e-05,0.0036317819995019818,0.0035849530879788465,0.0020000000000000018,0.7169906175957692,17.586165704393117,0.09538852904549212,False,nan,nan,False,False
770,3.85,0.004904520999843953,0.001277248999940639,4.799000635102857e-06,0.001124643000366632,0.0009076269998331554,5.144599981576903e-05,0.0036602250002033543,0.0033495830298920005,0.0020000000000000018,0.6699166059784,20.784617805468702,0.09661084654732215,False,nan,nan,False,False
771,3.855,0.004999910000151431,0.0012035210002068197,4.6080003812676296e-06,0.00038731399945390876,0.0008621120005045668,4.1586999941500835e-05,0.003733851999641047,0.003584953081923098,0.0020000000000000018,0.7169906163846196,20.78461512940395,0.08211247731700705,False,nan,nan,False,False
772,3.86,0.005001362999792036,0.0013942980003776029,5.039999450673349e-06,0.0009454080000068643,0.0010631479999574367,4.094699943379965e-05,0.003542755000125908,0.003179576561976001,0.0020000000000000018,0.6359153123952002,24.00003563302739,0.09234864996490347,False,nan,nan,False,False
773,3.865,0.004992396000488952,0.0012049639999531792,4.489000275498256e-06,0.0003357980003784178,0.0008501390002493281,4.0536000597057864e-05,0.003737388999979885,0.003584953079706781,0.0020000000000000018,0.7169906159413562,24.000013465478894,0.09216329910858632,False,nan,nan,False,False
774,3.87,0.004997856000045431,0.0013746009999522357,4.6590002966695465e-06,0.0008812080004645395,0.0010321500003556139,4.1277000491390936e-05,0.0035770189997492707,0.003705950770425048,0.0020000000000000018,0.7411901540850095,16.97059736092666,0.08782023716385458,False,nan,nan,False,False
775,3.875,0.005009197999243042,0.001204933000735764,5.951000275672413e-06,0.00033542699929967057,0.0008521839999957592,4.073699983564438e-05,0.0037438809995364863,0.003723741884767027,0.0020000000000000018,0.7447483769534053,20.784709426592517,0.08061629581273931,False,nan,nan,False,False
776,3.88,0.005009007000808197,0.0014107179995335173,6.0409993238863535e-06,0.001393034999637166,0.0010632379999151453,4.274000002624234e-05,0.003528508999806945,0.004071662419742368,0.0020000000000000018,0.8143324839484736,20.784639498085753,0.09390857127456123,False,nan,nan,False,False
777,3.8850000000000002,0.005036527999436657,0.0012216149998494075,5.439999767986592e-06,0.0003420889997869381,0.0008778119999988121,4.217899913783185e-05,0.003666336000605952,0.00413864268374577,0.0020000000000000018,0.8277285367491539,19.224638073882957,0.09477930487082108,False,nan,nan,False,False
778,3.89,0.004946361000293109,0.0014383190000444301,4.849000106332824e-06,0.0013346559999263263,0.0010865220001505804,4.167800034338143e-05,0.0035185999995519524,0.004256293276579137,0.0020000000000000018,0.8512586553158275,20.784621183121036,0.0963235816658354,False,nan,nan,False,False
779,3.895,0.0050152280000475,0.0011723930001608096,4.769000042870175e-06,0.0002171460000681691,0.0008510420002494357,4.184800036455272e-05,0.0037605620000249473,0.004270639636102885,0.0020000000000000018,0.8541279272205771,16.970564041322348,0.09393236456466324,False,nan,nan,False,False
780,3.9,0.004989520999515662,0.0014327290000437642,4.9689997467794456e-06,0.0013052399999651243,0.001090138000108709,4.231899947626516e-05,0.0035230580006100354,0.004256293781302969,0.0020000000000000018,0.8512587562605937,16.970785835216212,0.10383340041830878,False,nan,nan,False,False
781,3.9050000000000002,0.005011441000533523,0.0011908579999726498,4.457999239093624e-06,0.00018110900055035017,0.0008559710004192311,5.7216999266529456e-05,0.0037448829998538713,0.004138642682766546,0.0020000000000000018,0.8277285365533092,20.78488562823785,0.11142149991304164,False,nan,nan,False,False
782,3.91,0.005015509999793721,0.0015003259995864937,6.332000339170918e-06,0.001265075999981491,0.0011200150001968723,4.517399975156877e-05,0.003471472000455833,0.004123839905796582,0.0020000000000000018,0.8247679811593163,24.00097619356249,0.10992814782079327,False,nan,nan,False,False
783,3.915,0.005069349999757833,0.001261499000065669,5.2400000640773214e-06,0.0001484970007368247,0.0009138690002146177,4.505400011112215e-05,0.003584683000553923,0.004138643436894799,0.0020000000000000018,0.8277286873789597,24.00016689817496,0.0992738316193403,False,nan,nan,False,False
784,3.92,0.004905583999970986,0.0012342380005065934,5.169000360183418e-06,0.001183432999823708,0.000856261000080849,4.400200032250723e-05,0.003762645999813685,0.003923097889885557,0.0020000000000000018,0.7846195779771115,16.971517307865135,0.10936307558487064,False,nan,nan,False,False
785,3.9250000000000003,0.005078657000012754,0.0011918890004380955,5.038999915996101e-06,0.00013985099940327927,0.0008515120007359656,4.2810000195459e-05,0.0036731290001625894,0.003610633621638314,0.0017000000000000348,0.7221267243276629,24.115452731983552,0.11180357051469345,False,nan,nan,False,False
786,3.93,0.0049201510000784765,0.001219630000377947,4.859000000578817e-06,0.0012134990001868573,0.0008347410002897959,5.2288000006228685e-05,0.003724204999343783,0.0038436547049748577,0.0020000000000000018,0.7687309409949715,26.83281575804222,0.11036749409127874,False,nan,nan,False,False
787,3.935,0.005012133000491303,0.0011970179994023056,5.601000339083839e-06,0.00020687699998234166,0.0008552290000807261,4.263000028004171e-05,0.003734554000402568,0.0036797673229749094,0.0020000000000000018,0.7359534645949819,16.970581193633475,0.09746250719867545,False,nan,nan,False,False
788,3.94,0.004991253999833134,0.0012995999995837337,6.171000677568372e-06,0.0013336040001377114,0.0008581849997426616,4.3230999835941475e-05,0.003642041000603058,0.0032199910107132187,0.0017000000000000348,0.6439982021426437,26.8328165962477,0.09933986862676757,False,nan,nan,False,False
789,3.9450000000000003,0.004998516999876301,0.0011735649995898711,4.358000296633691e-06,0.00020772799962287536,0.000846702999297122,4.2519000089669134e-05,0.003773006000301393,0.0037134157580746316,0.0020000000000000018,0.7426831516149263,24.696974332111097,0.10824176137327768,False,nan,nan,False,False
790,3.95,0.005002865999813366,0.0012348290001682471,4.69899987365352e-06,0.0013326029993550037,0.0008731729994906345,4.332099979365012e-05,0.0037060699996800395,0.003819386570675568,0.0020000000000000018,0.7638773141351136,14.01699540347098,0.09934876448448264,False,nan,nan,False,False
791,3.955,0.004996513000151026,0.0011833729995487374,4.687999535235576e-06,0.00021940999977232423,0.0008608299995103152,4.17179999203654e-05,0.0037681570001950604,0.003814662556861443,0.0020000000000000018,0.7629325113722886,20.79487602712506,0.0969665994688487,False,nan,nan,False,False
792,3.96,0.005009489000258327,0.0012859739999839803,4.66799974674359e-06,0.0013402360000327462,0.0009587330005160766,4.1989000237663276e-05,0.00365349299954687,0.004001665299248228,0.0020000000000000018,0.8003330598496455,17.396431387990063,0.09644863790364959,False,nan,nan,False,False
793,3.9650000000000003,0.004994670000087353,0.0011961369991695392,4.447999344847631e-06,0.00020484299966483377,0.0008665010000186157,4.244899992045248e-05,0.0037417570001707645,0.004021472323005574,0.0020000000000000018,0.8042944646011146,12.006978538681548,0.09771813472858724,False,nan,nan,False,False
794,3.97,0.004994258999431622,0.001291596000555728,4.6590002966695465e-06,0.0012761459993271274,0.0008596180005042697,4.3121000089740846e-05,0.0036523399994621286,0.003713923816187595,0.0020000000000000018,0.742784763237519,20.78469372423961,0.10603676187202633,False,nan,nan,False,False
795,3.975,0.005000582000320719,0.0011969979996138136,4.577999789034948e-06,0.00012839000009989832,0.0008675429999129847,4.2298999687773176e-05,0.0037435909998748684,0.00400427513607411,0.0020000000000000018,0.8008550272148219,20.784610553954366,0.11100301444740442,False,nan,nan,False,False
796,3.98,0.004999398999643745,0.0013064730001133285,4.397999873617664e-06,0.0012087199993402464,0.0009765969998625224,4.2860000576183666e-05,0.0036479720001807436,0.004001653340363607,0.0020000000000000018,0.8003306680727214,12.00000357295478,0.09771329292037328,False,nan,nan,False,False
797,3.985,0.005013013999814575,0.0011941440006921766,4.429000000527594e-06,0.00010664900037227198,0.0008523440001226845,4.307000017433893e-05,0.003739882999980182,0.004021472303863273,0.0020000000000000018,0.8042944607726545,12.000016813162814,0.09777191217223215,False,nan,nan,False,False
798,3.99,0.004989902000488655,0.0012912339998365496,5.019000127504114e-06,0.0012129679998906795,0.0009528119999231421,4.2749999920488335e-05,0.0036581610002031084,0.004063403855144543,0.0020000000000000018,0.8126807710289086,12.000088735018526,0.11019367130500607,False,nan,nan,False,False
799,3.995,0.00501702200017462,0.001259494999430899,7.003000064287335e-06,0.00010690999988582917,0.0009223040005963412,4.193899985693861e-05,0.0036646630005634506,0.0034453603263855243,0.0017401919609660865,0.6890720652771049,26.15340738894882,0.10167887976475543,False,nan,nan,False,False
800,4.0,0.004981035000128031,0.0013141169993104995,6.041000233381055e-06,0.0012096620002921554,0.0009707859999252832,4.2098999983863905e-05,0.0036286760005168617,0.0032988057594869192,0.0018806711010228572,0.6597611518973838,18.968428024758865,0.09829466471669057,False,nan,nan,False,False
801,4.005,0.004997555000045395,0.001189825999972527,5.661000614054501e-06,9.438699999009259e-05,0.0008458519996565883,5.623499964713119e-05,0.0037526369997067377,0.003762856635968835,0.0020000000000000018,0.7525713271937671,22.462725652639886,0.10197021423044235,False,nan,nan,False,False
802,4.01,0.004999910999686108,0.0013160500002413755,4.888999683316797e-06,0.001211806000355864,0.0009677190000729752,4.321100004744949e-05,0.003630139000051713,0.003302978632394318,0.0020000000000000018,0.6605957264788637,24.00001507641711,0.08993047101717519,False,nan,nan,False,False
803,4.015,0.005003817000215349,0.0012210729992148117,4.769000042870175e-06,9.345499984192429e-05,0.0008866580001267721,4.378199992061127e-05,0.003722091000781802,0.0032183326016061234,0.0020000000000000018,0.6436665203212246,18.786654280511552,0.10571460517283987,False,nan,nan,False,False
804,4.0200000000000005,0.004998707999220642,0.0013437730003715842,4.819000423594844e-06,0.0012066859999322332,0.0010016429996539955,4.3650999941746704e-05,0.003625620000093477,0.0033220820927813777,0.0020000000000000018,0.6644164185562755,21.448801453308754,0.09927968538991772,False,nan,nan,False,False
805,4.025,0.00502436500028125,0.001198140999804309,4.558000000542961e-06,0.00010645900056260871,0.0008641760005048127,5.4211999668041244e-05,0.0037196660005065496,0.003437815663534682,0.0020000000000000018,0.6875631327069365,24.00000341318083,0.08606863078142647,False,nan,nan,False,False
806,4.03,0.004976357000487042,0.0013709529994230252,4.588000592775643e-06,0.001196606999656069,0.0010385619998487527,4.52840004072641e-05,0.0035767690005741315,0.003823883182606979,0.0020000000000000018,0.7647766365213957,24.000042443311706,0.0931416199392518,False,nan,nan,False,False
807,4.035,0.005016870999497769,0.0013953899997432018,7.5540001489571296e-06,0.0023041189997456968,0.0010633379997671,4.2468999708944466e-05,0.003548776000570797,0.003529325518874691,0.0020000000000000018,0.7058651037749382,17.91401843919997,0.08830276597147196,False,nan,nan,False,False
808,4.04,0.0050022450004689745,0.0013586109998868778,4.458000148588326e-06,0.0012209730002723518,0.0009161329999187728,4.283999987819698e-05,0.003563272999599576,0.0038818626436020126,0.0020000000000000018,0.7763725287204024,20.988131591545745,0.09110932987995819,False,nan,nan,False,False
809,4.045,0.004979300999366387,0.0011777630006690742,4.589000127452891e-06,8.94879995030351e-05,0.0008432059994447627,4.1757999497349374e-05,0.003766793999602669,0.00407987150565791,0.0020000000000000018,0.815974301131582,16.972244426739564,0.09321389573294814,False,nan,nan,False,False
810,4.05,0.005000552000637981,0.0013116219997755252,4.257999535184354e-06,0.0012079589996574214,0.000959243999204773,4.460400032257894e-05,0.0036333150001155445,0.004039298322636687,0.0020000000000000018,0.8078596645273373,16.97087101737575,0.09778507237997704,False,nan,nan,False,False
811,4.055,0.005006251999475353,0.0011898150005436037,4.798999725608155e-06,9.74829999904614e-05,0.0008552489998692181,4.2038000174215995e-05,0.0037440209998749197,0.004272280835328943,0.0020000000000000018,0.8544561670657885,16.970589694967895,0.10946641269279275,False,nan,nan,False,False
812,4.0600000000000005,0.0049875260001499555,0.0013011139999434818,4.7789999371161684e-06,0.0011903260001417948,0.0009533429993098252,4.219899983581854e-05,0.003647450999778812,0.004275860209038198,0.0020000000000000018,0.8551720418076394,16.97073958607152,0.09308465905144082,False,nan,nan,False,False
813,4.065,0.005002404999686405,0.0011852370007545687,4.478999471757561e-06,9.118100024352316e-05,0.0008539469999959692,4.204900051263394e-05,0.003765320999264077,0.00442327275597841,0.0020000000000000018,0.8846545511956818,12.243828008572352,0.0933218397212358,False,nan,nan,False,False
814,4.07,0.005007975000808074,0.0013254389996291138,4.839999746764079e-06,0.0012191800005894038,0.0009866649998002686,4.246000025887042e-05,0.0036146499996903003,0.004472142257745717,0.0020000000000000018,0.8944284515491434,4.483057482080856,0.11148029389661589,False,nan,nan,False,False
815,4.075,0.00499537199993938,0.0011916789999304456,4.769000042870175e-06,8.970799990493106e-05,0.0008556510001653805,4.1987999793491326e-05,0.0037486100000023725,0.004346263226666234,0.0020000000000000018,0.8692526453332468,12.006036799785901,0.11560482442033762,False,nan,nan,False,False
816,4.08,0.004999118999876373,0.0013306979999470059,4.63800006400561e-06,0.0012080380001862068,0.0009923059997163364,5.5202999647008255e-05,0.0036143789993730024,0.004082892218919992,0.0020000000000000018,0.8165784437839984,24.000829098976844,0.10798641409950487,False,nan,nan,False,False
817,4.085,0.004999258999305312,0.0011675730002025375,4.587999683280941e-06,8.872600028553279e-05,0.0008490170002914965,4.2890000258921646e-05,0.0037772740006403183,0.004472136488307972,0.0020000000000000018,0.8944272976615942,20.784633982591387,0.11551374818352063,False,nan,nan,False,False
818,4.09,0.005000391000066884,0.0013044990000707912,4.338000508141704e-06,0.0012063869999110466,0.0009764559999894118,4.270899989933241e-05,0.003642071000285796,0.004472136028918054,0.0020000000000000018,0.8944272057836108,0.0548374508613546,0.11381354399116404,False,nan,nan,False,False
819,4.095,0.005000922000363062,0.0011724320002031163,4.548000106296968e-06,8.767399958742317e-05,0.0008418850002271938,5.1577000704128295e-05,0.003771572999539785,0.00447214227438972,0.0020000000000000018,0.894428454877944,0.33324985535226154,0.12111078343441525,False,nan,nan,False,False
820,4.1,0.00500156300040544,0.0013093079996906454,4.548000106296968e-06,0.0012104529996577185,0.0009678999995230697,4.24189993282198e-05,0.003635959999883198,0.004082893397866941,0.0020000000000000018,0.8165786795733881,20.78500806491578,0.11092477445927115,False,nan,nan,False,False
821,4.105,0.005000340999686159,0.0011773209998864331,4.647999958251603e-06,9.118000070884591e-05,0.0008455710003545391,4.153800000494812e-05,0.003762897000342491,0.004334723569349867,0.0020000000000000018,0.8669447138699733,17.012189828612556,0.11754897961304316,False,nan,nan,False,False
822,4.11,0.004995100999622082,0.0013282540003274335,4.738999450637493e-06,0.0012031799997203052,0.0008917280001696781,4.216899924358586e-05,0.003635688000031223,0.004332794094389107,0.0020000000000000018,0.8665588188778212,17.03544098460541,0.11859711896134834,False,nan,nan,False,False
823,4.115,0.005023905000598461,0.0012228159994265297,5.280000550555997e-06,0.00010233200009679422,0.0008575239999117912,4.527500004769536e-05,0.003702574000271852,0.004472226363207931,0.0020000000000000018,0.894445272641586,12.060490489069295,0.12397026384815675,False,nan,nan,False,False
824,4.12,0.004987927000001946,0.0013433129997793003,5.130000317876693e-06,0.0012165240004833322,0.0009973460000765044,4.263000028004171e-05,0.0035913049996452173,0.0044721878553738055,0.0020000000000000018,0.894437571074761,0.27564168760301416,0.11475764068794123,False,nan,nan,False,False
825,4.125,0.004999048999707156,0.0011927899995498592,6.45199997961754e-06,0.00010259200007567415,0.0008523140004399465,4.4223000259080436e-05,0.0037432710005305125,0.004472147114180241,0.0020000000000000018,0.894429422836048,0.46220324868299695,0.12066465790252574,False,nan,nan,False,False
826,4.13,0.004991965000044729,0.0012870170003225212,6.742999175912701e-06,0.0010950480000246898,0.0009371230007673148,4.2659000428102445e-05,0.003669260999231483,0.004472282567380235,0.0020000000000000018,0.894456513476047,1.848131137246047,0.12281408735379934,False,nan,nan,False,False
827,4.135,0.0050197370001114905,0.001182951999908255,5.040000360168051e-06,0.0005419629997049924,0.0008467940006084973,4.641699979401892e-05,0.0037412869996842346,0.004082927260366171,0.0020000000000000018,0.8165854520732342,20.798553763081653,0.12087956578022906,False,nan,nan,False,False
828,4.14,0.004979571999683685,0.0013438030000543222,4.468000042834319e-06,0.0015150529998209095,0.0008941819996834965,4.308099960326217e-05,0.0036011949996463954,0.0039802323967724675,0.0020000000000000018,0.7960464793544935,20.342184164999033,0.1121110188095585,False,nan,nan,False,False
829,4.1450000000000005,0.005003506999855745,0.0011404030001358478,4.89899957756279e-06,0.00045327800035011023,0.0008210659998439951,4.275999981473433e-05,0.0038800560005256557,0.004219000578310479,0.0020000000000000018,0.8438001156620958,18.114695741634158,0.1170157221003415,False,nan,nan,False,False
830,4.15,0.005139892000443069,0.0016486029999214225,9.096999747271184e-06,0.0016780890000518411,0.001226562999363523,5.2086999858147465e-05,0.003230280999559909,0.0041055245633331815,0.0020000000000000018,0.8211049126666362,20.96329102628136,0.11717982983709245,False,nan,nan,False,False
831,4.155,0.004996462999770301,0.001440203999663936,9.166999916487839e-06,0.0005976769998596865,0.0010330519999115495,5.215700002736412e-05,0.0034384100008537644,0.004105315320441188,0.0020000000000000018,0.8210630640882375,16.978411144712993,0.12119415262095817,False,nan,nan,False,False
832,4.16,0.004997455999728118,0.0017828039999585599,9.30700025492115e-06,0.0016693319994374178,0.0013665559999935795,5.183700068300823e-05,0.003101068999967538,0.004349293663622944,0.0020000000000000018,0.8698587327245886,19.161961404229615,0.10875291960074533,False,nan,nan,False,False
833,4.165,0.005002634999982547,0.0017327010000371956,9.106999641517177e-06,0.0005958239999017678,0.0012172269998700358,0.00017193199983012164,0.0031588470001224778,0.004310510884218194,0.0020000000000000018,0.862102176843639,18.183346968532334,0.10874010828337083,False,nan,nan,False,False
834,4.17,0.005009809000512178,0.0016957210000327905,8.836000233714003e-06,0.001674261000516708,0.0012915650004288182,5.1687000450328924e-05,0.0031763599999976577,0.004472165729391507,0.0020000000000000018,0.8944331458783014,12.410063191427835,0.12390403771519504,False,nan,nan,False,False
835,4.175,0.0049916239995582146,0.0015269160003299476,9.246999979950488e-06,0.0005981580006846343,0.001110256999709236,5.2708000112033915e-05,0.0033482210001238855,0.004472273588451889,0.0020000000000000018,0.8944547176903778,2.056214559253971,0.11291269572881117,False,nan,nan,False,False
836,4.18,0.0049943500007429975,0.0016584309996687807,9.207000402966514e-06,0.0016632510005365475,0.0012424329997884342,5.8519999583950266e-05,0.0032304619999194983,0.004082901107005099,0.0020000000000000018,0.8165802214010198,20.810735517708636,0.10949312848121044,False,nan,nan,False,False
837,4.1850000000000005,0.005007153999940783,0.0015322449999075616,9.297999895352405e-06,0.0005947219997324282,0.0010882250007853145,5.104499996377854e-05,0.0033100000000558794,0.004133063640225621,0.0020000000000000018,0.8266127280451243,15.707217180008039,0.11527697455284404,False,nan,nan,False,False
838,4.19,0.004966226999385981,0.0017162490003101993,9.297000360675156e-06,0.0016414499996244558,0.0012854540000262205,5.535400032385951e-05,0.003129161999822827,0.004365396131985948,0.0020000000000000018,0.8730792263971895,16.260323006944635,0.10948849196386261,False,nan,nan,False,False
839,4.195,0.004911484999865934,0.0012320940004428849,6.080999810365029e-06,0.0004656810006054002,0.0008845140000630636,4.925199937133584e-05,0.0036953999997422216,0.00398463451356874,0.0020000000000000018,0.7969269027137481,20.790564266542315,0.10120546438801335,False,nan,nan,False,False
840,4.2,0.004984361000424542,0.0013065330003882991,5.34999981027795e-06,0.0015261839998856885,0.0009543839996695169,4.534499930741731e-05,0.0036358989991640556,0.004365335380213388,0.0020000000000000018,0.8730670760426775,20.78477227371414,0.11466122882851949,False,nan,nan,False,False
841,4.205,0.004999419000341732,0.001180226999167644,4.999000339012127e-06,0.00043942199954472017,0.0008568819994252408,4.17179999203654e-05,0.0038263760006884695,0.004255375257640983,0.0020000000000000018,0.8510750515281964,12.870205109266848,0.11487269901059331,False,nan,nan,False,False
842,4.21,0.005124161999447097,0.0017348950004816288,8.866999451129232e-06,0.0015062869997564121,0.0013321309997991193,5.141600013303105e-05,0.003155450000122073,0.004366039994551575,0.0020000000000000018,0.8732079989103149,12.045126977712012,0.11250862290646818,False,nan,nan,False,False
843,4.215,0.005008525999983249,0.0014385810000021593,9.217000297212508e-06,0.0004671930000768043,0.0010328219996154075,5.099499958305387e-05,0.0034583670003485167,0.00447229472142271,0.0020000000000000018,0.8944589442845418,10.20999965785769,0.10917664094000387,False,nan,nan,False,False
844,4.22,0.00501499900019553,0.00168673400003172,9.076999958779197e-06,0.001534920000267448,0.0012184790002720547,5.186700036574621e-05,0.0031721019995529787,0.004474346535653867,0.0020000000000000018,0.8948693071307734,7.1325731065713605,0.105980344757211,False,nan,nan,False,False
845,4.225,0.0049698040002112975,0.001643923999836261,9.587999556970317e-06,0.0005602279998129234,0.001186980000056792,7.958900005178293e-05,0.003245007999794325,0.004034341613402813,0.0020000000000000018,0.8068683226805626,21.3212387977669,0.11775217330924183,False,nan,nan,False,False
846,4.23,0.004999568999664916,0.0019032390000575106,8.285000149044208e-06,0.0015211750005619251,0.0014575349996448494,5.4602000091108494e-05,0.0029898610000600456,0.003990667814157105,0.0020000000000000018,0.7981335628314211,21.189535864573152,0.12096102492710224,False,nan,nan,False,False
847,4.235,0.005004579000342346,0.0015445379995071562,8.677000550960656e-06,0.0005558089997066418,0.0011238220004088362,5.3169999773672316e-05,0.0032831500002430403,0.004018857810276861,0.0020000000000000018,0.8037715620553723,20.784609690825803,0.10615415360865434,False,nan,nan,False,False
848,4.24,0.004931792999741447,0.001622554000277887,7.544000254711136e-06,0.0015646259998902678,0.001185467000141216,6.136499996500788e-05,0.003298137999991013,0.0042500128473012076,0.0020000000000000018,0.8500025694602413,17.382214348709493,0.10640949798175471,False,nan,nan,False,False
849,4.245,0.004992314999981318,0.0013897790004193666,6.102000043028966e-06,0.0004015909998997813,0.0009771569993972662,6.581299930985551e-05,0.0035214259996791952,0.004352101252527328,0.0020000000000000018,0.8704202505054655,12.586941943752475,0.1113077139748322,False,nan,nan,False,False
850,4.25,0.0049761560003389604,0.0014407749995370978,5.740999768022448e-06,0.0014678850002383115,0.0010437020000608754,5.7778000154939946e-05,0.0034842750001189415,0.0044723054359002675,0.0020000000000000018,0.8944610871800533,14.128149702074895,0.11574612273536161,False,nan,nan,False,False
851,4.255,0.004988478999621293,0.0012732710001728265,5.190000592847355e-06,0.0002528529994378914,0.0009253210000679246,4.5323999984248076e-05,0.0036599240002033184,0.004354096356692333,0.0020000000000000018,0.8708192713384665,16.970562748476205,0.10941915660139134,False,nan,nan,False,False
852,4.26,0.004994058999727713,0.0015472430004592752,5.501000487129204e-06,0.001322483000876673,0.000970634999248432,4.519499998423271e-05,0.0033933260001504095,0.004274902835707471,0.0020000000000000018,0.8549805671414941,16.970562748476205,0.11547027660975673,False,nan,nan,False,False
853,4.265,0.005015008000555099,0.0012012769993816619,5.109000085212756e-06,0.00013189600031182636,0.0008675620001667994,4.4643000364885665e-05,0.0037204670006758533,0.004387112649151181,0.0020000000000000018,0.8774225298302363,12.087173658004318,0.11548233141335068,False,nan,nan,False,False
854,4.2700000000000005,0.0049819770001704455,0.0013452459998006816,5.070000042906031e-06,0.0011949039999308297,0.0010057509998659953,4.426299983606441e-05,0.00359820799985755,0.004502985084873856,0.0020000000000000018,0.9005970169747711,12.3324367134559,0.10624319393971705,False,nan,nan,False,False
855,4.275,0.005006311999750324,0.001201936999677855,4.9390000640414655e-06,0.0005622620001304313,0.0008492080005453317,4.432300011103507e-05,0.0037313290004021837,0.004493320804137019,0.0020000000000000018,0.8986641608274036,3.6150843051832857,0.09963593856836503,False,nan,nan,False,False
856,4.28,0.00499753599979158,0.0013706130002901773,5.0889993872260675e-06,0.0010766030000013416,0.0010317890000806074,4.3661999370669946e-05,0.0035659479999594623,0.004482610888526404,0.0020000000000000018,0.8965221777052808,5.18172956142276,0.12078648366935787,False,nan,nan,False,False
857,4.285,0.004996462999770301,0.0012114660003135214,5.671000508300494e-06,0.0004436999997778912,0.0008639550005682395,4.527400051301811e-05,0.0037308060000214027,0.004472449555526637,0.0020000000000000018,0.8944899111053272,10.132238822529434,0.12155313519373194,False,nan,nan,False,False
858,4.29,0.005006483000215667,0.0014025729997229064,5.138999767950736e-06,0.0014970399997764616,0.0010292050001226016,4.505400011112215e-05,0.003540911000527558,0.004353277790917389,0.0020000000000000018,0.8706555581834777,16.970562748476205,0.11327693609436097,False,nan,nan,False,False
859,4.295,0.00500538000051165,0.0012147709994678735,5.2400000640773214e-06,0.0003221520000806777,0.000884162999682303,4.418299977260176e-05,0.003714717000548262,0.004273084368820574,0.0020000000000000018,0.8546168737641147,16.970562748476205,0.10674256958337293,False,nan,nan,False,False
860,4.3,0.004989991000002192,0.001385460999699717,5.089000296720769e-06,0.0013764340001216624,0.0009404789998370688,5.1666999752342235e-05,0.003552964999471442,0.004423636754980989,0.0020000000000000018,0.8847273509961978,16.32515426227034,0.10990796653576644,False,nan,nan,False,False
861,4.305,0.005002224999770988,0.0012160440001025563,5.029000021750107e-06,0.00020996199964429252,0.0008853350000208593,4.462400011107093e-05,0.0037207579998721485,0.004536643486954791,0.0020000000000000018,0.907328697390958,12.248971388485828,0.11358368195405397,False,nan,nan,False,False
862,4.3100000000000005,0.004998817999876337,0.001374800999656145,5.009000233258121e-06,0.0012598350003827363,0.0009926660004566656,7.56819999878644e-05,0.003596145000301476,0.0045251842250980685,0.0020000000000000018,0.9050368450196136,2.858324558114561,0.11650099861230273,False,nan,nan,False,False
863,4.315,0.005033802999605541,0.0012065569999322179,5.670000064128544e-06,0.00010915399980149232,0.0008743649996176828,4.477400034375023e-05,0.0036961720006729593,0.004512819870803727,0.0020000000000000018,0.9025639741607454,3.45046994314194,0.11251928620242131,False,nan,nan,False,False
864,4.32,0.004961739000464149,0.0013044999996054685,5.020000571676064e-06,0.0011349830001563532,0.0009641930000725552,4.429299951880239e-05,0.0036363400004120194,0.0044992342739708785,0.0020000000000000018,0.8998468547941756,4.461630990880605,0.12285467121697348,False,nan,nan,False,False
865,4.325,0.005007443999602401,0.001191519000713015,4.900000021734741e-06,0.0004969600004187669,0.000855530000080762,4.392199934954988e-05,0.0037423379999381723,0.004484197562461541,0.0020000000000000018,0.8968395124923082,6.575404180311053,0.12277118985810342,False,nan,nan,False,False
866,4.33,0.004991745000552328,0.0013009929998588632,6.031000339135062e-06,0.0015385669994429918,0.0010381519996371935,1.4637000276707113e-05,0.0036118339994573034,0.004472227890135217,0.0020000000000000018,0.8944455780270434,12.0,0.11102797163759538,False,nan,nan,False,False
867,4.335,0.004958522999913839,0.000858043999869551,3.897000169672538e-06,0.0003386130001672427,0.0005992710002828971,3.2531000215385575e-05,0.004124062999835587,0.004348012462263549,0.0020000000000000018,0.8696024924527097,12.58322801282112,0.11098221682267989,False,nan,nan,False,False
868,4.34,0.0050319100000706385,0.0009484530000918312,3.877000381180551e-06,0.0014949559999877238,0.0006714760002068942,3.3211999834747985e-05,0.003985382999417197,0.00423950395583438,0.0020000000000000018,0.8479007911668758,12.00385703740891,0.11698716947626654,False,nan,nan,False,False
869,4.345,0.004979030999493261,0.0008811779998723068,3.7970003177179024e-06,0.0003371399998286506,0.0006370609999066801,3.189900053257588e-05,0.004074127999956545,0.004347579530674807,0.0020000000000000018,0.8695159061349614,12.00508824861876,0.11889714663039694,False,nan,nan,False,False
870,4.3500000000000005,0.005005601000448223,0.0009818059997996897,4.24799964093836e-06,0.001428270999895176,0.0006337549993986613,3.223000021534972e-05,0.003968992000409344,0.0044731782575877605,0.0020000000000000018,0.894635651517552,12.007256871474636,0.11290385867477895,False,nan,nan,False,False
871,4.355,0.0050040070000250125,0.0009388759999637841,4.07799961976707e-06,0.00028598500011867145,0.000682685999890964,3.8592999771935865e-05,0.004005740999673435,0.0044729223936301596,0.0020000000000000018,0.8945844787260318,0.5074431887281502,0.11665117504093463,False,nan,nan,False,False
872,4.36,0.004992936999769881,0.0008967470002971822,3.977999767812435e-06,0.001455851999708102,0.0006311100005405024,1.797299955796916e-05,0.0040471989996149205,0.0044726440163427245,0.0020000000000000018,0.8945288032685449,0.6584187834178176,0.12712167123796242,False,nan,nan,False,False
873,4.365,0.0049984979996224865,0.0007877730004111072,4.548000106296968e-06,0.00032066999938251683,0.000640677999399486,1.7031999959726818e-05,0.004153126999881351,0.004472339887137148,0.0020000000000000018,0.8944679774274295,0.9881518953064935,0.12406303438204211,False,nan,nan,False,False
874,4.37,0.004982727999959025,0.0008913670008041663,3.7970003177179024e-06,0.0014218090000213124,0.0005928489999860176,3.203999949619174e-05,0.00407752499995695,0.004472162774639354,0.0020000000000000018,0.8944325549278708,2.3278895665156596,0.11002676604135049,False,nan,nan,False,False
875,4.375,0.005010410000068077,0.0008526239998900564,3.59699970431393e-06,0.00033405499925720505,0.0006079570002839318,3.0727999728696886e-05,0.00410533700051019,0.004082950630659328,0.0020000000000000018,0.8165901261318655,20.838753008442232,0.11748704633255544,False,nan,nan,False,False
876,4.38,0.004999890000362939,0.0008046940001804614,3.4269996831426397e-06,0.0013360180000745459,0.0005840320000061183,3.090799964411417e-05,0.004156562999924063,0.0037718698397257726,0.0020000000000000018,0.7543739679451544,18.454590892613997,0.12470534961199117,False,nan,nan,False,False
877,4.385,0.005002203999538324,0.0008785330001046532,3.727000148501247e-06,0.00018576700040284777,0.0006307000003289431,3.103800008830149e-05,0.004090249000000767,0.004133777337534108,0.0020000000000000018,0.8267554675068216,20.785039242431893,0.11505061652079092,False,nan,nan,False,False
878,4.39,0.0050098589999834076,0.0008096030005617649,3.5270004445919767e-06,0.0013243660005173297,0.0005808860005345196,3.7961000089126173e-05,0.004184065000117698,0.0044721531321595814,0.0020000000000000018,0.8944306264319161,18.455740278993492,0.10968882481152271,False,nan,nan,False,False
879,4.3950000000000005,0.0050346650004939875,0.0008861569995133323,3.50600021192804e-06,8.05709996711812e-05,0.0005989900000713533,4.0505000470147934e-05,0.004027491000670125,0.004472136972491719,0.0020000000000000018,0.8944273944983436,0.3751327080469906,0.1205862336236753,False,nan,nan,False,False
880,4.4,0.004957289999765635,0.0008493590003126883,3.846999788947869e-06,0.0012128580001444789,0.0006133570004749345,3.3892999454110395e-05,0.0041287300000476534,0.004472515740898252,0.0020000000000000018,0.8945031481796504,2.4520392301912795,0.11658213944662876,False,nan,nan,False,False
881,4.405,0.005049723000411177,0.0008138719995258725,3.3659998734947294e-06,0.00011495500075398013,0.0005855350000274484,2.9033999453531578e-05,0.0041023520007001935,0.004216648088037674,0.0020000000000000018,0.8433296176075349,17.075614268175425,0.11508109228601876,False,nan,nan,False,False
882,4.41,0.004988048000086565,0.000988087999758136,5.050000254414044e-06,0.0012233180004841415,0.0006839289999334142,3.894200017384719e-05,0.003964352999901166,0.00399000177308419,0.0020000000000000018,0.798000354616838,16.970567587914694,0.11163255572050212,False,nan,nan,False,False
883,4.415,0.005025958999794966,0.0008349110003109672,3.8569996831938624e-06,0.00012324099952820688,0.0006014840000716504,3.285099955974147e-05,0.004071233999638935,0.004216635153278778,0.0020000000000000018,0.8433270306557556,16.97999931038069,0.11058299391149709,False,nan,nan,False,False
884,4.42,0.004967699999724573,0.001506467000581324,5.089999831398018e-06,0.001215824000610155,0.0009449669996683951,4.571599947666982e-05,0.0035595259996625828,0.003848379782584565,0.0020000000000000018,0.7696759565169131,20.787494623947403,0.10438112558834134,False,nan,nan,False,False
885,4.425,0.005149510000592272,0.001278780999200535,4.729000465886202e-06,0.00013293800020619528,0.0009335159993497655,4.525399981503142e-05,0.0035240500001236796,0.00366175540278349,0.0020000000000000018,0.732351080556698,17.009366392271453,0.10733174812149818,False,nan,nan,False,False
886,4.43,0.004866450000008626,0.0014705099993079784,5.751000571763143e-06,0.001141865000136022,0.0011102759999630507,5.325899928720901e-05,0.003459850000581355,0.0039899892666634415,0.0020000000000000018,0.7979978533326881,20.143552263346894,0.11306740443157628,False,nan,nan,False,False
887,4.4350000000000005,0.005029425999964587,0.001529368999399594,7.835000360500999e-06,0.0022636929998043342,0.0011406330004319898,4.834099945583148e-05,0.0033710850002535153,0.004216638362769545,0.0020000000000000018,0.8433276725539088,16.97531342177483,0.10124365987021412,False,nan,nan,False,False
888,4.44,0.004963250999935553,0.0014811599994573044,5.621000127575826e-06,0.0011907159996553673,0.0009846809998634853,5.741700078942813e-05,0.003458007000517682,0.00398998754115329,0.0020000000000000018,0.797997508230658,16.971984003901312,0.09510216998049381,False,nan,nan,False,False
889,4.445,0.004998798000087845,0.001297315999181592,4.9600002967054024e-06,0.0005959039999652305,0.0009465599996474339,4.619700030161766e-05,0.0036476720006248797,0.0037973675572597044,0.0020000000000000018,0.7594735114519408,16.970563903601168,0.1141798683638775,False,nan,nan,False,False
890,4.45,0.005002375000003667,0.0015007059992058203,4.819000423594844e-06,0.001015358000586275,0.0011141530003442313,5.925999994360609e-05,0.003436056000282406,0.00399004138206902,0.0020000000000000018,0.7980082764138039,16.992028989470178,0.10586367803800181,False,nan,nan,False,False
891,4.455,0.00499548199968558,0.0012496359995566308,4.900000021734741e-06,0.0004299140000512125,0.000907728000129282,4.2859999666688964e-05,0.0036862740007563843,0.003871695131094299,0.0020000000000000018,0.7743390262188599,20.80973545608104,0.09596839189200021,False,nan,nan,False,False
892,4.46,0.0049954309997701785,0.0015308930005630828,4.929000169795472e-06,0.0009670179997556261,0.0009543249998387182,4.797000019607367e-05,0.003413452999666333,0.003989989518702132,0.0020000000000000018,0.7979979037404263,20.784632555235905,0.09560274947562765,False,nan,nan,False,False
893,4.465,0.005002574999707576,0.001250098000127764,5.079999937152024e-06,0.0005407110002124682,0.0008956949995990726,4.264000017428771e-05,0.0036942289998478373,0.0042166338014579295,0.0020000000000000018,0.8433267602915857,16.971662115269954,0.11300466005051903,False,nan,nan,False,False
894,4.47,0.005002365000109421,0.0013879960006306646,5.0199996621813625e-06,0.001011882000057085,0.0010437419996378594,4.333100059739081e-05,0.003550047999851813,0.004472239856631199,0.0020000000000000018,0.8944479713262398,17.012095168646947,0.10687994215474443,False,nan,nan,False,False
895,4.4750000000000005,0.005001573000299686,0.0012393380002322374,4.677999640989583e-06,0.0004324179999457556,0.0008893430003809044,4.1928000428015366e-05,0.0037015019997852505,0.004346279841289726,0.0020000000000000018,0.8692559682579453,12.022306811881124,0.09434576241988057,False,nan,nan,False,False
896,4.48,0.005005089999940537,0.0014666529996247846,6.262000169954263e-06,0.0008323860001837602,0.0011074710000684718,5.357000009098556e-05,0.0034660110004551825,0.004237925605677445,0.0020000000000000018,0.8475851211354888,12.004836576924651,0.10716070325475996,False,nan,nan,False,False
897,4.485,0.004991044000234979,0.001271887999791943,4.878999789070804e-06,0.0004037549997519818,0.0009063959996638005,4.391200036479859e-05,0.003666116000204056,0.004346263331727344,0.0020000000000000018,0.8692526663454687,12.002313000339157,0.10979641587384187,False,nan,nan,False,False
898,4.49,0.004994939999960479,0.0014840859994365019,4.548000106296968e-06,0.0010667340002328274,0.0011137419996885,5.708699973183684e-05,0.003461092000179633,0.004346263415547858,0.0020000000000000018,0.8692526831095717,16.971563373352883,0.10468606532478869,False,nan,nan,False,False
899,4.495,0.00500424900019425,0.0012500469993028673,4.6889999794075266e-06,0.0004893750001428998,0.0009082889991987031,4.446399998414563e-05,0.0036905120005030767,0.004472136605105221,0.0020000000000000018,0.894427321021044,12.000000054753487,0.10139299848806377,False,nan,nan,False,False
900,4.5,0.0050022939994960325,0.0014058690003366792,4.719000571640208e-06,0.0015264640005625552,0.0010527590002311626,4.798000009031966e-05,0.0035512610002115252,0.004346265228941283,0.0020000000000000018,0.8692530457882567,12.000328257831516,0.11971212105319975,False,nan,nan,False,False
901,4.505,0.005019357000492164,0.0012717479994535097,5.128999873704743e-06,0.00046372700035135495,0.0009295079998992151,4.339099996286677e-05,0.0036485430000539054,0.004346264368187605,0.0020000000000000018,0.869252873637521,16.97060045033946,0.11987442504329096,False,nan,nan,False,False
902,4.51,0.004978639999535517,0.0013667160001205048,4.6590002966695465e-06,0.001539760000014212,0.0010119720000147936,4.2859999666688964e-05,0.0035751960003835848,0.004472137400890115,0.0020000000000000018,0.8944274801780229,12.000001304690613,0.10945371747977341,False,nan,nan,False,False
903,4.515,0.005000301000109175,0.0012469920002331492,4.518000423558988e-06,0.00044152499958727276,0.0008932900000218069,4.2609000047377776e-05,0.0036969430002500303,0.004346262962240891,0.0020000000000000018,0.8692525924481782,12.000346019393634,0.10367252023742092,False,nan,nan,False,False
904,4.5200000000000005,0.005000209999707295,0.0015085820004969719,4.548999640974216e-06,0.0015411120002681855,0.0009554670004945365,5.8429000091564376e-05,0.0034321679995628074,0.0043462630671904905,0.0020000000000000018,0.8692526134380982,16.9705672702264,0.11350277975918986,False,nan,nan,False,False
905,4.525,0.005003416999898036,0.0012306910002735094,4.919000275549479e-06,0.0004397220000100788,0.0008835420003379113,4.149799951846944e-05,0.0037039870003354736,0.004237924678030114,0.0020000000000000018,0.8475849356060228,12.000035902416629,0.1187441300941101,False,nan,nan,False,False
906,4.53,0.004994209000869887,0.001369440999951621,6.351999218168203e-06,0.0015431749998242594,0.001009857999633823,4.38920005763066e-05,0.0035753570000451873,0.004346263353773543,0.0020000000000000018,0.8692526707547086,12.000000592322213,0.11004809960020095,False,nan,nan,False,False
907,4.535,0.005002705999686441,0.0012614289998964523,5.8610003179637715e-06,0.00043285900028422475,0.0008886120003808173,4.9371999921277165e-05,0.0036779479996766895,0.004472137214042352,0.0020000000000000018,0.8944274428084703,12.000078994282374,0.10489112445919022,False,nan,nan,False,False
908,4.54,0.00500993900004687,0.001488302999860025,4.788999831362162e-06,0.001549648000036541,0.0009421620006833109,4.299000011087628e-05,0.0034411650003676186,0.0043462639156540105,0.0020000000000000018,0.869252783130802,12.000002397121095,0.11279764843063327,False,nan,nan,False,False
909,4.545,0.004986674999599927,0.0012562890005938243,4.9090003813034855e-06,0.0004142140005569672,0.0009165030005533481,4.60559995190124e-05,0.0036930859996573417,0.004472137044268268,0.0020000000000000018,0.8944274088536535,12.000000133915577,0.11707149549931281,False,nan,nan,False,False
910,4.55,0.005007083000236889,0.0013845089997630566,4.749000254378188e-06,0.0015196320000541164,0.0010234640003545792,4.462299966689898e-05,0.003551372000401898,0.004346263707264178,0.0020000000000000018,0.8692527414528356,12.000004351504732,0.11218217061600101,False,nan,nan,False,False
911,4.555,0.004992586999833293,0.0012305810005273088,4.749000254378188e-06,0.00043976199958706275,0.0008981500004665577,4.297099985706154e-05,0.0037096369997016154,0.004472136836384399,0.0020000000000000018,0.8944273672768798,12.000000225176658,0.10191858260163557,False,nan,nan,False,False
912,4.5600000000000005,0.004998497000087809,0.0014267990000007558,4.6889999794075266e-06,0.0014233720003176131,0.001081371999134717,4.390199956105789e-05,0.0035372740003367653,0.004346263573651819,0.0020000000000000018,0.8692527147303639,12.000001545030491,0.11449183627933229,False,nan,nan,False,False
913,4.565,0.005021551000027102,0.0012215140004627756,4.487999831326306e-06,0.00039909600036480697,0.0008864979999998468,4.219799939164659e-05,0.0037019729998064577,0.0042166345824776,0.0020000000000000018,0.84332691649552,20.78460972140465,0.11807401479722894,False,nan,nan,False,False
914,4.57,0.004981085000508756,0.0013559649996750522,4.899000487057492e-06,0.0015242909994412912,0.0010010020005211118,4.256000011082506e-05,0.003590094000173849,0.004472136816083466,0.0020000000000000018,0.894427363216693,16.970563143361115,0.11604201614175305,False,nan,nan,False,False
915,4.575,0.005002724999940256,0.0012291889997868566,4.7789999371161684e-06,0.0004438699997990625,0.0008776419999776408,4.2579000364639796e-05,0.0037166100000831648,0.004472136499887262,0.0020000000000000018,0.8944272999774522,0.02270310327954594,0.10749167467475708,False,nan,nan,False,False
916,4.58,0.005008555999665987,0.0013821249995089602,4.950000402459409e-06,0.0015407209994009463,0.001037711000208219,4.34220000897767e-05,0.0035473040006763767,0.004082892837297777,0.0020000000000000018,0.8165785674595555,20.784699020697662,0.11573148704878664,False,nan,nan,False,False
917,4.585,0.004985442999895895,0.0012580729999172036,5.619999683403876e-06,0.0004364460000942927,0.0008985700005723629,4.283999987819698e-05,0.0036865439997200156,0.004472136841249144,0.0020000000000000018,0.8944273682498287,20.784641957803146,0.12083069063100942,False,nan,nan,False,False
918,4.59,0.005003586999919207,0.0013125349996698787,4.739000360132195e-06,0.00152601300032984,0.0009176359999401029,4.231899947626516e-05,0.003635649000898411,0.004472136729506388,0.0020000000000000018,0.8944273459012775,0.00733888613874481,0.11577373788387461,False,nan,nan,False,False
919,4.595,0.005006723000406055,0.0012278260001039598,4.548999640974216e-06,0.00031459799993172055,0.0008950229994297842,4.257000000507105e-05,0.003710209000018949,0.004216634671375952,0.0020000000000000018,0.8433269342751902,16.970564412958353,0.10198992760936881,False,nan,nan,False,False
920,4.6000000000000005,0.004994559999431658,0.001448239000637841,4.3790005292976275e-06,0.0013964919999125414,0.0010828860004039598,5.150599918124499e-05,0.003493111999887333,0.004472136785502332,0.0020000000000000018,0.8944273571004664,16.97056316875711,0.12210765391475749,False,nan,nan,False,False
921,4.605,0.00499892900006671,0.0012375040005281335,4.577999789034948e-06,0.00040382499992119847,0.0009045219994732179,4.188799994153669e-05,0.0037040869992779335,0.004472136748607557,0.0020000000000000018,0.8944273497215113,0.0024490780228987596,0.11335568041389937,False,nan,nan,False,False
922,4.61,0.004997074000129942,0.0013450559999910183,4.940000508213416e-06,0.001519020999694476,0.0009948000006261282,4.3110000660817605e-05,0.00359971099987888,0.004346264041789808,0.0020000000000000018,0.8692528083579615,12.000029976334604,0.1130968785151153,False,nan,nan,False,False
923,4.615,0.0050022650002574665,0.0012304109995966428,4.769000042870175e-06,0.0004346230007286067,0.0008947240003180923,4.1247000808652956e-05,0.0037113799999133334,0.00434626296547618,0.0020000000000000018,0.8692525930952361,16.970752489639604,0.10842751363139294,False,nan,nan,False,False
924,4.62,0.005000119999749586,0.001373287999740569,4.859000000578817e-06,0.0009832589994402952,0.0010259089995088289,4.1528000110702123e-05,0.003567101000044204,0.00447213653703768,0.0020000000000000018,0.8944273074075358,12.000060558105668,0.11338059581440683,False,nan,nan,False,False
925,4.625,0.004998798000087845,0.0012293689997022739,4.718999662145507e-06,0.00044637500013777753,0.0008820689999993192,4.2289000703021884e-05,0.0037164200002735015,0.004346262931692438,0.0020000000000000018,0.8692525863384876,12.000076131307855,0.11141232196883179,False,nan,nan,False,False
926,4.63,0.0050020239996229066,0.0013352670002859668,4.718999662145507e-06,0.0015295000002879533,0.0009950109997589607,4.1587999476178084e-05,0.0036109929997110157,0.0041048764558481434,0.0020000000000000018,0.8209752911696286,16.97076294543723,0.11935691911858579,False,nan,nan,False,False
927,4.635,0.005005050000363553,0.001238756999555335,4.6290006139315665e-06,0.00044255800003156764,0.0008814980001261574,4.235899996274384e-05,0.0036970830005884636,0.004346262762782801,0.0020000000000000018,0.8692525525565602,16.97108545932165,0.11309385507410136,False,nan,nan,False,False
928,4.64,0.005022182000175235,0.0013558949995058356,4.819000423594844e-06,0.0015678319996368373,0.0010070430007544928,4.1278000026068185e-05,0.0035579740006141947,0.004155431992678075,0.0020000000000000018,0.8310863985356152,14.025159018703821,0.10892650124542932,False,nan,nan,False,False
929,4.6450000000000005,0.004973991000042588,0.001250598999831709,4.708000233222265e-06,0.0003468489994702395,0.0008870980000210693,4.2499999835854396e-05,0.0036899099995935103,0.004216644473435386,0.0020000000000000018,0.8433288946870771,18.46841343830671,0.1132555028786189,False,nan,nan,False,False
930,4.65,0.004998628000066674,0.0014050479994693887,4.708999767899513e-06,0.0014337909997266252,0.0010447739996379823,4.395200085127726e-05,0.0035469430004013702,0.0043236379043911375,0.0020000000000000018,0.8647275808782275,19.716725349401262,0.12094216244065306,False,nan,nan,False,False
931,4.655,0.005009257999518013,0.0012582520002979436,5.059000613982789e-06,0.0003638600001067971,0.000918406999517174,4.4813999920734204e-05,0.0036730700003317907,0.004327076278992174,0.0020000000000000018,0.8654152557984348,16.975242912423486,0.10797108628223412,False,nan,nan,False,False
932,4.66,0.004992015000425454,0.0013544329995056614,5.109999619890004e-06,0.0014599300002373639,0.001009047000479768,4.3661999370669946e-05,0.0036107220003032126,0.004088261225076057,0.0020000000000000018,0.8176522450152114,16.998235643211398,0.10876787874384104,False,nan,nan,False,False
933,4.665,0.005027993000112474,0.001262239999960002,5.118999979458749e-06,0.00039191299947560765,0.0009227649998138077,4.293999973015161e-05,0.003648392999821226,0.004327078842190515,0.0020000000000000018,0.8654157684381029,16.984256141742232,0.11939982460213892,False,nan,nan,False,False
934,4.67,0.00497255799928098,0.0014019120008015307,4.767999598698225e-06,0.0014232619996619178,0.0010368690000177594,4.553599956125254e-05,0.0035568719995353604,0.004221778406335333,0.0020000000000000018,0.8443556812670665,12.006882632042533,0.1045338053410634,False,nan,nan,False,False
935,4.675,0.005020890000196232,0.0012843710001106956,5.140000212122686e-06,0.0002981469997394015,0.0009321630004706094,4.391200036479859e-05,0.0036432639999475214,0.0039991490898362006,0.0020000000000000018,0.7998298179672402,16.972715848849568,0.0988742140287814,False,nan,nan,False,False
936,4.68,0.004989951000425208,0.0013787379994028015,5.410000085248612e-06,0.0014399929996216088,0.0010291950002283556,4.5185000089986715e-05,0.0035578240003815154,0.004069766631595756,0.0020000000000000018,0.8139533263191512,16.97060581453155,0.12083360540077327,False,nan,nan,False,False
937,4.6850000000000005,0.004998306999368651,0.0012696350004262058,6.521999239339493e-06,0.0004266380001354264,0.0009003740005937289,4.534499930741731e-05,0.003660594999928435,0.004025270308300439,0.0020000000000000018,0.8050540616600877,12.001631330562986,0.10959372037742329,False,nan,nan,False,False
938,4.69,0.004988649000551959,0.0014188529994498822,5.178999344934709e-06,0.001247563000106311,0.0010542009995333501,4.411300051287981e-05,0.0035355320005692192,0.0038617015165220364,0.0020000000000000018,0.7723403033044073,16.97991040344508,0.10219614628011496,False,nan,nan,False,False
939,4.695,0.005013195000174164,0.00124128099923837,4.980000085197389e-06,0.0004351939996922738,0.0009013560002131271,4.522499966697069e-05,0.003691474000333983,0.0040252697644502415,0.0020000000000000018,0.8050539528900482,16.978130980846803,0.10210027223427728,False,nan,nan,False,False
940,4.7,0.0049898809993464965,0.0013939469999968424,4.940000508213416e-06,0.0014825320004092646,0.001038260999848717,4.2610000491549727e-05,0.0035441780000837753,0.0038616984668995084,0.0020000000000000018,0.7723396933799017,16.97693815103873,0.10388025142075935,False,nan,nan,False,False
941,4.705,0.00499572300032014,0.0012467209999158513,4.9689997467794456e-06,0.00033113900008174824,0.0009063549996426445,4.41230004071258e-05,0.003693958000440034,0.0038617687222578328,0.0020000000000000018,0.7723537444515666,20.846243365905185,0.10310209609239265,False,nan,nan,False,False
942,4.71,0.004998778000299353,0.0014190229994710535,4.628999704436865e-06,0.001438169999346428,0.0010535600004004664,5.2938999942853115e-05,0.0035413530004007043,0.003861686446788992,0.0020000000000000018,0.7723372893577984,20.80753894884082,0.10528153031368015,False,nan,nan,False,False
943,4.715,0.005017933999624802,0.0012464100000215694,5.118999979458749e-06,0.00034786099968187045,0.000907767999706266,4.222899951855652e-05,0.003678318999845942,0.004002801633252746,0.0020000000000000018,0.8005603266505489,16.974599001652766,0.09663024873666559,False,nan,nan,False,False
944,4.72,0.004993346999981441,0.0013938769998276257,5.1200004236306995e-06,0.001457155000025523,0.001030687999445945,4.406199968798319e-05,0.003545981000570464,0.003884870424865086,0.0020000000000000018,0.7769740849730171,16.97368924371078,0.10155452274219898,False,nan,nan,False,False
945,4.7250000000000005,0.005000281000320683,0.001262039999346598,5.010000677430071e-06,0.00034532600056991214,0.0009071169997696416,4.10960001318017e-05,0.003670674000204599,0.004002800457171326,0.0020000000000000018,0.800560091434265,16.97280742271913,0.10731180428045295,False,nan,nan,False,False
946,4.73,0.005002394999792159,0.0013820240001223283,5.590000000665896e-06,0.0014497009997285204,0.0010257479998472263,4.400299985718448e-05,0.0035519829998520436,0.0038848686476032155,0.0020000000000000018,0.776973729520643,16.971159485097722,0.10016949961553395,False,nan,nan,False,False
947,4.735,0.004992545999812137,0.0013188459997763857,6.0919992392882705e-06,0.0003315899994049687,0.0009219149997079512,4.8521000280743465e-05,0.0036171450001347694,0.003930907591809376,0.0020000000000000018,0.786181518361875,20.785832271928456,0.09643508857045552,False,nan,nan,False,False
948,4.74,0.004999388999749499,0.0013683390006917762,5.289999535307288e-06,0.001429984000424156,0.0009028180002133013,4.2770000618475024e-05,0.003569705999325379,0.00402519629601056,0.0020000000000000018,0.8050392592021118,16.97141751152893,0.1043640173936193,False,nan,nan,False,False
949,4.745,0.004995191000489285,0.0011922499998036074,5.038999915996101e-06,0.0003071139999519801,0.000857293000080972,4.2409000343468506e-05,0.0037491809998755343,0.004069647285558537,0.0020000000000000018,0.8139294571117073,12.00091655577593,0.1005587659841004,False,nan,nan,False,False
950,4.75,0.004998327999601315,0.0013971520002087345,4.769000042870175e-06,0.001373970000713598,0.0008888619995559566,4.3712000660889316e-05,0.0035755070002778666,0.004135589547265951,0.0020000000000000018,0.8271179094531901,12.10951973175934,0.10205378868096204,False,nan,nan,False,False
951,4.755,0.005029966000620334,0.001168785999652755,4.647999958251603e-06,0.0002522510003473144,0.0008485259995723027,3.964400002587354e-05,0.003743479999684496,0.004088014006452021,0.0020000000000000018,0.8176028012904043,16.989879811478364,0.10627973686687817,False,nan,nan,False,False
952,4.76,0.004967408999618783,0.0012615890000233776,4.568999429466203e-06,0.0013212110006861622,0.0008854349998728139,3.976499920099741e-05,0.003681826000502042,0.0043268406439798185,0.0020000000000000018,0.8653681287959637,17.005627216513023,0.10454162303300034,False,nan,nan,False,False
953,4.765,0.005000371000278392,0.0011669019995679264,4.739000360132195e-06,0.00020048499936820008,0.0008476950006297557,3.9694999941275455e-05,0.003777063000597991,0.004450277871421796,0.0020000000000000018,0.890055574284359,12.349046430744943,0.10472589066464999,False,nan,nan,False,False
954,4.7700000000000005,0.005002054000215139,0.0012918259999423753,4.829000317840837e-06,0.0013185959996917518,0.0008487370005241246,4.069600072398316e-05,0.003654694000033487,0.004327066338822092,0.0020000000000000018,0.8654132677644184,12.016184368286439,0.11449661398240321,False,nan,nan,False,False
955,4.775,0.00500216399996134,0.0011751579995689099,4.668000656238291e-06,0.00018840199936676072,0.0008417239996560966,4.022499979328131e-05,0.0037645800002792384,0.004449897438061875,0.0020000000000000018,0.889979487612375,12.046653351412845,0.11738663129596623,False,nan,nan,False,False
956,4.78,0.004996564000066428,0.0012991999992664205,4.929000169795472e-06,0.0012502790004873532,0.0009746429996084771,4.0245000491268e-05,0.003647531000751769,0.0043268450019166545,0.0020000000000000018,0.8653690003833309,12.069530360200096,0.1140352997265685,False,nan,nan,False,False
957,4.785,0.005003947999284719,0.0012421130004440784,5.599999894911889e-06,0.00010138000016013393,0.0008524139993824065,4.075599917996442e-05,0.0037018920002083178,0.004193122460018378,0.0020000000000000018,0.8386244920036754,20.86467936585264,0.11659228423744779,False,nan,nan,False,False
958,4.79,0.005004939000173181,0.0013182860002416419,4.749000254378188e-06,0.001214361000165809,0.0009754650000104448,4.055600038554985e-05,0.0036207009998179274,0.004326889542457515,0.0020000000000000018,0.865377908491503,20.78766332195642,0.11572649855989167,False,nan,nan,False,False
959,4.795,0.005012554000131786,0.0012124869999752264,5.560999852605164e-06,0.00010699999984353781,0.0008483769997837953,4.1076999877986964e-05,0.0037121420000403305,0.004221575964083602,0.0020000000000000018,0.8443151928167204,12.013198902985994,0.1085718641261616,False,nan,nan,False,False
960,4.8,0.004982587999620591,0.0012410210001689848,4.599000021698885e-06,0.0012106340000173077,0.0008633649995317683,4.311099928600015e-05,0.0037371779999375576,0.004326854977462169,0.0020000000000000018,0.8653709954924337,12.043703546437726,0.1075185017450392,False,nan,nan,False,False
961,4.805,0.005063589000201318,0.0012696740004685125,5.219999366090633e-06,0.0001351430000795517,0.0009089599998333142,4.2098999983863905e-05,0.0036083079994568834,0.004089750813276649,0.0020000000000000018,0.8179501626553296,17.019508579144166,0.11474528163957345,False,nan,nan,False,False
962,4.8100000000000005,0.004938906000461429,0.0014259459994718782,4.638999598682858e-06,0.0011921590003112215,0.0010517970004002564,5.2198000048520043e-05,0.003529471000547346,0.00413552698497853,0.0020000000000000018,0.8271053969957058,16.87331026715735,0.1134755797317725,False,nan,nan,False,False
963,4.815,0.0050172020000900375,0.001254155999959039,1.3265000234241597e-05,0.0001118890004363493,0.0009021679998113541,3.962400023738155e-05,0.0036653239994848263,0.004221574639728041,0.0020000000000000018,0.844314927945608,12.0237312674543,0.10775937815343106,False,nan,nan,False,False
964,4.82,0.004975795000063954,0.001417340999978478,4.738999450637493e-06,0.001194804000078875,0.0010757219997685752,4.6938000195950735e-05,0.003558954999789421,0.004326873531776476,0.0020000000000000018,0.8653747063552952,12.057540653873497,0.10982385395065447,False,nan,nan,False,False
965,4.825,0.005054582999946433,0.0011800160000348114,5.2699997468153015e-06,0.00012927199986734195,0.0008596669995313277,4.054600049130386e-05,0.003707743999257218,0.004450868179551701,0.0020000000000000018,0.89017363591034,12.857106950971282,0.11094216544728604,False,nan,nan,False,False
966,4.83,0.004945347999637306,0.001393014999848674,4.63800006400561e-06,0.0010498530000404571,0.001058239000485628,4.417299987835577e-05,0.00355436700010614,0.004327469014285025,0.0020000000000000018,0.865493802857005,12.02735319069981,0.10843408761825817,False,nan,nan,False,False
967,4.835,0.005034605000219017,0.0015205429999696207,6.641999789280817e-06,0.002137526999831607,0.001124643000366632,5.878999945707619e-05,0.0033921240001291153,0.004223550919699216,0.0020000000000000018,0.844710183939843,11.832999426472522,0.1067916198152445,False,nan,nan,False,False
968,4.84,0.004971425999428902,0.0013791600003969506,4.407999767863657e-06,0.0011894139997821185,0.001036949000081222,4.177799928584136e-05,0.0035958739999841782,0.004314697688270178,0.0020000000000000018,0.8629395376540355,10.612295627715374,0.11931148080022953,False,nan,nan,False,False
969,4.845,0.005034284999965166,0.0012548160002552322,4.859000000578817e-06,0.00011265099965385161,0.0008932699993238202,4.1217000216420274e-05,0.003648603000328876,0.004436046837954826,0.0020000000000000018,0.8872093675909651,12.157679262744097,0.11669984932608297,False,nan,nan,False,False
970,4.8500000000000005,0.00496084700080246,0.0014346629995998228,6.4719997681095265e-06,0.0011952349996136036,0.0010814329998538597,4.096600059710909e-05,0.003540920999512309,0.004475921392061893,0.0020000000000000018,0.8951842784123786,9.48597875717615,0.11526604651626389,False,nan,nan,False,False
971,4.855,0.005032941999161267,0.0012645040005736519,4.999000339012127e-06,0.00010086800011777086,0.0009098109994738479,4.114700004720362e-05,0.003645097000116948,0.004473738100255381,0.0020000000000000018,0.894747620051076,2.573020619649195,0.10969351222168693,False,nan,nan,False,False
972,4.86,0.004966817999957129,0.0015604080008415622,4.3179998101550154e-06,0.0010721949993239832,0.00108943699979136,4.4161999539937824e-05,0.0034246039995196043,0.00447222211797711,0.0020000000000000018,0.894444423595422,3.678312197007139,0.11568825625099972,False,nan,nan,False,False
973,4.865,0.005049473000326543,0.0012555479997899965,4.899000487057492e-06,0.00010898399978032103,0.0009159330002148636,4.097700002603233e-05,0.00364387399986299,0.004472757105371519,0.0020000000000000018,0.8945514210743036,4.092015971841628,0.11892352891667231,False,nan,nan,False,False
974,4.87,0.004957369999829098,0.0013778170005025459,5.050000254414044e-06,0.0012002749999737716,0.0010272210001858184,4.166799953964073e-05,0.003571448999537097,0.00447781559218536,0.0020000000000000018,0.8955631184370719,11.999999999999998,0.11656661023093007,False,nan,nan,False,False
975,4.875,0.00501115099996241,0.0012562390002130996,5.009999767935369e-06,9.850399965216639e-05,0.0009193989999403129,4.116700074519031e-05,0.0036689119997390662,0.004414617032488091,0.0020000000000000018,0.882923406497618,7.213079526678807,0.11288457351799368,False,nan,nan,False,False
976,4.88,0.004981276000762591,0.0014956359991629142,4.487999831326306e-06,0.0010688590000427212,0.00113652500021999,5.739799962611869e-05,0.0034874120001404663,0.00447452571809555,0.0020000000000000018,0.8949051436191098,11.44990814104763,0.11504919392612309,False,nan,nan,False,False
977,4.885,0.005041066999183386,0.001241171000401664,4.958999852533452e-06,0.00010314299925084924,0.0008931200000006356,4.1166999835695606e-05,0.0036744210001415922,0.004474779119580506,0.0020000000000000018,0.8949558239161012,12.0,0.11471119584076223,False,nan,nan,False,False
978,4.89,0.004973170000084792,0.0014253449999159784,4.6889999794075266e-06,0.001084346999959962,0.0010840079994522966,3.9554000068164896e-05,0.003554878000613826,0.0044159072007595775,0.0020000000000000018,0.8831814401519155,13.290791265216727,0.11514110469253162,False,nan,nan,False,False
979,4.8950000000000005,0.005042378999860375,0.0012729500003842986,5.550000423681922e-06,0.00011009600075340131,0.0009125970000241068,4.222900042805122e-05,0.0036168240003462415,0.0044851959365602885,0.0020000000000000018,0.8970391873120576,7.254440256007151,0.11316757198423587,False,nan,nan,False,False
980,4.9,0.004950909000399406,0.0014228199997887714,6.291999852692243e-06,0.0011908779997611418,0.000962749999416701,4.206899939163122e-05,0.0035289289999127504,0.004473083281721768,0.0020000000000000018,0.8946166563443536,9.998903956870329,0.11513712146597498,False,nan,nan,False,False
981,4.905,0.005009407000216015,0.0012739229996441281,4.92899926030077e-06,9.31350004975684e-05,0.000915803000680171,4.238900055497652e-05,0.0036548540001604124,0.004475414184197122,0.0020000000000000018,0.8950828368394241,10.532832129178237,0.11911704619997582,False,nan,nan,False,False
982,4.91,0.005008666999856359,0.0015647959999114391,5.1500001063686796e-06,0.0012094720004824921,0.0009798920000321232,4.695799998444272e-05,0.0033882759998959955,0.004473988420258826,0.0020000000000000018,0.8947976840517652,11.999999999999998,0.12099018880904847,False,nan,nan,False,False
983,4.915,0.00501309500032221,0.0012157429991930258,5.038999915996101e-06,0.00010262199975841213,0.0008836130000418052,4.303999958210625e-05,0.003691122000418545,0.0044777250638464005,0.0020000000000000018,0.8955450127692799,3.796865878479631,0.1145516874463557,False,nan,nan,False,False
984,4.92,0.004965464999258984,0.001456875000258151,5.369999598769937e-06,0.0011907960006283247,0.0010868629997276003,5.5624000196985435e-05,0.003487220999886631,0.004472787553050533,0.0020000000000000018,0.8945575106101065,12.0,0.11980631493301763,False,nan,nan,False,False
985,4.925,0.005156733000148961,0.0012125080002078903,5.410000085248612e-06,6.963099986023735e-05,0.0008854659999997239,4.146799983573146e-05,0.003574874999685562,0.0044777250638464005,0.0020000000000000018,0.8955450127692799,12.0,0.11615683238399946,False,nan,nan,False,False
986,4.93,0.004843568000069354,0.0014706900001328904,4.86899989482481e-06,0.0009709959995234385,0.0009078080001927447,5.7667999499244615e-05,0.0034695690001171897,0.0044722806368495795,0.0020000000000000018,0.8944561273699158,12.31722667730022,0.11787161839879817,False,nan,nan,False,False
987,4.9350000000000005,0.005014187000597303,0.001371203999951831,4.578999323712196e-06,0.0023097200000847806,0.0010451140005898196,4.219899983581854e-05,0.0035554989999582176,0.004483840741386782,0.0020000000000000018,0.8967681482773563,8.464041107385428,0.11420300274064203,False,nan,nan,False,False
988,4.94,0.004983178999282245,0.0013346659998205723,4.718999662145507e-06,0.0011942430000999593,0.0010059809992526425,4.15679996876861e-05,0.003644014000201423,0.004472199131328532,0.0020000000000000018,0.8944398262657063,12.0,0.11532337555043162,False,nan,nan,False,False
989,4.945,0.005034965000049851,0.0012014570002065739,4.738999450637493e-06,0.00010449599994899472,0.000853535999340238,4.182799966656603e-05,0.0037098279999554507,0.004483840741386782,0.0020000000000000018,0.8967681482773563,12.0,0.11534212248647645,False,nan,nan,False,False
990,4.95,0.00496927299991512,0.0013212510002631461,4.759000148624182e-06,0.0011946439999519498,0.000972398999692814,4.084600004716776e-05,0.003627824000432156,0.004476584692033109,0.0020000000000000018,0.8953169384066217,4.9698202591590555,0.1166947193573903,False,nan,nan,False,False
991,4.955,0.0050143470007242286,0.0012099329996999586,4.769000042870175e-06,0.00010371400003350573,0.0008617720004622242,4.259900015313178e-05,0.0037126729994270136,0.004472157387076748,0.0020000000000000018,0.8944314774153495,8.534843541882992,0.11426469881567235,False,nan,nan,False,False
992,4.96,0.004983719999472669,0.0013628990000142949,5.720999979530461e-06,0.001061576000211062,0.0009962529993572389,4.222900042805122e-05,0.0036140479996902286,0.004472162878149376,0.0020000000000000018,0.8944325756298752,1.174536024507811,0.11405525119184158,False,nan,nan,False,False
993,4.965,0.005055374000221491,0.0012558879998323391,7.815000572009012e-06,0.00013458200010063592,0.0008955740004239487,4.46639996880549e-05,0.003638273999968078,0.0044721402828123025,0.0020000000000000018,0.8944280565624603,0.8695872003043441,0.11716027550571709,False,nan,nan,False,False
994,4.97,0.004972097999598191,0.0014111190002950025,6.102000043028966e-06,0.0012228369996591937,0.0010184149996348424,4.4532999709190335e-05,0.0035813369995594257,0.004472139409148572,0.0020000000000000018,0.8944278818297142,0.02653414059207524,0.11985563896109783,False,nan,nan,False,False
995,4.9750000000000005,0.005091892000564258,0.0025200330001098337,7.503999768232461e-06,0.00017265299993596273,0.002109585000653169,4.961300055583706e-05,0.002314467999894987,0.004472140617130413,0.0020000000000000018,0.8944281234260826,0.03596767318437329,0.11451988990150476,False,nan,nan,False,False
996,4.98,0.00490738699954818,0.0014087440004004748,5.570999746851157e-06,0.0015591860001222813,0.001018493999254133,4.672700015362352e-05,0.003521726000144554,0.00447213631612678,0.0020000000000000018,0.8944272632253558,0.18641122664125181,0.11737828434017164,False,nan,nan,False,False
997,4.985,0.004993248000573658,0.0012443469995560008,5.4299998737405986e-06,0.0003994469998360728,0.0008937110005717841,4.683699989982415e-05,0.0036784080002689734,0.0044587658668375375,0.0020000000000000018,0.8917531733675075,1.2088701483670319,0.11817866816699621,False,nan,nan,False,False
998,4.99,0.0049847410000438686,0.001279292999242898,5.259999852569308e-06,0.0014566240006388398,0.000912065999727929,4.7759000153746456e-05,0.003659293000055186,0.004472136063444083,0.0020000000000000018,0.8944272126888165,1.2124065574408778,0.11796722632068891,False,nan,nan,False,False
999,4.995,0.004997305999495438,0.0012028789997202693,4.959000762028154e-06,0.0002604670007713139,0.0008695859996805666,4.3230999835941475e-05,0.003736487000423949,0.0044721654835383606,0.0020000000000000018,0.894433096707672,0.6106665470909838,0.11360446331929092,False,nan,nan,False,False
1000,5.0,0.0049961430004259455,0.001341829000011785,5.029000021750107e-06,0.0013194670000302722,0.0009058539999386994,4.400199941301253e-05,0.003601824999350356,0.004472162862588527,0.0020000000000000018,0.8944325725177051,1.2706021819307605,0.1163569348613908,False,nan,nan,False,False
1001,5.005,0.005002574999707576,0.0012169450001238147,5.038999915996101e-06,0.00013067399959254544,0.000874776000273414,4.4333000005281065e-05,0.0037231329997666762,0.004472473828432226,0.0020000000000000018,0.894494765686445,2.819503015799433,0.11578311866653852,False,nan,nan,False,False
1002,5.01,0.005000229999495787,0.0013982450000185054,5.449999662232585e-06,0.0011970080004175543,0.0010449139999764157,4.742900000564987e-05,0.003544218000570254,0.004401540427618873,0.0020000000000000018,0.8803080855237747,6.716019706091763,0.11933055679567385,False,nan,nan,False,False
1003,5.015,0.005002756000067166,0.001189715000691649,4.970000190951396e-06,0.0005594360000031884,0.0008481249997203122,4.207900019537192e-05,0.0037468159998752526,0.004472140350307963,0.0020000000000000018,0.8944280700615924,6.595003796255527,0.1158092796257377,False,nan,nan,False,False
1004,5.0200000000000005,0.005000932000257308,0.0013410379997367272,4.888999683316797e-06,0.0010719349993451033,0.0009860840000328608,4.168800023762742e-05,0.0035957240006609936,0.0044721816860443025,0.0020000000000000018,0.8944363372088604,1.0597824097808086,0.1153699572900346,False,nan,nan,False,False
1005,5.025,0.004996282999854884,0.0012069069998688065,6.092000148782972e-06,0.00045028200020169606,0.0008601290001024609,4.269900000508642e-05,0.003736317000402778,0.004346272725042474,0.0020000000000000018,0.8692545450084949,12.057996546142107,0.11496647363116945,False,nan,nan,False,False
1006,5.03,0.00500390800061723,0.001292646999900171,5.32000012753997e-06,0.0014838350007266854,0.000913237000531808,4.2890000258921646e-05,0.0036424709996936144,0.004346287189664994,0.0020000000000000018,0.8692574379329988,16.99741827456659,0.11684178286387004,False,nan,nan,False,False
1007,5.035,0.004992324999875564,0.0011972590000368655,5.1890001486754045e-06,0.00032431700037705014,0.0008691860002727481,4.202899981464725e-05,0.0037473579996003537,0.00421663583307225,0.0020000000000000018,0.84332716661445,20.788739437332072,0.11240275418059051,False,nan,nan,False,False
1008,5.04,0.005004599000130838,0.0012564899998324108,5.259999852569308e-06,0.0013832659997206065,0.0008907049996196292,4.0907000766310375e-05,0.0036822060001213686,0.0043462675775285805,0.0020000000000000018,0.8692535155057161,20.784805699902833,0.11429437531998951,False,nan,nan,False,False
1009,5.045,0.004997174999516574,0.0012080890001016087,4.970000190951396e-06,0.00020609500006685266,0.0008712790004210547,4.089699996256968e-05,0.003733272000317811,0.004346262785979769,0.0020000000000000018,0.8692525571959538,16.97226937229773,0.11644310569781277,False,nan,nan,False,False
1010,5.05,0.004999990000214893,0.001316291999501118,5.169000360183418e-06,0.0012393370006975601,0.0009872759992504143,4.0656999772181734e-05,0.0036573900006260374,0.004346272753902884,0.0020000000000000018,0.8692545507805768,16.974268587529924,0.1165113136506684,False,nan,nan,False,False
1011,5.055,0.005030207000345399,0.0011850559994854848,4.849000106332824e-06,0.00011059699954785174,0.0008426659996985109,4.041600004711654e-05,0.0037260380004227045,0.004346277035984839,0.0020000000000000018,0.8692554071969678,16.99028142862795,0.11340080354689741,False,nan,nan,False,False
1012,5.0600000000000005,0.004969162999259424,0.0013388440002017887,4.799000635102857e-06,0.0011327379997965181,0.0009928670006047469,4.083600015292177e-05,0.0036031680001542554,0.004472154754787681,0.0020000000000000018,0.8944309509575362,12.03867802102778,0.11294784056101596,False,nan,nan,False,False
1013,5.065,0.005005661000723194,0.0012106839994885377,4.999000339012127e-06,0.0004940130002069054,0.0008697659995959839,4.191799962427467e-05,0.003725426000528387,0.004346263308502834,0.0020000000000000018,0.8692526617005668,12.015283728641059,0.11382828649947772,False,nan,nan,False,False
1014,5.07,0.005007563999242848,0.001370653000776656,6.5019994508475065e-06,0.001447286999791686,0.001013426000099571,5.0986000132979825e-05,0.003560558999197383,0.004472149225742546,0.0020000000000000018,0.8944298451485091,12.011389115264322,0.11952710772643566,False,nan,nan,False,False
1015,5.075,0.004991333999896597,0.001216836000821786,5.26000076206401e-06,0.00036389999968378106,0.0008891729994502384,4.514400006883079e-05,0.0037210679993222584,0.004472135962343113,0.0020000000000000018,0.8944271924686223,0.4255417394289935,0.11498332818774357,False,nan,nan,False,False
1016,5.08,0.004995542000870046,0.001410777999808488,5.2400000640773214e-06,0.001433561000339978,0.0009090399998967769,4.4072000491723884e-05,0.0035427749999144,0.0043462691584507575,0.0020000000000000018,0.8692538316901515,12.003455598957247,0.11141233287317069,False,nan,nan,False,False
1017,5.085,0.0050124739991588285,0.0012300900007176097,5.450000571727287e-06,0.000260988000263751,0.0008932299997468363,4.9653000132821035e-05,0.0036956509993615327,0.0043462761789213366,0.0020000000000000018,0.8692552357842672,16.98626587276134,0.11506447671544,False,nan,nan,False,False
1018,5.09,0.004987777000678761,0.0013928150001447648,5.330000021785963e-06,0.0013205889999881038,0.0009104729997488903,4.51340001745848e-05,0.0036482719997366075,0.004346267964007673,0.0020000000000000018,0.8692535928015346,16.98503204539512,0.1178751171415937,False,nan,nan,False,False
1019,5.095,0.005120785999679356,0.0011942130004172213,4.798999725608155e-06,0.00012528400020528352,0.000870247999955609,4.1988999328168575e-05,0.003623656999479863,0.004216637941114416,0.0020000000000000018,0.8433275882228831,20.784632145549296,0.11018332103935544,False,nan,nan,False,False
1020,5.1000000000000005,0.004874645999734639,0.0014687870007037418,4.678000550484285e-06,0.0010441619997436646,0.0009508279999863589,5.432199941424187e-05,0.003477892999399046,0.004472139844211771,0.0020000000000000018,0.8944279688423541,16.970562932176342,0.11067762787431525,False,nan,nan,False,False
1021,5.105,0.005003517000659485,0.0011988419992121635,6.612000106542837e-06,0.00037882799915678333,0.0008527650006726617,3.976400057581486e-05,0.0037429490002978127,0.0043462666111643115,0.0020000000000000018,0.8692533222328623,12.000000865245154,0.11602145179891094,False,nan,nan,False,False
1022,5.11,0.005006391999813786,0.0013907909997215029,5.189999683352653e-06,0.0008608499992988072,0.0010456250001880107,4.218899994157255e-05,0.0035478440004226286,0.004472140244082167,0.0020000000000000018,0.8944280488164333,12.000011190738057,0.11776027509568997,False,nan,nan,False,False
1023,5.115,0.004996724000193353,0.0012846019999415148,6.1620003179996274e-06,0.0004222690004098695,0.000930549999793584,4.143800015299348e-05,0.0036558769998009666,0.004369156817469353,0.0020000000000000018,0.8738313634938706,9.692163036390978,0.11597755501523765,False,nan,nan,False,False
1024,5.12,0.0049969550000241725,0.0013196370000514435,4.798999725608155e-06,0.00148759199964843,0.0009713070003272151,5.2568000683095306e-05,0.003623075999712455,0.00447214078139406,0.0020000000000000018,0.8944281562788119,9.692256389955048,0.1138540988962296,False,nan,nan,False,False
1025,5.125,0.004999848999432288,0.001186199000585475,4.798999725608155e-06,0.0003277430005255155,0.0008622430004834314,4.3201000153203495e-05,0.0037552519997916534,0.004346263665961422,0.0020000000000000018,0.8692527331922844,12.000946370364845,0.11533719907908961,False,nan,nan,False,False
1026,5.13,0.004998358000193548,0.0013583600002675666,5.389999387261923e-06,0.0013809629999741446,0.0010128839994649752,4.623600034392439e-05,0.003589623000152642,0.0043462687455131195,0.0020000000000000018,0.8692537491026239,16.9714791683325,0.11809564133166231,False,nan,nan,False,False
1027,5.135,0.00500632199964457,0.0011875200007125386,4.9390000640414655e-06,0.0002031800004260731,0.0008629539997855318,4.242900013196049e-05,0.0037529989995164215,0.004346263334372296,0.0020000000000000018,0.8692526668744591,16.97476433492604,0.11737851106212925,False,nan,nan,False,False
1028,5.14,0.005001924000680447,0.0013795699996990152,5.0589997044880874e-06,0.0012600259997270769,0.0009336460007034475,4.2890000258921646e-05,0.003589101000216033,0.004346272210198271,0.0020000000000000018,0.8692544420396543,16.976572555548294,0.1144353319569883,False,nan,nan,False,False
1029,5.1450000000000005,0.005048019999776443,0.001195826000184752,5.2400000640773214e-06,0.00012842100022680825,0.0008646070000395412,4.921200070384657e-05,0.003694257999995898,0.004216636454932116,0.0020000000000000018,0.843327290986423,20.785310538371988,0.11770441578101415,False,nan,nan,False,False
1030,5.15,0.004949975999807066,0.0013264210001580068,4.7789999371161684e-06,0.0011341210001774016,0.0009846610000749934,5.282900019665249e-05,0.0036133069997958955,0.004346267548223467,0.0020000000000000018,0.8692535096446934,20.78471508452157,0.11478239812626635,False,nan,nan,False,False
1031,5.155,0.005005320999771357,0.0012009050005872268,5.169000360183418e-06,0.0004947850002281484,0.0008534560001862701,4.301100034354022e-05,0.00373286099966208,0.004216635390070271,0.0020000000000000018,0.8433270780140542,20.784891633157976,0.10967457471018247,False,nan,nan,False,False
1032,5.16,0.004992987000150606,0.0013095089998387266,6.301999746938236e-06,0.001547855000353593,0.0009561179995216662,4.13269999626209e-05,0.0036308090002421523,0.004346266957192871,0.0020000000000000018,0.8692533914385742,20.784812436977614,0.11253868730922363,False,nan,nan,False,False
1033,5.165,0.004996663999918383,0.0011816189999080962,4.709000677394215e-06,0.00037632400017173495,0.0008612210003775544,4.2269000005035195e-05,0.0037623160005750833,0.004216635369592546,0.0020000000000000018,0.8433270739185091,20.784816545546086,0.11684861031224554,False,nan,nan,False,False
1034,5.17,0.004999900000257185,0.0012998000001971377,4.579000233206898e-06,0.001416588999745727,0.0009670879999248427,4.734899994218722e-05,0.0036554459993567434,0.004472140459282561,0.0020000000000000018,0.8944280918565123,16.97088807247394,0.11824265704154813,False,nan,nan,False,False
1035,5.175,0.005015910000111035,0.0011851660001411801,4.948999958287459e-06,0.0002601269998194766,0.0008595070003138972,4.318100036471151e-05,0.003744732999621192,0.004216634301003006,0.0020000000000000018,0.843326860200601,16.97137456116084,0.1179123881626809,False,nan,nan,False,False
1036,5.18,0.004999519000193686,0.0013336839992916794,5.450000571727287e-06,0.0013386939999691094,0.0009843799998634495,4.376099968794733e-05,0.0035965860006399453,0.00447214172449339,0.0020000000000000018,0.894428344898678,16.971734736235515,0.11385200997300306,False,nan,nan,False,False
1037,5.1850000000000005,0.00498854899979051,0.0011849459997392842,4.930000613967422e-06,0.00011323200033075409,0.0008585650002714829,4.1788000089582056e-05,0.0037576570002784138,0.004216633855127223,0.0020000000000000018,0.8433267710254445,16.973745430542053,0.11694630143737667,False,nan,nan,False,False
1038,5.19,0.004998937999516784,0.0014027730003363104,4.2279998524463736e-06,0.001186249000056705,0.001074779999726161,4.069599981448846e-05,0.0035388080004850053,0.004472142804039927,0.0020000000000000018,0.8944285608079853,16.97426318518576,0.11648220834057949,False,nan,nan,False,False
1039,5.195,0.004998968000109016,0.001166151000688842,4.988999535271432e-06,0.0005435060002128012,0.0008339000005435082,4.043599983560853e-05,0.0037744689998362446,0.004216637375765524,0.0020000000000000018,0.8433274751531047,16.970807975002415,0.11539318931572085,False,nan,nan,False,False
1040,5.2,0.005003637999834609,0.0012765070005116286,4.558000000542961e-06,0.0010626779994709068,0.0009383249998791143,4.0745999285718426e-05,0.0036637909997807583,0.004472139934317946,0.0020000000000000018,0.8944279868635892,16.970571058522694,0.11050243320922183,False,nan,nan,False,False
1041,5.205,0.004996603000108735,0.001194013000713312,5.730000339099206e-06,0.00044964100015931763,0.0008410130003539962,5.315999987942632e-05,0.003752326999347133,0.004216637849716804,0.0020000000000000018,0.8433275699433608,16.97056298290758,0.11590406032006924,False,nan,nan,False,False
1042,5.21,0.005011482000554679,0.0013061729996479698,5.399999281507917e-06,0.0015036519998830045,0.000959183999839297,4.282000008970499e-05,0.0036237260001144023,0.004472139802360187,0.0020000000000000018,0.8944279604720372,16.970562788757153,0.11641244834783505,False,nan,nan,False,False
1043,5.215,0.00498539299951517,0.001241461000063282,4.918999366054777e-06,0.00031953800043993397,0.0009081790003619972,4.163799985690275e-05,0.003707503999976325,0.0042166376991577955,0.0020000000000000018,0.843327539831559,16.970563046089254,0.11744329892122878,False,nan,nan,False,False
1044,5.22,0.005006873000638734,0.001256990999536356,4.668999281420838e-06,0.0013717149995500222,0.0009293880002587684,4.0906000322138425e-05,0.0036918739997418015,0.004472140132682736,0.0020000000000000018,0.8944280265365471,16.970567761353752,0.11472746357888748,False,nan,nan,False,False
1045,5.2250000000000005,0.005007123999348551,0.001177842000288365,4.83900021208683e-06,0.0002103630004057777,0.0008568220000597648,4.058599915879313e-05,0.003751064999960363,0.004216637167085714,0.0020000000000000018,0.8433274334171427,16.97058771460092,0.11605068207886896,False,nan,nan,False,False
1046,5.23,0.004983859999811102,0.001311122000515752,4.6590002966695465e-06,0.0012364320000415319,0.0009761260007508099,4.214899945509387e-05,0.003661576999547833,0.004328048507108913,0.0020000000000000018,0.8656097014217825,11.793602930132652,0.11614169449011105,False,nan,nan,False,False
1047,5.235,0.005032180000853259,0.0011676739995891694,4.798999725608155e-06,0.00010325299990654457,0.0008362930002476787,3.964400002587354e-05,0.0037483899996004766,0.004088929703128886,0.0020000000000000018,0.817785940625777,16.970567890489583,0.1143550473301297,False,nan,nan,False,False
1048,5.24,0.004978089999895019,0.0013652829993588966,5.038999915996101e-06,0.001128661000620923,0.0010363679994043196,4.228899979352718e-05,0.003572520000489021,0.004057889301277601,0.0020000000000000018,0.8115778602555203,5.174798497058509,0.11151253514803816,False,nan,nan,False,False
1049,5.245,0.005003135999686492,0.0011721920000127284,4.83900021208683e-06,0.00047843500033195596,0.0008404019999943557,4.091600021638442e-05,0.003761414000109653,0.003854322633536133,0.0020000000000000018,0.7708645267072267,16.970564843688607,0.11124127336306674,False,nan,nan,False,False
1050,5.25,0.004990532000192616,0.0013064329996268498,5.531000169867184e-06,0.0015178380008364911,0.000958382000135316,4.129700027988292e-05,0.003635177999967709,0.003776635919659285,0.0020000000000000018,0.7553271839318568,10.114953148035932,0.1127813226132486,False,nan,nan,False,False
1051,5.255,0.005006471999877249,0.0011938830002691248,4.718999662145507e-06,0.000363891000233707,0.0008444689992757048,6.219700026122155e-05,0.003746044999388687,0.0036287125142383703,0.0020000000000000018,0.725742502847674,16.97059698038225,0.10539632763336831,False,nan,nan,False,False
1052,5.26,0.0049994900000456255,0.0013388540000960347,4.558000000542961e-06,0.0014182919994709664,0.0009931079994203174,4.2919999941659626e-05,0.0036017249994984013,0.003581324777179953,0.0020000000000000018,0.7162649554359906,10.847829438271711,0.10563438483305468,False,nan,nan,False,False
1053,5.265,0.0050032859999191714,0.0012338169999566162,5.079999937152024e-06,0.00021630500032188138,0.0008868280001479434,4.330100000515813e-05,0.0037060610002299654,0.0035017616699376188,0.0020000000000000018,0.7003523339875237,16.97060411174622,0.10129712011936605,False,nan,nan,False,False
1054,5.2700000000000005,0.005008817000089039,0.001379078999889316,5.169999894860666e-06,0.0013063730002613738,0.0009633320005377755,4.678799996327143e-05,0.0035719999996217666,0.0034972383148701848,0.0020000000000000018,0.6994476629740369,12.076480212024856,0.10404434976355104,False,nan,nan,False,False
1055,5.275,0.00501130100019509,0.0012836409996452858,5.32000012753997e-06,0.00010528700022405246,0.0009266930001103901,4.061600066052051e-05,0.003630619000432489,0.0034967793492806766,0.0020000000000000018,0.6993558698561353,16.97062483844393,0.09708176969225236,False,nan,nan,False,False
1056,5.28,0.004973770999640692,0.0014889750000293134,4.7789999371161684e-06,0.0011206160006622667,0.000988779000181239,5.492200034495909e-05,0.0034595289998833323,0.0034702004145727348,0.0020000000000000018,0.6940400829145469,12.017490439671676,0.09425279745479259,False,nan,nan,False,False
1057,5.285,0.005011082000237366,0.0012560479999592644,5.0589997044880874e-06,0.0005061570000179927,0.0008984299993244349,4.08670002798317e-05,0.00367357999948581,0.0034969675922544023,0.0020000000000000018,0.6993935184508804,16.97063092342999,0.0912892885530461,False,nan,nan,False,False
1058,5.29,0.004996724000193353,0.001404715999342443,5.130000317876693e-06,0.001038743000208342,0.0010375210003985558,4.242900013196049e-05,0.003550088999872969,0.0034680527813810537,0.0020000000000000018,0.6936105562762107,12.551263579612822,0.09212719372371418,False,nan,nan,False,False
1059,5.295,0.005024144999879354,0.001268090999474225,5.1500001063686796e-06,0.00033422500018787105,0.0009109430002354202,4.185800025879871e-05,0.0036386250003488385,0.0035126491401882357,0.0020000000000000018,0.7025298280376471,16.970618767368514,0.09086755761115929,False,nan,nan,False,False
1060,5.3,0.004968641999766987,0.001503239999692596,4.587999683280941e-06,0.0013610460000563762,0.0011245320001762593,4.302000070310896e-05,0.003451215000495722,0.003468052994572019,0.0020000000000000018,0.6936105989144038,16.97063195464923,0.09273663151551188,False,nan,nan,False,False
1061,5.305,0.005021689999921364,0.0012590050000653719,4.559000444714911e-06,0.00015174399959505536,0.0009044019998327713,4.595599966705777e-05,0.0036575989997800207,0.0035126486834183477,0.0020000000000000018,0.7025297366836695,16.97067577279668,0.08850659554799252,False,nan,nan,False,False
1062,5.3100000000000005,0.0049752040004023,0.001483063999330625,4.749000254378188e-06,0.0012539150002339738,0.0009400380004080944,5.360000068321824e-05,0.0035091620002276613,0.0035568192272966556,0.0020000000000000018,0.7113638454593311,12.345964193986768,0.09535968035946342,False,nan,nan,False,False
1063,5.315,0.005079259000012826,0.001262289999431232,4.397999873617664e-06,0.00013782699988951208,0.0009130169992204173,4.091699975106167e-05,0.003598971000428719,0.0036686163525632663,0.0020000000000000018,0.7337232705126532,16.970723723291105,0.09306956236545282,False,nan,nan,False,False
1064,5.32,0.004928175999339146,0.0015112560004126863,4.988999535271432e-06,0.0011140340002384619,0.0011414440004955395,4.222900042805122e-05,0.003472983999927237,0.003729848479443227,0.0020000000000000018,0.7459696958886453,16.970734668857524,0.0956942040793817,False,nan,nan,False,False
1065,5.325,0.005042580000008456,0.0012284170006751083,4.9390000640414655e-06,0.0001042240000970196,0.0008936910007832921,4.245899981469847e-05,0.00366285899963259,0.003883239485253271,0.0020000000000000018,0.7766478970506542,16.97080594283214,0.08706773833322477,False,nan,nan,False,False
1066,5.33,0.004948784000589512,0.001403424999807612,5.019000127504114e-06,0.0011117789999843808,0.0010403460000816267,4.384200019558193e-05,0.0035433759994702996,0.003986549013702456,0.0020000000000000018,0.797309802740491,16.970763041198612,0.09254928144381513,False,nan,nan,False,False
1067,5.335,0.005015418999391841,0.0012839210003221524,4.939999598718714e-06,0.00048131000039575156,0.000922655000067607,4.290000015316764e-05,0.0036461990002862876,0.004044110779852567,0.0020000000000000018,0.8088221559705134,12.161424427593488,0.09437323321981038,False,nan,nan,False,False
1068,5.34,0.004998367000553117,0.0014836249993095407,6.321999535430223e-06,0.0014753289997315733,0.0010934950005321298,5.7096999626082834e-05,0.003450242000326398,0.004010916768016264,0.0020000000000000018,0.8021833536032528,12.000288950531539,0.09978038655489697,False,nan,nan,False,False
1069,5.345,0.004998076999982004,0.0012681309999607038,5.4000001910026185e-06,0.00032424599976366153,0.0009150719997705892,4.4844000512966886e-05,0.0036652039998443797,0.004044110756151572,0.0020000000000000018,0.8088221512303143,12.000295891405901,0.09377761776886626,False,nan,nan,False,False
1070,5.3500000000000005,0.004995612000129768,0.0016746809997130185,5.189999683352653e-06,0.00304416300059529,0.001176599999780592,4.682800044975011e-05,0.003265778000240971,0.004012821965092628,0.0020000000000000018,0.8025643930185256,11.008207511595895,0.09952113387695702,False,nan,nan,False,False
1071,5.355,0.005003005999242305,0.001288639999984298,4.759000148624182e-06,0.00022463999994215555,0.0009304499999416294,5.881000015506288e-05,0.003647551000540261,0.004047838588120816,0.0020000000000000018,0.8095677176241631,12.000425924454376,0.10210672365908857,False,nan,nan,False,False
1072,5.36,0.005001252000511158,0.0013910819998272927,4.9090003813034855e-06,0.0013240059997770004,0.0010270200000377372,4.655700013245223e-05,0.003544557999703102,0.0040128216016477375,0.0020000000000000018,0.8025643203295474,12.00034932688261,0.10198886322827354,False,nan,nan,False,False
1073,5.365,0.004997154999728082,0.0012037920005241176,4.668999281420838e-06,0.00014292800005932804,0.0008589259996369947,4.38919996668119e-05,0.0037306859994714614,0.004047838631896927,0.0020000000000000018,0.8095677263793853,12.000334975639387,0.09743188515286386,False,nan,nan,False,False
1074,5.37,0.004992557000150555,0.0013331019999895943,4.577999789034948e-06,0.0012532330001704395,0.0008890230001270538,4.207900019537192e-05,0.0036726090002048295,0.004012821434347883,0.0020000000000000018,0.8025642868695765,12.000302038606934,0.1021505909225545,False,nan,nan,False,False
1075,5.375,0.005068247999588493,0.001318465000622382,4.748999344883487e-06,0.00011127800007670885,0.0009591439993528184,4.372200055513531e-05,0.0035596669995356933,0.004047838845300268,0.0020000000000000018,0.8095677690600536,12.000241937999272,0.10615973490618362,False,nan,nan,False,False
1076,5.38,0.00494103900018672,0.0014606120003008982,5.138999767950736e-06,0.0011118089996671188,0.001080560999980662,7.05619995642337e-05,0.00348062899956858,0.004012821604255932,0.0020000000000000018,0.8025643208511863,12.000271975993217,0.10516237751617565,False,nan,nan,False,False
1077,5.385,0.005012053000427841,0.0013166819999241852,5.038999915996101e-06,0.00046985800054244464,0.000942482999562344,4.2520000533841085e-05,0.0036070360001758672,0.004047838915501434,0.0020000000000000018,0.8095677831002868,12.0002532361554,0.09844164226118772,False,nan,nan,False,False
1078,5.39,0.004982397999810928,0.0013858310003342922,5.961000169918407e-06,0.0015753959996800404,0.001009137999972154,4.0566000279795844e-05,0.003552322999894386,0.004012821307422936,0.0020000000000000018,0.8025642614845871,12.000203453867648,0.10357574907792085,False,nan,nan,False,False
1079,5.3950000000000005,0.0049961320000875276,0.00120803000027081,4.919000275549479e-06,0.0002798430004986585,0.0008691650000400841,4.3902000470552593e-05,0.0037355249996835482,0.004047839269652692,0.0020000000000000018,0.8095678539305383,12.000131982611093,0.10346477984195844,False,nan,nan,False,False
1080,5.4,0.005003287000363343,0.0014304749993243604,4.738999450637493e-06,0.0014317169998321333,0.0010851490005734377,5.075499939266592e-05,0.003534370000124909,0.004012821662318815,0.0020000000000000018,0.802564332463763,12.000181017599047,0.10643412683085564,False,nan,nan,False,False
1081,5.405,0.00504493399967032,0.001220181999997294,4.438000360096339e-06,0.00016009899991331622,0.0008792849994279095,4.788899968843907e-05,0.0036680189996332047,0.004047839268827796,0.0020000000000000018,0.8095678537655593,12.000181184861605,0.09923401075774974,False,nan,nan,False,False
1082,5.41,0.004946000000018103,0.0014273289998527616,4.708999767899513e-06,0.0011764210003093467,0.0008735130004424718,4.5094000597600825e-05,0.003638713999862375,0.004012821463503732,0.0020000000000000018,0.8025642927007461,12.000152993621777,0.10251315772002083,False,nan,nan,False,False
1083,5.415,0.005150932000105968,0.0012083399997209199,4.608999915944878e-06,0.00013145600041752914,0.0008645769994473085,4.086599983565975e-05,0.00359589399977267,0.004047839289855631,0.0020000000000000018,0.8095678579711262,12.000149107939473,0.10773932214483962,False,nan,nan,False,False
1084,5.42,0.004867912999543478,0.0015241000000969507,6.42200029687956e-06,0.001057276999745227,0.0011526159996719798,4.95530002808664e-05,0.0034053589997711242,0.004012821638360483,0.0020000000000000018,0.8025643276720965,12.00017350608096,0.10746804839645986,False,nan,nan,False,False
1085,5.425,0.004985954000403581,0.001209852999636496,5.050000254414044e-06,0.0005420339994088863,0.0008652179994896869,4.538500070339069e-05,0.0037308760001906194,0.004042691298557748,0.0020000000000000018,0.8085382597115496,10.619073849298053,0.10029285165085909,False,nan,nan,False,False
1086,5.43,0.00500495999949635,0.0013306880000527599,4.859000000578817e-06,0.0010616949994073366,0.0009828080001170747,4.1026999497262295e-05,0.0036257709998608334,0.004014044202787325,0.0020000000000000018,0.8028088405574648,2.2458787674158796,0.10619278167276808,False,nan,nan,False,False
1087,5.4350000000000005,0.0050318700004936545,0.0011883319994012709,5.048999810242094e-06,0.0004826029999094317,0.0008585659998061601,4.0486000216333196e-05,0.0037232920003589243,0.003974317184723731,0.0020000000000000018,0.7948634369447461,8.067765655172972,0.10502950101965867,False,nan,nan,False,False
1088,5.44,0.004970604999471107,0.0013422000001810375,5.068999598734081e-06,0.0014940940000087721,0.0009037999998326995,4.210800034343265e-05,0.0035937100001319777,0.0039935013963051606,0.0020000000000000018,0.798700279261032,3.2359401403173695,0.10881170129841711,False,nan,nan,False,False
1089,5.445,0.005000511000616825,0.0011710799999491428,5.009999767935369e-06,0.00033208100012416253,0.0008500599997205427,4.129799981456017e-05,0.0037630769993484137,0.003928113293770383,0.0020000000000000018,0.7856226587540766,9.825123981551538,0.10117264001505245,False,nan,nan,False,False
1090,5.45,0.004992125999706332,0.0012955720003446913,4.628000169759616e-06,0.001378316999762319,0.0008734840002944111,4.0766000893199816e-05,0.003651719000117737,0.003957433283089741,0.0020000000000000018,0.791486656617948,5.733683540719717,0.10568661136051444,False,nan,nan,False,False
1091,5.455,0.005016009999962989,0.0012557480004034005,5.850999514223076e-06,0.00017125999966083327,0.0009096109997699386,4.978299966751365e-05,0.0037188139995123493,0.003889932719809551,0.0020000000000000018,0.7779865439619101,10.963322270729018,0.10718072287736377,False,nan,nan,False,False
1092,5.46,0.0051147350004612235,0.0010153079992960556,9.186999704979826e-06,0.00126551700031996,0.0007342330000028596,3.0948000130592845e-05,0.0038118790007501957,0.0039200042185643744,0.0020000000000000018,0.7840008437128749,7.133254037882856,0.10573087476918622,False,nan,nan,False,False
1093,5.465,0.004891486999440531,0.0007703000001129112,4.327999704401009e-06,9.750299977895338e-05,0.0005413720000433386,3.401400044822367e-05,0.004140312999879825,0.0038447915813941574,0.0020000000000000018,0.7689583162788314,11.771249195347284,0.09788855957323772,False,nan,nan,False,False
1094,5.47,0.004988147999938519,0.0010424390002299333,5.531000169867184e-06,0.0012308720006330987,0.000849428000037733,3.247099994041491e-05,0.0038665009997203015,0.0038825479553790845,0.0020000000000000018,0.776509591075817,7.890359103421761,0.10043269891376855,False,nan,nan,False,False
1095,5.4750000000000005,0.004961106999871845,0.0005422450003607082,4.028000148537103e-06,9.291400056099519e-05,0.00037727599919890054,2.7811999643745366e-05,0.004416138000124192,0.00380410059093717,0.0020000000000000018,0.760820118187434,11.814535284954939,0.10431617855874355,False,nan,nan,False,False
1096,5.48,0.005027813000197057,0.0010916910005107638,6.221000148798339e-06,0.001209050999932515,0.000722932000826404,3.797099998337217e-05,0.0038433669997175457,0.003861172953560201,0.0020000000000000018,0.77223459071204,12.818479740584737,0.10642871849479202,False,nan,nan,False,False
1097,5.485,0.004992465999748674,0.000945478000176081,4.628000169759616e-06,0.0001137529998231912,0.0006770970003344701,3.866199949698057e-05,0.004007945000012114,0.003756037052141843,0.0020000000000000018,0.7512074104283686,11.891551305619274,0.10455060943377222,False,nan,nan,False,False
1098,5.49,0.005033062000620703,0.0006715559993608622,5.350000719772652e-06,0.0012661680002565845,0.0004614119998223032,2.909399972850224e-05,0.00426216000050772,0.003812856275821073,0.0020000000000000018,0.7625712551642145,6.323294589175268,0.0991996811440524,False,nan,nan,False,False
1099,5.495,0.00502892399981647,0.001112721000026795,6.801999916206114e-06,0.00015522000012424542,0.0008366550000573625,3.382300019438844e-05,0.003877692000060051,0.0037268938441523797,0.0020000000000000018,0.7453787688304759,10.354225235874345,0.10132546561043067,False,nan,nan,False,False
1100,5.5,0.00522569199983991,0.0013130859997545485,1.0560000191617291e-05,0.0011164679999637883,0.0009321030001956387,2.6540000362729188e-05,0.0033423000004404457,0.003797351886832588,0.0020000000000000018,0.7594703773665176,7.381195567391519,0.10634733767576417,False,nan,nan,False,False
1101,5.505,0.004729315000076895,0.0009734900004332303,5.779999810329173e-06,0.0005643950007652165,0.0007689880003454164,3.0406999940169044e-05,0.003939636999348295,0.0037120403924589436,0.0020000000000000018,0.7424080784917886,10.945756230561402,0.10561150061203906,False,nan,nan,False,False
1102,5.51,0.004982657000255131,0.0005952139999862993,4.959999387210701e-06,0.001065642999492411,0.0003762829992410843,3.678899975056993e-05,0.004353129999799421,0.0037809363949884204,0.0020000000000000018,0.756187278997684,8.269080739567968,0.09615806858031894,False,nan,nan,False,False
1103,5.515,0.005011721999835572,0.0010546430003159912,5.199000042921398e-06,0.0006087279998610029,0.0007497419992432697,4.4843999603472184e-05,0.0038703679992977413,0.00370468093028559,0.0020000000000000018,0.740936186057118,10.502744492495403,0.09877024456187541,False,nan,nan,False,False
1104,5.5200000000000005,0.00496445400040102,0.0008704479996595182,3.2059997465694323e-06,0.0010963510003421106,0.0006433230000766343,2.8092999855289236e-05,0.004084098000021186,0.003778048808021586,0.0020000000000000018,0.7556097616043171,13.789763528309841,0.0987909401254239,False,nan,nan,False,False
1105,5.525,0.004993127999114222,0.0007992340006239829,3.2670004657120444e-06,0.0005312939993018517,0.0005729719996452332,2.8903999918838963e-05,0.004161161999945762,0.0036952095297974373,0.0020000000000000018,0.7390419059594875,9.405821550335913,0.09944258466846646,False,nan,nan,False,False
1106,5.53,0.004999058000066725,0.0008588959999542567,3.3160004022647627e-06,0.0010836559995368589,0.0006356880003295373,2.9114999961166177e-05,0.004104175000065879,0.003745412247393424,0.0020000000000000018,0.7490824494786847,6.17390811468751,0.10065614069942538,False,nan,nan,False,False
1107,5.535,0.00500245500006713,0.0008325470007548574,3.0960000003688037e-06,0.0005308219997459673,0.0006117940001786337,1.650099966354901e-05,0.004119112999433128,0.0036928177136233567,0.0020000000000000018,0.7385635427246713,7.109069108898961,0.1014697446891845,False,nan,nan,False,False
1108,5.54,0.004991695000171603,0.0008865580002748175,3.3160004022647627e-06,0.0011027119999198476,0.0006138579992693849,3.00860001516412e-05,0.004084838999915519,0.003746045753661138,0.0020000000000000018,0.7492091507322276,5.921457566180657,0.09720027264294308,False,nan,nan,False,False
1109,5.545,0.005013545000110753,0.000921894000384782,3.5470002330839634e-06,0.0021737249999205233,0.0006856919999336242,3.701900004671188e-05,0.004038351999952283,0.0037191461123251223,0.0020000000000000018,0.7438292224650245,4.53386829041885,0.09977507325106842,False,nan,nan,False,False
1110,5.55,0.00500130300042656,0.0008839229994919151,3.3060005080187693e-06,0.0010016030000770115,0.0005767090005974751,2.8592999115062412e-05,0.0040577580002718605,0.0037435079008506502,0.0020000000000000018,0.74870158017013,3.124720715092398,0.10135370020747504,False,nan,nan,False,False
1111,5.555,0.00496666799972445,0.0008317749998241197,1.9139997675665654e-06,0.00041452500045124907,0.0006190980002429569,2.901399966503959e-05,0.004151613999965775,0.0037286635578204076,0.0020000000000000018,0.7457327115640816,3.5415249793636474,0.09915629256676195,False,nan,nan,False,False
1112,5.5600000000000005,0.005020018000323034,0.0008277279994217679,3.076000211876817e-06,0.0008878300004653283,0.0005848739992870833,4.9623000450083055e-05,0.0041391200002180994,0.003744346534409194,0.0020000000000000018,0.7488693068818387,2.6841803126749433,0.09589612290433976,False,nan,nan,False,False
1113,5.565,0.0050091369994333945,0.0007868310003686929,3.0560004233848304e-06,0.0003124249997199513,0.0005614600004264503,2.7972000680165365e-05,0.0041675239999676705,0.0037376378067901874,0.0020000000000000018,0.7475275613580374,2.166383008900012,0.10625782817185829,False,nan,nan,False,False
1114,5.57,0.004991925000467745,0.0007814509999661823,2.9749999157502316e-06,0.001387164000334451,0.0005688330002158182,2.7410999791754875e-05,0.004185677999885229,0.0037517448447692207,0.0020000000000000018,0.7503489689538441,2.525566971265426,0.10119148938145721,False,nan,nan,False,False
1115,5.575,0.005005369999707909,0.0020257389996913844,3.076000211876817e-06,0.0003215810002075159,0.0016434839999419637,4.012499994132668e-05,0.0029425120001178584,0.0037456959284640616,0.0020000000000000018,0.7491391856928123,1.4405595375694897,0.10347610185235713,False,nan,nan,False,False
1116,5.58,0.005006002000300214,0.0007923419998405734,3.104999450442847e-06,0.0013741699995080126,0.0005786120000266237,2.6810000235855114e-05,0.004162633999840182,0.0037631697953459326,0.0020000000000000018,0.7526339590691865,2.71183683183437,0.09752796473415842,False,nan,nan,False,False
1117,5.585,0.004991343999790843,0.0007680359994992614,3.2869993447093293e-06,0.00020935099928465206,0.000552692999917781,2.7330999728292227e-05,0.004192611000689794,0.003760957401206251,0.0020000000000000018,0.7521914802412502,0.7198552554668701,0.0934702081044126,False,nan,nan,False,False
1118,5.59,0.004995651999706752,0.0007767830002194387,3.0660003176308237e-06,0.0013270620002003852,0.0005614600004264503,2.6359000003139954e-05,0.0041880310000124155,0.0037773190412635936,0.0020000000000000018,0.7554638082527187,2.4592130449678318,0.09927086377183886,False,nan,nan,False,False
1119,5.595,0.005005971000173304,0.0007731360001344001,3.285999810032081e-06,0.00021565400038525695,0.0005603580002571107,2.6198999876214657e-05,0.004185597000287089,0.0037777074328589548,0.0020000000000000018,0.7555414865717909,0.25999486459724686,0.09688014722222456,False,nan,nan,False,False
1120,5.6000000000000005,0.004998899000383972,0.0008206739994420786,3.3970000004046597e-06,0.0013282539994179388,0.0005980589994578622,2.751200008788146e-05,0.00414042300053552,0.0037979001281244363,0.0020000000000000018,0.7595800256248872,2.679043335700211,0.09837648450049892,False,nan,nan,False,False
1121,5.605,0.0050023239991787705,0.0007849480007280363,3.195999852323439e-06,0.00021678600023733452,0.0005690340003638994,2.7432000024418812e-05,0.004175197999757074,0.0037969779135899064,0.0020000000000000018,0.7593955827179812,0.16269176979005698,0.097046744962101,False,nan,nan,False,False
1122,5.61,0.005000521000511071,0.0008175089997166651,3.3359992812620476e-06,0.0013560959996539168,0.0006004130000292207,2.7091000447398983e-05,0.0041545989997757715,0.003821904362148855,0.0020000000000000018,0.7643808724297709,3.004999439973244,0.10009468531655788,False,nan,nan,False,False
1123,5.615,0.005012773999624187,0.000776703000155976,3.3659998734947294e-06,0.00022640399947704282,0.0005519619999176939,3.413400008867029e-05,0.004170349000560236,0.003825365792387577,0.0020000000000000018,0.7650731584775153,0.32985746936389665,0.09679460788001383,False,nan,nan,False,False
1124,5.62,0.004989271000340523,0.0008294809995277319,3.195999852323439e-06,0.0013794300002700766,0.0006119549998402363,2.7150999812874943e-05,0.004126316000110819,0.0038476944843510393,0.0020000000000000018,0.7695388968702078,2.646869227542981,0.10066898532983806,False,nan,nan,False,False
1125,5.625,0.004996423000193317,0.0007852689996070694,3.105999894614797e-06,0.0002171159994759364,0.0005647149992000777,2.6730000172392465e-05,0.004173154000454815,0.0038508610588099163,0.0020000000000000018,0.7701722117619831,0.306500921211402,0.09743184870937154,False,nan,nan,False,False
1126,5.63,0.004999719999432273,0.0008713600000191946,3.2260004445561208e-06,0.0014037350001672166,0.0005949329997747554,8.88660006239661e-05,0.004092473000127939,0.0038751078223032945,0.0020000000000000018,0.7750215644606588,2.6517272982462026,0.09822196698396639,False,nan,nan,False,False
1127,5.635,0.005006172000321385,0.0007959779995871941,3.4869999581133015e-06,0.0003076859993598191,0.0005737829997087829,2.8212999495735858e-05,0.004158467000706878,0.003883817751287776,0.0020000000000000018,0.7767635502575552,0.8023029916882312,0.1000387998488111,False,nan,nan,False,False
1128,5.64,0.004994990999875881,0.0008334880003530998,3.315999492770061e-06,0.001419103999978688,0.0006036989998392528,4.092700055480236e-05,0.004127879999941797,0.003909525787680895,0.0020000000000000018,0.781905157536179,2.6241661575281583,0.10238630411527014,False,nan,nan,False,False
1129,5.6450000000000005,0.005005279999750201,0.0007826030005162465,3.2759999157860875e-06,0.00021846799972990993,0.0005644549992211978,2.7611999939836096e-05,0.0041771320002226275,0.00391381956004727,0.0020000000000000018,0.7827639120094539,0.4086340289240567,0.10043330203519528,False,nan,nan,False,False
1130,5.65,0.005001944000468939,0.0008270159996754956,3.2460002330481075e-06,0.0013588310002887738,0.000602336000156356,2.7951999982178677e-05,0.0041246840000894736,0.003945288872659147,0.0020000000000000018,0.7890577745318293,2.991230959770639,0.10178369329700539,False,nan,nan,False,False
1131,5.655,0.004993567999918014,0.0007766819999233121,3.1560002753394656e-06,0.00021108500004629605,0.0005619809999188874,2.7350999516784213e-05,0.004180548000476847,0.00395437644631437,0.0020000000000000018,0.7908752892628739,0.7763422953590253,0.1011758941399111,False,nan,nan,False,False
1132,5.66,0.004996833999939554,0.0008236100002250168,3.1560002753394656e-06,0.0013345850002224324,0.0006058130002202233,2.790199960145401e-05,0.004145341999901575,0.003983971029064425,0.0020000000000000018,0.7967942058128847,2.7338128865870805,0.10172851566275533,False,nan,nan,False,False
1133,5.665,0.005010218999814242,0.0007785260004311567,3.135999577352777e-06,0.00022452999928646022,0.0005642249998345505,2.7410999791754875e-05,0.004179615999419184,0.003990031222137007,0.0020000000000000018,0.7980062444274014,0.5044422399548991,0.09825891812749174,False,nan,nan,False,False
1134,5.67,0.005004759999792441,0.0008450400000583613,3.6260007618693635e-06,0.0013454959998853155,0.0006234760003280826,2.818200027832063e-05,0.004100738000488491,0.004028966926686954,0.0020000000000000018,0.8057933853373906,3.357921463051016,0.10524518005424054,False,nan,nan,False,False
1135,5.675,0.0049910830002772855,0.0007878639999034931,3.285999810032081e-06,0.0002204530001108651,0.0005668699996022042,2.7211000087845605e-05,0.004171450000285404,0.004038895936206248,0.0020000000000000018,0.8077791872412494,0.7793341982495422,0.10202240106550635,False,nan,nan,False,False
1136,5.68,0.005007124000258045,0.0008455010001853225,3.7669997254852206e-06,0.0013430110002445872,0.0006237970001166104,2.8602999918803107e-05,0.004105446999346896,0.004050499467245104,0.0020000000000000018,0.8100998934490207,2.0061648932663947,0.10405160673377385,False,nan,nan,False,False
1137,5.6850000000000005,0.004993077000108315,0.0008112569994409569,3.266000021540094e-06,0.0002227869999842369,0.000588179999795102,2.7150999812874943e-05,0.004150482000113698,0.004052341743246071,0.0020000000000000018,0.8104683486492141,0.46402338859547126,0.1039691787991317,False,nan,nan,False,False
1138,5.69,0.005001482999432483,0.0008261749999292078,3.1260005926014856e-06,0.0013439229996947688,0.0006019260008542915,3.4996000067621935e-05,0.004132277000280737,0.004059697911769917,0.0020000000000000018,0.8119395823539833,1.777581232739102,0.10774427803403516,False,nan,nan,False,False
1139,5.695,0.005001653000363149,0.0007870720000937581,3.3759997677407227e-06,0.00022129400076664751,0.0005678420002368512,2.83030003629392e-05,0.004172592999566405,0.004060962045992047,0.0020000000000000018,0.8121924091984094,0.29447579096038784,0.11276365813308971,False,nan,nan,False,False
1140,5.7,0.005012182999962533,0.0008175089997166651,1.0049000593426172e-05,0.0013079859991194098,0.0005783720007457305,2.7662000320560765e-05,0.0041310050000902265,0.004068585336882029,0.0020000000000000018,0.8137170673764057,1.7157043662860527,0.10920745435908609,False,nan,nan,False,False
1141,5.705,0.004985614000361238,0.000783034000050975,3.2669995562173426e-06,0.00012939199950778857,0.0005667499999617576,2.737199974944815e-05,0.004171840999333654,0.004069481259010486,0.0020000000000000018,0.8138962518020971,0.19541390206199838,0.10731710709655859,False,nan,nan,False,False
1142,5.71,0.004992946999664127,0.0008129899997584289,2.91600008495152e-06,0.0012126869996791356,0.000595332999182574,2.7972000680165365e-05,0.0041598890002205735,0.004076797568519726,0.0020000000000000018,0.8153595137039451,1.5518005799307808,0.10775209630711191,False,nan,nan,False,False
1143,5.715,0.005029173999901104,0.0007756410004731151,3.106000804109499e-06,0.00012275000062800245,0.0005613800003629876,2.7130000489705708e-05,0.004165549999925133,0.004076980718527314,0.0020000000000000018,0.8153961437054628,0.038022411797680344,0.10514777889057451,False,nan,nan,False,False
1144,5.72,0.004982849000043643,0.0007920609996290295,3.3870001061586663e-06,0.001142415999311197,0.0005762479995610192,2.8153000130259898e-05,0.004177692000666866,0.004083351646557265,0.0020000000000000018,0.816670329311453,1.2922243847125947,0.10676641973516335,False,nan,nan,False,False
1145,5.7250000000000005,0.005020126999625063,0.0007758110004942864,2.9359998734435067e-06,0.00011526500020409003,0.0005576330004259944,2.7261000468570273e-05,0.004154408999966108,0.004083549301828912,0.0020000000000000018,0.8167098603657824,0.03947110085771957,0.11183298600557835,False,nan,nan,False,False
1146,5.73,0.004967961000147625,0.000783043999945221,3.3060005080187693e-06,0.001217857000483491,0.0005717590001950157,2.709099953790428e-05,0.004179967000709439,0.004089746233202873,0.0020000000000000018,0.8179492466405747,1.2104534063873436,0.10551676345923791,False,nan,nan,False,False
1147,5.735,0.0050118720000682515,0.0007815919998392928,3.345999175508041e-06,0.0001097250005841488,0.0005686829999831389,2.6951000108965673e-05,0.004175789000328223,0.004090638703331846,0.0020000000000000018,0.8181277406663691,0.17098760847227087,0.10527638710974947,False,nan,nan,False,False
1148,5.74,0.005014538000068569,0.0008602679999967222,4.419000106281601e-06,0.0011984210004811757,0.0006258699995669303,3.168900002492592e-05,0.00407911900038016,0.004095582481696127,0.0020000000000000018,0.8191164963392255,0.9325390019085029,0.11195779256639321,False,nan,nan,False,False
1149,5.745,0.00500780400034273,0.000878893999470165,4.769000042870175e-06,0.0023832469996705186,0.0006569679999302025,2.8624000151467044e-05,0.004049302000566968,0.004102590992084057,0.0020000000000000018,0.8205181984168114,1.2829671948949115,0.10753663425405069,False,nan,nan,False,False
1150,5.75,0.004969222999534395,0.0008604790000390494,3.877000381180551e-06,0.0012002150006082957,0.0006331740005407482,2.8342999939923175e-05,0.0041178110004693735,0.00410476615414536,0.0020000000000000018,0.8209532308290719,0.38966410277259944,0.10734067412515384,False,nan,nan,False,False
1151,5.755,0.005033834000641946,0.0007814209993739496,3.526999535097275e-06,0.0001063190002241754,0.0005640250001306413,2.804199993988732e-05,0.004141224000704824,0.004104846566416884,0.0020000000000000018,0.8209693132833769,0.015363361082360333,0.1090068791753154,False,nan,nan,False,False
1152,5.76,0.004962108999279735,0.00081366100039304,3.2860007195267826e-06,0.0011607310007093474,0.0005871570001545479,2.790200051094871e-05,0.004208741000184091,0.0041091092299740005,0.0020000000000000018,0.8218218459948,0.752031926921128,0.10692684291919913,False,nan,nan,False,False
1153,5.765,0.005083256000034453,0.0012040310002703336,5.1500001063686796e-06,0.00011370299944246653,0.0008693760000824113,4.1817999772320036e-05,0.003708205000293674,0.004110699681002566,0.0020000000000000018,0.8221399362005132,0.27695543937820966,0.10939726475523474,False,nan,nan,False,False
1154,5.7700000000000005,0.004976535999958287,0.0014850470006422256,5.41099961992586e-06,0.0012218350002513034,0.0011178310005561798,4.176799939159537e-05,0.0034537089995865244,0.004115764266648789,0.0020000000000000018,0.8231528533297577,0.8694304861547144,0.11516345068022955,False,nan,nan,False,False
1155,5.775,0.005121548000715848,0.0013385329993980122,5.780999345006421e-06,4.019600055471528e-05,0.0009255409995603259,5.014400085201487e-05,0.0034703999999692314,0.004115978375926174,0.0020000000000000018,0.8231956751852348,0.036943721647255116,0.10813199457044821,False,nan,nan,False,False
1156,5.78,0.00487507599973469,0.0015819589998500305,5.0589997044880874e-06,0.0012096330001440947,0.0011835529994641547,4.6707000365131535e-05,0.0033641010004430427,0.004121062647992059,0.0020000000000000018,0.8242125295984118,0.8539304279827471,0.1140296379742541,False,nan,nan,False,False
1157,5.785,0.005033403000197723,0.0016813539996292093,7.904999620222952e-06,0.00012941200020577526,0.0011118089996671188,4.418299977260176e-05,0.003216135000002396,0.00412143212319522,0.0020000000000000018,0.824286424639044,0.06146469663106643,0.10454191136439289,False,nan,nan,False,False
1158,5.79,0.00495657899955404,0.0014869110000290675,4.769000042870175e-06,0.0012180379999335855,0.0011244120005358127,4.1136999243462924e-05,0.003460761000496859,0.00412698315660401,0.0020000000000000018,0.8253966313208019,0.9116827600772982,0.10789739194279416,False,nan,nan,False,False
1159,5.795,0.005012474000068323,0.0012174160001450218,4.798999725608155e-06,0.00011390300005587051,0.0008812879996185075,4.253000042808708e-05,0.0037106889994902303,0.0041269102381284685,0.0020000000000000018,0.8253820476256937,0.01196339725907855,0.11242834055552173,False,nan,nan,False,False
1160,5.8,0.0049873059997480595,0.0013674880001417478,4.4779999370803125e-06,0.0012289979995330214,0.0008911459999580984,4.238900055497652e-05,0.003580465000595723,0.004132897157380785,0.0020000000000000018,0.8265794314761569,0.9624681677270344,0.11337601388506319,False,nan,nan,False,False
1161,5.805,0.005016892000639928,0.0013460969994412153,5.330000021785963e-06,0.0001242119997186819,0.0009550559998388053,4.507399989961414e-05,0.0035887710000679363,0.004133927482851258,0.0020000000000000018,0.8267854965702516,0.16354333460491766,0.10376040048584195,False,nan,nan,False,False
1162,5.8100000000000005,0.0050002909993054345,0.001536403000500286,5.229999260336626e-06,0.0012286380006116815,0.001126656999986153,4.978299966751365e-05,0.003404105999834428,0.004140026685532677,0.0020000000000000018,0.8280053371065353,0.9561116272679353,0.10809572421337202,False,nan,nan,False,False
1163,5.815,0.005006853000850242,0.001352268999653461,5.100000635138713e-06,0.00013832900003762916,0.000957591000769753,4.386199998407392e-05,0.0035689540000021225,0.00414214853249737,0.0020000000000000018,0.8284297064994739,0.3279602303319675,0.11072558870936808,False,nan,nan,False,False
1164,5.82,0.004986784999346128,0.0014842159998806892,4.7789999371161684e-06,0.0012594650006576558,0.0011125800001536845,4.066600013175048e-05,0.003459299000496685,0.004148544856868065,0.0020000000000000018,0.829708971373613,0.9748088860802032,0.10930884543586794,False,nan,nan,False,False
1165,5.825,0.005009839000194916,0.0013560260003941949,4.708999767899513e-06,0.00013779799974145135,0.0009808849999899394,4.0715999602980446e-05,0.003623595999670215,0.004150179600297071,0.0020000000000000018,0.8300359200594141,0.245938714712184,0.10103931455958243,False,nan,nan,False,False
1166,5.83,0.005087733999971533,0.0016678989995853044,8.285000149044208e-06,0.0013546130003305734,0.0012525030006145244,4.9852999836730305e-05,0.0031976600002963096,0.004157498748926157,0.0020000000000000018,0.8314997497852313,1.0859235248236954,0.10907671043566346,False,nan,nan,False,False
1167,5.835,0.004986265000297863,0.0016126549999171402,8.394999895244837e-06,0.00019591599993873388,0.0010505440004635602,5.1406000238785055e-05,0.003246471999773348,0.004160445938040291,0.0020000000000000018,0.8320891876080582,0.43050784670118897,0.11149716651461275,False,nan,nan,False,False
1168,5.84,0.004933184999572404,0.001662880000367295,6.612000106542837e-06,0.0012200820001453394,0.0011250839997956064,5.2147999667795375e-05,0.003271087000030093,0.004167368255742459,0.0020000000000000018,0.8334736511484917,0.9967649375402617,0.11425799567452902,False,nan,nan,False,False
1169,5.845,0.005004939000173181,0.0014649100003225612,5.640999916067813e-06,0.00013972099986858666,0.0010093979999510339,7.899799948063446e-05,0.0034542099992904696,0.004169855427873739,0.0020000000000000018,0.8339710855747476,0.3534089915023168,0.10332654189504173,False,nan,nan,False,False
1170,5.8500000000000005,0.004987416999938432,0.0015203129996734788,5.640000381390564e-06,0.0012491659999795957,0.0011236009995627683,4.805999924428761e-05,0.0034136340000259224,0.004177593674639853,0.0020000000000000018,0.8355187349279706,1.084219111925804,0.11051186133047902,False,nan,nan,False,False
1171,5.855,0.005002836000130628,0.0013475200003085774,5.390000296756625e-06,0.000130042999444413,0.0009736310003063409,4.1557999793440104e-05,0.00356808199921943,0.004178804834277548,0.0020000000000000018,0.8357609668555095,0.16770049837642298,0.11222792408177956,False,nan,nan,False,False
1172,5.86,0.00497811900004308,0.001429021999683755,4.849000106332824e-06,0.001228027000252041,0.0010564959993644152,5.564399998547742e-05,0.0035251529998276965,0.00418586616422182,0.0020000000000000018,0.837173232844364,0.9672693499751178,0.11173186806861875,False,nan,nan,False,False
1173,5.865,0.005100718999528908,0.0012908030003018212,5.530999260372482e-06,3.328200000396464e-05,0.0009147509999820613,4.221899962431053e-05,0.0035489969995978754,0.004187100607473809,0.0020000000000000018,0.8374201214947619,0.1673080958899303,0.10639486071642495,False,nan,nan,False,False
1174,5.87,0.004902758000753238,0.001427989999683632,4.668999281420838e-06,0.00110840300021664,0.0009449470007893979,4.328100021666614e-05,0.003523749999658321,0.004196413331648628,0.0020000000000000018,0.8392826663297256,1.2459478773905808,0.10889093290520024,False,nan,nan,False,False
1175,5.875,0.005035356000007596,0.0014786259998800233,7.413999810523819e-06,0.002268090999677952,0.0010641200005920837,5.575399973167805e-05,0.0034229200000481796,0.004205254075031469,0.0020000000000000018,0.8410508150062939,1.1576854788090347,0.1148568701196086,False,nan,nan,False,False
1176,5.88,0.004971005999323097,0.001406891000442556,5.4299998737405986e-06,0.001129511999351962,0.001058007999745314,4.2239000322297215e-05,0.0035349609997865628,0.004209158397348764,0.0020000000000000018,0.8418316794697528,0.5038694284485727,0.11350763896283024,False,nan,nan,False,False
1177,5.885,0.00502473699998518,0.00143856000067899,7.04300055076601e-06,0.002274884000144084,0.0010286939996149158,5.4121000175655354e-05,0.003466913000011118,0.0042172571654480965,0.0020000000000000018,0.8434514330896192,1.0315265434294478,0.10610286408293372,False,nan,nan,False,False
1178,5.89,0.004965615999935835,0.0013761330001216265,4.598000487021636e-06,0.0010665649997463333,0.0010318200002075173,4.1558000702934805e-05,0.003568754000298213,0.004220437384548314,0.0020000000000000018,0.8440874769096626,0.4001823510031774,0.10950067622854207,False,nan,nan,False,False
1179,5.8950000000000005,0.005011552000723896,0.0013239049994808738,5.220000275585335e-06,0.00037621299998136237,0.0009525810000923229,4.111700036446564e-05,0.0036644030005845707,0.0042217528020451,0.0020000000000000018,0.84435056040902,0.16479622251304346,0.11407945288594225,False,nan,nan,False,False
1180,5.9,0.005098453999380581,0.001727480000226933,8.144999810610898e-06,0.001578973000505357,0.001285794000068563,6.128500081103994e-05,0.003111379000074521,0.004230549888787031,0.0020000000000000018,0.8461099777574063,1.0903487100855596,0.1154048193245104,False,nan,nan,False,False
1181,5.905,0.004910974000267743,0.001329675999841129,5.951000275672413e-06,0.0003560049999578041,0.0009596139998393483,4.5916000090073794e-05,0.0035897030002161046,0.0042344941521801835,0.0020000000000000018,0.8468988304360365,0.4826877830238071,0.10366028363849965,False,nan,nan,False,False
1182,5.91,0.004980333000276005,0.0013780169992969604,5.099000190966763e-06,0.0014083639998716535,0.0009737210002640495,4.362099934951402e-05,0.0035577329999796348,0.004244050212631693,0.0020000000000000018,0.8488100425263385,1.1541707730774007,0.10876921783230886,False,nan,nan,False,False
1183,5.915,0.004993788999854587,0.0012646249997487757,4.66900019091554e-06,0.00020906099962303415,0.0009185879998767632,4.429300042829709e-05,0.0036799210001845495,0.00424760240865049,0.0020000000000000018,0.8495204817300979,0.4239132792805747,0.11042447438452183,False,nan,nan,False,False
1184,5.92,0.005002805000003718,0.0013768549997621449,4.979000550520141e-06,0.0012971460000699153,0.001025548000143317,4.5183999645814765e-05,0.0035660189996633562,0.0042573154838703355,0.0020000000000000018,0.8514630967740671,1.1447001118798925,0.11160946137039915,False,nan,nan,False,False
1185,5.925,0.005006341999433062,0.0012530130006780382,8.85600002220599e-06,0.0001473259999329457,0.0009119350006585591,4.221899962431053e-05,0.003689991000101145,0.0042627098961542965,0.0020000000000000018,0.8525419792308593,0.6272938445641094,0.10412980892185197,False,nan,nan,False,False
1186,5.93,0.005000361000384146,0.0013770550003755488,4.828999408346135e-06,0.0011759990002246923,0.0009154419994956697,5.055499968875665e-05,0.0035547580000638845,0.004273776865083882,0.0020000000000000018,0.8547553730167764,1.2687898589116697,0.1091447113864563,False,nan,nan,False,False
1187,5.9350000000000005,0.004999810000299476,0.0014585579992854036,1.1501000699354336e-05,0.0022519210006066714,0.0010877240001718746,5.688600049325032e-05,0.003474487000858062,0.004284976837943176,0.0020000000000000018,0.856995367588635,1.260624318808234,0.11495450230370412,False,nan,nan,False,False
1188,5.94,0.0049880879996635485,0.0013093079996906454,4.578999323712196e-06,0.0011067000004914007,0.0009831480001594173,4.1757999497349374e-05,0.0036325430000943015,0.004291052900090121,0.0020000000000000018,0.8582105800180243,0.6747026065859021,0.1145317329389642,False,nan,nan,False,False
1189,5.945,0.005016291000174533,0.0013552339996749652,1.1221000022487715e-05,0.0022250699994401657,0.0010133050000149524,4.1106999560724944e-05,0.003570556999875407,0.004303127536004277,0.0020000000000000018,0.8606255072008553,1.3219735965370265,0.10621099180565695,False,nan,nan,False,False
1190,5.95,0.004980734000127995,0.0012932379995618248,4.047000402351841e-06,0.0010221209995506797,0.0009663279997766949,4.004499987786403e-05,0.0036573600000338047,0.004309009131298229,0.0020000000000000018,0.8618018262596457,0.63538117506905,0.11171258009629034,False,nan,nan,False,False
1191,5.955,0.0050004810000245925,0.0011538779999682447,6.261999260459561e-06,0.0021213870004430646,0.0008292700003948994,4.168800023762742e-05,0.003798963999543048,0.004322438300884297,0.0020000000000000018,0.8644876601768593,1.4308098736691615,0.11660170931013245,False,nan,nan,False,False
1192,5.96,0.005007664999538974,0.0013776260002487106,4.528000317804981e-06,0.0010723859995778184,0.0009121650000452064,4.249900030117715e-05,0.003564024999832327,0.004327910083033193,0.0020000000000000018,0.8655820166066386,0.5754073170844732,0.1156426191584457,False,nan,nan,False,False
1193,5.965,0.005095217999951274,0.0011964570003328845,5.37999949301593e-06,4.444299975148169e-05,0.0008596879997639917,4.1448000047239475e-05,0.0036467399995672167,0.004333127034538975,0.0020000000000000018,0.8666254069077949,0.5446221881367962,0.10830409809611259,False,nan,nan,False,False
1194,5.97,0.004897128000266093,0.0013092979997963994,5.0589997044880874e-06,0.0011242419996051467,0.0009625599996070378,4.1758000406844076e-05,0.0036358190000100876,0.004344777385821698,0.0020000000000000018,0.8689554771643394,1.2027687112609575,0.11003024926970255,False,nan,nan,False,False
1195,5.9750000000000005,0.005001663000257395,0.0013511170000128914,1.732199962134473e-05,0.002214852000179235,0.0009855930002231617,4.1246999899158254e-05,0.0035915359994760365,0.00435929030595112,0.0020000000000000018,0.871858061190224,1.4734655514173771,0.115459491896567,False,nan,nan,False,False
1196,5.98,0.0049969450001299265,0.0013273019994812785,4.237999746692367e-06,0.0010118419995706063,0.000904450999769324,4.114700004720362e-05,0.0036176550001982832,0.004365110480258861,0.0020000000000000018,0.8730220960517721,0.5835398293622565,0.11885034421394901,False,nan,nan,False,False
1197,5.985,0.004999929999939923,0.0013605039994217805,4.288000127417035e-06,0.0021992729998601135,0.001017482999486674,4.143699970882153e-05,0.0035870179999619722,0.004378443272794274,0.0020000000000000018,0.8756886545588548,1.3216680375334882,0.10600746958465346,False,nan,nan,False,False
1198,5.99,0.00500337599987688,0.0013335639996512327,4.399000317789614e-06,0.0010864619998756098,0.0009980459999496816,4.032499964523595e-05,0.0036094500001127017,0.004384319040038466,0.0020000000000000018,0.8768638080076931,0.5759887666489922,0.11274286519302701,False,nan,nan,False,False
1199,5.995,0.005005209999580984,0.0014035149997653207,1.4176999684423208e-05,0.0022592450004594866,0.0009527920001346502,4.209800044918666e-05,0.0035336780001671286,0.004399171880295909,0.0020000000000000018,0.8798343760591817,1.4391274531978524,0.11587422483763851,False,nan,nan,False,False
1200,6.0,0.0049916250000023865,0.0013062830003036652,4.237999746692367e-06,0.0011093650000475463,0.0009755750006661401,4.976299987902166e-05,0.0036398559996086988,0.004406245485383369,0.0020000000000000018,0.8812490970766738,0.6772311407078903,0.11615393759124579,False,nan,nan,False,False
1201,6.005,0.005016230000364885,0.0013245769996501622,1.7533000573166646e-05,0.002230802000667609,0.0009763259995452245,4.0515999899071176e-05,0.0036079780002182815,0.004419945929975983,0.0020000000000000018,0.8839891859951965,1.2973340838599619,0.10986726264604853,False,nan,nan,False,False
1202,6.01,0.004986484999790264,0.0012925979999636183,4.759000148624182e-06,0.0010197880001214799,0.0009616280003683642,4.057600017404184e-05,0.003652430000329332,0.0044282548947587866,0.0020000000000000018,0.885650978951757,0.7779645549808356,0.10919806742621825,False,nan,nan,False,False
1203,6.015000000000001,0.005009649000385252,0.0013447849996737204,7.3130004238919355e-06,0.0022183379996931762,0.0010027950002040598,4.04049997086986e-05,0.0035892320001948974,0.004441703003524342,0.0020000000000000018,0.8883406007048684,1.2455131555854624,0.11546446649249717,False,nan,nan,False,False
1204,6.0200000000000005,0.004987516999790387,0.001292887000090559,4.077000085089821e-06,0.0011039740002161125,0.0009602660002201446,4.089699996256968e-05,0.0036561369997798465,0.004451180725682691,0.0020000000000000018,0.8902361451365381,0.8681108185888347,0.11594273138481793,False,nan,nan,False,False
1205,6.025,0.005087143000309879,0.0011714799993569613,5.158999556442723e-06,3.464499968686141e-05,0.0008422149994657957,4.036599966639187e-05,0.0036893400001645205,0.0044570680811154475,0.0020000000000000018,0.8914136162230893,0.5353348003957489,0.10980860822646808,False,nan,nan,False,False
1206,6.03,0.0049141089994009235,0.0013349769997148542,4.147999788983725e-06,0.0009743519995026872,0.0010176229998251074,3.908300004695775e-05,0.0036046310005986015,0.004472139501177675,0.0020000000000000018,0.8944279002355349,1.3572724419558568,0.11347134699865938,False,nan,nan,False,False
1207,6.035,0.004999288999897544,0.0014258560004236642,1.2613999388122465e-05,0.00207901799967658,0.001074379000783665,3.9663999814365525e-05,0.003533639000124822,0.004472139634896909,0.0020000000000000018,0.8944279269793818,0.0042080314913194375,0.11582951503738212,False,nan,nan,False,False
1208,6.04,0.005022452000048361,0.0013673980001840391,4.389000423543621e-06,0.0008272669992948067,0.0010382709997429629,3.871199987770524e-05,0.0035521420004442916,0.004472139481120262,0.0020000000000000018,0.8944278962240522,0.004846019948639285,0.11975625239303977,False,nan,nan,False,False
1209,6.045,0.004971416999978828,0.0011411840005166596,3.746999936993234e-06,0.0003141070001220214,0.0008139030005622772,3.931399987777695e-05,0.003810635999798251,0.004472139379297487,0.0020000000000000018,0.8944278758594972,0.0032671482493766904,0.11081460769536267,False,nan,nan,False,False
1210,6.05,0.0050047490003635176,0.0013596230000985088,4.208000063954387e-06,0.00085376599963638,0.0010228030005237088,3.942400053347228e-05,0.003582710000046063,0.004472139447412747,0.0020000000000000018,0.8944278894825493,0.00219087504089565,0.11665672415702698,False,nan,nan,False,False
1211,6.055,0.004995452000002842,0.0011335899998812238,4.15800059272442e-06,0.00021775700042780954,0.0008245720000559231,3.80810006390675e-05,0.0038136920002216357,0.004472139460941501,0.0020000000000000018,0.8944278921883002,0.000432591296698967,0.11983426966332911,False,nan,nan,False,False
1212,6.0600000000000005,0.00500019099945348,0.0013485819999914384,4.0380000427830964e-06,0.0013761030004388886,0.0010129239999514539,3.925299915863434e-05,0.0036035680004715687,0.0044721397418769765,0.0020000000000000018,0.8944279483753951,0.008801510586746615,0.12188253594310089,False,nan,nan,False,False
1213,6.065,0.00500627200017334,0.0011552900004971889,4.21799995820038e-06,0.00018820199966285145,0.0008446199999525561,3.8472000596811995e-05,0.003787281999393599,0.004472139593918735,0.0020000000000000018,0.8944279187837468,0.004593111117608822,0.10986314793850582,False,nan,nan,False,False
1214,6.07,0.004995732000679709,0.0014135929995973129,4.5979995775269344e-06,0.0012787610003215377,0.0008715300000403658,6.749699969077483e-05,0.003549758000190195,0.00447213977200223,0.0020000000000000018,0.894427954400446,0.0055172382427189776,0.11464251138370558,False,nan,nan,False,False
1215,6.075,0.005027150999922014,0.0011521849992277566,4.257999535184354e-06,0.00020793899966520257,0.0008393799998884788,3.873200057569193e-05,0.0037648600000466104,0.004472139537764971,0.0020000000000000018,0.8944279075529941,0.00728482464514707,0.12195155453556084,False,nan,nan,False,False
1216,6.08,0.004970804999175016,0.0013682190001418348,4.2279998524463736e-06,0.0012091010003132396,0.0008496789996570442,4.426200030138716e-05,0.003590655000152765,0.004472139514796666,0.0020000000000000018,0.8944279029593332,0.0007269762560381879,0.12132361104010064,False,nan,nan,False,False
1217,6.085,0.0050179140007458045,0.0011674930001390749,4.15800059272442e-06,0.0001346019998891279,0.0008241510004154406,3.953399937017821e-05,0.003761483999369375,0.004472139529401721,0.0020000000000000018,0.894427905880344,0.0004625391972776574,0.11080030902000028,False,nan,nan,False,False
1218,6.09,0.004984961999980442,0.0012233580000611255,4.378999619802926e-06,0.001309458999458002,0.000848397000481782,4.9292999392491765e-05,0.00372338299985131,0.004472139668055555,0.0020000000000000018,0.8944279336111108,0.004344914724192968,0.11500543744821483,False,nan,nan,False,False
1219,6.095,0.0050002509997284506,0.001148688000284892,4.2279998524463736e-06,0.0003259589993831469,0.0008112060004350496,4.423199970915448e-05,0.0037965100000292296,0.004472139459010409,0.0020000000000000018,0.8944278918020816,0.00658298762995415,0.11737906555699898,False,nan,nan,False,False
1220,6.1000000000000005,0.005001653000363149,0.001229559999956109,4.7890007408568636e-06,0.0014296640001703054,0.0008612600004198612,3.984399972978281e-05,0.0037184630000410834,0.004472139593686222,0.0020000000000000018,0.8944279187372443,0.00426280563765348,0.12049750172367008,False,nan,nan,False,False
1221,6.105,0.005005099999834783,0.0011726430002454435,4.749000254378188e-06,0.0003473589995337534,0.0008401109998885659,4.033500044897664e-05,0.0037691479992645327,0.004472139596599617,0.0020000000000000018,0.8944279193199233,9.133619045115227e-05,0.11349359447818654,False,nan,nan,False,False
1222,6.11,0.004999368999961007,0.0014219989998309757,4.21799995820038e-06,0.0013663649997397442,0.0009013859998958651,4.041600004711654e-05,0.003532276000441925,0.004472139528816393,0.0020000000000000018,0.8944279057632786,0.0021345879204753143,0.11842973178728097,False,nan,nan,False,False
1223,6.115,0.005017853999561339,0.0011799960002463195,4.438000360096339e-06,0.0002894019999075681,0.0008412730003328761,4.004499987786403e-05,0.003743471000234422,0.004472139511017056,0.0020000000000000018,0.8944279022034111,0.0005638741847968989,0.11899739220812122,False,nan,nan,False,False
1224,6.12,0.004976846999852569,0.001244667000719346,4.4180005716043524e-06,0.0014342109998324304,0.0008547689994884422,4.1027000406757e-05,0.0037054199992780923,0.004472139552792803,0.0020000000000000018,0.8944279105585603,0.0013212198742961617,0.12272971454585135,False,nan,nan,False,False
1225,6.125,0.005005360000723158,0.001185205999718164,5.17999978910666e-06,0.00035169799957657233,0.0008408019994021743,4.2439999560883734e-05,0.003761685000426951,0.004472139382178856,0.0020000000000000018,0.8944278764357712,0.005445552986684844,0.11148961977229563,False,nan,nan,False,False
1226,6.13,0.005003546999432729,0.0012943600004291511,5.32000012753997e-06,0.0014216890003808658,0.000936630999603949,4.0656000237504486e-05,0.003645838000011281,0.004472139587935262,0.0020000000000000018,0.8944279175870522,0.006551056557792777,0.11815017750899183,False,nan,nan,False,False
1227,6.135,0.0050040169999192585,0.0011708600004567415,4.438000360096339e-06,0.00031607100027031265,0.000831745999676059,5.3049000598548446e-05,0.0037631169998348923,0.004472139387837559,0.0020000000000000018,0.8944278775675117,0.006368300369463328,0.11991227930149283,False,nan,nan,False,False
1228,6.140000000000001,0.004989331000615493,0.0013458459998219041,5.160000000614673e-06,0.0013720560000365367,0.0008751659997869865,4.180799987807404e-05,0.003595463999772619,0.0044721393098569266,0.0020000000000000018,0.8944278619713852,0.00253192295308121,0.1220269255254986,False,nan,nan,False,False
1229,6.1450000000000005,0.004993827999896894,0.000910513000235369,4.098000317753758e-06,0.00040498799990018597,0.0006511780002256273,3.247099994041491e-05,0.004037970999888785,0.00447213944384379,0.0020000000000000018,0.8944278887687579,0.004332666282522331,0.11129741480918963,False,nan,nan,False,False
1230,6.15,0.005011371999898984,0.0012937789997522486,4.679000085161533e-06,0.001525832999504928,0.000952090999817301,5.0814999667636584e-05,0.003647592000561417,0.004472139343486715,0.0020000000000000018,0.8944278686973428,0.0032371835479534303,0.11788109516267395,False,nan,nan,False,False
1231,6.155,0.004998286999580159,0.0011820500003523193,4.458999683265574e-06,0.0004286920002414263,0.0008533760001228075,4.5365000005404e-05,0.003760001999580709,0.004472139458681274,0.0020000000000000018,0.8944278917362548,0.0037118201503746895,0.11880680003918137,False,nan,nan,False,False
1232,6.16,0.0050024050005959,0.0012988290000066627,4.5079996198182926e-06,0.0014986119995228364,0.0009549960004733293,5.0764999286911916e-05,0.003641309000158799,0.004472139413136861,0.0020000000000000018,0.8944278826273719,0.001460137725849825,0.11944445999164689,False,nan,nan,False,False
1233,6.165,0.005027651999625959,0.0011622230003922596,4.468000042834319e-06,0.0004558319997158833,0.0008472639992760378,4.078699930687435e-05,0.0037474079999810783,0.004472139601640399,0.0020000000000000018,0.8944279203280796,0.005982741261528583,0.12230486018234037,False,nan,nan,False,False
1234,6.17,0.004976766000254429,0.001254936999430356,4.3280006138957106e-06,0.0014923009994163294,0.0009195100001306855,4.643699958251091e-05,0.003683839000586886,0.004472139452011894,0.0020000000000000018,0.8944278904023788,0.004735825885125548,0.11476856812865269,False,nan,nan,False,False
1235,6.175,0.004994129999431607,0.001191768000353477,4.478000846575014e-06,0.0003368909992786939,0.0008745860004637507,4.1427999349252786e-05,0.0037570659997072653,0.004472139479407297,0.0020000000000000018,0.8944278958814592,0.0008745482515991679,0.11964302451629533,False,nan,nan,False,False
1236,6.18,0.005029385000852926,0.0013582299998233793,6.121999831520952e-06,0.0013348960001167143,0.000921161999940523,4.488400008995086e-05,0.003555708999556373,0.004472139524737342,0.0020000000000000018,0.8944279049474683,0.0014396471839867378,0.12179283985430366,False,nan,nan,False,False
1237,6.1850000000000005,0.004967478999788,0.001394287000039185,4.468999577511568e-06,0.0001339899999948102,0.0010451649995957268,4.205899949738523e-05,0.003668981999908283,0.004472139590583768,0.0020000000000000018,0.8944279181167534,0.0020750463377780526,0.11436856409370567,False,nan,nan,False,False
1238,6.19,0.005179716999919037,0.001813189999666065,8.88700014911592e-06,0.001369682000586181,0.0013832969998475164,5.066399990028003e-05,0.0030299260006358963,0.004472139416324239,0.0020000000000000018,0.8944278832648477,0.005533659186195486,0.11751698924207309,False,nan,nan,False,False
1239,6.195,0.004960686000231362,0.001661937999415386,8.797000191407278e-06,0.00021849900076631457,0.0010677270001906436,0.00021849899985681986,0.003222946999812848,0.0044721396069425596,0.0020000000000000018,0.8944279213885118,0.0060462598473710535,0.11978860496370833,False,nan,nan,False,False
1240,6.2,0.005007203999412013,0.0017943050006579142,9.176999810733832e-06,0.0013014629994358984,0.001309298000705894,4.9313000090478454e-05,0.0031201649999275105,0.004472139450301007,0.0020000000000000018,0.8944278900602014,0.004956572821602188,0.12413214521081853,False,nan,nan,False,False
1241,6.205,0.0050301370001761825,0.0018170869998357375,9.096999747271184e-06,0.00020160699932603166,0.00126551700031996,5.051500011177268e-05,0.0030263300004662597,0.004472139247553761,0.0020000000000000018,0.894427849510752,0.0065834698990355905,0.11196995200940704,False,nan,nan,False,False
1242,6.21,0.0049611670001468156,0.001743019999594253,9.02700048754923e-06,0.0012015970005450072,0.0013422900001387461,4.867100051342277e-05,0.0030881350003255648,0.004472139450429886,0.0020000000000000018,0.8944278900859771,0.006587593124776463,0.11319995924981162,False,nan,nan,False,False
1243,6.215,0.004912356000204454,0.0014824629997747252,6.571999620064162e-06,0.0005443879999802448,0.001084356999854208,4.494399945542682e-05,0.003423342000132834,0.004472139379762679,0.0020000000000000018,0.8944278759525357,0.002272386576615548,0.11816026643242047,False,nan,nan,False,False
1244,6.22,0.004985464000128559,0.0016762440000093193,6.371999916154891e-06,0.0011056869998355978,0.0011103869992439286,4.788900059793377e-05,0.0032456699991598725,0.004472139498239046,0.0020000000000000018,0.8944278996478092,0.003796741408212956,0.11779327355362325,False,nan,nan,False,False
1245,6.2250000000000005,0.0050037969995173626,0.0013548639999498846,6.852999831608031e-06,0.0005417429993030964,0.0009799130002647871,4.3171000470465515e-05,0.0035580330004449934,0.004472139332539863,0.0020000000000000018,0.8944278665079723,0.005328337480377601,0.11303393018455568,False,nan,nan,False,False
1246,6.23,0.0049822869996205554,0.0017897570005516172,5.521000275621191e-06,0.0010740790003183065,0.0011858679999932065,0.00020554399998218287,0.003138469000077748,0.004472139486719337,0.0020000000000000018,0.8944278973438672,0.004961986407930538,0.11412491753936893,False,nan,nan,False,False
1247,6.235,0.00499326800036215,0.0011822699998447206,5.4000001910026185e-06,0.0005193819997657556,0.0008487869999953546,4.307099970901618e-05,0.003738271000656823,0.004472139478869167,0.0020000000000000018,0.8944278957738334,0.0002499943394006568,0.11768382347303659,False,nan,nan,False,False
1248,6.24,0.004967058000147517,0.0012404199997035903,3.6369992812979035e-06,0.0015297609998015105,0.0009214429992425721,4.364100004750071e-05,0.003730516000359785,0.0044721393660431446,0.0020000000000000018,0.8944278732086288,0.003624272797062532,0.12145691060106158,False,nan,nan,False,False
1249,6.245,0.005060964000222157,0.0013863229996786686,5.37999949301593e-06,0.0004659409996747854,0.000992625999970187,4.134699975111289e-05,0.0035301010002513067,0.004472139593632416,0.0020000000000000018,0.8944279187264829,0.007251728594620185,0.12111357319121147,False,nan,nan,False,False
1250,6.25,0.004984931999388209,0.0014566340005330858,5.4000001910026185e-06,0.0015266950003933744,0.0010990850005327957,4.9712999498296995e-05,0.0034661019999475684,0.004472139416479723,0.0020000000000000018,0.8944278832959445,0.005624276709984,0.11750785621805518,False,nan,nan,False,False
1251,6.255,0.004988469000636542,0.0013133459997334285,5.300000339047983e-06,0.00032677099989086855,0.0009491250002611196,4.527400051301811e-05,0.0036887879996356787,0.0044721395202048,0.0020000000000000018,0.89442790404096,0.003310076955591497,0.12092896503805,False,nan,nan,False,False
1252,6.26,0.005111829999805195,0.0017209179995916202,8.545999662601389e-06,0.0015206440002657473,0.0012883890003649867,5.0644999646465294e-05,0.0031637259999115486,0.004472139466842289,0.0020000000000000018,0.8944278933684576,0.0016968014685762173,0.12327210850897817,False,nan,nan,False,False
1253,6.265000000000001,0.004994029000044975,0.001693295999757538,8.345999958692119e-06,0.00034127799972338835,0.0011595380001381272,4.972300030203769e-05,0.003140773000268382,0.0044721394866014536,0.0020000000000000018,0.8944278973202906,0.0006297877541043898,0.11316050732829938,False,nan,nan,False,False
1254,6.2700000000000005,0.00491170500026783,0.0015680419992349925,6.532000043080188e-06,0.0013473890003297129,0.0011761800005842815,4.578500011120923e-05,0.0033560760002728784,0.004472139412684291,0.0020000000000000018,0.8944278825368581,0.0023651172720035724,0.1184232312670525,False,nan,nan,False,False
1255,6.275,0.004999869999664952,0.0014404630001081387,6.372000825649593e-06,0.00023459899966837838,0.0010538309998082696,5.289900036586914e-05,0.003538727999512048,0.004472139493772826,0.0020000000000000018,0.8944278987545651,0.002593255921377359,0.11864646989697597,False,nan,nan,False,False
1256,6.28,0.005097070999909192,0.0016470999999000924,8.697000339452643e-06,0.001409004999914032,0.0012333860004218877,4.9002000196196605e-05,0.0032080900000437396,0.004472139224833945,0.0020000000000000018,0.8944278449667888,0.008720209720000302,0.11964382659079471,False,nan,nan,False,False
1257,6.285,0.00497349099987332,0.0014965390000725165,9.02700048754923e-06,0.0002165949999834993,0.0010627679994286154,4.8861000323086046e-05,0.0034251950000907527,0.004472139426333018,0.0020000000000000018,0.8944278852666036,0.0065655594831725075,0.11230580802015175,False,nan,nan,False,False
1258,6.29,0.005039374000261887,0.0017803089995140908,8.766000064497348e-06,0.0013399459994616336,0.0013114920002408326,4.905100013274932e-05,0.0031239220006682444,0.004472139393905242,0.0020000000000000018,0.8944278787810483,0.0010434930704412981,0.11504156137421788,False,nan,nan,False,False
1259,6.295,0.0050205090001327335,0.0017175409993797075,8.926999726099893e-06,0.00019750999945244985,0.0012174769999546697,4.966199958289508e-05,0.0031378980002045864,0.0044721395211711566,0.0020000000000000018,0.8944279042342312,0.004067628719441052,0.1162529672729518,False,nan,nan,False,False
1260,6.3,0.004971996999302064,0.001740716000313114,8.636000529804733e-06,0.001230600999406306,0.0013421200001175748,4.944299962517107e-05,0.0031062580001162132,0.004472139316420162,0.0020000000000000018,0.8944278632840323,0.006581123554129029,0.11944074216751185,False,nan,nan,False,False
1261,6.305,0.004965155000718369,0.0015667699999539764,8.866999451129232e-06,0.0006193179997353582,0.0011327180000080261,5.158700059837429e-05,0.0033502959995530546,0.004472139461782957,0.0020000000000000018,0.8944278923565914,0.00469216997227382,0.11445793848244273,False,nan,nan,False,False
1262,6.3100000000000005,0.0050352270000075805,0.001599049999640556,8.986000466393307e-06,0.0012234380001245881,0.0011777019999499316,4.9512999794387724e-05,0.0032288080001308117,0.004472139416219965,0.0020000000000000018,0.8944278832439927,0.0014600849504572619,0.11550608621553282,False,nan,nan,False,False
1263,6.315,0.0049123259996122215,0.0013911710002503241,7.264000487339217e-06,0.0005619500007014722,0.0009956119993148604,4.5695999688177835e-05,0.0035760379996645497,0.004472139273204259,0.0020000000000000018,0.8944278546408516,0.004646534869728013,0.11637006571031715,False,nan,nan,False,False
1264,6.32,0.005083826999907615,0.001761694000379066,9.005999345390592e-06,0.0012244090003150632,0.0012862149997090455,4.944200009049382e-05,0.0031219080001392285,0.0044721393242357155,0.0020000000000000018,0.8944278648471431,0.0016692788455414248,0.11951641537163611,False,nan,nan,False,False
1265,6.325,0.0050126140004067565,0.0018745349998425809,1.1561000064830296e-05,0.002358200000344368,0.001309668999965652,5.065499954071129e-05,0.002998678000039945,0.0044721395260283675,0.0020000000000000018,0.8944279052056733,0.006480089035773226,0.11477949255060017,False,nan,nan,False,False
1266,6.33,0.0049890689997482696,0.001728311999613652,8.787000297161285e-06,0.0012210429995320737,0.0013161420001779334,5.0164000640506856e-05,0.0031558320006297436,0.004472139317805259,0.0020000000000000018,0.8944278635610515,0.006689734883347578,0.11691085851183923,False,nan,nan,False,False
1267,6.335,0.005016862000047695,0.001734423999550927,1.1481000001367647e-05,0.002350435000153084,0.0013052699996478623,4.961299964634236e-05,0.0030656220005766954,0.004472139528645758,0.0020000000000000018,0.8944279057291515,0.006772566314323936,0.11351869024445613,False,nan,nan,False,False
1268,6.34,0.004868523999903118,0.0014156280003589927,5.590000000665896e-06,0.001110987999709323,0.0010488009993423475,4.67569998363615e-05,0.0035274759993626503,0.004472139554813078,0.0020000000000000018,0.8944279109626156,0.0008264439276938623,0.11086073502496913,False,nan,nan,False,False
1269,6.345,0.005007445000046573,0.0012950419995831908,5.038999915996101e-06,0.0005355210005291156,0.0009161230000245268,5.145599971001502e-05,0.003630318000432453,0.0044721395414049105,0.0020000000000000018,0.894427908280982,0.0004230942952194658,0.11101497192819118,False,nan,nan,False,False
1270,6.3500000000000005,0.004993448000277567,0.0015648359994884231,5.380000402510632e-06,0.0016113439996843226,0.0011582859997361084,4.7448999794141855e-05,0.0033700320000207284,0.004472139726748945,0.0020000000000000018,0.8944279453497889,0.005780246583042548,0.1145789925604295,False,nan,nan,False,False
1271,6.355,0.005002324000088265,0.0014114400000835303,5.148999662196729e-06,0.0004567539999698056,0.0009833590002017445,5.359999977372354e-05,0.0035299709998071194,0.00447213960130434,0.0020000000000000018,0.8944279202608677,0.0038961913476206686,0.1151081948837803,False,nan,nan,False,False
1272,6.36,0.005011782000110543,0.0015185599995675148,5.29000044480199e-06,0.001532915999632678,0.0011032430002160254,6.917900009284494e-05,0.003393285999663931,0.004472139558823776,0.0020000000000000018,0.8944279117647551,0.0013345566739989684,0.11610252960491017,False,nan,nan,False,False
1273,6.365,0.004974051999852236,0.0012097219996576314,4.829999852518085e-06,0.00034424400018906454,0.0008734430002732552,4.2890999793598894e-05,0.0037841270004719263,0.004472139470686258,0.0020000000000000018,0.8944278941372514,0.002794227786226053,0.10924451134594496,False,nan,nan,False,False
1274,6.37,0.0051024019994656555,0.0016739800003051641,8.394999895244837e-06,0.0009859339998001815,0.0012522819997684564,6.138400021882262e-05,0.003179545999955735,0.004472139549287232,0.0020000000000000018,0.8944279098574462,0.0024935512280433586,0.11820568012073115,False,nan,nan,False,False
1275,6.375,0.004940638999869407,0.0014210180006557493,7.27299993741326e-06,0.0003245170000809594,0.0010071130000142148,5.8399000408826396e-05,0.0034845459995267447,0.004472139251842466,0.0020000000000000018,0.894427850368493,0.009586940802846881,0.11849973329269625,False,nan,nan,False,False
1276,6.38,0.004981616000804934,0.0016668569996909355,6.553000275744125e-06,0.001385171000038099,0.0012109050003346056,5.462199987960048e-05,0.003262430999711796,0.0044721394557983235,0.0020000000000000018,0.8944278911596646,0.006617952955406854,0.12143857169393682,False,nan,nan,False,False
1277,6.385,0.005008735999581404,0.0012715180000668624,6.311999641184229e-06,0.00024528799986001104,0.0008964359994934057,5.9811000028275885e-05,0.0036325430000943015,0.0044721393690610265,0.0020000000000000018,0.8944278738122051,0.0027902329831916775,0.11194934729577388,False,nan,nan,False,False
1278,6.390000000000001,0.004969923999851744,0.0016067950000433484,5.129999408381991e-06,0.001330426999629708,0.0011406830008127145,4.2980999751307536e-05,0.0033360190000166767,0.0044721395221262485,0.0020000000000000018,0.8944279044252496,0.004900672738849393,0.11795884755590544,False,nan,nan,False,False
1279,6.3950000000000005,0.005015460000322491,0.0014055080000616726,5.7309998737764545e-06,0.00022301699937088415,0.0010259489999953075,5.195700032345485e-05,0.003548855999724765,0.004472139152543415,0.0020000000000000018,0.8944278305086829,0.012024538740477812,0.12086204648747416,False,nan,nan,False,False
1280,6.4,0.005032109999774548,0.0014575049999621115,5.8610003179637715e-06,0.0013689199995496892,0.0011093040002378984,4.157800049142679e-05,0.0034363470003881957,0.004472139156884449,0.0020000000000000018,0.8944278313768896,0.00014515778053517114,0.11953393343185739,False,nan,nan,False,False
1281,6.405,0.004964474000189512,0.0012842609994550003,5.310000233293977e-06,0.0002249509998364374,0.0009395980005137972,4.2409000343468506e-05,0.003721349000443297,0.004472139259542874,0.0020000000000000018,0.8944278519085747,0.003404509240161578,0.11225287140090676,False,nan,nan,False,False
1282,6.41,0.005122249000123702,0.001772595000147703,8.987000001070555e-06,0.0014786149995416054,0.0013464879993989598,4.898200040770462e-05,0.003100306999840541,0.004472139278305627,0.0020000000000000018,0.8944278556611253,0.0006164933826109664,0.11668027545320712,False,nan,nan,False,False
1283,6.415,0.004988908999621344,0.0017616949999137432,8.82600033946801e-06,0.0003372999999555759,0.0012514600002759835,5.055499968875665e-05,0.00312181800018152,0.0044721392965514535,0.0020000000000000018,0.8944278593102907,0.0005978417524140495,0.1185727343060804,False,nan,nan,False,False
1284,6.42,0.00499954000042635,0.0017072919999918668,8.936999620345887e-06,0.001459709999835468,0.001300050999816449,5.9892000535910483e-05,0.0031777229996805545,0.004472139521631433,0.0020000000000000018,0.8944279043262866,0.00724486539703615,0.11345611535636324,False,nan,nan,False,False
1285,6.425,0.005001122000066971,0.0016496449998157914,9.007000699057244e-06,0.0003519080000842223,0.0011491400000522844,4.9092000153905246e-05,0.0032463210000059917,0.00447213939119592,0.0020000000000000018,0.894427878239184,0.004169612501849634,0.1132301380542216,False,nan,nan,False,False
1286,6.43,0.0050116819993490935,0.0016637010003250907,9.207000402966514e-06,0.0014810900001975824,0.0012481739995564567,4.935200013278518e-05,0.0031508419997408055,0.004472139688076519,0.0020000000000000018,0.8944279376153037,0.009381129944452046,0.1151241209318395,False,nan,nan,False,False
1287,6.4350000000000005,0.004895585000667779,0.0013895679994675447,6.561999725818168e-06,0.0002455590001773089,0.0009978460002457723,4.508400070335483e-05,0.0035891719999199267,0.004472139353209135,0.0020000000000000018,0.8944278706418268,0.010610270587694051,0.11378906827424341,False,nan,nan,False,False
1288,6.44,0.005094896999253251,0.0017851990005510743,8.486000297125429e-06,0.0014638270004070364,0.0013627389998873696,4.9422000302001834e-05,0.003035506999367499,0.004472139124135182,0.0020000000000000018,0.8944278248270363,0.0075624862439427,0.1168138961355531,False,nan,nan,False,False
1289,6.445,0.004896748000646767,0.001575475999743503,6.782999662391376e-06,0.00023049099945637863,0.0010432509998281603,4.926200017507654e-05,0.0033441340001445496,0.004472139327746771,0.0020000000000000018,0.8944278655493542,0.006734749561617195,0.1183960713600549,False,nan,nan,False,False
1290,6.45,0.004990942999938852,0.0015692239994677948,6.052000571798999e-06,0.0012814370002161013,0.0011854269996547373,4.6627000301668886e-05,0.0033597830006328877,0.004472139248102158,0.0020000000000000018,0.8944278496204314,0.002609480950453713,0.11922646131414096,False,nan,nan,False,False
1291,6.455,0.0049979859995801235,0.0013873449997845455,5.609999789157882e-06,0.00011932300003536511,0.0009946399995897082,4.333100059739081e-05,0.0036542840007314226,0.0044721391783655775,0.0020000000000000018,0.8944278356731153,0.002310885569203197,0.11095722618884717,False,nan,nan,False,False
1292,6.46,0.005151895000381046,0.0016722370000934461,7.945000106701627e-06,0.0013705629999094526,0.0012560690001919284,4.975299998477567e-05,0.003219661000002816,0.004472139082083789,0.0020000000000000018,0.8944278164167577,0.00323200550221385,0.11866446400279146,False,nan,nan,False,False
1293,6.465,0.005000862000088091,0.001556199999868113,8.306000381708145e-06,0.00020075599968549795,0.0011227690001760493,4.912200074613793e-05,0.0032243189998553135,0.00447213929219945,0.0020000000000000018,0.8944278584398898,0.00699154745249439,0.12011116506716905,False,nan,nan,False,False
1294,6.47,0.004857021999669087,0.0016275039997708518,6.332000339170918e-06,0.0011317369999233051,0.0011992629997621407,5.176699960429687e-05,0.003293920000032813,0.004472139054652867,0.0020000000000000018,0.8944278109305733,0.007921431712867855,0.12048455328104776,False,nan,nan,False,False
1295,6.4750000000000005,0.004984090999641921,0.0011751670008379733,5.470000360219274e-06,0.0005196619995331275,0.0008425549995081383,4.381200051284395e-05,0.003759730999263411,0.004472139473681394,0.0020000000000000018,0.8944278947362787,0.013784940174821,0.11561859853972845,False,nan,nan,False,False
1296,6.48,0.005009638000046834,0.001581567999892286,6.1110004025977105e-06,0.0016124960002343869,0.0012035409999953117,4.4562999391928315e-05,0.0033488820008642506,0.004472138922158163,0.0020000000000000018,0.8944277844316324,0.018335468961981627,0.12336861718192658,False,nan,nan,False,False
1297,6.485,0.005009238000639016,0.0014404939993255539,6.171000677568372e-06,0.0004715109998869593,0.0010504649999347748,5.275900002743583e-05,0.003477322000435379,0.004472139333904906,0.0020000000000000018,0.8944278667809812,0.013833260879354999,0.12638157973805073,False,nan,nan,False,False
1298,6.49,0.004993537999325781,0.00152219600022363,7.24300025467528e-06,0.0015455299999302952,0.0011387189997549285,4.3180999455216806e-05,0.003403044000151567,0.00447213906895948,0.0020000000000000018,0.894427813791896,0.008797239372288108,0.11567977203026032,False,nan,nan,False,False
1299,6.495,0.004996764000679832,0.001300752000133798,6.092000148782972e-06,0.00046937800016166875,0.0009461890003876761,4.924199947708985e-05,0.0037035559998912504,0.004472139300427654,0.0020000000000000018,0.8944278600855307,0.0077051849740232894,0.12129996743825745,False,nan,nan,False,False
1300,6.5,0.005121556999256427,0.001763198000844568,8.94699951459188e-06,0.0016641720003462979,0.001305130999753601,4.904199977318058e-05,0.003078526999161113,0.004472139334855203,0.0020000000000000018,0.8944278669710404,0.0011229746487827902,0.12501881893461478,False,nan,nan,False,False
1301,6.505,0.0049725890003173845,0.0016508580001755035,8.867000360623933e-06,0.0004750280004373053,0.0012066660001437413,4.875100057688542e-05,0.0032465510003021336,0.004472139320960699,0.0020000000000000018,0.8944278641921396,0.0004525262052535936,0.11205270900580837,False,nan,nan,False,False
1302,6.51,0.005014006999772391,0.0017577369999344228,9.037000381795224e-06,0.0010001709997595754,0.0013578790003521135,4.930199975206051e-05,0.003068338000048243,0.004472139416040271,0.0020000000000000018,0.894427883208054,0.0030782258229628684,0.11772484273437034,False,nan,nan,False,False
1303,6.515000000000001,0.004910352000479179,0.0015308029996958794,6.842999937362038e-06,0.00038735399994038744,0.0011031630001525627,5.9111000155098736e-05,0.0033827160004875623,0.004472139154872268,0.0020000000000000018,0.8944278309744534,0.008561587788624876,0.11574113931184296,False,nan,nan,False,False
1304,6.5200000000000005,0.00498945100025594,0.0015505999999732012,5.871000212209765e-06,0.0014597290000892826,0.0011684949995469651,4.773900036525447e-05,0.0033721059999152203,0.004472139360052034,0.0020000000000000018,0.8944278720104067,0.00675415027067295,0.11791976941510993,False,nan,nan,False,False
1305,6.525,0.004998306999368651,0.0013391339998634066,6.1920000007376075e-06,0.0003800610002144822,0.0009708460002002539,4.4053000237909146e-05,0.003572902000087197,0.004472139242497885,0.0020000000000000018,0.8944278484995768,0.003843940096508354,0.11655516852831083,False,nan,nan,False,False
1306,6.53,0.004973260000042501,0.0015271359998223488,5.461000000650529e-06,0.00143126700004359,0.0010950679998131818,5.952199990133522e-05,0.003440354000304069,0.004472139208692687,0.0020000000000000018,0.8944278417385374,0.0011180834576197604,0.11760234609889078,False,nan,nan,False,False
1307,6.535,0.005043631999797071,0.0015040630005387357,6.052000571798999e-06,0.0003569669997887104,0.0010561639992374694,5.121600042912178e-05,0.003399626999453176,0.004472139204818015,0.0020000000000000018,0.894427840963603,0.0001285223879795086,0.11128738458138503,False,nan,nan,False,False
1308,6.54,0.004973731000063708,0.0015711780006313347,5.659999260387849e-06,0.0014622440003222437,0.0011871300002894714,4.86210001326981e-05,0.0033614659996601404,0.004472139544092494,0.0020000000000000018,0.8944279088184988,0.010977644775691728,0.11860934995098976,False,nan,nan,False,False
1309,6.545,0.005008636000638944,0.0015036329996291897,5.761000466009136e-06,0.0003828760000033071,0.001052147000336845,4.682800044975011e-05,0.0034105269996871357,0.004472139182172052,0.0020000000000000018,0.8944278364344103,0.011730345874016654,0.12007302924399733,False,nan,nan,False,False
1310,6.55,0.004983860999345779,0.001487231000282918,5.850999514223076e-06,0.0014203370001268922,0.0011167479997311602,7.283600007212954e-05,0.0034551710004961933,0.004472138990126045,0.0020000000000000018,0.8944277980252089,0.006492428497686421,0.12014726179251167,False,nan,nan,False,False
1311,6.555,0.0050163900004918105,0.001310120000198367,6.0109996411483735e-06,0.00037360900023486465,0.0009434539997528191,4.2298999687773176e-05,0.003671677000056661,0.0044721394553039655,0.0020000000000000018,0.894427891060793,0.015401934279129711,0.11214737635823989,False,nan,nan,False,False
1312,6.5600000000000005,0.005099666999740293,0.0017717230002745055,8.985999556898605e-06,0.0015400800002680626,0.001342551000561798,4.910200004815124e-05,0.0031139029997575562,0.004472138927839437,0.0020000000000000018,0.8944277855678873,0.01755151857276739,0.11975694461863838,False,nan,nan,False,False
1313,6.565,0.005001452999749745,0.0017095570001401938,8.82600033946801e-06,0.00043338000068615656,0.0012285479997444781,5.9842000155185815e-05,0.0031896150003376533,0.004472139361028975,0.0020000000000000018,0.8944278722057949,0.01451692472449577,0.11840205150244436,False,nan,nan,False,False
1314,6.57,0.005014668000512756,0.0017690679997031111,8.935999176173937e-06,0.0010155189993383829,0.0013603739998870878,4.978300057700835e-05,0.0030418080004892545,0.004472138975257855,0.0020000000000000018,0.8944277950515709,0.012878439704833329,0.12075959480018915,False,nan,nan,False,False
1315,6.575,0.004880986999523884,0.0012844620005125762,6.3520001276629046e-06,0.000389468000321358,0.0009118360003412818,5.122600032336777e-05,0.0036343370002214215,0.0044721390154691095,0.0020000000000000018,0.8944278030938219,0.0013793990644899237,0.11320919364182605,False,nan,nan,False,False
1316,6.58,0.004985123000551539,0.0013730270002270117,5.229999260336626e-06,0.001431326999409066,0.0010146269996766932,4.50550005552941e-05,0.0035636239999803365,0.004472139669883268,0.0020000000000000018,0.8944279339766535,0.021291814966710107,0.11581577036215197,False,nan,nan,False,False
1317,6.585,0.005002404000151728,0.0011975699999311473,4.798999725608155e-06,0.00035995300004287856,0.0008682139996381011,4.472299951885361e-05,0.003734613999768044,0.004472138618749016,0.0020000000000000018,0.8944277237498031,0.03532657535377376,0.12068534070346572,False,nan,nan,False,False
1318,6.59,0.0049987679994956125,0.0014206370005922508,5.400999725679867e-06,0.0014078519998292904,0.0010462870004630531,4.527400051301811e-05,0.0035263139998278348,0.004472139340467246,0.0020000000000000018,0.8944278680934492,0.02486638735815002,0.11975384717891266,False,nan,nan,False,False
1319,6.595,0.00501459800034354,0.0012512100001913495,5.20999947184464e-06,0.0002788219999274588,0.0009003639997899882,4.854100006923545e-05,0.003675764000035997,0.0044721387033942765,0.0020000000000000018,0.8944277406788552,0.021788526806832548,0.11202139460389833,False,nan,nan,False,False
1320,6.6000000000000005,0.004993357999410364,0.0013426610003079986,5.500000042957254e-06,0.0013362590007091057,0.0009526510002615396,4.3682000068656635e-05,0.003580976000193914,0.004472139439139307,0.0020000000000000018,0.8944278878278613,0.024973143605742064,0.11513016653673355,False,nan,nan,False,False
1321,6.605,0.004993708000256447,0.0013902600003348198,5.730000339099206e-06,0.0002324150000276859,0.0010209189995293855,4.348199945525266e-05,0.0035459009995975066,0.004472138650491696,0.0020000000000000018,0.8944277300983391,0.026891128275738363,0.11892824619915233,False,nan,nan,False,False
1322,6.61,0.005013566000343417,0.00147871499939356,6.332000339170918e-06,0.0013449250000121538,0.0011234909998165676,4.2659000428102445e-05,0.0034521659999882104,0.004472139825513309,0.0020000000000000018,0.8944279651026618,0.03894688644940931,0.11804829291069896,False,nan,nan,False,False
1323,6.615,0.005001221999918926,0.0012878389998149942,5.411000529420562e-06,0.00023121199956221972,0.0009332549998362083,4.7309000365203246e-05,0.0036322819996712497,0.004472138206191944,0.0020000000000000018,0.8944276412383888,0.055862038642259804,0.1122973232648418,False,nan,nan,False,False
1324,6.62,0.004990251999515749,0.0015976980002960772,5.781000254501123e-06,0.001352229000076477,0.0011827719999928377,5.092499941383721e-05,0.0033423100003346917,0.004472139105682593,0.0020000000000000018,0.8944278211365184,0.032852102536075,0.11521332225030262,False,nan,nan,False,False
1325,6.625,0.0050118530007239315,0.0014460239999607438,5.511000381375197e-06,0.0002365119999012677,0.0010127129999091267,5.6476000281691086e-05,0.0035398899999563582,0.0044721382802741984,0.0020000000000000018,0.8944276560548398,0.02992268749348135,0.11927936417177859,False,nan,nan,False,False
1326,6.63,0.00510195099923294,0.0017446220008423552,8.825999429973308e-06,0.0014667229997940012,0.0013173540000934736,6.0302999372652266e-05,0.0030816429998594685,0.004472138834799512,0.0020000000000000018,0.8944277669599024,0.02058943186316036,0.12021119155312153,False,nan,nan,False,False
1327,6.635,0.0049088990008385736,0.0014719729997523245,6.522000148834195e-06,0.00025320399981865194,0.0010692300002119737,4.678700042859418e-05,0.0035099939996143803,0.0044721386347703505,0.0020000000000000018,0.8944277269540699,0.007177293217088335,0.11337861661119004,False,nan,nan,False,False
1328,6.640000000000001,0.005099175999930594,0.0016905009997572051,8.736000381759368e-06,0.001464268999370688,0.0012533129993244074,7.11940001565381e-05,0.0031833229995754664,0.0044721397413967565,0.0020000000000000018,0.8944279482793511,0.036949029586178656,0.11840719313866702,False,nan,nan,False,False
1329,6.6450000000000005,0.004990281999198487,0.0015055760004543117,8.847000572131947e-06,0.0003173730001435615,0.0010657329994501197,4.977300068276236e-05,0.0033527089999552118,0.004472138000260987,0.0020000000000000018,0.8944276000521973,0.06169696362559943,0.12094075360130976,False,nan,nan,False,False
1330,6.65,0.004976316000465886,0.0014428579997911584,8.725999578018673e-06,0.0013709640006709378,0.0011083629997301614,3.6348000321595464e-05,0.003406851000363531,0.004472139750178498,0.0020000000000000018,0.8944279500356996,0.06196674923465619,0.11916247134135635,False,nan,nan,False,False
1331,6.655,0.00493098100014322,0.0016647630000079516,6.862999725854024e-06,0.00015233500016620383,0.0010852499999600695,4.8240000069199596e-05,0.0032508790000065346,0.004472137521066529,0.0020000000000000018,0.8944275042133056,0.08334430907154175,0.11291384355843032,False,nan,nan,False,False
1332,6.66,0.004988898999727098,0.0015355920004367363,6.00099974690238e-06,0.0012304809997658595,0.0011072309998780838,4.435299979377305e-05,0.0034032139992632437,0.004472139294083916,0.0020000000000000018,0.8944278588167831,0.0688925632913494,0.11283296731429839,False,nan,nan,False,False
1333,6.665,0.005025118000048678,0.001436886999726994,5.780999345006421e-06,0.00013882900020689704,0.00101791300039622,5.091500042908592e-05,0.0035276970002087182,0.004472137227582493,0.0020000000000000018,0.8944274455164984,0.08364720901584809,0.11946963509716843,False,nan,nan,False,False
1334,6.67,0.005081461999907333,0.0017724549998092698,8.646000424050726e-06,0.0013445639997371472,0.0013734789999944041,4.935200013278518e-05,0.0030782560006628046,0.004472139826313769,0.0020000000000000018,0.8944279652627538,0.1004249598111559,0.1186420137473828,False,nan,nan,False,False
1335,6.675,0.0049297790001219255,0.0013152999999874737,5.77100036025513e-06,0.000130032999550167,0.0009345279995613964,5.3761000344820786e-05,0.0035686330002135946,0.004472136568009737,0.0020000000000000018,0.8944273136019473,0.14171316298818187,0.11573445837737655,False,nan,nan,False,False
1336,6.68,0.004954936000103771,0.0014161480003167526,5.8910000007017516e-06,0.0012124069999117637,0.0010554339996815543,5.654599954141304e-05,0.0035259039996162755,0.004472140344846881,0.0020000000000000018,0.8944280689693762,0.1569813659264797,0.12065000128585007,False,nan,nan,False,False
1337,6.6850000000000005,0.005029035000006843,0.0012834600001951912,7.313999958569184e-06,0.00012629600041691447,0.0009241480001946911,4.27999993917183e-05,0.0036194280000927392,0.0044721359970847085,0.0020000000000000018,0.8944271994169415,0.22610273680796072,0.11722780981406496,False,nan,nan,False,False
1338,6.69,0.004975003000254219,0.0015916869997454342,5.639999471895862e-06,0.0012250210002093809,0.001220132000526064,4.332099979365012e-05,0.003377785999873595,0.004472140836700401,0.0020000000000000018,0.8944281673400801,0.23977153785934185,0.12153175369582343,False,nan,nan,False,False
1339,6.695,0.005044793999331887,0.0013970630006951978,6.571999620064162e-06,0.00014349800039781258,0.0010207790001004469,4.7960000301827677e-05,0.0034841049991882755,0.00447213651417854,0.0020000000000000018,0.8944273028357078,0.3537684723460598,0.1148168936532939,False,nan,nan,False,False
1340,6.7,0.004951660000187985,0.0014931320001778658,5.650999810313806e-06,0.0012250910003785975,0.001140833000135899,4.505400011112215e-05,0.003441556000325363,0.004472142704829059,0.0020000000000000018,0.8944285409658117,0.4002542769346697,0.1174778813429608,False,nan,nan,False,False
1341,6.705,0.005017543000576552,0.0013932059991930146,8.637000064481981e-06,0.00012673699984588893,0.0010102699998242315,4.1557999793440104e-05,0.003564996000022802,0.004472138466814591,0.0020000000000000018,0.8944276933629182,0.12120381970279637,0.11914001564786655,False,nan,nan,False,False
1342,6.71,0.005074459999377723,0.0015927180002108798,8.906999937607907e-06,0.0013282340005389415,0.0011725019994628383,5.8879999414784834e-05,0.00325485600023967,0.004472139768873244,0.0020000000000000018,0.8944279537746487,0.04402829344892379,0.11903777859356558,False,nan,nan,False,False
1343,6.715,0.004941350000081002,0.0015631129999746918,6.96400002198061e-06,0.00014356900010170648,0.0010821839996424387,4.658699981519021e-05,0.0033495540001240443,0.0044721375510326546,0.0020000000000000018,0.8944275102065309,0.082492102792351,0.10919930245609386,False,nan,nan,False,False
1344,6.72,0.004986484999790264,0.0015967059998729383,6.311000106506981e-06,0.0012481840003601974,0.0012278260001039598,4.468299994186964e-05,0.003318185000352969,0.004472140643574538,0.0020000000000000018,0.8944281287149075,0.10790080022127484,0.11719257667135033,False,nan,nan,False,False
1345,6.7250000000000005,0.004998407000130101,0.001435785000467149,6.021000444889069e-06,0.0001271679993806174,0.001055202999850735,5.210700055613415e-05,0.0035375649995330605,0.004472136097797877,0.0020000000000000018,0.8944272195595754,0.21382598675071235,0.11965144751170367,False,nan,nan,False,False
1346,6.73,0.005098204000205442,0.001704016999610758,8.815999535727315e-06,0.0013465880001604091,0.001292967999688699,5.491299998539034e-05,0.003119273000265821,0.004472141676342506,0.0020000000000000018,0.8944283352685011,0.24093622187824904,0.11714538128527972,False,nan,nan,False,False
1347,6.735,0.004904831999738235,0.0014345230001708842,6.973000381549355e-06,0.00013534300069295568,0.0010120619999725022,5.340000006981427e-05,0.003517868000017188,0.0044721373287766025,0.0020000000000000018,0.8944274657553204,0.4263557683828077,0.11203499486575401,False,nan,nan,False,False
1348,6.74,0.00507480000032956,0.0016969939997579786,9.157000022241846e-06,0.0012946119995831395,0.001182161000542692,5.2317999688966665e-05,0.0031394409998029005,0.004472145597180036,0.0020000000000000018,0.894429119436007,0.511680858180253,0.12039634529066523,False,nan,nan,False,False
1349,6.745,0.00490984199950617,0.0014377090001289616,6.612999641220085e-06,0.0006158819996926468,0.0010016129999712575,6.357899928843835e-05,0.0034820609998860164,0.004472137612332383,0.0020000000000000018,0.8944275224664764,0.2174611838643434,0.1137593018936725,False,nan,nan,False,False
1350,6.75,0.0049829380004666746,0.0013769750003120862,5.140000212122686e-06,0.0011036440000680159,0.0010341039997001644,4.5125000724510755e-05,0.0035607289992185542,0.004472140145278398,0.0020000000000000018,0.8944280290556796,0.09087450248123144,0.12105275766350979,False,nan,nan,False,False
1351,6.755,0.005002435000278638,0.0012327949998507393,5.009000233258121e-06,0.0005359029992177966,0.0008771200000410317,4.4363000597513746e-05,0.003698085999531031,0.004472136289984661,0.0020000000000000018,0.8944272579969321,0.1756423002153727,0.11409518220783904,False,nan,nan,False,False
1352,6.76,0.004987937999430869,0.0013008619998799986,5.109000085212756e-06,0.0010930440002994146,0.00096682899948064,4.3652000385918655e-05,0.0036429130004762555,0.004472141605454153,0.0020000000000000018,0.8944283210908304,0.21512569287686442,0.11823383081478499,False,nan,nan,False,False
1353,6.765000000000001,0.004999810000299476,0.0012045920002492494,4.558000000542961e-06,0.0005122279999341117,0.0008349319996341364,4.115599949727766e-05,0.003742459000022791,0.004472137633720401,0.0020000000000000018,0.8944275267440801,0.4393602619650683,0.11725220397033777,False,nan,nan,False,False
1354,6.7700000000000005,0.005029654999816557,0.0014329499999803375,6.602999746974092e-06,0.0011127710004075198,0.0010497430002942565,6.884899994474836e-05,0.003503462000480795,0.004472149939172342,0.0020000000000000018,0.8944299878344683,0.6023503452307326,0.12099928116957752,False,nan,nan,False,False
1355,6.775,0.004994841000552697,0.0014614429992434452,7.945000106701627e-06,0.002217868000116141,0.0010677059999579797,7.552100032626186e-05,0.0034692570006882306,0.00447213638924604,0.0020000000000000018,0.8944272778492077,0.3685222355116887,0.110184510147042,False,nan,nan,False,False
1356,6.78,0.004997364999326237,0.0013935860006313305,5.5810005505918525e-06,0.0009375740000905353,0.001045885999701568,5.2198000048520043e-05,0.003537655999934941,0.004472142276314908,0.0020000000000000018,0.8944284552629814,0.22193962913627086,0.11357467181200182,False,nan,nan,False,False
1357,6.785,0.004994550000446907,0.001177671999357699,4.999999873689376e-06,0.00035379099972487893,0.0008537369994883193,4.037600047013257e-05,0.003746727000361716,0.00447213885963731,0.0020000000000000018,0.8944277719274618,0.504653123836558,0.11293788717953913,False,nan,nan,False,False
1358,6.79,0.0049863049998748465,0.0013527490000342368,5.049000719736796e-06,0.0014291829993453575,0.0009071959993889323,4.4452999645727687e-05,0.0035873990000254707,0.004472152412545932,0.0020000000000000018,0.8944304825091864,0.6891875839231537,0.11491706509128652,False,nan,nan,False,False
1359,6.795,0.005001522999918961,0.0011451910004325327,5.529999725695234e-06,0.0002368830000705202,0.0008255630000348901,4.097700002603233e-05,0.003797481999754382,0.004472136110162452,0.0020000000000000018,0.8944272220324904,0.4381834529526042,0.1147006747105933,False,nan,nan,False,False
1360,6.8,0.005015247999835992,0.0016232160005529295,6.021000444889069e-06,0.0013436529998216429,0.001195105000078911,4.972300030203769e-05,0.003311902999485028,0.004472143442421819,0.0020000000000000018,0.8944286884843637,0.28021752426908575,0.11134630726134902,False,nan,nan,False,False
1361,6.805,0.00500586199996178,0.0014640670005974243,5.961000169918407e-06,0.0002034210001511383,0.0010147779994440498,6.036299964762293e-05,0.0034648399996513035,0.004472145704349214,0.0020000000000000018,0.8944291408698426,0.7008655655604172,0.10958049862969192,False,nan,nan,False,False
1362,6.8100000000000005,0.004998266999791667,0.0015542560004178085,5.83099972573109e-06,0.0012813659996027127,0.001179124999907799,4.10169996030163e-05,0.0033900199996423908,0.004472164619417169,0.0020000000000000018,0.8944329238834338,1.0140045300943354,0.11470752786534263,False,nan,nan,False,False
1363,6.815,0.005013986000449222,0.001421639000000141,5.6110002333298326e-06,0.00014420000024983892,0.0010243260003335308,4.6316999942064285e-05,0.003490477000013925,0.004472137980366122,0.0020000000000000018,0.8944275960732243,0.8107276941421264,0.10998590477716705,False,nan,nan,False,False
1364,6.82,0.0049847620002765325,0.001510413999312732,6.1620003179996274e-06,0.001249828000254638,0.0011557009993339307,4.904200068267528e-05,0.0034513840000727214,0.004472148481642662,0.0020000000000000018,0.8944296963285324,0.5936482228305817,0.1128401693167914,False,nan,nan,False,False
1365,6.825,0.0050397439999869675,0.0013086479993944522,6.020999535394367e-06,0.00014387900046131108,0.0009341770000901306,4.0225000702776015e-05,0.0036533410002448363,0.004472136009804823,0.0020000000000000018,0.8944272019609644,0.3953937953740921,0.10922024385921646,False,nan,nan,False,False
1366,6.83,0.005078536999462813,0.001883633000034024,9.016999683808535e-06,0.0013386740001806174,0.001302245000260882,5.1916999836976174e-05,0.00300597099976585,0.0044721406501578645,0.0020000000000000018,0.8944281300315728,0.23120804994873884,0.1118752331851641,False,nan,nan,False,False
1367,6.835,0.005004919999919366,0.0016442140004073735,8.756000170251355e-06,0.0002087299999402603,0.0012327360000199405,4.921199979435187e-05,0.003223728999728337,0.004472140791166668,0.0020000000000000018,0.8944281582333334,0.522290788570602,0.11100013708586023,False,nan,nan,False,False
1368,6.84,0.004986253999959445,0.001700641000752512,8.896000508684665e-06,0.0013598519999504788,0.0012608080005520605,4.976299987902166e-05,0.003190495999660925,0.0044721413018841815,0.0020000000000000018,0.8944282603768363,0.5396968733783428,0.11279934639633225,False,nan,nan,False,False
1369,6.845,0.005006422000406019,0.0015689639994889149,8.85700046637794e-06,0.0002448479999657138,0.001161862000117253,4.890200034424197e-05,0.0032733820007706527,0.00447213804082459,0.0020000000000000018,0.8944276081649178,0.10384839806260124,0.11015869674139073,False,nan,nan,False,False
1370,6.8500000000000005,0.004958743999850412,0.001707471999907284,8.957000318332575e-06,0.0013245970003481489,0.0012902830003440613,5.5603999498998746e-05,0.003209753000191995,0.00447213905188484,0.0020000000000000018,0.8944278103769678,0.03774960346402019,0.11011272847391461,False,nan,nan,False,False
1371,6.855,0.005014176000258885,0.0013906009999118396,7.112999810487963e-06,0.00015396799972222652,0.000984461000371084,6.952999956411077e-05,0.0034450619996277965,0.004472137445030237,0.0020000000000000018,0.8944274890060473,0.06449487402859343,0.11255177774727512,False,nan,nan,False,False
1372,6.86,0.004898971999864443,0.001227525000103924,5.4000001910026185e-06,0.0012512400007835822,0.0008655179999550455,3.841099987766938e-05,0.0037892459995418903,0.004472139309419547,0.0020000000000000018,0.8944278618839093,0.07307347088625435,0.11596442068525759,False,nan,nan,False,False
1373,6.865,0.005076383000414353,0.0011572539997359854,5.230000169831328e-06,0.00012077599967597052,0.0008253729993157322,4.229900059726788e-05,0.0036974039994674968,0.004472136265661998,0.0020000000000000018,0.8944272531323995,0.1524223266400433,0.10815357365619291,False,nan,nan,False,False
1374,6.87,0.004914599999210623,0.001594652000676433,4.888999683316797e-06,0.0012259020004421473,0.0011145540001962218,5.4010999519960023e-05,0.0033596229995964677,0.004472139455444369,0.0020000000000000018,0.8944278910888736,0.1571404535291674,0.11397194336289286,False,nan,nan,False,False
1375,6.875,0.0050291150000703055,0.001152986000306555,4.978999641025439e-06,0.000123130000247329,0.0008202029994208715,4.2829999983950984e-05,0.003756064000299375,0.004472136887215674,0.0020000000000000018,0.8944273774431347,0.3393199231936823,0.11419720450357668,False,nan,nan,False,False
1376,6.88,0.004969944000549731,0.0013174739997339202,4.588000592775643e-06,0.0012125179991926416,0.0008764590002101613,4.111699945497094e-05,0.003700088999721629,0.004472139119132434,0.0020000000000000018,0.8944278238264868,0.3282966119956196,0.11150994745193894,False,nan,nan,False,False
1377,6.885,0.0050939960001414875,0.0011561919991436298,5.360000614018645e-06,0.00012608499946509255,0.0008333089999723597,4.332100070314482e-05,0.0036948790002497844,0.0044721393249607545,0.0020000000000000018,0.8944278649921508,0.0068121477135975675,0.1121435779805221,False,nan,nan,False,False
1378,6.890000000000001,0.004908087999865529,0.0014053579998289933,4.407999767863657e-06,0.001212627999848337,0.0009557769999446464,6.300799941527657e-05,0.0035712379994947696,0.004472139051797413,0.0020000000000000018,0.8944278103594824,0.009088531871042846,0.11794999286208274,False,nan,nan,False,False
1379,6.8950000000000005,0.005053029000009701,0.0014846069998384337,5.930999577685725e-06,0.00015451899980689632,0.0010289450001437217,5.0503999773354735e-05,0.0034729239996522665,0.004472139935361229,0.0020000000000000018,0.8944279870722458,0.028149930548422054,0.11170955179054051,False,nan,nan,False,False
1380,6.9,0.00507368799935648,0.001723664000564895,8.756999704928603e-06,0.001378267000291089,0.001261719000467565,4.8860999413591344e-05,0.003169978000187257,0.004472138399314972,0.0020000000000000018,0.8944276798629944,0.051637857089682423,0.11568139569566027,False,nan,nan,False,False
1381,6.905,0.0050093480003852164,0.0015822889999981271,9.166999916487839e-06,0.0002477630005159881,0.0011751370002457406,4.8891000005824026e-05,0.0033356379999531782,0.004472141563583557,0.0020000000000000018,0.8944283127167113,0.09627830591792726,0.11988234594481488,False,nan,nan,False,False
1382,6.91,0.005034093999711331,0.0016816050001580152,9.076999958779197e-06,0.0014319270003397833,0.0012810649996026768,4.9852999836730305e-05,0.003206936999958998,0.004472137243053875,0.0020000000000000018,0.8944274486107749,0.1475395779435484,0.11626047555212332,False,nan,nan,False,False
1383,6.915,0.005003627000405686,0.0015452099996764446,8.71599968377268e-06,0.00029719600024691317,0.0010839769993253867,5.786800011264859e-05,0.0033218220005437615,0.004472145094468876,0.0020000000000000018,0.8944290188937751,0.22588525587806818,0.11227845446556965,False,nan,nan,False,False
1384,6.92,0.00498288800008595,0.0017808510001486866,8.926999726099893e-06,0.0012996510004086304,0.0013441629998851568,4.9282000873063225e-05,0.0030945669996071956,0.004472136110201264,0.0020000000000000018,0.8944272220402527,0.31452575485455686,0.11795891925860388,False,nan,nan,False,False
1385,6.925,0.004992567000044801,0.0017618649999349145,9.08699985302519e-06,0.00026810199960891623,0.001223698000103468,5.07949998791446e-05,0.0030707919995620614,0.0044721609459345705,0.0020000000000000018,0.8944321891869139,0.5509037116903066,0.11386967163619398,False,nan,nan,False,False
1386,6.93,0.0049500559998705285,0.0017137549994004075,8.757000614423305e-06,0.0013646119996337802,0.0013153999998394283,5.009300002711825e-05,0.003146103000290168,0.004472144790637298,0.0020000000000000018,0.8944289581274595,0.9536236258463754,0.1177648825909406,False,nan,nan,False,False
1387,6.9350000000000005,0.00494713199987018,0.0015021190001789364,7.442999958584551e-06,0.00015860700023040408,0.0010986140005115885,4.678699951909948e-05,0.003412682000089262,0.004427090429125081,0.0020000000000000018,0.8854180858250161,4.440176232709124,0.11229857294315039,False,nan,nan,False,False
1388,6.94,0.004991795000023558,0.0015498379998462042,5.781000254501123e-06,0.0012696550002146978,0.001163926000117499,4.403200000524521e-05,0.0034359849996690173,0.00447216253305681,0.0020000000000000018,0.8944325066113618,4.179413672123294,0.11674674869030274,False,nan,nan,False,False
1389,6.945,0.005073067000012088,0.0013250270003482,6.5720005295588635e-06,0.00014791600005992223,0.0009476119994360488,4.273000013199635e-05,0.0035139619994879467,0.004472159282872821,0.0020000000000000018,0.8944318565745641,1.194520345338618,0.11243224838450111,False,nan,nan,False,False
1390,6.95,0.004912065000098664,0.0016235869998126873,5.94100038142642e-06,0.0011739859992303536,0.0011914389997400576,5.1666999752342235e-05,0.00336046400025225,0.004472448403055021,0.0020000000000000018,0.8944896806110042,2.692394501208708,0.11795231781963982,False,nan,nan,False,False
1391,6.955,0.005048049999459181,0.0011496100005388143,4.888999683316797e-06,0.00012999299997318303,0.0008290810001199134,4.243000057613244e-05,0.0037219400001049507,0.004472142972881661,0.0020000000000000018,0.8944285945763321,1.797693877808814,0.11177012131198252,False,nan,nan,False,False
1392,6.96,0.004932214000291424,0.0012711970002783346,4.718999662145507e-06,0.0012314630002947524,0.0008779920008237241,4.235899996274384e-05,0.003656187000160571,0.0044721360838741505,0.0020000000000000018,0.89442721677483,0.35985516166232245,0.11367733142049181,False,nan,nan,False,False
1393,6.965,0.005001061999792,0.0013829260005877586,5.740999768022448e-06,0.00017092999951273669,0.0010051300005216035,5.1126000471413136e-05,0.0036896199999318924,0.00447213712582104,0.0020000000000000018,0.894427425164208,0.17238813176096487,0.1180121447011853,False,nan,nan,False,False
1394,6.97,0.005188603000533476,0.00164823199975217,9.127000339503866e-06,0.001420435999534675,0.0012128879998272168,4.9233000027015805e-05,0.003116218000286608,0.004472147853324838,0.0020000000000000018,0.8944295706649675,0.28320136623411885,0.11920960960907609,False,nan,nan,False,False
1395,6.9750000000000005,0.004881748999650881,0.001648682999984885,9.417000001121778e-06,0.0024460539998472086,0.0011466140003904002,4.558500040729996e-05,0.003220833000341372,0.004472258567819026,0.0020000000000000018,0.8944517135638049,1.7373010474310435,0.11454074512748037,False,nan,nan,False,False
1396,6.98,0.004934818000037922,0.0013629590002892655,5.450000571727287e-06,0.0012121159998059738,0.0008929899995564483,4.640700080926763e-05,0.0036176650000925292,0.004472148891436421,0.0020000000000000018,0.8944297782872841,1.754925975232602,0.11748145366361593,False,nan,nan,False,False
1397,6.985,0.005058128999735345,0.0013018050003665849,1.5898999663477298e-05,0.0001384090001010918,0.0009166440004264587,4.5013999624643475e-05,0.003573121000044921,0.00434626502731543,0.0020000000000000018,0.8692530054630859,12.015380258578714,0.1198213540795,False,nan,nan,False,False
1398,6.99,0.004935289000059129,0.0013515979999283445,5.29000044480199e-06,0.0012310920001255,0.0009616580000511021,4.395199994178256e-05,0.003592839000702952,0.004472135956758386,0.0020000000000000018,0.8944271913516773,12.00123929352796,0.1204306723649198,False,nan,nan,False,False
1399,6.995,0.005006252000384848,0.001213388999531162,4.909999915980734e-06,0.0001409129999956349,0.0008783029998085112,5.306000002747169e-05,0.0037237840006127954,0.004472150308831048,0.0020000000000000018,0.8944300617662095,0.45824499190457063,0.11269963273443397,False,nan,nan,False,False
1400,7.0,0.005001522999918961,0.0013960209998913342,4.6980003389762715e-06,0.0013238260007710778,0.0010358470008213772,4.3822000407089945e-05,0.003546803000062937,0.0040828924060811005,0.0020000000000000018,0.8165784812162201,20.787138518726042,0.11514704207942845,False,nan,nan,False,False
1401,7.005,0.005030497999541694,0.0012332559999777004,4.758000613946933e-06,0.00023575100021844264,0.0008828010004435782,6.27270001132274e-05,0.0036644730007537873,0.0044721375472253876,0.0020000000000000018,0.8944275094450773,20.784621288315165,0.11848464080135956,False,nan,nan,False,False
1402,7.01,0.004957050000484742,0.0012744929999826127,4.749000254378188e-06,0.0011787240000558086,0.0008966969999164576,4.342099964560475e-05,0.003669181000077515,0.0044721385304068,0.0020000000000000018,0.8944277060813599,0.0410291824687152,0.11784125605485464,False,nan,nan,False,False
1403,7.015000000000001,0.005004958999961673,0.0011777420004364103,5.029000021750107e-06,0.00019291100034024566,0.0008544379998056684,4.118699962418759e-05,0.0037592799999401905,0.0044721365972323415,0.0020000000000000018,0.8944273194464681,0.0961106689925965,0.10451308756165296,False,nan,nan,False,False
1404,7.0200000000000005,0.004998587999580195,0.0014876220002406626,5.300000339047983e-06,0.001316452000537538,0.0008994219997475739,5.4943000577623025e-05,0.003461573000095086,0.004472139128609907,0.0020000000000000018,0.8944278257219813,0.11724359895214173,0.11438380484242408,False,nan,nan,False,False
1405,7.025,0.005015539000851277,0.0011739049996322137,5.089999831398018e-06,0.00012191800033178879,0.0008358330005648895,4.1958000110753346e-05,0.003748500000256172,0.004216638061624405,0.0020000000000000018,0.8433276123248811,16.976658909526893,0.1187942940673333,False,nan,nan,False,False
1406,7.03,0.004983979999451549,0.0013337440004761447,4.878999789070804e-06,0.0012005250000584056,0.0008660200001031626,4.264000017428771e-05,0.0036392859992702142,0.004472136518322528,0.0020000000000000018,0.8944273036645055,16.971243584709775,0.11774275602205508,False,nan,nan,False,False
1407,7.035,0.00504612700024154,0.0011529459998200764,4.798999725608155e-06,0.00011720899965439457,0.000823078999928839,4.1698000131873414e-05,0.0037362969997047912,0.004472138614398546,0.0020000000000000018,0.8944277228797092,0.28487172675145234,0.10611163854495462,False,nan,nan,False,False
1408,7.04,0.0049500160002935445,0.00128463299915893,4.6590002966695465e-06,0.0011641270002655801,0.0008551490000172635,4.219900074531324e-05,0.00370839400056866,0.004346269726169868,0.0020000000000000018,0.8692539452339736,12.000561868886171,0.11020282705345821,False,nan,nan,False,False
1409,7.045,0.00505285899998853,0.0011395109995646635,4.909999915980734e-06,0.00011424400054238504,0.0008199730000342242,4.165800055488944e-05,0.003748781000467716,0.004472139935718886,0.0020000000000000018,0.894427987143777,12.000219203698585,0.12305822007331894,False,nan,nan,False,False
1410,7.05,0.00494478699965839,0.001296194000133255,4.618999810190871e-06,0.0012224060001244652,0.000842364999698475,4.173799970885739e-05,0.003695331000017177,0.004472138988166118,0.0020000000000000018,0.8944277976332234,0.03033468215310215,0.12246402274610003,False,nan,nan,False,False
1411,7.055,0.0050519380001787795,0.00114897799994651,4.677999640989583e-06,0.00012566499935928732,0.0008293109995065606,4.122700011066627e-05,0.003733561999979429,0.0040828939967705365,0.0020000000000000018,0.8165787993541074,20.784615028480403,0.10924455704893143,False,nan,nan,False,False
1412,7.0600000000000005,0.004928114999529498,0.0009193400001095142,3.5170005503459834e-06,0.0011562620002223412,0.0006678290001218556,2.9674999495910015e-05,0.0040884250001909095,0.00423792687784595,0.0020000000000000018,0.84758537556919,20.78460997139715,0.11293962696868991,False,nan,nan,False,False
1413,7.065,0.00505431200053863,0.0009605259992895299,3.8670004869345576e-06,8.08710001365398e-05,0.0006499549999716692,4.125699979340425e-05,0.003946651000660495,0.004346265771980195,0.0020000000000000018,0.8692531543960389,12.000002487640154,0.11677542101235085,False,nan,nan,False,False
1414,7.07,0.004966106999745534,0.0012923269996463205,4.759000148624182e-06,0.001206275999720674,0.0008464230004392448,4.233900017425185e-05,0.003650076000667468,0.004472139264866217,0.0020000000000000018,0.8944278529732432,12.000007095363399,0.11712096667165706,False,nan,nan,False,False
1415,7.075,0.0050262089998796,0.0013938470001448877,1.0069000381918158e-05,0.002239397000266763,0.0010151079995921464,4.2770000618475024e-05,0.0035448689995973837,0.00408289315626788,0.0020000000000000018,0.8165786312535761,20.784682548981987,0.12187984202377938,False,nan,nan,False,False
1416,7.08,0.0050015130000247154,0.0014381099999809521,4.577999789034948e-06,0.001101820000258158,0.0010783360003188136,5.6416000006720424e-05,0.0034914589996333234,0.004237926215421911,0.0020000000000000018,0.8475852430843821,20.784612067063243,0.11406128911644753,False,nan,nan,False,False
1417,7.085,0.005025679000027594,0.0014623540000684443,7.294000170077197e-06,0.002240640000309213,0.0010628370000631548,4.31200005550636e-05,0.0034290530002181185,0.004346265292815928,0.0020000000000000018,0.8692530585631857,12.000009440859031,0.11541121639392604,False,nan,nan,False,False
1418,7.09,0.004948963999595435,0.0013210910001362208,4.829000317840837e-06,0.001070131000233232,0.0009937989998434205,4.035500023746863e-05,0.003621773000304529,0.0044721385411638495,0.0020000000000000018,0.8944277082327697,12.000000953095183,0.11801067933404516,False,nan,nan,False,False
1419,7.095,0.005006913000215718,0.0013908410001022276,7.192999873950612e-06,0.0022001840006851126,0.0009910740000123042,6.160499924590113e-05,0.003540972000337206,0.004082896451857132,0.0020000000000000018,0.8165792903714264,20.784731797996738,0.11310634758344615,False,nan,nan,False,False
1420,7.1000000000000005,0.00499121400025615,0.0013032269998802803,4.418999196786899e-06,0.0010785969998323708,0.0009371829992232961,4.098699992027832e-05,0.003647440999884566,0.004237928455416077,0.0020000000000000018,0.8475856910832155,20.784617810983736,0.10859031643742079,False,nan,nan,False,False
1421,7.105,0.005129401999511174,0.001469288000407687,5.509999937203247e-06,8.586999956605723e-05,0.0010290739992342424,4.0064999666356016e-05,0.0033512370000607916,0.004346266207226663,0.0020000000000000018,0.8692532414453326,12.00002897074923,0.1111352947358988,False,nan,nan,False,False
1422,7.11,0.004888973000561236,0.0011989419999736128,5.25900031789206e-06,0.0011260559995207586,0.0008222280002883053,3.388400000403635e-05,0.003726449000168941,0.004472139445442177,0.0020000000000000018,0.8944278890884353,12.000000886595753,0.11153008268814867,False,nan,nan,False,False
1423,7.115,0.005128239999976358,0.0014027629995325697,5.851000423717778e-06,0.00010008699973695911,0.0010239149996777996,4.004500078735873e-05,0.0034001789999820176,0.004082892748959024,0.0020000000000000018,0.816578549791805,20.78475669893832,0.10996090572621636,False,nan,nan,False,False
1424,7.12,0.004872802000136289,0.0015239099993777927,5.570000212173909e-06,0.0010877639997488586,0.0010375699994256138,4.140700002608355e-05,0.0034082340007444145,0.004237925841065634,0.0020000000000000018,0.8475851682131267,20.784613052884527,0.1125701640265936,False,nan,nan,False,False
1425,7.125,0.005006151999623398,0.001536433000183024,1.2524000339908525e-05,0.0022544160001416458,0.0011212660001547192,4.0545999581809156e-05,0.0033897690000230796,0.004346264967383661,0.0020000000000000018,0.8692529934767321,12.000013459188231,0.1102700207296991,False,nan,nan,False,False
1426,7.13,0.004997205000108806,0.0016006030000426108,5.228999725659378e-06,0.0010788469999170047,0.0011394309995012009,4.8690999392420053e-05,0.003359522999744513,0.0044721384849433716,0.0020000000000000018,0.8944276969886743,12.000009574233001,0.11200797065287563,False,nan,nan,False,False
1427,7.135,0.005121187000440841,0.0019033589996979572,1.1410999832150992e-05,0.0023465179992854246,0.00136361000022589,4.989300032320898e-05,0.002902698999605491,0.004082896565817524,0.0020000000000000018,0.8165793131635047,20.784749213937708,0.10887818284821325,False,nan,nan,False,False
1428,7.140000000000001,0.004881778999333619,0.001637061000110407,5.469999450724572e-06,0.0011272680003457936,0.0012669190000451636,4.643700049200561e-05,0.0033449459997427766,0.004185319525629097,0.0020000000000000018,0.8370639051258194,21.279263073024424,0.11255285109336602,False,nan,nan,False,False
1429,7.1450000000000005,0.005052989000432717,0.0012380460002532345,5.400999725679867e-06,0.0001247529999091057,0.0008698370002093725,5.1977000111946836e-05,0.0036280439999245573,0.004308509988713949,0.0020000000000000018,0.8617019977427898,12.062274768015083,0.11258488330756909,False,nan,nan,False,False
1430,7.15,0.004926132000036887,0.001343903999440954,5.188999239180703e-06,0.001192359999549808,0.0009996889993999503,5.258799956209259e-05,0.003643844000180252,0.004472139650147539,0.0020000000000000018,0.8944279300295077,12.45546328211476,0.11318830375022462,False,nan,nan,False,False
1431,7.155,0.005072887000096671,0.0013430119997792644,5.9809999584103934e-06,0.00013634500010084594,0.0009712060000310885,4.15679996876861e-05,0.00355257299997902,0.004472136484357409,0.0020000000000000018,0.8944272968714818,0.142920332072906,0.10719009829028703,False,nan,nan,False,False
1432,7.16,0.004954364999321115,0.0013984050001454307,4.5889992179581895e-06,0.0010546419998718193,0.000935609999942244,4.208900008961791e-05,0.0035235290006312425,0.004082892479487137,0.0020000000000000018,0.8165784958974274,20.784659759845766,0.10888915028125358,False,nan,nan,False,False
1433,7.165,0.005097382000712969,0.0014345929994306061,5.7309998737764545e-06,3.5928000215790235e-05,0.0010020430008808034,4.936200002703117e-05,0.0033790590005082777,0.00398998890072348,0.0020000000000000018,0.797997780144696,20.78460984865385,0.11241570830344308,False,nan,nan,False,False
1434,7.17,0.0048729430000094,0.0013610749992949422,4.878999789070804e-06,0.0010756909996416653,0.0010306170006515458,4.316099966672482e-05,0.0035818480000671116,0.003871697585856579,0.0020000000000000018,0.7743395171713159,20.784983249387174,0.10470258973184628,False,nan,nan,False,False
1435,7.175,0.0050344949995633215,0.001394005999827641,7.523999556724448e-06,0.002239889000520634,0.001002013999823248,5.406099990068469e-05,0.003531074000420631,0.0040485428274712925,0.0020000000000000018,0.8097085654942584,24.462327750911648,0.1043787971181403,False,nan,nan,False,False
1436,7.18,0.004996763999770337,0.001392173000567709,5.059000613982789e-06,0.0010385819996372447,0.0010526990008656867,4.1957999201258644e-05,0.0035279169997011195,0.004067513815011454,0.0020000000000000018,0.8135027630022909,17.047634058943956,0.10910727631311445,False,nan,nan,False,False
1437,7.1850000000000005,0.00498049300040293,0.00137048299984599,4.949999492964707e-06,0.002221413999905053,0.0010035470004368108,4.222900042805122e-05,0.003560217999620363,0.004162728399802019,0.0020000000000000018,0.8325456799604037,15.865111091184978,0.10832638838004595,False,nan,nan,False,False
1438,7.19,0.004987456999515416,0.0014727040006619063,4.86899989482481e-06,0.001023064000037266,0.0009740510004121461,5.1626000640681013e-05,0.0034711409998635645,0.004123079424981579,0.0020000000000000018,0.824615884996316,16.971449730103124,0.11093905418632728,False,nan,nan,False,False
1439,7.195,0.00500366699998267,0.001186980000056792,4.608999915944878e-06,0.00044755699946108507,0.0008616909999545896,4.248899949743645e-05,0.0037507840006583137,0.0041268985807887465,0.0020000000000000018,0.8253797161577493,16.970592372156638,0.10422351720885921,False,nan,nan,False,False
1440,7.2,0.004999640000278305,0.0015472830000362592,4.919000275549479e-06,0.0010258780002914136,0.0011743559998649289,4.9702999604051e-05,0.0034017220004898263,0.00434626371109309,0.0020000000000000018,0.869252742218618,15.556480404946349,0.10555968529017863,False,nan,nan,False,False
1441,7.205,0.005008676000215928,0.001155560999904992,4.569000338960905e-06,0.000423432000388857,0.0008255729999291361,5.045500074629672e-05,0.0037828739996257355,0.004472137888271032,0.0020000000000000018,0.8944275776542064,12.000110369476143,0.10918352357186688,False,nan,nan,False,False
1442,7.21,0.005023664999498578,0.0015383970003313152,6.42200029687956e-06,0.0009635220003474387,0.001164357000561722,4.3902000470552593e-05,0.0033692099996187608,0.003944620152226981,0.0020000000000000018,0.7889240304453963,24.000043845142304,0.11104386005482962,False,nan,nan,False,False
1443,7.215,0.004967930000020715,0.001154258000497066,4.948999958287459e-06,0.0004169889998593135,0.0008292700003948994,4.2098999983863905e-05,0.0037891060001129517,0.0034409341965977473,0.0020000000000000018,0.6881868393195494,23.999999999998746,0.1053914175203951,False,nan,nan,False,False
1444,7.22,0.005016200000682147,0.0016349979996448383,5.2999994295532815e-06,0.0010136349992535543,0.001213648999510042,5.0554000154079404e-05,0.0033012330004567048,0.0037255909320657696,0.0020000000000000018,0.7451181864131539,24.000000036963105,0.11096663096230835,False,nan,nan,False,False
1445,7.2250000000000005,0.005007293999369722,0.0014491300007648533,5.208999937167391e-06,0.00044545299988385523,0.0010099790006279363,5.790900013380451e-05,0.0035589159997471143,0.004237927306211129,0.0020000000000000018,0.8475854612422259,24.000000001064073,0.10406651099370554,False,nan,nan,False,False
1446,7.23,0.00512523500037787,0.0017195649998029694,8.956000783655327e-06,0.0011446699991211062,0.0013110119998600567,4.879199968854664e-05,0.0031452620005438803,0.004346266043741833,0.0020000000000000018,0.8692532087483665,12.000000265631847,0.10900519127960888,False,nan,nan,False,False
1447,7.235,0.004995622000024014,0.001828929999646789,2.1130000277480576e-05,0.0021743460001744097,0.0012776290004694602,5.6025000048975926e-05,0.0030035270001462777,0.004472138975109254,0.0020000000000000018,0.8944277950218508,12.000001369332375,0.10165147939277465,False,nan,nan,False,False
1448,7.24,0.004944886999510345,0.0016746020000937278,8.535999768355396e-06,0.0009808949998841854,0.001276967999729095,4.873099987889873e-05,0.003181097999913618,0.004216636316657696,0.0020000000000000018,0.8433272633315393,16.97057576337877,0.11043080622989541,False,nan,nan,False,False
1449,7.245,0.004921263000142062,0.0012401090007188031,5.440000677481294e-06,0.000527135999618622,0.0008931799993661116,4.87810002596234e-05,0.003706019999299315,0.0043654378786630536,0.0020000000000000018,0.8730875757326105,12.155391542940906,0.10246113793659047,False,nan,nan,False,False
1450,7.25,0.0050207490003231214,0.0016747820000091451,5.871000212209765e-06,0.0011196030000064638,0.001238616000591719,5.3841000408283435e-05,0.003251279999858525,0.004472138751728819,0.0020000000000000018,0.8944277503457636,10.062601301237752,0.10581395037970355,False,nan,nan,False,False
1451,7.255,0.005001894000088214,0.0015073989998199977,5.810999937239103e-06,0.0005495879995578434,0.0010501940005269716,5.6445999689458404e-05,0.0033905500004038913,0.0043640343091041955,0.0020000000000000018,0.8728068618208389,10.202910534555318,0.11191474519700095,False,nan,nan,False,False
1452,7.26,0.004941109999890614,0.0010301860002073226,3.336999725433998e-06,0.0015694250005253707,0.0006768659995941562,3.3352999707858544e-05,0.003936310999961279,0.003694298384110194,0.0017000000000000348,0.7388596768220389,26.83281635219721,0.11489094059953033,False,nan,nan,False,False
1453,7.265000000000001,0.005037068999627081,0.001256169000043883,5.6110002333298326e-06,0.0004340820005381829,0.0009025179997479427,4.992300000594696e-05,0.003679541000565223,0.003255517953633251,0.0017056733018123715,0.6511035907266501,21.16660741800045,0.10780280030694392,False,nan,nan,False,False
1454,7.2700000000000005,0.005001764000553521,0.0014509829998132773,5.270000656310003e-06,0.001545771000564855,0.0010811019992615911,5.6615999710629694e-05,0.0034812499998224666,0.0039212348060615404,0.0020000000000000018,0.7842469612123081,26.732099572623056,0.10823606189598287,False,nan,nan,False,False
1455,7.275,0.005001843000172812,0.001247622999471787,5.068999598734081e-06,0.00034931400023197057,0.0008964660000856384,4.7698999878775794e-05,0.0037271000001055654,0.0035523350913019545,0.0020000000000000018,0.7104670182603909,26.8328302639667,0.10417099298068071,False,nan,nan,False,False
1456,7.28,0.005041267999331467,0.0014321580001706025,5.118999979458749e-06,0.0014840650001133326,0.000966266999967047,5.4772000112279784e-05,0.0034561729999040836,0.003126409147108483,0.0017000000000000001,0.6252818294216966,22.352730007314552,0.10657030201379133,False,nan,nan,False,False
1457,7.285,0.004949125000166532,0.0012175170004411484,4.859000000578817e-06,0.0001043049996951595,0.0008718010003576637,4.108699977223296e-05,0.003717841999787197,0.0035119404820807064,0.001774893049712012,0.7023880964161413,26.832820910898405,0.10677358123582259,False,nan,nan,False,False
1458,7.29,0.00499679400036257,0.0013105909993100795,5.220000275585335e-06,0.0012688930000877008,0.0008622320001450134,4.363100015325472e-05,0.0036454970004342613,0.0041434093000508095,0.0020000000000000018,0.8286818600101619,25.633513761385338,0.09380246175621386,False,nan,nan,False,False
1459,7.295,0.005021119999582879,0.0011384589997760486,4.338000508141704e-06,0.00012697700003627688,0.0008128710005621542,3.9974999708647374e-05,0.0037815620007677353,0.004154934326562072,0.0020000000000000018,0.8309868653124144,24.00000016280684,0.0912415702789977,False,nan,nan,False,False
1460,7.3,0.004991644000256201,0.00110132000008889,5.820999831485096e-06,0.0011935929996980121,0.0007791070001985645,4.143699970882153e-05,0.003832386999420123,0.004094901484672779,0.0020000000000000018,0.8189802969345559,18.28416649798253,0.11154299866505464,False,nan,nan,False,False
1461,7.305,0.005086111999844434,0.0013186160003897385,5.871000212209765e-06,8.075100049609318e-05,0.0009366110007249517,4.094700034329435e-05,0.0035347599996384815,0.0038866362954031023,0.0020000000000000018,0.7773272590806204,16.970577527165915,0.10163864557974378,False,nan,nan,False,False
1462,7.3100000000000005,0.004924859000311699,0.0015362630001618527,5.330000021785963e-06,0.0011390199997549644,0.0010600129999147612,5.027399947721278e-05,0.0033923040000445326,0.003957044007909912,0.0020000000000000018,0.7914088015819822,20.785018306632406,0.09661616768473293,False,nan,nan,False,False
1463,7.315,0.005000711999855412,0.0014891139999235747,5.570999746851157e-06,0.0003924140000890475,0.0010297460003130254,5.2427999435167294e-05,0.0034986029995707213,0.004238260983394316,0.0020000000000000018,0.8476521966788633,17.014543907567123,0.10356792920086515,False,nan,nan,False,False
1464,7.32,0.005103704000248399,0.001891015999717638,9.037000381795224e-06,0.0012468219993024832,0.0014606109998567263,5.073400006949669e-05,0.002992656999595056,0.004148765215581454,0.0020000000000000018,0.8297530431162907,12.00003295167196,0.10370077145255514,False,nan,nan,False,False
1465,7.325,0.005031238999436027,0.0019934980000471114,1.1762000212911516e-05,0.0022241289998419234,0.0014504619994113455,5.094600055599585e-05,0.0028718399998979294,0.003825292788220636,0.0020000000000000018,0.7650585576441271,24.00000400358058,0.09612785593737135,False,nan,nan,False,False
1466,7.33,0.004981115000191494,0.001841303000219341,8.967000212578569e-06,0.0010938460000033956,0.0014139939994493034,5.183700068300823e-05,0.0030306270000437507,0.00430149591739433,0.0020000000000000018,0.8602991834788659,22.26876079427902,0.11447847715612411,False,nan,nan,False,False
1467,7.335,0.004988106999917363,0.0014825230000496958,8.766999599174596e-06,0.0005589350002992433,0.0010503739995328942,4.9422000302001834e-05,0.003416047999962757,0.004472139472557235,0.0020000000000000018,0.8944278945114468,12.612675659933485,0.10493976945426987,False,nan,nan,False,False
1468,7.34,0.005014086999835854,0.0018218470004285336,8.556000466342084e-06,0.001120134999837319,0.001400298000589828,4.930199975206051e-05,0.0030461559999821475,0.004201415479865842,0.0020000000000000018,0.8402830959731683,17.019659139648912,0.09681178445741599,False,nan,nan,False,False
1469,7.345,0.004984692000107316,0.001911985000333516,8.727000022190623e-06,0.0005148829995960114,0.0012462199993024115,0.00028511399978015106,0.0029838700002073892,0.004472139323400613,0.0020000000000000018,0.8944278646801225,17.019658607541448,0.10973592515722648,False,nan,nan,False,False
1470,7.3500000000000005,0.0050121419999413774,0.0018475260003469884,8.927000635594595e-06,0.0011443599996709963,0.0014346930001920555,5.049500032328069e-05,0.0030279419997896184,0.004120806469304568,0.0020000000000000018,0.8241612938609135,18.950982566722228,0.11468107511966384,False,nan,nan,False,False
1471,7.355,0.00500786600059655,0.0018746949999695062,1.8274000467499718e-05,0.0022379450001608348,0.001228847999300342,5.564399998547742e-05,0.0030119529992589378,0.004472139398271332,0.0020000000000000018,0.8944278796542663,18.950984578210267,0.11071387682169431,False,nan,nan,False,False
1472,7.36,0.005003325999496155,0.0018008980005106423,8.967000212578569e-06,0.001104625000152737,0.0013647519999722135,5.170700023882091e-05,0.0030604629992012633,0.0039446179066109045,0.0020000000000000018,0.7889235813221808,24.00017943364229,0.10802632339327466,False,nan,nan,False,False
1473,7.365,0.004989269999896351,0.0011944040006710566,1.0349999683967326e-05,0.0005494480001289048,0.00096021599983942,2.8092999855289236e-05,0.003652990999398753,0.004472144927919103,0.0020000000000000018,0.8944289855838203,24.001094087454984,0.10335603100050679,False,nan,nan,False,False
1474,7.37,0.004964032999851042,0.002031048000390001,8.725999578018673e-06,0.001084849000108079,0.0015381060002255253,4.6397000005526934e-05,0.002856221000001824,0.003944616922485061,0.0020000000000000018,0.7889233844970122,24.003738768891743,0.10796877651027499,False,nan,nan,False,False
1475,7.375,0.005002724999940256,0.0027481190008984413,1.4477000149781816e-05,0.002271086999826366,0.0020541220001177862,6.587300049432088e-05,0.0021632359994328,0.003990008239919381,0.0020000000000000018,0.7980016479838762,24.007014176374476,0.1051588857079112,False,nan,nan,False,False
1476,7.38,0.005027772000175901,0.0017776250006136252,8.807000085653272e-06,0.0015604580003127921,0.0013523389998226776,5.175699971005088e-05,0.0031013489997349097,0.0033301660187692555,0.0017000000000000348,0.6660332037538512,26.839761851464328,0.11147539539701844,False,nan,nan,False,False
1477,7.385,0.004994900999918173,0.0015694450003138627,8.897000043361913e-06,0.0004741769998872769,0.001158615999884205,4.894099947705399e-05,0.0033094290001827176,0.0033526115956156277,0.0020000000000000018,0.6705223191231254,26.833423229854333,0.0995095359619383,False,nan,nan,False,False
1478,7.390000000000001,0.0049963730007220875,0.0018004269995799405,8.757000614423305e-06,0.0015081999999893014,0.0013813929999741958,4.9863000640471e-05,0.0030861619998177048,0.002932587401333407,0.0020000000000000018,0.5865174802666814,24.001270845979114,0.09364599032028745,False,nan,nan,False,False
1479,7.3950000000000005,0.005002134999813279,0.0014784439999857568,8.987000001070555e-06,0.0021052069996585487,0.001068427999598498,4.8521000280743465e-05,0.003399807999812765,0.0027586276922135925,0.0020000000000000018,0.5517255384427184,26.838224760183657,0.09001955305195831,False,nan,nan,False,False
1480,7.4,0.004994889999579755,0.0020582390006893547,8.797000191407278e-06,0.000901645999874745,0.001595753999936278,2.236199998151278e-05,0.002771693999420677,0.003038094559074997,0.0020000000000000018,0.6076189118149994,24.002994508209646,0.09414742887089246,False,nan,nan,False,False
1481,7.405,0.004945407999912277,0.0016938480002863798,8.725999578018673e-06,0.0002641239998411038,0.0012051339999743504,5.959100053587463e-05,0.003192279999893799,0.00280179410432754,0.0020000000000000018,0.560358820865508,24.00025732539368,0.08172171397172474,False,nan,nan,False,False
1482,7.41,0.004976557000190951,0.0017340929998681531,6.412000402633566e-06,0.0014756000000488712,0.001141605000157142,1.474799955758499e-05,0.0032098520005092723,0.002465768102892149,0.0017000000000000348,0.4931536205784298,26.833196339278963,0.07572375150728311,False,nan,nan,False,False
1483,7.415,0.0050598019997778465,0.0015410820005854475,8.967000212578569e-06,0.0004397020002215868,0.0011374269997759257,4.962299954058835e-05,0.0033750510001482326,0.0029883141353012803,0.0020000000000000018,0.5976628270602561,26.832852494762893,0.0763489700892716,False,nan,nan,False,False
1484,7.42,0.005032561000007263,0.0016654950004522107,8.925999281927943e-06,0.0015859650002312264,0.0012492460000430583,4.9252000280830543e-05,0.0032090810000227066,0.0030577789807421834,0.0020000000000000018,0.6115557961484367,24.000041550261106,0.07066430124440432,False,nan,nan,False,False
1485,7.425,0.004996063000362483,0.0014630659998147166,8.945999979914632e-06,0.0005127390004417975,0.0010619060003591585,5.0474000090616755e-05,0.003414996000174142,0.003307578303357576,0.0017000000000000348,0.6615156606715151,26.83359405313449,0.06962603108853653,False,nan,nan,False,False
1486,7.43,0.004994619999706629,0.0018572030003269901,8.996999895316549e-06,0.001544548000310897,0.0012853140005972818,5.221700030233478e-05,0.0030274720002125832,0.0039021972059038656,0.0020000000000000018,0.7804394411807731,26.564704474374746,0.08067915435517979,False,nan,nan,False,False
1487,7.4350000000000005,0.00500161299987667,0.0016034590007620864,8.926999726099893e-06,0.0005122279999341117,0.0011604900000747875,6.0041999859095085e-05,0.0032767879993116367,0.0038779483933451143,0.0020000000000000018,0.7755896786690228,17.924054497561826,0.07137927740859537,False,nan,nan,False,False
1488,7.44,0.0049961330005316995,0.0016928459999689949,8.856999556883238e-06,0.0015480149995710235,0.0012950919999639154,4.9341999329044484e-05,0.0031923899996399996,0.0035856855314419225,0.0020000000000000018,0.7171371062883845,20.814084085456823,0.07937663922592716,False,nan,nan,False,False
1489,7.445,0.005001843999707489,0.001442927999960375,8.835999324219301e-06,0.00046857600045768777,0.0011678640003083274,1.6139999388542492e-05,0.0034997950006072642,0.003877877743772616,0.0020000000000000018,0.7755755487545232,20.790684860120464,0.09456161690011314,False,nan,nan,False,False
1490,7.45,0.0050582690000737784,0.0012965650003025075,9.05700017028721e-06,0.0016855220001161797,0.0010975720006172196,1.5689000065322034e-05,0.003505955999571597,0.00379849210410217,0.0020000000000000018,0.759698420820434,16.98276485572592,0.08357616274650213,False,nan,nan,False,False
1491,7.455,0.004919279000205279,0.0011721820001184824,8.906999937607907e-06,0.0004595600003085565,0.000979210999503266,1.627000074222451e-05,0.0037113609996595187,0.003732340122802456,0.0020000000000000018,0.7464680245604912,20.90459189296538,0.07688281445374898,False,nan,nan,False,False
1492,7.46,0.005001442999855499,0.0017847480003183591,8.877000254869927e-06,0.001539929000500706,0.0012759060000462341,5.938100002822466e-05,0.003136244999950577,0.0037985267787369894,0.0020000000000000018,0.7597053557473978,20.95940255884538,0.09487238483952101,False,nan,nan,False,False
1493,7.465,0.005039413999838871,0.001667438000367838,9.106999641517177e-06,0.0005043729997851187,0.0011759180006265524,6.303800000750925e-05,0.003211266000107571,0.003616043885566076,0.0020000000000000018,0.7232087771132152,21.152725719987163,0.09906758666435606,False,nan,nan,False,False
1494,7.47,0.004995551999854797,0.0016311400004269672,8.85700046637794e-06,0.0016010439994715853,0.001366204999612819,1.584999972692458e-05,0.003214821999790729,0.0036304130685499685,0.0020000000000000018,0.7260826137099937,24.237389671608764,0.0968133720305804,False,nan,nan,False,False
1495,7.4750000000000005,0.004962630000591162,0.0015553489993180847,9.067000064533204e-06,0.00044578399956662906,0.0011306240003250423,5.0163999731012154e-05,0.003355405000547762,0.0037655456181170527,0.0020000000000000018,0.7531091236234104,20.793406480119266,0.09088533405519998,False,nan,nan,False,False
1496,7.48,0.0050272419994144,0.0016828260004331241,9.11699953576317e-06,0.0016259900003205985,0.0012763470003847033,4.981399979442358e-05,0.0031975299998521223,0.003780197258869971,0.0020000000000000018,0.7560394517739941,16.979480452636675,0.08936291247694311,False,nan,nan,False,False
1497,7.485,0.004997204000574129,0.0011543189993972192,8.926999726099893e-06,0.00048133000018424354,0.0009628609996070736,1.6230000255745836e-05,0.0037083950001033372,0.0034583182570414525,0.0020000000000000018,0.6916636514082906,24.02964240308818,0.09445503426185325,False,nan,nan,False,False
1498,7.49,0.004985163000128523,0.0018425059997753124,9.117000445257872e-06,0.0015375049997601309,0.0013716450002903002,5.975099975330522e-05,0.0030630979999841657,0.0034639418025118516,0.0020000000000000018,0.6927883605023704,26.83479807015832,0.1019179090776076,False,nan,nan,False,False
1499,7.495,0.0050223219996041735,0.0016822260004119016,8.846000127959996e-06,0.0004669640002248343,0.0012073070001861197,6.0212999414943624e-05,0.003199562999725458,0.0036358359736099783,0.0020000000000000018,0.7271671947219955,20.787954311387626,0.09353491713180148,False,nan,nan,False,False
1500,7.5,0.005000119999749586,0.0016310210003211978,8.967000212578569e-06,0.001626651000151469,0.0013152889996490558,1.599000006535789e-05,0.003219901000193204,0.0036999847068767493,0.0020000000000000018,0.7399969413753498,16.97509745708781,0.09181180614307945,False,nan,nan,False,False
1501,7.505,0.004968572000507265,0.0014769919998798287,9.106999641517177e-06,0.0004590279995682067,0.0011937919998672442,1.579000036144862e-05,0.0034055280002576183,0.003635864383411562,0.0020000000000000018,0.7271728766823123,16.98455704438541,0.09573462631944045,False,nan,nan,False,False
1502,7.51,0.004998807999982091,0.0017836850001913263,8.88599970494397e-06,0.0016071950003606617,0.001364150999506819,5.0725000619422644e-05,0.0031256649999704678,0.0037000710475515778,0.0020000000000000018,0.7400142095103155,17.057118187489717,0.09643022768888294,False,nan,nan,False,False
1503,7.515000000000001,0.005025638000006438,0.0014598199995816685,8.815999535727315e-06,0.0004991129999325494,0.0010472289995959727,5.929100007051602e-05,0.0034218790005979827,0.0032919025127732798,0.0020000000000000018,0.658380502554656,21.616811317205375,0.08737665433620932,False,nan,nan,False,False
1504,7.5200000000000005,0.004997385000024224,0.0017961089997697854,8.846999662637245e-06,0.0015784520001034252,0.0013536409996959264,4.9311999646306504e-05,0.003089337000346859,0.0033709020119407156,0.0020000000000000018,0.674180402388143,26.876172101049566,0.09709080571226589,False,nan,nan,False,False
1505,7.525,0.005001563999940117,0.0016109919997688849,8.686999535711948e-06,0.00048690999938116875,0.0011679439994622953,5.039400002715411e-05,0.0032708970002204296,0.0036156738893571324,0.0020000000000000018,0.7231347778714264,20.89397416541586,0.09830439563772213,False,nan,nan,False,False
1506,7.53,0.004997856000045431,0.0017491909993623267,8.956999408837873e-06,0.001556499999423977,0.0013461370008371887,4.899200030195061e-05,0.0031368760000987095,0.003531164373455723,0.0020000000000000018,0.7062328746911446,16.990439174912368,0.09025710447377995,False,nan,nan,False,False
1507,7.535,0.005003195999961463,0.0015218859998640255,8.905999493435957e-06,0.0004861690003963304,0.001125153999964823,4.90120000904426e-05,0.003357487999892328,0.0036156623029007756,0.0020000000000000018,0.7231324605801551,16.97982275624785,0.08397695435731074,False,nan,nan,False,False
1508,7.54,0.004996142999516451,0.0016291970005113399,8.826999874145258e-06,0.0015511009996771463,0.0012312019998717005,4.83109997730935e-05,0.0032585929993729223,0.0036636825166410625,0.0020000000000000018,0.7327365033282125,7.097676834425556,0.09207739281138481,False,nan,nan,False,False
1509,7.545,0.0050029560006805696,0.0014559119999830727,8.9169998318539e-06,0.0005765779997091158,0.0010459960003572633,4.955199983669445e-05,0.0034255860000484972,0.0036549437206431033,0.0020000000000000018,0.7309887441286206,20.789069620760348,0.09306078953660846,False,nan,nan,False,False
1510,7.55,0.004998366999643622,0.0017785860000003595,8.797000191407278e-06,0.0016523300000699237,0.0013399159997788956,4.884099962509936e-05,0.003106097999989288,0.00366368943945534,0.0020000000000000018,0.732737887891068,20.79148247007975,0.09498480457415917,False,nan,nan,False,False
1511,7.555,0.005001993999940169,0.0016164230000867974,9.007000699057244e-06,0.00048684099965612404,0.0011746869995477027,4.9743000090529677e-05,0.0032663680003679474,0.0036549435692519237,0.0020000000000000018,0.7309887138503847,20.78773299467041,0.0902301412623066,False,nan,nan,False,False
1512,7.5600000000000005,0.004998065999643586,0.0016708250004739966,8.88700014911592e-06,0.0015848430002733949,0.0012295490005271859,6.0352999753376935e-05,0.0032122069997058134,0.0036636822240045837,0.0020000000000000018,0.7327364448009167,20.786128580929976,0.09205997864210763,False,nan,nan,False,False
1513,7.565,0.004999149000468606,0.001553975999740942,9.037000381795224e-06,0.0004688770004577236,0.0011371660002623685,4.915200042887591e-05,0.0033424000002924004,0.0037570105767059402,0.0020000000000000018,0.751402115341188,17.3738425674987,0.09405223948011741,False,nan,nan,False,False
1514,7.57,0.005025497999668005,0.001771062000443635,1.0809999366756529e-05,0.001609620000635914,0.0013226440005382756,5.018399951950414e-05,0.003090379000241228,0.0033473572853781534,0.0020000000000000018,0.6694714570756307,24.39522940331669,0.09903249522688885,False,nan,nan,False,False
1515,7.575,0.004979151000043203,0.0015473140001631691,9.05700017028721e-06,0.00040894499943533447,0.0010367590002715588,4.907199945591856e-05,0.0033358279997628415,0.0034244596073776208,0.0020000000000000018,0.6848919214755242,24.038774064183716,0.0914363979414905,False,nan,nan,False,False
1516,7.58,0.00501465800061851,0.001806066999961331,8.955999874160625e-06,0.0014945550001357333,0.0013184050003474113,5.931099985900801e-05,0.00306906900004833,0.0036766682179676154,0.0020000000000000018,0.7353336435935229,18.93334318813631,0.09651241105963743,False,nan,nan,False,False
1517,7.585,0.005006541999136971,0.0017111100005422486,9.006999789562542e-06,0.00037451099979080027,0.0011720020002030651,5.8790000366570894e-05,0.003154508999614336,0.0038350220382399355,0.0020000000000000018,0.767004407647987,16.975764447685624,0.09158960563791121,False,nan,nan,False,False
1518,7.59,0.0049832090007839724,0.001702904000012495,8.865999916451983e-06,0.001502449000327033,0.0013019450007050182,4.983399958291557e-05,0.0031753579996802728,0.003676650377991379,0.0020000000000000018,0.7353300755982758,16.97131924234035,0.09946076998691374,False,nan,nan,False,False
1519,7.595,0.004997205000108806,0.0015806759993211017,9.02600004337728e-06,0.0003348770005686674,0.0011305649995847489,4.904199977318058e-05,0.0033221519997823634,0.0038350212727840346,0.0020000000000000018,0.7670042545568069,16.973823179316476,0.0948030446494852,False,nan,nan,False,False
1520,7.6000000000000005,0.005019085999265371,0.0016759340005592094,8.947000424086582e-06,0.0014283110003816546,0.0012747340006171726,4.933200034429319e-05,0.003210553999451804,0.0036766514742398028,0.0020000000000000018,0.7353302948479605,16.97428172366934,0.09395677227300823,False,nan,nan,False,False
1521,7.605,0.005002745000638242,0.0014564339999196818,9.207000402966514e-06,0.0002638429996295599,0.0010371190001023933,4.86209992232034e-05,0.0033991860000242013,0.003687466394003545,0.0020000000000000018,0.7374932788007089,20.784884753864826,0.09771130187032841,False,nan,nan,False,False
1522,7.61,0.004972337999788579,0.0017523380001875921,8.88700014911592e-06,0.0013379319998421124,0.0012818370005334145,4.9201999900105875e-05,0.0031698669999968843,0.003676647010928416,0.0020000000000000018,0.7353294021856832,20.78460974653775,0.10262833135106203,False,nan,nan,False,False
1523,7.615,0.005037971999627189,0.001716380000289064,8.975999662652612e-06,0.00020092599970666924,0.0011875309992319671,5.029399926570477e-05,0.0031283099997381214,0.003792607982918971,0.0020000000000000018,0.7585215965837941,13.913569458232406,0.09244588717432378,False,nan,nan,False,False
1524,7.62,0.004960246000337065,0.0017284420000578393,8.9960003606393e-06,0.0012358519998088013,0.0013164719994165353,4.921200070384657e-05,0.0031564430000798893,0.0036426053076268634,0.0020000000000000018,0.7285210615253725,16.970562841628684,0.09571356731688346,False,nan,nan,False,False
1525,7.625,0.005001032000109262,0.0015310829994632513,8.91599938768195e-06,0.0006499649998659152,0.0011283600006208871,5.125600000610575e-05,0.0033910520005520084,0.0036258784391594245,0.0020000000000000018,0.7251756878318848,3.1682907368442637,0.10027421592648587,False,nan,nan,False,False
1526,7.63,0.00503811099952145,0.0018125900005543372,9.11699953576317e-06,0.0012584529995365301,0.001386171999911312,5.043399960413808e-05,0.0030373599993254174,0.00352823712728588,0.0020000000000000018,0.705647425457176,16.970563715156437,0.09869437612789414,False,nan,nan,False,False
1527,7.635,0.004966227000295476,0.001432578999811085,8.957000318332575e-06,0.0006507959997179569,0.0010357069995734491,5.037400023866212e-05,0.003446616000474023,0.0035156147053191475,0.0020000000000000018,0.7031229410638294,11.391334112498663,0.09080270929871526,False,nan,nan,False,False
1528,7.640000000000001,0.004997015000299143,0.0017407850000381586,9.216999387717806e-06,0.0012195709996376536,0.001303306999943743,5.00129999636556e-05,0.003141344999676221,0.003493960486736107,0.0020000000000000018,0.6987920973472214,16.970572449004802,0.0945323184881877,False,nan,nan,False,False
1529,7.6450000000000005,0.00499753599979158,0.00162513899977057,8.82700078363996e-06,0.0006423220002034213,0.0011612910002440913,5.9470999985933304e-05,0.003259885999796097,0.0034710050647986327,0.0020000000000000018,0.6942010129597265,12.459689381698693,0.09820153312499902,False,nan,nan,False,False
1530,7.65,0.00500100199951703,0.0016827370000100927,8.996999895316549e-06,0.0012183680000816821,0.0012848330006818287,4.960300066159107e-05,0.003203170000233513,0.0034822961111349356,0.0020000000000000018,0.6964592222269871,16.970575288689204,0.09299650447623839,False,nan,nan,False,False
1531,7.655,0.005003657000088424,0.0015212850003081257,9.076999958779197e-06,0.0006517190004160511,0.0011123899994345265,5.202800002734875e-05,0.003409244999602379,0.00352418205002536,0.0020000000000000018,0.7048364100050719,13.384659194777614,0.08588505106094979,False,nan,nan,False,False
1532,7.66,0.005046276000030048,0.001654323999900953,8.676000106788706e-06,0.0012738120003632503,0.0012399890001688618,6.025200036674505e-05,0.0032303710004271124,0.0035985319733738887,0.0020000000000000018,0.7197063946747777,16.970663097778548,0.09028877950961361,False,nan,nan,False,False
1533,7.665,0.005002345000320929,0.0014782039997953689,8.726000487513375e-06,0.000704467000105069,0.0010581679998722393,5.139600034453906e-05,0.003350576000229921,0.0036893454041521624,0.0020000000000000018,0.7378690808304323,12.006837712197902,0.09257689205049312,False,nan,nan,False,False
1534,7.67,0.004944025999975565,0.0017919000001711538,8.957000318332575e-06,0.0012160040005255723,0.001265477000742976,5.975099975330522e-05,0.003093915999670571,0.003832341325626911,0.0020000000000000018,0.7664682651253821,16.970848167533415,0.09645246271875876,False,nan,nan,False,False
1535,7.675,0.005001431999517081,0.0016511180001543835,8.775999958743341e-06,0.0006548940000357106,0.001162163000117289,5.87800004723249e-05,0.0032418430000689114,0.003935662336373644,0.0020000000000000018,0.7871324672747286,15.753318557843446,0.08786005872080982,False,nan,nan,False,False
1536,7.68,0.005009508000512142,0.0017563350002092193,9.056999260792509e-06,0.0012598359999174136,0.0013307879999047145,4.9993000175163615e-05,0.003123380999568326,0.004043653416721075,0.0020000000000000018,0.8087306833442149,13.508759257646194,0.09421972525357503,False,nan,nan,False,False
1537,7.6850000000000005,0.004995321999558655,0.0015340890004154062,9.11699953576317e-06,0.0006547049997607246,0.0011246129997743992,5.2709000556205865e-05,0.00340941499962355,0.004017230835215214,0.0020000000000000018,0.8034461670430427,8.838312535890761,0.10094007378200151,False,nan,nan,False,False
1538,7.69,0.0050597120007296326,0.0016777169994384167,8.906000402930658e-06,0.0012731099996017292,0.0012755650004692143,4.959299985785037e-05,0.003206446000149299,0.004055994975270455,0.0020000000000000018,0.8111989950540909,12.002276152784408,0.10313350347319422,False,nan,nan,False,False
1539,7.695,0.005001392999474774,0.0014458229998126626,9.035999937623274e-06,0.0007154780005294015,0.0010327210002287757,6.034300076862564e-05,0.0033756230004655663,0.004023628124305867,0.0020000000000000018,0.8047256248611734,9.4531839465654,0.09550689276557318,False,nan,nan,False,False
1540,7.7,0.0049378330004401505,0.0018214069996247417,9.066999155038502e-06,0.0012187689999336726,0.0013691209996977705,5.880000026081689e-05,0.0030636789997515734,0.004067038388825658,0.0020000000000000018,0.8134076777651316,12.000048890396734,0.09870435343774087,False,nan,nan,False,False
1541,7.705,0.0050010529994324315,0.001807569999982661,8.975999662652612e-06,0.0006594329997824389,0.001188050999189727,6.797700007155072e-05,0.0030675860007249867,0.004027134043348412,0.0020000000000000018,0.8054268086696822,10.748017334131367,0.10747223750100397,False,nan,nan,False,False
1542,7.71,0.0049907830007214216,0.0017324889995506965,8.85600002220599e-06,0.00124984800004313,0.0015313839994632872,1.6140000298037194e-05,0.0031343620003099204,0.004072814223454527,0.0020000000000000018,0.8145628446909053,12.000000489901348,0.10630190390287492,False,nan,nan,False,False
1543,7.715,0.0049832779995995224,0.001718393999908585,9.127000339503866e-06,0.000606653999966511,0.0011400609992051614,0.00022312799956125673,0.003263221999986854,0.004027134117312476,0.0020000000000000018,0.8054268234624951,12.000000029996192,0.10174665745889908,False,nan,nan,False,False
1544,7.72,0.005097201999888057,0.001573202000145102,8.816999979899265e-06,0.0012603469995156047,0.0011449809999248828,4.709799941338133e-05,0.0033165419999932055,0.004072814272599423,0.0020000000000000018,0.8145628545198845,12.000000271969569,0.10788555725072808,False,nan,nan,False,False
1545,7.7250000000000005,0.005009237999729521,0.0014312870007415768,8.926000191422645e-06,0.0007208679999166634,0.0010272110002915724,4.975299998477567e-05,0.0033715849995132885,0.004027133863274886,0.0020000000000000018,0.8054267726549772,12.000005582526263,0.10267660676491934,False,nan,nan,False,False
1546,7.73,0.0049203910002688644,0.00183826800002862,8.856999556883238e-06,0.0012084999998478452,0.0014060289995541098,4.969299970980501e-05,0.003043441000045277,0.0040672335938337035,0.0020000000000000018,0.8134467187667406,10.791155428689137,0.10630781465746254,False,nan,nan,False,False
1547,7.735,0.0049984679999397486,0.001629676999982621,8.985999556898605e-06,0.0006397060005838284,0.001185205999718164,4.847999935009284e-05,0.003251541000281577,0.003983277098225983,0.0020000000000000018,0.7966554196451966,12.447774562989656,0.10872769303866671,False,nan,nan,False,False
1548,7.74,0.004999098000553204,0.001966086999345862,8.846999662637245e-06,0.0011621040002864902,0.001545850999718823,5.113600036565913e-05,0.0029212330000518705,0.004060173799096218,0.0020000000000000018,0.8120347598192436,10.911980847415574,0.11012330207987962,False,nan,nan,False,False
1549,7.745,0.005004498999369389,0.0015138310000111233,8.835999324219301e-06,0.000633755000308156,0.0011165279993292643,4.896199970971793e-05,0.003365774000485544,0.0038790672047753893,0.0020000000000000018,0.7758134409550778,16.970563220049705,0.09990838624148528,False,nan,nan,False,False
1550,7.75,0.00499500000023545,0.0017861610003819806,8.777000402915291e-06,0.001726778999909584,0.0013659739997819997,5.0814999667636584e-05,0.0031845649991737446,0.0040553533926816175,0.0020000000000000018,0.8110706785363234,16.17980412175461,0.10502567180486483,False,nan,nan,False,False
1551,7.755,0.005087423999611929,0.0014386500006366987,8.736000381759368e-06,0.0006584610000572866,0.0010269499998685205,5.011400025978219e-05,0.0033587319994694553,0.0037536581786466565,0.0020000000000000018,0.7507316357293312,19.68497802029322,0.11144713303408856,False,nan,nan,False,False
1552,7.76,0.004914591000670043,0.0019016359992747311,8.966999303083867e-06,0.001648673000090639,0.0014576960002159467,5.099500049254857e-05,0.0029857530007575406,0.0040421204280230985,0.0020000000000000018,0.8084240856046196,17.803079664244528,0.11057796938351057,False,nan,nan,False,False
1553,7.765000000000001,0.005003145999580738,0.0016388539997933549,9.13800067792181e-06,0.000576207000449358,0.0011947640005018911,5.076500019640662e-05,0.0032402800006821053,0.003722840775789059,0.0020000000000000018,0.7445681551578119,20.784615152146888,0.10042923282311335,False,nan,nan,False,False
1554,7.7700000000000005,0.005000590999770793,0.0020096080006624106,1.174200042441953e-05,0.0016450060002171085,0.0013344349999897531,5.7037000260606874e-05,0.002872491999369231,0.003949374649676478,0.0020000000000000018,0.7898749299352956,16.245849175159364,0.09684589249614248,False,nan,nan,False,False
1555,7.775,0.004997525999897334,0.001474277000852453,9.157999556919094e-06,0.0005748849998781225,0.0011754389997804537,1.571000029798597e-05,0.003406659999200201,0.0036411680584454036,0.0020000000000000018,0.7282336116890806,20.78461064631366,0.10674798799141873,False,nan,nan,False,False
1556,7.78,0.004998327000066638,0.0017215490006492473,8.85600002220599e-06,0.0016831379998620832,0.0011661409998851013,5.28880000274512e-05,0.003163415999551944,0.0038301221835973275,0.0020000000000000018,0.7660244367194654,16.032969117411206,0.10450254784835755,False,nan,nan,False,False
1557,7.785,0.005001042000003508,0.001449751000109245,8.82600033946801e-06,0.000577820999751566,0.0010464770002727164,4.964299932908034e-05,0.003430966000451008,0.0035370090335354737,0.0020000000000000018,0.7074018067070947,20.784610321414476,0.09717264274288767,False,nan,nan,False,False
1558,7.79,0.004997125000045344,0.0018371450005361112,9.307999789598398e-06,0.0016453070002171444,0.001409735999914119,4.930199975206051e-05,0.003045134999410948,0.00372238485888505,0.0020000000000000018,0.7444769717770099,14.09064777204067,0.09997307108882933,False,nan,nan,False,False
1559,7.795,0.004998125999918557,0.0016034990003390703,8.635999620310031e-06,0.000568133000342641,0.0011746970003514434,4.9392000619263854e-05,0.0032892409999476513,0.0034523433624249478,0.0020000000000000018,0.6904686724849894,20.784613477007433,0.1018951275331743,False,nan,nan,False,False
1560,7.8,0.005008056000406214,0.0017565549997016205,8.686999535711948e-06,0.0010913010000876966,0.001229579999744601,5.1887000154238194e-05,0.003120805999969889,0.0036498740392107523,0.0020000000000000018,0.7299748078421504,16.507067604819113,0.09678639671123153,False,nan,nan,False,False
1561,7.805000000000001,0.005003446000046097,0.0018630639997354592,1.1381000149413012e-05,0.0022371730001395917,0.0012370029999146936,5.891999990126351e-05,0.0030225830005292664,0.0033955892988396497,0.0020000000000000018,0.6791178597679298,20.784610479544238,0.0940135884381887,False,nan,nan,False,False
1562,7.8100000000000005,0.0050012530000458355,0.0016758840001784847,8.88599970494397e-06,0.0010994770000252174,0.0012760159997924347,4.885100042884005e-05,0.0032111450000229524,0.003638825969320431,0.0020000000000000018,0.7277651938640861,18.52841799781225,0.09272972292682563,False,nan,nan,False,False
1563,7.815,0.005012052999518346,0.0018537760006438475,1.155199970526155e-05,0.002248294000310125,0.0013821550001011929,5.028400028095348e-05,0.0030125240000415943,0.003393555845182359,0.0020000000000000018,0.6787111690364718,20.784611308486333,0.09470886995330788,False,nan,nan,False,False
1564,7.82,0.004982667000149377,0.001757857000484364,9.117000445257872e-06,0.0011045760002161842,0.0013173440001992276,4.8951999815471936e-05,0.003119033000075433,0.0036388258781125528,0.0020000000000000018,0.7277651756225105,20.784610354047462,0.08674532807738812,False,nan,nan,False,False
1565,7.825,0.004993859000023804,0.0016198590001295088,8.945999979914632e-06,0.0005553390001296066,0.0011750179992304766,4.873199941357598e-05,0.0032674310004949803,0.0033935563119037084,0.0020000000000000018,0.6787112623807418,20.784611554599177,0.09176567910843593,False,nan,nan,False,False
1566,7.83,0.005002896000405599,0.0017174109998450149,8.886000614438672e-06,0.0010991750004905043,0.0013056309999228688,4.9090999709733296e-05,0.0031653400001232512,0.003516431003897348,0.0020000000000000018,0.7032862007794697,20.784620584348104,0.08530929334629382,False,nan,nan,False,False
1567,7.835,0.005008264999560197,0.0017296050000368268,1.1791999895649496e-05,0.0022223559999474674,0.0013211000004957896,4.873099987889873e-05,0.0031442700001207413,0.003370527610791498,0.0020000000000000018,0.6741055221582996,20.784609968169136,0.08917310113874902,False,nan,nan,False,False
1568,7.84,0.004991134000192687,0.0016741310000725207,8.896000508684665e-06,0.0011038640004699118,0.0012638529997275327,4.803000047104433e-05,0.003206436000255053,0.0035288551571664886,0.0020000000000000018,0.7057710314332977,16.63639679870144,0.08615367487030633,False,nan,nan,False,False
1569,7.845,0.004994951000298897,0.0014623239994762116,8.9960003606393e-06,0.0005461209993882221,0.0010461360006956966,4.8410999625048134e-05,0.00342364300013287,0.0034697769550197546,0.0020000000000000018,0.693955391003951,20.784612977307532,0.08555858585009994,False,nan,nan,False,False
1570,7.8500000000000005,0.005001892999644042,0.0017912499997692066,9.037000381795224e-06,0.0016503260003446485,0.0013548739998441306,4.9252000280830543e-05,0.0031058580007083947,0.0034773816906638892,0.0020000000000000018,0.6954763381327779,17.22701151249121,0.08292980869321255,False,nan,nan,False,False
1571,7.855,0.005012734000047203,0.0016228049998971983,9.157000022241846e-06,0.0005870270006198552,0.0011683049997373018,4.9312000555801205e-05,0.003250087999731477,0.0034891684307067797,0.0020000000000000018,0.6978336861413559,20.784612529743374,0.0883604600459578,False,nan,nan,False,False
1572,7.86,0.004988429000150063,0.0017732859996613115,8.99700080481125e-06,0.0010960800000248128,0.0013683779998245882,4.9172000217367895e-05,0.0031118090000745724,0.003546719819328608,0.0020000000000000018,0.7093439638657215,15.1870146664531,0.0842591737843058,False,nan,nan,False,False
1573,7.865,0.0050126240003010025,0.0018359229998168303,1.1571999493753538e-05,0.0022129079998194356,0.0013229839996711235,5.0524000471341424e-05,0.0030724959997314727,0.003583766410755619,0.0020000000000000018,0.7167532821511239,20.78461188941226,0.08095186475266239,False,nan,nan,False,False
1574,7.87,0.005023964999963937,0.0018021899995801505,8.945999979914632e-06,0.0011275980004938901,0.001368468999316974,6.217600002855761e-05,0.00308302499979618,0.003499353986528395,0.0020000000000000018,0.699870797305679,18.793445166030395,0.0859105267743211,False,nan,nan,False,False
1575,7.875,0.005014015999222465,0.0017103890004364075,1.146100021287566e-05,0.002274643000419019,0.0012734820002151537,4.910200004815124e-05,0.0031279989998438396,0.0035452119148196687,0.0020000000000000018,0.7090423829639336,20.78460989323797,0.08688260204374953,False,nan,nan,False,False
1576,7.88,0.004962560000421945,0.0016620480000710813,9.117000445257872e-06,0.0010161410000364413,0.0012741930004267488,6.013300026097568e-05,0.0032205229999817675,0.003417030907471705,0.0020000000000000018,0.6834061814943411,17.609406953972726,0.08435752364431168,False,nan,nan,False,False
1577,7.885,0.005002955999771075,0.0012872070001321845,9.14699921850115e-06,0.0005730419998144498,0.0009398980000696611,4.359200011094799e-05,0.003557683000508405,0.003479748474074527,0.0020000000000000018,0.6959496948149054,20.784612426795224,0.08743059241431456,False,nan,nan,False,False
1578,7.890000000000001,0.0049786400004450115,0.0017353060002278653,1.0179000128118787e-05,0.0016616170005363529,0.0014842559994576732,2.6679999791667797e-05,0.00306174499928602,0.0034170309484349085,0.0020000000000000018,0.6834061896869816,20.784611781403576,0.08573094877471263,False,nan,nan,False,False
1579,7.8950000000000005,0.004847925999456493,0.0008495890006088302,4.1880002754624e-06,0.00044729700039169984,0.0006082580002839677,3.424399983487092e-05,0.004102681999938795,0.0034797482773782184,0.0020000000000000018,0.6959496554756437,20.78460990978502,0.08365561296343008,False,nan,nan,False,False
1580,7.9,0.004996764000679832,0.0008705379996172269,3.7770005292259157e-06,0.001556461000291165,0.0005753360001108376,3.056700006709434e-05,0.004081011999915063,0.0034058312559268767,0.0020000000000000018,0.6811662511853753,20.196624570007152,0.08644797691476075,False,nan,nan,False,False
1581,7.905,0.00499426999977004,0.0008087320002232445,3.416000254219398e-06,0.00043795900000986876,0.0005810470001961221,3.632800053310348e-05,0.004162995000115188,0.0034710208042983267,0.0020000000000000018,0.6942041608596653,20.784613412409733,0.09036542576841068,False,nan,nan,False,False
1582,7.91,0.005038702000092599,0.0015223370000967407,5.509999937203247e-06,0.0015771500002301764,0.0011085430005550734,4.714899932878325e-05,0.00348976599980233,0.003391956197820034,0.0020000000000000018,0.6783912395640068,20.049935693254888,0.08663885342231904,False,nan,nan,False,False
1583,7.915,0.005120294999869657,0.0015753170000607497,8.285999683721457e-06,0.0006052819999240455,0.0011179909997736104,5.5573999816260766e-05,0.0033124940000561764,0.0034602754756036286,0.0020000000000000018,0.6920550951207256,20.78460988993506,0.09186354337131859,False,nan,nan,False,False
1584,7.92,0.004996634000235645,0.0016769359999670996,8.105000233626924e-06,0.001705680000668508,0.0012615790001291316,1.564899957884336e-05,0.0031888639996395796,0.0033889997153317393,0.0020000000000000018,0.6777999430663478,20.621250864961368,0.08908405915431716,False,nan,nan,False,False
1585,7.925,0.004977147999852605,0.0014712309994138195,8.484999852953479e-06,0.000583280000682862,0.0011302640004942077,1.564900048833806e-05,0.0034171500001320965,0.003457996321955825,0.0020000000000000018,0.6915992643911649,20.78461015543866,0.08609471612372845,False,nan,nan,False,False
1586,7.930000000000001,0.004997264999474282,0.0013654630001838086,8.40600023366278e-06,0.0016746210003475426,0.0011711299994203728,2.1439999727590475e-05,0.0036092500004087924,0.0033752865658780206,0.0020000000000000018,0.675057313175604,20.04140701021106,0.0942240221190642,False,nan,nan,False,False
1587,7.9350000000000005,0.005083906999971077,0.0011091440001109731,8.43599991640076e-06,0.0006513790003737085,0.0009228159997292096,1.530900044599548e-05,0.0036963729999115458,0.003447472310088273,0.0020000000000000018,0.6894944620176545,20.78461442805825,0.08813545540446992,False,nan,nan,False,False
1588,7.94,0.004914681000627752,0.0019387749998713844,8.175999937520828e-06,0.0016672270003255107,0.0014486990003206301,5.716699979529949e-05,0.0029851029994460987,0.003399625790870832,0.0020000000000000018,0.6799251581741662,19.019739608331918,0.08949008216644193,False,nan,nan,False,False
1589,7.945,0.005031678999330325,0.0015746050003144774,8.214999979827553e-06,0.0005659990001731785,0.00112261899994337,5.56740005777101e-05,0.003319237000141584,0.0034507582774037987,0.0020000000000000018,0.6901516554807596,18.92984071139455,0.09084852222352734,False,nan,nan,False,False
1590,7.95,0.005002365000109421,0.001691041999947629,8.325000635522883e-06,0.0016895990002012695,0.0014506730003631674,1.9826999960059766e-05,0.0031680250003773835,0.0033790888634831345,0.0020000000000000018,0.6758177726966268,20.784614424483433,0.0893589004472879,False,nan,nan,False,False
1591,7.955,0.0049689320003381,0.00147539899990079,8.324999726028182e-06,0.0005396990000008373,0.0011193229993295972,1.936699936777586e-05,0.0034442910000507254,0.0034507577299066235,0.0020000000000000018,0.6901515459813246,20.78461000118739,0.08374787998525035,False,nan,nan,False,False
1592,7.96,0.005028243000197108,0.0013552039999922272,8.556000466342084e-06,0.0017057800005204626,0.001159939999524795,1.5378999705717433e-05,0.003506236999783141,0.0033790889860649976,0.0020000000000000018,0.6758177972129995,20.78461105462858,0.08642721011017138,False,nan,nan,False,False
1593,7.965,0.00496959300016897,0.0011787049998019938,8.275000254798215e-06,0.0005397989998527919,0.0009904620001179865,1.5348000488302205e-05,0.003682876999846485,0.003450757707156191,0.0020000000000000018,0.6901515414312381,20.784611349278084,0.08719401500770682,False,nan,nan,False,False
1594,7.97,0.004933555999741657,0.001229108999723394,5.440000677481294e-06,0.00155550899944501,0.0009061649998329813,3.817100059677614e-05,0.003745213000001968,0.0033790899337335233,0.0020000000000000018,0.6758179867467046,20.7846410757732,0.09036892314994063,False,nan,nan,False,False
1595,7.9750000000000005,0.00508256499961135,0.0023986350006452994,8.345999958692119e-06,0.0005546969996430562,0.001285534000089683,0.00018384400027571246,0.0025608489995647687,0.0033696943321481613,0.0020000000000000018,0.6739388664296323,16.988178818848954,0.0855282533475872,False,nan,nan,False,False
1596,7.98,0.0050694199999270495,0.0016911319999053376,8.60599993757205e-06,0.0016034390000640997,0.0014623040005972143,1.6631000107736327e-05,0.0031204060005620704,0.003325197347465559,0.0020000000000000018,0.6650394694931118,20.78462682644259,0.08745616164989954,False,nan,nan,False,False
1597,7.985,0.0049203610005861265,0.001482732999647851,8.144999810610898e-06,0.00041021700053534005,0.0011165379992235103,1.6260999473161064e-05,0.003401781000320625,0.00336969422207201,0.0020000000000000018,0.673938844414402,20.78463232406753,0.0880164802826795,False,nan,nan,False,False
1598,7.99,0.004993939000087266,0.0014707099999213824,8.255000466306228e-06,0.0015628430001015658,0.0012753749997500563,1.6551000044273678e-05,0.00342189899947698,0.0033251973425256513,0.0020000000000000018,0.6650394685051303,20.784632106171426,0.08992861024342276,False,nan,nan,False,False
1599,7.995,0.005001783999432519,0.0012042610005664756,8.256000000983477e-06,0.00041837200024019694,0.0010163209999518585,1.6109999705804512e-05,0.00368517199967755,0.0032767119630549286,0.0020000000000000018,0.6553423926109857,14.197649409005798,0.08301980114230366,False,nan,nan,False,False
1600,8.0,0.004998086000341573,0.0015754059995742864,8.334999620274175e-06,0.0015342990000135615,0.0011299930001769098,4.9252000280830543e-05,0.003338432999953511,0.0032616006879592056,0.0020000000000000018,0.652320137591841,20.784631638471428,0.08627582862290863,False,nan,nan,False,False
1601,8.005,0.005022643000302196,0.001566628999171371,8.23600021249149e-06,0.00043769900003098883,0.0011179900002389331,5.2567999773600604e-05,0.0033243670004594605,0.003276711664696975,0.0020000000000000018,0.6553423329393949,20.784650165145024,0.0891699303952242,False,nan,nan,False,False
1602,8.01,0.005000720999305486,0.0018473950003681239,7.995000487426296e-06,0.0015373350006484543,0.0014042459997654078,5.1947000429208856e-05,0.003048640999622876,0.00326160073672498,0.0020000000000000018,0.6523201473449959,20.784652987835393,0.08682844965294369,False,nan,nan,False,False
1603,8.015,0.00500607200046943,0.0015320450002036523,8.025000170164276e-06,0.0004464250005185022,0.0011057890005758964,4.9823000153992325e-05,0.0033599429998503183,0.0031533258149330154,0.0020000000000000018,0.6306651629866031,15.820294171083361,0.0823119134752626,False,nan,nan,False,False
1604,8.02,0.005002383999453741,0.0016769560006650863,8.426000022154767e-06,0.0015685329999541864,0.00125337400004355,4.956199973094044e-05,0.003207478000149422,0.0031799600895092575,0.0020000000000000018,0.6359920179018514,20.784625533084004,0.08457235563847217,False,nan,nan,False,False
1605,8.025,0.004994129000806424,0.001495927999712876,8.185000297089573e-06,0.0004400220004754374,0.0010743899993030936,5.026399958296679e-05,0.0034049469995807158,0.003153325082113092,0.0020000000000000018,0.6306650164226184,20.784675322655833,0.08537523915822667,False,nan,nan,False,False
1606,8.03,0.005009738999433466,0.0017362170001433697,8.285000149044208e-06,0.001551411000036751,0.001299018999816326,4.9602999752096366e-05,0.003145120999761275,0.00317996046978995,0.0020000000000000018,0.6359920939579901,20.78470451690877,0.08464735227544909,False,nan,nan,False,False
1607,8.035,0.004991243999938888,0.0015688140001657302,8.254999556811526e-06,0.00043454299975564936,0.001128691000303661,4.992400045011891e-05,0.003320920000078331,0.003063293455397154,0.0020000000000000018,0.6126586910794307,12.605737126103175,0.08074446582623608,False,nan,nan,False,False
1608,8.040000000000001,0.0049982970003839,0.0017109800000980613,8.325000635522883e-06,0.0015544770003543817,0.001291836000746116,5.045499983680202e-05,0.003182390999427298,0.003144230478777971,0.0020000000000000018,0.6288460957555941,20.784658137767686,0.08281771693446983,False,nan,nan,False,False
1609,8.045,0.005001171999538201,0.0015154740003708866,8.23499976831954e-06,0.0004476469994187937,0.0011037940003006952,5.1576000259956345e-05,0.0033829859994511935,0.003063292555904974,0.0020000000000000018,0.6126585111809947,20.784791800168733,0.08312930668199128,False,nan,nan,False,False
1610,8.05,0.005006852999940747,0.0016911230004552635,8.525999874109402e-06,0.0015669800004616263,0.0012668899998971028,5.034399964642944e-05,0.003193010999893886,0.0031442314927616066,0.0020000000000000018,0.6288462985523212,20.78492599678937,0.0861049553347873,False,nan,nan,False,False
1611,8.055,0.0049933880000025965,0.001479637000556977,8.49599928187672e-06,0.0004405529998621205,0.0010589100002107443,6.05630002610269e-05,0.003403634999813221,0.003027883831109233,0.0020000000000000018,0.6055767662218465,12.8343084584883,0.07769102050961917,False,nan,nan,False,False
1612,8.06,0.0049918949998755124,0.0017647100003159721,8.506000085617416e-06,0.001541592999274144,0.0013275519995659124,4.992300000594696e-05,0.003133729999717616,0.003153915739571744,0.0020000000000000018,0.6307831479143488,20.784841079184023,0.08108692391122531,False,nan,nan,False,False
1613,8.065,0.005007454000406142,0.0015823900002942537,8.525999874109402e-06,0.0003612259997680667,0.0011388800003260258,4.9854000280902255e-05,0.003312924999590905,0.0030278832007749543,0.0020000000000000018,0.6055766401549908,20.78524408313676,0.08438945896141911,False,nan,nan,False,False
1614,8.07,0.005004208000173094,0.0018141629998353892,8.355999852938112e-06,0.0014841049996903166,0.0013725859998885426,5.190699994273018e-05,0.0030752100001336657,0.0031539164120056476,0.0020000000000000018,0.6307832824011295,20.78539394844281,0.08641456266270585,False,nan,nan,False,False
1615,8.075,0.00499774600029923,0.0015321459995902842,8.225000783568248e-06,0.00034412300010444596,0.0011037240001314785,5.071499981568195e-05,0.0033770950003599864,0.003023924221327435,0.0020000000000000018,0.6047848442654871,15.949091586393491,0.07697085279131863,False,nan,nan,False,False
1616,8.08,0.005018344999371038,0.0013090880001982441,8.174999493348878e-06,0.0014817809997111908,0.0011017499991794466,1.882600008684676e-05,0.003535662000103912,0.0031718137955168,0.0020000000000000018,0.63436275910336,20.78498189504783,0.08071027013475049,False,nan,nan,False,False
1617,8.085,0.004954064000230574,0.0011616020001383731,8.224999874073546e-06,0.000335868999172817,0.0009749830005603144,1.6080000023066532e-05,0.0037316689995350316,0.0030239241332440316,0.0020000000000000018,0.6047848266488064,20.785239277318123,0.08362386523251207,False,nan,nan,False,False
1618,8.09,0.005003907999707735,0.0017838560006566695,8.496000191371422e-06,0.001457596000363992,0.0013227139997979975,5.600500026048394e-05,0.003130753999357694,0.0031718146799661505,0.0020000000000000018,0.6343629359932301,20.785464609158353,0.08593790532398903,False,nan,nan,False,False
1619,8.095,0.005023974999858183,0.0015907740007605753,8.144999810610898e-06,0.0003007630002684891,0.0011437180000939406,6.0583999584196135e-05,0.0032963249996100785,0.0030239272282646,0.0020000000000000018,0.60478544565292,20.784611234182865,0.07838930990543747,False,nan,nan,False,False
1620,8.1,0.004996643000595213,0.0016921649994401378,8.375999641430099e-06,0.0014659620001111762,0.0012667789997067302,4.983300004823832e-05,0.0031992829999580863,0.0031718139655352896,0.0020000000000000018,0.6343627931070579,20.78461390992241,0.07832212184727222,False,nan,nan,False,False
1621,8.105,0.00499988100000337,0.0015140010000322945,8.40600023366278e-06,0.0003622469994297717,0.0011019300000043586,5.00939995617955e-05,0.0033761129998310935,0.003023927035661688,0.0020000000000000018,0.6047854071323376,20.784611145830578,0.08233101462817793,False,nan,nan,False,False
1622,8.11,0.004998266999791667,0.0016759230002207914,8.256000000983477e-06,0.0014791860003242618,0.001264244000594772,4.98629997309763e-05,0.003216625999812095,0.003171814689467202,0.0020000000000000018,0.6343629378934403,20.784614233539045,0.08225034820788608,False,nan,nan,False,False
1623,8.115,0.005002443999728712,0.0014834650000921101,8.455999704892747e-06,0.00035288999970362056,0.001057016999766347,5.0784999984898604e-05,0.0034053079998557223,0.003023926822730651,0.0020000000000000018,0.6047853645461302,20.784619313425452,0.07583948165008718,False,nan,nan,False,False
1624,8.120000000000001,0.0049982970003839,0.0017336920000161626,8.085000445134938e-06,0.0014691480000692536,0.001294370000323397,4.949300000589574e-05,0.0031609409998054616,0.0031718142303878622,0.0020000000000000018,0.6343628460775724,20.784610762244082,0.07925299964017231,False,nan,nan,False,False
1625,8.125,0.005003166000278725,0.00157276199934131,8.396000339416787e-06,0.00037553199945250526,0.0011238720007895608,5.137599964655237e-05,0.0032898720000957837,0.003023926937347471,0.0020000000000000018,0.6047853874694943,20.784609948912188,0.08131374940810325,False,nan,nan,False,False
1626,8.13,0.004939046999425045,0.0016962010004135664,5.670000064128544e-06,0.0013826760005031247,0.001285764000385825,5.330000021785963e-05,0.0032567309999649297,0.003171814225735144,0.0020000000000000018,0.6343628451470288,20.784609927249946,0.0848010700533227,False,nan,nan,False,False
1627,8.135,0.005063048000010895,0.0015467319999515894,8.374999197258148e-06,0.00043711800026358105,0.0011123400008727913,5.045400030212477e-05,0.0033848000002763,0.0030239269055097467,0.0020000000000000018,0.6047853811019495,20.784610089676498,0.08013863322018128,False,nan,nan,False,False
1628,8.14,0.005039423999733117,0.001656297000408813,8.326000170200132e-06,0.0016047799999796553,0.0012347690008027712,5.116499960422516e-05,0.003158487000291643,0.003171814340430798,0.0020000000000000018,0.6343628680861595,20.784611044394975,0.07986373691082158,False,nan,nan,False,False
1629,8.145,0.004917966000903107,0.0014478879993475857,7.834999451006297e-06,0.0002869970003303024,0.001007603999823914,5.1326000175322406e-05,0.0034180920001745108,0.0030239270004664455,0.0020000000000000018,0.6047854000932891,20.784610227307642,0.08444864423506196,False,nan,nan,False,False
1630,8.15,0.004931441999360686,0.0015023400001155096,5.5109994718804955e-06,0.00142796999989514,0.0009962530002667336,4.8860999413591344e-05,0.003435995000472758,0.0031718146168735082,0.0020000000000000018,0.6343629233747016,20.784613582245484,0.08596776834895593,False,nan,nan,False,False
1631,8.155,0.005004409000321175,0.0012702249996436876,5.820999831485096e-06,0.0003505549993860768,0.0009095400000660447,5.370999951992417e-05,0.003661317000478448,0.003023926402193375,0.0020000000000000018,0.604785280438675,20.784632946860242,0.07871966488920218,False,nan,nan,False,False
1632,8.16,0.004990561999875354,0.001515384000413178,5.480000254465267e-06,0.0014511839999613585,0.001132317999690713,4.355100008979207e-05,0.0034248349993504235,0.003171814308948777,0.0020000000000000018,0.6343628617897553,20.784621505893497,0.07748741088286457,False,nan,nan,False,False
1633,8.165000000000001,0.005004478999580897,0.0012445770007616375,5.37999949301593e-06,0.00033658999927865807,0.000887930000317283,5.72280005144421e-05,0.0037007709997851634,0.0030239261824594353,0.0020000000000000018,0.604785236491887,20.78463063989649,0.08258743386249684,False,nan,nan,False,False
1634,8.17,0.005014127000322333,0.0014932419999240665,5.640999916067813e-06,0.001384379000228364,0.0011260459996265126,4.338100006862078e-05,0.0034377490001133992,0.003171814234220042,0.0020000000000000018,0.6343628468440083,20.784627581855354,0.0827051150660687,False,nan,nan,False,False
1635,8.175,0.005003536000003805,0.0013382229999479023,5.9710000641644e-06,0.00027970399969490245,0.0009517899998172652,4.349099981482141e-05,0.0035821490000671474,0.0030239260549353715,0.0020000000000000018,0.6047852109870743,20.784633890556755,0.07693059897017787,False,nan,nan,False,False
1636,8.18,0.004995070999939344,0.0014942650004741154,5.9809999584103934e-06,0.001384449999932258,0.0011118089996671188,4.6567000026698224e-05,0.003430764999393432,0.003171814339597335,0.0020000000000000018,0.6343628679194669,20.784638933610054,0.08030155771837512,False,nan,nan,False,False
1637,8.185,0.004991986000277393,0.0014131620000625844,5.5499995141872205e-06,0.0002681719997781329,0.0009973149999495945,4.8038999921118375e-05,0.003530361999764864,0.0030239256985577436,0.0020000000000000018,0.6047851397115487,20.784665432519677,0.08440878537067988,False,nan,nan,False,False
1638,8.19,0.005010539000068093,0.0014864999993733363,5.2489995141513646e-06,0.0013999180000610068,0.0010629079997670488,5.2227999731258024e-05,0.0034662720008782344,0.003171814367397393,0.0020000000000000018,0.6343628734794785,20.784667350220897,0.083955010814626,False,nan,nan,False,False
1639,8.195,0.00506368999958795,0.0015554380006506108,8.304999937536195e-06,0.0003428609998081811,0.001132197000515589,4.899199939245591e-05,0.0034335919999648468,0.0030239253590874167,0.0020000000000000018,0.6047850718174833,20.78470544192995,0.08127011166538466,False,nan,nan,False,False
1640,8.2,0.005098033000649593,0.0016939979996095644,8.315999366459437e-06,0.0015490570003748871,0.0012446880000425153,5.035399954067543e-05,0.0031294919999709236,0.0031718145766300577,0.0020000000000000018,0.6343629153260115,20.784724713481495,0.07682748130439472,False,nan,nan,False,False
1641,8.205,0.004933435999191715,0.001526795000245329,8.244999662565533e-06,0.00037488100042537553,0.001081311999769241,4.957200053468114e-05,0.0033372810003129416,0.0030239247191331644,0.0020000000000000018,0.6047849438266328,20.78486320237738,0.08026494679671002,False,nan,nan,False,False
1642,8.21,0.004995522000172059,0.0016278240000247024,8.315999366459437e-06,0.0014761910006200196,0.001209090999509499,5.045400030212477e-05,0.00321575300040422,0.0031718152992374427,0.0020000000000000018,0.6343630598474885,20.784968662882196,0.07856709780216081,False,nan,nan,False,False
1643,8.215,0.004915481999887561,0.0012991700004931772,5.7609995565144345e-06,0.00024027899962675292,0.000932312999793794,5.53640002181055e-05,0.0036269920001359424,0.0030239241469998254,0.0020000000000000018,0.6047848293999651,20.785425489296887,0.08056878942225511,False,nan,nan,False,False
1644,8.22,0.004993188000298687,0.0014361749999807216,5.470000360219274e-06,0.0013969120000183466,0.00106510099976731,5.867899926670361e-05,0.0034852380003940198,0.003171816393081969,0.0020000000000000018,0.6343632786163939,20.785675276142552,0.08348409578712174,False,nan,nan,False,False
1645,8.225,0.004985952999959409,0.0012823790002585156,5.128999873704743e-06,0.0002551870002207579,0.0009164530001726234,5.306999992171768e-05,0.003650646000096458,0.0030239255224666084,0.0020000000000000018,0.6047851044933217,20.787395176562942,0.07978797970612983,False,nan,nan,False,False
1646,8.23,0.0049969749998126645,0.0014201550002326258,5.4000001910026185e-06,0.001353009999547794,0.0010696199997255462,4.370199985714862e-05,0.003527537000081793,0.0031718183089043507,0.0020000000000000018,0.6343636617808702,20.788085535559148,0.07909266361313086,False,nan,nan,False,False
1647,8.235,0.005011261000618106,0.0012467419992390205,5.371000042941887e-06,0.0002894509998441208,0.000902658000086376,4.8811999477038626e-05,0.0036945380006727646,0.0030239269124678974,0.0020000000000000018,0.6047853824935795,20.784849314435135,0.08540442375347886,False,nan,nan,False,False
1648,8.24,0.005009468000025663,0.0015409319994432735,5.661000614054501e-06,0.0013718159998461488,0.0011415449998821714,4.737800009024795e-05,0.003394266999748652,0.003165728127731033,0.0020000000000000018,0.6331456255462066,20.46276335592875,0.08566783734383696,False,nan,nan,False,False
1649,8.245000000000001,0.005004678999284806,0.0014294830007202108,5.309000698616728e-06,0.0003679080000438262,0.0009973249998438405,6.126500011305325e-05,0.0034873519998654956,0.0030189501627096477,0.0020000000000000018,0.6037900325419295,20.784610890512415,0.07968805805066771,False,nan,nan,False,False
1650,8.25,0.00498384000002261,0.0014973100005590823,5.500999577634502e-06,0.0014631459998781793,0.0011080420008511283,4.326100042817416e-05,0.0034349329998804023,0.003138641153164056,0.0020000000000000018,0.6277282306328111,19.408339450774157,0.07922714130857796,False,nan,nan,False,False
1651,8.255,0.005001172000447696,0.0013596329999927548,5.410000085248612e-06,0.00033998500020970823,0.0009806839998418582,4.149699998379219e-05,0.0036271930002840236,0.0029970046862004634,0.0020000000000000018,0.5994009372400927,20.78460971577285,0.08477161701623848,False,nan,nan,False,False
1652,8.26,0.005095999999866763,0.0017149469995274558,8.396000339416787e-06,0.0015669200001866557,0.0012960129997736658,4.969299970980501e-05,0.003181780000886647,0.0031067418346539086,0.0020000000000000018,0.6213483669307817,19.122449661327718,0.08316618655357491,False,nan,nan,False,False
1653,8.265,0.005005971000173304,0.0015492080001422437,8.316000275954138e-06,0.0004475269997783471,0.001071423000212235,7.426899992424296e-05,0.0033491829999547917,0.002971635511594546,0.0020000000000000018,0.5943271023189092,20.784611899266146,0.07589434392177632,False,nan,nan,False,False
1654,8.27,0.005008246000215877,0.0019491249995553517,8.274999345303513e-06,0.0014730240000062622,0.0014451730003202101,0.00010585800009721424,0.002899813000112772,0.003083388838494037,0.0020000000000000018,0.6166777676988074,19.472797984457216,0.07816251985820555,False,nan,nan,False,False
1655,8.275,0.004959323999173648,0.0016108230001918855,8.43599991640076e-06,0.0003270419992986717,0.0011556409999684547,5.060499915998662e-05,0.003252061000239337,0.0029534421726960225,0.0020000000000000018,0.5906884345392045,20.78461004616245,0.08157693063182153,False,nan,nan,False,False
1656,8.28,0.004932384000312595,0.0016316210003424203,6.0720003602909856e-06,0.0013870129996575997,0.0011282900004516705,4.725799954030663e-05,0.0032978069993987447,0.0030628583480127266,0.0020000000000000018,0.6125716696025454,19.571301885209643,0.08035336173205741,False,nan,nan,False,False
1657,8.285,0.0049977159997069975,0.0014412650007216143,5.720999979530461e-06,0.00027486399994813837,0.001029345000461035,5.70760003029136e-05,0.00348594899969612,0.0029377558064862747,0.0020000000000000018,0.5875511612972548,20.784613503553455,0.0786431291990023,False,nan,nan,False,False
1658,8.290000000000001,0.004991673999938939,0.0013941280003564316,5.038999915996101e-06,0.0013697710000997176,0.0010410869999759598,4.35010006185621e-05,0.00354188300025271,0.0030617967413005785,0.0020000000000000018,0.6123593482601156,20.716154295385614,0.07864058455725324,False,nan,nan,False,False
1659,8.295,0.004996795000806742,0.0012319429997660336,5.2400000640773214e-06,0.00025054799971258035,0.0008854759998939699,4.361199989943998e-05,0.00371529800031567,0.002936954306849798,0.0020000000000000018,0.5873908613699597,20.784675638980733,0.08218373440876407,False,nan,nan,False,False
1660,8.3,0.005014977999962866,0.0015438469999935478,5.32000012753997e-06,0.0013675779991899617,0.0010996259998137248,5.396100004873006e-05,0.003386642999430478,0.0030446268760124496,0.0020000000000000018,0.6089253752024899,19.713971066515985,0.08018490840568769,False,nan,nan,False,False
1661,8.305,0.005001061999792,0.0013923540000178036,5.530999260372482e-06,0.00026778000028571114,0.0009870760004559997,4.518400055530947e-05,0.0036004329995193984,0.002924104970708121,0.0020000000000000018,0.5848209941416243,20.784884389009765,0.07642784732528415,False,nan,nan,False,False
1662,8.31,0.005101068999465497,0.0017466570006945403,8.296000487462152e-06,0.0014970290003475384,0.0013198679998822627,5.0113999350287486e-05,0.003107860999989498,0.0030446261086974945,0.0020000000000000018,0.6089252217394989,20.78606524789593,0.07662883566223261,False,nan,nan,False,False
1663,8.315,0.004965185000401107,0.0015419540004586452,8.365999747184105e-06,0.00032389599982707296,0.0011057380006604944,4.881099994236138e-05,0.0033983949997491436,0.0029241078348146844,0.0020000000000000018,0.5848215669629369,20.78682845312812,0.07922343210285442,False,nan,nan,False,False
1664,8.32,0.005048961999818857,0.001685432000158471,8.20500008558156e-06,0.001505045000158134,0.0012725300002784934,5.023399990022881e-05,0.003187510999850929,0.0030446269083471327,0.0020000000000000018,0.6089253816694266,20.785248526774893,0.08162931530100644,False,nan,nan,False,False
1665,8.325,0.004981576000318455,0.001522507000117912,8.154999704856891e-06,0.00038000099993951153,0.001066605000232812,4.98629997309763e-05,0.003308327000013378,0.002924105490359746,0.0020000000000000018,0.5848210980719493,20.784938246571983,0.07564970078168298,False,nan,nan,False,False
1666,8.33,0.004903148999801488,0.0014457630004471866,6.241999471967574e-06,0.0013770850000582868,0.0010644699996191775,5.873000009160023e-05,0.0034802789996319916,0.0030446264638216824,0.0020000000000000018,0.6089252927643365,20.786599369363383,0.07899680407408764,False,nan,nan,False,False
1667,8.335,0.004990993000319577,0.0012738420000459882,5.569999302679207e-06,0.0002635630007716827,0.0008941420001065126,5.3449999541044235e-05,0.003659823999441869,0.0029241117740715712,0.0020000000000000018,0.5848223548143143,20.788395087950832,0.07874475406421366,False,nan,nan,False,False
1668,8.34,0.004999869999664952,0.001372186000480724,5.720999979530461e-06,0.0013832069998898078,0.0010182139994867612,4.5836000026611146e-05,0.0035604689992396743,0.0030446261257390376,0.0020000000000000018,0.6089252251478076,20.786487804217955,0.0775865868311442,False,nan,nan,False,False
1669,8.345,0.004992596999727539,0.001234368000041286,5.0589997044880874e-06,0.0002609879993542563,0.000887680000232649,4.3010999434045516e-05,0.0037166300007811515,0.0029241072351101852,0.0020000000000000018,0.5848214470220371,20.785624904441388,0.0788264980519103,False,nan,nan,False,False
1670,8.35,0.005018394000217086,0.0015007470001364709,5.419999979494605e-06,0.0013834569999744417,0.0011207260004084674,4.581499979394721e-05,0.00342661800004862,0.0030446345205951235,0.0020000000000000018,0.6089269041190247,20.791609686608908,0.08072132292592547,False,nan,nan,False,False
1671,8.355,0.004995201000383531,0.001315450000220153,5.5300006351899356e-06,0.00024604000009276206,0.0009490549991824082,4.694800009019673e-05,0.003679150999232661,0.0029241350605717525,0.0020000000000000018,0.5848270121143505,20.802298024858693,0.07763917545902456,False,nan,nan,False,False
1672,8.36,0.005103864999910002,0.0017528079997646273,8.335000529768877e-06,0.0014859290004096692,0.0013016439997954876,5.058499937149463e-05,0.0030813319999651867,0.003044630257139897,0.0020000000000000018,0.6089260514279794,20.799007021663346,0.07731095937605537,False,nan,nan,False,False
1673,8.365,0.004911093999908189,0.0014945650000299793,6.713000402669422e-06,0.0002711669994823751,0.0010425690006741206,5.097499979456188e-05,0.003425154999604274,0.0029241313476557093,0.0020000000000000018,0.5848262695311419,20.797861110312873,0.08085139487711242,False,nan,nan,False,False
1674,8.370000000000001,0.004989820999981021,0.001544357999591739,5.740000233345199e-06,0.0013813629993819632,0.0011488380005175713,5.082500047137728e-05,0.003384028000255057,0.0028565321562040186,0.0020000000000000018,0.5713064312408037,24.011779503620055,0.07919112618221379,False,nan,nan,False,False
1675,8.375,0.004999869999664952,0.0013819440000588656,5.529999725695234e-06,0.00027057599982072134,0.0009849620000750292,4.434299989952706e-05,0.00354041100035829,0.002924154658638283,0.0020000000000000018,0.5848309317276565,24.017887191167105,0.07593536016691974,False,nan,nan,False,False
1676,8.38,0.004991333999896597,0.0014825820007899893,5.6110002333298326e-06,0.0013735889997406048,0.0011171489995831507,4.465300025913166e-05,0.0034547509994808934,0.0026552390680757453,0.0017000000000000348,0.5310478136151491,26.883344023756532,0.074909704046075,False,nan,nan,False,False
1677,8.385,0.005005180000807741,0.0013419389997579856,5.621000127575826e-06,0.00026224100020044716,0.0009599650002201088,4.82299992654589e-05,0.00358578600025794,0.0029241068641885537,0.0020000000000000018,0.5848213728377109,26.84176221512747,0.07931609997456926,False,nan,nan,False,False
1678,8.39,0.004998596999939764,0.0015299719998438377,5.5499995141872205e-06,0.0014584769996872637,0.001124913999774435,5.0104000365536194e-05,0.003406679999898188,0.0029004252251287467,0.0020000000000000018,0.5800850450257494,20.820082788988305,0.07931368989064827,False,nan,nan,False,False
1679,8.395,0.005005049999454059,0.0013950890006526606,5.74100067751715e-06,0.00035184799980925163,0.0009838799996941816,4.604599962476641e-05,0.0035438169998087687,0.0024460151457628178,0.0017000000000000348,0.4892030291525636,22.399392529587406,0.0671901793880659,False,nan,nan,False,False
1680,8.4,0.005006952999792702,0.0015066380001371726,5.229999260336626e-06,0.001477142000112508,0.0011158469997099019,4.230899958201917e-05,0.0034103170000889804,0.002859287861868532,0.0020000000000000018,0.5718575723737066,21.119647867293676,0.07473885485401825,False,nan,nan,False,False
1681,8.405,0.00498463200074184,0.0013500340000973665,5.238999619905371e-06,0.00035232899972470477,0.0009713360004752758,4.046599951834651e-05,0.0036986869999964256,0.002449618768864774,0.0017000000000000348,0.48992375377295483,24.0121077861555,0.07441095804360082,False,nan,nan,False,False
1682,8.41,0.005157964999852993,0.0016695120002623298,8.155000614351593e-06,0.0016254500005743466,0.0012298999999984517,5.555400002776878e-05,0.003114013999947929,0.0029643016958327195,0.0020000000000000018,0.5928603391665439,26.85070612404769,0.07012176765554948,False,nan,nan,False,False
1683,8.415000000000001,0.004860739999458019,0.0013959910002085962,6.381000275723636e-06,0.00036444099987420486,0.0010022249998655752,4.504400021687616e-05,0.0035887510002794443,0.0028324193667604585,0.0020000000000000018,0.5664838733520918,24.068106757950385,0.07183398803149324,False,nan,nan,False,False
1684,8.42,0.005094497000754927,0.0017182829997182125,8.295000043290202e-06,0.0015784819997861632,0.0012320040004851762,4.9932999900192954e-05,0.003109424999820476,0.003171608502873982,0.0020000000000000018,0.6343217005747963,24.122748098817357,0.0663689989579207,False,nan,nan,False,False
1685,8.425,0.004906945999209711,0.001502460000665451,6.942999789316673e-06,0.000374579999515845,0.0010391830001026392,6.160500015539583e-05,0.0034718719998636516,0.0028328257601387625,0.0020000000000000018,0.5665651520277526,24.25873446069715,0.07326932487032413,False,nan,nan,False,False
1686,8.43,0.005084047000309511,0.0017108600004576147,8.336000064446125e-06,0.001570937999531452,0.001288630000090052,5.0554000154079404e-05,0.003179815999828861,0.003171498593776882,0.0020000000000000018,0.6342997187553764,24.186800996295744,0.07753177891679146,False,nan,nan,False,False
1687,8.435,0.004999779999707243,0.0015558200002487865,8.565999451093376e-06,0.0004488499998842599,0.0011215169997740304,4.9261999265581835e-05,0.003401570999812975,0.0031072658851039833,0.002,0.6214531770207966,24.139116374539377,0.074674319643103,False,nan,nan,False,False
1688,8.44,0.005066745000476658,0.0017928529996424913,8.314999831782188e-06,0.0016402269993704977,0.00134101800085773,5.1465999604261015e-05,0.0030329420005728025,0.003307884302734883,0.0020000000000000018,0.6615768605469765,27.12041016617323,0.07372510130345965,False,nan,nan,False,False
1689,8.445,0.004935320000186039,0.0015325349995691795,8.166000043274835e-06,0.0004610619998857146,0.0010923730005742982,4.9201999900105875e-05,0.003353240999786067,0.0031090393373233915,0.002,0.6218078674646784,27.65740128230572,0.07990529681424956,False,nan,nan,False,False
1690,8.45,0.00499594199936837,0.0017690380000203731,8.365999747184105e-06,0.001566859999911685,0.001321300999734376,5.9472000430105254e-05,0.003123000000414322,0.0033074593733830398,0.0020000000000000018,0.661491874676608,27.254192607136307,0.07618588743110737,False,nan,nan,False,False
1691,8.455,0.005000972000743786,0.0015915469994070008,8.46599959913874e-06,0.00044755699946108507,0.0011460330006229924,4.976299987902166e-05,0.003266728000198782,0.003465483121412705,0.0020000000000000018,0.6930966242825409,20.848210551947272,0.07825265986585368,False,nan,nan,False,False
1692,8.46,0.004968611999174755,0.0017022430001816247,8.296000487462152e-06,0.001534380000521196,0.0012634630002139602,5.0134000048274174e-05,0.003167462999954296,0.0031607246224988166,0.0020000000000000018,0.6321449244997633,24.00018487120628,0.08287818302562622,False,nan,nan,False,False
1693,8.465,0.00494781200086436,0.0014674949998152442,6.532000043080188e-06,0.0003615160003391793,0.0010513159995753085,4.57559999631485e-05,0.003585323999686807,0.003465484574553873,0.0020000000000000018,0.6930969149107744,24.003256952268917,0.07842613843966253,False,nan,nan,False,False
1694,8.47,0.005162223999832349,0.0016714659996068804,8.506000085617416e-06,0.0015770889995110338,0.001243033999344334,5.054500070400536e-05,0.0030866719998812187,0.0031607377827147427,0.0020000000000000018,0.6321475565429486,24.00755856818126,0.08166035319168971,False,nan,nan,False,False
1695,8.475,0.004837726999539882,0.001394777999848884,6.421999387384858e-06,0.00026977400011674035,0.0009950610001396853,4.564499977277592e-05,0.0035402500006966875,0.0033014575242541378,0.0020000000000000018,0.6602915048508275,26.84274238258842,0.08565983260979565,False,nan,nan,False,False
1696,8.48,0.00500633200044831,0.0015827600000193343,6.4420000853715464e-06,0.0014169389996823156,0.0011612320004132926,6.0744000620616134e-05,0.003327581999656104,0.0031607469259361328,0.0020000000000000018,0.6321493851872265,26.84557331810835,0.08367049456543842,False,nan,nan,False,False
1697,8.485,0.004978358999323973,0.0014329600007840781,5.871000212209765e-06,0.0003076960001635598,0.0009938690000126371,5.802899977425113e-05,0.0035567909999372205,0.0033014607803506023,0.0020000000000000018,0.6602921560701205,26.847225865681914,0.07846402344057997,False,nan,nan,False,False
1698,8.49,0.005099496000184445,0.0016926060006881016,8.144999810610898e-06,0.00156079799944564,0.0012835710003855638,5.017399962525815e-05,0.003197568999894429,0.003160790676871673,0.0020000000000000018,0.6321581353743346,26.859762606163606,0.08466024019316538,False,nan,nan,False,False
1699,8.495000000000001,0.005000742000447644,0.0015699059995313291,8.285000149044208e-06,0.00036901000021316577,0.0011458529997980804,4.992300000594696e-05,0.003410959000575531,0.003301603531085031,0.0020000000000000018,0.6603207062170063,26.916814795159066,0.08419971045452385,False,nan,nan,False,False
1700,8.5,0.005089968999527628,0.0016577400001551723,8.396000339416787e-06,0.0015622319997419254,0.0012218649999340414,4.976299987902166e-05,0.0031586160002916586,0.0031610371883790704,0.0020000000000000018,0.6322074376758141,27.007897841024437,0.08415001663421863,False,nan,nan,False,False
1701,8.505,0.004924789000142482,0.0015223870004774653,8.506000085617416e-06,0.00038227499953791266,0.0010746699999799603,4.966199958289508e-05,0.0033516079993205494,0.00330242673060266,0.0020000000000000018,0.6604853461205321,27.29579141477344,0.07757831663188507,False,nan,nan,False,False
1702,8.51,0.004983810000339872,0.0017156779995275429,8.265000360552222e-06,0.0014747980003448902,0.0012131880002925755,5.0614999963727314e-05,0.00317372500012425,0.003162252223058737,0.0020000000000000018,0.6324504446117474,27.76957473624356,0.07999500044296742,False,nan,nan,False,False
1703,8.515,0.004998878000151308,0.0015877789992373437,8.62600063555874e-06,0.00035151800057064975,0.0011194839999006945,4.9863000640471e-05,0.0032473130004291306,0.003306985900025561,0.0020000000000000018,0.6613971800051123,29.228442962001136,0.0817251474976895,False,nan,nan,False,False
1704,8.52,0.0049138589993162896,0.0017222410006070277,6.401999598892871e-06,0.001398886999595561,0.0013164319998395513,4.7387999984493945e-05,0.0031994529999792576,0.0031625888402511283,0.0020000000000000018,0.6325177680502256,29.393876913396547,0.08130358650098558,False,nan,nan,False,False
1705,8.525,0.004995963000510528,0.0012877079998361296,5.992000296828337e-06,0.00026675899971451145,0.0009169750001092325,5.261800015432527e-05,0.003634366000369482,0.003306985900025561,0.0020000000000000018,0.6613971800051123,29.393876913396547,0.07635122803481623,False,nan,nan,False,False
1706,8.53,0.004992725999727554,0.00149109900030453,5.689999852620531e-06,0.0013653829992108513,0.0011142039993501385,4.568599979393184e-05,0.003444111000135308,0.0031625888402511283,0.0020000000000000018,0.6325177680502256,29.393876913396547,0.08218834692852606,False,nan,nan,False,False
1707,8.535,0.005002615999728732,0.0012484839999160613,5.32000012753997e-06,0.0002901319994634832,0.0008903750003810273,4.638700011128094e-05,0.003680803000861488,0.003306985900025561,0.0020000000000000018,0.6613971800051123,29.393876913396547,0.08551298804779087,False,nan,nan,False,False
1708,8.540000000000001,0.004997734999960812,0.001436898000065412,5.109000085212756e-06,0.001376853999317973,0.0010709930002121837,5.8630000239645597e-05,0.0034969389998877887,0.0031625888402511283,0.0020000000000000018,0.6325177680502256,29.393876913396547,0.08410564649032577,False,nan,nan,False,False
1709,8.545,0.0050075550007022684,0.0012516500000856468,5.660999704559799e-06,0.00026627700026438106,0.0009030989995153504,4.6877999920980074e-05,0.003671206000035454,0.003306985900025561,0.0020000000000000018,0.6613971800051123,29.393876913396547,0.08008644018354172,False,nan,nan,False,False
1710,8.55,0.004988888999832852,0.0014364569997269427,5.32000012753997e-06,0.0013829760000589886,0.0010631979994286667,6.535300053656101e-05,0.003497049000543484,0.0031625888402511283,0.0020000000000000018,0.6325177680502256,29.393876913396547,0.08343871174635963,False,nan,nan,False,False
1711,8.555,0.005005349999919417,0.0012382060003801598,5.390000296756625e-06,0.0002640940001583658,0.0008920780001062667,4.6567000026698224e-05,0.0036924749992977013,0.003306985900025561,0.0020000000000000018,0.6613971800051123,29.393876913396547,0.08041849723126115,False,nan,nan,False,False
1712,8.56,0.004998096999770496,0.0014055390001885826,5.439999767986592e-06,0.0013857209996785969,0.0010414070002298104,4.430299941304838e-05,0.003533136999976705,0.0031625888402511283,0.0020000000000000018,0.6325177680502256,29.393876913396547,0.08453401309661387,False,nan,nan,False,False
1713,8.565,0.005007114000363799,0.0012353100000837003,5.609999789157882e-06,0.00026483600049687084,0.0008878310000000056,4.500399973039748e-05,0.0036911119996148045,0.003306985900025561,0.0020000000000000018,0.6613971800051123,29.393876913396547,0.0763755574474094,False,nan,nan,False,False
1714,8.57,0.0049951809996855445,0.0014974799996707588,5.590999535343144e-06,0.0013728769999943324,0.0011202650002815062,4.4162999984109774e-05,0.003443059000346693,0.0031625888402511283,0.0020000000000000018,0.6325177680502256,29.393876913396547,0.08257362270942473,False,nan,nan,False,False
1715,8.575000000000001,0.005011811999793281,0.0012550170004033134,5.541000064113177e-06,0.0002704959997572587,0.0008927790004236158,5.941099971096264e-05,0.003671174999908544,0.003306985900025561,0.0020000000000000018,0.6613971800051123,29.393876913396547,0.08114424766213851,False,nan,nan,False,False
1716,8.58,0.0049797219999163644,0.00120824000077846,4.057999831275083e-06,0.0012976469997738604,0.0007924219999040361,4.4393000280251727e-05,0.00372398399940721,0.0031625888402511283,0.0020000000000000018,0.6325177680502256,29.393876913396547,0.0831884709484377,False,nan,nan,False,False
1717,8.585,0.005000562000532227,0.001229808999596571,5.46000046597328e-06,0.00017730099989421433,0.0008810170002107043,4.531499962467933e-05,0.0037090260002514697,0.003306985900025561,0.0020000000000000018,0.6613971800051123,29.393876913396547,0.08139790441345617,False,nan,nan,False,False
1718,8.59,0.0050068319997080835,0.0014836250002190354,5.459999556478579e-06,0.0012915550005345722,0.0010181450006712112,4.328100021666614e-05,0.0034495609997975407,0.0031625888402511283,0.0020000000000000018,0.6325177680502256,29.393876913396547,0.08214221617399883,False,nan,nan,False,False
1719,8.595,0.005002556000363256,0.001242773999365454,5.6500002756365575e-06,0.00017600900082470616,0.0008895629998733057,4.589600030158181e-05,0.003685622000375588,0.003306985900025561,0.0020000000000000018,0.6613971800051123,29.393876913396547,0.08305744245577676,False,nan,nan,False,False
1720,8.6,0.004995661999600998,0.0015104040003279806,5.270000656310003e-06,0.0012717680001514964,0.0011417050000090967,4.59060001958278e-05,0.003470028999799979,0.0031292275757380497,0.0020000000000000018,0.6258455151476099,24.392113985673404,0.08563789661571196,False,nan,nan,False,False
1721,8.605,0.005049673000030452,0.001250569000148971,5.550000423681922e-06,0.00012114599940105109,0.0008914070003811503,4.95529993713717e-05,0.0036242070000298554,0.003334470447418696,0.0020000000000000018,0.6668940894837392,29.393876913396547,0.08262525363510247,False,nan,nan,False,False
1722,8.61,0.0049386350001441315,0.0014702199996463605,5.029000021750107e-06,0.001152495000496856,0.0010877640006583533,5.848900036653504e-05,0.003524409999954514,0.0031292275757380497,0.0020000000000000018,0.6258455151476099,29.393876913396547,0.08140114720129396,False,nan,nan,False,False
1723,8.615,0.0050668650001171045,0.0012547770002129255,5.8100004025618546e-06,0.00012497300031100167,0.0009039610004037968,5.141600013303105e-05,0.003624617999776092,0.0033301324982317935,0.0020000000000000018,0.6660264996463587,29.276829289426328,0.08238391677496881,False,nan,nan,False,False
1724,8.620000000000001,0.004946551000102772,0.001487540999733028,5.480000254465267e-06,0.0012462499998946441,0.0010022849992310512,4.650699975172756e-05,0.0034506330002841423,0.0032420990484621913,0.0020000000000000018,0.6484198096924382,29.393876913396547,0.08320144755350924,False,nan,nan,False,False
1725,8.625,0.005008686000110174,0.0012350699998933123,5.6009994295891374e-06,0.0001552499998069834,0.0008916770002542762,4.298000021663029e-05,0.003686402999846905,0.0035430904184490172,0.0020000000000000018,0.7086180836898035,29.393876913396433,0.0785812166412231,False,nan,nan,False,False
1726,8.63,0.004992946999664127,0.0013920540004619397,5.4510001064045355e-06,0.0012639629994737334,0.0010013330002038856,4.449300013220636e-05,0.0035410709997449885,0.003480670084654694,0.0020000000000000018,0.6961340169309387,26.862889769283456,0.08100310937498582,False,nan,nan,False,False
1727,8.635,0.00500429899966548,0.001264774999981455,5.570000212173909e-06,0.00014635399929829873,0.0008966670002337196,5.164699996385025e-05,0.0036584210001819883,0.003836197232234519,0.0020000000000000018,0.7672394464469038,29.393876913396547,0.08447887854633325,False,nan,nan,False,False
1728,8.64,0.004992906000552466,0.0013855209999746876,5.471000804391224e-06,0.0012651759998334455,0.0010327410000172677,4.3230999835941475e-05,0.0035512909998942632,0.0037310561823801487,0.0020000000000000018,0.7462112364760297,29.393876913396547,0.08876508459636502,False,nan,nan,False,False
1729,8.645,0.005002935999982583,0.0012616389994946076,5.169999894860666e-06,0.00016249300006165868,0.0008850649992382387,6.534199928864837e-05,0.0036659460001828847,0.004056118405644585,0.0020000000000000018,0.811223681128917,27.94615842523237,0.08370538134718108,False,nan,nan,False,False
1730,8.65,0.004997074999664619,0.0014909780002199113,5.7909992392524146e-06,0.0012661269993259339,0.0011310549998597708,4.1788000089582056e-05,0.0035037919997193967,0.0038793973499840115,0.0020000000000000018,0.7758794699968022,29.393876913396547,0.09278902067965884,False,nan,nan,False,False
1731,8.655,0.005060432999925979,0.0013553340004364145,5.720999979530461e-06,0.00011905200062756194,0.0009779789997992339,4.182800057606073e-05,0.0035147329999745125,0.004278809503416094,0.0020000000000000018,0.8557619006832188,29.39387691340017,0.09133465514442046,False,nan,nan,False,False
1732,8.66,0.004928637000375602,0.0013918220001869486,4.969000656274147e-06,0.001253352999810886,0.0009718970004541916,4.604599962476641e-05,0.0035487469995132415,0.0038793973499840115,0.0020000000000000018,0.7758794699968022,29.39387691340017,0.09887313863905196,False,nan,nan,False,False
1733,8.665000000000001,0.00501045900000463,0.0012561599996843142,5.469999450724572e-06,0.00014736499997525243,0.0009097910005948506,4.5836000026611146e-05,0.0037361659997259267,0.00427756308994305,0.0020000000000000018,0.8555126179886101,28.920684156200455,0.0935929515308991,False,nan,nan,False,False
1734,8.67,0.00510211100026936,0.0017041569999491912,8.226000318245497e-06,0.0013711739993595984,0.001281035999454616,4.960200021741912e-05,0.0031318769997596974,0.003966705098008191,0.0020000000000000018,0.7933410196016382,24.770366941063855,0.10150129871956551,False,nan,nan,False,False
1735,8.675,0.0049148709995279205,0.0014518660000248929,6.801999916206114e-06,0.00014791699959459947,0.0010368389994255267,5.359000078897225e-05,0.003463396000370267,0.0040673638604350046,0.0020000000000000018,0.8134727720870009,24.98226306188873,0.10074622489433145,False,nan,nan,False,False
1736,8.68,0.004987127000276814,0.001381622999360843,5.780999345006421e-06,0.0012664290006796364,0.0009810139999899548,4.554600036499323e-05,0.003550480000740208,0.0037966760902879036,0.0020000000000000018,0.7593352180575806,24.982263061892997,0.10536456345411423,False,nan,nan,False,False
1737,8.685,0.005005209999580984,0.0013637600004585693,5.6799999583745375e-06,0.00015103200075827772,0.0009781489998204052,5.411100028140936e-05,0.003554987999450532,0.00403075880921492,0.0020000000000000018,0.8061517618429838,23.99999999999868,0.09875130282433633,False,nan,nan,False,False
1738,8.69,0.004990762000488758,0.0015500989993597614,5.480000254465267e-06,0.0012654860001930501,0.0011431980001361808,5.3249000302457716e-05,0.0033824960000856663,0.0037966760902879036,0.0020000000000000018,0.7593352180575806,23.99999999999868,0.1015600795505994,False,nan,nan,False,False
1739,8.695,0.005001462999643991,0.0014152069998090155,5.390000296756625e-06,0.00014911800008121645,0.0009927569999490515,4.631600040738704e-05,0.0035290690002511838,0.0037595526999177134,0.0020000000000000018,0.7519105399835426,21.832535897101213,0.1014020962313742,False,nan,nan,False,False
1740,8.700000000000001,0.005012954999983776,0.0015140810000957572,5.220000275585335e-06,0.0012709570000879467,0.0011310350000712788,4.5946000682306476e-05,0.0034007200001724414,0.0035612522562368755,0.0020000000000000018,0.7122504512473751,21.533084782319026,0.1017913678689005,False,nan,nan,False,False
1741,8.705,0.004979492000529717,0.0013630579996970482,5.118999979458749e-06,0.00014161499984766124,0.0009873560002233717,4.07859997721971e-05,0.0037095669995323988,0.0033971458198774787,0.0020000000000000018,0.6794291639754957,17.529655866599867,0.09685654643052377,False,nan,nan,False,False
1742,8.71,0.0052037509994988795,0.0016702630000509089,1.0198999916610774e-05,0.001478964999478194,0.0012253210006747395,6.185499933053507e-05,0.0030684780003866763,0.003264427800328791,0.0020000000000000018,0.6528855600657582,20.820136157578983,0.10133351023154628,False,nan,nan,False,False
1743,8.715,0.004814333000467741,0.001385480999488209,6.923000000824686e-06,0.00014712600022903644,0.00099666400001297,4.5716000386164524e-05,0.003539909000210173,0.003136253553895008,0.0020000000000000018,0.6272507107790016,17.342304733661816,0.09846515597893052,False,nan,nan,False,False
1744,8.72,0.004995560999304871,0.001578753000103461,5.990999852656387e-06,0.0012427640003807028,0.0011531170002854196,5.060399962530937e-05,0.0033471090000603,0.0030411937237475907,0.0020000000000000018,0.6082387447495181,21.00082873627969,0.0912320166515773,False,nan,nan,False,False
1745,8.725,0.0049944299998969655,0.0014383800007635728,5.781000254501123e-06,0.00015096200058906106,0.0010071430006064475,5.639500068355119e-05,0.003491128999485227,0.0031362524692787443,0.0020000000000000018,0.6272504938557488,21.001041352772415,0.08498031883341768,False,nan,nan,False,False
1746,8.73,0.004997796000679955,0.0015406519996759016,5.529999725695234e-06,0.0012658779996854719,0.0011483480002425495,4.845100011152681e-05,0.0033875039998747525,0.0029040847622700274,0.0020000000000000018,0.5808169524540056,24.000207202820295,0.08242425600858597,False,nan,nan,False,False
1747,8.735,0.004996012999981758,0.001354021999759425,5.500999577634502e-06,0.00014075400031288154,0.0009677090001787292,4.2208999730064534e-05,0.0035874889999831794,0.0029865443619102585,0.0020000000000000018,0.5973088723820517,22.810177736568203,0.08032239169184219,False,nan,nan,False,False
1748,8.74,0.005013846000110789,0.001498772999184439,5.5199998314492404e-06,0.0012717180006802664,0.0011247129996263538,4.7928999265423045e-05,0.0035139210003762855,0.002863227386546927,0.0020000000000000018,0.5726454773093854,24.001406491147268,0.0779716720134398,False,nan,nan,False,False
1749,8.745000000000001,0.005104364999169775,0.001386173000355484,6.573000064236112e-06,0.00015566100046271458,0.0009470810000493657,5.9109999710926786e-05,0.0034535880004114006,0.0030933909327700154,0.0020000000000000018,0.618678186554003,21.552956287612567,0.07471558020300267,False,nan,nan,False,False
1750,8.75,0.004912658000648662,0.0015246809998643585,5.83099972573109e-06,0.0012393879997034674,0.0011300030000711558,5.220799994276604e-05,0.003395269000066037,0.0030499973781340215,0.0020000000000000018,0.6099994756268042,24.008125501065283,0.07874860170319388,False,nan,nan,False,False
1751,8.755,0.0049900809999599005,0.0013012029994570184,5.509999937203247e-06,0.00012038499971822603,0.000928757000110636,4.876099956163671e-05,0.0036115140001129475,0.0033310180481799295,0.0020000000000000018,0.6662036096359858,23.253983939632572,0.07705738675643396,False,nan,nan,False,False
1752,8.76,0.004982376999578264,0.0014818910003668861,5.689999852620531e-06,0.0012241690001246752,0.0010996760001944494,4.9543000386620406e-05,0.00345808699967165,0.0035103684183807556,0.0020000000000000018,0.7020736836761511,20.785445924507243,0.08139901593835311,False,nan,nan,False,False
1753,8.765,0.005009268000321754,0.0012578420000863844,5.550999958359171e-06,0.00011842099956993479,0.0009020170000439975,5.092499941383721e-05,0.0036652239996328717,0.003443297071998148,0.0020000000000000018,0.6886594143996294,12.033360817948084,0.07655255933667048,False,nan,nan,False,False
1754,8.77,0.00499126399972738,0.0014805179998802487,5.540000529435929e-06,0.001237202999618603,0.0011019710000255145,4.480300049181096e-05,0.0035232590007581166,0.003590653476283335,0.0020000000000000018,0.718130695256667,17.597240165343564,0.082559670290141,False,nan,nan,False,False
1755,8.775,0.00507627200022398,0.0012608879997060285,5.590000000665896e-06,0.00012451299971871777,0.0008891019997463445,4.2609999582055025e-05,0.003588801000660169,0.0035111487024721377,0.0020000000000000018,0.7022297404944274,15.083368772772591,0.08685113132991318,False,nan,nan,False,False
1756,8.78,0.004917266000120435,0.0014585480003006523,5.330000021785963e-06,0.0012271650002730894,0.0010878450002564932,5.490300009114435e-05,0.0034787949998644763,0.0033734929316789923,0.002,0.6746985863357985,17.30797839202466,0.08878366943186565,False,nan,nan,False,False
1757,8.785,0.0050075540002580965,0.0012272449994270573,5.2400000640773214e-06,0.0001146039994637249,0.0008828910004012869,4.22590001107892e-05,0.003701863000060257,0.003508420633193634,0.0020000000000000018,0.7016841266387268,17.52145367442485,0.08679681995993348,False,nan,nan,False,False
1758,8.790000000000001,0.004995792000045185,0.0014471569993474986,5.339999916031957e-06,0.0012313020006331499,0.0010652820001268992,6.596299954253482e-05,0.0035169869997844216,0.00342041421708246,0.0020000000000000018,0.6840828434164921,17.456746479787814,0.09174601216505818,False,nan,nan,False,False
1759,8.795,0.005037450999225257,0.0012851230003434466,5.8910000007017516e-06,0.0001280999995287857,0.0009099119997699745,4.805999924428761e-05,0.0036089690001972485,0.003437630420364083,0.0020000000000000018,0.6875260840728166,18.27391572738632,0.08950649678816389,False,nan,nan,False,False
1760,8.8,0.004963361000591249,0.0014459240001087892,5.380000402510632e-06,0.0012252820006324328,0.001075510999726248,5.514299937203759e-05,0.0035367840000617434,0.0033484002423385876,0.0020000000000000018,0.6696800484677174,18.010720031900256,0.09036949384489601,False,nan,nan,False,False
1761,8.805,0.005050355000093987,0.0012581519995364943,5.2699997468153015e-06,0.00011412399999244371,0.0009003129998745862,4.9623000450083055e-05,0.0036198300003889017,0.0033604882335741063,0.0020000000000000018,0.6720976467148212,16.88303615800684,0.08507166143501343,False,nan,nan,False,False
1762,8.81,0.004948132999743393,0.0014130819999991218,5.380000402510632e-06,0.0012296189997869078,0.001058759999978065,4.346100013208343e-05,0.0035603079995780718,0.0031981351154088166,0.0020000000000000018,0.6396270230817633,22.86855768170466,0.08867151360249556,False,nan,nan,False,False
1763,8.815,0.00504011500015622,0.0012151229993833113,5.740999768022448e-06,0.00012163800056441687,0.0008716699994693045,4.5945999772811774e-05,0.00368082300064998,0.00326909217550832,0.0020000000000000018,0.6538184351016639,17.09100176693541,0.08673728564549316,False,nan,nan,False,False
1764,8.82,0.004961048000041046,0.001382123999974283,5.118999979458749e-06,0.0012305410000408301,0.00098649400024442,4.356200042821001e-05,0.0035481949998938944,0.003388978824381622,0.0020000000000000018,0.6777957648763243,20.36101909702531,0.08919511364129165,False,nan,nan,False,False
1765,8.825000000000001,0.004997835999347444,0.0012178169999970123,5.29000044480199e-06,0.0001420050002707285,0.0008781520000411547,4.17989995185053e-05,0.0037171410003793426,0.0033186813379801564,0.0020000000000000018,0.6637362675960313,17.705402287863503,0.08515696532622531,False,nan,nan,False,False
1766,8.83,0.005003036000744032,0.0014516940000248724,5.49000014871126e-06,0.0012595250000231317,0.0010717839995777467,5.677700028172694e-05,0.0035259139995105215,0.0035012270397709183,0.0020000000000000018,0.7002454079541837,16.023851624144875,0.08750802059408536,False,nan,nan,False,False
1767,8.835,0.005048700999395805,0.0012311919999774545,5.5810005505918525e-06,0.00012632600009965245,0.0008823400003166171,5.055499968875665e-05,0.0036524900006043026,0.0037539100086321268,0.0020000000000000018,0.7507820017264253,18.679673415028407,0.08844440304864158,False,nan,nan,False,False
1768,8.84,0.004952872000103525,0.001444671000172093,5.060000148660038e-06,0.0012578019995999057,0.001070170999810216,5.540300026041223e-05,0.003483956000309263,0.003928844312379761,0.0020000000000000018,0.7857688624759521,17.232284651753492,0.09176373202900968,False,nan,nan,False,False
1769,8.845,0.004994640000404615,0.0012311319997024839,5.470999894896522e-06,0.00015122300010261824,0.0008807770000203163,4.398200053401524e-05,0.0037062510000396287,0.003791665687885537,0.0020000000000000018,0.7583331375771074,16.976287616199155,0.09119488781973534,False,nan,nan,False,False
1770,8.85,0.005005780999454146,0.001407202000336838,5.189999683352653e-06,0.0012553369997476693,0.0010537810003370396,4.4733999857271556e-05,0.0035311430001456756,0.003928846457937382,0.0020000000000000018,0.7857692915874764,16.972580884193366,0.09450574602589304,False,nan,nan,False,False
1771,8.855,0.005004929000278935,0.0012145009995947476,5.4000001910026185e-06,0.00014811699929850874,0.0008686949995535542,4.24190002377145e-05,0.003712814000209619,0.003802607907506244,0.0020000000000000018,0.7605215815012488,13.449091306976184,0.09463849150320373,False,nan,nan,False,False
1772,8.86,0.004996845000277972,0.0014608519995817915,5.179000254429411e-06,0.001263252000171633,0.0010657630000423524,7.962900053826161e-05,0.00346893700043438,0.00394939340597558,0.0020000000000000018,0.789878681195116,16.999078288523794,0.103390117085939,False,nan,nan,False,False
1773,8.865,0.004999869999664952,0.0012558779999380931,5.479999344970565e-06,0.00013820799995301059,0.000906946000213793,4.468299994186964e-05,0.003677296999740065,0.003932731890575211,0.0020000000000000018,0.7865463781150422,1.8548026929309138,0.10035215386968022,False,nan,nan,False,False
1774,8.870000000000001,0.005004358000405773,0.0014575159993910347,5.94100038142642e-06,0.0011716709996107966,0.001067365999915637,5.5424000493076164e-05,0.003530261000378232,0.004043855434426669,0.0020000000000000018,0.8087710868853337,13.740014505386606,0.09788359720852544,False,nan,nan,False,False
1775,8.875,0.005057847999523801,0.0012692339996647206,5.719999535358511e-06,0.00011946300037379842,0.000895023000339279,4.5464999857358634e-05,0.003594411000449327,0.003983150758640412,0.0020000000000000018,0.7966301517280824,9.00607466930599,0.10390591833556076,False,nan,nan,False,False
1776,8.88,0.0049298089998046635,0.0014534880001519923,5.810999937239103e-06,0.0012514000000010128,0.001063539000824676,5.553400023927679e-05,0.003496809000353096,0.004057626759735444,0.0020000000000000018,0.8115253519470886,12.440364201547919,0.10264186791614521,False,nan,nan,False,False
1777,8.885,0.005017744000724633,0.0012474420000216924,5.32000012753997e-06,0.00015949800035741646,0.0008988810004666448,4.849099968851078e-05,0.0036726279995491495,0.0040320534547716985,0.0020000000000000018,0.8064106909543396,4.771596761679196,0.10008401697374046,False,nan,nan,False,False
1778,8.89,0.004985221999959322,0.0014445609995163977,5.119999514135998e-06,0.0012786209999831044,0.0010790279993670993,5.2848999985144474e-05,0.0034863399996538647,0.004092163737943782,0.0020000000000000018,0.8184327475887563,12.139542171267363,0.10362702095203112,False,nan,nan,False,False
1779,8.895,0.005000761999326642,0.0012450680005713366,5.259999852569308e-06,0.00014313700012280606,0.0008886109999366454,4.5634999878529925e-05,0.003690310999445501,0.004053602430170854,0.0020000000000000018,0.8107204860341707,8.27635265381583,0.1094518771310875,False,nan,nan,False,False
1780,8.9,0.00500161299987667,0.0014912380001987913,5.440000677481294e-06,0.001254636000339815,0.0010211200005869614,4.502399951888947e-05,0.0034436800006005797,0.004081177936081238,0.0020000000000000018,0.8162355872162474,12.223775800041219,0.11153075028068613,False,nan,nan,False,False
1781,8.905,0.005002645000786288,0.0012503479993029032,5.571000656345859e-06,0.00014740599999640835,0.0008891430006769951,5.31189998582704e-05,0.003679731000374886,0.004045208025229537,0.0020000000000000018,0.8090416050459073,10.160534186716403,0.10329498090526977,False,nan,nan,False,False
1782,8.91,0.00499747599951661,0.0013553540002249065,5.169000360183418e-06,0.0012573519998113625,0.0009716869999465416,4.4583000089915004e-05,0.003572941999664181,0.004003915283294189,0.0020000000000000018,0.8007830566588376,13.636138591791783,0.10140060976010888,False,nan,nan,False,False
1783,8.915000000000001,0.004997885999728169,0.0012243690007380792,5.390000296756625e-06,0.00014700499923492316,0.000885726999513281,4.242999966663774e-05,0.0037077939996379428,0.00400263717923102,0.0020000000000000018,0.8005274358462038,8.691915812493203,0.10596201113702068,False,nan,nan,False,False
1784,8.92,0.0049976860000242596,0.0014076719999138732,4.919000275549479e-06,0.0012558279995573685,0.0010436309994474868,5.4351000471797306e-05,0.0035378160000618664,0.003933128171567076,0.0020000000000000018,0.786625634313415,15.551735461975877,0.10899573050764903,False,nan,nan,False,False
1785,8.925,0.00501496800006862,0.001222917000632151,5.4299998737405986e-06,0.00015394799993373454,0.0008849050000208081,4.307100061851088e-05,0.0036986459999752697,0.003962236878460928,0.0020000000000000018,0.7924473756921856,10.457073212214466,0.1035001373296524,False,nan,nan,False,False
1786,8.93,0.00498846800019237,0.0014541700002155267,5.309999323799275e-06,0.0012556279998534592,0.0009755239998412435,5.484200028149644e-05,0.003476330999546917,0.003865922251882029,0.0020000000000000018,0.7731844503764057,17.45744011099637,0.10404841867599952,False,nan,nan,False,False
1787,8.935,0.004999028999918664,0.0012818270006391685,5.541000064113177e-06,0.00014511199970002053,0.0009204610005326685,6.016200040903641e-05,0.0036497549999694456,0.003920715196608448,0.0020000000000000018,0.7841430393216896,12.275296119333559,0.10515059366561154,False,nan,nan,False,False
1788,8.94,0.005005148999771336,0.0016252900004474213,5.710999175789766e-06,0.0012652049999815063,0.0010626580005919095,4.661700040742289e-05,0.0033028360003299895,0.003836585663962423,0.0020000000000000018,0.7673171327924846,17.489131660060988,0.10497144587883854,False,nan,nan,False,False
1789,8.945,0.005005772000004072,0.001256419000128517,5.871000212209765e-06,0.00015678300042054616,0.0008945930003392277,6.088400004955474e-05,0.0036656950005635736,0.0038996633438823833,0.0020000000000000018,0.7799326687764766,13.134218280604031,0.10034041735358322,False,nan,nan,False,False
1790,8.950000000000001,0.004994069000531454,0.0014808089999860385,5.590000000665896e-06,0.0012620799998330767,0.0010171929998250562,4.51340001745848e-05,0.003448929000114731,0.003819874192100922,0.0020000000000000018,0.7639748384201844,17.66404774202613,0.1014334060045353,False,nan,nan,False,False
1791,8.955,0.0049979460000031395,0.0012444969997886801,5.480000254465267e-06,0.0001416949999111239,0.0008854359994074912,4.865099981543608e-05,0.0036886079997202614,0.003887623100621461,0.0020000000000000018,0.7775246201242922,17.160962323478994,0.10615822703700135,False,nan,nan,False,False
1792,8.96,0.00500250499953836,0.0013842280004610075,5.6500002756365575e-06,0.001231864000146743,0.0009894400000121095,4.5265000153449364e-05,0.003551881999555917,0.003797241310461052,0.0020000000000000018,0.7594482620922104,17.98548592957537,0.10532884464261107,False,nan,nan,False,False
1793,8.965,0.0050067320007656235,0.0012649659993257956,5.8610003179637715e-06,0.00014597300014429493,0.0009100819997911458,5.340999996406026e-05,0.0036565680002240697,0.003868763344940056,0.0020000000000000018,0.7737526689880112,17.025627614789364,0.10012062699933731,False,nan,nan,False,False
1794,8.97,0.004988809999304067,0.0014509829998132773,5.459999556478579e-06,0.0012563090003823163,0.0010730559997682576,6.452099933085265e-05,0.0034817110008589225,0.0037717227344357903,0.0020000000000000018,0.754344546887158,18.276059364103613,0.1009555326291556,False,nan,nan,False,False
1795,8.975,0.005005990999961796,0.0012388370005282923,5.7010001910384744e-06,0.0001428280002073734,0.0008913969995774096,4.7108000217122026e-05,0.003702473999510403,0.0038544072297540433,0.0020000000000000018,0.7708814459508087,17.500810880262932,0.0993672736110928,False,nan,nan,False,False
1796,8.98,0.005012023000745103,0.001484545999119291,5.531000169867184e-06,0.0012726600007226807,0.0010074940000777133,4.582600013236515e-05,0.0034303450001971214,0.003755837284678045,0.0020000000000000018,0.7511674569356089,18.399277221801807,0.10251555938610485,False,nan,nan,False,False
1797,8.985,0.00498414999947272,0.0012559690003399737,5.550000423681922e-06,0.00014133399963611737,0.0009017269994728849,5.004299964639358e-05,0.0036749619994225213,0.0037889016140781186,0.0020000000000000018,0.7577803228156238,15.023128816838264,0.09800903054600794,False,nan,nan,False,False
1798,8.99,0.005001814000024751,0.0014485490000879508,5.750999662268441e-06,0.001342550000117626,0.0010779659996842383,5.4751999414293095e-05,0.003478134000033606,0.0036886209091758384,0.0020000000000000018,0.7377241818351676,16.540823499883423,0.09932987650496615,False,nan,nan,False,False
1799,8.995000000000001,0.004995211000277777,0.0012288979996810667,5.750999662268441e-06,0.0002295399999638903,0.0008829409998725168,4.4192000132170506e-05,0.003717120999681356,0.0036820991283707336,0.0020000000000000018,0.7364198256741468,13.653778775992139,0.10070869936347704,False,nan,nan,False,False
1800,9.0,0.005016570999941905,0.001376815000185161,5.630000487144571e-06,0.0013552339996749652,0.0009927870005412842,4.345199977251468e-05,0.0035454199996820535,0.0036116202130194778,0.0020000000000000018,0.7223240426038955,15.614703416487785,0.10192145279270834,False,nan,nan,False,False
1801,9.005,0.004993589000150678,0.0012527419994512456,5.590999535343144e-06,0.0001594380000824458,0.0008938720002333866,4.632699983631028e-05,0.0036790800004382618,0.003593714318250019,0.0020000000000000018,0.7187428636500036,13.93082243619876,0.09800900043432129,False,nan,nan,False,False
1802,9.01,0.005000249999284279,0.001438611000594392,5.640999916067813e-06,0.0012720590002572862,0.0010625369995977962,5.508300000656163e-05,0.003482131000055233,0.0035587137774871383,0.0020000000000000018,0.7117427554974277,12.302119493711123,0.09766147275821059,False,nan,nan,False,False
1803,9.015,0.004988689000128943,0.001243015000000014,5.208999937167391e-06,0.00013590400067187147,0.0008977390007203212,4.654700023820624e-05,0.003693196000313037,0.00352682296716914,0.0020000000000000018,0.705364593433828,13.231740869273956,0.0951651485806515,False,nan,nan,False,False
1804,9.02,0.005004850000659644,0.0013986750000185566,5.359999704523943e-06,0.001264965000700613,0.001036968999869714,4.360100047051674e-05,0.0035413829991739476,0.0035033969142957947,0.0020000000000000018,0.7006793828591589,11.103881389411429,0.09690796259252911,False,nan,nan,False,False
1805,9.025,0.005012422999243427,0.001254295000762795,5.650999810313806e-06,0.00016099100048450055,0.0008979389995147358,5.049399987910874e-05,0.0036655649992098915,0.0034673672337655623,0.0020000000000000018,0.6934734467531124,13.117908738864623,0.0910540935064467,False,nan,nan,False,False
1806,9.03,0.004988338000657677,0.0014815209997323109,5.28900000063004e-06,0.0012668600002143648,0.0009956820003935718,4.6486999963235576e-05,0.0034516639998400933,0.0034485102902669885,0.0020000000000000018,0.6897020580533978,9.389627901978058,0.08976299610434159,False,nan,nan,False,False
1807,9.035,0.005004208000173094,0.0012485649995142012,5.7099996411125176e-06,0.0001547599995319615,0.000896577000276011,4.8920999688562006e-05,0.003677296999740065,0.0033926966096391835,0.0020000000000000018,0.6785393219278367,13.293430093846771,0.09289537880500463,False,nan,nan,False,False
1808,9.040000000000001,0.004995020999558619,0.0014583669999410631,5.8809991969610564e-06,0.0012677810000241152,0.001068638000106148,5.6705999668338336e-05,0.0034696290003921604,0.0033956897584710034,0.0020000000000000018,0.6791379516942007,8.80830496079638,0.09556751343516548,False,nan,nan,False,False
1809,9.045,0.004998628000066674,0.001221473999976297,5.631000021821819e-06,0.0001488779998908285,0.0008803770006124978,4.315000023780158e-05,0.0037254970002322807,0.0033230354240253402,0.0020000000000000018,0.664607084805068,13.536274997430636,0.09154061989198985,False,nan,nan,False,False
1810,9.05,0.0050204879999000696,0.0014455430000452907,5.699999746866524e-06,0.0012949820002177148,0.0010735669993664487,5.508300000656163e-05,0.003470059999926889,0.0033270296247090232,0.0020000000000000018,0.6654059249418046,9.20911183669632,0.08996724780866656,False,nan,nan,False,False
1811,9.055,0.004983589999937976,0.0012416919998941012,5.450000571727287e-06,0.00015007999991212273,0.0008818890000839019,4.6767000640102196e-05,0.003688888000397128,0.0032694351316586837,0.0020000000000000018,0.6538870263317366,13.534503988191004,0.09005884991850668,False,nan,nan,False,False
1812,9.06,0.005003506999855745,0.0014761700003873557,6.160999873827677e-06,0.0012467420001485152,0.0010147969996978645,4.384200019558193e-05,0.0034466050001356052,0.0032606948223064956,0.0020000000000000018,0.652138964461299,8.383669765206024,0.09203025510489063,False,nan,nan,False,False
1813,9.065,0.004991314000108105,0.001254374999916763,5.469999450724572e-06,0.00013877900073566707,0.0009086090003620484,4.509399968810612e-05,0.0036811939999097376,0.003214911056707745,0.0020000000000000018,0.6429822113415489,13.445132788563425,0.08817768888939735,False,nan,nan,False,False
1814,9.07,0.005003176000172971,0.0014468660001512035,5.791000148747116e-06,0.0012599559995578602,0.001078295999832335,5.526299992197892e-05,0.0034840950002035243,0.0031973872141763176,0.0020000000000000018,0.6394774428352635,9.421494332322345,0.08684604560845055,False,nan,nan,False,False
1815,9.075000000000001,0.0049986869998974726,0.001213348999954178,5.199000042921398e-06,0.0001287400000364869,0.0008775209998930222,4.1387000237591565e-05,0.0037109499999132822,0.003167610706965344,0.0020000000000000018,0.6335221413930687,13.26089306604277,0.08949454658122807,False,nan,nan,False,False
1816,9.08,0.004990643000382988,0.0013735989996348508,5.37999949301593e-06,0.0012548959994092002,0.0009767370002009557,4.824999996344559e-05,0.003563272999599576,0.00316568296240071,0.0020000000000000018,0.633136592480142,7.873899751156379,0.08986965544237058,False,nan,nan,False,False
1817,9.085,0.005004257999644324,0.0012195110002721776,5.1890001486754045e-06,0.00013792799927614396,0.000879064000400831,4.2378999751235824e-05,0.0037143350000405917,0.0031460178089824887,0.0020000000000000018,0.6292035617964977,6.437271397924678,0.08506585659717023,False,nan,nan,False,False
1818,9.09,0.005000301000109175,0.0014605710002797423,5.040000360168051e-06,0.0012545359995783656,0.0010611139996399288,7.299700064322678e-05,0.003475348999927519,0.0030841797152673053,0.0020000000000000018,0.616835943053461,12.430378846095664,0.08284596830279126,False,nan,nan,False,False
1819,9.095,0.005006010999750288,0.0012335270002949983,5.791000148747116e-06,0.00013224699978309218,0.0008881109997673775,4.5945999772811774e-05,0.0036979050000809366,0.003081937657146408,0.0020000000000000018,0.6163875314292816,4.568789079300245,0.08400191573106795,False,nan,nan,False,False
1820,9.1,0.004998778000299353,0.0014132030000837403,5.809999493067153e-06,0.0012523219993454404,0.001050094000675017,4.264899962436175e-05,0.0035633130000860547,0.003052921158537382,0.0020000000000000018,0.6105842317074764,12.297229814701746,0.08101026087168582,False,nan,nan,False,False
1821,9.105,0.0050448339998183656,0.0012875379998149583,5.430999408417847e-06,0.00012000400056422222,0.0009120660006374237,4.483299926505424e-05,0.003594872000576288,0.0030510416009299794,0.0020000000000000018,0.6102083201859958,7.815614414464487,0.07736017167022062,False,nan,nan,False,False
1822,9.11,0.004952622000018891,0.0014342619997478323,5.8610003179637715e-06,0.0012503879997893819,0.0010627279998516315,5.39010006832541e-05,0.0034988130000783713,0.003040064758392641,0.0020000000000000018,0.6080129516785283,5.91324128727276,0.07937670352231749,False,nan,nan,False,False
1823,9.115,0.005011281000406598,0.001266848999875947,5.670000064128544e-06,0.00012443200012057787,0.0008907060000638012,5.057399994257139e-05,0.0036600149996957043,0.003006918736937914,0.0020000000000000018,0.6013837473875828,11.405255303957718,0.08053168316845702,False,nan,nan,False,False
1824,9.120000000000001,0.004995331999452901,0.0013776559999314486,5.670999598805793e-06,0.001268100999368471,0.0009884789997158805,4.42729997303104e-05,0.003545420000591548,0.0030097603711261686,0.0020000000000000018,0.6019520742252337,7.418326869084675,0.08222347455498975,False,nan,nan,False,False
1825,9.125,0.004993037000531331,0.001243003999661596,5.661000614054501e-06,0.00014628299959440483,0.0008892430005289498,5.141600013303105e-05,0.0036918340001648176,0.002986923528375209,0.0020000000000000018,0.5973847056750416,1.6992278841068853,0.07683682343130227,False,nan,nan,False,False
1826,9.13,0.005002363999665249,0.0014939639995645848,5.619999683403876e-06,0.0012515900007201708,0.0011501310000312515,3.4374999813735485e-05,0.003427159000239044,0.0029643378563210003,0.0020000000000000018,0.5928675712642001,10.85783812813777,0.07941119335802253,False,nan,nan,False,False
1827,9.135,0.004989291000129015,0.0012366219998511951,5.359999704523943e-06,0.00012497300031100167,0.0008933609997257008,4.400200032250723e-05,0.00370873500014568,0.0029633397272738706,0.0020000000000000018,0.5926679454547742,5.656611857967235,0.0817381365477444,False,nan,nan,False,False
1828,9.14,0.005016500999772688,0.0014576550001947908,5.440000677481294e-06,0.0012572910000017146,0.0009848909994616406,6.0463000409072265e-05,0.00346756499948242,0.002957830619196011,0.0020000000000000018,0.5915661238392023,2.3275220499843714,0.08349652712416444,False,nan,nan,False,False
1829,9.145,0.0049961830000029295,0.00126248000015039,5.7010001910384744e-06,0.0001937830002134433,0.0009141489999819896,5.032399985793745e-05,0.003667619000225386,0.002940979258414963,0.0020000000000000018,0.5881958516829926,7.5587834105001654,0.07858542982382503,False,nan,nan,False,False
1830,9.15,0.004999888999918767,0.001430776000233891,5.640000381390564e-06,0.0013516569997591432,0.001055163000273751,5.682600021827966e-05,0.003500916999655601,0.00294011737744957,0.0020000000000000018,0.5880234754899141,5.656180060901182,0.07546706458416275,False,nan,nan,False,False
1831,9.155,0.005001362999792036,0.0012427540004864568,5.779999810329173e-06,0.00023462899935111636,0.0008853459994497825,4.683699989982415e-05,0.00368748599976243,0.0029276454675161425,0.0020000000000000018,0.5855290935032285,1.057427867986896,0.07698268453311415,False,nan,nan,False,False
1832,9.16,0.004999219000637822,0.0014135229994280962,5.851000423717778e-06,0.0013449449998006457,0.0010566460005065892,4.2319000385759864e-05,0.003522728000461939,0.0029139385200647088,0.0020000000000000018,0.5827877040129418,7.374688154734019,0.07874675230639637,False,nan,nan,False,False
1833,9.165000000000001,0.005002394999792159,0.0012402889997247257,5.229999260336626e-06,0.00015382800029328791,0.0008899639997252962,4.313999943406088e-05,0.0036885480003547855,0.0029120173715712254,0.0020000000000000018,0.5824034743142451,3.609873904877117,0.07609771453210974,False,nan,nan,False,False
1834,9.17,0.005001562999495945,0.0014468550007222802,5.550999958359171e-06,0.0012657369998123613,0.0010654019997673458,6.879899956402369e-05,0.003474617999927432,0.0029019718306432466,0.0020000000000000018,0.5803943661286493,1.8577723619045359,0.07676428508371638,False,nan,nan,False,False
1835,9.175,0.004989771000509791,0.0015008259997557616,5.32000012753997e-06,0.00012742899980366929,0.0009375540003020433,0.00019939300000260118,0.0034967190003953874,0.0028895912720433062,0.0020000000000000018,0.5779182544086613,1.3093759114205366,0.07709544067106057,False,nan,nan,False,False
1836,9.18,0.0050815929998861975,0.0015243799998643226,6.061000021873042e-06,0.0012209930000608438,0.001131927000642463,5.71470000068075e-05,0.0033365500003128545,0.0028825873524375885,0.0020000000000000018,0.5765174704875176,2.2229007482367154,0.07846010370882386,False,nan,nan,False,False
1837,9.185,0.004963501000020187,0.0014816709999649902,7.663999895157758e-06,0.002303547999872535,0.000991625000096974,4.503499985730741e-05,0.0034080040004482726,0.0028755602748072357,0.0020000000000000018,0.5751120549614471,3.5747662735315955,0.07690188715801169,False,nan,nan,False,False
1838,9.19,0.0049547660000826,0.0014126519999990705,5.200000487093348e-06,0.0011403919997974299,0.0010556440001892042,4.216900015308056e-05,0.00360834699949919,0.0028671340589396838,0.0020000000000000018,0.5734268117879368,1.4806850324458773,0.07798342870186585,False,nan,nan,False,False
1839,9.195,0.005090620000373747,0.0012731809993056231,5.480000254465267e-06,0.00011930300024687313,0.0008926099999371218,4.230899958201917e-05,0.0035689540000021225,0.0028578154993873233,0.0020000000000000018,0.5715630998774647,1.9672083054490292,0.07423418186087152,False,nan,nan,False,False
1840,9.200000000000001,0.004909720999421552,0.0015177980003500124,5.130000317876693e-06,0.0011412539997763815,0.0010377600001447718,4.634700053429697e-05,0.0034258669993505464,0.0028540059454543647,0.0020000000000000018,0.570801189090873,1.0723206778326138,0.07373819673216998,False,nan,nan,False,False
1841,9.205,0.005046006000156922,0.0014765320001970395,7.994999577931594e-06,0.0023024049996820395,0.0010584889996607671,6.0723999922629446e-05,0.00341447499977221,0.002850024503941872,0.0020000000000000018,0.5700049007883743,0.2752304042198247,0.07455924557135753,False,nan,nan,False,False
1842,9.21,0.004963532000147097,0.0015027999997982988,5.461000000650529e-06,0.0011445899999671383,0.0011192629999641213,4.941299994243309e-05,0.003422390999730851,0.002850879046989019,0.0020000000000000018,0.5701758093978039,0.5422666740161931,0.07273479187548858,False,nan,nan,False,False
1843,9.215,0.005034965999584529,0.0014757799999642884,7.684999218326993e-06,0.002299309999216348,0.001068118000148388,4.6737000047869515e-05,0.0034158670005126623,0.002845500333767752,0.0020000000000000018,0.5691000667535504,0.7577034130089954,0.07121137245032545,False,nan,nan,False,False
1844,9.22,0.0049603960005697445,0.0014464050000242423,5.32000012753997e-06,0.0011438490000728052,0.0009151410004051286,5.181699998502154e-05,0.0034881929996117833,0.0028417338528302976,0.0020000000000000018,0.5683467705660596,0.4113029489693682,0.0708031618569494,False,nan,nan,False,False
1845,9.225,0.0050327009994362015,0.0014852680005787988,7.493999873986468e-06,0.002303106999534066,0.0010586199996396317,5.952100036665797e-05,0.00341120899975067,0.0028396289129742113,0.0020000000000000018,0.5679257825948423,0.4128564707304661,0.07236980588314049,False,nan,nan,False,False
1846,9.23,0.004963492000570113,0.0014757499993720558,5.220000275585335e-06,0.0011425269995015697,0.001098294000257738,6.456000028265407e-05,0.0034627760005605523,0.002837100689938031,0.0020000000000000018,0.5674201379876063,0.1866387360062995,0.07274698680527132,False,nan,nan,False,False
1847,9.235,0.005101109999486653,0.0012869060001321486,5.950999366177712e-06,3.775100049097091e-05,0.0009113539999816567,4.3991999518766534e-05,0.0035517520000212244,0.002835806858155832,0.0020000000000000018,0.5671613716311664,0.1349632268751283,0.07256510622064037,False,nan,nan,False,False
1848,9.24,0.004909930999929202,0.0014864400000078604,5.791000148747116e-06,0.0011386989999664365,0.0011083619992859894,4.463299956114497e-05,0.003440584000600211,0.00283329076192358,0.0020000000000000018,0.566658152384716,0.3976487174965791,0.06995734822946097,False,nan,nan,False,False
1849,9.245000000000001,0.0050276219999432215,0.001436035000551783,7.4239997047698125e-06,0.0022897720000401023,0.001046557000336179,5.507300011231564e-05,0.0034546609995231847,0.0028250084430627423,0.0020000000000000018,0.5650016886125485,0.5809189093554233,0.07273668987130692,False,nan,nan,False,False
1850,9.25,0.004960717000358272,0.0015355409996118397,5.2999994295532815e-06,0.0011452720000306726,0.001166671000646602,4.347200047050137e-05,0.0034052280007017544,0.002801666107173698,0.00196512739380883,0.5603332214347396,1.3994934737869904,0.07496484697375971,False,nan,nan,False,False
1851,9.255,0.005108121999910509,0.0012593450001077144,7.593999725941103e-06,9.326500003226101e-05,0.0008863969997037202,4.250999973010039e-05,0.0035747550000451156,0.002769474047231204,0.0019151214455581655,0.5538948094462406,2.0328468114322034,0.0689067249610314,False,nan,nan,False,False
1852,9.26,0.004903490000288002,0.0015202929998849868,5.46000046597328e-06,0.001158355999905325,0.0011222279999856255,6.995100011408795e-05,0.0034100470002158545,0.002782760697340924,0.0019369903012855794,0.5565521394681848,0.9039682312604302,0.06708948662382538,False,nan,nan,False,False
1853,9.265,0.005105788000037137,0.0012925869996252004,5.94100038142642e-06,3.797099998337217e-05,0.0009004640005514375,4.356200042821001e-05,0.003527736999785702,0.0027765826580824857,0.001926508735647925,0.5553165316164972,0.4349349286673626,0.07026154572953944,False,nan,nan,False,False
1854,9.27,0.004887619999863091,0.0014778529994146083,5.289999535307288e-06,0.0011408139998820843,0.0011090030002378626,4.731900025944924e-05,0.0034573660004753037,0.0027771769521391263,0.0019275080367322506,0.5554353904278253,0.04225883183470829,0.07162206946181371,False,nan,nan,False,False
1855,9.275,0.005046807999860903,0.001502508999692509,7.865000043238979e-06,0.0023188659997686045,0.0010974319993692916,5.2286999562056735e-05,0.003384860000551271,0.002768251173470119,0.0019123102069988906,0.5536502346940239,0.6637874359201429,0.07092416331347964,False,nan,nan,False,False
1856,9.28,0.0049553560002095765,0.0015357619995484129,5.0690005082287826e-06,0.0011438390001785592,0.0010282220000590314,4.547499975160463e-05,0.0033882260004247655,0.002756496862369307,0.001890450117890241,0.5512993724738613,1.0000892320741885,0.07037819951552637,False,nan,nan,False,False
1857,9.285,0.005031539999436063,0.0014686459999211365,1.2182000318716746e-05,0.0022922369998923386,0.0010385320001660148,4.168800023762742e-05,0.0034233720007250668,0.0027606323745664623,0.0018987747269623156,0.5521264749132925,0.39355665293485725,0.07078815490858295,False,nan,nan,False,False
1858,9.290000000000001,0.00496055600069667,0.0014122409993433394,5.419999979494605e-06,0.0011372360004315851,0.000932302999899548,4.423199970915448e-05,0.0035380059998715296,0.002758102915554534,0.0018933954504358752,0.5516205831109068,0.26985174743386015,0.07327457492381452,False,nan,nan,False,False
1859,9.295,0.005123070000081498,0.0012695439991148305,5.7609995565144345e-06,3.702999947563512e-05,0.0008923790001063026,4.205899949738523e-05,0.003547474000697548,0.0027617933387428175,0.0019024483933598457,0.5523586677485635,0.49090894939340424,0.07003926952317717,False,nan,nan,False,False
1860,9.3,0.004885415999524412,0.0014574959996025427,5.34999981027795e-06,0.0011521149999680347,0.000957651000135229,5.251800030237064e-05,0.003473746000054234,0.002766999937976853,0.001916240483234244,0.5533999875953705,0.7948963897102305,0.06662793685766913,False,nan,nan,False,False
1861,9.305,0.005031810000218684,0.001456653999412083,7.413999810523819e-06,0.0023052709993862663,0.0010444630006531952,6.467100047302665e-05,0.003433500000028289,0.002774064157380359,0.0019358476782123102,0.5548128314760717,1.3075253336871047,0.06803593312738396,False,nan,nan,False,False
1862,9.31,0.004957260000082897,0.0015266849995896337,5.359999704523943e-06,0.0011424859994804137,0.000932352999370778,4.376099968794733e-05,0.003415177000533731,0.0027795779852327323,0.0019930278784958677,0.5559155970465465,5.23121797875264,0.06927961856822785,False,nan,nan,False,False
1863,9.315,0.005042940999373968,0.0014618730001529912,7.72400017012842e-06,0.0023063730004651006,0.00105599499966047,4.409200028021587e-05,0.003431787999943481,0.002715644965841669,0.0018845423835196495,0.5431289931683339,4.771244975601759,0.06788015720802378,False,nan,nan,False,False
1864,9.32,0.004961117000675586,0.0014985219995651278,5.32000012753997e-06,0.0011382389993741526,0.0011305549996905029,4.37319995398866e-05,0.003441065000515664,0.0027603332595555843,0.0020000000000000018,0.5520666519111168,5.3445793211748756,0.06843789694809185,False,nan,nan,False,False
1865,9.325000000000001,0.00510560800012172,0.0012941199993292685,5.91100069868844e-06,3.732999994099373e-05,0.0009098509999603266,4.4563999836100265e-05,0.00353916800031584,0.0026838602705207067,0.001853976149948755,0.5367720541041413,6.2569457747540245,0.06837025654713558,False,nan,nan,False,False
1866,9.33,0.004903749999357387,0.0014805689997956506,5.4000001910026185e-06,0.0011567230003493023,0.0010977330002788221,6.913900051586097e-05,0.0034503520000725985,0.0027224063503177988,0.0020000000000000018,0.5444812700635597,7.454767408387257,0.06843007969870228,False,nan,nan,False,False
1867,9.335,0.005039654000029259,0.0014493610005956725,7.865000043238979e-06,0.002293908999490668,0.0010442729999340372,4.37319995398866e-05,0.0034314169997742283,0.0026732788277106555,0.0018966167061833517,0.5346557655421311,4.6116602014718895,0.06971140567878098,False,nan,nan,False,False
1868,9.34,0.004948384000272199,0.0014638869997725124,5.079999937152024e-06,0.0011498300000312156,0.0010881050002353732,5.736799994338071e-05,0.0034716720001597423,0.0025676852152166515,0.0015966167061831626,0.5135370430433304,14.915013032017221,0.07148453659403319,False,nan,nan,False,False
1869,9.345,0.005038432000219473,0.0015028199995867908,1.9957000404247083e-05,0.0023248570005307556,0.0010851990000446676,4.941299994243309e-05,0.0033983949997491436,0.0024050277694598462,0.0013655553764511108,0.48100555389196925,9.410506140494395,0.07017386085845466,False,nan,nan,False,False
1870,9.35,0.004968630999428569,0.0014815510003245436,5.189999683352653e-06,0.0011521440001160954,0.001098013000046194,4.453300061868504e-05,0.003457845999946585,0.002438935838710191,0.0014749094106940586,0.4877871677420381,4.841569544293575,0.0687149392609573,False,nan,nan,False,False
1871,9.355,0.005048682000051485,0.0014608920000682701,7.884999831730966e-06,0.00231368700042367,0.001042037999468448,4.530500063992804e-05,0.0034175910004705656,0.002484656779536409,0.0015955361336668084,0.4969313559072818,5.370413431834761,0.06393881840450404,False,nan,nan,False,False
1872,9.36,0.004946830000335467,0.0014843959997961065,5.699999746866524e-06,0.0011417249997975887,0.001114072999371274,4.3992000428261235e-05,0.00345632399967144,0.0026056137465134514,0.0018644843361443897,0.5211227493026903,11.781157674208012,0.06163882575944323,False,nan,nan,False,False
1873,9.365,0.0050440630002412945,0.001482742999542097,7.3640003392938524e-06,0.0022958029994697426,0.0010540809998929035,4.6176000068953726e-05,0.0034069710000039777,0.002506490301131676,0.0016673595865541735,0.5012980602263353,8.466553366840929,0.06421318148485428,False,nan,nan,False,False
1874,9.370000000000001,0.0049584419994062046,0.001485548999880848,5.390000296756625e-06,0.001141835000453284,0.0011087640004916466,5.294899983709911e-05,0.00344815800053766,0.00249612853147613,0.0019673595865541404,0.49922570629522595,23.571902053173922,0.06830164965753989,False,nan,nan,False,False
1875,9.375,0.005109956000524107,0.001281566999750794,6.370999471982941e-06,4.831000023841625e-05,0.0008901239998522215,4.400199941301253e-05,0.0035322349995112745,0.002367750447291697,0.0018994011600401706,0.4735500894583393,9.040361997424865,0.06700036213771197,False,nan,nan,False,False
1876,9.38,0.00486114099931001,0.0009380640003655571,3.6669998735305853e-06,0.003290453000772686,0.0006607150007766904,3.054699936910765e-05,0.004011891999653017,0.002323641371608705,0.0018091575502019452,0.464728274321741,4.720810645270738,0.06582759394606302,False,nan,nan,False,False
1877,9.385,0.005025897999985318,0.001258894000784494,5.750999662268441e-06,0.0002725389995248406,0.0009050919998117024,5.0845999794546515e-05,0.0036767359997611493,0.002259275631634148,0.0016567534407532225,0.4518551263268296,7.997349496744252,0.06287358090316261,False,nan,nan,False,False
1878,9.39,0.0050108310006180545,0.0015043429993966129,5.951000275672413e-06,0.0014954669995859149,0.001015458999972907,4.592599998431979e-05,0.0034169099999417085,0.002200746144854676,0.0014634205864894057,0.44014922897093517,10.387178208677517,0.058021390539660544,False,nan,nan,False,False
1879,9.395,0.004994609999812383,0.0012558979997265851,5.8310006352257915e-06,0.00026771099965117173,0.0008989409998321207,5.150700053491164e-05,0.003671485999802826,0.002160940130024519,0.0015765043052473615,0.43218802600490375,14.555645658310148,0.057695685881785516,False,nan,nan,False,False
1880,9.4,0.004993477999960305,0.001450071999897773,5.4000001910026185e-06,0.0013532309994843672,0.001064060000317113,6.065400066290749e-05,0.0034840850003092783,0.0021606228458853896,0.0014752679625835707,0.43212456917707787,6.223686544370004,0.05678431506482257,False,nan,nan,False,False
1881,9.405,0.005002914999749919,0.0012459509998734575,5.9710000641644e-06,0.00022142499983601738,0.0008943929997258238,4.8609999794280156e-05,0.0036843800007773098,0.0021516627920132544,0.0012851913110387692,0.4303325584026509,15.886120444034539,0.05410838354805337,False,nan,nan,False,False
1882,9.41,0.00499954000042635,0.0014599999994970858,5.470000360219274e-06,0.0013419300003079115,0.0009883680004350026,5.8399000408826396e-05,0.0034700490004979656,0.002114051518813909,0.0015574789271672884,0.4228103037627818,17.34654122490842,0.0594054838516643,False,nan,nan,False,False
1883,9.415000000000001,0.004997404999812716,0.0012339380000412348,5.369999598769937e-06,0.00012414200045895996,0.000881629000105022,4.539499968814198e-05,0.0037039959997855476,0.0021045603937107525,0.0013609289369849176,0.4209120787421505,11.344358022110729,0.05826840060286803,False,nan,nan,False,False
1884,9.42,0.005010640000364219,0.0014628459994128207,5.459999556478579e-06,0.0012166059996161493,0.0010880640002142172,5.514299937203759e-05,0.0034680250000747037,0.0022938016352769667,0.001257874904990825,0.4587603270553934,21.613672580573304,0.060402296222128435,False,nan,nan,False,False
1885,9.425,0.005005199999686738,0.00138417899961496,7.675000233575702e-06,0.0023002610005278257,0.000960174999818264,4.444299975148169e-05,0.003542925000147079,0.00225013996452662,0.001280092107538433,0.450027992905324,13.7312730889711,0.05646724673039607,False,nan,nan,False,False
1886,9.43,0.004995452000002842,0.0009452770000279997,5.0589997044880874e-06,0.0011254640003244276,0.0006656949999523931,3.3833000088634435e-05,0.003951390000111132,0.002105923270650366,0.001193715620155786,0.42118465413007317,5.945821790356503,0.05641912875674811,False,nan,nan,False,False
1887,9.435,0.004937773999699857,0.0008404810005231411,3.7070003600092605e-06,0.0004721630002677557,0.0005979879997539683,3.11780004267348e-05,0.004115646999707678,0.0020443255065319774,0.0010955789894046323,0.4088651013063955,11.633023961788394,0.05981061367783548,False,nan,nan,False,False
1888,9.44,0.004995481000150903,0.0008896939998521702,3.496999852359295e-06,0.0010418980000395095,0.000653842999781773,3.494599968689727e-05,0.004083236000042234,0.0019207117375078658,0.0012263068442419645,0.3841423475015731,19.062023007027584,0.0526851849657589,False,nan,nan,False,False
1889,9.445,0.0050354670001979684,0.001210573999742337,6.491999556601513e-06,0.0005154640002729138,0.0008613500003775698,4.4162999984109774e-05,0.0037346839999372605,0.0020219369068512133,0.001228634206549728,0.4043873813702426,5.385686799367616,0.05670860449880816,False,nan,nan,False,False
1890,9.450000000000001,0.005001352000363113,0.001333032999355055,4.508000529312994e-06,0.0010849689997485257,0.0009702139996079495,4.272999922250165e-05,0.0036119450005571707,0.002004413939805435,0.0010551777140956897,0.400882787961087,14.162129971249106,0.057860471801171036,False,nan,nan,False,False
1891,9.455,0.005002755999157671,0.0011835430004794034,4.709000677394215e-06,0.0005173769995963085,0.0008602679999967222,4.2519000089669134e-05,0.0037529780001932522,0.0017917496021977563,0.0009968356494711728,0.3583499204395513,10.848842856664607,0.05845641003443159,False,nan,nan,False,False
1892,9.46,0.004992817000129435,0.0013233839999884367,4.5780006985296495e-06,0.0010831859999598237,0.0009822969996093889,4.3962000745523255e-05,0.003624749000664451,0.0017929569904247997,0.000988879380260821,0.3585913980849599,13.639417032923799,0.058586380389443665,False,nan,nan,False,False
1893,9.465,0.00500392699996155,0.001168726000287279,4.719000571640208e-06,0.0005122980001033284,0.0008404110003539245,5.0524000471341424e-05,0.00377483900047082,0.0021082846325807523,0.0012888793802607879,0.42165692651615044,17.419321256694953,0.05383094770043647,False,nan,nan,False,False
1894,9.47,0.005001913999876706,0.0012707760006378521,5.070000042906031e-06,0.0010872029997699428,0.0009453879993088776,4.200900002615526e-05,0.0036808039994866704,0.00216660723877145,0.0015888793802607548,0.43332144775429005,15.116012252211863,0.047186510391312296,False,nan,nan,False,False
1895,9.475,0.005008917000850488,0.0011908970000149566,4.1680004869704135e-06,0.0005153740003152052,0.000862142999721982,4.205799996270798e-05,0.0037410159993669367,0.0021680669365584312,0.0017429029413800201,0.43361338731168625,11.012371399382692,0.048185800088227135,False,nan,nan,False,False
1896,9.48,0.004988558999684756,0.001262470000256144,4.417999662109651e-06,0.0010895180002989946,0.0009395580000273185,4.1077000787481666e-05,0.003680121999423136,0.001966706972937588,0.0016119863211063734,0.39334139458751766,10.336505132149007,0.0566769336478062,False,nan,nan,False,False
1897,9.485,0.004999128000235942,0.0011691059999066056,4.3280006138957106e-06,0.0005103349994897144,0.0008358829991266248,4.057600017404184e-05,0.0037832049993085093,0.0017119799188312385,0.0014172405321113413,0.3423959837662477,13.495807139248319,0.054764657301100785,False,nan,nan,False,False
1898,9.49,0.005009667999729572,0.001259405000382685,4.387999979371671e-06,0.0010931540000456152,0.0009394759999850066,4.1446999603067525e-05,0.003686463999656553,0.0014206117194562001,0.0011172405321113743,0.28412234389124,15.161853831540371,0.054545396789009666,False,nan,nan,False,False
1899,9.495000000000001,0.0050027959996441496,0.001160370000434341,4.548000106296968e-06,0.0005287390004014014,0.000828410000394797,4.1107000470219646e-05,0.0037717529994552024,0.001533259739604132,0.0010667656827572092,0.3066519479208264,16.0887185968925,0.04905766496874981,False,nan,nan,False,False
1900,9.5,0.004986234000170953,0.0013541819998863502,4.128000000491738e-06,0.0010843279997061472,0.0008967969997684122,4.150800032221014e-05,0.0035917670002163504,0.001425156866513867,0.0010820751604720957,0.2850313733027734,10.053931958287823,0.04554756813545227,False,nan,nan,False,False
1901,9.505,0.0050081059998774435,0.0011606699999902048,4.4480002543423325e-06,0.0005186899998079753,0.0008332580000569578,4.055600038554985e-05,0.0037763119998999173,0.0014648337667709365,0.0008848596401274111,0.2929667533541873,17.10765461422979,0.04487331811207093,False,nan,nan,False,False
1902,9.51,0.004991243000404211,0.0012862160001532175,4.268000338925049e-06,0.0010832660000232863,0.0009448669998164405,4.098599947610637e-05,0.0036660549994849134,0.0013944144088792205,0.0010444747468847382,0.27888288177584414,15.684557748823352,0.039587246124780796,False,nan,nan,False,False
1903,9.515,0.005030096999689704,0.0012003339998045703,5.531000169867184e-06,0.0005293599997457932,0.0008523340002284385,5.7637999816506635e-05,0.003730286000063643,0.0014143099014049506,0.0008102907145959293,0.28286198028099013,17.578651410677736,0.04005037154801455,False,nan,nan,False,False
1904,9.52,0.0049753640005292255,0.0008454509998045978,3.6459996408666484e-06,0.0010870219994103536,0.0005911859998377622,2.9305000680324156e-05,0.004075130999808607,0.001322025826945856,0.0010066235906698306,0.26440516538917125,18.78858367309109,0.042622711936763855,False,nan,nan,False,False
1905,9.525,0.004957850999744551,0.0007842069999242085,3.0960000003688037e-06,0.0004761099999086582,0.0005556189998969785,2.8181999368825927e-05,0.0041784129998632125,0.0012564133530507176,0.0008225977672342566,0.25128267061014353,9.467150007039741,0.03866080412197135,False,nan,nan,False,False
1906,9.53,0.004999548999876424,0.0008636559996375581,3.035999725398142e-06,0.0010432099998070044,0.0005589049997070106,2.849300017260248e-05,0.004099415999917255,0.0013087762308598176,0.0007408697242014587,0.26175524617196344,17.77224645135966,0.03817417175447812,False,nan,nan,False,False
1907,9.535,0.004999099000087881,0.0007853890001570107,2.9749999157502316e-06,0.00047521900069114054,0.0005643849999614758,2.8051999834133312e-05,0.004177000999334268,0.001226097463975038,0.0007352022758650989,0.2452194927950076,12.746164981600163,0.037871887850424814,False,nan,nan,False,False
1908,9.540000000000001,0.004999619999580318,0.0008015690000320319,3.135999577352777e-06,0.0010414180005682283,0.0005591060007645865,2.889400002459297e-05,0.00416261400005169,0.001368059630221257,0.000871180121261654,0.2736119260442514,20.792131133834967,0.03464256763092005,False,nan,nan,False,False
1909,9.545,0.00500127200029965,0.0007907489998615347,2.6349998734076507e-06,0.00046263500007626135,0.0005655569993905374,3.282099987700349e-05,0.004172523000306683,0.0013504991679557533,0.0007465661870262874,0.27009983359115064,6.549897840417923,0.036863727101116905,False,nan,nan,False,False
1910,9.55,0.0050020139997286606,0.0008624930005680653,2.9449993235175498e-06,0.0010335629995097406,0.0006279939998421469,2.8012999791826587e-05,0.004098994999367278,0.0011750892159128137,0.0006983235905440033,0.23501784318256272,17.665193095011983,0.03147100818902686,False,nan,nan,False,False
1911,9.555,0.004998537000574288,0.0007700299993302906,3.266000021540094e-06,0.0004752790000566165,0.0005487570006152964,2.804199993988732e-05,0.004190076000668341,0.0012677727145803035,0.0007458419203481685,0.2535545429160607,16.61487769962324,0.03648322308473495,False,nan,nan,False,False
1912,9.56,0.004997796999305137,0.0008815680002953741,3.1859999580774456e-06,0.0010405960001662606,0.0006479720004790579,3.0105999940133188e-05,0.0040836469997884706,0.001098229790336687,0.0006944062392348904,0.2196459580673374,19.992674461863736,0.032400727203490874,False,nan,nan,False,False
1913,9.565,0.005003927000871045,0.0007949469991217484,2.9449993235175498e-06,0.00047295400054281345,0.0005689440004061908,2.8673000088019762e-05,0.0041667220002636896,0.001073580683901869,0.0006279658849146497,0.21471613678037382,10.111519603633576,0.034044438211878775,False,nan,nan,False,False
1914,9.57,0.004999028999918664,0.0008018989992706338,2.775000211840961e-06,0.001038993000292976,0.0005611290007436764,2.7912999939871952e-05,0.0041571140000087325,0.0012174857335372343,0.0008960204613699852,0.2434971467074469,26.833651975407705,0.036775977258815366,False,nan,nan,False,False
1915,9.575000000000001,0.004996121999283787,0.000774148000346031,2.834999577316921e-06,0.00045920899992779596,0.0005509510001502349,2.7050999960920308e-05,0.00419293100003415,0.0016084667342462324,0.001196020461369985,0.3216933468492465,24.28212859304976,0.031539079022153846,False,nan,nan,False,False
1916,9.58,0.005006112000046414,0.0008123190000333125,2.99500061373692e-06,0.001033373000609572,0.000569104000533116,2.788199981296202e-05,0.004146844999922905,0.0019886455412224053,0.0014069302542791566,0.397729108244481,18.983556049866074,0.03197613224918946,False,nan,nan,False,False
1917,9.585,0.004995532000066305,0.0007644289999007015,2.935000338766258e-06,0.00047769299999345094,0.0005431659992609639,2.739100000326289e-05,0.004197911000119348,0.0019492714049796078,0.0012981158731006914,0.38985428099592156,14.1459508017923,0.03780899495407458,False,nan,nan,False,False
1918,9.59,0.004999990000214893,0.0008649680003145477,2.775000211840961e-06,0.0010426689996165805,0.0005569409995587193,2.836299972841516e-05,0.004100286999346281,0.0017064192178921635,0.0011417468567087585,0.34128384357843267,9.799277681804938,0.03236986564841337,False,nan,nan,False,False
1919,9.595,0.005001933999665198,0.0007723640001131571,2.7850001060869545e-06,0.00047835400073381606,0.0005544069999814383,2.709099953790428e-05,0.004188062000139325,0.0014256549856484135,0.0009919433564953284,0.2851309971296827,13.685157314166595,0.03747361140768254,False,nan,nan,False,False
1920,9.6,0.004997185000320314,0.0007975710004757275,2.8660006137215532e-06,0.0010292549995938316,0.0005482149999807007,2.714099991862895e-05,0.004166611999607994,0.0011925603746082457,0.0008520368806721468,0.23851207492164916,13.105663263832128,0.038600778880163354,False,nan,nan,False,False
1921,9.605,0.005000189999918803,0.0007677459998376435,2.9060001907055266e-06,0.0004075619999639457,0.0005512010002348688,2.660000063769985e-05,0.004195967000669043,0.0010072794156280073,0.0007003643193148612,0.20145588312560142,14.408614058296967,0.03406398948842882,False,nan,nan,False,False
1922,9.61,0.005000330999791913,0.000783004000368237,2.894999852287583e-06,0.0014911689995642519,0.0005482549995576846,2.765200042631477e-05,0.004180988999905821,0.0009281876473210272,0.0005384453945569412,0.18563752946420545,14.869550797815046,0.037538911983751165,False,nan,nan,False,False
1923,9.615,0.005001974000151677,0.0007772730004944606,3.11499934468884e-06,0.00037308799983293284,0.0005599980004262761,2.6690000595408492e-05,0.004184695999356336,0.000901513894862851,0.0008189666172242482,0.1803027789725702,22.115920006033445,0.04175502187896908,False,nan,nan,False,False
1924,9.620000000000001,0.005001643000468903,0.0008849050000208081,3.0960000003688037e-06,0.001469086999350111,0.0005526029999600723,2.937499994004611e-05,0.004090819999873929,0.0009278118964670844,0.0008253243503950625,0.1855623792934169,4.175109602162929,0.038630577803932725,False,nan,nan,False,False
1925,9.625,0.005036918999394402,0.0011706700006470783,5.009000233258121e-06,0.00044656600039161276,0.0008332090001204051,4.2810000195459e-05,0.0038431659995694645,0.0012418229047952418,0.0011253243503950294,0.24836458095904837,25.2171416998494,0.032490900312352265,False,nan,nan,False,False
1926,9.63,0.005130885000653507,0.0018571829996290035,8.727000022190623e-06,0.0016526209992662189,0.001421869000296283,5.111500013299519e-05,0.003046497000468662,0.0013333504494239686,0.0011338410397647714,0.26667008988479374,17.11204115798014,0.027730404642766375,False,nan,nan,False,False
1927,9.635,0.005020779000005859,0.0015490369996769005,8.826999874145258e-06,0.0005896330003452022,0.0011331400000926806,4.936200002703117e-05,0.0033819050004240125,0.0013738010029041064,0.0010309831741135422,0.2747602005808213,12.906473596813786,0.02465415172209182,False,nan,nan,False,False
1928,9.64,0.005048240999713016,0.0016426920001322287,8.795999747235328e-06,0.0017164700002467725,0.0012458599994715769,4.9201999900105875e-05,0.003178023000145913,0.0012353253742551635,0.0009423953764515769,0.2470650748510327,8.773459580317704,0.024943209009678873,False,nan,nan,False,False
1929,9.645,0.004939155999636569,0.001449992000743805,8.816999979899265e-06,0.0005748449993916438,0.001051897000252211,4.960300066159107e-05,0.0034291319998374092,0.00103291158834326,0.0008759359944177092,0.20658231766865198,15.461744089705942,0.025120440818714396,False,nan,nan,False,False
1930,9.65,0.004995512000277813,0.001588910999998916,8.746000276005361e-06,0.0016528409996681148,0.0011721410000973265,4.922300013276981e-05,0.003297676999864052,0.0010788385884712177,0.0009288117342440838,0.2157677176942435,17.223640798697314,0.031063968668170048,False,nan,nan,False,False
1931,9.655,0.00500242399994022,0.0016196490005313535,8.82700078363996e-06,0.0005894719997741049,0.0011653199999273056,4.9231999582843855e-05,0.0032570609992035315,0.0009979265781809264,0.0008961243476410807,0.1995853156361853,12.878396475035792,0.029524078874920937,False,nan,nan,False,False
1932,9.66,0.004992195999875548,0.0016970739998214412,8.956999408837873e-06,0.001646147999963432,0.0012502780000431812,5.487299949891167e-05,0.0031750870002724696,0.0008316439905280261,0.0006879133582384789,0.16632879810560525,13.236915929394542,0.029889912642987602,False,nan,nan,False,False
1933,9.665000000000001,0.004989400999875215,0.001573402000758506,9.047000276041217e-06,0.0005584740001722821,0.0011626640007307287,5.457199949887581e-05,0.003293368999948143,0.0010958425578068843,0.0009879133582384458,0.21916851156137684,20.801209997885092,0.03174806295234461,False,nan,nan,False,False
1934,9.67,0.004989410000234784,0.0016567279999435414,9.157000022241846e-06,0.0016257899997071945,0.001252592000128061,4.9000999752024654e-05,0.0031915979998302646,0.001306383076392634,0.001107352407606399,0.2612766152785268,14.766264867506145,0.029983119308436345,False,nan,nan,False,False
1935,9.675,0.004911334000098577,0.0012578220002978924,5.1590004659374245e-06,0.0004588589999912074,0.0009002730002976023,4.9743000090529677e-05,0.003669772999273846,0.0012186278141398576,0.0008269963938727365,0.2437255628279715,16.713838470020708,0.027204134079857552,False,nan,nan,False,False
1936,9.68,0.004994740999791247,0.0013509059999705642,5.34999981027795e-06,0.0015267349999703583,0.0010076640000988846,4.680699930759147e-05,0.0035826090006594313,0.000841412515694471,0.0005494440089124364,0.1682825031388942,17.113342489568172,0.035124433783865754,False,nan,nan,False,False
1937,9.685,0.00499032200059446,0.0011879009998665424,4.8089996198541485e-06,0.0004334599998401245,0.0008561810000173864,4.250999973010039e-05,0.003752536999854783,0.000620285740805261,0.0003527872812145727,0.1240571481610522,16.937408406084437,0.030397213041897377,False,nan,nan,False,False
1938,9.69,0.004996172999199189,0.001268272000743309,4.568000804283656e-06,0.0015107949993762304,0.0009380539995618165,4.2018999920401257e-05,0.0036780069995074882,0.0003430699254964342,0.00030008398585779084,0.06861398509928684,20.85112321931951,0.020900158574643515,False,nan,nan,False,False
1939,9.695,0.005002264000722789,0.0011866589993587695,4.66900019091554e-06,0.00044881900066684466,0.0008449699998891447,4.168799932813272e-05,0.003757417000088026,0.0005692803793032014,0.00038619081069240797,0.11385607586064028,17.105790502356637,0.014436721296339886,False,nan,nan,False,False
1940,9.700000000000001,0.005001522999918961,0.0012771689998771762,4.618999810190871e-06,0.001516225999694143,0.0009412199997314019,5.0904999625345226e-05,0.003664302000288444,0.0006468217223895674,0.0003919058079064771,0.12936434447791348,11.65198545589694,0.01423684421767166,False,nan,nan,False,False
1941,9.705,0.004997125000045344,0.0011663010000120266,4.427999556355644e-06,0.00043980299960821867,0.0008351910000783391,4.034500034322264e-05,0.003777423999963503,0.0006457998740743405,0.0005072252453963699,0.1291599748148681,17.045383315714343,0.012909371095678145,False,nan,nan,False,False
1942,9.71,0.004999638999834133,0.001265576999685436,4.438999894773588e-06,0.0015105349993973505,0.0009229359993696562,4.092600011063041e-05,0.0036807030001000385,0.0004225519271151321,0.00026335670746346906,0.08451038542302641,17.734912610999483,0.01866266733362881,False,nan,nan,False,False
1943,9.715,0.00501449799958209,0.001188262000141549,5.029000021750107e-06,0.00043869999990420183,0.0008550990005460335,4.021499989903532e-05,0.0037423479998324183,0.0006170283690357501,0.00045650291174130367,0.12340567380715003,12.162416424351942,0.02131456206931904,False,nan,nan,False,False
1944,9.72,0.004994840000108525,0.0011027320006178343,6.090999704611022e-06,0.0015234490001603262,0.0007559139994555153,2.971599951706594e-05,0.0038264159993559588,0.0005110892714711619,0.00036215043433363014,0.10221785429423239,14.392259749108456,0.01390149187244412,False,nan,nan,False,False
1945,9.725,0.00499386899991805,0.0012040510000588256,5.210000381339341e-06,0.00044652499946096214,0.0008503500002916553,6.0633000430243555e-05,0.0037275510003382806,0.00033813826373063757,0.00022868322462343826,0.0676276527461275,17.115324582013937,0.01309300820169611,False,nan,nan,False,False
1946,9.73,0.004973120000613562,0.0008518929998899694,3.3070000426960178e-06,0.001484044999415346,0.0005562609994740342,2.7951999982178677e-05,0.004113381999559351,0.0004022274781944433,0.00026929343949810836,0.08044549563888866,8.744664505913374,0.014244728709055302,False,nan,nan,False,False
1947,9.735,0.0050284129993087845,0.0012713770001937519,5.400999725679867e-06,0.00044541300030687125,0.0010426290000395966,1.3043999388173688e-05,0.0037172120000832365,0.00038371428950361857,0.00022173271212222283,0.07674285790072372,17.144312826090196,0.009265405361387513,False,nan,nan,False,False
1948,9.74,0.005106019000777451,0.0011064989994338248,8.816999979899265e-06,0.0016306100005749613,0.0009053829999174923,1.561899989610538e-05,0.0037787259998367517,0.0005982210127467823,0.0005217327121222227,0.11964420254935645,12.133496277618155,0.007847393257405641,False,nan,nan,False,False
1949,9.745000000000001,0.005003455999940343,0.0014549609995810897,9.076999958779197e-06,0.0005006860001230962,0.0010461159999977099,5.097499979456188e-05,0.00344945100005134,0.0005902671529234562,0.00041324075977245897,0.11805343058469124,12.817756760009667,0.008232697285413253,False,nan,nan,False,False
1950,9.75,0.005021891000069445,0.0017545409991726046,8.705999789526686e-06,0.0016135670002768165,0.00135649599997123,5.02439997944748e-05,0.003071613999964029,0.0005742801264685066,0.0004323021569486345,0.11485602529370131,13.00640324897957,0.006652217640251764,False,nan,nan,False,False
1951,9.755,0.004890695999165473,0.0012419920003594598,5.640999916067813e-06,0.00035104600010527065,0.0008893130006981664,5.4893000196898356e-05,0.0036754339998879004,0.0004885833761889461,0.0003500943358643858,0.09771667523778924,7.555899670665923,0.00962038433718321,False,nan,nan,False,False
1952,9.76,0.004978280000614177,0.0012862550001955242,4.978999641025439e-06,0.001447207000637718,0.0009411299997736933,4.3711000216717366e-05,0.0036534219998429762,0.00039899842706982386,0.0002575036438687496,0.07979968541396477,12.721889285349619,0.011618241792306703,False,nan,nan,False,False
1953,9.765,0.005000340000151482,0.001210363999234687,4.929999704472721e-06,0.0003278229996794835,0.0008642760003567673,4.386199998407392e-05,0.0037311570004021632,0.0007498512533572154,0.00051645579503003,0.14997025067144307,20.22093886265254,0.015114760947217573,False,nan,nan,False,False
1954,9.77,0.005001462999643991,0.0013037680000707041,4.909999915980734e-06,0.0014461540004049311,0.000961949000156892,4.341099975135876e-05,0.0036367209995660232,0.0008195596114839817,0.0006614703219196549,0.16391192229679635,13.863843316407529,0.009567132904539408,False,nan,nan,False,False
1955,9.775,0.005002744999728748,0.0011728540002877708,4.86899989482481e-06,0.00024574000053689815,0.0008388989999730256,4.1868000153044704e-05,0.003776823000407603,0.0005334261044317991,0.00039316809244516193,0.1066852208863598,17.78486447036482,0.011325704221513631,False,nan,nan,False,False
1956,9.78,0.005017504000534245,0.0012383249995764345,4.6279992602649145e-06,0.0013073850004730048,0.0008636749998913729,4.39730001744465e-05,0.003679319999719155,0.00041716841182151996,0.00032127222641098463,0.08343368236430398,9.500167194880323,0.02734352882544996,False,nan,nan,False,False
1957,9.785,0.004973559999598365,0.0011851059998662095,4.579000233206898e-06,0.00012777899974025786,0.0008551689998057554,4.1448000047239475e-05,0.0037630470005751704,0.0003095902569468581,0.0002720245242957553,0.06191805138937161,23.1686417411954,0.021444093122023427,False,nan,nan,False,False
1958,9.790000000000001,0.005005500999686774,0.0013136860006852658,4.618000275513623e-06,0.0012145210002927342,0.0009747129997776938,4.219800030114129e-05,0.003625389999797335,0.0005798566197892663,0.0005720245242957223,0.11597132395785326,12.373929027534523,0.011901204744195022,False,nan,nan,False,False
1959,9.795,0.004993057000319823,0.0011963570004809299,4.27799932367634e-06,8.900700049707666e-05,0.0008765699994910392,4.177800019533606e-05,0.003746976999536855,0.0008733302704427369,0.0008720245242956892,0.17466605408854738,12.233061184511088,0.009606698227284353,False,nan,nan,False,False
1960,9.8,0.0050004410004476085,0.0012819969997508451,4.66900019091554e-06,0.001202659000227868,0.0009557670000504004,4.17179999203654e-05,0.0036622279994844575,0.0009175362933799661,0.0009168081355503954,0.18350725867599318,2.6016754417971812,0.013138496601707692,False,nan,nan,False,False
1961,9.805,0.004999859999770706,0.0011796560002039769,4.407999767863657e-06,8.899700060283067e-05,0.0008609799997429946,4.038499992020661e-05,0.0037633869997080183,0.0006259873860954266,0.0006168081355504285,0.1251974772190853,12.629137725280328,0.02017445607041253,False,nan,nan,False,False
1962,9.81,0.004998397000235855,0.0013047100001131184,4.4480002543423325e-06,0.0012058350002916995,0.0009712060000310885,4.13269999626209e-05,0.0036723569992318517,0.0003559798376744098,0.0003168081355504615,0.07119596753488196,12.318862812141704,0.015452994873158711,False,nan,nan,False,False
1963,9.815,0.005035766999753832,0.0011520739999468788,4.958999852533452e-06,0.0001030529992931406,0.0008302020005430677,3.999499949713936e-05,0.0037549420003415435,0.00020373674390750123,0.00016851606113710282,0.04074734878150025,17.878649969646872,0.012706872558279791,False,nan,nan,False,False
1964,9.82,0.004965324999830045,0.0013431320003292058,4.628999704436865e-06,0.0012042420003126608,0.0010119919998032856,4.182800057606073e-05,0.003598518999751832,0.0003254766073268074,0.00028319186444969446,0.06509532146536148,17.219354633051573,0.005642414541249561,False,nan,nan,False,False
1965,9.825000000000001,0.004989932000171393,0.0008174579998012632,3.807999746641144e-06,7.789499977661762e-05,0.0005911349999223603,2.988599953823723e-05,0.004125846000533784,0.0005226099150236193,0.0003716918693150717,0.10452198300472386,19.366639396778783,0.0038831175737267247,False,nan,nan,False,False
1966,9.83,0.004995010000129696,0.0008246019997386611,3.3269998311880045e-06,0.0011841639998237952,0.0005863759997737361,2.8653999834205024e-05,0.004133741000259761,0.00034576276943035965,0.00026040514828040706,0.06915255388607193,8.435990413367433,0.0049098501960610046,False,nan,nan,False,False
1967,9.835,0.004996052999558742,0.0007844070005376125,3.0860001061228104e-06,6.82479994793539e-05,0.0005590660002781078,2.816300002450589e-05,0.0041596689998186775,0.0001726480835980936,0.00010700775632328666,0.03452961671961872,17.689438157944895,0.0009359088370420475,False,nan,nan,False,False
1968,9.84,0.004980413999874145,0.0007993950002855854,3.2670004657120444e-06,0.0011562519994186005,0.0005671500002790708,2.7070000214735046e-05,0.004184354000244639,0.00016471968246741694,0.0001071634204220886,0.032943936493483386,9.974583562333866,0.00912093547867866,False,nan,nan,False,False
1969,9.845,0.005023414000788762,0.0007739169996057171,2.976000359922182e-06,7.167399962781928e-05,0.0005540259999179398,2.7832000341732055e-05,0.004166110999904049,0.0005537643550548738,0.00037553328403583386,0.11075287101097475,17.552569898093527,0.004201518986766378,False,nan,nan,False,False
1970,9.85,0.004977126999619941,0.0007824430003893212,3.2059997465694323e-06,0.0011531860000104643,0.0005532039995159721,2.7211000087845605e-05,0.004178022999440145,0.00028724861614046855,0.00019599361516963376,0.05744972322809371,12.078174575401965,0.0042863172587007115,False,nan,nan,False,False
1971,9.855,0.004999689999749535,0.0008729020000828314,4.429000000527594e-06,0.0022716980001860065,0.0006549440004164353,2.7602000045590103e-05,0.004107982000277843,0.00017425525090400136,0.00013071069775238975,0.03485105018080027,13.96749293240214,0.0017598828183397908,False,nan,nan,False,False
1972,9.86,0.005079919000309019,0.0015236600002026535,7.303000529645942e-06,0.001167954000266036,0.0011189730003025034,5.1215999519627076e-05,0.0033903699995789793,0.00026163187842168637,0.00017371887011612217,0.05232637568433727,11.654203889726164,0.005463179966600653,False,nan,nan,False,False
1973,9.865,0.004979641999852902,0.0012201019999338314,5.670000064128544e-06,0.0005366229997889604,0.0008780219995969674,4.592499954014784e-05,0.0037131540002519614,0.0003154764242112721,0.00024163216387274034,0.06309528484225443,21.048631125652655,0.00299475943204164,False,nan,nan,False,False
1974,9.870000000000001,0.00500748400008888,0.0016612569997960236,6.070999916119035e-06,0.0011177200003658072,0.0012633030000870349,4.491400068218354e-05,0.0032596359997114632,0.0006551653875551304,0.0004414825294425384,0.13103307751102608,17.27317394915718,0.002808204378038415,False,nan,nan,False,False
1975,9.875,0.004986556000403652,0.001187018999189604,5.17999978910666e-06,0.0005239090005488833,0.0008585149998907582,4.328100021666614e-05,0.003742638999938208,0.0007349134484814056,0.0005712817837675299,0.14698268969628112,5.945348172640083,0.0011921932542537316,False,nan,nan,False,False
1976,9.88,0.004988778999177157,0.0013059319999229047,4.6080003812676296e-06,0.001092213000447373,0.0009762859999682405,4.304000049160095e-05,0.0036462280004343484,0.0003637550879484448,0.0002753812862770211,0.07275101758968897,15.009947397348153,0.009860188821027228,False,nan,nan,False,False
1977,9.885,0.005023464000259992,0.001317252999797347,5.900999894947745e-06,0.0005430750006780727,0.0009567189999870607,4.4903999878442846e-05,0.0037397340001916746,0.00014160710381143395,9.956966400270773e-05,0.02832142076228679,16.83039061819933,0.010657719043869083,False,nan,nan,False,False
1978,9.89,0.005172252000193112,0.0018616710003698245,9.047000276041217e-06,0.0012912149995827349,0.0012867859995822073,4.978300057700835e-05,0.0029217539995443076,0.00026148898260579137,0.00020043033599725923,0.05229779652115827,14.010371269928497,0.011239202327932046,False,nan,nan,False,False
1979,9.895,0.004899663000287546,0.0017504729994470836,8.88599970494397e-06,0.0006114339994383045,0.0012169460005679866,4.9571999625186436e-05,0.003120485000181361,0.00023394284152714964,0.00013031621817005679,0.046788568305429934,13.44063626334134,0.0039915696499357774,False,nan,nan,False,False
1980,9.9,0.004951849999997648,0.0016412489994763746,6.852999831608031e-06,0.0011328379996484728,0.0012530430003607762,4.595600057655247e-05,0.003265225999712129,0.0002021985950404418,0.00017338919540464464,0.040439719008088355,14.597661989341049,0.00395514561593039,False,nan,nan,False,False
1981,9.905,0.00498238699947251,0.0014892350000081933,6.672999916190747e-06,0.0005507300002136617,0.0010761929997897823,4.4583000089915004e-05,0.0034321279999858234,0.0004724044872410651,0.00029761291358432196,0.09448089744821302,24.10769808373521,0.0037754131820568063,False,nan,nan,False,False
1982,9.91,0.004994900999918173,0.0015544260004389798,5.940999471931718e-06,0.0011166579997734516,0.0011806880002040998,4.381199960334925e-05,0.0033725969997249194,0.0004263557461793221,0.0002659448141428822,0.08527114923586443,4.461145408429685,0.002258742069066084,False,nan,nan,False,False
1983,9.915000000000001,0.005002605000299809,0.0013396049998846138,5.9710000641644e-06,0.0005508000003828784,0.0009746630003064638,4.204800006846199e-05,0.003572890999748779,8.570572804714295e-05,6.91103357557568e-05,0.01714114560942859,16.465258293782842,0.002033275261851044,False,nan,nan,False,False
1984,9.92,0.004974872999810032,0.001341549000244413,4.718000127468258e-06,0.001087604000531428,0.000979933000053279,4.941200040775584e-05,0.003600271999857796,0.00040424258231131307,0.00029295614735103115,0.08084851646226261,17.92242590185985,0.009530868382399032,False,nan,nan,False,False
1985,9.925,0.005002574999707576,0.0012194200007797917,4.577999789034948e-06,0.0005238490002739127,0.0008733240001674858,4.263000028004171e-05,0.0037200569995547994,0.0002199051505509949,0.00017863454396960243,0.043981030110198986,12.282771406475506,0.003944762317996101,False,nan,nan,False,False
1986,9.93,0.005005040000469307,0.0012201110002934001,4.688000444730278e-06,0.0010400950004623155,0.0008658299993840046,3.247099994041491e-05,0.0037047779997010366,0.00022485012471877924,0.00019866885929475941,0.04497002494375584,12.557523050919544,0.001649993432998947,False,nan,nan,False,False
1987,9.935,0.004985552000107418,0.0012179079994893982,4.677999640989583e-06,0.0005006860001230962,0.0008707179995326442,4.179799998382805e-05,0.003733211000508163,0.0002526803379851553,0.00022235228687387046,0.05053606759703107,17.443892876747515,0.008939626165892176,False,nan,nan,False,False
1988,9.94,0.0050182049999421,0.0014736650000486406,4.918999366054777e-06,0.0016013849999580998,0.0011187019999852055,4.90120000904426e-05,0.003460822000306507,0.0002924424789190677,0.00023861503487032643,0.05848849578381354,16.889732322350007,0.004906165531622725,False,nan,nan,False,False
1989,9.945,0.0050030249994961196,0.0013160320004317327,5.390000296756625e-06,0.00044898899977852125,0.0009457690002818708,4.5124000280338805e-05,0.0036716459999297513,0.0003982402578952611,0.00036798059563780683,0.0796480515790522,20.071413070609307,0.002127990258630557,False,nan,nan,False,False
1990,9.950000000000001,0.005097744000522653,0.0016162120000444702,8.205999620258808e-06,0.001622073000362434,0.0011983200001850491,4.9932999900192954e-05,0.0032854439996299334,0.00032085247886800005,0.00023861503487032643,0.06417049577360001,19.57117129343302,0.003289456485549478,False,nan,nan,False,False
1991,9.955,0.00501019900002575,0.0016136169997480465,8.296000487462152e-06,0.00047385600009874906,0.0011595380001381272,5.015300030208891e-05,0.003270516000156931,0.0004569365558857799,0.0003900394640927729,0.091387311177156,22.749565442824437,0.002818377725205139,False,nan,nan,False,False
1992,9.96,0.004993507999643043,0.0017375190000166185,8.525999874109402e-06,0.001555449000079534,0.0013194379998822114,5.949099977442529e-05,0.0031563319998895167,0.00035233756881253184,0.00023767971576504898,0.07046751376250636,17.33116837540793,0.004076373128939986,False,nan,nan,False,False
1993,9.965,0.005003467000278761,0.0015760269998281728,8.405999324168079e-06,0.00038486999983433634,0.0011442999993960257,4.978299966751365e-05,0.0034096259996658773,0.0004032804761310742,0.00024341798849536467,0.08065609522621485,8.943083620074335,0.003741325807794366,False,nan,nan,False,False
1994,9.97,0.00509462700028962,0.0016845499994815327,8.496000191371422e-06,0.001474577000408317,0.00123466799959715,5.062499985797331e-05,0.0031109270003071288,0.0004335453512587925,0.0002699073394718532,0.08670907025175849,12.79273076126214,0.01011457698997962,False,nan,nan,False,False
1995,9.975,0.0049044110000977525,0.0015482849994441494,8.525999874109402e-06,0.00022183500004757661,0.0011043759996027802,5.0814999667636584e-05,0.0033444040000176756,0.0005663612702705685,0.00031054891230075654,0.11327225405411369,16.92654415293624,0.0072155591057160694,False,nan,nan,False,False
1996,9.98,0.005002193999644078,0.0016063539997048792,8.20500008558156e-06,0.001349353000478004,0.0011982610003542504,4.860099943471141e-05,0.003286516000116535,0.0005024003871301588,0.0003306833328864389,0.10048007742603177,12.937805311887065,0.006702434654497594,False,nan,nan,False,False
1997,9.985,0.005007894999835116,0.0017908790005094488,9.067000064533204e-06,0.00024209300045185955,0.0012271749992578407,6.928899983904557e-05,0.0030950379996284028,0.0006022818874252256,0.00034451350733788466,0.1204563774850451,12.85372569799631,0.008962229846526315,False,nan,nan,False,False
1998,9.99,0.005002695000257518,0.001758247999532614,8.9169998318539e-06,0.0013921030003984924,0.0013572589996329043,4.881099994236138e-05,0.0030694900005983072,0.0006393920217746156,0.0004706103898581837,0.1278784043549231,16.346477214484523,0.008695460479204997,False,nan,nan,False,False
1999,9.995000000000001,0.004908498999611766,0.0016535730001123738,6.842999937362038e-06,0.00015897699995548464,0.001108182999814744,0.0001810490002753795,0.0032716280002205167,0.0006681838640957141,0.0003917653136120691,0.13363677281914282,17.33767671538926,0.012151287729910414,False,nan,nan,False,False
